"sku","fnsku","asin","product-name","condition","your-price","mfn-listing-exists","mfn-fulfillable-quantity","afn-listing-exists","afn-warehouse-quantity","afn-fulfillable-quantity","afn-unsellable-quantity","afn-reserved-quantity","afn-total-quantity","per-unit-volume","afn-inbound-working-quantity","afn-inbound-shipped-quantity","afn-inbound-receiving-quantity","afn-researching-quantity","afn-reserved-future-supply","afn-future-supply-buyable","afn-fulfillable-quantity-local","afn-fulfillable-quantity-remote","afn-fc-transfer-quantity","afn-onhand-buyable-quantity","store"
"2W-HCIM-B7ST","X002IA0F9T","B0GL8HZCKJ","2 Pcs Chrome Radiator Pipe Covers 15mm, Radiator Pipe Collars Cover, Snap On Decorative Pipe Sleeve Rings for Floor Entry, Rad Valve Caps and Pipe Trims for Heating System and Central Heating Pipes","New","5.89","No",,"Yes","64","62","0","2","64","99.96","0","0","0","0","0","0","62","0","0","62",
"46-74MK-AOO4","X002IACTWF","B0GL8BYQGB","4 Pack Video Doorbell Button Replacements, Black Universal Doorbell Repair Buttons with 2 Screws, Fix Cracked Broken Buttons for Most Video Doorbells","New","6.39","No",,"Yes","7","7","0","0","37","99.96","0","30","0","0","0","0","7","0","0","7",
"JM2601001","X002HW1EFH","B0GJ5KN745","Compact Folding Hair Brush with Mirror & Vent Cushion, Portable Detangling Travel Hairbrush for Women & Girls, Painless Scalp Massage, 1.5x Magnification, Foldable Design","New","5.89","No",,"Yes","12","10","0","2","12","99.96","0","0","0","0","0","0","10","0","0","10",
"JM2601002","X002HW04M1","B0GJ5N7RZ5","Car Trim Clips 15Pcs/set Metal Retainer Clip Universal Car Front Console Dash Dashboard Trim Fastener Clip","New","5.19","No",,"Yes","30","30","0","0","58","99.96","0","28","0","0","0","0","30","0","0","30",
"JM2601003","X002HW0FCF","B0GJ5VW1F9","KSEWJP Funny Keyring Best Friends Gifts for Women Men Birthday Christmas Graduation Gifts for Friendship Female (I’ve got Your Back)","New","3.76","No",,"Yes","21","20","0","1","21","5.57","0","0","0","0","0","0","20","0","0","20",
"JM2601004","X002HW26SV","B0GJ5HM4SL","KSEWJP Gifts Keyring Birthday Christmas Father's Day Gifts for Grandad from Grandchildren If Grandad Can't Fix It, No One Can","New","3.09","No",,"Yes","0","0","0","0","0","47.36","0","0","0","0","0","0","0","0","0","0",
"JM2601005","X002HW5Z93","B0GJ5HNRMD","KSEWJP Funny Auntiesaurus Keyring, Silver Stainless Steel Keychain, Don't Mess with Auntiesaurus You'll Get Jurasskicked, Birthday Mothers Day Gifts for Auntie","New","3.49","No",,"Yes","13","13","0","0","13","99.96","0","0","0","0","0","0","13","0","0","13",
"JM2601006","X002HW3EK5","B0GJ5TXD9N","Buggy Clips. 2pcs Black Carabiner Clips. Hook Your Shopping Bags, Baby Changing or Handbag to Any Universal Pram, Stroller or Pushchair.","New","5.89","No",,"Yes","27","27","0","0","57","388.37","0","30","0","0","0","0","27","0","0","27",
"JM2601007","X002HW2CVR","B0GJ5QL2D4","Inspirational Daughter Bookmark Book Mark Daughter Gifts from Mum Dad for Birthday Christmas Graduation Leaving Be Strong Be Brave Be Beautiful Never Forget that I Love You","New","4.19","No",,"Yes","18","17","0","0","18","99.96","0","0","0","1","0","0","17","0","0","17",
"JM2601008","X002HW3BX5","B0GJ6NZLN5","Velvet Bow Hair Clip - Large Satin Ribbon Bows with Long Ribbon - Vintage Party Hair Accessories for Women & Girls - 2PCS (2Pcs Black & Red Velvet)","New","3.89","No",,"Yes","17","17","0","0","17","99.96","0","0","0","0","0","0","17","0","0","17",
"JM2601009","X002HWMSL1","B0GJ8PJRNJ","4 Pack Edge Stitch Lock & Sewing Gauge Set, 3mm/4mm Dual Size Seam Guide Ruler, Precision Measuring Tool for Quilting Sewing Crafts","New","2.19","No",,"Yes","0","0","0","0","0","99.96","0","0","0","0","0","0","0","0","0","0",
"JM2601010","X002HWNHW5","B0GJ8B2K97","KSEWJP Hamburger Simulation Cheeseburger Pendant Key Chain Key Ring Pendant Hamburger Handmade Jewelry for Hanging on Bag Key Women's Novelty Keychains Accessories, Car Keychain, Bobs Burgers Keychai","New","6.09","No",,"Yes","6","6","0","0","6","99.96","0","0","0","0","0","0","6","0","0","6",
"JM2601011","X002HWRLLD","B0GJ91F5XL","KSEWJP Engraved I Love You More Keyring, Black Stainless Steel Keychain, Romantic Anniversary Valentine Birthday Gifts for Him Her, Couples Love Gift for Boyfriend Girlfriend","New","3.19","No",,"Yes","1","1","0","0","1","22.94","0","0","0","0","0","0","1","0","0","1",
"JM2601012","X002HWQF7T","B0GJ99VL5C","60 Pcs Curtain Track Gliders Hooks, White Curtain Glider, Runners Eyes Hooks, Rod Slides Rollers, for Window, Door, Shower, Campervan, White","New","4.39","No",,"Yes","48","44","0","3","48","167.31","0","0","0","0","0","0","44","0","1","45",
"JM2601013","X002HWWPVT","B0GJ9X4JYB","2 Pcs Leopard Print Scrunchie Oversized Print Hair Scrunchie Ponytail Large Deep Leopard Hair Scrunchies for Women Girls Elastic Accessories Soft Thick Hair Ropes Bands for Girls and Women Daily Use","New","4.29","No",,"Yes","27","25","0","2","27","99.96","0","0","0","0","0","0","25","0","0","25",
"JM2601014","X002HWRGCH","B0GJ9S9KJJ","2PCS Evil Teeth and Tongue Funny Helmet Stickers, Cool Motorbike Stickers for Motorcycle, Creative and Universal Vinyl Car Decals, Removable Graphic Decals for Fuel Tank and Helmet Decoration","New","4.19","No",,"Yes","49","49","0","0","49","49.33","0","0","0","0","0","0","49","0","0","49",
"JM2601015","X002HWR03H","B0GJ9NWDK9","Gothic Bat Lipstick Holder, Portable Punk Lipstick Case with Bat Wings, Stylish Lip Balm Keychain and Lip Balm Keyring for Travel Purse Makeup Accessory, Gothic Accessory for Men and Women","New","4.49","No",,"Yes","0","0","0","0","0","99.96","0","0","0","0","0","0","0","0","0","0",
"JM2601016","X002HWOS7X","B0GJBDTB6H","KSEWJP Camera Strap or Binoculars Strap","New","4.69","No",,"Yes","34","31","0","2","34","99.96","0","0","0","1","0","0","31","0","0","31",
"JM2601017","X002HWSKNL","B0GJBKQPNZ","Plastic 150mm Vernier Calipers, Calipers Measuring Tool Sliding Measuring Device Tool Caliper Micrometer Measurement Brow for Salon Home Beauty Household DIY Jewelry Woodworking 0.5mm(Black)","New","4.89","No",,"Yes","43","40","0","2","83","106.35","0","40","0","1","0","0","40","0","0","40",
"JM2601018","X002HX1LXB","B0GJC7THWV","8PCS Dyslexia Overlay Ruler, Visual Aids Window Reading Ruler Overlays Reading Tracking Rulers Guided Reading Highlight Strips Coloured Overlay for Kids Teacher Supply Assistant","New","4.49","No",,"Yes","14","14","0","0","14","75.38","0","0","0","0","0","0","14","0","0","14",
"JM2601019","X002HXHD9H","B0GJCXYC2D","KSEWJP 1Pair of White Cotton Gloves,Gloves for Women Men,White Parade,Magician Costume,Halloween,and Mittens,Women's Novelty,Accessories","New","4.19","No",,"Yes","21","21","0","0","70","425.08","0","49","0","0","0","0","21","0","0","21",
"JM2601020","X002HXHKUJ","B0GJCQ4FFW","Shower Hose Connector, 135 ° Adjustable Elbow Adapter, Suitable for Handheld and Fixed Shower Heads, Leak Proof and Easy to Install","New","3.99","No",,"Yes","16","14","1","1","16","99.96","0","0","0","0","0","0","14","0","0","14",
"JM2601021","X002HXOAZ7","B0GJD2WB74","KSEWJP 2 Pcs Key Rings, Leather Keyrings for Women and Men, Car Keychain Rings, Leather Key Fobs Holder, Personalised Car Keys Ring Clips","New","3.59","No",,"Yes","0","0","0","0","0","99.96","0","0","0","0","0","0","0","0","0","0",
"JM2601022","X002HZOOC9","B0GJD1TS9J","2PCS Double Swivel Pram Hooks – Sturdy Pram Hook for Bags, Stroller Hooks for Easy Hanging, Sturdy Pushchair Clips for Shopping Bags Groceries and More, Convenient and Versatile for Everyday Use","New","4.19","No",,"Yes","31","16","0","0","61","99.96","0","30","0","0","0","0","16","0","15","31",
"JM2601023","X002HZLAUD","B0GJD3Z6JR","2Pcs Pill Box, Portable Pill Organiser Travel Tablet Box 7 Days Tablet Organiser with Compartments for Medication, Supplements, Vitamins, and Cod Liver Oil(Pink and Yellow)","New","3.59","No",,"Yes","14","13","0","1","14","99.96","0","0","0","0","0","0","13","0","0","13",
"JM2601024","X002HXI3KF","B0GJCZ87MJ","2 Pcs Adjustable Backpack Chest Strap Quick Release Back Pack Chest Strap 40 cm Heavy Duty Rucksack Straps with Buckle Replacement Backpack Sternum Straps for Kid and Adult Hiking Jogging Biking Grey","New","4.79","No",,"Yes","16","14","0","1","46","99.96","0","30","0","1","0","0","14","0","0","14",
"JM2601025","X002HXPAKV","B0GJD3VSRY","Silly Goose Bookmark Book Lover Gifts Funny Reading Accessories Club Gifts for Reading Women Men Teacher Student","New","3.99","No",,"Yes","31","29","0","1","31","99.96","0","0","0","1","0","0","29","0","0","29",
"JM2601026","X002HXR905","B0GJCWLGJ2","Hair Brush, Foldable Mini Boar Bristle Travel Hair Brush for Women and Men, Small Mini Compact Hairbrush Pocket Size Comb for Any Hairstyles, Restore Hair Shine, Beard Brush","New","4.89","No",,"Yes","54","54","0","0","54","99.96","0","0","0","0","0","0","54","0","0","54",
"JM2601027","X002HXJYDP","B0GJD451CC","KSEWJP 18mm Black Resin Watch Strap Replacement for F-91, Includes Fork Tool, Pin Punch and Spring Bars, Durable and Comfortable Design","New","4.39","No",,"Yes","47","47","0","0","47","87.02","0","0","0","0","0","0","47","0","0","47",
"JM2601028","X002HXYRQ9","B0GJDLQLLC","KSEWJP Travel Turtle Keyring, Travel Turtle Gifts, Lucky Turtle Gifts for Women and Men, Good Lucky Gifts for Family Friends","New","3.39","No",,"Yes","0","0","0","0","0","99.96","0","0","0","0","0","0","0","0","0","0",
"JM2601029","X002HXYY35","B0GJDH7LTQ","2PCS Texture Comb, Volumizing Wide-Tooth Hair Styling Comb, Wide Tooth Detanglers, Root Volumizing Tool, Seamless Design, Smooth Styling for Volume and Grooming Accessory Covering Bangs Hairdressing","New","4.39","No",,"Yes","29","28","0","1","29","819.52","0","0","0","0","0","0","28","0","0","28",
"JM2601030","X002HY7GR5","B0GJDMDPRH","6 Piece Lampshade Reducer Ring E27 Screw Collar Ring, E27 Lamp Shade Adaptor Rings Light Shade Reducer Rings, Lampshade Converter for Ceiling Lights White Small Screw Lamp Shades White","New","4.19","No",,"Yes","33","33","0","0","33","411.64","0","0","0","0","0","0","33","0","0","33",
"JM2601031","X002HY850H","B0GJDJBYHV","KSEWJP 2Pcs Ball Stand, Display Stand, Exercise Ball Chair Stand Base, Sport Ball Display Rack, Soccer Display Stand Holder, Stability for Basketball Football Volleyball, Crystal","New","6.79","No",,"Yes","19","19","0","0","59","99.96","0","40","0","0","0","0","19","0","0","19",
"JM2601033","X002HYJIKD","B0GJJZRC5W","Facial Massage Brush with Storage Box, Ergonomic Face Massager for Chin Jawline, Gentle Facial Brush for Smoother Skin, Reducing the Appearance of Puffiness","New","5.09","No",,"Yes","0","0","0","0","0","99.96","0","0","0","0","0","0","0","0","0","0",
"JM2601034","X002HY11WV","B0GJF8CBYZ","KSEWJP 6 Pieces Stainless Steel Money Clip, Metal Slim Money Clips Portable Silver Cash Clips Sturdy Banknote Clip Wallet Bill Holder for Credit Card Receipts","New","4.49","No",,"Yes","35","35","0","0","35","99.96","0","0","0","0","0","0","35","0","0","35",
"JM2601035","X002HYBWSJ","B0GJF3CP95","10Pcs No Smoking Signs, No Smoking or Vaping Signs Vinyl Self-Adhesive Stickers, Waterproof Transparent Anti-Smoking Stickers for Vehicles Office Restaurant Public Places Windows Doors","New","4.19","No",,"Yes","9","9","0","0","39","99.96","0","30","0","0","0","0","9","0","0","9",
"JM2601038","X002HY5H2V","B0GJF5F7MZ","KSEWJP 1 PCS Chiffon Scarf, Square Red Polka Dot Bandana Head Scarf, Polka Dot Scarf Bandanas for Women, Suitable for Women Girls as Head Scarf Neck Scarf Marriage Valentine Accessory Classic Hair","New","4.09","No",,"Yes","9","9","0","0","29","635.98","0","20","0","0","0","0","9","0","0","9",
"JM2601039","X002HXW5Z9","B0GJFJ4H4V","Texture Volumizing Comb, Incremental Wide Tooth Styling Comb for Root Lift Long Lasting Volume, Unisex Hair Brush for All Hair Types","New","4.09","No",,"Yes","29","27","0","2","29","99.96","0","0","0","0","0","0","27","0","0","27",
"JM2601040","X002HYMEXL","B0GJLSGXR7","KSEWJP High Temperature Polyimide Tape 10mm x 33m, Heat Resistant Tape, Heat Resistant Brown Adhesive Tape for Electrical Insulation, PCB Protection, and High-Temperature Applications, No Residue","New","4.29","No",,"Yes","26","25","0","1","26","99.96","0","0","0","0","0","0","25","0","0","25",
"JM2601041","X002HXMPVX","B0GJFJM7VV","5D Embossed Gemstone Nail Stickers Gold Nail Art Stickers with Mace Design Self-Adhesive Manicure Decorations for Women's Nail Supplies","New","4.49","No",,"Yes","32","32","0","0","32","99.96","0","0","0","0","0","0","32","0","0","32",
"JM2601042","X002HY5LZJ","B0GJFJ2DY7","4Pcs Travel Shoe Bag Shoe Storage Bag with Clear Window Drawstring Shoes Bags for Packing in Suitcase Shoes Pouch for Men Women","New","3.99","No",,"Yes","0","0","0","0","0","1901.06","0","0","0","0","0","0","0","0","0","0",
"JM2601043","X002HYUWBH","B0GJLS967Z","4PCS Spiral Hair Ties Set - Heart Design Telephone Wire Hair Bands, No Damage Elastic Coil Scrunchies for Women & Girls, Ponytail Holders for Wedding Birthday Party Daily Hair Accessories","New","4.49","No",,"Yes","0","0","0","0","138","99.96","0","138","0","0","0","0","0","0","0","0",
"JM2601044","X002HY1IB5","B0GJFKD31J","2Pcs Double Head Alligator Clip with Flexible Design, Metal Wire Clamp Clips for Desk Use, Adjustable Dual Clamp Holder Works as Photo Display Card Holder or Mosquito Coil Stand Tool","New","4.09","No",,"Yes","0","0","0","0","0","194.02","0","0","0","0","0","0","0","0","0","0",
"JM2601045","X002HY2VLB","B0GJFJ43R1","KSEWJP 2 Pair Sunbed Goggles Eye Protection, Protective Goggles for Red Light, Beauty Glasses with Adjustable Elastic Strap, Safety Glasses for Tanning Use, Sunbathing IPL LED Light Process","New","4.39","No",,"Yes","31","30","0","1","31","99.96","0","0","0","0","0","0","30","0","0","30",
"JM2601046","X002HYBT9V","B0GJFRWR63","4 Pack Square Headband for Women Glasses Wearers, Non Slip Zigzag Hair Bands for Medium Thick Hair, Comfortable No Pressure Head Band with Teeth","New","7.39","No",,"Yes","34","31","0","1","34","1251.32","0","0","0","0","0","0","31","0","2","33",
"JM2601047","X002HY1ELJ","B0GJFL1LFK","KSEWJP 140cm Waterproof Oxford Cloth Fishing Rod Bag Cover Fishing Tackle Storage Bag Portable and Lightweight for Outdoor Fishing(Black)","New","6.29","No",,"Yes","100","40","0","2","100","1085.64","0","0","0","0","0","0","40","0","58","98",
"JM2601048","X002HYRDRD","B0GJLG39TD","2026 Calendar Tab Stickers: 1-12 Monthly Calendar Index Tabs Monthly Stickers for Notebooks, Journals, Planners,scrapbooks","New","4.99","No",,"Yes","0","0","0","0","0","99.96","0","0","0","0","0","0","0","0","0","0",
"JM2601049","X002HYMN1J","B0GJLGJB1D","Medicine Travel Toiletry Bag for Women Men,Canvas Cosmetic Bag, Zipper Canvas Bag, Pen Case,Funny Medicine Organiser Pouch Travel Medical Kit,Med Organiser Pouch with Zipper","New","4.59","No",,"Yes","19","19","0","0","39","284.97","0","20","0","0","0","0","19","0","0","19",
"JM2601050","X002HZ7RN7","B0GJLJCKJ4","Pill Boxes 7 Day 1 Times A Day, Travel Pill Box Medication Organizer Weekly 7 Day Supplement Organiser Daily Medicine Organiser Portable Medicine Case for Vitamins, Daily Pills and Supplements Green","New","5.99","No",,"Yes","24","24","0","0","24","513.57","0","0","0","0","0","0","24","0","0","24",
"JM2601051","X002HYRPL7","B0GJLKV98Q","White Curtain Track Gliders Hooks Curtain Rail Slider Hooks Rollers Runners Eyes Hooks for Window Door Curtains Slim Pack","New","5.26","No",,"Yes","23","22","0","1","23","99.96","0","0","0","0","0","0","22","0","0","22",
"JM2601052","X002HZ7LR9","B0GJPXSSDZ","6 PCS Sisal Soap Bag with Drawstring Natural Soap Saver Pouch for Shower Bath","New","4.99","No",,"Yes","45","43","0","2","45","99.96","0","0","0","0","0","0","43","0","0","43",
"JM2601053","X002HZH66P","B0GJQN4HHW","2pcs Central Thermostat Cover Panel Switch Protection Box Plastic Cover Protector Easy Install Black","New","7.79","No",,"Yes","37","37","0","0","37","99.96","0","0","0","0","0","0","37","0","0","37",
"JM2601054","X002HZC0LB","B0GJQ3M3SR","Portable Door Lock for Travel & Home Security - Extra Safety Lock for Hotels, Bedrooms, Apartments & Schools - Easy to Install Anti-Theft Device from Inside","New","5.99","No",,"Yes","64","64","0","0","64","496.04","0","0","0","0","0","0","64","0","0","64",
"JM2601055","X002HZBYEP","B0GJQKVZP9","KSEWJP Silver Inspirational Keychain, Engraved Motivational Key Ring, Birthday Graduation Friendship Gift for Men Women Family Friends","New","3.19","No",,"Yes","1","0","0","0","1","99.96","0","0","0","1","0","0","0","0","0","0",
"JM2601056","X002HZKVFX","B0GJR7VKK5","Universal Brake Clutch Slave Master Cylinder Pipe Connector Joint Clip Seal Gasket Repair Kit, 1K0798741","New","4.89","No",,"Yes","31","29","0","2","31","7.05","0","0","0","0","0","0","29","0","0","29",
"JM2601057","X002HZC5GL","B0GJQM9GJN","Love Laughter And Happily Ever After Banner, Pre-Strung Champagne Gold Wedding Garland with Heart and Diamond Ring Pattern Cards for Engagement Wedding Party Bridal Shower Decor","New","3.89","No",,"Yes","4","4","0","0","4","504.89","0","0","0","0","0","0","4","0","0","4",
"JM2601058","X002HZG675","B0GJQH4T9V","KSEWJP 20 pc On Hooks, Self Adhesive Hooks Extra Strong, Sticky Hooks for Hanging, Wall Hooks Stick On, 3.8 x 2.8 cm","New","3.99","No",,"Yes","0","0","0","0","0","99.96","0","0","0","0","0","0","0","0","0","0",
"JM2601059","X002HZ7NHH","B0GJQ9PJ5W","KSEWJP No Buckle Belt for Men Women Buckle-free Elastic Stretch Invisible Adjustable Jeans Pants Stretch Black Waist Belt","New","4.29","No",,"Yes","12","12","0","0","12","99.96","0","0","0","0","0","0","12","0","0","12",
"JM2601060","X002HZC07F","B0GJQZ6P76","2pcs Guitar Pick Keychain Holder, PU Leather Guitar Pick Holder Keychain Bag Plectrum Keychain Case for Guitar Players (Black, Brown)","New","3.99","No",,"Yes","30","11","0","1","119","99.96","0","89","0","0","0","0","11","0","18","29",
"JM2601061","X002HZHZBB","B0GJRDPS3V","Spark Plug Cap Replace for NGK 8070/LD05FP, 90° Fit for 10mm &12mm Thread Spark Plugs without nut","New","5.59","No",,"Yes","52","51","0","1","52","99.96","0","0","0","0","0","0","51","0","0","51",
"JM2603003","X002J3G25V","B0GRDZ8KK7","Card Vault - Police Accredited RFID Blocking Credit Card Holder - Slim Metal Pop-Up Wallet with Cash Pouch - Solid Aluminium Design","New","4.89","No",,"Yes","27","26","0","1","27","99.96","0","0","0","0","0","0","26","0","0","26",
"JM2603006","X002J3NE8T","B0GRFZNSB7","Women Skinny Leather Belt Classic Solid Color Alloy Turn Lock Ladies Adjustable Leather Belt Slim Thin Waist Belt（White）","New","6.19","No",,"Yes","24","21","0","3","24","246.46","0","0","0","0","0","0","21","0","0","21",
"JM2603008","X002J3I079","B0GRFY1R2D","Replacement Clothing Clips (3-Pack) for The Hydrant, Maternity and Sports Hydration Bladders. Keep Your Drinking Tube Securely Attached","New","6.49","No",,"Yes","75","64","0","0","75","99.96","0","0","0","2","0","0","64","0","9","73",
"JM2603009","X002J3K8BZ","B0GRFW44P5","4-Pack Self-Adhesive Power Strip Holders - No-Drill Wall Mount Fixators with Easy Install Sliding Design - for Home, Office, Kitchen - Secure Cable Management Solution","New","4.19","No",,"Yes","26","25","0","1","26","99.96","0","0","0","0","0","0","25","0","0","25",
"JM2603010","X002J3NHM7","B0GRG5BCWF","Fuel Cap Retaining Strap 1 Parts Fuel Tank Cap Line Wire Tether Ring Replacement For Jaguar XF 2008 to 2015","New","5.79","No",,"Yes","23","23","0","0","43","99.96","0","20","0","0","0","0","23","0","0","23",
"JM2603011","X002J3PIL5","B0GRG9XX3F","Scrunchies, 4 PCS Black Premium Satin Hair Ties for Women, Friendly Luxurious Elastics Hair Bands, Ponytail Holders, Versatile Accessory","New","3.59","No",,"Yes","30","26","0","4","30","99.96","0","0","0","0","0","0","26","0","0","26",
"JM2603012","X002J3GRUL","B0GRGKPGJW","50 Sheets 3D Paper Cats Origami Kit, DIY Folding Craft Set with Step-by-Step Instructions, Desk Decor for Adults Cat Lovers","New","4.39","No",,"Yes","28","28","0","0","28","99.96","0","0","0","0","0","0","28","0","0","28",
"JM2603013","X002J3QER7","B0GRGBZCLZ","Vintage Bow Gold Ribbon Bow Badge Filigree Knot Brooch Metal Bowknot Lapel Pin Dress Coat Brooch Pin Jewelry for Women","New","6.79","No",,"Yes","49","46","0","3","49","99.96","0","0","0","0","0","0","46","0","0","46",
"JM2603015","X002J3RMNH","B0GRGNZCFF","10Pcs Hair Combs Slides for Women Small Metal 1.6 Inch Five Tooth Side Hair Combs Secure Hold Mini Insert Headdress for Wedding and Daily Use","New","5.08","No",,"Yes","27","26","0","1","27","99.96","0","0","0","0","0","0","26","0","0","26",
"JM2603016","X002J3VE2R","B0GRGQR5BW","2 pcs Black Plastic Bracket Headlight Mounting Clip Compatible with Volkswagen VW POLO V (6R1, 6C1) [2009-2018] 6R0941511","New","7.52","No",,"Yes","53","43","0","2","53","99.96","0","0","0","0","0","0","43","0","8","51",
"JM2603017","X002J4H777","B0GRLCFFGQ","Oval Sunglasses for Women, Retro, Cat Eye, 90s, Trendy Thin Sunglasses, UV Protection for Women, Black Frame + Black Lens","New","4.59","No",,"Yes","20","20","0","0","20","99.96","0","0","0","0","0","0","20","0","0","20",
"JM2603018","X002J3YE0L","B0GRH45LNJ","Blue Light Blocking Glasses Clear Lens Vintage Metal Frame Eyeglasses Anti Glare Glasses for Work, Playing Games, Playing","New","4.79","No",,"Yes","18","18","0","0","48","99.96","0","30","0","0","0","0","18","0","0","18",
"JM2603019","X002J3VLCF","B0GRGSP7RF","10Pcs Wall Mount Box Repair Tool Secret Stash for 86mm Wall Outlet Switch Cassette Repairer Support Rod Electrician Accessories Switch Cassette Repairer","New","7.39","No",,"Yes","51","50","0","1","51","99.96","0","0","0","0","0","0","50","0","0","50",
"JM2603020","X002J3IUEH","B0GRGV9R46","8.07 Inch Soup Ladle Small Ladle Silver Small Gravy 18/10 Stainless Steel Sauce Ladles Gravy Ladles for Spooning Sauces or Gravies","New","5.59","No",,"Yes","42","41","0","1","42","785.6","0","0","0","0","0","0","41","0","0","41",
"JM2603021","X002J3W287","B0GRGZVSN9","1 Set Adjustable Silent Roller Catch, Heavy Duty Door Ball Catch with Strike Plate for Closet Door, Silvery","New","7.59","No",,"Yes","59","57","1","1","59","99.96","0","0","0","0","0","0","57","0","0","57",
"JM2603022","X002J3OE1F","B0GRGV9M2F","18 Pcs Hair Clips for Women - Claw Clips for Thick, Large, Small, Mini - Black Hair Accessories for Women and Girls","New","6.79","No",,"Yes","49","48","0","1","49","99.96","0","0","0","0","0","0","48","0","0","48",
"JM2603023","X002J3HMDR","B0GRGTFWT3","10 Pcs Gold Hairs Parting Retro Punk Hair Selecting Tools Gothic Nail Finger Cosplay Claws Metal Full Finger Ring for Braiding Curling Styling Hair Extensions Accessories","New","4.99","No",,"Yes","55","53","0","1","55","99.96","0","0","0","1","0","0","53","0","0","53",
"JM2603024","X002J3HSY5","B0GRH1JPR6","2Pcs Fish for Tank Mounting Clip Water Pipe Hose Holder Multifunction Clamp for 0.31""""-0.62"""" Dia Tub Tube Holder, Aquarium Air Pump Accessories Aquarium Pumps and Filters (Black)","New","5.29","No",,"Yes","31","30","0","1","31","99.96","0","0","0","0","0","0","30","0","0","30",
"JM2603025","X002J41359","B0GRGYGWN9","8Pcs Elastic Waist Extenders for Pants, Adjustable Waistband Expander Set Elastic Button Extender for Pants Jeans Trousers, Men Women 4 Colors","New","6.29","No",,"Yes","125","121","0","4","125","119.46","0","0","0","0","0","0","121","0","0","121",
"JM2603026","X002J3U89H","B0GRGZS2SS","Universal Brake Clutch Slave Master Cylinder Pipe Connector Joint Clip Seal Gasket Repair Kit, Clutch Master Cylinder Gasket Seal Repair Kit, 1K0798741 02F141143A","New","6.89","No",,"Yes","47","47","0","0","47","99.96","0","0","0","0","0","0","47","0","0","47",
"JM2603027","X002J3U9D7","B0GRGQKMDV","2 Pack Red Rose Flower Straw Covers, 10mm Silicone Straw Toppers, Dust Proof Plugs for 30&40 Oz Reusable Tumbler Straws Accessories","New","4.39","No",,"Yes","27","27","0","0","27","99.96","0","0","0","0","0","0","27","0","0","27",
"JM2603029","X002J3ONLL","B0GRHD13Y1","Adjustable Shoulder Strap, Comfortable Quick Release Neck Strap Lanyard for iPad, Tablet Case Camera Binocular Crossbody Laptop Luggage Bag, Black, Medium","New","6.19","No",,"Yes","35","34","0","1","35","325.61","0","0","0","0","0","0","34","0","0","34",
"JM2603030","X002J3Z7QB","B0GRH6VRH8","Donut-Shaped Toilet Button Pusher Self-Adhesive Toilet Tank Press Button Bathroom Hygiene Tool for Long Nail Protection Pack of 4","New","6.99","No",,"Yes","45","45","0","0","45","99.96","0","0","0","0","0","0","45","0","0","45",
"JM2603031","X002J3ORFD","B0GRGX4LTB","2Pcs Banana Toothbrush Head Covers, Portable Travel Essentials Toothbrush Protector Cap with Toothpaste Case, Reusable Fruit Design Organizer for Electric & Manual Toothbrushes","New","5.59","No",,"Yes","45","43","0","2","45","99.96","0","0","0","0","0","0","43","0","0","43",
"JM2603032","X002J3OWQH","B0GRH4GMGH","Silicone Lids, 2-Pack Reusable Can Lids & Food Covers with Straws for Tins, BPA-Free Drink Covers Anti-Spill for Standard Soda/Beer/Juice Cans, Includes Straw Cover","New","6.39","No",,"Yes","17","17","0","0","46","99.96","0","29","0","0","0","0","17","0","0","17",
"JM2603033","X002J415DT","B0GRH3TC6T","10 Pack M6x16mm Pedal Mounting Screws, Grade 12.9 Alloy Steel Hex Socket Head Bolts, Left Hand Thread for Bicycle Foot Pedals","New","4.99","No",,"Yes","29","29","0","0","29","99.96","0","0","0","0","0","0","29","0","0","29",
"JM2603034","X002J41TWB","B0GRH3WXY1","3 in 1 Silicone Can Spatula, Jar Scraper Jam Spreader with Can Opener End, Food Grade Kitchen Baking Tool for Sauces Condiments Butter","New","7.39","No",,"Yes","23","23","0","0","23","99.96","0","0","0","0","0","0","23","0","0","23",
"JM2603035","X002J4E6HB","B0GRL24DKG","Pencil Case with,Pencil Case with,The Cartoon Bag is Small and Cute and Can Be Used As A Cosmetic Bag, Purse","New","6.09","No",,"Yes","0","0","0","0","0","99.96","0","0","0","0","0","0","0","0","0","0",
"JM2603036","X002J40JL3","B0GRH12RNX","Motorcycle Fuel Tank Protection Pad, 3D Fuel Tank Anti Slip And Wear-resistant Pad, Suitable For Motorcycle Protection Accessories For Male And Female Riders","New","6.39","No",,"Yes","24","24","0","0","24","268.26","0","0","0","0","0","0","24","0","0","24",
"JM2603037","X002J3YW0X","B0GRGW8WDQ","Gold Buttons for Blazer, 5Pcs 23x22mm Vintage Alloy, Polished Mirror Finish Irregular Pattern - Replacement Buttons for Coat, Cardigan, Jeans, Trousers, DIY Sewing","New","5.59","No",,"Yes","50","45","0","5","50","99.96","0","0","0","0","0","0","45","0","0","45",
"JM2603038","X002J3U1XZ","B0GRGLJMQ5","Gel Nail Stickers Flower French Tip Semi Cured Gel Nail Strips Wraps UV/LED Nails Art Design Decoration Accessories","New","4.99","No",,"Yes","8","8","0","0","8","99.96","0","0","0","0","0","0","8","0","0","8",
"JM2603039","X002J40WGZ","B0GRH1TWX1","2Pcs M8 x 16mm Hex Flange Bolts, 10.9 Grade Carbon Steel Hex Head Screws, Flanged Hexagon Bolts for Construction, Machine Tools, and DIY Projects Black","New","4.69","No",,"Yes","23","21","0","1","23","99.96","0","0","0","1","0","0","21","0","0","21",
"JM2603040","X002J40TOF","B0GRGWC1ZF","8Pcs White Flower Plunger Cookie Cutter DIY Blossom Flower Cake Fondant Mold Plastic Cake Decorating Tools Baking Accessories Cookie Cutters for Baking Plastic, Dessert and Candy Sculpting Tools","New","6.59","No",,"Yes","79","79","0","0","79","99.96","0","0","0","0","0","0","79","0","0","79",
"JM2603041","X002J3W7D7","B0GRGQWMRC","Light Plasticity Plastic S-Clip Fasteners Carabiner Snap Hooks,for Camping And Hiking 49.5mm X 23.5mm X 5mm","New","4.19","No",,"Yes","28","24","0","4","28","99.96","0","0","0","0","0","0","24","0","0","24",
"JM2603043","X002J3XV1J","B0GRGR2QWK","4Pcs Non-Slip Banana Hair Clips for Fine Hair - Strong Grip Double Comb Clips for Women & Girls, Thick Hair Friendly Hair Accessories, Perfect for Everyday & Wedding Styles","New","6.29","No",,"Yes","67","67","0","0","67","99.96","0","0","0","0","0","0","67","0","0","67",
"JM2603044","X002J3IUFB","B0GRGXZ96T","Mens RFID Blocking Wallets Carbon Fiber Leather Slim Bifold Wallet with 10 Credit Card Slots, 2 ID Windows, 2 Cash Compartments,Black","New","5.29","No",,"Yes","11","10","0","1","11","99.96","0","0","0","0","0","0","10","0","0","10",
"JM2603045","X002J40GCP","B0GRGXCYPJ","Luggage Tag Rack [4-Pack] - Waterproof and Durable, Equipped with Steel Hooks, is A Must-Have Item for Cruise Ships","New","7.19","No",,"Yes","28","27","0","0","28","99.96","0","0","0","1","0","0","27","0","0","27",
"JM2603046","X002J401RZ","B0GRGRL226","Compact Stainless Steel Ginger Garlic Grater, 9.5cm×5cm Mini Tabletop Grater, Sharp Metal for Wasabi Spices Citrus Zest Chocolate Cheese","New","5.79","No",,"Yes","28","28","0","0","28","99.96","0","0","0","0","0","0","28","0","0","28",
"JM2603047","X002J3HLID","B0GRGFSKB5","2-Pack Transparent Plastic Wallet Inserts for Credit Cards - Durable PVC Card Holder with 10 Pages 20 Slots & 10 Pages 10 Slots,for ID, Membership & Credit Cards","New","4.49","No",,"Yes","34","29","0","0","34","99.96","0","0","0","1","0","0","29","0","4","33",
"JM2603048","X002J3T0AZ","B0GRGMFZT2","1000Pcs/Lot Silver Staples Mini Metal Staples No.10-1M Stationary No.10 Binding Stapler Office Binding Supplies Student Stationary School Supplies,Desktop Staplers Manual Staplers","New","6.50","No",,"Yes","52","52","0","0","92","99.96","0","40","0","0","0","0","52","0","0","52",
"JM2603049","X002J3HG3N","B0GRGF1WDF","Brake Pads for E-Bike Disc Brakes | Copper-Kevlar Hybrid | 26x20mm (32.5mm Ear) | For All Bicycle Calipers |","New","6.19","No",,"Yes","19","18","0","1","89","99.96","0","70","0","0","0","0","18","0","0","18",
"JM2603050","X002J3SUFB","B0GRGLFZ8L","16x24 Heat-Resistant Ironing Mesh Pad - No Melt Scorch-Proof Fabric Protection for Home and Professional Ironing, Durable Pressing Cloth with Non-Stick Surface (Random Color)","New","5.39","No",,"Yes","33","33","0","0","33","99.96","0","0","0","0","0","0","33","0","0","33",
"JM2603051","X002J3T771","B0GRGGSPFY","Dish Brush Kitchen Cleaning Brush Bottle Brush Bathroom Scrub Brushes Sink Household Pot Pan Edge Corners Tile Lines Brush With Stiff Bristles","New","6.09","No",,"Yes","25","24","0","1","25","999.94","0","0","0","0","0","0","24","0","0","24",
"JM2603052","X002J3QI7D","B0GRGCY2G1","Unisex Chef Hats Adjustable Caps with Breathable Mesh Top for Kitchen Cooking Professional Catering Chefs Hat Black","New","6.19","No",,"Yes","44","44","0","0","44","99.96","0","0","0","0","0","0","44","0","0","44",
"JM2603053","X002J3H9Z3","B0GRGB5WZP","Elegant Blue Floral Pearl Hair Pins for Women – Delicate Crystal Flower Bridal Hair Accessories, Handmade U-Shaped Clips for Bridesmaids, Weddings, Proms & Special Occasions","New","8.19","No",,"Yes","102","89","2","2","202","61.29","0","100","0","0","0","0","89","0","9","98",
"JM2603054","X002J3PNZL","B0GRGCB86P","4 Pcs Pink Hair Rollers with Clip,Portable Hairs Volume Clip,Volumizing Hair Root Clips,Bangs Curler DIY Hairs,Styling Accessories,Self Grip Volume Hair Root,Rollers,Styling Tools and Appliances","New","5.59","No",,"Yes","52","51","0","1","52","99.96","0","0","0","0","0","0","51","0","0","51",
"JM2603055","X002J3MBB5","B0GRG9QK89","2 Pieces of Interesting Tea Infusers, Creative Tea Infusers, Silicone,Filters","New","7.19","No",,"Yes","46","44","0","2","46","99.96","0","0","0","0","0","0","44","0","0","44",
"JM2603056","X002J3GSJ1","B0GRG8317B","Funny Cable Storage Bag for Tech Accessories Plugs Charging Cables Organiser Pouch for Women Men Funny Tech Gifts for Best Friend Canvas Electronics Storage Pouch for Travel Home","New","5.59","No",,"Yes","28","28","0","0","28","99.96","0","0","0","0","0","0","28","0","0","28",
"JM2603058","X002JBTP7F","B0GSJJYRS5","Deshedding brush for dogs, cats, horses & pets. Professional pet comb brushes for grooming for short to long hair undercoat rake brush. Reduces shedding","New","5.99","No",,"Yes","88","79","0","9","88","99.96","0","0","0","0","0","0","79","0","0","79",
"JM2603059","X002JDKR57","B0GSQT3K1Z","Shit Just Got Real Banner Gold Glitter Garland for Bachelorette Party Wedding Engagement Bridal Shower Party Decorations","New","4.79","No",,"Yes","29","24","0","5","29","99.96","0","0","0","0","0","0","24","0","0","24",
"JM2603061","X002JDLZL7","B0GSR6TJWC","2Pieces Tartan Bow Knot Hair Clips Scottish Bow Hair Barrettes Elegant Festive Accessories for Girls Women","New","5.69","No",,"Yes","61","57","0","4","61","99.96","0","0","0","0","0","0","57","0","0","57",
"JM2603062","X002JDIJX9","B0GSR7DCDR","Travel Folding Boar Bristle Brush - Collapsible Anti-Static Pocket Hair Styling Tool for Women and Men","New","6.09","No",,"Yes","81","81","0","0","81","99.96","0","0","0","0","0","0","81","0","0","81",
"JM2603063","X002JE3U3H","B0GSV9WT12","KSEWJP Bra Extender 7 Hook Bra Extender Strap Extenders 4pcs Extension Kit for Women Bustiers Shapewear Waist Cincher Plus Size","New","5.29","No",,"Yes","41","39","0","2","41","99.96","0","0","0","0","0","0","39","0","0","39",
"JM2603064","X002JE7HZJ","B0GSV9S63J","KSEWJP Red Retro Round Steampunk Sunglasses, Vintage Circle Frame, Unisex Cool Eyewear Gifts for Men and Women","New","5.09","No",,"Yes","54","54","0","0","54","99.96","0","0","0","0","0","0","54","0","0","54",
"JM2603065","X002JE6K8T","B0GSVCWKK8","Rhinestones Butterfly Gold Metal Hair Claw Clips Large Accessories Hair Barrettes Clips for Women Strong Hold Flower Clamps","New","4.89","No",,"Yes","21","19","0","2","21","99.96","0","0","0","0","0","0","19","0","0","19",
"JM2603066","X002JEAVM5","B0GSVF1XBK","Black Lock Holder,for Bicycle Holder SupportWire Cable Lock Universal Bike Frame U FixedCycling Parts for MTB Accessories Cable","New","6.49","No",,"Yes","44","41","0","2","134","99.96","0","90","0","1","0","0","41","0","0","41",
"JM2603068","X002JECW5J","B0GSVRX4TV","Retractable Measuring 4-Pack: Dual-Sided 150cm/60inch Soft Tape Measure for Sewing Tailor Craft Measurement - Portable Fabric Tape for Clothing DIY Body Measurement Chest Waist","New","5.19","No",,"Yes","30","27","0","3","30","99.96","0","0","0","0","0","0","27","0","0","27",
"JM2603069","X002JEEVP3","B0GSVLLDRY","10pcs 10cm Metal Internal Flex Frames Handbag Hinges Spring Clip Bag for DIY Craft Coin Purse Bag Sewing Making","New","4.99","No",,"Yes","25","25","0","0","25","99.96","0","0","0","0","0","0","25","0","0","25",
"JM2603070","X002JEEE3H","B0GSVHZKLN","Ultra-Petite Satin Scrunchies for Women - Softer Than Silk Scrunchies | Hair Ties No Damage for Frizz-Free Sleep | Perfect for Day or Night | Ideal Gifts for Women - Eucalyptus, 6 pcs","New","5.79","No",,"Yes","30","30","0","0","30","99.96","0","0","0","0","0","0","30","0","0","30",
"JM2603071","X002JEGDMR","B0GSVML7V4","KSEWJP Case for iPhone 14 Pro 6.1-Inch, Non-Yellowing Shockproof Phone Bumper Cover, Anti-Scratch Clear Back (Clear)","New","5.19","No",,"Yes","30","27","0","3","30","99.96","0","0","0","0","0","0","27","0","0","27",
"JM2603072","X002JEFHKB","B0GSVPQT88","False Eyelashes Natural Cosplay Lashes Doll Anime Japanese Faux Mink Pack Spiky Manga Fake Eyelashes Wispy Long Thick Ruffle Fake Eye Lashes 5 Pairs","New","5.48","No",,"Yes","20","18","0","2","20","99.96","0","0","0","0","0","0","18","0","0","18",
"JM2603073","X002JEKHWJ","B0GSVY1W7X","KSEWJP Blue Light Blocking Glasses Computer Reading Glasses Retro Eyeglasses Frame Anti UV Transparent Lens Anti Eye Fatigue Lightweight Fashion Professional Unisex for Smartphone Screens Computer TV","New","4.39","No",,"Yes","30","27","0","3","30","99.96","0","0","0","0","0","0","27","0","0","27",
"JM2603074","X002JEJ7BV","B0GSVWGDHQ","Eyelash Comb Separator Mascara Applicator Eyelash Definer With Comb Cover Arc Designed Cosmetic Brushes Tool Black","New","5.59","No",,"Yes","26","24","0","2","26","99.96","0","0","0","0","0","0","24","0","0","24",
"JM2603075","X002JEHATH","B0GSVY8YBK","KSEWJP Blue Light Womens, Oversized Square Blue Light Glasses for Women, Brown Tortoiseshell Reading, Computer Glasses Thick Frame Anti Eyestrain Headache For Reading, Texting & Gaming","New","4.99","No",,"Yes","28","24","0","4","28","99.96","0","0","0","0","0","0","24","0","0","24",
"JM2603076","X002JELODF","B0GSVZSSDY","Fishing Knot Tying Tool, Accessories for Tying Line to Hooks, Tackle for Sea, Carp & Fly Fishing, Cover Hook on Rod, Gifts for Men, Christmas Stocking Fillers","New","5.29","No",,"Yes","22","22","0","0","22","99.96","0","0","0","0","0","0","22","0","0","22",
"JM2603078","X002JEK6M5","B0GSVY2L7R","Red Bow - Large Bowknot Hair Clip for Women, Satin Silky Ribbons with Long Tail, French Barrette Hair Accessory for Girls Ponytail Holder","New","4.39","No",,"Yes","25","24","0","1","25","99.96","0","0","0","0","0","0","24","0","0","24",
"JM2603079","X002JEL11P","B0GSVYTKNH","KSEWJP 20 mm Silicone Watch Strap for Samsung Watch 7 40 44 mm/5 Pro 45 mm/6 40 mm 44/6 Classic 43 47/4 - Sports Bracelets","New","4.79","No",,"Yes","30","30","0","0","30","99.96","0","0","0","0","0","0","30","0","0","30",
"JM2603080","X002JEKSVJ","B0GSVT67Z1","4 PCs Anti-Slip Heel Grips, Thick Liners & Fillers for Half-Size Too Big or Loose Shoes, Cushion Inserts, Pads to Prevent Heel Slipping Out, Rubbing and Blisters (Black,6mm)","New","4.29","No",,"Yes","19","17","0","2","19","99.96","0","0","0","0","0","0","17","0","0","17",
"JM2603081","X002JEPEIB","B0GSW3HHJF","24Pcs Almond False Nails - Black Edge Press on with 3D star - Fake Nails with Glue - Acrylic Full Cover Artificial Fake for Women and Girls","New","3.89","No",,"Yes","27","26","0","1","27","99.96","0","0","0","0","0","0","26","0","0","26",
"JM2603082","X002JEPJI1","B0GSW5F5H3","French Tip False Nails with Cherry Pattern - Red Fake Nails - Short Square False Nails with Glue - Acrylic Fake nails Long Lasting Stick on Nails for Women Nail Art","New","3.99","No",,"Yes","26","25","0","1","26","99.96","0","0","0","0","0","0","25","0","0","25",
"JM2603084","X002JEPDLJ","B0GSW8SDRP","Nutmeg Grinder, Stainless Steel, Dishwasher Safe, Kitchen Grater, Versatile for Ginger, Garlic, Walnuts, Nuts, Truffle Grater","New","4.39","No",,"Yes","29","29","0","0","29","99.96","0","0","0","0","0","0","29","0","0","29",
"JM2603085","X002JEO4OV","B0GSW1C9XC","KSEWJP Stretchy Dress Thin Belt Ladies Elastic Waistband Leaf Buckle Skinny Belts, Black","New","4.08","No",,"Yes","40","39","0","1","40","99.96","0","0","0","0","0","0","39","0","0","39",
"JM2603086","X002JERCQD","B0GSW2B5BR","KSEWJP Oval Sunglasses for Women, Retro, Cat Eye, 90s, Y2K, Trendy Thin Sunglasses, UV Protection for Women, Black Frame + Black Lens","New","4.99","No",,"Yes","86","83","0","3","86","99.96","0","0","0","0","0","0","83","0","0","83",
"JM2603087","X002JEKX5P","B0GSVZLDY6","2-Pack Buckle Chin Clips Durable Closure Straps for Bike, MTB & Motorcycle Helmets Replacement Accessories","New","4.99","No",,"Yes","7","6","0","1","27","99.96","0","20","0","0","0","0","6","0","0","6",
"JM2603088","X002JEOXY7","B0GSW6FP1N","KSEWJP 4pcs Venetian Blind Cord Locks: Professional Cord Lock Mechanism for Window Blinds, Curtain Accessories for Home And Office","New","6.19","No",,"Yes","25","24","0","1","25","99.96","0","0","0","0","0","0","24","0","0","24",
"JM2603090","X002JERGWD","B0GSVZRFFS","Crampons Traction Cleats, Anti-Skid Traction Grips Crampons Spikes 5 Point Cleats Shoe Covers for Women Men Fit For(Winter Walking/Jogging/Climbing/Hiking),2 Pcs & Black","New","5.79","No",,"Yes","30","30","0","0","30","99.96","0","0","0","0","0","0","30","0","0","30",
"JM2603091","X002JERGUZ","B0GSW389K6","KSEWJP Magic Glass Cleaning Cloth 6 Pcs, Thickened Reusable for Streak Free Windows Mirrors Lint Free Polishing Cloths for Cars Kitchen Dishes Super Soft","New","5.99","No",,"Yes","29","29","0","0","29","1363.9","0","0","0","0","0","0","29","0","0","29",
"JM2603092","X002JENUMD","B0GSW3DGDG","Black Long Tail Headscarf - American Hip-hop Style Brimless Hat, Street Trendy Sports Headwear, Unisex","New","4.49","No",,"Yes","29","25","0","4","29","99.96","0","0","0","0","0","0","25","0","0","25",
"JM2603094","X002JEOU8L","B0GSVZ7TYL","Gold Glitter Bow Tie Big Sequin Hair Bows for Women Girls Bow Hair Clip for Hair Styling Accessories Bowknot Hair Pin for Christmas Accessories Large Sparkly Bow Knot Hairpin for Birthday Xmas","New","6.69","No",,"Yes","59","59","0","0","59","99.96","0","0","0","0","0","0","59","0","0","59",
"JM2603095","X002JEOTTV","B0GSVYT5XC","Sickle Eyeliner Brush, Fine Eyeliner Brush, Gel Liner Winged Makeup Brushes For Precision Liner Eyebrow Eyeshadow","New","3.59","No",,"Yes","28","27","0","1","28","99.96","0","0","0","0","0","0","27","0","0","27",
"JM2603096","X002JEKSTL","B0GSVX3KTL","White Circular Anti Slip pad - Set of 30 Pieces, Suitable for Anti Slip Grip on Furniture, Bedding, and Home Decoration","New","4.39","No",,"Yes","29","29","0","0","29","99.96","0","0","0","0","0","0","29","0","0","29",
"JM2603097","X002JEN1SB","B0GSW2TB15","Cinch Clip, Adjustable T-Shirt Clip & Shirt Clip for Women, Invisible Clothing Clips & Dress Clips, Waist Tightening Clip as No-Sew Waist Cincher","New","6.09","No",,"Yes","76","74","0","2","76","99.96","0","0","0","0","0","0","74","0","0","74",
"JM2603098","X002JEMWR7","B0GSW21BNK","Dragonfly Hair Clips, Antique Silver Barrettes, Retro Wedding Hair Pins for Ladies, 4-Piece Set","New","5.49","No",,"Yes","46","44","0","2","46","99.96","0","0","0","0","0","0","44","0","0","44",
"JM2603099","X002JEKMQP","B0GSW1ZH58","2 Pcs Black Resin Zipper Set - 68cm and 72cm Lengths for Zip Replacement, Ideal for Jackets, Coats and Upholstery Repairs","New","5.29","No",,"Yes","23","23","0","0","23","99.96","0","0","0","0","0","0","23","0","0","23",
"JM2603100","X002JEHAYH","B0GSW174PT","3 Pcs Clear Womens Card Holder Wallet Small Coin Purse Keychain Mini Change Pouch Credit Card Case Coin Purses and Pouches, Plastic PVC Coin Wallet","New","5.69","No",,"Yes","46","46","0","0","116","99.96","0","70","0","0","0","0","46","0","0","46",
"JM2603101","X002JELG0L","B0GSVRBTMN","4Pcs Banana Clips For Wowen, Claw Clips With Thin Hair Acrylic Hair Accessories Gentle Hold For Daily Use Party Hairstyle Decoration (4 Colors)","New","4.39","No",,"Yes","30","28","0","2","30","99.96","0","0","0","0","0","0","28","0","0","28",
"JM2603102","X002JEME3T","B0GSVMHZC8","10 PCS No Smoking Or Vaping Signs, No Smoking Stickers Vinyl, Self-Adhesive Waterproof No Smoking Signs for Premises, for Vehicles Office Windows Doors","New","4.39","No",,"Yes","24","24","0","0","24","99.96","0","0","0","0","0","0","24","0","0","24",
"JM2603103","X002JDHCV9","B0GSQXT37Z","3 Pcs Hair Clips, Barrette Clip Champagne Pearl Small Clips Slides Elegant Cute Hairpin for Women Thick Fine Hair Barrettes","New","6.39","No",,"Yes","15","15","0","0","45","99.96","0","30","0","0","0","0","15","0","0","15",
"JM2603105","X002JDDEVB","B0GSR41RB7","KSEWJP Golden Square Metal Eyeglass Frame, Vintage Eyeglass Frame For Men And Women","New","7.19","No",,"Yes","40","36","0","4","40","187.47","0","0","0","0","0","0","36","0","0","36",
"JM2603106","X002JDD08D","B0GSR6XLMN","4-Pack Silicone Eyeglass Nose Pads – Soft Comfort Nose Bridge Pads for Glasses & Sunglasses – Non-Slip Nose Grips to Stop Glasses Slipping, Universal Fit Replacement Nose Pieces","New","5.66","No",,"Yes","30","27","0","3","30","99.96","0","0","0","0","0","0","27","0","0","27",
"JM2603107","X002JDBDTB","B0GSR5KMCP","2-piece Set of Electric Scissors to Replace Comb Guard Plate, Electric Scissors Salon Home Replacement Accessories (1.5mm&4.5mm)","New","3.19","No",,"Yes","30","30","0","0","30","99.96","0","0","0","0","0","0","30","0","0","30",
"JM2604001","X002KGGFBD","B0GXPGW72C","4Pcs M6x18mm Bicycle Caliper Screw, MTB Caliper Hydraulic Disc Brake Caliper Bolt, Black, Ideal for Mountain Bike, Road Bike, Cycling Enthusiasts","New","5.99","No",,"Yes","18","18","0","0","48","99.96","0","30","0","0","0","0","18","0","0","18",
"JM2604002","X002KGDMOV","B0GXPNPHN3","KSEWJP Waterproof 140cm Fishing Rod Bag, Rod Holdall with Padded Protection Portable Cover Tackle Storage Bag for Outdoor Fishing(Black)","New","7.06","No",,"Yes","33","17","0","1","113","99.96","0","80","0","0","0","0","17","0","15","32",
"JM2604004","X002KG6E7N","B0GXPN2WHF","Fuck IT Edition Emblem,Car Exterior Emblems Badge 3D Sticker Decal,Auto Fender Bumper Stickers,3D Zinc Alloy Edition Car Emblem,Vehicle Emblems and Badges for Cars Trucks SUVs (BlackRed)","New","6.39","No",,"Yes","10","8","0","1","10","99.96","0","0","0","1","0","0","8","0","0","8",
"JM2604005","X002KGGC9X","B0GXPNH5GC","Gold Nail Art Sticker Decals Star Moon Stickers Snake with Design Self Adhesive Nail Decals 5D Embossed with Design Bronzing Manicure DIY Supply Decoration Accessories for Women","New","4.89","No",,"Yes","31","30","0","1","31","99.96","0","0","0","0","0","0","30","0","0","30",
"JM2604006","X002KH8T2P","B0GXPMZ1GM","Football Gifts for Girls Football Makeup Bag for Footballs Lovers Gifts Souvenirs Polyester Christmas Birthday Gift Footballs Themed Gift Travel Cosmetic Pouches Birthday Christmas Party","New","5.09","No",,"Yes","31","31","0","0","31","718.25","0","0","0","0","0","0","31","0","0","31",
"JM2604007","X002KG6I65","B0GXPQWWC3","KSEWJP Tongue Scraper - Helps Support Fresher Breath - Easy to Use Tongue to Improve Oral Hygiene","New","6.68","No",,"Yes","15","15","0","0","15","99.96","0","0","0","0","0","0","15","0","0","15",
"JM2604008","X002KIZ7V5","B0GXYZFS9B","KSEWJP 5-Pack Tyre Tread Depth Gauges with Professional 6-Sided Color-Coded, Dual Scale (1/32"" & 25mm) for Car, Truck, Motorcycle","New","6.59","No",,"Yes","51","51","0","0","51","99.96","0","0","0","0","0","0","51","0","0","51",
"JM2604010","X002KIZHNX","B0GXYZ8W2Q","KSEWJP 12x12 Inch Fine Grade Clay Towel for Car Detailing, Dual-Sided Microfiber Clay Bar Cloth, Scratch-Free Automotive Paint Cleaner for Polishing Decontamination (Blue)","New","7.39","No",,"Yes","42","41","0","1","42","1405.03","0","0","0","0","0","0","41","0","0","41",
"JM2604011","X002KIRZ7J","B0GXYZ6JRX","10-Pack 608ZZ Skateboard Bearings - 8x22x7mm Double-Sealed Ball Bearings for Longboards, Roller Skates, Skateboards, and Inline Skates（High-Speed Smooth Riding）","New","5.99","No",,"Yes","14","13","0","1","14","99.96","0","0","0","0","0","0","13","0","0","13",
"JM2604012","X002KPJSMH","B0GYNVRRKL","10pcs Tyre Valve Cap/Plastic Dust Caps/Cover Black for Universal fit Schrader Valves commonly used on Car Tyres, Bikes, Bicycles, Motorbikes Prams and Wheelbarrows by Stocc (10 Valve Caps)","New","3.29","No",,"Yes","0","0","0","0","19","99.96","0","19","0","0","0","0","0","0","0","0",
"LW-4H2P-IYWP","X002IA5QYD","B0GL7TJFKJ","Acupressure Clips-4PCS Massage Clips Mini Finger Acupressure Point Clip Portable Stress Migraine Relief Pressure Point Clip Relaxation Acupressure Tool","New","3.99","No",,"Yes","76","65","0","1","76","99.96","0","0","0","0","0","0","65","0","10","75",
"QL-495W-961V","X002IABRLT","B0GL8K7GPM","Shower Head Holder,ABS Shower Head Holder Replacement for 25mm Slide Rod,Adjustable Shower Holder Bracket,for Bathroom,Chrome Plated","New","7.39","No",,"Yes","26","26","0","0","26","99.96","0","0","0","0","0","0","26","0","0","26",
"RJM2603057","X002J3GKE9","B0GRG7YHTN","Tartan Tie - Burns Night Accessories,Traditional Fabric Scottish Heritage Necktie with Classic Red Plaid for Burns Supper,Long Scottish Fancy Dress Tie Outfit Accessory (Men/Women)","New","4.79","No",,"Yes","30","28","0","2","30","233.52","0","0","0","0","0","0","28","0","0","28",
"RJM2603058","X002J3IAZ1","B0GRGCJRKS","Silicone Pen Case, Rectangular Small Pencil Pen Pouch with Zipper Waterproof Aesthetic Soft Cosmetic Storage Bag Bible Study Supplies Case for Journaling Travel, Sky Blue","New","6.39","No",,"Yes","23","23","0","0","23","336.92","0","0","0","0","0","0","23","0","0","23",
"RJM2603059","X002J3QF0D","B0GRG79CTW","Shoe Tongue Pads Non-Slip Tongue Cushion Insert for Loose Shoe Self-Adhesive Tongue Pads Insert Heel Pads Replacement Shoe Filler for Men Women Loose Shoe Adjusting Shoes Fit","New","5.29","No",,"Yes","39","39","0","0","39","99.96","0","0","0","0","0","0","39","0","0","39",
"RJM2603060","X002J3PEJB","B0GRGG7P6K","10Pcs Hair Combs Slides for Women Small Metal 1.6 Inch Five Tooth Side Hair Combs Secure Hold Mini Insert Headdress for Wedding and Daily Use","New","6.79","No",,"Yes","39","36","0","3","39","99.96","0","0","0","0","0","0","36","0","0","36",
"RJM2603061","X002J3PVKD","B0GRGPG4K2","Belts for Women, Elastic Belt Women, Womens Belt, Stretchy Adjustable Elastic Waist Nylon Belt with Buckle, Comfortable for Ladies Jeans Dresses, Skirts & Trousers","New","4.69","No",,"Yes","29","27","0","2","29","380.67","0","0","0","0","0","0","27","0","0","27",
"RJM2603062","X002J3RUPH","B0GRGR3L5H","2 pcs Women Skinny Leather Belt for Dresses Thin Waist Belt with Metal Buckle for Jeans Dress Pants（Black）","New","5.79","No",,"Yes","46","46","0","0","46","694.48","0","0","0","0","0","0","46","0","0","46",
"RJM2603063","X002J3QWV5","B0GRGGY8JB","2-Piece Yellow Plastic Drill Guide for Vertical Hole Drilling, Handheld Multi-Size Drill Block and Precision Drilling Jig for Straight Holes in Woodworking & DIY","New","7.99","No",,"Yes","44","40","0","4","44","99.96","0","0","0","0","0","0","40","0","0","40",
"RJM2603064","X002J3SYJX","B0GRGFNLZ8","2pcs Portable Dog Training Clicker Square Pet Behavior Trainer for Dogs Cats Birds Lizards Fish Aid for Indoor Use","New","9.19","No",,"Yes","12","12","0","0","12","99.96","0","0","0","0","0","0","12","0","0","12",
"RJM2603066","X002J3RPF7","B0GRGRS819","40mm Drain Washers Convex Sealing Ring - 4 Pack Sink Hose Washer Replacement Gasket for Plumbing, Waste Pipe Fittings & Basin Seals","New","5.79","No",,"Yes","61","60","0","1","61","99.96","0","0","0","0","0","0","60","0","0","60",
"RJM2603069","X002J3IROZ","B0GRGX14BV","8Pcs Lobster Clasp Extenders, Mini Bracelet Necklace Extender, Lanyard Snap Hook, Jewelry Lobster Clasp for DIY Bracelet Necklace Making","New","4.59","No",,"Yes","28","28","0","0","28","99.96","0","0","0","0","0","0","28","0","0","28",
"RJM2603070","X002J3OBTP","B0GRGQ211Y","4Pcs M6x18mm Bicycle Caliper Screw, MTB Caliper Hydraulic Disc Brake Caliper Bolt, Black, Ideal for Mountain Bike, Road Bike, Cycling Enthusiasts","New","6.09","No",,"Yes","21","20","0","1","21","99.96","0","0","0","0","0","0","20","0","0","20",
"RJM2603071","X002J3XSX5","B0GRGTKH38","Men's Beige Knee High Socks, Classic Ribbed Knit Highland Kilt Hose, Comfort Stretch Polyester Socks for Formal Events Weddings Casual Wear","New","6.39","No",,"Yes","31","31","0","0","31","99.96","0","0","0","0","0","0","31","0","0","31",
"RJM2603072","X002J3IX4J","B0GRGJF473","Dance Shoe Bag Portable Ballet Shoe Storage Pouch Lightweight Organizer for Dance Shoes Drawstring Closure Ideal for Ballet Pointe and Performance Shoes","New","4.79","No",,"Yes","27","26","0","1","27","99.96","0","0","0","0","0","0","26","0","0","26",
"RJM2603073","X002J3HRHX","B0GRGLNMNR","3 Pack Professional Tartar Remover and Dental Polisher - Effective Toothbrush Stain Remover for Plaque, Tartar & Discoloration - Eco-Friendly Materials, Suitable for All Ages, Mixed Colours","New","4.39","No",,"Yes","21","21","0","0","51","99.96","0","30","0","0","0","0","21","0","0","21",
"RJM2603074","X002J3OEVZ","B0GRH1DNH5","Toilet Seat Hinge Covers, 45mm Dia Plastic Caps, Easy Snap-On Installation for a Clean Look, Rust-Proof Decorative Lids for Toilet Base and Pan Screws (2-Pack)","New","5.19","No",,"Yes","41","41","0","0","41","99.96","0","0","0","0","0","0","41","0","0","41",
"RJM2603075","X002J3OFOV","B0GRH6G3KP","Replacement Nose Hair Trimmer Head for One Blade Shaver – Precision Stainless Steel Replaceable Head for Facial Hair and Beard Grooming – Snap-On Design Fits One Blade Pro Shavers","New","5.39","No",,"Yes","11","6","0","5","111","99.96","0","100","0","0","0","0","6","0","0","6",
"RJM2603076","X002J3W0SJ","B0GRH1H3WF","Pill Cutter Splitter with Storage Box – Portable Tablet Cutter & Pill Organizer, Clean & Accurate Cuts for Large or Small Tablets, Easy-Press Medicine Divider for Daily Use & Travel","New","3.79","No",,"Yes","24","22","0","2","24","99.96","0","0","0","0","0","0","22","0","0","22",
"RJM2603077","X002J41EPN","B0GRGV4N9G","2 Pcs Protector Ear Covers,Waterproof Hair Dye Ear Shield,Ears Cap Shields Reusable Protectors Ears Cover Caps for Salon, Barber, Bathing Hair Washing for Shower Adult Men Women (Blue)","New","4.29","No",,"Yes","36","33","0","3","36","99.96","0","0","0","0","0","0","33","0","0","33",
"RJM2603078","X002J3U0P9","B0GRGYJ3QR","Scrunchies, 4 PCS Black Premium Satin Hair Ties for Women, Friendly Luxurious Elastics Hair Bands, Ponytail Holders, Versatile Accessory","New","3.59","No",,"Yes","29","29","0","0","29","99.96","0","0","0","0","0","0","29","0","0","29",
"RJM2603080","X002J3ALDF","B0GRF9NVDQ","2 Pack Texture Comb for Maximum Volume, Wide-Tooth Hair Styling Tool – Professional Hair Lifting Comb for Bangs, Seam Grooming, Hair Foundation Capacity, Suitable for Women & Men","New","4.39","No",,"Yes","28","26","0","2","28","1181.18","0","0","0","0","0","0","26","0","0","26",
"RJM2603081","X002J3LR1P","B0GRDZ8J4N","2-Pack Texture Comb and Wide Tooth Comb for Volumizing Hair Styling, Lightweight Grey and Black Combs Set for Men and Women, Root Lift Tool with Smooth Textured Design and Grooming Accessory","New","4.79","No",,"Yes","28","27","0","1","28","1181.18","0","0","0","0","0","0","27","0","0","27",
"RJM2603082","X002J3KMON","B0GRF3BGSM","Volumizing Texture Comb, Wide-Tooth Hair Styling Comb for Men & Women, 2PCS with Maximum Root Lift & Bangs Seam Grooming, Grey And Pink, 8.86 x 4.13 Inches","New","4.79","No",,"Yes","70","68","0","2","70","615.66","0","0","0","0","0","0","68","0","0","68",
"RJM2603084","X002J3M2TL","B0GRFDYR33","Lausinator Nit Comb - Extra Fine, Removes Lice Safely, Stainless Steel, For Babies, Children, Adults & Pets","New","5.49","No",,"Yes","62","60","0","2","62","197.96","0","0","0","0","0","0","60","0","0","60",
"RJM2603086","X002J3MQUB","B0GRFSC5CY","Texture Comb,Wide Tooth Comb,Magic Comb for Creating Beautiful Curls,Texturising Comb for Voluminous Hair,Scalp Concealer Comb,Lightweight Styling Tool for Curly Hair,Texture Comb Men Women (Black)","New","4.19","No",,"Yes","54","54","0","0","54","590.59","0","0","0","0","0","0","54","0","0","54",
"RJM2603087","X002J3MJAD","B0GRFXBQ1R","Hair Combs Slides for Women, Twist Combs French Combs for All Hair Types, Comb Slides Elegant Hairs Accessories, Non-Slip Durable Plastic, Pack of 2 (Brown)","New","4.99","No",,"Yes","77","74","0","3","77","112.58","0","0","0","0","0","0","74","0","0","74",
"RJM2603088","X002J3N5AL","B0GRFLR342","Texture Comb Volumizing Wide-Tooth Comb for Maximum Root Lift & Smooth Styling, Hair Volume Tool Foundation Apparatus, Grooming & Seam Covering Bangs Hairdressing Accessory","New","4.09","No",,"Yes","40","38","0","2","40","590.59","0","0","0","0","0","0","38","0","0","38",
"RJM2603089","X002J3JI75","B0GRG1YQD6","3 PCS Texture Comb, Hair Styling Comb Wide Tooth, Magic Combs Volume Tool Curly Hair Combs for Men Women Barber Hairdressing Grooming Accessory","New","5.69","No",,"Yes","26","25","0","1","26","776.09","0","0","0","0","0","0","25","0","0","25",
"RJM2603090","X002J3K4OB","B0GRFRCMKJ","Acetate Wide Tooth Comb for Curls, White Wide Tooth Combs for Women Shower Comb for Wet Curly Hair","New","5.99","No",,"Yes","28","27","1","0","68","108.48","0","40","0","0","0","0","27","0","0","27",
"RJM2603091","X002JCY9NT","B0GSQLFMKQ","Premium Hair Comb - Shatterproof Premium Carbon Comb for Hair & Beard - Developed by Barbers - 18 cm Antistatic Mens Combs Barber Comb Double-Sided - Styling Haircomb for Men and Women","New","3.79","No",,"Yes","24","24","0","0","24","334.79","0","0","0","0","0","0","24","0","0","24",
"RJM2603092","X002JD6LGB","B0GSQM78T7","1pc Wide Tooth Comb Rat Tail Comb Hot for Afro Hair Fluffing Hair Pick Teasing Afro Pick in Metal s Teasing Tease Steel Needle Man","New","5.39","No",,"Yes","26","22","0","4","26","99.96","0","0","0","0","0","0","22","0","0","22",
"RJM2603093","X002JD57ZR","B0GSQKWGZ1","3 Row Detangling Comb for 4C, Afro & Curly Hair – Styling Comb for Defining, Separating & Wash Day Curls – Natural Hair Tool (Black)","New","12.89","No",,"Yes","31","31","0","0","31","99.96","0","0","0","0","0","0","31","0","0","31",
"RJM2603094","X002JD49L5","B0GSQSJH75","Teasing Comb for Fine Hair, (3-pack) Rat Tail Backcombing Volumizing Teaser Parting Wave Combs Tools for Women with Metal Pick","New","7.19","No",,"Yes","26","26","0","0","26","99.96","0","0","0","0","0","0","26","0","0","26",
"RJM2603095","X002JD4CMV","B0GSQWVS4K","Super Tapered Barber Comb, Black, 0.06 kg 4981104364570","New","9.48","No",,"Yes","19","18","0","1","19","99.96","0","0","0","0","0","0","18","0","0","18",
"RJM2603096","X002JD4C03","B0GSQVZGS9","Detangling Hair Comb, Double Row Tooth Hair Comb Hairdressing Styling Tool for Curly Hair, Black, 7.87""x1.77""","New","4.59","No",,"Yes","19","16","0","3","59","99.96","0","40","0","0","0","0","16","0","0","16",
"RJM2603097","X002JD5OPP","B0GSQMLKL6","Butterfly Comb, Men's Pocket Comb, Portable Folding Comb for Travel, 23 cm","New","7.09","No",,"Yes","28","26","0","2","28","99.96","0","0","0","0","0","0","26","0","0","26",
"RJM2603098","X002JD6XVJ","B0GSQKZQBK","Anti-Static Hairdressing Styling Comb with Coarse and Fine Teeth for Salon and Home Use Suitable for Thick Curly and Straight Hair 6.69In","New","3.19","No",,"Yes","27","25","0","1","27","99.96","0","0","0","1","0","0","25","0","0","25",
"RJM2603099","X002JD8I4T","B0GSQPZH6H","Razor Comb Double Sided Hair Cutting Comb Hairdressing Razor Portable Hair Thinning Comb Razor Comb for Cutting Hair and Styling Green","New","6.69","No",,"Yes","26","24","0","2","26","99.96","0","0","0","0","0","0","24","0","0","24",
"RJM2603100","X002JD7GM9","B0GSQWTC6N","Hair Comb, Carbon Fibre Comb with Tail Professional Haircut for Salon Hairdressing (Black, 1 Pcs)","New","3.59","No",,"Yes","31","27","0","4","31","99.96","0","0","0","0","0","0","27","0","0","27",
"RJM2603101","X002JD7J7V","B0GSQXGZQH","2 Pcs Large Bar Hair Comb Slides French Twist Long Wide Tooth Side Combs Ladies Frech Up Do Hair Accessory (Tort Brown)","New","6.49","No",,"Yes","66","59","1","6","66","99.96","0","0","0","0","0","0","59","0","0","59",
"RJM2603102","X002JD4QHH","B0GSQNPXQ9","Handmade Labour Comb - Buffalo Horn Comb Pocket Hair Comb Ox Horn Hair Comb for Women Miss Natural","New","6.29","No",,"Yes","49","46","1","0","49","99.96","0","0","0","2","0","0","46","0","0","46",
"RJM2603103","X002JD4QMR","B0GSR4CZMN","3 Inch 20 Teeth Metal Wire Hair Comb Slide for Bridal Wedding Veil and Diy Craft Projects (Silver)","New","6.29","No",,"Yes","47","47","0","0","47","99.96","0","0","0","0","0","0","47","0","0","47",
"RJM2603104","X002JDF9EL","B0GSR41JXD","Head Lice Comb, Brush Long Pin Comb for Head Lice Treatment, Nit Free Comb (Blue)","New","3.89","No",,"Yes","26","26","0","0","26","99.96","0","0","0","0","0","0","26","0","0","26",
"RJM2603105","X002JDCENP","B0GSQZN8VC","Dandruff Comb Remover Scalp Psoriasis Comb Hollow Tooth Head Lice Comb,Dandruff Comb Stainless Steel Fine Tooth Comb, Plastic Hollow Tooth Scalp Sweep Detoxing Comb Scalp Care Psoriasis Lice (1)","New","6.59","No",,"Yes","28","28","0","0","28","99.96","0","0","0","0","0","0","28","0","0","28",
"RJM2603106","X002JDELBX","B0GSQRG3X5","Professional Hard Carbon Anti-Static Hair Cutting Comb – Flat Head Salon Styling & Sectioning Comb, Black – Pack of 2","New","5.48","No",,"Yes","26","23","0","3","26","99.96","0","0","0","0","0","0","23","0","0","23",
"RJM2603107","X002JDBDHX","B0GSQTQQH2","10 sets of white ABS five petal flower accessories DIY handmade jewelry wedding hair shoes decoration","New","3.79","No",,"Yes","52","51","0","1","52","99.96","0","0","0","0","0","0","51","0","0","51",
"RJM2603108","X002JDCI6X","B0GSR6P3L4","Star Hairpins, 4Pcs Yellow Star Hairpins Solid Color Fluffy Fuzzy Soft Anti-slip Hair Decor Portable Sweet Style Pentagram Bangs Clips Hair Styling Clips Hair Accessories","New","3.59","No",,"Yes","59","58","0","0","59","99.96","0","0","0","1","0","0","58","0","0","58",
"RJM2603109","X002JDKPRH","B0GSQZTB4T","Winding Tail Comb for Detangling & Styling, Heat Resistant Carbon Black Hair Comb for Curly & Natural Hair","New","3.39","No",,"Yes","30","25","0","5","30","99.96","0","0","0","0","0","0","25","0","0","25",
"RJM2603110","X002JE4UGD","B0GSVLCXZJ","KSEWJP Taschenanhänger – Cute Cherry Bow Design, Leather, Birthdays, Mother’s Day, Valentine’s Day","New","3.59","No",,"Yes","30","29","0","1","30","99.96","0","0","0","0","0","0","29","0","0","29",
"RJM2603111","X002JDIFER","B0GSQYRFJT","Sleep Mask, Eye Mask, Zero Eye Pressure Sleeping Grey","New","3.59","No",,"Yes","30","27","0","3","30","812.47","0","0","0","0","0","0","27","0","0","27",
"RJM2603113","X002JDFODH","B0GSR2G5PY","Exfoliating Mitt Glove 2PCS, Exfoliating Glove for Deep Body Scrub Effective as an Exfoliating Body Scrubber to Remove Dead Skin and Fake Tan Ideal for Daily Use as Exfoliating Gloves","New","3.99","No",,"Yes","16","15","0","0","16","1429.94","0","0","0","1","0","0","15","0","0","15",
"RJM2603114","X002JDFO7X","B0GSRFJKR7","24PCS Almond False Nails, White Pearl French Tip with Gold Bow, Short Press-On Nails in 12 Sizes, Full Cover Ballerina Acrylic Nail Kit with Nail File & Jelly Gel","New","3.99","No",,"Yes","27","27","0","0","27","99.96","0","0","0","0","0","0","27","0","0","27",
"RJM2603115","X002JDLUNZ","B0GSR91X5J","3 Pack Gold Hair Clips Pins Set for Women – Wedding Guest Hair Accessories with Elegant Leaf Design – Bridal Hair Jewelry for Bridesmaids and Special Events – Hair Pieces for Formal Occasions","New","5.39","No",,"Yes","51","48","0","2","51","99.96","0","0","0","1","0","0","48","0","0","48",
"RJM2603116","X002JDFQ7B","B0GSRCPH58","KSEWJP 2Pcs Strap Pad - Universal Removable Cushion for Backpack Straps, Luggage, Guitar Camera Bags - Adjustable Fastener Cushions for Shoulder Support Pain Relief.","New","5.79","No",,"Yes","38","36","0","2","38","690.71","0","0","0","0","0","0","36","0","0","36",
"RJM2603117","X002JEPW0V","B0GSW5R8L9","KSEWJP 2pcs Recoil Pull Starter Handle Grip Compatible with Honda GX240 GX270 GX340 GX390 GD320","New","4.59","No",,"Yes","26","25","0","1","26","99.96","0","0","0","0","0","0","25","0","0","25",
"RJM2603119","X002JDH56V","B0GSR8FQXQ","Telescopic Back Scratcher | Novelty Gifts for Men & Women | Portable Handheld Massage Stick | Small Stocking Fillers for Adults | Unusual & Funny Massager (Black)","New","4.39","No",,"Yes","21","19","0","1","21","278.58","0","0","0","1","0","0","19","0","0","19",
"RPAJM002","X002HNERTB","B0GGJ9PDB5","Tyre Valve Dust Caps, Black, 4 pcs/Pack, Anodized Aluminum Tyre Dust Cap Set, Corrosion Resistant, Universal Tyre Valve Stem Covers for Cars Trucks Motorcycles SUVs and Bikes","New","3.99","No",,"Yes","30","28","0","2","30","99.96","0","0","0","0","0","0","28","0","0","28",
"RPAJM003","X002HQZ2KV","B0GHDHWN61","Pearl Hair Clip - 2-Pack 3.3cm Large Snap Barrettes for Women, Girls & Children | Elegant Hair Accessories for Daily Styling, Parties & Weddings","New","4.59","No",,"Yes","46","45","0","1","46","99.96","0","0","0","0","0","0","45","0","0","45",
"RPAJM004","X002HR2KYV","B0GHD8BHNF","Baby On Board Sign for Car with Suction Cups - 2 Pack, 5"" by 5"" - Perfect for Baby, Toddler, Kid, Child - Bright Yellow, Durable and Strong Suction","New","3.79","No",,"Yes","0","0","0","0","0","253.51","0","0","0","0","0","0","0","0","0","0",
"RPAJM005","X002HQZ2LP","B0GHDMXH6C","3 PCS Holder Lip Balm Sleeve Pouch with Hook, Portable Lipstick Case for Purse, Lip Gloss Keychain Holder, Mini Pouch Travel Accessories","New","4.09","No",,"Yes","8","8","0","0","8","99.96","0","0","0","0","0","0","8","0","0","8",
"RPAJM006","X002HR2KY1","B0GHDJMSJK","12Pcs 6 Pairs Eyeglasses Temple Tips Sleeve Retainer,Silicone Glasses Ear Grip Hooks,Glasses Arm Pads,Soft Silicone Anti-Slip Elastic Comfort Eyeglasses Retainers,for Various Glasses(56mm×7.9mm)","New","4.09","No",,"Yes","11","11","0","0","11","99.96","0","0","0","0","0","0","11","0","0","11",
"RPAJM007","X002HNIWI3","B0GGJHJKZ8","KSEWJP 5PCS Leather Glasses Strap, Adjustable Glasses Chain for Women Men, Universal Non-Slip Spectacles Cord Neck Eyeglass Sunglasses Strap (Black)","New","4.59","No",,"Yes","10","10","0","0","10","99.96","0","0","0","0","0","0","10","0","0","10",
"RPAJM008","X002HR3WCZ","B0GHD4BX7Y","10 Pairs Nose Pads for Glasses Push on Nose Pads Silicone Nose Pads for Eyeglasses and Sunglasses","New","4.79","No",,"Yes","29","27","0","2","29","99.96","0","0","0","0","0","0","27","0","0","27",
"RPAJM009","X002HQZ31T","B0GHDRP1B9","Funny Food Decider Coin | Stainless Steel Double-Sided Flipping Coin | Unique Wedding for Couples Birthday Present for Him/Her Husband Wife Boyfriend Girlfriend","New","2.79","No",,"Yes","0","0","0","0","0","99.96","0","0","0","0","0","0","0","0","0","0",
"RPAJM010","X002HR24CT","B0GHCJR8M4","KSEWJP Knitting Storage Bag Sewing Gifts for Women Crafters Crochet Gifts for Crochet Lovers Knitting Gifts for Women Sewing Bag for Friend Travel Cosmetic Bag Christmas Birthday Gifts for Crocheters","New","5.59","No",,"Yes","17","17","0","0","17","99.96","0","0","0","0","0","0","17","0","0","17",
"RPAJM011","X002HR3NKV","B0GHDDC2S4","KSEWJP Holographic Candle Warning Labels Candle Jar Container Stickers Wax Melting Safety Stickers for Jars Tins Containers Making Supplies(240 Pieces)","New","4.19","No",,"Yes","42","42","0","0","42","99.96","0","0","0","0","0","0","42","0","0","42",
"RPAJM012","X002HR2I2P","B0GHDJN9VQ","KSEWJP 2PCS 3D Fabric Flower Shoe Clips Black Polyester Flower Shoe Buckles Detachable Floral Shoes Buckles Artificial Flowers Charms Decorations for High Heels Shoes Flats Pumps","New","6.49","No",,"Yes","21","19","1","1","51","99.96","0","30","0","0","0","0","19","0","0","19",
"RPAJM013","X002HNHU81","B0GGJTVFQH","KSEWJP 3D Printed Cute Figurine Keychain, Unique Collectible Key Ring, Fun Desktop Decoration Accessory for Gifts and Collectors","New","5.09","No",,"Yes","0","0","0","0","0","99.96","0","0","0","0","0","0","0","0","0","0",
"RPAJM014","X002HR3BTT","B0GHDFX3L2","KSEWJP Ski Themed Gifts for Best Friend Birthday Gifts for Skiers Skaters Ski Lovers Gifts for Daughter Son Ski Keyring Gift for Sister Brother Snowboarding Gifts for Women Men Snowboarder Keychain","New","4.49","No",,"Yes","17","17","0","0","17","99.96","0","0","0","0","0","0","17","0","0","17",
"RPAJM016","X002HR51IN","B0GHDDVWXG","KSEWJP 50PCS Paper Pups Origami, Paper Dogs Origami Set for Kids 6-12, Creative Craft Activity for Children, Fun DIY Folding Project","New","6.39","No",,"Yes","0","0","0","0","0","99.96","0","0","0","0","0","0","0","0","0","0",
"RPAJM017","X002HR83I3","B0GHFQTV4F","2 natural violin rosin, cello rosin for bows, string instrument accessories, violin rosin for bows, light dust, low-dust string instrument rosin","New","3.89","No",,"Yes","4","1","3","0","4","99.96","0","0","0","0","0","0","1","0","0","1",
"RPAJM019","X002HR0M69","B0GHDJD57J","4 Pcs Stainless Steel Shovel Shape Spoon Pointed Spoon Coffee Tea Sugar Stirring Spoon Cake Dessert Spoon for Party","New","5.39","No",,"Yes","1","1","0","0","21","338.72","0","20","0","0","0","0","1","0","0","1",
"RPAJM020","X002HR3IPV","B0GHD87WYC","2Pcs Poppy Badges and Pins 2025, Poppy Badge, Poppy Pin, Lest We Forget Poppy Brooch, Remembrance Sunday Red Flower Rhinestone Badges Banquet Enamel Poppy Lapel","New","4.29","No",,"Yes","40","40","0","0","40","99.96","0","0","0","0","0","0","40","0","0","40",
"RPAJM021","X002HNDZUD","B0GGKFH1J9","KSEWJP 10 Pack Clear Heart Shaped Sticky Hooks, Heavy Duty Self Adhesive Wall Hooks, No Nails Reusable for Bathroom Kitchen Office Hanging","New","3.99","No",,"Yes","22","21","0","1","22","99.96","0","0","0","0","0","0","21","0","0","21",
"RPAJM022","X002HNK7TZ","B0GGKMPGMT","2 Pieces Tire Pressure Gauge, Tire Air Pressure Pencil with Pocket Clip, Car Measuring Tools Pencils for Cars Trucks RVs Bike Motor Vehicles Caravan Cyle","New","4.19","No",,"Yes","26","24","0","2","26","99.96","0","0","0","0","0","0","24","0","0","24",
"RPAJM023","X002HQZ1TD","B0GHD6Q181","Vintage Saxophone Brooch with Sparkling Rhinestones - Cute Small Alloy Musical Instrument Lapel Pin for Women Men - Jazz Gift Accessory for Hats Bags Scarves","New","5.09","No",,"Yes","19","19","0","0","19","99.96","0","0","0","0","0","0","19","0","0","19",
"RPAJM024","X002HR0VTH","B0GHF6RDTQ","Stretch Strap, Kids Band, Resistance Bands for Gymnastics, Flexstrap Stretching Strap with Loops in Training, Yoga, Latin Exercise","New","3.89","No",,"Yes","0","0","0","0","0","99.96","0","0","0","0","0","0","0","0","0","0",
"RPAJM025","X002HR2WV7","B0GHDYQN8Y","1pcs Happy Birthday Cake Toppers Glod Happy Birthday Cake Decorations Birthdays Decorations Birthdays Cakes Supplies for Celebrating Anniversary Party","New","4.39","No",,"Yes","170","116","0","0","170","99.96","0","0","0","0","0","0","116","0","54","170",
"RPAJM026","X002HQZ5Z3","B0GHDTFX28","KSEWJP 2 Pcs Suction Hooks, Plastic Clear Vacuum Suction Cup, Reusable and Removable Suction Cup Hooks, No Drill Heavy Duty Stick on Hooks, for Bathroom, Kitchen, Door, Window, Wall, Closet","New","5.59","No",,"Yes","26","25","0","1","26","99.96","0","0","0","0","0","0","25","0","0","25",
"RPAJM028","X002HNH7MZ","B0GGLLKYFJ","2 Pcs Scarf Buckle Women Three Rings Scarf Ring Elegant Silk Scarf Clasp Clips Large Clothing Wrap Holder Triple Sliding Neckerchief Clamps Decorate Accessory for Ladies Girls, Silver and Golden","New","4.59","No",,"Yes","50","45","0","0","50","99.96","0","0","0","0","0","0","45","0","5","50",
"RPAJM029","X002HNJW1J","B0GGMB6YVM","4PCS Hair Dye Brush and Mixing Bowl Set, Tint Comb For Hair, Professional Salon Hair Coloring Dyeing Kit, Angled Comb and Brush","New","5.99","No",,"Yes","0","0","0","0","30","99.96","0","30","0","0","0","0","0","0","0","0",
"RPAJM030","X002HR0MVJ","B0GHDTRVHV","Car Key Pouch with Zipper Closure and Metal Hook, Black Compact Key Storage Wallet for Car Keys, Key Fobs and Small Accessories, Portable Lightweight Design for Daily Carry and Travel Use","New","6.09","No",,"Yes","21","20","0","1","21","99.96","0","0","0","0","0","0","20","0","0","20",
"RPAJM031","X002HR538B","B0GHDSYHHR","Silky Satin Hair Bows - Big Hair Bows Ribbons for Women - Oversized Long Tail Big Bow Red Large Ribbon Barrettes - Metal Clips Bowknot Aesthetic Hair-Accessories","New","4.79","No",,"Yes","27","27","0","0","27","99.96","0","0","0","0","0","0","27","0","0","27",
"RPAJM032","X002HR5XI1","B0GHDPD92B","2 Pack Dual Sided Soft Tape Measure 150cm/60Inch, Flexible Fibre Glass Measuring Tape for Body Sewing Tailor Craft Weight Loss","New","4.19","No",,"Yes","30","25","0","5","30","99.96","0","0","0","0","0","0","25","0","0","25",
"RPAJM033","X002HR0N9P","B0GHDP8P7G","Guitar String Cleaner, Guitar Fretboard Cleaner Wiper, Guitar Fingerboard String Cleaner, Guitars Strings Cleaning Cloth Microfiber, Musical Instruments Fretboard Cleaning Cloths Tools for Strings","New","5.69","No",,"Yes","34","33","0","1","34","99.96","0","0","0","0","0","0","33","0","0","33",
"RPAJM035","X002HQZAS5","B0GHDYHYVJ","Geometric Metal Brooch Pin, Irregular Large Round Vintage Brooches for Women Men Stylish Lapel Pin Coat Evening Dress Jewelry for Lady Wedding Birthday Party","New","4.59","No",,"Yes","6","5","0","1","6","99.96","0","0","0","0","0","0","5","0","0","5",
"RPAJM036","X002HR7WRV","B0GHDXKTSY","Black and White Five-Pointed Star Enamel Cufflinks, Alloy Plated Shirt Cuff Links, Formal Business Office Accessory for Men Wedding Party Gift","New","3.19","No",,"Yes","0","0","0","0","0","99.96","0","0","0","0","0","0","0","0","0","0",
"RPAJM037","X002HR5RUZ","B0GHF13R7H","Dainty Sun Brooch Pin for Women Men, Elegant Lapel Hat Dress Accessory - Vintage Gold Plated Celestial Jewellery Gift for Birthdays, Holidays & Special Occasions","New","6.49","No",,"Yes","52","50","1","1","52","99.96","0","0","0","0","0","0","50","0","0","50",
"RPAJM038","X002HR5Z9N","B0GHF5VBPM","Simple Oval Brooch - Gold Plated Minimalist Lapel Pin for Suits, Dresses, Hats, Bags - Elegant Geometric Jewellery Accessory for Women Men","New","5.99","No",,"Yes","35","35","0","0","35","99.96","0","0","0","0","0","0","35","0","0","35",
"RPAJM039","X002HR3QTJ","B0GHDNLJ6B","KSEWJP 4 Pcs New Pound UK Coin Trolley Token |Trolly Shopping Coin | Trolley Tokens for Supermarket Cart Trolley Key | Shopping Trolley Token Keyrings","New","3.99","No",,"Yes","26","24","2","0","66","99.96","0","40","0","0","0","0","24","0","0","24",
"RPAJM041","X002HOG0BX","B0GGSPJGX6","Texture Comb - Men's Wide Tooth Styling Comb for Hair, Suitable for All Hair Types - Salon & Barber Use","New","3.86","No",,"Yes","52","52","0","0","52","99.96","0","0","0","0","0","0","52","0","0","52",
"RPAJM042","X002HR42CJ","B0GHDX2WPB","White Curtain Track Gliders Hooks Curtain Rail Slider Hooks Rollers Runners Eyes Hooks for Window Door Curtains 10mm x 6mm Slim Pack of 40","New","4.49","No",,"Yes","8","7","0","1","8","99.96","0","0","0","0","0","0","7","0","0","7",
"RPAJM043","X002HR0R7N","B0GHF4RJPX","2 Pack Curtain Holdbacks, Self Adhesive Curtain Hooks Curtain Holder, Curtain Tie Backs Hooks, L Shaped Curtain Holdbacks, for Home for Home Decor Living Room Bedroom Curtain & Drapes","New","6.49","No",,"Yes","0","0","0","0","0","3056.35","0","0","0","0","0","0","0","0","0","0",
"RPAJM044","X002HR4HXN","B0GHDJJDMK","2 Pack Magenta Elastic Wig Melt Bands, Adjustable Double Sided Lace Bands, Comfortable Secure Hold for Wigs Makeup Exercise","New","3.09","No",,"Yes","0","0","0","0","0","296.44","0","0","0","0","0","0","0","0","0","0",
"RPAJM045","X002HR0VDD","B0GHFFC6P4","KSEWJP 2 Pack Double Sided Pet Hair Remover Gloves, Reusable Lint Removal Gloves for Furniture, Car Seats, Sofa, Clothes & Bedding","New","4.79","No",,"Yes","1","0","0","1","1","99.96","0","0","0","0","0","0","0","0","0","0",
"RPAJM046","X002HOHNA5","B0GGT6BH1V","Clipper Comb, 2 Pieces Heat Resistant Flat Top Hairdressing Combs, Hair Cutting Combs for All Ages, Unisex, Plastic, Black, White","New","3.99","No",,"Yes","4","3","0","1","4","1015.83","0","0","0","0","0","0","3","0","0","3",
"RPAJM048","X002HR07YB","B0GHCR8YP9","3 Pack Macaron Style Screen Cleaner Sponges, Soft PP & Sponge Cleaning Pads, Lint-Free Streak-Free Wipes for Phones Tablets Laptops Glasses Camera Lenses","New","4.29","No",,"Yes","0","0","0","0","0","99.96","0","0","0","0","0","0","0","0","0","0",
"RPAJM049","X002HR2RVR","B0GHF2WN5H","9 PCS Zipper Repair Kit Zipper Slider, 3 Sizes Instant Zip Fixer Replacement, No Tools Required Zipper Puller for Backpacks Coats Jacket Luggage Sewing and Supplies","New","4.39","No",,"Yes","36","36","0","0","36","99.96","0","0","0","0","0","0","36","0","0","36",
"RPAJM050","X002HOJKFB","B0GGSWTQQY","Medication Travel Bag with Zipper, Portable Organiser Pouch, Cosmetic & Makeup Toiletry Bag for Women, Travel Pouches,Girls, Storage Case for Medicines, First Aid Kit, Make Up, Pencils","New","6.09","No",,"Yes","17","14","0","3","17","99.96","0","0","0","0","0","0","14","0","0","14",
"RPAJM051","X002HR5LVZ","B0GHF6YRZC","Charger Bag for Travels, Cable Bag Travel Accessories, Travel Gifts for Women and Men, Make Up Bags for Men Women Wash Bag Pouch with Zipper for Friends Daughter Son","New","6.19","No",,"Yes","40","39","0","1","40","99.96","0","0","0","0","0","0","39","0","0","39",
"RPAJM052","X002HR45HB","B0GHDWJ8B6","14 Pcs Flower Iron on Patches, Cute Daisy Flower Embroidered Applique Patches, 1.61 Inch Flowers Sew On Embroidered Iron on Patch for Clothes, Hats, Jeans, DIY(7 Colors)","New","4.29","No",,"Yes","22","21","0","1","22","99.96","0","0","0","0","0","0","21","0","0","21",
"RPAJM053","X002HR54UX","B0GHF641P3","A gift to commemorate female friends, heart-shaped decoration, a symbol of eternal friendship, suitable for giving to female friends","New","7.79","No",,"Yes","45","43","0","2","45","99.96","0","0","0","0","0","0","43","0","0","43",
"RPAJM054","X002HR0TSZ","B0GHF64TV7","Fire Exit Sign - Rigid Plastic Emergency Escape Route Marker with ""Keep Clear"" Text - Durable 300mm x 100mm Fire Extinguisher Sign, EN ISO Compliant, Green & White","New","3.39","No",,"Yes","17","17","0","0","17","59.98","0","0","0","0","0","0","17","0","0","17",
"RPAJM055","X002HPLFUN","B0GH1SRM6G","2 PCS Double Sided Melon Baller, Round Melon Balls Fruit Baller Scoop Melon Baller Scoop Stainless Steel Melon Baller Melon Scoop Double Scoop Ice Cream Cone Double Dessert Scoop for Fruit Ice","New","5.19","No",,"Yes","32","25","0","5","32","278.09","0","0","0","2","0","0","25","0","0","25",
"RPAJM057","X002HR3TAZ","B0GHF1BNHN","KSEWJP E27 Lamp Shade Reducer Washer, Plastic Lampshade Reducer Ring E27 Screw Collar Ring 40mm, White Screw Bulbs Lamp Holder Shade Fitting Adapter","New","4.29","No",,"Yes","22","21","0","1","22","99.96","0","0","0","0","0","0","21","0","0","21",
"RPAJM058","X002HR907L","B0GHF4QK4F","Thoughtful Gift for Daddy Coffee Gifts Idea for Dad's Birthday Laser Etched Coffee Spoon Cheap Gift idea Dad to be","New","4.39","No",,"Yes","22","22","0","0","22","99.96","0","0","0","0","0","0","22","0","0","22",
"RPAJM061","X002HR5U1V","B0GHFFCV27","2PCS Christmas Wrapping Paper Cutter, Gift Wrap Clamps, Sliding DIY Handmade Tool for Birthday and Christmas Presents","New","4.49","No",,"Yes","40","40","0","0","40","99.96","0","0","0","0","0","0","40","0","0","40",
"RPAJM062","X002HR915R","B0GHDQ52PG","2 x Tumble Dryer Sponge Filter for 40006731, Dryer Filter Replacement Filter 275 x 125 x 10 mm, Foam Filter for Heat Pump Dryer and Condenser Dryer","New","4.59","No",,"Yes","42","40","0","2","42","1385.36","0","0","0","0","0","0","40","0","0","40",
"RPAJM063","X002HR644X","B0GHFGY5WT","Hair Trimming Guide, Neckline Shaving Template, Flexible Curved Silicone Haircut Band, Shaving Template Home Hair Cutting Tool, Softness Elasticity Split Ends Trimmer for Man (Blue)","New","4.49","No",,"Yes","29","27","0","1","29","99.96","0","0","0","1","0","0","27","0","0","27",
"RPAJM064","X002HR3E8R","B0GHF6QXSV","2 Rolls Black Roadway Track Tape, 10m/32.8ft Straight Road Tape for Toy Cars Reusable & Easy Peel Race Car Tapes for Flat Floors to Create Custom Residue Free Tracks Kids Play","New","7.29","No",,"Yes","43","37","0","6","43","99.96","0","0","0","0","0","0","37","0","0","37",
"RPAJM065","X002HOM3Z5","B0GGTKCGR9","2 Pack Bald Man Comb Joke Set, Humorous Gag Gift for Men, Funny Prank Comb for Birthdays Office Parties White Elephant Gifts","New","3.59","No",,"Yes","0","0","0","0","0","99.96","0","0","0","0","0","0","0","0","0","0",
"RPAJM066","X002HOAVD1","B0GGTQL4DY","Fluffy Texture Comb & Wide Tooth Comb 2-Pack | The Best Hair Styling Tools for Detangling, Volumizing & Smooth Bangs Styling on All Hair Types","New","4.39","No",,"Yes","16","16","0","0","16","763.64","0","0","0","0","0","0","16","0","0","16",
"RPAJM067","X002HOQ6CV","B0GGTVC3LP","3 Pack Texture Volumizing Combs, Wide Tooth Hair Styling Combs for Roots Lift, Fluffy Curly Hair Brushes for Men Women Barber Hairdressing","New","4.39","No",,"Yes","5","5","0","0","5","99.96","0","0","0","0","0","0","5","0","0","5",
"RPAJM068","X002HR6OQB","B0GHDSSG9S","Funny Office Prank Desk Sign, Caution Overstimulated Do Not Approach Warning Sign Humorous Gag Gift Mini Desk Decor Accessories for Coworkers Employees Boss Teammate Workplace Cubicle Home","New","4.09","No",,"Yes","11","10","0","1","11","99.96","0","0","0","0","0","0","10","0","0","10",
"RPAJM069","X002HR5QY7","B0GHDSS7XD","4Pcs Colourful Simulation Mini Folding Back Small Chair Model,Miniature Plastic Furniture Accessories Scene Props for Micro Landscape Dollhouse Furniture Mini Chair (1/12)","New","5.79","No",,"Yes","53","53","0","0","53","384.6","0","0","0","0","0","0","53","0","0","53",
"RPAJM070","X002HR6OBV","B0GHFCM3X1","Wdt Tool Espresso Coffee Distributor 6 Needles Coffee Stirrers Barista Accessories with Natural Walnut Handle Coffee Replaceable Needles Espresso Machine Espresso Distribution Tool Coffee Needle","New","4.19","No",,"Yes","22","22","0","0","22","99.96","0","0","0","0","0","0","22","0","0","22",
"RPAJM071","X002HR9HUV","B0GHFCGJCW","Pet Hair Removal Brush – Reusable Grooming Tool for Cats and Dogs, Ideal for Clothing, Furniture, Carpets, Cat Beds, Car Seats, and More – Upgraded Static Fur Remover (1 Piece)","New","3.69","No",,"Yes","14","12","0","2","14","99.96","0","0","0","0","0","0","12","0","0","12",
"RPAJM072","X002HR6U6P","B0GHFWVT5Q","Antique Brass Curtain Tie Back Hooks, Pack of 2","New","5.59","No",,"Yes","20","20","0","0","20","99.96","0","0","0","0","0","0","20","0","0","20",
"RPAJM074","X002HOPUE1","B0GGTF6995","4 PCS Heart Keychain Clip Gold Heart Bag Carabiner Clips Gold Spring Snap Clasp Hook Zinc Alloy Heavy Duty Hearts Shape Swivel Buckles Lightweight for Keychains DIY Craft Making Purse Handbag Hardware","New","3.93","No",,"Yes","17","15","0","1","17","99.96","0","0","0","0","0","0","15","0","1","16",
"RPAJM075","X002HR6RBN","B0GHFBPM5Q","6PCS Tail Combs for Women, Plastic Tail Comb Fine Tooth Anti Static for Women, Detangling Back Combing Updo Hairstyle (Multi-color)","New","5.09","No",,"Yes","26","25","1","0","26","567.65","0","0","0","0","0","0","25","0","0","25",
"RPAJM076","X002HOVWCF","B0GGTYHG54","Guitar Maintenance Kit - Three in One Multifunctional Guitar String Winder and Cutter | High Quality Guitar Accessories | Compatible with Various String Instruments (Black)","New","3.99","No",,"Yes","37","37","0","0","37","99.96","0","0","0","0","0","0","37","0","0","37",
"RPAJM077","X002HR60XX","B0GHF5D4ZD","Texture Comb, Volumizing Wide-Tooth Hair Styling Comb, Wide Tooth Detanglers, Root Volumizing Tool, Seamless Design, Smooth Styling for Volume and Grooming Accessory Seam Covering Bangs, 1PCS","New","4.49","No",,"Yes","29","28","0","0","29","99.96","0","0","0","1","0","0","28","0","0","28",
"RPAJM079","X002HR8J41","B0GHFGYWF2","KSEWJP 10pcs Paint Marker Replacement Nibs Acrylic Paint Marker Nibs, White Nylon Refill Painting Pen Tip Points for Students Artists","New","4.29","No",,"Yes","23","23","0","0","23","99.96","0","0","0","0","0","0","23","0","0","23",
"RPAJM080","X002HR8289","B0GHF831C3","Photocard Holder Keychain, Kpop Photo Card Holder with Spring String Water Resistant Clear Card Covers for Collectors and Fans","New","4.59","No",,"Yes","29","28","0","1","29","99.96","0","0","0","0","0","0","28","0","0","28",
"RPAJM081","X002HON3E5","B0GGV53HJB","Chill Pill Hair Claw Clip, 15mg Pink Capsule Acetate Hair Claw Clip for Women, Fun Relaxation & Pharmacy Theme Hair Accessory, Cute Novelty Gift for Pharmacists, Nurses, Students","New","6.09","No",,"Yes","35","35","0","0","35","99.96","0","0","0","0","0","0","35","0","0","35",
"RPAJM082","X002HPL5EJ","B0GH24DZ3F","8 Pack Mini Plastic Funnels, Small Narrow Neck Funnel Set with Handle, Food Grade Funnels for Essential Oils Perfume Spices Liquids","New","5.19","No",,"Yes","41","40","0","1","41","99.96","0","0","0","0","0","0","40","0","0","40",
"RPAJM083","X002HOMWUB","B0GGV3HGSK","2 Pack Large Eye Blunt Sewing Needles, Stainless Steel Darning Needles for Yarn Knitting Crochet Weaving Craft Projects","New","4.29","No",,"Yes","30","28","0","1","30","99.96","0","0","0","1","0","0","28","0","0","28",
"RPAJM084","X002HR07N7","B0GHCD626B","3 PCS Mini Portable Screwdrivers for Glasses, 3-in-1 Keyring Eyeglasses Repair Kit Flat Head Phillips Hex Handy Tiny Screw Drivers for Sunglasses, Small Electronics","New","4.06","No",,"Yes","19","18","0","1","19","99.96","0","0","0","0","0","0","18","0","0","18",
"RPAJM085","X002HR48B9","B0GHDDRHPK","Sewing Thimble Metal Finger Protector – 2Pcs Adjustable Metal Thimbles for Hand Sewing, Embroidery & Needlework – Tailor DIY Sewing Accessories Tool Set","New","4.49","No",,"Yes","35","34","0","1","35","99.96","0","0","0","0","0","0","34","0","0","34",
"RPAJM086","X002HQYWBV","B0GHCMV7DP","6 Round Cake Boards, White Food-Safe, Oil-Resistant Thin Bases, For Birthday Cakes, Wedding Decorations, And Craft Projects","New","5.59","No",,"Yes","16","16","0","0","16","1849.44","0","0","0","0","0","0","16","0","0","16",
"RPAJM087","X002HR15D3","B0GHFF21KF","Bottle Opener Keyring, 2 Pcs Beer Opener, Mini Key Ring Bottle Opener, Aluminum Alloys Multi-Function Openers, Opener Keychain, for Party, Festivals, Gatherings","New","4.09","No",,"Yes","16","16","0","0","16","99.96","0","0","0","0","0","0","16","0","0","16",
"RPAJM088","X002HRAP0R","B0GHFHPRBD","KSEWJP 5900Hz Professional Dog Whistle with Lanyard, Black Standard Loud Sound Training Whistle for Obedience Herding Guide Dog Training","New","4.49","No",,"Yes","37","36","0","1","37","99.96","0","0","0","0","0","0","36","0","0","36",
"RPAJM089","X002HR9GA7","B0GHFCTZKM","Upgraded Pet Hair Removal Glove, Reusable Electrostatic Fur Remover for Furniture Clothes Carpet Car, Dog Cat Hair Remover Glove for Pet Owners","New","4.29","No",,"Yes","7","7","0","0","7","99.96","0","0","0","0","0","0","7","0","0","7",
"RPAJM090","X002HRAYIZ","B0GHFHQB1K","KSEWJP 2 Pcs Static Removal Gloves Pet Hair, Reusable Double Sided Grooming Gloves","New","5.69","No",,"Yes","23","23","0","0","23","99.96","0","0","0","0","0","0","23","0","0","23",
"RPAJM091","X002HR2AD7","B0GHD592L7","5 Pcs Star Cookie Cutters,Cutter Christmas Baking Pastry Set,Biscuit Cake Kids Gingerbread Mince Small Snowflake Cookies Usable,Shaped Mini Stainless Creative Hexagon Stars,for Christma Foods Shapes","New","4.59","No",,"Yes","39","39","0","0","40","99.96","0","0","1","0","0","0","39","0","0","39",
"RPAJM092","X002HR8GKX","B0GHFFGNFR","KSEWJP Pearl and Rhinestone Shoe Accessories Set (2-Piece) - Oval Design, Shoe Flowers, Fits Wedding Shoes, High Heels, and Everyday Footwear","New","5.08","No",,"Yes","0","0","0","0","0","99.96","0","0","0","0","0","0","0","0","0","0",
"RPAJM095","X002HR24JR","B0GHDRZQK6","#1M #2D #4B #6B Large Piping Nozzles, 4 pcs Stainless Steel Seamless Icing Piping Tips Set for Cupcakes and Baking","New","4.79","No",,"Yes","21","21","0","0","21","99.96","0","0","0","0","0","0","21","0","0","21",
"RPAJM096","X002HR4OB3","B0GHDDCD1F","Pill Boxes 7 Day 1 Times A Day for Hold Medication Vitamins","New","4.18","No",,"Yes","26","26","0","0","26","273.34","0","0","0","0","0","0","26","0","0","26",
"RPAJM097","X002HPQWTH","B0GH28FQ7Y","20 Pcs Toothbrush Head Covers - Portable & Protective Case for Travel & Home Use","New","4.86","No",,"Yes","13","13","0","0","13","441.3","0","0","0","0","0","0","13","0","0","13",
"RPAJM098","X002HR905X","B0GHFB7VLS","Mini Brayer Roller for Crafts -2 Pcs Small Rubber Ink Roller for Cricut Vinyl & Printmaking | Craft Paint Roller for Stamping and Scrapbooking","New","4.69","No",,"Yes","31","30","0","1","31","99.96","0","0","0","0","0","0","30","0","0","30",
"RPAJM099","X002HR643T","B0GHFLR9G8","4-Pack Xbox Wireless Controller Replacement Battery Covers, Battery Shell Covers for Xbox One S Controllers","New","4.89","No",,"Yes","94","78","1","0","94","544.54","0","0","0","0","0","0","78","0","15","93",
"RPAJM100","X002HR07ZF","B0GHCQRSJH","20 PCS Wire Connectors, Waterproof Automotive Wire Connectors 2-Pin, Quick 12V Automotive Wire Crimp Connectors for 18-22 AWG Wires, Plug-in Cable Terminals for Cars and Trucks.","New","5.29","No",,"Yes","42","42","0","0","42","99.96","0","0","0","0","0","0","42","0","0","42",
"RPAJM103","X002HR0H23","B0GHBTP97L","KSEWJP 2-Pack Cute cat Desk Edge Hooks, Table Hangers Without Drilling for Bags, Desktop Organiser Clip, Desk Hooks for Table, Handbag Hooks, Bag Holders","New","5.49","No",,"Yes","10","10","0","0","10","99.96","0","0","0","0","0","0","10","0","0","10",
"RPAJM104","X002HRA6LZ","B0GHFBB289","KSEWJP 3Pcs Dc Power Female To Female Jack Adapter 2.1X5.5Mm Connector For Cctv Camera","New","4.29","No",,"Yes","41","39","0","1","41","99.96","0","0","0","1","0","0","39","0","0","39",
"RPAJM105","X002HR90TJ","B0GHFCZPFB","KSEWJP 6 Pack Integrated Dart Flights with Shafts, 2BA Standard PP Molded Dart Stems, Durable Lightweight for Soft Tip Steel Tip Darts","New","5.49","No",,"Yes","12","11","0","1","12","99.96","0","0","0","0","0","0","11","0","0","11",
"RPAJM106","X002HR85OP","B0GHF6JW89","6 PCS Lanyard Pen Holder Clips – Silicone & Metal Pen Holders for Badge Lanyards, Keychains, Pencils, Pens Not Included, Colorful Pocket Pen Clips for Teachers and Office","New","3.99","No",,"Yes","14","14","0","0","44","99.96","0","30","0","0","0","0","14","0","0","14",
"RPAJM107","X002HR6N3F","B0GHFGLY4L","9V 2A Power Supply Adapter Crosley Cruiser Portable Turntable Record Player CR8005A I II III Series, 9V DC Power Supply Charger Power Cable for Record Player, Schwinn Exercise Bike, AC 100-240V, 1M","New","8.69","No",,"Yes","1","0","0","1","1","99.96","0","0","0","0","0","0","0","0","0","0",
"RPAJM108","X002HR0HHD","B0GHCR8395","Black and Grey Union Jack Flag Patch 3D PVC Rubber British Military Hook and Loop Emblem 8x5cm Army Airsoft Badge Police Security UK","New","6.29","No",,"Yes","31","28","0","3","31","99.96","0","0","0","0","0","0","28","0","0","28",
"RPAJM110","X002HR6QOB","B0GHFG3PSY","30A Heavy Duty Pure Copper Crocodile Clips, 4 Pcs Insulated Battery Clamps for Car Battery Charger & Jump Leads, Strong Jaws for Automotive DIY Electrical Projects and Emergency Car Starters","New","4.08","No",,"Yes","24","24","0","0","24","99.96","0","0","0","0","0","0","24","0","0","24",
"RPAJM111","X002HR6P9H","B0GHF9LH3N","3 Pieces Tuft Toothbrushes Slim Interspace Teeth Brush for Orthodontic Braces & Detail Cleaning","New","4.39","No",,"Yes","22","22","0","0","22","99.96","0","0","0","0","0","0","22","0","0","22",
"RPAJM112","X002HR20FZ","B0GHBDSDDT","Wide Tooth Comb for Curls, Comb for Curly Hair, Double-Row Tooth Combs for Curls, Wavy Combs With Wide Teeth, for Wet & Dry Hairs, Women Girl","New","3.16","No",,"Yes","0","0","0","0","0","99.96","0","0","0","0","0","0","0","0","0","0",
"RPAJM113","X002HPWQ29","B0GH2G72V6","Edge Stitch Lock and Sewing Gauge,Sewing Needle Measuring Tool,4 Piece Mini Sewing Finger Ruler for Even Stitches,4mm Sewing Template,DIY Machine Sewing Kit","New","4.09","No",,"Yes","27","27","0","0","27","99.96","0","0","0","0","0","0","27","0","0","27",
"RPAJM114","X002HR5JE9","B0GHFDY8L5","Union Jack Flag Pin Badge, Silver Plated Copper Brooch, Classic British Flag Lapel Pin for Royal Celebrations Street Parties Business Casual Wear","New","3.85","No",,"Yes","0","0","0","0","0","99.96","0","0","0","0","0","0","0","0","0","0",
"RPAJM115","X002I8JZPL","B0GKXXK1KP","Chewing Gum Box Tinplate Storage Box with Lid Rectangular Empty Flip for Case Organizer Container for Storing Nail Beads Manicu","New","3.69","No",,"Yes","3","2","0","1","23","99.96","0","20","0","0","0","0","2","0","0","2",
"RPAJM116","X002I8LG8F","B0GKYFS9KB","Beard Catcher - Large Shaving Apron with Suction Cups | Anti-Static Nylon Beard Bib for Men | Portable & Durable Gift for Father, Husband, Boyfriend(Black)","New","3.79","No",,"Yes","21","20","0","1","21","99.96","0","0","0","0","0","0","20","0","0","20",
"RPAJM118","X002I8HXXR","B0GKY8V8X7","2PCS Cat Collars with Bells,Cat Collar with Moon & Stars,Cats Collars Quick Release,Kitten Collar,Adjustable Lightweight Minimalist Colla-r,For Cates(Black/Green)","New","4.19","No",,"Yes","44","44","0","0","44","99.96","0","0","0","0","0","0","44","0","0","44",
"RPAJM119","X002I8LAIB","B0GKYDT2VG","Gold Retro Dragonfly Spoon Coffee Spoon Teaspoon Stainless Steel Tableware Creative Sugar Spoon Tea Spoon Stir Bar, Dessert Spoon, Cake Spoon, Long Handle Spoon Kitchen Gadget Antique Coffee Spoons","New","4.39","No",,"Yes","59","58","0","1","59","99.96","0","0","0","0","0","0","58","0","0","58",
"RPAJM120","X002I8MIHN","B0GKZR5T4G","Double Layer Waterproof Adult Shower Cap, Leopard Print with Red Trim Reusable Bath Cap, Multi-Purpose Hair Cover for Shower Kitchen Makeup","New","3.93","No",,"Yes","26","26","0","0","26","99.96","0","0","0","0","0","0","26","0","0","26",
"RPAJM121","X002I8VK45","B0GL111H8P","2Pcs Double Head Alligator Clip with Flexible Design, Metal Wire Clamp Clips for Desk Use, Adjustable Dual Clamp Holder Works as Photo Display Card Holder or Mosquito Coil Stand Tool","New","3.99","No",,"Yes","0","0","0","0","37","99.96","0","37","0","0","0","0","0","0","0","0",
"RPAJM122","X002I8Y1IH","B0GL1BW3KT","6 Pieces Modesty Panels for Low Cut Tops,Cleavage Cover up for Dresses, Lady Lace Clip-On Mock Camisole Bra Insert Overlay Modesty Panel Vest, Lady Lace Anti Peep Invisible Bra Vest","New","5.29","No",,"Yes","64","49","0","1","113","99.96","0","49","0","1","0","0","49","0","13","62",
"RPAJM124","X002I8W3YV","B0GL1GT55T","2 Pcs Black Thread, Strong Pro Polyester Sewing Thread, Durable Black Cotton Threads, Blacks Thread for Sewing, for Machine & Hand Stitchin, Ideal for Heavy Fabrics, Quilting, and DIY Projects","New","3.99","No",,"Yes","40","39","0","1","40","99.96","0","0","0","0","0","0","39","0","0","39",
"RPAJM125","X002I8VATP","B0GL1771CG","1Pc Black Adjustable Bib Holder Clips Napkin Holders Napkin Clip Neck Chain for Adult Napkin Holders Kitchen Accessories","New","4.59","No",,"Yes","26","25","0","1","56","99.96","0","30","0","0","0","0","25","0","0","25",
"RPAJM126","X002I8TAI3","B0GL1RGQ1D","Dog Leash Safety Clip – Handmade Backup Strap for Prong Collars, Dog Harness Connector for Secure Walking, Running, and Hiking Training","New","4.59","No",,"Yes","20","20","0","0","60","99.96","0","40","0","0","0","0","20","0","0","20",
"RPAJM127","X002I91FAD","B0GL1DK2Z9","2 Pcs Hair Combs Slides for Women, No Crease Magic Hair Clips and Hair Slides, Double Hair Comb Clip Styling Tool for Thick, Curly or Thin Hair Styling (Black, Brown)","New","4.29","No",,"Yes","25","25","0","0","25","99.96","0","0","0","0","0","0","25","0","0","25",
"RPAJM128","X002I8YWKJ","B0GL1JBTGK","Women Brooch Pins 4 Pcs 7.8cm/3.11inch Fashion Faux Pearl Brooch Pins Sweater Shawl Clips Safety Pins Pant Waist Tightener Pearl Pins Heavy Duty Safety Pins for Women Girls Clothing Dresses Decoration","New","4.01","No",,"Yes","35","35","0","0","35","99.96","0","0","0","0","0","0","35","0","0","35",
"RPAJM129","X002I8YMUT","B0GL21FSHR","4 PCS Pearl Brooch Pins for Women, Pearl Safety Pin Brooch Decorative Safety Pins Pants Clips Silver Pearls Shawl Pin for Women Sweater Scarves Shirt Dress Hat Scarfs","New","3.89","No",,"Yes","26","23","0","3","26","99.96","0","0","0","0","0","0","23","0","0","23",
"RPAJM130","X002I8YW4P","B0GL1M8TLM","2Pcs Collapsible Paint Brush Washer, Silicone Water Pot for Painting, Foldable Washing Bucket for Watercolor Acrylic Oil Painting, Portable Brush Cleaner(Pink and Blue)","New","5.99","No",,"Yes","6","6","0","0","6","99.96","0","0","0","0","0","0","6","0","0","6",
"RPAJM131","X002IA6EGR","B0GL8146T8","2 Pcs Golden Travel Ticket Scratch-Off Cards with White Envelope, Personalised Scratch Card Reveal, for Holiday Surprise, Birthday Gift","New","4.59","No",,"Yes","12","12","0","0","12","99.96","0","0","0","0","0","0","12","0","0","12",
"RPAJM132","X002I8TMNL","B0GL1GXFWW","3-Pack Glasses Strap – Adjustable Anti-Slip Sport Cord for Glasses & Sunglasses – Neck Retainer for Men, Women & Kids – Black, Blue, Red","New","4.79","No",,"Yes","14","14","0","0","14","99.96","0","0","0","0","0","0","14","0","0","14",
"RPAJM133","X002I8NZYN","B0GL1ZDC99","Credit Card Holder (20 Card Slots) RFID Wallet for Men, Genuine Leather Credit Card Protector, RFID Blocking Card Holder Wallet for Women & Men","New","5.89","No",,"Yes","18","17","1","0","58","99.96","0","40","0","0","0","0","17","0","0","17",
"RPAJM134","X002I925NJ","B0GL1B7C3H","20x24 Inch Mesh Laundry Bag with Drawstring, Machine Washable White Net Washing Backpack, Delicates Wash Bags for Home Travel Hotel College Dorm Apartment","New","5.99","No",,"Yes","23","23","0","0","23","1991.52","0","0","0","0","0","0","23","0","0","23",
"RPAJM136","X002IA69Z3","B0GL8FK1Q3","8pcs Colorful Metal Paper Clips and Binder Clips,Clip-on Pen Holders for Notebooks,Small and Medium Metal,Bookmark,Durable Office Supplies,Multi-Functional Paperclip Holders for Organizing","New","5.39","No",,"Yes","17","17","0","0","17","99.96","0","0","0","0","0","0","17","0","0","17",
"RPAJM137","X002I91MLP","B0GL2398S9","Rhinestone Flower Brooch Pin Tulip Floral Bouquet Brooch Elegant Flower Enamel Pin Vintage Bridal Wedding Corsage Lapel Pin Costume Jewelry For Women Girls","New","6.79","No",,"Yes","47","46","0","1","47","99.96","0","0","0","0","0","0","46","0","0","46",
"RPAJM138","X002I93BNH","B0GL24B274","2PCS Brooch Lapel Pin Chain for Men Crown Brooch Suit Tassel Collar Chains for Shirts Badge Hanging Chains Tuxedo Accessories Tie Pins for Women Men","New","6.59","No",,"Yes","40","35","0","0","60","99.96","0","20","0","0","0","0","35","0","5","40",
"RPAJM139","X002I945XH","B0GL2261JN","White Curtain Track Gliders Hooks Curtain Rail Slider Hooks Rollers Runners Eyes Hooks for Window Door Curtains 10mm x 6mm Slim Pack of 40","New","6.64","No",,"Yes","53","52","0","0","53","99.96","0","0","0","1","0","0","52","0","0","52",
"RPAJM140","X002I94KFP","B0GL23M72L","Headlight Clip - H7 Led Bulb Holders 1 Pair H7 Led Headlight Adapter Retainer Holder Socket Replacement For Benz B Class,Touareg,B0GL23M72L,Chery, Riich G5, and SAAB D5","New","4.63","No",,"Yes","30","29","0","1","30","99.96","0","0","0","0","0","0","29","0","0","29",
"RPAJM141","X002I93V0Z","B0GL28S86W","2pcs Mini Soccer Shin Guards, 3.54x2.36 Inch Youth Shin Guards Breathable Holes Design Football Tiny Small Shin Pads Anti-Skidding Protective Shin Guards for Men Women Boys Girls Adult Gift","New","4.39","No",,"Yes","9","8","0","1","9","99.96","0","0","0","0","0","0","8","0","0","8",
"RPAJM142","X002I94VJ5","B0GL28L15M","Purse Coin,2 PCS Genuine Leather Mini Backpack Keychain Charming Solid Color Pattern Coin Purse and Zip Pouch for Women Small Portable Keyring Bag Charm and Wallet Holder","New","4.64","No",,"Yes","30","29","0","1","30","99.96","0","0","0","0","0","0","29","0","0","29",
"RPAJM144","X002I903PB","B0GL2M3SCJ","2 PCS Windscreen Washer Jets, Front Windscreen Washer Spray Nozzle Jet 76810-SEA-A01 for Honda Fit Civic Ciimo CR-V","New","4.79","No",,"Yes","19","16","0","3","49","99.96","0","30","0","0","0","0","16","0","0","16",
"RPAJM145","X002I98GTB","B0GL2BT5LX","20 Pieces Fluorescent Valve Covers, Tire Accessories, Auto Accessories, Tire Dust Caps, Rubber Valve Covers, Tire Valve Covers for Cars, Trucks, Motorcycles, Etc.","New","4.39","No",,"Yes","21","21","0","0","21","99.96","0","0","0","0","0","0","21","0","0","21",
"RPAJM146","X002I97WAZ","B0GL2LS17Z","3PCS Pet Pill Dispenser for Small Cats Dogs, Pet Pill Popper Cat Pill Dispenser and Pill Popper for Dogs Set, Reusable Pet Medicine Dispenser with Soft Silicone Tips","New","4.59","No",,"Yes","18","17","0","1","18","99.96","0","0","0","0","0","0","17","0","0","17",
"RPAJM148","X002I96WQ5","B0GL2HNK8M","Wedding Stickers Silver White Envelope Stickers Personalised Self-Adhesive Wax Seal Sticker 4 Sheets of 100 Heart Sticker Wedding Envelopes for Envelopes Invitation","New","4.49","No",,"Yes","38","38","0","0","38","203.04","0","0","0","0","0","0","38","0","0","38",
"RPAJM149","X002I9714R","B0GL2F9VX8","3 Pcs Birthday Cake Toppers, Pull Flag Cake Inserts, Birthday Flag Decorations, Cake Party Decorations for Birthdays, Weddings, Party Decorations for Cakes and Desserts","New","4.29","No",,"Yes","6","5","0","1","26","99.96","0","20","0","0","0","0","5","0","0","5",
"RPAJM150","X002I9R7YL","B0GL55J8SG","Men Ladies PU Leather Coin Pouch Snap Top Purse Strong Metal Spring Closure Small Change Bag","New","4.69","No",,"Yes","26","24","0","2","56","99.96","0","30","0","0","0","0","24","0","0","24",
"RPAJM151","X002I9PS1Z","B0GL4TDD6F","Gelb Weiß Verlauf Almond Press On Nails 24 Pcs French Tip Pink Hawaii Flower Gold Rhinestones Art Nails for Gluing Summer Manicure Set for Women Teenagers Vacati","New","3.79","No",,"Yes","23","22","0","1","23","99.96","0","0","0","0","0","0","22","0","0","22",
"RPAJM152","X002I9PQM1","B0GL5K37GG","Outboard Kill Switch, Boat Engine Motor Kill Stop Switch, Outboard Engine Ignition Emergency Kill Stop Switch Key Lanyard Rope Clip (for All Series)+quickstop boot","New","5.09","No",,"Yes","4","4","0","0","114","99.96","0","110","0","0","0","0","4","0","0","4",
"RPAJM154","X002I9VTH7","B0GL58RQ4M","Set of 8 Clear Dyslexia Overlays for Visual Support, Colored Overlays for Reading Dyslexia to Minimize Visual Stress, Enhance Concentration and Comfort While Reading, Serve As Reading Guide","New","4.09","No",,"Yes","15","14","0","1","15","99.96","0","0","0","0","0","0","14","0","0","14",
"RPAJM155","X002I9IF3X","B0GL645Y63","4 Pcs/Set PVC Solid Color Right-Angle Table Corner Protective Cover Anti-Collision for Protection Angle for Babies Kids Baby Proofing Edge Guards Black for Furniture White Baby Safety","New","4.69","No",,"Yes","1","0","0","1","1","99.96","0","0","0","0","0","0","0","0","0","0",
"RPAJM156","X002I9T9X3","B0GL58YDW7","Carpet Scraper, 3 in 1 Pet Hair Remover by Pet Hair Lint Remover,Carpet Scraper Tool,Carpet Rake,Lint Remover,Dog Hair Remover and Cat Hair Remover(3 Types Scraping Head)","New","4.59","No",,"Yes","1","0","0","1","1","99.96","0","0","0","0","0","0","0","0","0","0",
"RPAJM157","X002I9T1RR","B0GL53WKP1","PLEASE BE PATIENT WITH ME I HAVE AUTISM Enamel Pin Multi Color Autism Puzzle Piece Brooch Lapel Pin Autism Awareness Accessories Jewelry Gifts","New","4.89","No",,"Yes","0","0","0","0","0","99.96","0","0","0","0","0","0","0","0","0","0",
"RPAJM158","X002I9IGJ1","B0GL4YW437","4 Pcs Dreadlock Interlocking Tool Professional Dreadlock Crochet Hook Hair Styling Crochet Needles for Women Hairstyles DIY Handcraft","New","4.79","No",,"Yes","10","10","0","0","10","99.96","0","0","0","0","0","0","10","0","0","10",
"RPAJM159","X002I9TALT","B0GL5H773J","Self-Adhesive Sticky Clips - 20 PCS Double-Sided Adhesive Spring Clips for Wall, Perfect for Tapestry, Posters, Photos, Memo Notes, Office & Home Use","New","4.19","No",,"Yes","18","18","0","0","18","99.96","0","0","0","0","0","0","18","0","0","18",
"RPAJM160","X002I9SR7H","B0GL698KH1","Double Ended Lead for Dogs, Bolt Snap Hooks Zinc Alloy Double End Clip Silver Diving Clip Trigger Snaps for Diving Dog Leash Key Chain Horse Tack Pet Feed Buckets","New","4.69","No",,"Yes","16","15","0","1","46","99.96","0","30","0","0","0","0","15","0","0","15",
"RPAJM161","X002I9WBVZ","B0GL6FPP4D","2 rubber sink stoppers, drain stopper outer diameter 4.2 cm x inner diameter 3.7 cm, suitable for kitchen sinks, washbasins, and bathtubs","New","4.09","No",,"Yes","38","37","0","1","38","99.96","0","0","0","0","0","0","37","0","0","37",
"RPAJM162","X002I9Q2FL","B0GL6Y7R9G","Dual Interface Track Spikes Wrench, Aluminum Alloy Non-Slip Shoe Adjustment Tool, Silver M5 Spikes Key for Soccer Football Shoes","New","4.09","No",,"Yes","23","19","0","2","23","99.96","0","0","0","0","0","0","19","0","2","21",
"RPAJM165","X002I9X8RL","B0GL6724YH","Golf Putting Cup with Flag - Indoor Putting Green Adults Putter Practice, Plastic Golf Simulator Training Aids for Men Women Indoor Outdoor Home Office Yard Lawn Garage Backyard","New","4.39","No",,"Yes","18","18","0","0","18","99.96","0","0","0","0","0","0","18","0","0","18",
"RPAJM166","X002I9UTJL","B0GL6V4N4W","Cable Organiser Bag Travel Essentials Canvas Makeup Bag All My Charging Stuff Bag Toiletry Electronics and Accessories Storage Pouch Funny Cosmetic Bags with Zipper Gifts for Women Men","New","5.39","No",,"Yes","28","26","0","2","28","99.96","0","0","0","0","0","0","26","0","0","26",
"RPAJM167","X002IA5NHX","B0GL89MQR7","4Pcs Multicolored Puff Phone Screen Cleaner, Reusable Portable Puff Cleaning Ball with Lanyard Suitable for Wiping Mobile Phone Screens and Eyeglass Lenses Eye Glasses Cleaner","New","4.99","No",,"Yes","9","8","0","1","9",,"0","0","0","0","0","0","8","0","0","8",
"RPAJM168","X002I9MVI3","B0GL6YTJN8","4 Piece Vintage Kitchen Cupboard Handles Set Modern Minimalist Antique Brass Drawer Pulls with Screws | 30mm/1.1Inch Diameter Cabinet Door Knobs for Cupboards & Drawers","New","4.79","No",,"Yes","6","5","0","1","26","99.96","0","20","0","0","0","0","5","0","0","5",
"RPAJM170","X002I9Y055","B0GL76VQJR","2PCS Cute Butterfly Silicone Luggage Tags, Stylish Travel Bag Identifiers, Luggage Tags for Suitcases with Name Card Holder Suitcase Tag for Easy Identification, Suitcase Labels for Travel Accessories","New","5.89","No",,"Yes","25","22","0","3","25","99.96","0","0","0","0","0","0","22","0","0","22",
"RPAJM171","X002IA1G0L","B0GL6ZWSXV","Tyre Inflator Quick Connect Adapter, Zinc Alloy Air Pump Thread Nozzle Converter, Universal Tire Valve Chuck for Cars Trucks Motorcycles SUVs Bikes","New","4.79","No",,"Yes","9","9","0","0","9","99.96","0","0","0","0","0","0","9","0","0","9",
"RPAJM172","X002IA4F95","B0GL7GWHKM","Fingerless Cycling Gloves, Half Finger Work Gloves for Men and Women, Anti-slip Breathable Thin Glove for Driving Workout Weight Lifting Gym Bike Hiking Gloves","New","5.98","No",,"Yes","37","37","0","0","37","99.96","0","0","0","0","0","0","37","0","0","37",
"RPAJM173","X002IA4FVX","B0GL7G1SBM","2 Pairs Anti-Slip Shirt Sleeve Holders, Elastic Adjustable Armbands for Men, Expandable Shirt Armbands - Black, Navy Blue, Width 1Inch","New","5.89","No",,"Yes","22","22","0","0","22","99.96","0","0","0","0","0","0","22","0","0","22",
"RPAJM174","X002I9N5UL","B0GL7KR336","Feather Bookmark, Pressed Flowers Resin Bookmark, Glow in The Dark Page Holder for Women, Teachers, Book Lovers, Kids – Purple","New","4.99","No",,"Yes","18","15","0","3","18","99.96","0","0","0","0","0","0","15","0","0","15",
"RPAJM175","X002IADTKV","B0GL8LWKWQ","4 Pcs Black Elastic Straight Garter Belts Clips Stocking Clamps Suspender Straps Shirt Sock Stays Holder, Women's Garters and Suspenders, Stockings and Garters","New","6.89","No",,"Yes","17","16","0","1","37","99.96","0","20","0","0","0","0","16","0","0","16",
"RPAJM176","X002IA4QA3","B0GL7L6D17","5-Button Car Key Fob Cover Protector Compatible with Land Rover Defender, Discovery, Evoque, LR4, Freelander, Range Rover Sport, Velar, Vogue","New","5.69","No",,"Yes","36","36","0","0","36","99.96","0","0","0","0","0","0","36","0","0","36",
"RPAJM177","X002IA1FBB","B0GL7Q6P7V","1 Pcs Pencil Case Plush Pouch Cute Makeup Bag Cosmetic Pouch Bag Large Stationery Pouch for Girl Child School Home Use","New","6.29","No",,"Yes","36","34","0","2","36","99.96","0","0","0","0","0","0","34","0","0","34",
"RPAJM178","X002IA3BEZ","B0GL7R5YMK","Flashlight Holster, Torch Cover Holder, Nylon Belt Torch Pouch Holder for 16cm-17cm Flashlight","New","5.69","No",,"Yes","17","17","0","0","57","99.96","0","40","0","0","0","0","17","0","0","17",
"RPAJM180","X002IA387Z","B0GL7V8RGN","10 Pcs 2 Pin 8mm COB LED Strip Light Connectors, Solderless Quick LED Strip Connectors for Waterproof and Non-Waterproof, Gapless LED Adapter Perfect for DIY Projects Professional Use [Energy Class A]","New","5.09","No",,"Yes","32","31","0","1","32","99.96","0","0","0","0","0","0","31","0","0","31",
"RPAJM184","X002IA3Q09","B0GL7QLSWC","Leaving Gifts for Colleagues Thank You for Women Men Employee Appreciation Retirement Gifts Bookmark for Coworkers Nurse Teacher Mentor Coach Volunteers Empolyees","New","4.19","No",,"Yes","15","14","0","0","15","99.96","0","0","0","1","0","0","14","0","0","14",
"RPAJM185","X002IA1ODF","B0GL7MZ3NJ","2pcs Hood Bonnet Rod Support Prop Clip Stay Clamp Holder Compatible with C2 C3 C4 C5 106 206 306 3008 407 Partner B9 792834 7928.34","New","3.99","No",,"Yes","20","20","0","0","50","99.96","0","30","0","0","0","0","20","0","0","20",
"RPAJM186","X002IA3ELP","B0GL7ZPCXD","Car H7 LED Headlight Bulb Adapter Socket Base Holders (Pack of 2)","New","4.29","No",,"Yes","29","28","0","1","29","99.96","0","0","0","0","0","0","28","0","0","28",
"RPAJM187","X002I9QIQT","B0GL7WBDC4","2PCS Mesh Laundry Bags for Washing Machine – 30x40cm Delicates Laundry Bag with Premium Zipper, Reusable Washing Bags for Bras, Socks, Baby Clothes, Lingerie & Travel Use","New","3.59","No",,"Yes","4","3","0","1","4","99.96","0","0","0","0","0","0","3","0","0","3",
"RPAJM188","X002IA1JZN","B0GL7NPBTB","5 PCS Spring Hooks for Rabbit Cage - Multifunctional Spring Door Latch for BIRDCAGES, Pet Cages - Fixing Rabbit, Dog, Cat, Parrot, Guinea Pig, Bunny Doors","New","4.39","No",,"Yes","30","30","0","0","30","99.96","0","0","0","0","0","0","30","0","0","30",
"RPAJM189","X002IA1IUT","B0GL7YPZZJ","Bride & Groom Cake Topper, Acrylic Wedding Cake Topper 15.5cm×10.5cm, Mr & Mrs Black Couple Decoration (15.5cm Height x 10.5cm Width)","New","4.04","No",,"Yes","19","18","0","1","19","99.96","0","0","0","0","0","0","18","0","0","18",
"RPAJM190","X002I9WW4V","B0GL75H227","30A Crocodile Clips Jump Lead Clamps - 4 Pcs Heavy Duty Pure Copper Alligator Clips - Car Battery Crocodile Clip Electrical with Insulated Rubber Grip - Strong Jaw Clamp for Auto & DIY (Red/Black)","New","4.09","No",,"Yes","27","22","0","0","27","99.96","0","0","0","0","0","0","22","0","5","27",
"RPAJM191","X002I9XKZV","B0GL7G5PZB","4PCS Spiral Hair Ties Set - Heart Design Telephone Wire Bands, No Damage Elastic Coil Scrunchies for Women & Girls, Ponytail Holders for Wedding Birthday Party Daily Hair Accessories","New","4.79","No",,"Yes","12","8","0","4","32","99.96","0","20","0","0","0","0","8","0","0","8",
"RPAJM192","X002I9N8AX","B0GL7BQR51","10 PCS Self Adhesive Hooks, Transparent Reusable Non-Marking Plastic Stick on Hooks for Bathroom, Kitchen and Door","New","4.09","No",,"Yes","20","16","0","4","20","99.96","0","0","0","0","0","0","16","0","0","16",
"RPAJM193","X002IA15V1","B0GL782MZM","10 Pack Microfiber Glasses Cleaning Cloths, 15×18cm Washable Reusable Lens Wipes, Soft Lint-Free Cloths for Eyeglasses Screens Camera Lenses Jewelry","New","3.59","No",,"Yes","0","0","0","0","50","99.96","0","50","0","0","0","0","0","0","0","0",
"RPAJM194","X002IA4CED","B0GL76W839","Foundation Brush for Liquid Makeup,Makeup Brush Super Flat Top Thin Traceless","New","3.69","No",,"Yes","36","36","0","0","36","99.96","0","0","0","0","0","0","36","0","0","36",
"RPAJM196","X002I9XZCJ","B0GL7174XV","Small Pill Box, Organizer for Travel, Moisture-Proof 3 Compartment Pill Case for Daily Travel Work Vitamins Medication","New","3.79","No",,"Yes","0","0","0","0","30","99.96","0","30","0","0","0","0","0","0","0","0",
"RPAJM197","X002IAE6I5","B0GL8G6X6K","5D Relief Nail Stickers Gold with Design Self-adhesive Nail Art Stickers for Artificial Nails","New","4.39","No",,"Yes","22","20","0","2","22","99.96","0","0","0","0","0","0","20","0","0","20",
"RPAJM198","X002I9TH5X","B0GL6S6NCC","6-Piece Adhesive Wall Mounted Shower Poles Extendable No Drill,Not Include Shower Curtain Rod，Strong Stick-on Bathroom Accessories，Shower Pole Holder(Rod Not Included)","New","3.99","No",,"Yes","12","11","0","1","12","99.96","0","0","0","0","0","0","11","0","0","11",
"RPAJM199","X002I9TIL1","B0GL6J623W","2Pcs PU Leather Guitar Headstock Strap Tie Guitar Neck Strap Button Headstock Adapter Retro for Acoustic Electric Ukulele","New","4.19","No",,"Yes","17","16","0","1","17","99.96","0","0","0","0","0","0","16","0","0","16",
"RPAJM200","X002I9XCFT","B0GL6KQVV6","2 Pieces Stainless Steel Fishing Unhooking Disgorger Portable Fishing Hook Remover Unhook Extractor Supplies","New","4.29","No",,"Yes","25","25","0","0","25","99.96","0","0","0","0","0","0","25","0","0","25",
"RPAJM201","X002I9TEDX","B0GL5XKQ64","8 Pcs Reusable Chopstick Helper, Hinges Trainers Chopsticks Reusable, Chopsticks for Beginners for Many Age (Chopstick Not Included)","New","3.79","No",,"Yes","27","27","0","0","27","99.96","0","0","0","0","0","0","27","0","0","27",
"RPAJM202","X002I9MQV5","B0GL5F1DYM","Bonnet Stay Clip Hood Prop Retainer for FORD/FIESTA 2008 Onwards, Replace OE 16828 1763358 8A6116828AC","New","4.39","No",,"Yes","30","26","0","4","50","99.96","0","20","0","0","0","0","26","0","0","26",
"RPAJM203","X002I9MPJX","B0GL6HFSQN","Pack of 4 Black Zipper Pull, Metal Zip Tags Cord Pulls, Zip Puller Replacement for Backpacks, Bags, Luggage, Suitcases, Jackets","New","3.89","No",,"Yes","37","36","0","1","37","99.96","0","0","0","0","0","0","36","0","0","36",
"RPAJM204","X002I9VEF9","B0GL6C7W6B","Bling Dust Caps, 4 Pack Sparkling Handmade Crystal Diamond Rhinestone Car Tyre Valve Caps Universal Bling Car Valve Stem Covers Chrome Attractive Dustproof (Pink)","New","4.49","No",,"Yes","32","31","0","1","32","99.96","0","0","0","0","0","0","31","0","0","31",
"RPAJM205","X002I9VUSF","B0GL69KY9M","10 Pcs Silver Hair Scissors Rubber Silencer Rubber Muffler Silencer Accessories, Styling Tools Barber Salon Replacement Shears Hair Cutting Tools (3mm)","New","4.69","No",,"Yes","31","30","1","0","31","4.75","0","0","0","0","0","0","30","0","0","30",
"RPAJM206","X002I9MN59","B0GL5TLQ6S","Metal Cutting Dies, Dove Cross Die, for Scrapbooking Card Making Supplies Embossing, DIY Scrapbooking Cutting Dies Card Making Die-Cutting Embossing Accessories (7.7x5CM)","New","4.19","No",,"Yes","40","39","0","1","40","99.96","0","0","0","0","0","0","39","0","0","39",
"RPAJM207","X002I9SNIP","B0GL585885","2PCS Press Cafetiere Coffee Filter Mesh, Replacement Stainless Steel Reusable Mesh Filters Screen 4 Inch for 8 Cup/ 34 OZ/ 1000 ML Coffee Tea Makers Y3FYHLW","New","3.79","No",,"Yes","23","23","0","0","23","99.96","0","0","0","0","0","0","23","0","0","23",
"RPAJM208","X002I9V2GP","B0GL4JLQHN","53.5mm Puck Screen 1.2mm, 304 Stainless Steel for Sage 54mm Portafilter, with Acrylic Storage Box","New","7.59","No",,"Yes","8","8","0","0","38","99.96","0","30","0","0","0","0","8","0","0","8",
"RPAJM211","X002I95M4N","B0GL2GP7M8","2 Pcs Velvet Scrunchie, Hair Accessories, Shiny and Soft Jersey Fabric Scrunchie Elastic Hair Band, Scrunchy Holder for Women Girl Kids (Black)","New","4.19","No",,"Yes","21","21","0","0","21","99.96","0","0","0","0","0","0","21","0","0","21",
"RPAJM212","X002I96PAX","B0GL2C1CP2","2PCS Slim PU Leather Pencil Pouch, Portable Zipper Bag, Thin Zipper Stationery Bag, Small Fountain Pen Holder, Vintage Pencil Organizer for Women Men Home, Office, Travel Outdoor(Black, Brown)","New","4.89","No",,"Yes","0","0","0","0","0","99.96","0","0","0","0","0","0","0","0","0","0",
"RPAJM213","X002I98HEP","B0GL1XZ6N5","Soft Bristles Car Interior Cleaning Brush Set, 3Pcs Curved Crevice Detailing Brushes for Dashboard, Air Vent & Screen Cleaning","New","3.79","No",,"Yes","10","9","0","1","10","99.96","0","0","0","0","0","0","9","0","0","9",
"RPAJM214","X002I98GT1","B0GL286YXH","Dandruff Comb, Hollow Tooth Button Comb, Detoxing Energy Massage Combs, Scalp Psoriasis Combs Dandruff Removal Lice Multifunctional Hairbrush For Women Men Kids","New","4.09","No",,"Yes","25","19","0","1","25","117.82","0","0","0","0","0","0","19","0","5","24",
"RPAJM215","X002I94Y3D","B0GL1TBR66","2 PCS Wooden Latch Hook Crochet Tool Set, Latch Hook Kits for Hair Crochet, Rug Making, and Other Art Crafts, Durable and Versatile for DIY Arts & Crafts.","New","6.55","No",,"Yes","38","36","0","2","38","99.96","0","0","0","0","0","0","36","0","0","36",
"RPAJM217","X002I94U37","B0GL274L8L","6pcs I Love You Drive Safe Mirror Sticker, Car Rear View Decals Safely Driving Stickers Vehicles Vinyl Rearview Mirror Window Decor with Love Automotive for Driver Gifts Accessories (White, Black)","New","4.09","No",,"Yes","9","7","0","1","9","99.96","0","0","0","1","0","0","7","0","0","7",
"RPAJM221","X002I94C4J","B0GL26GGZS","Label Maker Tape Thermal Paper 0.47"" x 1.57""(12×40mm) Printer Sticker Labeling Tape with Self-Adhesive for P15/P12/P11/D30/D32/D35/Q30 Label Maker,1 Roll of 160 (White)","New","5.39","No",,"Yes","21","20","0","1","21","99.96","0","0","0","0","0","0","20","0","0","20",
"RPAJM222","X002I94AA5","B0GL244F8N","6 Pack Double Layer Stainless Steel Scrubber Cloths, 20x20cm Non-Scratch Wire Cleaning Rags for Kitchen Sink Stove Pots Pans Dishes","New","6.09","No",,"Yes","10","10","0","0","10","822.47","0","0","0","0","0","0","10","0","0","10",
"RPAJM224","X002I9215L","B0GL228WLH","M&S Engagement Rose Gold Silver Mum Mom Stainless Steel 9mm Italian Link Charm Compatible With 9mm Bracelet","New","7.19","No",,"Yes","25","25","0","0","25","99.96","0","0","0","0","0","0","25","0","0","25",
"RPAJM225","X002I8U1PT","B0GL1QLX36","3D Total Blackout Sleep Mask for Men Women, Pressure-Free Ergonomic Eye Mask, Breathable Memory Foam Blindfold for Travel Nap Sleeping","New","4.79","No",,"Yes","5","2","0","3","25","99.96","0","20","0","0","0","0","2","0","0","2",
"RPAJM226","X002I92VZV","B0GL1S38PX","2pcs 3.2ft x 6.5ft Foil Curtain Decorations,Champagne Gold Tinsel Foil Fringe Curtains Streamers Backdrop for Birthday Graduation Wedding Engagement Bridal Shower Bachelorette Holiday Party Decoration","New","5.49","No",,"Yes","11","10","0","1","11","949.79","0","0","0","0","0","0","10","0","0","10",
"RPAJM227","X002I8Y2EZ","B0GL23GF39","Lip Balm Holder Keychain for Lipstick, Lip Balm Keychain Holder with Clip","New","4.29","No",,"Yes","15","15","0","0","45","99.96","0","30","0","0","0","0","15","0","0","15",
"RPAJM228","X002I907B1","B0GL23X6KQ","Elastic Button Extenders for Men and Women, Waist Extenders Adjustable for Pants, Trousers, Dress and Jeans, 6-Pack (3 Colors, Style 3)","New","5.39","No",,"Yes","22","18","0","3","22","99.96","0","0","0","0","0","0","18","0","1","19",
"RPAJM229","X002I8NUON","B0GL1JCDZK","White 6mm Flat Oval Shoelaces, 140cm Premium Nylon Replacement Laces, Durable Non-Slip Laces for Adult Trainers Running Shoes Casual Sneakers","New","4.79","No",,"Yes","26","26","0","0","26","99.96","0","0","0","0","0","0","26","0","0","26",
"RPAJM230","X002I8YHZJ","B0GZZ5MDDW","Flat Serrated Running Shoe Laces, 120cm x 6-7mm Black Replacement Shoelaces, Durable Nylon Laces for Trainers Road Racing Shoes Soccer Cleats","New","4.39","No",,"Yes","10","10","0","0","10","99.96","0","0","0","0","0","0","10","0","0","10",
"RPAJM231","X002I8TFDN","B0GL19V6QH","2 Pairs Gray Oval Athletic Shoelaces, 120cm x 6mm Half Round Polyester Shoe Laces, Durable Non-Slip Laces for Adult Trainers Running Shoes Casual Shoes","New","5.26","No",,"Yes","39","38","0","1","39","99.96","0","0","0","0","0","0","38","0","0","38",
"RPAJM232","X002I8YH77","B0GL1HYM7W","2 Pairs Black Waxed Cotton Shoe Laces, 7mm Flat 120cm Waterproof Boot Laces, Durable Wax Coated for Leather Boots Work Shoes Casual Footwear","New","4.49","No",,"Yes","7","6","0","1","7","99.96","0","0","0","0","0","0","6","0","0","6",
"RPAJM233","X002I91W8X","B0GL1LT9KP","Universal Soft Hand Strap for 6-7 Inch EReader Tablet, Compatible with Kobo/PocketBook/Tolino/Sony/Paperwhite/Nook, High Elasticity Hand Strap For Tablet, Pink","New","4.99","No",,"Yes","28","26","0","1","28","99.96","0","0","0","0","0","0","26","0","1","27",
"RPAJM234","X002I8YEVB","B0GL1H7PZ9","5 PCS 6 inches Large Pull Bows, Bow for Wrapping, Ribbon Bows for Wedding Christmas Birthday Party Gift Baskets or Valentine's Day Flower Gift Boxes Decoration (Gold)","New","4.89","No",,"Yes","15","13","0","2","15","1595.77","0","0","0","0","0","0","13","0","0","13",
"RPAJM235","X002I8YQ6J","B0GL17KM69","Nail Cleaning Brush, Plastic Handle Scrubbing Brush with Soft Bristles for Hand Toes Nail Home Garden Salon Use","New","5.69","No",,"Yes","16","15","0","1","16","99.96","0","0","0","0","0","0","15","0","0","15",
"RPAJM236","X002I95K1N","B0GL2BCGWN","Friendship Gifts for Women - Friend Gift Cosmetic Bags, Funny Gifts for Friends, Bestie Gift for Womens Makeup Bag，Birthday Present for Women Friends","New","4.79","No",,"Yes","48","48","0","0","48","99.96","0","0","0","0","0","0","48","0","0","48",
"SD2500801","X002DIBZWH","B0FLQ6312X","4.3 Inches Glitter Star Mini Christmas Tree Topper Shatter-Proof Small Christmas Tree Decoration Treetop for Holiday Ornament or Home Décor (Silver)","New","2.29","No",,"Yes","0","0","0","0","0","99.96","0","0","0","0","0","0","0","0","0","0",
"SD2500802","X002DIDDFT","B0FLPYCMP7","Glitter Star Mini Christmas Tree Topper Shatter-Proof Small Christmas Tree Decoration Treetop for Holiday Ornament or Home Décor,tree topper mini,star for christmas tree small(Silver)","New","3.99","No",,"Yes","0","0","0","0","0","760.2","0","0","0","0","0","0","0","0","0","0",
"SD2500803","X002DIBZLD","B0FLQ284PB","Glitter Star Mini Christmas Tree Topper Shatter-Proof Small Christmas Tree Decoration Treetop for Holiday Ornament or Home Décor small christmas tree star blue christmas tree topper (Blue)","New","2.49","No",,"Yes","1","1","0","0","1","99.96","0","0","0","0","0","0","1","0","0","1",
"SD2500804","X002DIDZS9","B0FLQ2YRTQ","4.3 Inches Glitter Star Mini Christmas Tree Topper Shatter-Proof Small Christmas Tree Decoration Treetop for Holiday Ornament or Home Décor (Gold)","New","2.29","No",,"Yes","0","0","0","0","0","382.15","0","0","0","0","0","0","0","0","0","0",
"SD2500805","X002DIDQ47","B0FLQ58TRD","60 Pcs Black Hooks for Securing Outdoor String Lights, Meteor Shower Icicle Lights on Wedding Christmas Halloween Garden Tree Home Decor ，Gutter Hooks for Lights","New","5.09","No",,"Yes","0","0","0","0","0","99.96","0","0","0","0","0","0","0","0","0","0",
"SD2500806","X002DIE173","B0FLQ486SK","Christmas Berries Red Stems Evergreen Pine Branches, Spray Artificial Pine Cones Holly Stem Craft Winter Holiday Floral Picks for Décor DIY Xmas Garland Wreath Ornament,pinecones,christmas ornaments","New","4.09","No",,"Yes","0","0","0","0","0","722.01","0","0","0","0","0","0","0","0","0","0",
"SD2500807","X002DIHNSR","B0FLQ5QBJ3","Pack of 5 Christmas Tree Cat Pendants, Acrylic Cartoon Cat Decorative Ornaments, 2D Fun Christmas Pendant Decoration","New","3.79","No",,"Yes","0","0","0","0","0","169.61","0","0","0","0","0","0","0","0","0","0",
"SD2500808","X002DI7WPB","B0FLQ3R82Q","Scarf & Wooden Decorations | Flat Chicken Ornaments & Tree Decorations | Cute Chicken Wings for Christmas","New","5.49","No",,"Yes","0","0","0","0","0","225.16","0","0","0","0","0","0","0","0","0","0",
"SD2500810","X002DIGHZ7","B0FLQ593F5","Reindeer Faceted Crystal Christmas Stud Earrings Womens Girls Jewellery Secret Santa Stocking Filler,ear studs for women,stud earrings for girls,birthstone earrings for women","New","3.49","No",,"Yes","0","0","0","0","0","76.36","0","0","0","0","0","0","0","0","0","0",
"SD25008102","X002DZZIMD","B0FNR62BY5","Women's Christmas Earrings - Hypoallergenic Christmas Tree Snow Stud Earrings Women's Holiday Jewelry Gift","New","3.09","No",,"Yes","0","0","0","0","0","99.96","0","0","0","0","0","0","0","0","0","0",
"SD25008104","X002DZX05F","B0FNR5B3WY","Traditional Glossy Christmas Tree Toppers Decoration Star Treetop Ornaments Holiday Decoration for Home Decor","New","3.09","No",,"Yes","0","0","0","0","0","170.1","0","0","0","0","0","0","0","0","0","0",
"SD25008107","X002E0075P","B0FNR8QTST","Glitter Star Christmas Tree Topper Decoration Shatter-proof Treetop Star Xmas Ornament for Christmas Holiday Tree Party Decoration or Home Decor(Red)","New","2.59","No",,"Yes","0","0","0","0","0","1118.74","0","0","0","0","0","0","0","0","0","0",
"SD25008108","X002DZXSHZ","B0FNRCWW3N","Christmas Tree Bows Sliver Bows for Large Topper Bow for Christmas Tree Ornaments, Wreath Decorations, 9.8x10.6inches/25x27cm","New","5.49","No",,"Yes","0","0","0","0","0","4361.58","0","0","0","0","0","0","0","0","0","0",
"SD25008116","X002E051X3","B0FNRD1MNJ","6 Pcs Star Christmas Tree Hanging Decorations - Small Glitter Xmas Star Pendant Tree Ornaments for Xmas Party (Colorful)","New","2.89","No",,"Yes","0","0","0","0","0","303.65","0","0","0","0","0","0","0","0","0","0",
"SD25008118","X002E02WT9","B0FNRFT8Y2","Glitter Icicle Decorations Christmas Tree Trims Gold Icicles For Christmas Tree (Red)","New","3.39","No",,"Yes","1","1","0","0","1","0.98","0","0","0","0","0","0","1","0","0","1",
"SD2500812","X002DIGHFR","B0FLQ21SQ9","Acrylic Snowman Christmas Tree Hanging Ornaments - Exquisite Snowman Xmas Tree Decorations for Home Holiday Party Supplies","New","2.49","No",,"Yes","0","0","0","0","0","99.96","0","0","0","0","0","0","0","0","0","0",
"SD25008120","X002E069B1","B0FNRL3XB4","Christmas Tree Topper Decoration 3 PCS Pentagram Decorative Holiday 4 inch Sparkle Star Themed Ornament Glitter Stars Seasonal Decor Sparkle Holder Thanksgiving Home Decorate Festive Atmosphere","New","3.29","No",,"Yes","2","0","0","0","2","526.19","0","0","0","2","0","0","0","0","0","0",
"SD25008128","X002E0YF5X","B0FNW9NF12","Star Tree Topper Decoration Christmas Topper Star Christmas Tree Ornament (Red)","New","2.09","No",,"Yes","0","0","0","0","0","303.49","0","0","0","0","0","0","0","0","0","0",
"SD2500813","X002DIEFL5","B0FLQ598R2","Christmas Earrings Women Xmas Jewellery Presents for Girls, Spiral,Festive Earrings for Women, Green & Gold","New","3.69","No",,"Yes","0","0","0","0","0","99.96","0","0","0","0","0","0","0","0","0","0",
"SD25008130","X002E14NKT","B0FNWC71G9","Christmas Earrings For Women, Santa Hat Earrings Handmade Gifts For Ladies Girls","New","3.19","No",,"Yes","0","0","0","0","0","99.96","0","0","0","0","0","0","0","0","0","0",
"SD25008131","X002E13VOD","B0FNWC7YHW","Women's Silver Christmas Stud Earrings, Silver Christmas Tree Elk Stud Earrings","New","3.19","No",,"Yes","0","0","0","0","0","24.09","0","0","0","0","0","0","0","0","0","0",
"SD25008136","X002E13JGN","B0FNWDP3LS","4pcs Christmas Tree Cat Pendant, Acrylic Christmas Tree Cat Decoration, Cute Pendant Decoration","New","2.99","No",,"Yes","0","0","0","0","0","99.96","0","0","0","0","0","0","0","0","0","0",
"SD25008138","X002E14VND","B0FNWGGBH4","Christmas Earrings For Women, Christmas Tree Pendant Earrings With Shiny Cubic Zirconia, Gift For Girls","New","4.09","No",,"Yes","0","0","0","0","0","47.36","0","0","0","0","0","0","0","0","0","0",
"SD2500814","X002DI8AFH","B0FLQ71CTJ","Christmas Tree Ornaments with Strings Hanging for Home and Office Decorations - Santa Claus Sleigh","New","3.19","No",,"Yes","0","0","0","0","0","99.96","0","0","0","0","0","0","0","0","0","0",
"SD25008141","X002E11G2R","B0FNWD5G5T","Christmas Ornaments Gift, Cute Mini Santa Claus Style Hanging Decorations for Christmas Tree Party Decorations (Colorful)","New","3.49","No",,"Yes","0","0","0","0","0","513.41","0","0","0","0","0","0","0","0","0","0",
"SD25008144","X002E1FXBH","B0FNWS6D4P","Christmas Tree Decorations Cute Snow Leopard Baby Christmas Pendant Hangs CarDecoration Hanging Novelty Acrylic Baubles Creative Crafts Ornament Xmas Decor Stunning Unusual Gift","New","2.19","No",,"Yes","0","0","0","0","0","40.31","0","0","0","0","0","0","0","0","0","0",
"SD25008149","X002E15BTV","B0FNWK79MV","Women Girls Christmas Stud Earrings, Snowflake Earrings Cubic Zirconia Stud Winter Jewelry Christmas Party Birthday Gifts For Her Mom Wife","New","2.79","No",,"Yes","4","4","0","0","4","99.96","0","0","0","0","0","0","4","0","0","4",
"SD2500815","X002DIE4QL","B0FLQ4ZMC5","Christmas Gnome Wooden Hanging Ornaments, 24Pcs Tree Decorations, Santa Doll Elf Party Supplies","New","5.99","No",,"Yes","0","0","0","0","0","99.96","0","0","0","0","0","0","0","0","0","0",
"SD25008151","X002E15D3F","B0FNWKTDSQ","Christmas Stud Earrings For Ladies, Santa Elk Stud Earrings, Holiday Ornaments, Gifts For Ladies And Girls","New","3.09","No",,"Yes","0","0","0","0","0","99.96","0","0","0","0","0","0","0","0","0","0",
"SD25008152","X002E16XS9","B0FNWMZBFH","Women's Christmas Earrings, Christmas Reindeer Stud Earrings With Shiny Cubic Zirconia, Festive Accessories, Gifts For Ladies And Girls","New","4.19","No",,"Yes","2","1","0","1","2","324.46","0","0","0","0","0","0","1","0","0","1",
"SD25008153","X002E19Z89","B0FNWLDWY5","6 Inches Glittered Mini Star Christmas Tree Topper Star Treetop for Holiday Small Christmas Tree Ornaments, Gold and Red (2 Pack)","New","4.09","No",,"Yes","0","0","0","0","0","997.32","0","0","0","0","0","0","0","0","0","0",
"SD25008159","X002E1C7FH","B0FNWR2D8P","8pcs Mini Christmas Scarves Striped Red White Knitted Scarves Christmas for Wine Glass Charms","New","3.09","No",,"Yes","0","0","0","0","0","99.96","0","0","0","0","0","0","0","0","0","0",
"SD2500816","X002DI8B47","B0FLQ7BH7F","Funny Dog Christmas Tree Ornament - Dog Lovers Gift Idea Xmas Decor - Cute Dog Christmas Tree Topper Hanging (Corgi)","New","2.79","No",,"Yes","2","0","0","0","2","34.41","0","0","0","2","0","0","0","0","0","0",
"SD25008161","X002E1C2QL","B0FNWR5VKF","Christmas Tree Topper Star Topper Glitter White Tree Top Star Decorations for Christmas Home Decor","New","3.39","No",,"Yes","0","0","0","0","0","816.73","0","0","0","0","0","0","0","0","0","0",
"SD25008164","X002E18L61","B0FNWRZSFF","Farmhouse Christmas Ornaments - Hanging Western Xmas Ornaments Supplies, Farm Animal Tree Decorations, Horse Gifts & Holiday Decor for Women & Men","New","2.49","No",,"Yes","0","0","0","0","0","99.96","0","0","0","0","0","0","0","0","0","0",
"SD2500817","X002DJL5EJ","B0FLXJ3YR9","Book Christmas Tree Ornaments, Christmas Ornaments For Book Lovers, Funny Stacked Books Ornament Hanging Decorations, Tree Home Party Decor","New","2.39","No",,"Yes","2","0","0","0","2","43.75","0","0","0","2","0","0","0","0","0","0",
"SD25008173","X002E1975F","B0FNWWPGWQ","15CM Tree Top Star Christmas Decorations Glitter Top Star Christmas Tree Topper Small Decoration Treetop For Holiday Ornament, Pink","New","2.49","No",,"Yes","0","0","0","0","0","330.85","0","0","0","0","0","0","0","0","0","0",
"SD25008182","X002E1C6AD","B0FNWT4BYM","Dachshund Christmas Ornament - Cute Dog Xmas Hanging Pendant Acrylic Tree Decorations Set - Funny Xmas Ornaments","New","2.19","No",,"Yes","0","0","0","0","0","33.1","0","0","0","0","0","0","0","0","0","0",
"SD25008183","X002E1ELCJ","B0FNWQ1591","12Pcs Glitter Stars Hanging Ornaments Christmas Tree Decorations 5cm Pentagram Hanging Ornaments 3D Glitter Star Pendants for Xmas Tree Ornament Gift Wrapping Decor (Silver)","New","2.99","No",,"Yes","0","0","0","0","0","99.96","0","0","0","0","0","0","0","0","0","0",
"SD25008189","X002E20SG1","B0FNZXDYDW","Book Christmas Tree Decorations, Book Christmas Tree Ornaments Xmas Decorations, Hanging Home Party Decor (1 Pcs)","New","2.69","No",,"Yes","0","0","0","0","0","40.48","0","0","0","0","0","0","0","0","0","0",
"SD2500819","X002DIEIU3","B0FLQ94C5C","4-Piece Christmas Decorations - Hanging Tree Ornaments with Santa Claus & Reindeer Theme for Home Holiday Party","New","5.59","No",,"Yes","0","0","0","0","0","3660.38","0","0","0","0","0","0","0","0","0","0",
"SD25008192","X002E1XY4Z","B0FP19VRJJ","5 PCS Small Ideas 2D Snowman Christmas Ornament Mini Xmas Tree Charms Decoration Set with Strings Santa Craft Present Garden House Window Wall Wreath Party Bag Outdoor Hanging Bauble Decor for Girl","New","3.49","No",,"Yes","0","0","0","0","0","99.96","0","0","0","0","0","0","0","0","0","0",
"SD2500820","X002DJRPBL","B0FLXJL6Q8","1 Pair of Lovely Christmas Tree Earrings Rhinestone Dangle Ear Stud for Women Girls Earrings rhinestones Christmas earrings studs","New","3.59","No",,"Yes","0","0","0","0","0","20.48","0","0","0","0","0","0","0","0","0","0",
"SD2500821","X002DJRTKN","B0FLXJ6GQ8","Novelty Gifts Christmas Decorations Funny Gifts Christmas Naughty Santa Ornamen Prank Gift for Women Men Personalization Xmas Tree Decoration For Party, Car,Indoor Home Accessories","New","2.69","No",,"Yes","0","0","0","0","0","99.96","0","0","0","0","0","0","0","0","0","0",
"SD2500822","X002DJPAIL","B0FLXJDNML","Black Cat Ornaments - Funny 2D Christmas Cat Decorations for Tree, Mantel, Fireplace","New","3.49","No",,"Yes","0","0","0","0","0","99.96","0","0","0","0","0","0","0","0","0","0",
"SD2500824","X002DJL3M3","B0FLXLFSBC","Pack of 12 Glitter Snowflake Christmas Tree Hanging Decorations","New","4.69","No",,"Yes","0","0","0","0","0","99.96","0","0","0","0","0","0","0","0","0","0",
"SD2500825","X002DJSQKP","B0FLXLQRVL","Funny Dog Christmas Tree Ornament - Dog Lovers Gift Idea Xmas Decor - Cute Christmas Tree Topper Hanging (Brown Chihuahua)","New","2.69","No",,"Yes","0","0","0","0","0","55.88","0","0","0","0","0","0","0","0","0","0",
"SD2500826","X002DJL6PR","B0FLXM67QQ","Reindeer Antler Headband Animal Ears Antlers Headband Party Cosplay Reindeer Ears for Christmas Halloween, Dark Brown and Brown","New","5.69","No",,"Yes","0","0","0","0","0","99.96","0","0","0","0","0","0","0","0","0","0",
"SD2500828","X002DJUYM3","B0FLXN85MD","Pack Of 12 Glitter Snowflake Christmas Tree Hanging Decorations Icy Blue And Gold Tree Decorations(Blue)","New","4.49","No",,"Yes","21","0","0","21","21","99.96","0","0","0","0","0","0","0","0","0","0",
"SD2500829","X002DJS5HT","B0FLXNQ89G","30PCS Wood Slices Wooden Round Baubles Blank Hanging Wood Christmas Tree Hanging Ornaments for DIY Crafts Christmas Tree Decorations","New","4.99","No",,"Yes","0","0","0","0","0","99.96","0","0","0","0","0","0","0","0","0","0",
"SD2500831","X002DJSMZJ","B0FLXNP1DM","2 Pieces Christmas Headbands, Glitter Headbands For Women Antler Headband With Bell Hats Holiday Decorations For Christmas Party Xmas Dinner And Photos Booth (Gold, Red)","New","6.99","No",,"Yes","0","0","0","0","0","1484.5","0","0","0","0","0","0","0","0","0","0",
"SD2500832","X002DJPS7T","B0FLXMXVDL","10 PCS Christmas Tree Flowers Decorations with Clip, 15cm Christmas Glitter Poinsettia Flowers for Tree & Wreaths, Gold","New","6.19","No",,"Yes","0","0","0","0","0","4156.91","0","0","0","0","0","0","0","0","0","0",
"SD2500833","X002DJSZER","B0FLXMQQRT","Christmas Cutlery Holder, 12pcs Silverware Red Christmas Cutlery Bag Xmas Utensil Holder Wraps Bag Party Dinner Table Supplies(Green)","New","4.19","No",,"Yes","0","0","0","0","0","99.96","0","0","0","0","0","0","0","0","0","0",
"SD2500837","X002DXN7RN","B0FNL7LD7H","Pack of 12-10cm Glitter Snowflake Hanging Decorations - Christmas Decorations (White)","New","3.39","No",,"Yes","0","0","0","0","0","99.96","0","0","0","0","0","0","0","0","0","0",
"SD2500839","X002DXN5MP","B0FNL8GX7X","Christmas Tree Topper,2PCS Red Glittered Star Christmas Tree Topper Star Tree Topper for Christmas Tree Ornament(10+15CM）","New","2.49","No",,"Yes","0","0","0","0","0","498.99","0","0","0","0","0","0","0","0","0","0",
"SD2500841","X002DXU9WJ","B0FNL93Y3C","Glittered Christmas Tree Topper Silver Star Tree Topper Plastic Tree Star for Top of Christmas Tree Ornament Party Decorations 7.2 Inch","New","2.29","No",,"Yes","1","0","0","0","1","804.44","0","0","0","1","0","0","0","0","0","0",
"SD2500843","X002DXN8KJ","B0FNL7LV9S","Mini Star Tree Topper Gold Small Christmas Tree Topper Metal Xmas Small Star for Top of Christmas Tree Decorations Width 12cm/4.7Inch, High 15cm/6Inch","New","5.09","No",,"Yes","0","0","0","0","0","837.71","0","0","0","0","0","0","0","0","0","0",
"SD2500845","X002DXQI3N","B0FNL8YLS8","Merry Christmas Banners, Sock Shaped Burlap Banners, Red-White Plaid, 3 Meters (Length Only), 14 Pieces, Indoor/Outdoor, Christmas Party & Wall Decoration","New","3.39","No",,"Yes","0","0","0","0","0","278.74","0","0","0","0","0","0","0","0","0","0",
"SD2500854","X002DXWUC1","B0FNLBW2RX","4Pcs Colorful Xmas Retro Hanging Foil Garlands Vintage Swirls Ceiling Old Fashioned 80s Christmas Decor Party Supplies For Festive Indoor For Christmas New Year Holiday","New","3.59","No",,"Yes","0","0","0","0","0","99.96","0","0","0","0","0","0","0","0","0","0",
"SD2500855","X002DXSXT5","B0FNLCPLBP","Christmas Tree Topper Star Vintage Lightweight Classic Plastic Hollow Out Xmas Decoration Ideal Christmastide Decor for Nativity Celebrations Ornament","New","4.19","No",,"Yes","0","0","0","0","0","1670.5","0","0","0","0","0","0","0","0","0","0",
"SD2500858","X002DXXAJD","B0FNLD289S","Christmas Hat Earrings,Alloy Red Crystal Christmas Hat Earrings,Cute","New","3.19","No",,"Yes","0","0","0","0","0","99.96","0","0","0","0","0","0","0","0","0","0",
"SD2500860","X002DXXODF","B0FNLGX9HJ","Christmas Bow Wind Chime Earrings,Symmetric Sweet Earrings,Christmas Wind Chime Crystal,Alloy Bow Knot Bell Studded with Diamond","New","3.89","No",,"Yes","0","0","0","0","0","99.96","0","0","0","0","0","0","0","0","0","0",
"SD2500862","X002DXUE1Z","B0FNLDQN2N","3PCS Christmas Tree Decorations, For Book Lover Gifts, Stacked Books Pendant Hanging Gift Christmas Decor","New","3.59","No",,"Yes","0","0","0","0","0","99.96","0","0","0","0","0","0","0","0","0","0",
"SD2500863","X002DXWLD9","B0FNLDD3WQ","Christmas Tree Topper Star, Glitter Xmas Trees Top Decoration, Plastic Light Weight Hallow Party Trees Stars Home Christmas Ornament 20cm/7.8in (Red)","New","4.09","No",,"Yes","1","1","0","0","1","1377.82","0","0","0","0","0","0","1","0","0","1",
"SD2500864","X002DXWVBV","B0FNLBTQB4","Hristmas Reindeer Antlers Headband Sequins Headbands Cute Xmas Hair Hoops With Ears Christmas Head Hat Toppers Costume Headwear For Xmas Holiday Party Decoration","New","3.59","No",,"Yes","0","0","0","0","0","1177.41","0","0","0","0","0","0","0","0","0","0",
"SD2500869","X002DXUFYL","B0FNLFJ6TX","Acrylic Christmas Animal Earrings Unique Yak Hanging Earrings Cheerful Holiday Jewelry Lady","New","2.79","No",,"Yes","0","0","0","0","0","40.64","0","0","0","0","0","0","0","0","0","0",
"SD2500870","X002DXX9M1","B0FNLDYKLT","Sparkling 18cm Silver Glitter Star Christmas Tree Topper Decoration","New","2.29","No",,"Yes","0","0","0","0","0","863.27","0","0","0","0","0","0","0","0","0","0",
"SD2500873","X002DXUHPD","B0FNLGWWCH","Black Cat Christmas Ornaments, Cute Cat Christmas Tree Hanging Ornaments, Acrylic 2 Side Print","New","2.79","No",,"Yes","0","0","0","0","0","33.59","0","0","0","0","0","0","0","0","0","0",
"SD2500875","X002DXXOO9","B0FNLFRFS8","Glitter Mini Christmas Tree Topper Shatter-proof Small Christmas Tree Decoration Treetop for Holiday Ornament or Home Decor","New","2.59","No",,"Yes","0","0","0","0","0","223.19","0","0","0","0","0","0","0","0","0","0",
"SD2500879","X002DZVGMJ","B0FNR2YN88","Cute Yeti Pearl Pendant Christmas Earrings Women Christmas Earrings Holiday Party Hypoallergenic Jewelry Gift for Women","New","3.79","No",,"Yes","0","0","0","0","0","99.96","0","0","0","0","0","0","0","0","0","0",
"SD2500881","X002DZSQVD","B0FNR28K7D","Women's Christmas Earrings Snowflake Earrings Winter Christmas Gifts, Festive Accessories, Gifts For Ladies And Girls","New","3.89","No",,"Yes","0","0","0","0","0","183.37","0","0","0","0","0","0","0","0","0","0",
"SD2500883","X002DZONZB","B0FNR51CVS","Christmas Earrings for Women Girls, Hypoallergenic Snowflake Stud Earrings, Festive Gifts for Christmas Xmas Party","New","4.19","No",,"Yes","0","0","0","0","0","99.96","0","0","0","0","0","0","0","0","0","0",
"SD2500886","X002DYSY0H","B0FNMXK6Q7","Christmas Tree Topper Cut-out Christmas Tree Top Decoration","New","3.99","No",,"Yes","0","0","0","0","0","1115.96","0","0","0","0","0","0","0","0","0","0",
"SD2500889","X002DZT7FR","B0FNR4VB5C","Merry Christmas Bunting Banner, Xmas Signs Hanging Banner for Christmas Party Decoration Home Party Supplies","New","3.09","No",,"Yes","0","0","0","0","0","99.96","0","0","0","0","0","0","0","0","0","0",
"SD2500890","X002DZNQNB","B0FNR29NYG","Golden Glitter Star Tree Topper - 18cm Christmas Decoration","New","2.29","No",,"Yes","0","0","0","0","0","910.47","0","0","0","0","0","0","0","0","0","0",
"SD2500891","X002DZRZGF","B0FNR1R2L4","Gold Glitter Star Tree Topper 4 Inch Mini Plastic Shatterproof Christmas Treetop Sparkle Xmas Decoration for Holiday Party Supplies","New","2.19","No",,"Yes","0","0","0","0","0","107.99","0","0","0","0","0","0","0","0","0","0",
"SD2500894","X002DZUNFF","B0FNR2843R","Christmas Tree Topper, Tree Top Star Christmas Ornaments, Party Topper Home Accessories (Gold)","New","3.69","No",,"Yes","0","0","0","0","0","99.96","0","0","0","0","0","0","0","0","0","0",
"SD2500899","X002DZVU9D","B0FNR3RG4W","Christmas Headbands - Santa Hat Headdresses, Party Accessories，Christmas Hairband","New","3.09","No",,"Yes","1","1","0","0","1","1019.6","0","0","0","0","0","0","1","0","0","1",
"V8-7KOW-LBM3","X002IA7N85","B0GL8FVDK8","Massage Pen,Wooden Massage Tools Acupressure Pen Pressure Point Tool Traditional Equipment for Relaxing Body Hand Foot","New","3.89","No",,"Yes","36","36","0","0","36","99.96","0","0","0","0","0","0","36","0","0","36",
"VP-IL8L-E99O","X002IAB4XP","B0GL8D9WWY","2 x Tumble Dryer Sponge Filter for Miele 9164761, Dryer Filter Replacement Filter 207 x 157 x 30 mm, Foam Lint Filter for Heat Pump Dryer and Condenser Dryer [Energy Class A+++]","New","8.29","No",,"Yes","46","45","0","1","46","2783.34","0","0","0","0","0","0","45","0","0","45",
"Y11261","X002754MPD","B0DQPR1SVL","16 Piece Animal Masks Animal Costume Party Favors with 16 Different Animal Face for Petting Zoo Farmhouse Jungle Safari Theme Birthday Party Halloween Masks Dress-Up Party Supplies","New","7.99","No",,"Yes","14","11","0","3","44","527.99","0","30","0","0","0","0","11","0","0","11",
"Y11264","X00275P257","B0DQT39HNM","Metal Rough Cigarette Case, 18-Pack Portable Moisture-Resistant Tobacco Holder, Stylish Business Cigarette Box","New","7.79","No",,"Yes","19","18","1","0","19","164.69","0","0","0","0","0","0","18","0","0","18",
"Y11266","X00275P5M7","B0DQSGZ6VL","Men's Soft and Secure Leather Wallet with RFID Blocking, Card Slots, ID Window and Coin Pocket","New","7.79","No",,"Yes","47","46","1","0","77","227.94","0","30","0","0","0","0","46","0","0","46",
"Y11272","X00275SEBB","B0DQSYCGQ8","Unisex Blue Light Blocking Glasses Eyeglasses Frame Anti Blue Ray Computer Game Glasses","New","4.79","No",,"Yes","11","11","0","0","11","146.99","0","0","0","0","0","0","11","0","0","11",
"Y11274","X00275MANJ","B0DQSG9BHL","Men's Solid Multi-color Silk Cumberbund","New","5.79","No",,"Yes","8","7","0","1","28","797.89","0","20","0","0","0","0","7","0","0","7",
"Y11275","X00279E0E7","B0DQSL3K1W","Fake Glasses Women Men Casual Fashion Square Empty Frame Eyewear, Fashion Decorative Eyeglasses","New","7.89","No",,"Yes","79","77","1","1","79","150.76","0","0","0","0","0","0","77","0","0","77",
"Y11277","X00275PB8Z","B0DQSMZ31C","Polarized Night-Vision Glasses for Women, Night-Driving Glasses Reduce Glare Nighttime Glasses UV Protection","New","6.59","No",,"Yes","28","28","0","0","28","164.53","0","0","0","0","0","0","28","0","0","28",
"Y11279","X00275M88V","B0DQSZ3TL2","Rimless Wrap Around Sunglasses for Women Men, Retro Trendy Womens Oversized Shades Cool Star Fashion Sun Glasses UV400","New","6.39","No",,"Yes","27","23","0","4","27","179.93","0","0","0","0","0","0","23","0","0","23",
"Y11284","X00276YBBH","B0DQWXZRCD","Generic Curtain Holdbacks 2pcs, U-Shaped Brass Metal Tie Backs for Curtains","New","6.19","No",,"Yes","15","15","0","0","15","342.16","0","0","0","0","0","0","15","0","0","15",
"Y11285","X00276X3J3","B0DQWQ8L7V","1 Pack Curtain Tiebacks 23 Inch Curtain Holdbacks Window Tassels Tie Backs Clips Decorative Rope Curtain Holdback Holder, Green","New","4.59","No",,"Yes","23","23","0","0","23","334.13","0","0","0","0","0","0","23","0","0","23",
"Y11287","X00276X3HP","B0DQWWLPRH","Polarized Pilot Sunglasses for Men & Women - UV400 Protection Classic Vintage Style Ultralight Yellow Shades, Unisex Sun Glasses for Driving","New","5.29","No",,"Yes","37","27","0","0","97","202.05","0","60","0","0","0","0","27","0","10","37",
"Y11289","X00275XXC1","B0DQTLL3CG","6PCS Flower Brass Rhinestone Shank Button Set - Crystal Silver Color With 1-Hole and Flat Back, Fashion Claw Snowflake Metal for Crafts, Wedding Party","New","4.69","No",,"Yes","27","27","0","0","27","75.71","0","0","0","0","0","0","27","0","0","27",
"Y11290","X00275Q2Z1","B0DQTLYH6Y","Retro Oval Sunglasses - UV400 Sunglasses Goggles For Women & Men","New","4.49","No",,"Yes","42","41","0","1","42","146.99","0","0","0","0","0","0","41","0","0","41",
"Y11292","X00275TZMX","B0DQTVFNTK","40Pcs Resin Buttons Black Round Button 25mm 4Hole (Black-25mm-40Pack)","New","5.29","No",,"Yes","41","38","0","3","41","59.98","0","0","0","0","0","20","38","0","0","38",
"Y11295","X00275XWXB","B0DQTHLP75","30pcs 30mm Black 4 Holes Large Round Resin Sewing Buttons (Black-30mm-30Pack)","New","5.29","No",,"Yes","47","47","0","0","47","80.95","0","0","0","0","0","0","47","0","0","47",
"Y11297","X00275Q2CT","B0DQTJTGH3","4 Pairs Leather Horn Toggle Closure Buttons Coat Jacket Duffle Shawl Clothes Sewing DIY Apparel Crafts - Black","New","5.19","No",,"Yes","42","40","0","2","42","270.06","0","0","0","0","0","0","40","0","0","40",
"Y11298","X00275X9QV","B0DQTNZJFL","Plastic Side Release Buckle Clip for Luggage, Rucksack/Back Pack, Webbing Strap (25mm - 4 pack, Black)","New","4.19","No",,"Yes","40","35","0","5","40","46.05","0","0","0","0","0","0","35","0","0","35",
"Y11302","X00275Q1Y3","B0DQTY7Z7S","Stainless Steel Kitchen Sink Strainer Plug, Standard Strainer Drain Protector Hair/Food Catcher for Bathroom, Kitchen, Shower （Pack of 4)","New","4.19","No",,"Yes","35","33","0","1","35","186.65","0","0","0","0","0","0","33","0","1","34",
"Y11305","X00275XB05","B0DQTK48JR","24 Pack Shower Curtain Hooks Rings Roller Balls Shower Rings Stainless Steel Metal Rust Free. （Black）","New","6.69","No",,"Yes","24","24","0","0","24","360.02","0","0","0","0","0","0","24","0","0","24",
"Y11312","X00275WNTZ","B0DQTYKR9Z","Venetian Mens Masquerade Ball Masks Face Mask for Party, Fancy Dress Ball, Masked Ball, Halloween (Silver)","New","4.59","No",,"Yes","22","22","0","0","52","340.03","0","30","0","0","0","0","22","0","0","22",
"Y11315","X00275WN4Z","B0DQTW3CW9","Masquerade Mask Men Venetian Party Ball Masks Vintage Halloween Costume Mardi Gras Mask Christmas for Fancy Dress Cosplay Proms Carnival Accessory","New","5.68","No",,"Yes","31","29","0","1","31","1386.02","0","0","0","1","0","0","29","0","0","29",
"Y11317","X002761UN9","B0DQTW4476","100pcs Plastic Floss Bobbins,Plastic Floss Bobbins Thread Card,Embroidery Thread Bobbins,Floss Bobbins Organiser,Thread Cards with Floss Winder for Cross Stitch Weaving DIY Crafts Sewing Storage","New","5.09","No",,"Yes","7","7","0","0","7","612.06","0","0","0","0","0","0","7","0","0","7",
"Y11318","X00276395L","B0DQTWNC56","20 Pcs Spring Loaded Plastic Round Toggle Stopper Cord Locks End, Black, 2 * 2 * 2.4 cm","New","4.19","No",,"Yes","30","29","1","0","60","199.92","0","30","0","0","0","0","29","0","0","29",
"Y11319","X002761UHP","B0DQTWDBBN","Pack of 6 Black and Grey 20mm Round Faux Horn Sew On Plastic Buttons for Coats Jackets Cardigans Flat 4 Holes 32L","New","4.39","No",,"Yes","34","33","0","1","34","23.93","0","0","0","0","0","0","33","0","0","33",
"Y11320","X00275WQBZ","B0DQTXL7KB","16mm Replacement Jean Tack Buttons No Sew Metal Buttons for Denims, Jeans, Jackets,12 Sets (Bronze)","New","4.39","No",,"Yes","25","25","0","0","25","71.94","0","0","0","0","0","0","25","0","0","25",
"Y11321","X0027646T9","B0DQTV6P1Q","Pack of 6 Dark Blue Sew on 20mm Round Buttons Flat 4 Holes 32L 32 Ligne","New","4.09","No",,"Yes","64","52","0","2","64","23.93","0","0","0","0","0","0","52","0","10","62",
"Y11323","X0027639D3","B0DQTYT4RW","Wonder Web 10M Hemming Tape for Trousers,Wonder Web Iron on Extra Strong,Convenient and Simple to Use, Hem Tape iron on for Trousers, Pants, Clothes, Fabrics (Black, 2.4CM Wide)","New","6.19","No",,"Yes","52","52","0","0","52","250.07","0","0","0","0","0","0","52","0","0","52",
"Y11328","X00275WMVT","B0DQTV8294","2 Pack Tea Bag Squeezer Tongs Tea Bag Strainer Tea Bag Spoon Mini Sugar Clip Kitchen Bar Ice Cubes Tools Stainless","New","3.79","No",,"Yes","6","0","0","6","6","197.96","0","0","0","0","0","0","0","0","0","0",
"Y11335","X00275T5SR","B0DQTP295L","Generic 10PCS Bamboo Knitting Needles, Wooden, Straight, Brown, 4mm-10mm, 25.5cm, For Blanket, Scarf & Large Projects","New","5.09","No",,"Yes","27","27","0","0","27","390.01","0","0","0","0","0","0","27","0","0","27",
"Y11336","X00275UU5T","B0DQTHPJ8G","Generic 6PCS Knitting Needles Set, Different Sizes Bamboo, Warm Wooden, DIY Handmade Wool Sweater Scarf for Beginner (6mm, 8mm, 10mm, 25cm)","New","4.79","No",,"Yes","34","30","0","4","34","234.01","0","0","0","0","0","0","30","0","0","30",
"Y11339","X00275U7N9","B0DQSK8KHZ","4 Pack Anti Slip Rug Grippers, 10x10cm Vacuum Tech Non Slip Mat Pads, Washable Reusable Rug Grips for Laminate Tile Hardwood Floors","New","4.89","No",,"Yes","1","0","0","1","1","79.97","0","0","0","0","0","0","0","0","0","0",
"Y11340","X00275M97B","B0DQSLMWZ4","100 Pack of Black Nylon P-Clips, 7.9mm (5/16”) Diameter, Plastic Cable Clips","New","7.39","No",,"Yes","30","25","0","5","100","173.87","0","70","0","0","0","0","25","0","0","25",
"Y11341","X00275U793","B0DQSKM95F","Generic 100 Pack Black Nylon 5.0mm P-Clips, Cable Clamps","New","5.59","No",,"Yes","17","17","0","0","47","119.95","0","30","0","0","0","0","17","0","0","17",
"Y11348","X00275X7B3","B0DQTC11F5","Military Dog Tags - Set of 2 (Blank) Stainless Steel Nickel Plated Army Style Dog ID Tags with Ball Chains & silencers","New","5.29","No",,"Yes","71","69","0","2","71","49.98","0","0","0","0","0","0","69","0","0","69",
"Y11352","X00275PJF5","B0DQSR3TJM","12 Pack Wall Hooks for Hanging 33lb(Max) Heavy Duty Self Adhesive Hooks Transparent Waterproof Sticky Hooks for Keys Bathroom Shower Outdoor Kitchen Door Home Improvement Utility Hooks","New","3.69","No",,"Yes","0","0","0","0","0","192.06","0","0","0","0","0","0","0","0","0","0",
"Y11360","X00275A8NX","B0DQPY5LL9","Neck Gaiter Face Cover Elastic Head Wrap Mask for Cycling Running Outdoor Activities-NO Velvet Inner","New","5.59","No",,"Yes","28","26","0","2","58","459.98","0","30","0","0","0","0","26","0","0","26",
"Y11361","X00275IGEV","B0DQSCD5R8","Rug Pads Grippers, Non Slip Washable Grippers for Rug, “Vacuum TECH” - New Materials to Anti Curling Rug Pad : Keep Your Rug in Place & Make Corner Flat and Easily Peel Off, Pack of 4","New","5.69","No",,"Yes","0","0","0","0","0","99.96","0","0","0","0","0","0","0","0","0","0",
"Y11365","X0027579U3","B0DQPZ9VM6","2pcs Food Grade PP Fine Mesh Strainer - 200 Mesh Ultra-Fine Nylon Sieve with Non-Slip Handle for Coffee Jam Fruits Vegetable Straining","New","5.59","No",,"Yes","43","40","0","3","43","710.38","0","0","0","0","0","0","40","0","0","40",
"Y11373","X00275IGKF","B0DQS851SX","2 Pack Adjustable Glove Mitten Clips with Long Elastic Strap, Black Anti-Lost Clips for Outdoor Activities Skiing Hiking Walking","New","4.39","No",,"Yes","1","0","0","1","1","599.93","0","0","0","0","0","0","0","0","0","0",
"Y11376","X00275RL6P","B0DQSJKQZ5","Long Handle Wooden Spoons, 9.25'' Wooden Mixing Spoons Soup Spoon Wood Table Spoons Small Wooden Cooking Spoons for Baking, Stirring (3pcs)","New","5.99","No",,"Yes","0","0","0","0","0","422.95","0","0","0","0","0","0","0","0","0","0",
"Y11380","X00275RYZD","B0DQSRFHGF","1 Pcs Paint Palette Tray Plastic for Kids and Adults to Create DIY Craft Professional Art Painting","New","5.89","No",,"Yes","61","58","0","1","161","858.52","0","100","0","1","0","0","58","0","1","59",
"Y11383","X00275INB7","B0DQSKJZWW","2 x Long Handled Teaspoons Spoons Latte Coffee18/10 Polished Stainless Steel Set of Tea Spoon Cutlery for Ice Cream Sundae Handle","New","4.49","No",,"Yes","7","7","0","0","7","320.04","0","0","0","0","0","0","7","0","0","7",
"Y11385","X00275RLFL","B0DQSHGBXP","Napkin Rings Set of 6, Rustic Farmhouse Napkin Rings Boho Green Leaf Napkin Rings Eucalyptus Wood Bead Napkin Rings Holder for Fall Spring Thanksgiving Christmas Easter Weddings Table Decor","New","5.09","No",,"Yes","20","19","0","1","20","264","0","0","0","0","0","0","19","0","0","19",
"Y11387","X00275RL83","B0DQSM42BG","Flower Napkin Rings Set of 6, Hollow Out Floral Napkin Holder Adornment Exquisite Household Napkins Rings Set Rhinestone Napkin Rings for Wedding Banquet Christmas Table Setting (Gold)","New","7.29","No",,"Yes","14","13","0","1","14","374.94","0","0","0","0","0","0","13","0","0","13",
"Y1202","X00276VKU7","B0DQWWMLWH","FF34 10Pcs 4 inch 10cm Extra Large Safety Pins Metal Heavy Duty Blanket Pins for Jewelry Crafts (Black)","New","5.19","No",,"Yes","34","33","0","1","34","21.96","0","0","0","0","0","0","33","0","0","33",
"Y12103","X002770PV1","B0DQPTWXJX","Drain Unblocker Tools, Flexible 61 inch Double Ended Nylon Pipe Cleaner Brush and 17.7 inch Sink Unblocker Brush for Kitchen Bathroom Shower Plug Holes","New","4.59","No",,"Yes","0","0","0","0","0","143.06","0","0","0","0","0","0","0","0","0","0",
"Y12104","X002754UTL","B0DQPQR1V7","Cat Dog Brush for Long Haired Cats, Cat Grooming Brush for Shedding Undercoat Rake Dematting Comb for Removing Loose and Matted Fur, Knots and Tangled Hair","New","6.59","No",,"Yes","14","13","0","1","14","308.57","0","0","0","0","0","0","13","0","0","13",
"Y12108","X002757QAB","B0DQPVWJS4","Plastic Serrated Cake Knife Salad Lettuce Knife Bread Pie Pastry Cutter Server Leveller Kitchen Baking Tool （2 Pieces）","New","6.39","No",,"Yes","89","88","0","1","89","615.66","0","0","0","0","0","0","88","0","0","88",
"Y12110","X00275793Z","B0DQPZCDF5","Foundation Brush - Premium Makeup Brush for Liquid Foundation, Cream, and Powder - Buffing, Blending Brush, Face Brush","New","4.09","No",,"Yes","26","26","0","0","26","76.69","0","0","0","0","0","0","26","0","0","26",
"Y12111","X002757LKL","B0DQPZR3PL","Facial Mask Brush Makeup Brushes Cosmetic Tools with Clear Plastic Handle, 5 Pack (golden)","New","5.49","No",,"Yes","96","94","0","2","96","134.37","0","0","0","0","0","0","94","0","0","94",
"Y12113","X002752VND","B0DQPXJ41T","Angled Under Eye Concealer Brush, Synthetic Bristles Birch Wood Handle, Precision Blending Brush for Liquid Cream Powder Makeup","New","2.69","No",,"Yes","0","0","0","0","0","25.24","0","0","0","0","0","0","0","0","0","0",
"Y12116","X00276QJBR","B0DQWXR5PN","Generic 8pcs Bamboo Tongs, Toaster Tongs for Cooking Toast Bread Pickles Tea, Wood","New","4.79","No",,"Yes","2","2","0","0","2","270.06","0","0","0","0","0","0","2","0","0","2",
"Y12118","X00275PDP1","B0DQSR9N5V","3PC Small Kitchen Tongs with Silicone Tips, 21.5cm Black Mini Tongs, Cooking Tongs Easy to Clean, Silicone Food Tongs for Kitchen Use","New","7.49","No",,"Yes","30","27","0","3","30","539.3","0","0","0","0","0","0","27","0","0","27",
"Y12120","X00275PFGX","B0DQTQNTYX","Replacement Silicone Seals for Jars Airtight Silicone Sealing Gaskets Rings, Leakproof Replacement Rubber Seals for Glass Clip Top Jars Storage Jars (12 PCS, White)","New","5.79","No",,"Yes","0","0","0","0","0","562.57","0","0","0","0","0","0","0","0","0","0",
"Y12123","X00275RF9N","B0DQSPWTMZ","Silicone Food Writing Pen, Cake Desserts Decorating Pen DIY Baking Icing Piping Nozzle Tools Squeeze Cream Gun Decorative Baking Tools for Cake, Cookie","New","4.19","No",,"Yes","35","32","0","3","35","79.31","0","0","0","0","0","0","32","0","0","32",
"Y12139","X00275SY9X","B0DQSNTVLN","Generic Large Piping Tips, 6-Pack Cake Piping Nozzles Kit, Stainless Steel, Silvery, Open Star, Closed Star, Round, Piping Tip Set, Cake Piping Tips","New","4.99","No",,"Yes","22","15","0","7","22","187.47","0","0","0","0","0","0","15","0","0","15",
"Y12140","X00275SXHV","B0DQSNFSWP","2 Pcs Black Satin Bow Shoe Clips, Detachable Elegant Buckle Charms for Women, Wedding Party Formal Accessories for Heels Flats Boots Sandals","New","4.99","No",,"Yes","50","50","0","0","50","468.01","0","0","0","0","0","0","50","0","0","50",
"Y12149","X00275MDK9","B0DQSL6633","Men's Velvet Pre-tied Bow Tie, Adjustable Solid Colour Butterfly Bowtie with Gift Box for Groom Wedding Party Prom Banquet Formal Occasions","New","5.49","No",,"Yes","49","47","0","2","49","260.06","0","0","0","0","0","0","47","0","0","47",
"Y12160-1","X00275IT0R","B0DQSHNCWZ","12 Inch Aluminum Architectural Scale Ruler, Triangular Imperial Scale Ruler, Laser Etched Metal Drafting for Blueprints Drawings","New","6.29","No",,"Yes","0","0","0","0","0","266.45","0","0","0","0","0","0","0","0","0","0",
"Y12165","X00275M5D9","B0DQSZDM51","2pcs T Plug Female to Male Cable, Connector Battery Connector Style Connector to T-Plug Male Female Adapter 14AWG for RC ESC Speed Controller Lipo","New","5.09","No",,"Yes","52","52","0","0","52","79.97","0","0","0","0","0","0","52","0","0","52",
"Y12166","X00275R76T","B0DQSDP2Y8","Generic 40 Pack Black Plastic Curtain Rings and Hooks, 36mm Hanging Rings with Hooks for Curtains","New","6.19","No",,"Yes","0","0","0","0","40","2012.33","0","40","0","0","0","0","0","0","0","0",
"Y1217","X00275RM5Z","B0DQSMJPD4","Tape Measure for Body - 2 Pack (1.5M) Double Scale Sewing Measuring Tape for Tailors - Portable Fabric Tape Measure in Yellow","New","4.29","No",,"Yes","39","36","0","3","39","199.92","0","0","0","0","0","0","36","0","0","36",
"Y12170","X00275S4CF","B0DQSG66JK","Curtain Tie Backs Hooks 4 Pieces Tie Back Hooks, Curtain Hooks Metal Can be Used to Fix Curtains, Door Curtains, etc On The Walls of Bedrooms, Offices, Hotels etc","New","5.39","No",,"Yes","31","31","0","0","31","68.66","0","0","0","0","0","0","31","0","0","31",
"Y12171","X00275P7JX","B0DQSHQKT8","2 Pcs Aluminum Alloy Curtain Hooks Curtain Holdbacks Hooks Curtain Tieback Hook Metal Curtain Tie Backs Hooks with Screws and Expansion Tubes Suitable for Curtains","New","4.59","No",,"Yes","0","0","0","0","0","227.45","0","0","0","0","0","0","0","0","0","0",
"Y12173-1","X00275XFXD","B0DQTSPWGW","4Pcs Self Adhesive Curtain Rod Bracket No Drill Drapery Hook Holder Fixing Rod Holder Curtain Pole Wall Bracket Towel Rod Hook Home Bathroom Kitchen Hotel Towel Clothes Hanging (white)","New","4.28","No",,"Yes","87","78","0","0","87","360.02","0","0","0","0","0","0","78","0","9","87",
"Y12174-1","X00275VC47","B0DQTDYG9Z","Curtain Rod Bracket, Heavy Duty Curtain Rod Holders White Curtain Rod Hooks for 1 Inch Drape Rods, Single Curtain Rod Brackets Rod Hangers Support for Wall, 2 Pack","New","5.19","No",,"Yes","16","13","0","2","16","439.99","0","0","0","0","0","0","13","0","1","14",
"Y12176-1","X00276YRZH","B0DQWNJLLC","100 Pcs Car Retainer Clips Universal Fir Tree Trim Clip Black Car Body Trim Clips 7.6mm Hole Car Door Trim Bumper Rivets for Car Panel Trim Maintenance","New","4.99","No",,"Yes","26","26","0","0","26","300.05","0","0","0","0","0","0","26","0","0","26",
"Y1218","X0027570W5","B0DQPY8VJ1","Combs Wide Tooth Comb for Curls helps maintain Curls and Waves without Causing Frizz Effectively Detangling Hair without Pulling or Scratching Women Hair Sturdy Easy to Use,Ideal for Wet Combing","New","3.99","No",,"Yes","9","9","0","0","9","75.87","0","0","0","0","0","0","9","0","0","9",
"Y12182","X00275SGU5","B0DQSJNC7R","250 PCS 10 Value Tactile Push Button Switch Micro Momentary Tact Assortment Kit, for TV Audio Remote Key Cameras Computers, with Plastic Box","New","6.99","No",,"Yes","36","36","0","0","36","191.56","0","0","0","0","0","0","36","0","0","36",
"Y12183","X002760MV5","B0DQTYQPW4","200 Pieces Paddle Bamboo Skewers, Flat Burgers Sticks Children Skewers Kids Wooden Fruits Picks Cocktail Sticks Satay Skewers Barbecue Kebabs Skewers for Buffets Party","New","6.29","No",,"Yes","27","27","0","0","27","720.05","0","0","0","0","0","0","27","0","0","27",
"Y12187","X00275WN5T","B0DQTYGWT5","Pocket Toothpick Holder Waterproof Aluminium Alloy Toothpick Box Metal Pill Case with Key Ring,3 x 0.55 Inch","New","4.29","No",,"Yes","21","21","0","0","21","36.05","0","0","0","0","0","0","21","0","0","21",
"Y1219","X002756ULR","B0DQPW2LF4","Premium Hair Comb - Shatterproof Premium Carbon Comb for Hair & Beard - Developed by Barbers - 18 cm Antistatic Mens Comb Barber Comb Double-Sided - Styling Haircomb for Men and Women","New","3.29","No",,"Yes","30","29","0","1","50","13.93","0","20","0","0","0","0","29","0","0","29",
"Y12192","X002755FOZ","B0DQPXPHP4","Phone Ring Holder - 360 Adjustable Mobile Phone Loop Universal Cell Phone Finger Grip Ring Zinc Alloy Ring Stand for All Smartphone","New","4.79","No",,"Yes","24","22","0","0","24","7.21","0","0","0","2","0","0","22","0","0","22",
"Y12194","X002753SPD","B0DQPN155Y","Egg Whisk, Hand Push Whisk Blender, Stainless Steel Egg Beater, Milk Frother, Rotating Push Mixer Stirrer for Whisking, Beating, Stirring","New","6.09","No",,"Yes","61","61","0","0","61","360.02","0","0","0","0","0","0","61","0","0","61",
"Y1220","X00275IS53","B0DQSWRRXN","Double Sided Measuring Tape 5pcs Waist Measuring Tape Clothes Fabric Sewing Tape Flexible Tape Measure for Body Measurement Tape - 60 inches/150cm - 5 Colors","New","4.48","No",,"Yes","35","32","0","3","35","199.92","0","0","0","0","0","0","32","0","0","32",
"Y12200","X0027J6PSB","B0DRVHQFN6","Hair Ties| Bands 12 Packs for Woman| Girls, Skinny Silk Satin Hair Scrunchies, Small Ponytail Holders No Damage Breakage for Thin/Thick Curly Long Fine Hair","New","3.39","No",,"Yes","0","0","0","0","0","199.92","0","0","0","0","0","0","0","0","0","0",
"Y12203","X0027JCPDZ","B0DRVQ6WHX","100Pcs Gift Tag - Red Heart Shaped Tags with 10 Metres of Red and White Rope for Valentine's Day, Mother's Day, Wedding, Thanksgiving, Birthday","New","4.39","No",,"Yes","14","14","0","0","14","300.05","0","0","0","0","0","0","14","0","0","14",
"Y1223","X00275M3JP","B0DQSKL4DP","Metal Lemon Squeezer - Durable Citrus Juicer - Manual Press for Extracting the Most Juice Possible","New","7.69","No",,"Yes","17","17","0","0","17","1813.56","0","0","0","0","0","0","17","0","0","17",
"Y1226","X002757VVP","B0DQPYZTVH","【Stainless Steel Champagne Stopper, Professional Bottle Sealer for Champagne, Cava, Prosecco & Sparkling Wine, Compact Champagne Saver Plug - Set of 2】","New","5.99","No",,"Yes","2","0","0","1","2","176","0","0","0","1","0","0","0","0","0","0",
"Y1227","X002755JJB","B0DQPZLH2B","7cm Fine Mesh Stainless Steel Strainer, Small Sieve with Sturdy Handle, Rust-Free Metal Sieve for Tea Coffee Flour Spices Kitchen Use","New","3.99","No",,"Yes","18","18","0","0","18","313.32","0","0","0","0","0","0","18","0","0","18",
"Y12288","X0027LUMSD","B0DS3T91HD","30 Pcs Tapestry Wall Hanging Clips, Self Adhesive Clips Wall Clips Poster Hanger Shower Curtain Clips Double-Sided Adhesive Spring Clips for Blanket Poster Clothing Wall Flag (Clear)","New","4.99","No",,"Yes","31","15","0","0","71","175.83","0","40","0","0","0","0","15","0","16","31",
"Y1229","X00275S6X7","B0DQS3BJ22","Wine Aerator Pourer 2-Pack - No-Drip, No-Spill Design - Instantly Enhance Red & White Wine Flavor - Premium Aerating Spout for Better Taste (Black)","New","5.99","No",,"Yes","24","24","0","0","24","102.42","0","0","0","0","0","0","24","0","0","24",
"Y12291","X0027K6IVJ","B0DRXYCR2H","Generic 100 Pieces Giant Multicolored Push Pins, 1 Inch Thumb Tacks Steel Point Plastic Head Marking Pins For Cork Boards Map Calendar Home Office Craft Projects","New","6.29","No",,"Yes","20","20","0","0","20","139.29","0","0","0","0","0","0","20","0","0","20",
"Y1230","X00275OUUP","B0DQSCD9VJ","Wine Saver Vacuum Stoppers - Set of 6 - Gray - for Wine Bottles - Keep Wine Fresh for Up to a Week with Airtight Seal - Compatible with Wine Saver Pump","New","9.69","No",,"Yes","107","105","0","2","107","329.05","0","0","0","0","0","0","105","0","0","105",
"Y12327","X0027K3RF9","B0DRY179BC","2 PCS Pet Food Spoon Cute Stainless Steel Dog Spoon Pet Food Scoop Paw Cat Can for Pets Premium Quality","New","5.69","No",,"Yes","34","34","0","0","34","224.01","0","0","0","0","0","0","34","0","0","34",
"Y12328","X0027JZY97","B0DRXX95FY","Generic Pet Food Spoon, Paw Cat Can Spoon, Stainless Steel, 2 Pieces, 6.88*0.98in/17.5*2.5cm, Black and White, Pet-themed, Playful","New","4.79","No",,"Yes","61","60","0","1","61","82.43","0","0","0","0","0","0","60","0","0","60",
"Y12332","X0027K3RO5","B0DRXVRV7B","Left Right Center Dice Game, 3 Dices and 40 Colorful Chips with Storage Box Portable LRC Dice Game Set for School Family Friends Gatherings Party","New","5.75","No",,"Yes","10","9","0","1","10","95.04","0","0","0","0","0","0","9","0","0","9",
"Y12342","X0027E1VN5","B0DRTCCSK5","M6 Nyloc Nuts, 6mm Locking Nuts, (Pack of 20) A2 304 Stainless Steel Hex Nuts, Nylon Insert Lock Nuts, Self-Locking Nut for Bolts & Screws, DIN 985","New","5.29","No",,"Yes","183","129","0","2","183","11.96","0","0","0","1","0","0","129","0","51","180",
"Y12345","X0027E3GVF","B0DRT9WTLS","Poly Foam Brush Set - Used For Oil, Paint, Varnish, Glue, Craft, Cyanotype, Modge Podge, and Cleaning","New","5.19","No",,"Yes","31","31","0","0","60","320.04","0","29","0","0","0","0","31","0","0","31",
"Y12371","X0027E1QNP","B0DRT8WPXF","Mic Cover, Audio Technica and Other Large Microphones, Microphone Cover Foam, Microphone Filter, Mic Foam Cover, Microphone Muffler, Mic Filter","New","3.39","No",,"Yes","8","8","0","0","28","109.47","0","20","0","0","0","0","8","0","0","8",
"Y12375","X0027E2XJ1","B0DRT6PF9H","Skitter Critters Cat Toy Catnip Mice, Pack of 3","New","4.29","No",,"Yes","9","9","0","0","39","199.92","0","30","0","0","0","0","9","0","0","9",
"Y12377","X0027E1MPR","B0DRT6HVXH","Set of 6 Interactive Feather Wands for Cats - Variable Colour - Coloured Feathers for Cats and young cats","New","9.90","No",,"Yes","72","68","0","4","122","1850.76","0","50","0","0","0","90","68","0","0","68",
"Y1243","X00275SYC5","B0DQS4VMNP","BBQ Cooking Tongs Wooden Clip Buffet Food Tongs Bread Tong Dessert Bread Tongs for Kitchen Camping Grill Buffet Restaurant Pastry","New","7.39","No",,"Yes","85","73","0","0","85","224.01","0","0","0","0","0","0","73","0","12","85",
"Y1244","X00275MB79","B0DQSB6DD7","Paper Filters for V60 Dripper Coffee Maker, Compatible with Size 02, White, 1-100pcs","New","5.99","No",,"Yes","0","0","0","0","0","576.01","0","0","0","0","0","0","0","0","0","0",
"Y1245","X00275SYE3","B0DQS4VY8K","100 Piece Clear Cable Clips Set - Self-Adhesive Wire Clips for Cable Management, with Sticky Cable Hooks, Self-Adhesive Cable Hook, Ideal for Christmas Decorations, Fairy Lights","New","4.99","No",,"Yes","0","0","0","0","0","99.96","0","0","0","0","0","0","0","0","0","0",
"Y12451","X0027E3DLN","B0DRTB27TW","Flower Silicone Soap Moulds, Homemade Soap Mould, Muffin, Pudding, Jelly, Brownie and Cheesecake, Nonstick & BPA Free","New","5.49","No",,"Yes","22","21","0","1","22","705.63","0","0","0","0","0","0","21","0","0","21",
"Y12452","X0027DWXQP","B0DRTBV988","Winter Snowflake Cookie Cutter Set - 5 Piece - Stainless Steel","New","4.89","No",,"Yes","48","46","0","2","48","291.53","0","0","0","0","0","0","46","0","0","46",
"Y12457","X0027E1VUN","B0DRTC634T","100 White Pipe Cleaners Chenille Stem 6mm x 30cm,Craft for Kids, Pipe Cleaners Craft Supplies, Art, Crafts for Kids","New","4.99","No",,"Yes","0","0","0","0","30","360.02","0","30","0","0","0","0","0","0","0","0",
"Y12458","X0027E1VPD","B0DRTB5R6V","Multi-Colored Glitter Pipe Cleaners, 100PCS Sparkly Pipe Cleaners for Craft, 30CM Christmas Pipe Cleaners, 6mm Glitter Craft Pipe Cleaners for DIY Craft Projects, Christmas Ornament Making","New","4.39","No",,"Yes","5","5","0","0","5","360.02","0","0","0","0","0","0","5","0","0","5",
"Y12460","X0027E2Y27","B0DRTBYTP8","Body Bath Sponge,3 Pack Natural Fiber Soft Body Bath Sponge Honeycomb Texture Gentle Soothing Exfoliating Cleansing Body Shower Loofahs for Adults Daily Care Bathroom Supplies.","New","6.09","No",,"Yes","34","32","0","2","34","645.98","0","0","0","0","0","0","32","0","0","32",
"Y12475","X0027E1QG7","B0DRT67D5W","Signature Slip Lead - 1.25m Lightweight Training Lead for Dogs, No Collar or Harness Needed (Black)","New","6.99","No",,"Yes","76","68","0","8","76","99.96","0","0","0","0","0","0","68","0","0","68",
"Y1248","X00275U7T3","B0DQSNZQCQ","2 Pack Rhinestone Bow Shoe Clips, Detachable Crystal Shoe Buckles, Silver Elegant Decorations for Women Wedding Prom Party High Heels","New","4.49","No",,"Yes","0","0","0","0","0","56.04","0","0","0","0","0","0","0","0","0","0",
"Y1249","X00275MDGX","B0DQSSY9K7","Large Capacity Pencil Case,Zip Smooth Pencil Pouch for Girls Boys with 4 Compartments Pen Bag Stationery Organizer Office Makeup Bag for Women Men(Pale Blue)","New","6.99","No",,"Yes","0","0","0","0","160","429.01","0","160","0","0","0","0","0","0","0","0",
"Y1251","X00275TGC7","B0DQTN17H3","2 Pcs Slide-on 32mm Kitchen Cabinet Wardrobe Door Hinge,110 Degree Self Close Full Overlay Standard Hinge-Nickel Plated","New","7.79","No",,"Yes","39","37","0","2","39","702.02","0","0","0","0","0","0","37","0","0","37",
"Y1253","X00275PBT9","B0DQSCDCHG","White Plastic Curtain Hooks | Hooks For Pencil Pleat, Window, Door & Shower Curtains | Heavy Duty Hook for Header Tape & Drapery | Pack of 50-3.27 x 1.31cm","New","4.88","No",,"Yes","32","32","0","0","32","144.04","0","0","0","0","0","0","32","0","0","32",
"Y12551","X0027JHV1V","B0DRVMJKZD","2Pcs Brown Volume Hair Increase Pad Clips - Padding Tool with Bump Up Inserts and Accessories","New","5.29","No",,"Yes","1","0","0","1","1","159.94","0","0","0","0","0","0","0","0","0","0",
"Y1256-1","X00275Q931","B0DQT3BCGR","Silicone Luggage Tag with Name ID Card Perfect to Quickly Spot Luggage Suitcase by","New","3.39","No",,"Yes","4","0","0","4","4","46.87","0","0","0","0","0","0","0","0","0","0",
"Y12592-1","X002831D1Z","B0DTKDCV31","8PCS Guided Reading Highlight Strips, Colored Overlay Reading Tracking Rulers for Dyslexia Irlens to Reduce Visual Stress, Visual Aids Overlays Ruler for Reading Beginner","New","4.49","No",,"Yes","14","13","0","1","14","47.19","0","0","0","0","0","0","13","0","0","13",
"Y12594","X00281IF2H","B0DTKCXZ92","Heavy Duty Zinc Metal Drapery Pin Hooks Pack of 100 Curtain Pin Hooks for Pencil Pleat Curtains, Silver","New","6.39","No",,"Yes","0","0","0","0","0","254.16","0","0","0","0","0","0","0","0","0","0",
"Y12596","X00281HL3L","B0DTKG5QY5","2Pieces Artificial Fake Fish Toy Kids Pretend Play Prop Desktop Decoration Lifelike Artificial Fake Fish Model for Children Sea Animals Toys","New","6.19","No",,"Yes","34","34","0","0","34","224.01","0","0","0","0","0","0","34","0","0","34",
"Y12599","X00281DFHR","B0DTK6H31W","Spring Snap Hooks, 304 Stainless Steel Metal Clip Heavy Duty Rope Connector Small Snap Clamp Key Chain Link Buckle for Hammock Swing Set Outdoor Travel Camping Fishing Hiking","New","5.29","No",,"Yes","0","0","0","0","0","75.05","0","0","0","0","0","0","0","0","0","0",
"Y12603","X00281COPL","B0DTK6LRYC","Generic 2 Pcs Kids Glasses, Blue Light Blocking, Clear Lens, Anti-Blue Light Eyes, Prevent Eye Fatigue (Gray+Pink)","New","4.99","No",,"Yes","33","33","0","0","33","449.99","0","0","0","0","0","0","33","0","0","33",
"Y12608","X00281FF5H","B0DTK7J6ML","2Rolls 20mmx22m Navy Blue Ribbon with Gold Rim,Christmas Double Sided Satin Ribbon Roll for Crafts DIY,Christmas Ribbon for Gift Wapping,Crafting Xmas Tree Cake Wreath Bow Wedding Decoration","New","5.89","No",,"Yes","29","29","0","0","29","361.01","0","0","0","0","0","0","29","0","0","29",
"Y12609","X00281GD2L","B0DTK885VF","5 PCS Large Pull Bows Wrapping Pull Bow Ribbon，Red Gift Wrap Bows for Gift Wrapping Baskets Wedding or Flower Decorations, Valentine's Day Birthday Gift Decorations","New","8.39","No",,"Yes","38","37","0","1","38","1482.21","0","0","0","0","0","30","37","0","0","37",
"Y12610","X00281FDLX","B0DTK8295Z","1 Roll 10M Christmas Ribbon Snowflake Deer Pattern Craft Trim Ribbon Cake Wrapping Tape Ornament for Party Decor New Year Wedding (Grey)","New","3.79","No",,"Yes","0","0","0","0","0","250.07","0","0","0","0","0","0","0","0","0","0",
"Y12613","X00281GOQ1","B0DTK99HG6","5 PCS Large Pull Bows Wrapping Pull Bow Ribbon，Silver Gift Wrap Bows for Gift Wrapping Baskets Wedding or Flower Decorations, Valentine's Day Birthday Gift Decorations","New","5.09","No",,"Yes","20","20","0","0","40","320.04","0","20","0","0","0","0","20","0","0","20",
"Y12617","X00281D9YL","B0DTK4PZXK","Soft Glasses Eyeglass Case Bag With Clip - Reading Glass Pouch for Kids Women Men","New","4.09","No",,"Yes","0","0","0","0","0","287.92","0","0","0","0","0","0","0","0","0","0",
"Y12618","X0028298Z9","B0DTPCNPDQ","4 Pcs Luggage Tags, Leather Suitcase Tags, Luggage Tags for Suitcases with Adjustable Strap Privacy Protection Cover for Preventing Loss of Bags and Suitcases","New","5.59","No",,"Yes","40","40","0","0","40","300.05","0","0","0","0","0","0","40","0","0","40",
"Y12620","X002818A95","B0DTK6JJPY","dog whistle no. 210.5 with whistle strap | Original from England | Ideal for dog training | Food-Grade ABS Material | Standardized frequency | Loud and far-reaching","New","5.59","No",,"Yes","30","30","0","0","30","75.05","0","0","0","0","0","0","30","0","0","30",
"Y12622","X00281C6P9","B0DTK5ZY6Q","5 Pack Tactical Gear Carabiner Clip Hanging Belt Carabiner Hook Nylon Webbing Buckle Strap Clip Molle Backpack Tape Keychains Hanging Buckle Belt Key Ring Holder for Outdoor Camping Hiking","New","6.79","No",,"Yes","74","46","0","2","74","179.93","0","0","0","0","0","0","46","0","26","72",
"Y12625","X00281BZCT","B0DTK5QTF8","2 Pieces Decorative Shoe Clips Handmade Bow Knot Shoe Charms Removable Satin Shoe Bow Buckle Clips Wedding Party Outfit Accessories for Women Girls Dress Shoes Pumps Flats High Heels","New","4.99","No",,"Yes","30","30","0","0","30","224.01","0","0","0","0","0","0","30","0","0","30",
"Y12631","X00282CPHR","B0DTPGM5XQ","20 Pack Spring Cord Locks for Drawstrings, Black Plastic Double Holes Cord Ends Fastener Oval Toggle Stopper Sliders","New","4.09","No",,"Yes","23","21","0","1","23","179.93","0","0","0","1","0","0","21","0","0","21",
"Y12632","X00282BXST","B0DTPF2S2P","2 Adjustable Pliers Made of Galvanized Iron Material, with Locking Buckle and Quick clamp, Manual Tool","New","5.09","No",,"Yes","25","25","0","0","25","71.94","0","0","0","0","0","0","25","0","0","25",
"Y12635","X00282C6KD","B0DTPCLHMD","100 Pcs Cocktail Picks, 12 CM Toothpicks for Appetizers, Bamboo Cocktail Sticks Skewers for Drinks, Desserts, Charcuterie, Wedding Party Fancy Toothpicks, Gold Pearl Mini Food Picks Decorative","New","5.49","No",,"Yes","78","66","0","2","78","390.01","0","0","0","0","0","40","66","0","10","76",
"Y12636","X00281FYNF","B0DTKFMXCJ","Stitch Markers Knitting, 200PCS Colorful Knitting Stitch Markers Knitting Markers Stitch Markers Clips for Beginner to Expert Knitters and Crocheters Knitting Accessories","New","4.29","No",,"Yes","19","18","0","0","19","300.05","0","0","0","1","0","0","18","0","0","18",
"Y1264-1","X00275M6O7","B0DQSKRC8Z","10 PCS 50ml Aluminum Tin Jars,Balm Containers Travel Jars Containers Cosmetics Containers Pots Empty Cosmetic Containers with Screw Cap Lid for DIY Crafts Cosmetics Salve Cream Candle Lip Balm Travel","New","7.29","No",,"Yes","28","27","0","1","28","2570.64","0","0","0","0","0","0","27","0","0","27",
"Y1265","X00275RTM1","B0DQSQ64D8","60 Pieces Outdoor Cable Clips Christmas Adhesive Hooks Cable Management Clips Wire Light Clips Cord Hider Organizer for Fairy Light Under Desk, Wall, Car and Electric Wires(Clear, Small)","New","4.59","No",,"Yes","0","0","0","0","0","117.66","0","0","0","0","0","0","0","0","0","0",
"Y12658-1","X00282418N","B0DTK48NCR","6 Pack Gold Leaf Napkin Rings, Stretchable Metal Napkin Holders, Reusable Foliage Rings for Wedding Party Dinner Table Decoration","New","7.09","No",,"Yes","9","0","0","9","39","383.95","0","30","0","0","0","0","0","0","0","0",
"Y12666","X00281GSY9","B0DTK8BNG4","Slick Back Boar Bristle Brush, Reddish-brown Round Hair & Beard Smoothing Tool for Afro Wet Curly Damaged, Gentle Grooming Brush Reducing Breakage","New","5.59","No",,"Yes","88","80","0","8","88","381.65","0","0","0","0","0","0","80","0","0","80",
"Y12667","X00281F6ZB","B0DTK96KBV","Black Large Shower Cap for Women Long Hair, Reusable Waterproof Shower Hats for Men, Double Layer Washable Bath Cap for Thick Curly Hair","New","4.49","No",,"Yes","30","30","0","0","30","390.01","0","0","0","0","0","0","30","0","0","30",
"Y12668","X00281GQ9L","B0DTK6FGGP","Shower Cap Disposable, 50 PCS Bath Caps Large Thick Clear Waterproof Plastic Elastic Hair Bath Caps for Women Kids Girls, Travel Spa, Hotel and Hair Solon, Home Use","New","3.79","No",,"Yes","26","26","0","0","26","79.97","0","0","0","0","0","0","26","0","0","26",
"Y12670","X00281GFO7","B0DTK7PS1P","5 PCS Large Pull Bows Wrapping Pull Bow Ribbon，Gold Gift Wrap Bows for Gift Wrapping Baskets Wedding or Flower Decorations, Valentine's Day Birthday Gift Decorations","New","5.09","No",,"Yes","15","15","0","0","15","1372.74","0","0","0","0","0","30","15","0","0","15",
"Y12671","X00281F6ER","B0DTK8VGZ5","5 PCS Large Pull Bows Wrapping Pull Bow Ribbon，Blue Gift Wrap Bows for Gift Wrapping Baskets Wedding or Flower Decorations, Valentine's Day Birthday Gift Decorations","New","5.59","No",,"Yes","44","43","0","1","74","159.94","0","30","0","0","0","0","43","0","0","43",
"Y12676","X00281CBB3","B0DTK6TRNR","3 in 1 Potato Peeler + Serrated Blade for Fruit & Vegetable +Julienne Slicer. 3 Peelers in 1 for Speed Peeling of All Kinds of Veg & Fruit. Black/Grey/Stainless Steel","New","5.69","No",,"Yes","40","40","0","0","40","281.2","0","0","0","0","0","0","40","0","0","40",
"Y12678","X00281CBE5","B0DTK5HZ2K","Duster Brush - Nail Dust Remover, Powder Cleaner, for Acrylic Nails And Nail Art - Comfortable and Easy to Handle Dusting Brush - Portable, Precise & Comfortable - Vegan and Cruelty Free","New","5.19","No",,"Yes","0","0","0","0","0","144.53","0","0","0","0","0","70","0","0","0","0",
"Y12682","X00282C761","B0DTPGVCL2","2PCS Plaid Cat Collars Quick Release Kitten Collar Bow Tie Safety Cat Bowtie Collars Christmas Cat Bow Collar With Bell Soft Tartan Collar Adjustable Pet Collars For Kitten Puppy Green and Red","New","4.79","No",,"Yes","28","23","0","0","28","179.93","0","0","0","0","0","0","23","0","5","28",
"Y12683","X00282D4V3","B0DTPD7ZXF","Metal Curtain Hooks Pinch Pleat Header Tape Pins Heavy Duty Deep Prong Hooks(20 Pack)","New","5.59","No",,"Yes","27","27","0","0","27","400.01","0","0","0","0","0","0","27","0","0","27",
"Y12684","X00282C6HV","B0DTP7P791","Pastry Piping Bags Anti Burst - Extra Thick 100 Pack Cake Decorating Bags, Disposable Icing Bags for Cakes, Cupcakes, Cookies & Frosting - Professional Baking Tools for Bakers (29cm, Thickened)","New","6.79","No",,"Yes","27","27","0","0","27","640.08","0","0","0","0","0","0","27","0","0","27",
"Y12686","X00282D52B","B0DTPGC1J3","3 Pcs Piping Bags Re-usable Icing Bags Cotton Pastry Bags DIY Cake Decorating Tool for Decorating Cakes Pies Cookies","New","7.09","No",,"Yes","17","17","0","0","17","1509.9","0","0","0","0","0","0","17","0","0","17",
"Y12688","X0028298XV","B0DTPDLHB1","Gingerbread Man Cookie Cutter 3 Piece - Biscuit Pastry Cutters Stainless Steel 12.5cm, 10cm & 8cm – New Ginger Bread Man Cookie Cutters x3 Various Sizes","New","5.29","No",,"Yes","29","29","0","0","59","179.93","0","30","0","0","0","0","29","0","0","29",
"Y12696","X0028297X7","B0DTPD88R8","White Plastic Curtain Hooks | Hooks For Pencil Pleat, Window, Door & Shower Curtains | Heavy Duty Hook for Header Tape & Drapery | Pack of 100-2.8 x 1.2cm","New","4.39","No",,"Yes","0","0","0","0","0","96.03","0","0","0","0","0","0","0","0","0","0",
"Y1270","X00275R83B","B0DQSCBM5H","Sink Plug，Universal Bathroom Pop Up Wash Basin Plug Replacement Stainless Steel Strainer，pop up Sink Plugs ，34mm-42mm Drain Stoppers，for Bath，Wash Basin (34mm-42mm)","New","5.49","No",,"Yes","18","17","0","0","18","311.52","0","0","0","1","0","0","17","0","0","17",
"Y12700","X002829GFB","B0DTPR35HL","Spiral Hair Ties, 12pcs Clear Plastic Hair Coil Bands, Spiral Ponytail Holder Phone Cord Bobbles Bands Set for Women Girls Hair Accessories","New","5.39","No",,"Yes","31","30","0","0","61","388.05","0","30","0","1","0","0","30","0","0","30",
"Y12703","X00282AJSJ","B0DTPRCTPV","10pcs 50mm Bronze Brown Single Hole Large Sewing Toggle Wood Buttons Craft Embellishments","New","4.19","No",,"Yes","7","7","0","0","7","25.07","0","0","0","0","0","0","7","0","0","7",
"Y12709","X0028299VH","B0DTP9YJ39","60 PCS Polyester Felt Squares Assorted Colour Fabric Sets - 10cm Small Pastel Material Sheets for Sewing, Patchwork, and Crafting With Children","New","5.99","No",,"Yes","33","33","0","0","33","599.93","0","0","0","0","0","0","33","0","0","33",
"Y1271","X00275S3CV","B0DQSLRNBX","Bathroom Pop Up Click Clack Chrome Sink Plug Stopper, Brass Waste Plug Sink Drain Plug for Wash basin Faucet Vessel Vanity Sink-66mm Cap","New","6.19","No",,"Yes","0","0","0","0","0","85.38","0","0","0","0","0","50","0","0","0","0",
"Y12710","X002826IMZ","B0DTPF4XLS","2 Pack Double Tube Emergency Survival Whistle, Aluminium Alloy Safety Whistle with Lanyard & Keychain for Outdoor Camping Hiking Boating","New","4.19","No",,"Yes","0","0","0","0","0","107.99","0","0","0","0","0","0","0","0","0","0",
"Y12713","X00281C1NB","B0DTK49HSP","Grape Cutter for Toddlers 1-3, Fruit Slicer for Tomato Cherry Strawberry Olive Multi Grape Quarter Cutter Tool for Baby Stainless Steel Kitchen Gadgets with Ergonomic Non-Slip Handls","New","6.49","No",,"Yes","28","28","0","0","28","357.07","0","0","0","0","0","0","28","0","0","28",
"Y12716","X002818C11","B0DTK527ZM","Ice Cream Scoops with Easy Trigger - Medium Sized (5cm) 304 Stainless Steel Cookie Scoop for Meatballs, Mellon Balls, Mashed Potatoes and Muffins","New","5.39","No",,"Yes","0","0","0","0","0","566.99","0","0","0","0","0","0","0","0","0","0",
"Y12720","X00281GSXF","B0DTK8XZ2J","Generic Women's Elastic Turban - Soft Head Turban Beanie - Black","New","6.59","No",,"Yes","89","69","0","2","119","1192.65","0","30","0","0","0","0","69","0","18","87",
"Y12722","X00281FE5D","B0DTK7Y57T","Boar Bristle Slick Back Hair Brush for Sleek Ponytail Bun & Smoothing Baby Hairs, Flyaways, Edge Control - Backcombing & Teasing Hairbrush with Wide Rat Tail for Sectioning & Parting","New","6.19","No",,"Yes","32","32","0","0","32","224.99","0","0","0","0","0","0","32","0","0","32",
"Y12725","X002816UXD","B0DTK597KS","Large Velvet Soft Self Tanning Mitt | Double Sided with Stain Protection Lining | Streak-Free Fake Tan Finish | Full Body and Face Application | Machine Washable and Reusable","New","5.39","No",,"Yes","8","7","0","1","28","320.04","0","20","0","0","0","0","7","0","0","7",
"Y12726","X00281D3GP","B0DTK6DRYV","Generic Kabuki Foundation Brush - Flat Top Makeup Brush - Perfect for Blending Liquid, Tanning, Cream or Powder Cosmetics - Buffing, Stippling, Concealer (Pink)","New","4.59","No",,"Yes","26","22","0","3","26","56.86","0","0","0","0","0","0","22","0","1","23",
"Y12735","X0028298Y5","B0DTPDM3W5","Natural Loofah Sponge Exfoliating Body Scrubber (2 Pack),Made with Eco-Friendly and Biodegradable Shower Luffa Sponge, Loofah for Women and Men, Beige.","New","4.19","No",,"Yes","25","25","0","0","25","305.95","0","0","0","0","0","0","25","0","0","25",
"Y1274","X00275S7C7","B0DQSMYCD9","Heavy Duty Metal Curtain Hooks Pinch Pleat Deep Prong Hooks Header Tape Pins Silver (40 Pack)","New","8.39","No",,"Yes","55","55","0","0","105","750.04","0","50","0","0","0","0","55","0","0","55",
"Y1275","X00275P3J7","B0DQS4TKVJ","50 Pack Heavy Duty Metal Curtain Drapery Hooks, Silver Matte Butterfly Style Pins for Pencil Pleats Blackout Drapes Window Blinds","New","3.99","No",,"Yes","22","21","0","1","22","252.03","0","0","0","0","0","0","21","0","0","21",
"Y1276","X00275R769","B0DQSMKK4Z","Metal Curtain Rail Rings with Eyelets, 20 Pack 45mm Large Silver Heavy-duty Round Decorative Drapery Pole Rod Hanging Rings","New","7.09","No",,"Yes","56","55","0","1","56","144.04","0","0","0","0","0","0","55","0","0","55",
"Y1277","X00275OUQT","B0DQSJZ81S","20-Pack Curtain Rail Gliders - Effortless Gliding Hooks Sliders for Window, Door & Shower Drape Fabric","New","3.99","No",,"Yes","32","23","0","0","52","41.13","0","20","0","0","0","0","23","0","9","32",
"Y1278","X00275OUZP","B0DQS662BB","36 PCS Lifting Adjustable Curtain Hooks","New","4.39","No",,"Yes","0","0","0","0","0","300.05","0","0","0","0","0","0","0","0","0","0",
"Y1283","X002754HHL","B0DQPSTMPF","Y Shape Vegetable Peeler with 2 Orange Peelers, Sharp Carbon Steel Blade Non-Slip Handle, Swivel Peeler for Potato Carrot Cucumber Fruit Citrus","New","5.49","No",,"Yes","1","0","0","1","1","287.92","0","0","0","0","0","0","0","0","0","0",
"Y1284","X002755R3J","B0DQPWQWRV","2X Stainless Steel Peeler French Potato Peeler Vegetable Peeler Fruit Peeler Easy Peeler","New","4.59","No",,"Yes","27","27","0","0","27","137.98","0","0","0","0","0","0","27","0","0","27",
"Y1289","X002754HLH","B0DQPW919C","Potato Peeler for Kitchen, Julienne Vegetable Peeler,3 Pieces Stainless Steel Professional Peelers, Non-Slip, Suitable for Peeling for Potato, Apples, Carrots, Cucumber and Various Veg and Fruits","New","6.19","No",,"Yes","29","27","0","2","29","881.95","0","0","0","0","0","0","27","0","0","27",
"Y1299","X0027642JD","B0DQTX3FMJ","Stainless Steel Potato Peeler - 7.5 Inches Silver Julienne Peeler - Kitchen Vegetable Slicer Food Cutter","New","4.29","No",,"Yes","44","34","0","0","44","60.63","0","0","0","0","0","0","34","0","10","44",
"Y50102","X00281B4TN","B0DTK661NT","Heat Mat for Hair Straighteners, Silicone Heat Resistant Mat for Curling Irons, Heat Proof Protection Mat for Travel Home Salon Flat Iron Hair Styling Tools(8.58X 6.2, Pink)","New","3.99","No",,"Yes","12","12","0","0","12","167.97","0","0","0","0","0","0","12","0","0","12",
"Y501113","X00281C77V","B0DTK5CW17","Ultra Soft Leather Heel Grips | Shoes Too Big | Eliminates Slipping and Rubbing | Prevent Blisters - Skin Irritation/Soreness | Odor Resistant | Foot Care (Suede Leather (2PAIR))","New","4.49","No",,"Yes","34","34","0","0","34","167.97","0","0","0","0","0","0","34","0","0","34",
"Y501114","X002829TO9","B0DTPC6631","Matcha Sieve & Loose Tea Strainer | Metal Fine Mesh Stainless Steel | Mini Icing Sugar Sieve | Tea Filter | Small Matcha Sifter in Gold (1)","New","6.39","No",,"Yes","0","0","0","0","0","280.05","0","0","0","0","0","0","0","0","0","0",
"Y501115","X00282CNVF","B0DTP64DVT","Professional Stainless Steel Dual Tool Cuticle Pusher Double End Manicure Pedicure Nail Cleaner Gel Polish Remover","New","3.69","No",,"Yes","17","16","0","1","57","6.39","0","40","0","0","0","0","16","0","0","16",
"Y501116","X00282BZE1","B0DTP9HR2R","Generic Ladle Spoon, Silver, 1 pc, Stainless Steel, Classic, 7.87 x 2.91 inches","New","4.89","No",,"Yes","14","14","0","0","14","364.94","0","0","0","0","0","0","14","0","0","14",
"Y501119","X00282C1HB","B0DTPP8F3Q","Professional Double Ended Hypoallergenic Stainless Steel Metal Pusher (Cuticle Pusher)","New","3.89","No",,"Yes","44","43","0","1","44","12.62","0","0","0","0","0","0","43","0","0","43",
"Y501125","X002828TIB","B0DTP3GFW4","Felt Metatarsal Pads for Women and Men 20 Pack,Adhesive Forefoot Pads Forefoot Cushion Pads, Ball of Foot Cushion Foot Pads for Forefoot and Sole Support, Metatarsalgia Mortons Neuroma","New","6.99","No",,"Yes","45","45","0","0","75","1046.48","0","30","0","0","0","0","45","0","0","45",
"Y501127","X00282CMQV","B0DTP9K3W2","Angled Blusher Brush - Quality Blush, Contour and Bronzer Brush","New","3.89","No",,"Yes","9","8","1","0","29","58.34","0","20","0","0","0","0","8","0","0","8",
"Y501129-1","X00282Z3MB","B0DTTBWTMV","50Pcs Self-Adhesive Vine Plant Climbing Wall Fixer Vine Clips Invisible Plant Climbing Wall Clips Wall Vines Fixture Wall Sticky Hook for Gardening Plant Support Fixture","New","6.89","No",,"Yes","50","22","0","2","80","1199.53","0","30","0","0","0","0","22","0","26","48",
"Y501131","X00282YTFN","B0DTTFQPXF","30Pcs Plant Bender, 360° Adjustable Bender Clip Plant Stress Training Clips Plant Growth Bender Clips Plant Branches Bender for Plant Stem Trainer","New","5.79","No",,"Yes","0","0","0","0","29","300.05","0","29","0","0","0","0","0","0","0","0",
"Y50119","X00281CHUD","B0DTK4PD51","Portable Glasses Case PU Leather Sunglasses Storage Bag Soft Eyeglasses Case for Men & Women","New","8.59","No",,"Yes","116","112","0","4","116","1141.85","0","0","0","0","0","51","112","0","0","112",
"Y50124","X00282C01X","B0DTPGGHP8","Coloured Clip in Hair Extension Black Hairpieces for Women Party Highlight Colourful Straight Long Hair Extensions Clip in Hair Piece, 22 inch","New","5.89","No",,"Yes","20","20","0","0","50","1742.93","0","30","0","0","0","0","20","0","0","20",
"Y50126-1","X00282YV83","B0DTTJQMKS","Hair Net for Wigs, Wig Caps to Hold Wig in Place, Wig Net for Long Hair, Nude, 2 Pieces","New","3.49","No",,"Yes","15","13","0","1","15","119.95","0","0","0","1","0","0","13","0","0","13",
"Y50129","X002826GT5","B0DTPGCPX4","10pcs Blue 13.56MHz UID Changeable Keyfobs Token NFC Tag Rewritable RFID Writable Access Control Key Card Used to Copy/Clone Card blue","New","4.59","No",,"Yes","50","47","0","3","50","79.97","0","0","0","0","0","0","47","0","0","47",
"Y50130","X002826GC7","B0DTPCJLHR","24 Pieces Safety Reflective Stickers,Warning Reflective Stickers Stick-on Car Reflector Sticker Waterproof Reflective Tape Stickers for Vehicle,Bicycles,Motorcycles,Motorcycle Helmet(3x8cm,3 color","New","3.59","No",,"Yes","3","2","0","1","3","91.6","0","0","0","0","0","0","2","0","0","2",
"Y50135","X00281C6PT","B0DTK79324","5-piece Cast Iron Black Coat Hooks, Includes 10 Screws - Easy to Install | Suitable for Doors, Walls, Entryways, Bedrooms, and Bathrooms","New","6.29","No",,"Yes","13","10","1","1","13","281.69","0","0","0","0","0","0","10","0","1","11",
"Y50137","X00282689N","B0DTP8ZQM6","Quick Release Toilet Seat Fixings, Top Universal Toilet Seat Hinge Fittings for WC Toilet Blind Holes 2 Pack","New","6.89","No",,"Yes","75","74","0","1","75","455.07","0","0","0","0","0","0","74","0","0","74",
"Y50141","X002828YO5","B0DTP5Y6RF","Chrome Plated Adjustable Shower Head Holder - Replacement Hand Shower Bracket for 18-25mm Slide Bars","New","5.29","No",,"Yes","0","0","0","0","0","188.78","0","0","0","0","0","0","0","0","0","0",
"Y50143","X00282C103","B0DTP9KS2Z","Generic Kitchen Fixtures Faucet Aerator, 360° Swivel Tap Aerator, 2-Flow, Water Saving, Splash-Proof, 22mm, Brass & ABS, Polished, M24x1, Universal Fitting","New","6.89","No",,"Yes","0","0","0","0","0","30.64","0","0","0","0","0","0","0","0","0","0",
"Y50150","X00282AFLF","B0DTPMJ165","20 Pieces Large Cotton Stretch Hair Ties Bands Rope Ponytail Holders Headband for Thick Heavy and Curly Hair","New","3.99","No",,"Yes","32","28","0","4","32","300.05","0","0","0","0","0","0","28","0","0","28",
"Y50151","X00282C4IH","B0DTPGVCG5","Cocktail Strainers - Small Sieve for Bartending, Coffee, Tea, Baking & More - Fine Mesh Metal Sieve, Matcha, and Mini - Perfect for Cocktails and Culinary Uses","New","6.79","No",,"Yes","21","21","0","0","21","559.95","0","0","0","0","0","0","21","0","0","21",
"Y50152","X00282CPF9","B0DTPDJZY5","10Pcs Goldfish Toy Soft Rubber Goldfish Simulation Fish Fake Goldfish Artificial Floating Fishes Ornament Decorations for Aquarium Fish Tank Home Office Desktop Decor","New","5.89","No",,"Yes","50","39","2","0","110","240.07","0","60","0","0","0","0","39","0","9","48",
"Y50153","X00282CP8V","B0DTPF33XS","Resistance Band, Arm Back Shoulder Exercise Elastic Rope Stretch Fitness Band, Foot, Leg, Hand Stretcher, Arm Exerciser for Yoga Pilates Stretching Physical Therapy, Home Gym Workout","New","5.49","No",,"Yes","22","21","0","1","22","626.97","0","0","0","0","0","0","21","0","0","21",
"Y50156","X00282CKM7","B0DTPGKT7M","304 Small Ladle Soup Spoon Stainless Steel Soup Spoon 20 cm Sauce Spoon Dishwasher Safe Pack of 2","New","5.29","No",,"Yes","10","9","0","1","10","624.02","0","0","0","0","0","0","9","0","0","9",
"Y50159","X00281CACN","B0DTK6JCXJ","Tongue Scrapers for Adults with Thick Tongue Coating, Mental Tongue Scraper with Dual Scraping Head Design for Deep Clean, Bad Breath Gone, Help Improve Oral Hygiene","New","3.69","No",,"Yes","8","8","0","0","8","181.4","0","0","0","0","0","0","8","0","0","8",
"Y50160","X002818FVX","B0DTK69592","350 Pieces Round Double Sided Adhesive Dots, 10mm Transparent Removable Sticky Dots, Traceless Mounting Tape for Party Decor DIY Crafts","New","4.09","No",,"Yes","0","0","0","0","0","81.28","0","0","0","0","0","0","0","0","0","0",
"Y50163","X00282C2FH","B0DTPBXKGK","2 Pack Brass Pop Up Click Clack Plug Bolt Assembly, Slotted Drain Stopper Replacement for Bathroom Sink Bathtub Basin","New","4.89","No",,"Yes","34","30","0","3","34","28.84","0","0","0","0","0","0","30","0","1","31",
"Y50164","X002829DH7","B0DTPKSJGR","Spiral Hair Ties - Waterproof Hair Ties No Damage, Plastic Spiral Hair Bands for Teens, Stylish Hair Spirals & Hair Band Spiral for Girls, Spiral Hair Tie & Hair Coil Bands, 8 Pcs (Brunette)","New","4.09","No",,"Yes","39","39","0","0","39","149.94","0","0","0","0","0","0","39","0","0","39",
"Y50166","X00282AGOV","B0DTPNYNZ7","7cm Wide Black Headbands for Women Men, 4 pack Fashion Head Bands for Women's Hair, Soft Fabric Stretchy Hair Bands for Makeup, Yoga, Running (4XBlack)","New","5.09","No",,"Yes","55","54","0","0","55","252.03","0","0","0","1","0","0","54","0","0","54",
"Y50167","X00282CT7D","B0DTPP26K6","Face Wash Headband, Frog Spa Hair Bands, Soft Cute Coral Fleece Elastic Headband, Head Wraps for Face Wash Makeup, Beauty Skincare, Sport Shower, Creative Hair Accessories for Women","New","3.79","No",,"Yes","9","9","0","0","9","224.99","0","0","0","0","0","0","9","0","0","9",
"Y50170","X00281D3GZ","B0DTK6ZLWX","Gray Travel Soap Case, Waterproof Leakproof Soap Box with Drain Tray, Portable PP Holder with Lid for Travel Bathroom Camping Gym Outdoor","New","6.99","No",,"Yes","7","7","0","0","7","776.26","0","0","0","0","0","0","7","0","0","7",
"Y50171","X00281CV7H","B0DTK5CQ1C","Upgraded Leakproof Travel Soap Case, Shampoo bar case, Soap Container mit Draining Layer, Portable Bar Soap Box for Bathroom, Camping, Gym, Red Dot Design Recipient","New","4.79","No",,"Yes","0","0","0","0","0","308.08","0","0","0","0","0","0","0","0","0","0",
"Y50173","X002816KZV","B0DTK5T4NK","10pcs Soap Bag, Natural Fiber Soap Bags Organic Soap Bag With Pouch Holder Sisal Soap Bag for Foaming or Drying Soaps","New","7.22","No",,"Yes","0","0","0","0","0","2205.7","0","0","0","0","0","0","0","0","0","0",
"Y50177","X00281C15J","B0DTK654HG","6 Pcs Brass Cabinet Cupboard Door Catch Ball Tension Catch Furniture Latch for Cupboard Latch, Internal Doors, Shoe Closet (Silver)","New","8.29","No",,"Yes","56","48","1","7","86","65.06","0","30","0","0","0","0","48","0","0","48",
"Y50179","X002816I3F","B0DTK4PD26","Self-Adhesive Floor Door Stoppers Oval Stainless Steel Door Stop Floor Mounted Half Moon Wall Protector Polished Doorstop with Glues for Hard Floor Glass Door(Black,1 Pcs)","New","4.49","No",,"Yes","34","32","0","2","34","50.64","0","0","0","0","0","0","32","0","0","32",
"Y50180","X00281B83P","B0DTK4YBMT","6 Pcs Round Cookie Cutters, Plastic Double Sided Plain/Crinkle Biscuit Cutter Set, Round Pastry Cutters Kitchen Gadgets Baking Tools Accessories Random Color","New","6.99","No",,"Yes","35","35","0","0","35","484.07","0","0","0","0","0","0","35","0","0","35",
"Y50184","X00282CAWH","B0DTPP3ZTK","2Pcs Desk Table Grommet 60mm(2.4 inch) Brushed Chrome Desk Cable Wire Grommet Cable Port Hole Covers Tidy for Home Office Computer Table Wire Organizer","New","6.19","No",,"Yes","75","73","0","2","75","251.38","0","0","0","0","0","0","73","0","0","73",
"Y50186","X00282BYCT","B0DTP5MK3X","6 Pack Cable Tidy Clips Cord Organiser Magnetic Cable Management Self Adhesive Wire Holder for Desk, Nightstand, Charging Cables, HDMI, USB, Audio Cable, Office, Home, White","New","3.79","No",,"Yes","1","1","0","0","1","139.95","0","0","0","0","0","0","1","0","0","1",
"Y50189","X00282C0W7","B0DTPBZ12J","Generic Small Ladle Silver Stainless Steel Sauce Ladle for Spooning Sauces or Gravies","New","6.59","No",,"Yes","35","34","0","1","35","144.04","0","0","0","0","0","0","34","0","0","34",
"Y50192","X00282911Z","B0DTP61VFK","3 Function Kitchen Tap Spray Head, 360° Swivel Aerator Extender, 3 Spray Modes Sink Attachment, Fits 22mm Male & 24mm Female Threads (Silver)","New","6.59","No",,"Yes","16","16","0","0","16","171.57","0","0","0","0","0","0","16","0","0","16",
"Y50195","X00281CGWR","B0DTK7BSYG","6 Pairs Anti-Slip Heel Grips, Thick Liners & Fillers for Half-Size Too Big or Loose Shoes, Heel Cushion Inserts, Heel Pads to Prevent Heel Slipping Out, Rubbing and Blisters(12PCS,6mm)","New","4.79","No",,"Yes","28","28","0","0","28","236.3","0","0","0","0","0","0","28","0","0","28",
