"snapshot-date","sku","fnsku","asin","product-name","condition","available","fc-transfer","pending-removal-quantity","inv-age-0-to-90-days","inv-age-91-to-180-days","inv-age-181-to-270-days","inv-age-271-to-365-days","inv-age-366-to-455-days","inv-age-456-plus-days","currency","units-shipped-t7","units-shipped-t30","units-shipped-t60","units-shipped-t90","alert","your-price","sales-price","lowest-price-new-plus-shipping","lowest-price-used","recommended-action","healthy-inventory-level","recommended-sales-price","recommended-sale-duration-days","recommended-removal-quantity","estimated-cost-savings-of-recommended-actions","sell-through","item-volume","volume-unit-measurement","storage-type","storage-volume","marketplace","product-group","sales-rank","days-of-supply","estimated-excess-quantity","weeks-of-cover-t30","weeks-of-cover-t90","featuredoffer-price","sales-shipped-last-7-days","sales-shipped-last-30-days","sales-shipped-last-60-days","sales-shipped-last-90-days","inv-age-0-to-30-days","inv-age-31-to-60-days","inv-age-61-to-90-days","inv-age-181-to-330-days","inv-age-331-to-365-days","estimated-storage-cost-next-month","inbound-quantity","inbound-working","inbound-shipped","inbound-received","Total Reserved Quantity","unfulfillable-quantity","quantity-to-be-charged-ais-241-270-days","estimated-ais-241-270-days","quantity-to-be-charged-ais-271-300-days","estimated-ais-271-300-days","quantity-to-be-charged-ais-301-330-days","estimated-ais-301-330-days","quantity-to-be-charged-ais-331-365-days","estimated-ais-331-365-days","quantity-to-be-charged-ais-366-455-days","estimated-ais-366-455-days","quantity-to-be-charged-ais-456-plus-days","estimated-ais-456-plus-days","historical-days-of-supply","Recommended ship-in quantity","Recommended ship-in date","Last updated date for Historical Days of Supply","Short term historical days of supply","Long term historical days of supply","Inventory age snapshot date","Inventory Supply at FBA","Reserved FC Processing","Reserved Customer Order","Reserved Staging","Total Days of Supply (including units from open shipments)","is-seasonal-in-next-3-months","season-name","season-start-date","season-end-date"
"2026-08-13","Y11320","X00275WQBZ","B0DQTXL7KB","16mm Replacement Jean Tack Buttons No Sew Metal Buttons for Denims, Jeans, Jackets,12 Sets (Bronze)","New","25","0","0","25","0","0","0","0","0","GBP","2","4","6","13","Low traffic","4.39","0.0","4.39","0.0","NoExcessInventory","25","0.0","0","0","0.0","0.75","0.002543","cubic feet","Standard","0.063575","UK","gl_office_product","148371","208","0","25","25","4.39","7.32","14.64","21.78","44.31","16","9","0","0","0","0.04","0","0","0","0","0","0","","","","","","","","","","","","","416.5","0","","2026-08-09","416.5","121.3","2026-08-10","25","0","0","0","208","N","","",""
"2026-08-13","RPAJM155","X002I9IF3X","B0GL645Y63","4 Pcs/Set PVC Solid Color Right-Angle Table Corner Protective Cover Anti-Collision for Protection Angle for Babies Kids Baby Proofing Edge Guards Black for Furniture White Baby Safety","","0","0","0","0","1","0","0","0","0","GBP","0","0","2","4","","0.0","0.0","0.0","0.0","CreateShippingPlan","","","0","0","","0.64","0.003531","cubic feet","Standard","0.0","UK","gl_home","75377","0","0","","0","4.69","0.0","0.0","7.9","15.88","0","0","0","0","0","","0","0","0","0","1","0","","","","","","","","","","","","","","1","2026-08-11","","","153.0","2026-08-10","0","1","0","0","43","N","","",""
"2026-08-13","RJM2603110","X002JE4UGD","B0GSVLCXZJ","KSEWJP Taschenanhänger – Cute Cherry Bow Design, Leather, Birthdays, Mother’s Day, Valentine’s Day","New","29","0","0","0","30","0","0","0","0","GBP","","","","","Low traffic","3.59","0.0","3.59","0.0","Advertise listing","0","0.0","0","0","67.04","0.0","0.003531","cubic feet","","0.102399","UK","gl_apparel","","","29","","","3.59","","","","","0","0","0","0","0","0.06","0","0","0","0","1","0","","","","","","","","","","","","","","0","","","","","2026-08-10","29","1","0","0","","N","","",""
"2026-08-13","Y1275","X00275P3J7","B0DQS4TKVJ","50 Pack Heavy Duty Metal Curtain Drapery Hooks, Silver Matte Butterfly Style Pins for Pencil Pleats Blackout Drapes Window Blinds","New","22","0","0","23","0","0","0","0","0","GBP","2","14","19","22","Low traffic","3.99","0.0","3.99","0.0","NoRestockExcessActionRequired","0","0.0","0","0","83.35","1.45","0.008899","cubic feet","Standard","0.195778","UK","gl_home","367919","91","0","6","13","3.99","6.64","46.48","63.08","73.04","20","3","0","0","0","0.13","0","0","0","0","1","0","","","","","","","","","","","","","52.6","1","2026-08-10","2026-08-09","32.8","52.6","2026-08-10","22","1","0","0","96","N","","",""
"2026-08-13","JM2603052","X002J3QI7D","B0GRGCY2G1","Unisex Chef Hats Adjustable Caps with Breathable Mesh Top for Kitchen Cooking Professional Catering Chefs Hat Black","New","44","0","0","21","23","0","0","0","0","GBP","0","2","5","6","Low traffic","6.19","0.0","6.19","0.0","Advertise listing","0","0.0","0","0","252.55","0.19","0.003531","cubic feet","Apparel","0.155364","UK","gl_apparel","988701","366","44","88","95","6.39","0.0","10.64","26.6","31.92","21","0","0","0","0","0.09","0","0","0","0","0","0","","","","","","","","","","","","","405.0","0","","2026-08-09","387.0","405.0","2026-08-10","44","0","0","0","366","N","","",""
"2026-08-13","JM2601010","X002HWNHW5","B0GJ8B2K97","KSEWJP Hamburger Simulation Cheeseburger Pendant Key Chain Key Ring Pendant Hamburger Handmade Jewelry for Hanging on Bag Key Women's Novelty Keychains Accessories, Car Keychain, Bobs Burgers Keychai","New","6","0","0","6","0","0","0","0","0","GBP","1","4","9","11","Low traffic","6.09","0.0","6.09","0.0","CreateShippingPlan","0","5.79","52","0","32.1","1.69","0.003531","cubic feet","Apparel","0.021186","UK","gl_apparel","320260","59","0","6","7","6.09","5.07","20.28","45.15","54.79","0","6","0","0","0","0.01","0","0","0","0","0","0","","","","","","","","","","","","","64.8","6","2026-08-09","2026-08-09","64.8","53.8","2026-08-10","6","0","0","0","59","N","","",""
"2026-08-13","RPAJM028","X002HNH7MZ","B0GGLLKYFJ","2 Pcs Scarf Buckle Women Three Rings Scarf Ring Elegant Silk Scarf Clasp Clips Large Clothing Wrap Holder Triple Sliding Neckerchief Clamps Decorate Accessory for Ladies Girls, Silver and Golden","New","45","5","0","50","0","0","0","0","0","GBP","0","1","22","23","Low traffic","4.59","0.0","4.59","0.0","NoRestockExcessActionRequired","0","0.0","0","0","101.2","1.44","0.003531","cubic feet","Apparel","0.158895","UK","gl_apparel","985224","366","0","180","25","4.59","0.0","3.82","84.99","88.73","50","0","0","0","0","0.1","0","0","0","0","0","0","","","","","","","","","","","","","398.0","0","","2026-08-09","398.0","64.4","2026-08-10","50","0","0","0","366","N","","",""
"2026-08-13","JM2601035","X002HYBWSJ","B0GJF3CP95","10Pcs No Smoking Signs, No Smoking or Vaping Signs Vinyl Self-Adhesive Stickers, Waterproof Transparent Anti-Smoking Stickers for Vehicles Office Restaurant Public Places Windows Doors","New","9","0","0","9","0","0","0","0","0","GBP","0","2","3","5","Low traffic","4.19","0.0","4.19","0.0","Advertise listing","0","0.0","0","0","20.06","0.71","0.003531","cubic feet","Standard","0.031779","UK","gl_office_product","380269","366","0","78","101","4.19","0.0","6.98","10.47","17.61","0","4","5","0","0","0.02","30","0","30","0","0","0","","","","","","","","","","","","","140.8","0","","2026-08-09","99.3","140.8","2026-08-10","39","0","0","0","366","N","","",""
"2026-08-13","JM2603032","X002J3OWQH","B0GRH4GMGH","Silicone Lids, 2-Pack Reusable Can Lids & Food Covers with Straws for Tins, BPA-Free Drink Covers Anti-Spill for Standard Soda/Beer/Juice Cans, Includes Straw Cover","New","17","0","0","11","6","0","0","0","0","GBP","1","1","3","7","Low traffic","6.39","0.0","6.39","0.0","Advertise listing","17","0.0","0","0","0.0","0.4","0.003531","cubic feet","Standard","0.060027","UK","gl_home","253233","366","0","184","85","6.39","5.32","5.32","16.64","40.5","0","0","11","0","0","0.03","29","0","29","0","0","0","","","","","","","","","","","","","543.0","0","","2026-08-09","543.0","229.1","2026-08-10","46","0","0","0","366","N","","",""
"2026-08-13","RPAJM232","X002I8YH77","B0GL1HYM7W","2 Pairs Black Waxed Cotton Shoe Laces, 7mm Flat 120cm Waterproof Boot Laces, Durable Wax Coated for Leather Boots Work Shoes Casual Footwear","New","7","0","0","0","7","0","0","0","0","GBP","1","1","2","2","Low traffic","4.49","0.0","4.49","0.0","NoRestockExcessActionRequired","0","0.0","0","0","14.55","0.24","0.003531","cubic feet","Footwear","0.024717","UK","gl_shoes","283140","158","7","28","45","4.49","3.74","3.74","7.81","7.81","0","0","0","0","0","0.01","0","0","0","0","0","0","","","","","","","","","","","","","","0","","","","390.5","2026-08-10","7","0","0","0","158","N","","",""
"2026-08-13","RPAJM022","X002HNK7TZ","B0GGKMPGMT","2 Pieces Tire Pressure Gauge, Tire Air Pressure Pencil with Pocket Clip, Car Measuring Tools Pencils for Cars Trucks RVs Bike Motor Vehicles Caravan Cyle","New","24","0","0","26","0","0","0","0","0","GBP","0","2","5","10","Low traffic","4.19","0.0","4.19","0.0","NoRestockExcessActionRequired","24","0.0","0","0","0.0","0.53","0.003531","cubic feet","Standard","0.084744","UK","gl_biss","138901","174","0","48","31","4.19","0.0","7.15","18.78","38.73","15","0","11","0","0","0.05","0","0","0","0","2","0","","","","","","","","","","","","","391.5","0","","2026-08-09","391.5","172.7","2026-08-10","24","2","0","0","188","N","","",""
"2026-08-13","RPAJM077","X002HR60XX","B0GHF5D4ZD","Texture Comb, Volumizing Wide-Tooth Hair Styling Comb, Wide Tooth Detanglers, Root Volumizing Tool, Seamless Design, Smooth Styling for Volume and Grooming Accessory Seam Covering Bangs, 1PCS","New","29","0","0","20","10","0","0","0","0","GBP","0","0","3","4","Low traffic","4.49","0.0","4.49","0.0","Advertise listing","0","0.0","0","0","119.99","0.24","0.003531","cubic feet","Standard","0.102399","UK","gl_beauty","349029","366","29","","94","4.49","0.0","0.0","11.22","14.96","20","0","0","0","0","0.07","0","0","0","0","0","0","","","","","","","","","","","","","","0","","","","295.8","2026-08-10","29","0","0","0","366","N","","",""
"2026-08-13","SD2500803","X002DIBZLD","B0FLQ284PB","Glitter Star Mini Christmas Tree Topper Shatter-Proof Small Christmas Tree Decoration Treetop for Holiday Ornament or Home Décor small christmas tree star blue christmas tree topper (Blue)","New","1","0","0","0","0","1","0","0","0","GBP","0","0","0","0","Low traffic","2.49","0.0","2.49","0.0","Advertise listing","0","0.0","0","0","3.53","0.0","0.003531","cubic feet","Standard","0.003531","UK","gl_home","975532","99","1","","","2.49","0.0","0.0","0.0","0.0","0","0","0","1","0","0.01","0","0","0","0","0","0","","","","","","","","","","","","","","0","","","","","2026-08-10","1","0","0","0","99","N","","",""
"2026-08-13","RPAJM096","X002HR4OB3","B0GHDDCD1F","Pill Boxes 7 Day 1 Times A Day for Hold Medication Vitamins","New","26","0","0","0","26","0","0","0","0","GBP","0","0","0","0","Low traffic","4.18","0.0","4.18","0.0","Advertise listing","0","0.0","0","0","103.08","0.0","0.009696","cubic feet","Standard","0.252096","UK","gl_drugstore","265912","366","26","","","4.18","0.0","0.0","0.0","0.0","0","0","0","0","0","0.18","0","0","0","0","0","0","","","","","","","","","","","","","","0","","","","","2026-08-10","26","0","0","0","366","N","","",""
"2026-08-13","Y12165","X00275M5D9","B0DQSZDM51","2pcs T Plug Female to Male Cable, Connector Battery Connector Style Connector to T-Plug Male Female Adapter 14AWG for RC ESC Speed Controller Lipo","New","52","0","0","53","0","0","0","0","0","GBP","1","5","22","35","Low traffic","5.09","0.0","5.09","0.0","NoRestockExcessActionRequired","52","0.0","0","0","0.0","1.24","0.002825","cubic feet","Standard","0.1469","UK","gl_toy","57661","165","0","41","19","5.09","4.24","21.2","95.9","150.14","52","1","0","0","0","0.09","0","0","0","0","0","0","","","","","","","","","","","","","259.8","0","","2026-08-09","259.8","54.9","2026-08-10","52","0","0","0","165","N","","",""
"2026-08-13","JM2603068","X002JECW5J","B0GSVRX4TV","Retractable Measuring 4-Pack: Dual-Sided 150cm/60inch Soft Tape Measure for Sewing Tailor Craft Measurement - Portable Fabric Tape for Clothing DIY Body Measurement Chest Waist","New","27","0","0","0","30","0","0","0","0","GBP","","","","","Low traffic","5.19","0.0","5.19","0.0","Advertise listing","0","0.0","0","0","62.98","0.0","0.003531","cubic feet","","0.095337","UK","gl_biss","","","27","","","6.59","","","","","0","0","0","0","0","0.07","0","0","0","0","3","0","","","","","","","","","","","","","","0","","","","","2026-08-10","27","3","0","0","","N","","",""
"2026-08-13","RPAJM105","X002HR90TJ","B0GHFCZPFB","KSEWJP 6 Pack Integrated Dart Flights with Shafts, 2BA Standard PP Molded Dart Stems, Durable Lightweight for Soft Tip Steel Tip Darts","New","11","0","0","1","11","0","0","0","0","GBP","0","2","3","4","Low traffic","5.49","0.0","5.49","0.0","NoRestockExcessActionRequired","0","0.0","0","0","57.4","0.3","0.003531","cubic feet","Standard","0.038841","UK","gl_sports","200925","157","11","22","35","5.49","0.0","9.14","13.71","18.62","1","0","0","0","0","0.03","0","0","0","0","1","0","","","","","","","","","","","","","302.3","0","","2026-08-09","191.5","302.3","2026-08-10","11","1","0","0","166","N","","",""
"2026-08-13","RPAJM178","X002IA3BEZ","B0GL7R5YMK","Flashlight Holster, Torch Cover Holder, Nylon Belt Torch Pouch Holder for 16cm-17cm Flashlight","New","17","0","0","17","0","0","0","0","0","GBP","1","13","29","32","Low traffic","5.69","0.0","5.69","0.0","NoRestockExcessActionRequired","0","0.0","0","0","85.26","2.06","0.003531","cubic feet","Standard","0.060027","UK","gl_sports","125480","142","0","17","23","5.69","4.74","63.66","142.22","157.94","17","0","0","0","0","0.04","40","0","40","0","0","0","","","","","","","","","","","","","50.5","0","","2026-08-09","50.5","48.8","2026-08-10","57","0","0","0","142","N","","",""
"2026-08-13","LW-4H2P-IYWP","X002IA5QYD","B0GL7TJFKJ","Acupressure Clips-4PCS Massage Clips Mini Finger Acupressure Point Clip Portable Stress Migraine Relief Pressure Point Clip Relaxation Acupressure Tool","New","65","10","0","76","0","0","0","0","0","GBP","3","9","23","35","Low traffic","3.99","0.0","3.99","0.0","NoRestockExcessActionRequired","0","0.0","0","0","266.8","1.19","0.003531","cubic feet","Standard","0.229515","UK","gl_personal_care_appliances","99313","195","0","28","24","3.99","9.96","30.05","78.75","119.23","76","0","0","0","0","0.18","0","0","0","0","1","0","","","","","","","","","","","","","120.8","0","","2026-08-09","120.8","44.0","2026-08-10","75","1","0","0","198","N","","",""
"2026-08-13","JM2601020","X002HXHKUJ","B0GJCQ4FFW","Shower Hose Connector, 135 ° Adjustable Elbow Adapter, Suitable for Handheld and Fixed Shower Heads, Leak Proof and Easy to Install","New","14","0","0","14","0","0","0","0","0","GBP","2","8","11","20","Low traffic","3.99","0.0","3.99","0.0","NoRestockExcessActionRequired","14","0.0","0","0","0.0","1.18","0.003531","cubic feet","Standard","0.049434","UK","gl_home_improvement","25080","58","0","7","9","3.99","6.64","26.56","37.03","69.97","0","0","14","0","0","0.02","0","0","0","0","1","1","","","","","","","","","","","","","101.8","9","2026-08-15","2026-08-09","101.8","91.2","2026-08-10","14","1","0","0","62","N","","",""
"2026-08-13","Y11373","X00275IGKF","B0DQS851SX","2 Pack Adjustable Glove Mitten Clips with Long Elastic Strap, Black Anti-Lost Clips for Outdoor Activities Skiing Hiking Walking","","0","0","0","0","1","0","0","0","0","GBP","0","0","1","2","","0.0","0.0","0.0","0.0","CreateShippingPlan","","","0","0","","0.15","0.021189","cubic feet","Apparel","0.0","UK","gl_apparel","645936","0","0","","0","4.39","0.0","0.0","3.66","7.65","0","0","0","0","0","","0","0","0","0","1","0","","","","","","","","","","","","","","2","2026-08-11","","","691.5","2026-08-10","0","1","0","0","39","N","","",""
"2026-08-13","SD25008152","X002E16XS9","B0FNWMZBFH","Women's Christmas Earrings, Christmas Reindeer Stud Earrings With Shiny Cubic Zirconia, Festive Accessories, Gifts For Ladies And Girls","New","1","0","0","0","1","0","0","0","0","GBP","0","0","0","0","Low traffic","4.19","0.0","4.19","0.0","Advertise listing","0","0.0","0","0","3.78","0.0","0.011458","cubic feet","Apparel","0.011458","UK","gl_jewelry","1464573","366","1","","","5.39","0.0","0.0","0.0","0.0","0","0","0","0","0","0.05","0","0","0","0","1","0","","","","","","","","","","","","","","0","","","","","2026-08-10","1","1","0","0","366","N","","",""
"2026-08-13","JM2603022","X002J3OE1F","B0GRGV9M2F","18 Pcs Hair Clips for Women - Claw Clips for Thick, Large, Small, Mini - Black Hair Accessories for Women and Girls","New","48","0","0","45","4","0","0","0","0","GBP","0","0","3","10","Low traffic","6.79","0.0","6.79","0.0","Advertise listing","0","0.0","0","0","277.55","0.34","0.003531","cubic feet","Standard","0.169488","UK","gl_beauty","352615","366","48","","62","6.99","0.0","0.0","18.96","63.2","30","0","15","0","0","0.12","0","0","0","0","1","0","","","","","","","","","","","","","","0","","","","270.7","2026-08-10","48","1","0","0","366","N","","",""
"2026-08-13","RPAJM057","X002HR3TAZ","B0GHF1BNHN","KSEWJP E27 Lamp Shade Reducer Washer, Plastic Lampshade Reducer Ring E27 Screw Collar Ring 40mm, White Screw Bulbs Lamp Holder Shade Fitting Adapter","New","21","0","0","16","7","0","0","0","0","GBP","3","5","5","6","Low traffic","4.29","0.0","4.29","0.0","NoRestockExcessActionRequired","5","0.0","0","0","23.02","0.18","0.003531","cubic feet","Standard","0.074151","UK","gl_home","236254","131","16","16","45","4.29","10.71","17.85","17.85","21.67","0","0","16","0","0","0.05","0","0","0","0","1","0","","","","","","","","","","","","","772.7","0","","2026-08-09","397.5","772.7","2026-08-10","21","1","0","0","138","N","","",""
"2026-08-13","JM2604010","X002KIZHNX","B0GXYZ8W2Q","KSEWJP 12x12 Inch Fine Grade Clay Towel for Car Detailing, Dual-Sided Microfiber Clay Bar Cloth, Scratch-Free Automotive Paint Cleaner for Polishing Decontamination (Blue)","New","41","0","0","42","0","0","0","0","0","GBP","0","0","0","2","Low traffic","7.39","0.0","7.39","0.0","Advertise listing","","","0","0","","0.07","0.049615","cubic feet","Standard","2.034215","UK","gl_home","516029","366","0","","266","7.59","0.0","0.0","0.0","14.98","15","18","9","0","0","","0","0","0","0","1","0","","","","","","","","","","","","","","0","","","","903.0","2026-08-10","41","1","0","0","366","N","","",""
"2026-08-13","RPAJM230","X002I8YHZJ","B0GZZ5MDDW","","New","10","0","0","0","10","0","0","0","0","GBP","","","","","Low traffic","4.39","0.0","4.39","0.0","Advertise listing","","","0","0","","0.0","0.003531","cubic feet","Footwear","0.03531","UK","","","","0","","","5.39","","","","","0","0","0","0","0","","0","0","0","0","0","0","","","","","","","","","","","","","","0","","","","","2026-08-10","10","0","0","0","","N","","",""
"2026-08-13","JM2604001","X002KGGFBD","B0GXPGW72C","4Pcs M6x18mm Bicycle Caliper Screw, MTB Caliper Hydraulic Disc Brake Caliper Bolt, Black, Ideal for Mountain Bike, Road Bike, Cycling Enthusiasts","New","18","0","0","18","0","0","0","0","0","GBP","1","12","17","17","Low traffic","5.99","0.0","5.99","0.0","NoRestockExcessActionRequired","","","0","0","","1.58","0.003531","cubic feet","Standard","0.063558","UK","gl_biss","102578","107","0","16","36","5.99","4.99","59.88","86.48","86.48","18","0","0","0","0","","30","0","30","0","0","0","","","","","","","","","","","","","70.7","0","","2026-08-09","37.6","70.7","2026-08-10","48","0","0","0","107","N","","",""
"2026-08-13","Y12458","X0027E1VPD","B0DRTB5R6V","Multi-Colored Glitter Pipe Cleaners, 100PCS Sparkly Pipe Cleaners for Craft, 30CM Christmas Pipe Cleaners, 6mm Glitter Craft Pipe Cleaners for DIY Craft Projects, Christmas Ornament Making","New","5","0","0","0","5","0","0","0","0","GBP","2","5","8","13","Low traffic","4.39","0.0","4.39","0.0","CreateShippingPlan","5","0.0","0","0","0.0","1.13","0.012713","cubic feet","Standard","0.063565","UK","gl_biss","448417","29","0","4","5","4.39","7.32","18.3","29.28","47.58","0","0","0","0","0","0.03","0","0","0","0","0","0","","","","","","","","","","","","","77.1","10","2026-08-12","2026-08-09","47.8","77.1","2026-08-10","5","0","0","0","29","N","","",""
"2026-08-13","JM2603016","X002J3VE2R","B0GRGQR5BW","2 pcs Black Plastic Bracket Headlight Mounting Clip Compatible with Volkswagen VW POLO V (6R1, 6C1) [2009-2018] 6R0941511","New","26","25","0","20","4","0","0","0","0","GBP","2","12","17","21","Low traffic","7.52","0.0","7.52","0.0","NoRestockExcessActionRequired","0","0.0","0","0","326.74","0.96","0.003531","cubic feet","Standard","0.091806","UK","gl_automotive","81508","264","51","8","16","7.52","12.54","75.18","106.51","131.59","20","0","0","0","0","0.13","0","0","0","0","2","0","","","","","","","","","","","","","82.9","0","","2026-08-09","50.0","82.9","2026-08-10","51","2","0","0","277","N","","",""
"2026-08-13","JM2604008","X002KIZ7V5","B0GXYZFS9B","KSEWJP 5-Pack Tyre Tread Depth Gauges with Professional 6-Sided Color-Coded, Dual Scale (1/32"" & 25mm) for Car, Truck, Motorcycle","New","51","0","0","51","0","0","0","0","0","GBP","0","0","0","8","Low traffic","6.59","0.0","6.59","0.0","Advertise listing","","","0","0","","0.28","0.003531","cubic feet","Standard","0.180081","UK","gl_biss","516563","366","0","","82","6.79","0.0","0.0","0.0","54.56","20","20","11","0","0","","0","0","0","0","0","0","","","","","","","","","","","","","","0","","","","646.0","2026-08-10","51","0","0","0","366","N","","",""
"2026-08-13","RPAJM168","X002I9MVI3","B0GL6YTJN8","4 Piece Vintage Kitchen Cupboard Handles Set Modern Minimalist Antique Brass Drawer Pulls with Screws | 30mm/1.1Inch Diameter Cabinet Door Knobs for Cupboards & Drawers","New","6","0","0","0","6","0","0","0","0","GBP","0","0","1","2","Low traffic","4.79","0.0","4.79","0.0","Advertise listing","0","0.0","0","0","22.61","0.3","0.003531","cubic feet","Standard","0.021186","UK","gl_home_improvement","668031","366","26","","169","5.39","0.0","0.0","4.49","9.48","0","0","0","0","0","0.01","20","0","20","0","0","0","","","","","","","","","","","","","","0","","","","300.5","2026-08-10","26","0","0","0","366","N","","",""
"2026-08-13","JM2603013","X002J3QER7","B0GRGBZCLZ","Vintage Bow Gold Ribbon Bow Badge Filigree Knot Brooch Metal Bowknot Lapel Pin Dress Coat Brooch Pin Jewelry for Women","New","46","0","0","31","19","0","0","0","0","GBP","1","1","5","6","Low traffic","6.79","0.0","6.79","0.0","Advertise listing","10","0.0","0","0","66.84","0.17","0.003531","cubic feet","Apparel","0.162426","UK","gl_jewelry","1009126","366","36","184","99","6.79","5.66","5.66","30.3","36.59","31","0","0","0","0","0.11","0","0","0","0","3","0","","","","","","","","","","","","","990.0","0","","2026-08-09","990.0","475.4","2026-08-10","46","3","0","0","366","N","","",""
"2026-08-13","RPAJM207","X002I9SNIP","B0GL585885","2PCS Press Cafetiere Coffee Filter Mesh, Replacement Stainless Steel Reusable Mesh Filters Screen 4 Inch for 8 Cup/ 34 OZ/ 1000 ML Coffee Tea Makers Y3FYHLW","New","23","0","0","23","0","0","0","0","0","GBP","0","1","2","2","Low traffic","3.79","0.0","3.79","0.0","Advertise listing","","","0","0","","0.14","0.003531","cubic feet","Standard","0.081213","UK","gl_kitchen","1537586","366","0","92","149","3.79","0.0","3.16","6.32","6.32","0","15","8","0","0","","0","0","0","0","0","0","","","","","","","","","","","","","649.5","0","","2026-08-09","349.5","649.5","2026-08-10","23","0","0","0","366","N","","",""
"2026-08-13","Y12332","X0027K3RO5","B0DRXVRV7B","Left Right Center Dice Game, 3 Dices and 40 Colorful Chips with Storage Box Portable LRC Dice Game Set for School Family Friends Gatherings Party","New","9","0","0","0","0","11","0","0","0","GBP","3","7","11","11","Low traffic","5.75","0.0","5.75","0.0","CreateShippingPlan","9","0.0","0","0","0.0","0.6","0.003356","cubic feet","Standard","0.030204","UK","gl_toy","67257","39","0","5","10","5.75","14.37","33.53","52.69","52.69","0","0","0","11","0","0.02","0","0","0","0","1","0","","","","","","","","","","","","","163.2","10","2026-08-12","2026-08-09","70.1","163.2","2026-08-10","9","1","0","0","43","N","","",""
"2026-08-13","RPAJM145","X002I98GTB","B0GL2BT5LX","20 Pieces Fluorescent Valve Covers, Tire Accessories, Auto Accessories, Tire Dust Caps, Rubber Valve Covers, Tire Valve Covers for Cars, Trucks, Motorcycles, Etc.","New","21","0","0","21","0","0","0","0","0","GBP","1","3","3","4","Low traffic","4.39","0.0","4.39","0.0","Advertise listing","","","0","0","","0.27","0.003531","cubic feet","Standard","0.074151","UK","gl_automotive","56763","315","0","28","68","4.39","3.66","10.98","10.98","14.98","0","10","11","0","0","","0","0","0","0","0","0","","","","","","","","","","","","","482.3","0","","2026-08-09","345.5","482.3","2026-08-10","21","0","0","0","315","N","","",""
"2026-08-13","RPAJM008","X002HR3WCZ","B0GHD4BX7Y","10 Pairs Nose Pads for Glasses Push on Nose Pads Silicone Nose Pads for Eyeglasses and Sunglasses","New","27","0","0","29","0","0","0","0","0","GBP","1","2","2","4","Low traffic","4.79","0.0","4.79","0.0","Advertise listing","26","0.0","0","0","0.0","0.17","0.003531","cubic feet","Standard","0.095337","UK","gl_drugstore","136522","162","0","54","87","4.79","3.99","8.15","8.15","17.55","0","0","29","0","0","0.06","0","0","0","0","2","0","","","","","","","","","","","","","566.8","0","","2026-08-09","451.0","566.8","2026-08-10","27","2","0","0","170","N","","",""
"2026-08-13","RPAJM087","X002HR15D3","B0GHFF21KF","Bottle Opener Keyring, 2 Pcs Beer Opener, Mini Key Ring Bottle Opener, Aluminum Alloys Multi-Function Openers, Opener Keychain, for Party, Festivals, Gatherings","New","16","0","0","11","6","0","0","0","0","GBP","0","0","1","4","Low traffic","4.09","0.0","4.09","0.0","NoRestockExcessActionRequired","0","0.0","0","0","62.04","0.24","0.003531","cubic feet","Standard","0.056496","UK","gl_kitchen","1359576","366","16","","52","4.09","0.0","0.0","3.57","14.28","0","0","11","0","0","0.04","0","0","0","0","1","0","","","","","","","","","","","","","","0","","","","313.4","2026-08-10","16","1","0","0","366","N","","",""
"2026-08-13","RPAJM010","X002HR24CT","B0GHCJR8M4","KSEWJP Knitting Storage Bag Sewing Gifts for Women Crafters Crochet Gifts for Crochet Lovers Knitting Gifts for Women Sewing Bag for Friend Travel Cosmetic Bag Christmas Birthday Gifts for Crocheters","New","17","0","0","0","17","0","0","0","0","GBP","0","1","1","1","Low traffic","5.59","0.0","5.59","0.0","Advertise listing","0","0.0","0","0","77.48","0.06","0.003531","cubic feet","Standard","0.060027","UK","gl_luggage","1254225","172","17","68","221","5.59","0.0","4.99","4.99","4.99","0","0","0","0","0","0.04","0","0","0","0","0","0","","","","","","","","","","","","","1594.0","0","","2026-08-09","514.0","1594.0","2026-08-10","17","0","0","0","172","N","","",""
"2026-08-13","Y50151","X00282C4IH","B0DTPGVCG5","Cocktail Strainers - Small Sieve for Bartending, Coffee, Tea, Baking & More - Fine Mesh Metal Sieve, Matcha, and Mini - Perfect for Cocktails and Culinary Uses","New","21","0","0","15","6","0","0","0","0","GBP","0","1","3","6","Low traffic","6.79","0.0","6.79","0.0","NoRestockExcessActionRequired","0","0.0","0","0","115.89","0.38","0.019776","cubic feet","Standard","0.415296","UK","gl_kitchen","797032","366","21","84","45","6.79","0.0","5.66","16.98","34.04","0","15","0","0","0","0.29","0","0","0","0","0","0","","","","","","","","","","","","","322.0","0","","2026-08-09","322.0","209.7","2026-08-10","21","0","0","0","366","N","","",""
"2026-08-13","RPAJM176","X002IA4QA3","B0GL7L6D17","5-Button Car Key Fob Cover Protector Compatible with Land Rover Defender, Discovery, Evoque, LR4, Freelander, Range Rover Sport, Velar, Vogue","New","36","0","0","36","0","0","0","0","0","GBP","1","2","7","9","Low traffic","5.69","0.0","5.69","0.0","Advertise listing","0","0.0","0","0","171.4","0.53","0.003531","cubic feet","Standard","0.127116","UK","gl_automotive","245516","366","0","72","52","5.69","4.74","9.65","35.17","45.65","20","16","0","0","0","0.09","0","0","0","0","0","0","","","","","","","","","","","","","782.0","0","","2026-08-09","782.0","175.6","2026-08-10","36","0","0","0","366","N","","",""
"2026-08-13","RJM2603095","X002JD4CMV","B0GSQWVS4K","Super Tapered Barber Comb, Black, 0.06 kg 4981104364570","New","18","0","0","0","20","0","0","0","0","GBP","1","3","5","9","Low traffic","9.48","0.0","9.48","0.0","NoRestockExcessActionRequired","0","0.0","0","0","134.44","0.37","0.003531","cubic feet","Standard","0.063558","UK","gl_beauty","130130","155","18","24","26","9.48","7.9","23.7","40.16","73.69","0","0","0","0","0","0.04","0","0","0","0","1","0","","","","","","","","","","","","","246.1","0","","2026-08-09","223.0","246.1","2026-08-10","18","1","0","0","164","N","","",""
"2026-08-13","RPAJM222","X002I94AA5","B0GL244F8N","6 PCS Double Layer Stainless Steel Scrubber, 20x20cm Non-Scratch Mesh Cleaning Cloth, Metallic Wire Rag for Kitchen Sink Stove Dish","New","10","0","0","0","10","0","0","0","0","GBP","","","","","Low traffic","6.09","0.0","6.09","0.0","Advertise listing","0","0.0","0","0","51.9","0.0","0.029045","cubic feet","Standard","0.29045","UK","gl_home","","","10","","","6.49","","","","","0","0","0","0","0","0.2","0","0","0","0","0","0","","","","","","","","","","","","","","0","","","","","2026-08-10","10","0","0","0","","N","","",""
"2026-08-13","JM2603095","X002JEOTTV","B0GSVYT5XC","Sickle Eyeliner Brush, Fine Eyeliner Brush, Gel Liner Winged Makeup Brushes For Precision Liner Eyebrow Eyeshadow","New","27","0","0","0","28","0","0","0","0","GBP","0","2","2","2","Low traffic","3.59","0.0","3.59","0.0","Advertise listing","0","0.0","0","0","62.28","0.07","0.003531","cubic feet","","0.095337","UK","gl_beauty","218578","366","27","54","175","3.59","0.0","5.98","5.98","5.98","0","0","0","0","0","0.07","0","0","0","0","1","0","","","","","","","","","","","","","1345.0","0","","2026-08-09","445.0","1345.0","2026-08-10","27","1","0","0","366","N","","",""
"2026-08-13","SD2500841","X002DXU9WJ","B0FNL93Y3C","Glittered Christmas Tree Topper Silver Star Tree Topper Plastic Tree Star for Top of Christmas Tree Ornament Party Decorations 7.2 Inch","","0","0","0","0","1","0","0","0","0","GBP","0","0","0","0","","0.0","0.0","0.0","0.0","NoRestockExcessActionRequired","","","0","0","","0.0","0.028407","cubic feet","Standard","0.0","UK","gl_home","","0","0","","","2.29","0.0","0.0","0.0","0.0","0","0","0","0","0","","0","0","0","0","0","0","","","","","","","","","","","","","","0","","","","","2026-08-10","0","0","0","0","0","N","","",""
"2026-08-13","Y12613","X00281GOQ1","B0DTK99HG6","5 PCS Large Pull Bows Wrapping Pull Bow Ribbon，Silver Gift Wrap Bows for Gift Wrapping Baskets Wedding or Flower Decorations, Valentine's Day Birthday Gift Decorations","New","20","0","0","20","0","0","0","0","0","GBP","2","5","11","19","Low traffic","5.09","0.0","5.09","0.0","NoRestockExcessActionRequired","20","0.0","0","0","34.39","1.38","0.011301","cubic feet","Standard","0.22602","UK","gl_home","373791","251","0","32","27","5.09","8.48","21.2","46.64","79.46","0","20","0","0","0","0.15","20","0","20","0","0","0","","","","","","","","","","","","","145.6","0","","2026-08-09","145.6","54.0","2026-08-10","40","0","0","0","251","N","","",""
"2026-08-13","Y11298","X00275X9QV","B0DQTNZJFL","Plastic Side Release Buckle Clip for Luggage, Rucksack/Back Pack, Webbing Strap (25mm - 4 pack, Black)","New","36","0","0","40","0","0","0","0","0","GBP","0","7","14","25","Low traffic","4.19","4.59","4.59","0.0","NoRestockExcessActionRequired","36","0.0","0","0","0.0","1.19","0.001627","cubic feet","Apparel","0.058572","UK","gl_apparel","448211","103","0","20","18","4.59","0.0","26.74","53.48","95.5","40","0","0","0","0","0.03","0","0","0","0","4","0","","","","","","","","","","","","","145.2","0","","2026-08-09","145.2","80.5","2026-08-10","36","4","0","0","116","N","","",""
"2026-08-13","JM2603027","X002J3U9D7","B0GRGQKMDV","2 Pack Red Rose Flower Straw Covers, 10mm Silicone Straw Toppers, Dust Proof Plugs for 30&40 Oz Reusable Tumbler Straws Accessories","New","27","0","0","0","27","0","0","0","0","GBP","0","1","2","2","Low traffic","4.39","0.0","4.39","0.0","Advertise listing","0","0.0","0","0","64.53","0.07","0.003531","cubic feet","Standard","0.095337","UK","gl_kitchen","2554566","366","27","108","175","4.59","0.0","3.82","8.14","8.14","0","0","0","0","0","0.07","0","0","0","0","0","0","","","","","","","","","","","","","1268.5","0","","2026-08-09","822.0","1268.5","2026-08-10","27","0","0","0","366","N","","",""
"2026-08-13","Y11312","X00275WNTZ","B0DQTYKR9Z","Venetian Mens Masquerade Ball Masks Face Mask for Party, Fancy Dress Ball, Masked Ball, Halloween (Silver)","New","22","0","0","21","1","0","0","0","0","GBP","0","4","7","11","Low traffic","4.59","0.0","4.59","0.0","NoRestockExcessActionRequired","16","0.0","0","0","1.65","0.49","0.012007","cubic feet","Standard","0.264154","UK","gl_toy","192932","355","36","52","61","4.59","0.0","15.96","27.93","43.89","0","0","21","0","0","0.18","30","0","30","0","0","0","","","","","","","","","","","","","193.9","0","","2026-08-09","138.8","193.9","2026-08-10","52","0","0","0","355","N","","",""
"2026-08-13","RPAJM190","X002I9WW4V","B0GL75H227","30A Crocodile Clips Jump Lead Clamps - 4 Pcs Heavy Duty Pure Copper Alligator Clips - Car Battery Crocodile Clip Electrical with Insulated Rubber Grip - Strong Jaw Clamp for Auto & DIY (Red/Black)","New","22","5","0","28","0","0","0","0","0","GBP","1","6","13","14","Low traffic","4.09","0.0","4.09","0.0","NoRestockExcessActionRequired","10","0.0","0","0","19.85","1.02","0.003531","cubic feet","Standard","0.077682","UK","gl_home_improvement","109486","157","0","14","20","4.09","3.41","20.46","43.97","47.64","20","8","0","0","0","0.06","0","0","0","0","1","0","","","","","","","","","","","","","62.5","0","","2026-08-09","49.9","62.5","2026-08-10","27","1","0","0","163","N","","",""
"2026-08-13","Y50186","X00282BYCT","B0DTP5MK3X","6 Pack Cable Tidy Clips Cord Organiser Magnetic Cable Management Self Adhesive Wire Holder for Desk, Nightstand, Charging Cables, HDMI, USB, Audio Cable, Office, Home, White","New","1","0","0","1","0","0","0","0","0","GBP","0","0","0","0","Low traffic","3.79","0.0","3.79","0.0","Advertise listing","0","0.0","0","0","4.63","0.0","0.004944","cubic feet","Standard","0.004944","UK","gl_biss","960796","366","0","","","3.79","0.0","0.0","0.0","0.0","1","0","0","0","0","0.1","0","0","0","0","0","0","","","","","","","","","","","","","","0","","","","","2026-08-10","1","0","0","0","366","N","","",""
"2026-08-13","Y12725","X002816UXD","B0DTK597KS","Large Velvet Soft Self Tanning Mitt | Double Sided with Stain Protection Lining | Streak-Free Fake Tan Finish | Full Body and Face Application | Machine Washable and Reusable","New","7","0","0","8","0","0","0","0","0","GBP","3","10","21","29","Low traffic","5.39","0.0","5.39","0.0","NoRestockExcessActionRequired","7","0.0","0","0","0.0","2.14","0.011301","cubic feet","Standard","0.079107","UK","gl_beauty","60421","132","0","10","12","5.39","13.47","44.9","93.54","128.1","0","8","0","0","0","0.04","20","0","20","0","1","0","","","","","","","","","","","","","63.9","0","","2026-08-09","63.9","40.0","2026-08-10","27","1","0","0","139","N","","",""
"2026-08-13","RJM2603077","X002J41EPN","B0GRGV4N9G","2 Pcs Protector Ear Covers,Waterproof Hair Dye Ear Shield,Ears Cap Shields Reusable Protectors Ears Cover Caps for Salon, Barber, Bathing Hair Washing for Shower Adult Men Women (Blue)","New","33","0","0","36","0","0","0","0","0","GBP","0","1","6","17","Low traffic","4.29","0.0","4.29","0.0","NoRestockExcessActionRequired","33","0.0","0","0","0.0","0.62","0.003531","cubic feet","Standard","0.116523","UK","gl_beauty","296128","197","0","132","25","4.29","0.0","3.57","23.62","70.82","0","20","16","0","0","0.06","0","0","0","0","3","0","","","","","","","","","","","","","548.5","0","","2026-08-09","548.5","121.8","2026-08-10","33","3","0","0","214","N","","",""
"2026-08-13","RJM2603093","X002JD57ZR","B0GSQKWGZ1","3 Row Detangling Comb for 4C, Afro & Curly Hair – Styling Comb for Defining, Separating & Wash Day Curls – Natural Hair Tool (Black)","New","31","0","0","21","10","0","0","0","0","GBP","1","6","8","17","Low traffic","12.89","0.0","12.89","0.0","NoRestockExcessActionRequired","3","0.0","0","0","72.22","0.6","0.003531","cubic feet","Standard","0.109461","UK","gl_beauty","151202","148","28","20","23","12.89","10.74","64.61","86.43","186.06","0","20","1","0","0","0.08","0","0","0","0","0","0","","","","","","","","","","","","","173.2","0","","2026-08-09","173.2","135.0","2026-08-10","31","0","0","0","148","N","","",""
"2026-08-13","RPAJM231","X002I8TFDN","B0GL19V6QH","2 Pairs Gray Oval Athletic Shoelaces, 120cm x 6mm Half Round Polyester Shoe Laces, Durable Non-Slip Laces for Adult Trainers Running Shoes Casual Shoes","New","38","0","0","35","4","0","0","0","0","GBP","0","0","2","6","Low traffic","5.26","0.0","5.26","0.0","Advertise listing","0","0.0","0","0","81.73","0.32","0.003531","cubic feet","Footwear","0.134178","UK","gl_shoes","1110689","366","38","","82","5.26","0.0","0.0","9.44","28.59","20","15","0","0","0","0.08","0","0","0","0","1","0","","","","","","","","","","","","","952.0","0","","2026-08-09","952.0","228.8","2026-08-10","38","1","0","0","366","N","","",""
"2026-08-13","RJM2603073","X002J3HRHX","B0GRGLNMNR","3 Pack Professional Tartar Remover and Dental Polisher - Effective Toothbrush Stain Remover for Plaque, Tartar & Discoloration - Eco-Friendly Materials, Suitable for All Ages, Mixed Colours","New","21","0","0","0","21","0","0","0","0","GBP","0","5","7","7","Low traffic","4.39","0.0","4.39","0.0","Advertise listing","0","0.0","0","0","83.98","0.27","0.003531","cubic feet","Standard","0.074151","UK","gl_drugstore","144089","366","51","40","94","4.39","0.0","19.1","27.58","27.58","0","0","0","0","0","0.05","30","0","30","0","0","0","","","","","","","","","","","","","336.0","0","","2026-08-09","140.4","336.0","2026-08-10","51","0","0","0","366","N","","",""
"2026-08-13","RPAJM095","X002HR24JR","B0GHDRZQK6","#1M #2D #4B #6B Large Piping Nozzles, 4 pcs Stainless Steel Seamless Icing Piping Tips Set for Cupcakes and Baking","New","21","0","0","15","6","0","0","0","0","GBP","0","1","5","6","Low traffic","4.79","0.0","4.79","0.0","NoRestockExcessActionRequired","21","0.0","0","0","2.78","0.45","0.003531","cubic feet","Standard","0.074151","UK","gl_kitchen","770754","123","0","84","45","4.79","0.0","4.16","22.12","26.61","15","0","0","0","0","0.05","0","0","0","0","0","0","","","","","","","","","","","","","394.0","0","","2026-08-09","394.0","172.7","2026-08-10","21","0","0","0","123","N","","",""
"2026-08-13","RPAJM116","X002I8LG8F","B0GKYFS9KB","Beard Catcher - Large Shaving Apron with Suction Cups | Anti-Static Nylon Beard Bib for Men | Portable & Durable Gift for Father, Husband, Boyfriend(Black)","New","20","0","0","15","6","0","0","0","0","GBP","1","1","1","1","Low traffic","3.79","0.0","3.79","0.0","Advertise listing","0","0.0","0","0","65.83","0.0","0.003531","cubic feet","Apparel","0.07062","UK","gl_apparel","","366","20","80","260","3.79","3.16","3.16","3.16","3.16","0","0","15","0","0","0.04","0","0","0","0","1","0","","","","","","","","","","","","","","0","","","","","2026-08-10","20","1","0","0","366","N","","",""
"2026-08-13","RPAJM126","X002I8TAI3","B0GL1RGQ1D","Dog Leash Safety Clip – Handmade Backup Strap for Prong Collars, Dog Harness Connector for Secure Walking, Running, and Hiking Training","New","20","0","0","21","0","0","0","0","0","GBP","2","13","16","27","Low traffic","4.59","0.0","4.59","0.0","NoRestockExcessActionRequired","0","0.0","0","0","43.87","1.37","0.003531","cubic feet","Standard","0.07062","UK","gl_pet_products","41768","170","0","18","28","4.59","7.64","48.38","60.01","103.1","15","6","0","0","0","0.05","40","0","40","0","0","0","","","","","","","","","","","","","74.5","0","","2026-08-09","74.5","57.5","2026-08-10","60","0","0","0","170","N","","",""
"2026-08-13","JM2601041","X002HXMPVX","B0GJFJM7VV","5D Embossed Gemstone Nail Stickers Gold Nail Art Stickers with Mace Design Self-Adhesive Manicure Decorations for Women's Nail Supplies","New","32","0","0","30","2","0","0","0","0","GBP","0","1","3","4","Low traffic","4.49","0.0","4.49","0.0","Advertise listing","12","3.47","9","0","32.05","0.3","0.003531","cubic feet","Standard","0.112992","UK","gl_home","","263","20","128","104","4.49","0.0","3.74","11.06","14.72","20","0","10","0","0","0.07","0","0","0","0","0","0","","","","","","","","","","","","","638.0","0","","2026-08-09","638.0","290.8","2026-08-10","32","0","0","0","263","N","","",""
"2026-08-13","JM2603035","X002J4E6HB","B0GRL24DKG","Pencil Case with,Pencil Case with,The Cartoon Bag is Small and Cute and Can Be Used As A Cosmetic Bag, Purse","","0","0","0","0","6","0","0","0","0","GBP","16","21","24","24","Low traffic","0.0","0.0","6.09","0.0","CreateShippingPlan","","","0","0","","0.87","0.003531","cubic feet","","0.0","UK","gl_luggage","15549","0","0","0","0","6.09","81.12","106.47","122.7","122.7","0","0","0","0","0","","0","0","0","0","1","0","","","","","","","","","","","","","250.4","36","2026-08-11","2026-08-09","109.8","250.4","2026-08-10","0","1","0","0","1","N","","",""
"2026-08-13","RPAJM012","X002HR2I2P","B0GHDJN9VQ","KSEWJP 2PCS 3D Fabric Flower Shoe Clips Black Polyester Flower Shoe Buckles Detachable Floral Shoes Buckles Artificial Flowers Charms Decorations for High Heels Shoes Flats Pumps","New","20","0","0","20","0","0","0","0","0","GBP","1","10","14","22","Low traffic","6.49","0.0","6.49","0.0","NoRestockExcessActionRequired","4","0.0","0","0","30.2","1.16","0.003531","cubic feet","Apparel","0.07062","UK","gl_jewelry","200531","161","0","20","29","6.49","5.41","54.1","75.74","119.9","3","17","0","0","0","0.05","30","0","30","0","0","1","","","","","","","","","","","","","74.2","0","","2026-08-09","74.2","74.0","2026-08-10","50","0","0","0","161","N","","",""
"2026-08-13","RPAJM129","X002I8YMUT","B0GL21FSHR","4 PCS Pearl Brooch Pins for Women, Pearl Safety Pin Brooch Decorative Safety Pins Pants Clips Silver Pearls Shawl Pin for Women Sweater Scarves Shirt Dress Hat Scarfs","New","24","0","0","27","0","0","0","0","0","GBP","6","13","19","20","Low traffic","3.89","0.0","3.89","0.0","NoRestockExcessActionRequired","10","3.19","8","0","12.56","1.57","0.003531","cubic feet","Standard","0.084744","UK","gl_home","302971","62","0","7","15","3.89","19.44","42.12","61.32","64.44","27","0","0","0","0","0.05","0","0","0","0","2","0","","","","","","","","","","","","","46.0","12","2026-08-19","2026-08-09","41.2","46.0","2026-08-10","24","1","1","0","68","N","","",""
"2026-08-13","JM2603021","X002J3W287","B0GRGZVSN9","1 Set Adjustable Silent Roller Catch, Heavy Duty Door Ball Catch with Strike Plate for Closet Door, Silvery","New","57","0","0","59","0","0","0","0","0","GBP","3","8","25","54","Low traffic","7.59","0.0","7.59","0.0","NoRestockExcessActionRequired","0","0.0","0","0","127.68","1.38","0.003531","cubic feet","Standard","0.201267","UK","gl_home_improvement","178609","120","0","28","13","7.59","18.96","50.56","158.0","342.87","1","58","0","0","0","0.14","0","0","0","0","2","1","","","","","","","","","","","","","190.2","0","","2026-08-09","190.2","67.1","2026-08-10","57","2","0","0","124","N","","",""
"2026-08-13","Y12720","X00281GSXF","B0DTK8XZ2J","Generic Women's Elastic Turban - Soft Head Turban Beanie - Black","New","47","40","0","41","0","0","0","0","0","GBP","10","39","79","107","Low traffic","6.59","4.49","4.49","0.0","NoRestockExcessActionRequired","87","0.0","0","0","0.0","4.95","0.042117","cubic feet","Apparel","1.979499","UK","gl_apparel","45071","124","0","7","9","4.49","37.4","145.86","295.46","400.18","41","0","0","0","0","1.88","30","0","30","0","2","0","","","","","","","","","","","","","28.4","0","","2026-08-09","28.4","18.9","2026-08-10","117","0","2","0","126","N","","",""
"2026-08-13","Y11319","X002761UHP","B0DQTWDBBN","Pack of 6 Black and Grey 20mm Round Faux Horn Sew On Plastic Buttons for Coats Jackets Cardigans Flat 4 Holes 32L","New","34","0","0","23","11","0","0","0","0","GBP","0","5","13","16","Low traffic","4.39","0.0","4.39","0.0","NoRestockExcessActionRequired","34","0.0","0","0","0.0","0.52","8.48E-4","cubic feet","Standard","0.028832","UK","gl_office_product","604651","186","0","27","27","4.59","0.0","19.1","51.02","62.99","1","22","0","0","0","0.02","0","0","0","0","0","0","","","","","","","","","","","","","174.3","0","","2026-08-09","174.3","136.8","2026-08-10","34","0","0","0","186","N","","",""
"2026-08-13","RPAJM020","X002HR3IPV","B0GHD87WYC","2Pcs Poppy Badges and Pins 2025, Poppy Badge, Poppy Pin, Lest We Forget Poppy Brooch, Remembrance Sunday Red Flower Rhinestone Badges Banquet Enamel Poppy Lapel","New","39","0","0","40","0","0","0","0","0","GBP","2","2","6","11","Low traffic","4.29","0.0","4.29","0.0","NoRestockExcessActionRequired","0","0.0","0","0","129.71","0.54","0.003531","cubic feet","Apparel","0.137709","UK","gl_jewelry","212956","366","0","78","46","4.29","7.14","7.14","22.18","42.39","35","1","4","0","0","0.1","0","0","0","0","1","0","","","","","","","","","","","","","692.0","0","","2026-08-09","692.0","146.3","2026-08-10","39","1","0","0","366","N","","",""
"2026-08-13","RPAJM085","X002HR48B9","B0GHDDRHPK","Sewing Thimble Metal Finger Protector – 2Pcs Adjustable Metal Thimbles for Hand Sewing, Embroidery & Needlework – Tailor DIY Sewing Accessories Tool Set","New","34","0","0","35","0","0","0","0","0","GBP","3","7","12","30","Low traffic","4.49","0.0","4.49","0.0","NoRestockExcessActionRequired","34","0.0","0","0","0.0","1.24","0.003531","cubic feet","Standard","0.120054","UK","gl_kitchen","177870","110","0","19","14","4.49","11.22","26.18","46.37","116.66","0","35","0","0","0","0.07","0","0","0","0","1","0","","","","","","","","","","","","","242.8","0","","2026-08-09","242.8","70.7","2026-08-10","34","1","0","0","113","N","","",""
"2026-08-13","RPAJM140","X002I94KFP","B0GL23M72L","Headlight Clip - H7 Led Bulb Holders 1 Pair H7 Led Headlight Adapter Retainer Holder Socket Replacement For Benz B Class,Touareg,B0GL23M72L,Chery, Riich G5, and SAAB D5","New","29","0","0","29","1","0","0","0","0","GBP","0","1","2","8","Low traffic","4.63","0.0","4.63","0.0","NoRestockExcessActionRequired","0","0.0","0","0","120.31","0.44","0.003531","cubic feet","Standard","0.102399","UK","gl_automotive","367767","366","29","116","47","4.63","0.0","3.86","7.72","31.36","15","14","0","0","0","0.07","0","0","0","0","1","0","","","","","","","","","","","","","890.0","0","","2026-08-09","890.0","185.5","2026-08-10","29","1","0","0","366","N","","",""
"2026-08-13","RJM2603071","X002J3XSX5","B0GRGTKH38","Men's Beige Knee High Socks, Classic Ribbed Knit Highland Kilt Hose, Comfort Stretch Polyester Socks for Formal Events Weddings Casual Wear","New","31","0","0","31","0","0","0","0","0","GBP","3","13","25","30","Low traffic","6.39","0.0","6.39","0.0","NoRestockExcessActionRequired","0","0.0","0","0","71.39","1.19","0.003531","cubic feet","Apparel","0.109461","UK","gl_apparel","290161","95","0","9","13","6.39","15.96","69.16","133.0","160.96","30","1","0","0","0","0.06","0","0","0","0","0","0","","","","","","","","","","","","","70.4","3","2026-08-06","2026-08-09","47.4","70.4","2026-08-10","31","0","0","0","95","N","","",""
"2026-08-13","RJM2603058","X002J3IAZ1","B0GRGCJRKS","Silicone Pen Case, Rectangular Small Pencil Pen Pouch with Zipper Waterproof Aesthetic Soft Cosmetic Storage Bag Bible Study Supplies Case for Journaling Travel, Sky Blue","New","23","0","0","0","24","0","0","0","0","GBP","1","2","5","5","Low traffic","6.39","0.0","6.39","0.0","Advertise listing","0","0.0","0","0","279.85","0.15","0.067652","cubic feet","Standard","1.555996","UK","gl_luggage","65832","243","23","46","59","6.39","5.32","10.98","28.12","28.12","0","0","0","0","0","1.08","0","0","0","0","0","0","","","","","","","","","","","","","768.0","0","","2026-08-09","768.0","493.2","2026-08-10","23","0","0","0","243","N","","",""
"2026-08-13","RPAJM205","X002I9VUSF","B0GL69KY9M","10 Pcs Silver Hair Scissors Rubber Silencer Rubber Muffler Silencer Accessories, Styling Tools Barber Salon Replacement Shears Hair Cutting Tools (3mm)","New","30","0","0","32","0","0","0","0","0","GBP","0","3","9","15","Low traffic","4.69","0.0","4.69","0.0","NoRestockExcessActionRequired","0","4.06","52","0","119.35","0.75","1.7E-4","cubic feet","Standard","0.0051","UK","gl_beauty","215188","167","0","40","26","4.69","0.0","12.21","36.23","59.69","32","0","0","0","0","0.0","0","0","0","0","0","1","","","","","","","","","","","","","155.8","0","","2026-08-09","155.8","87.3","2026-08-10","30","0","0","0","167","N","","",""
"2026-08-13","RPAJM137","X002I91MLP","B0GL2398S9","Rhinestone Flower Brooch Pin Tulip Floral Bouquet Brooch Elegant Flower Enamel Pin Vintage Bridal Wedding Corsage Lapel Pin Costume Jewelry For Women Girls","New","46","0","0","48","0","0","0","0","0","GBP","1","3","4","8","Low traffic","6.79","0.0","6.79","0.0","Advertise listing","20","0.0","0","0","36.3","0.29","0.003531","cubic feet","Apparel","0.162426","UK","gl_jewelry","744491","366","0","61","74","6.79","5.66","17.64","23.63","47.59","31","1","16","0","0","0.11","0","0","0","0","1","0","","","","","","","","","","","","","653.5","0","","2026-08-09","653.5","314.0","2026-08-10","46","1","0","0","366","N","","",""
"2026-08-13","JM2603058","X002JBTP7F","B0GSJJYRS5","Deshedding brush for dogs, cats, horses & pets. Professional pet comb brushes for grooming for short to long hair undercoat rake brush. Reduces shedding","New","79","0","0","91","0","0","0","0","0","GBP","6","10","30","60","Low traffic","5.99","0.0","5.99","0.0","NoRestockExcessActionRequired","","","0","0","","1.2","0.003531","cubic feet","Standard","0.278949","UK","gl_beauty","25933","141","0","31","17","5.99","29.94","50.58","153.78","306.08","0","91","0","0","0","","0","0","0","0","9","0","","","","","","","","","","","","","489.3","0","","2026-08-09","489.3","73.4","2026-08-10","79","9","0","0","156","N","","",""
"2026-08-13","RJM2603076","X002J3W0SJ","B0GRH1H3WF","Pill Cutter Splitter with Storage Box – Portable Tablet Cutter & Pill Organizer, Clean & Accurate Cuts for Large or Small Tablets, Easy-Press Medicine Divider for Daily Use & Travel","New","23","0","0","0","24","0","0","0","0","GBP","1","5","5","6","Low traffic","3.79","0.0","3.79","0.0","NoRestockExcessActionRequired","0","0.0","0","0","52.5","0.21","0.003531","cubic feet","Standard","0.081213","UK","gl_drugstore","108327","200","23","18","49","3.79","3.16","15.8","15.8","19.59","0","0","0","0","0","0.06","0","0","0","0","1","0","","","","","","","","","","","","","429.2","0","","2026-08-09","164.2","429.2","2026-08-10","23","1","0","0","210","N","","",""
"2026-08-13","JM2603097","X002JEN1SB","B0GSW2TB15","Cinch Clip, Adjustable T-Shirt Clip & Shirt Clip for Women, Invisible Clothing Clips & Dress Clips, Waist Tightening Clip as No-Sew Waist Cincher","New","74","0","0","77","0","0","0","0","0","GBP","6","21","26","62","","6.09","0.0","6.09","0.0","NoRestockExcessActionRequired","74","0.0","0","0","0.0","1.53","0.003531","cubic feet","","0.261294","UK","gl_jewelry","105761","110","0","14","15","6.09","30.42","106.47","131.82","316.13","30","47","0","0","0","0.16","0","0","0","0","2","0","","","","","","","","","","","","","110.4","0","","2026-08-09","110.4","43.3","2026-08-10","74","2","0","0","111","N","","",""
"2026-08-13","JM2603094","X002JEOU8L","B0GSVZ7TYL","Gold Glitter Bow Tie Big Sequin Hair Bows for Women Girls Bow Hair Clip for Hair Styling Accessories Bowknot Hair Pin for Christmas Accessories Large Sparkly Bow Knot Hairpin for Birthday Xmas","New","59","0","0","50","9","0","0","0","0","GBP","1","7","10","20","Low traffic","6.69","0.0","6.69","0.0","NoRestockExcessActionRequired","0","0.0","0","0","128.83","0.58","0.003531","cubic feet","","0.208329","UK","gl_beauty","20369","282","59","33","38","6.69","5.57","38.99","56.21","116.11","30","20","0","0","0","0.15","0","0","0","0","0","0","","","","","","","","","","","","","254.2","0","","2026-08-09","254.2","151.5","2026-08-10","59","0","0","0","282","N","","",""
"2026-08-13","JM2603073","X002JEKHWJ","B0GSVY1W7X","KSEWJP Blue Light Blocking Glasses Computer Reading Glasses Retro Eyeglasses Frame Anti UV Transparent Lens Anti Eye Fatigue Lightweight Fashion Professional Unisex for Smartphone Screens Computer TV","New","30","0","0","0","30","0","0","0","0","GBP","","","","","Low traffic","4.39","0.0","4.39","0.0","Advertise listing","0","0.0","0","0","68.12","0.0","0.003531","cubic feet","Apparel","0.10593","UK","gl_apparel","","","30","","","4.39","","","","","0","0","0","0","0","0.06","0","0","0","0","0","0","","","","","","","","","","","","","","0","","","","","2026-08-10","30","0","0","0","","Y","Holiday Season","2026-09-19","2027-02-13"
"2026-08-13","Y50150","X00282AFLF","B0DTPMJ165","20 Pieces Large Cotton Stretch Hair Ties Bands Rope Ponytail Holders Headband for Thick Heavy and Curly Hair","New","30","0","0","32","0","0","0","0","0","GBP","3","15","24","29","Low traffic","3.99","0.0","3.99","0.0","NoRestockExcessActionRequired","30","0.0","0","0","0.96","1.2","0.010594","cubic feet","Standard","0.31782","UK","gl_beauty","102645","101","0","8","13","3.99","9.96","50.14","83.08","101.7","20","12","0","0","0","0.21","0","0","0","0","2","0","","","","","","","","","","","","","73.4","3","2026-08-31","2026-08-09","73.4","66.6","2026-08-10","30","2","0","0","108","N","","",""
"2026-08-13","Y11272","X00275SEBB","B0DQSYCGQ8","Unisex Blue Light Blocking Glasses Eyeglasses Frame Anti Blue Ray Computer Game Glasses","New","11","0","0","1","10","0","0","0","0","GBP","1","3","4","8","Low traffic","4.79","0.0","4.79","0.0","NoRestockExcessActionRequired","1","3.38","5","0","17.9","0.57","0.005191","cubic feet","Footwear","0.057101","UK","gl_shoes","99104","104","10","14","17","4.79","3.99","11.97","15.96","31.6","1","0","0","0","0","0.03","0","0","0","0","0","0","","","","","","","","","","","","","189.0","0","","2026-08-09","189.0","160.5","2026-08-10","11","0","0","0","104","N","","",""
"2026-08-13","Y12460","X0027E2Y27","B0DRTBYTP8","Body Bath Sponge,3 Pack Natural Fiber Soft Body Bath Sponge Honeycomb Texture Gentle Soothing Exfoliating Cleansing Body Shower Loofahs for Adults Daily Care Bathroom Supplies.","New","32","0","0","34","0","0","0","0","0","GBP","0","1","10","21","Low traffic","6.09","0.0","6.09","0.0","NoRestockExcessActionRequired","32","0.0","0","0","0.0","1.06","0.022813","cubic feet","Standard","0.730016","UK","gl_drugstore","166406","121","0","128","19","6.09","0.0","5.07","48.81","98.28","20","14","0","0","0","0.48","0","0","0","0","2","0","","","","","","","","","","","","","267.0","0","","2026-08-09","267.0","64.8","2026-08-10","32","0","2","0","127","N","","",""
"2026-08-13","Y12140","X00275SXHV","B0DQSNFSWP","2 Pcs Black Satin Bow Shoe Clips, Detachable Elegant Buckle Charms for Women, Wedding Party Formal Accessories for Heels Flats Boots Sandals","New","50","0","0","0","50","0","0","0","0","GBP","0","0","3","3","Low traffic","4.99","7.39","7.39","0.0","Advertise listing","5","0.0","0","0","136.46","0.05","0.016527","cubic feet","Apparel","0.82635","UK","gl_jewelry","724810","366","45","","216","7.39","0.0","0.0","18.48","18.48","0","0","0","0","0","0.58","0","0","0","0","0","0","","","","","","","","","","","","","","0","","","","1889.0","2026-08-10","50","0","0","0","366","Y","Holiday Season","2026-10-31","2027-01-01"
"2026-08-13","RPAJM088","X002HRAP0R","B0GHFHPRBD","KSEWJP 5900Hz Professional Dog Whistle with Lanyard, Black Standard Loud Sound Training Whistle for Obedience Herding Guide Dog Training","New","36","0","0","35","2","0","0","0","0","GBP","0","1","2","8","Low traffic","4.49","0.0","4.49","0.0","Advertise listing","0","0.0","0","0","75.28","0.36","0.003531","cubic feet","Standard","0.127116","UK","gl_pet_products","154007","366","36","144","58","4.49","0.0","3.74","7.56","30.48","0","35","0","0","0","0.09","0","0","0","0","1","0","","","","","","","","","","","","","1125.0","0","","2026-08-09","1125.0","220.8","2026-08-10","36","1","0","0","366","N","","",""
"2026-08-13","JM2603020","X002J3IUEH","B0GRGV9R46","8.07 Inch Soup Ladle Small Ladle Silver Small Gravy 18/10 Stainless Steel Sauce Ladles Gravy Ladles for Spooning Sauces or Gravies","New","41","0","0","22","20","0","0","0","0","GBP","0","1","1","2","Low traffic","5.59","0.0","5.59","0.0","Advertise listing","19","0.0","0","0","22.13","0.05","0.027744","cubic feet","Standard","1.137504","UK","gl_kitchen","844489","366","22","164","266","5.59","0.0","4.66","4.66","10.48","0","0","22","0","0","0.75","0","0","0","0","1","0","","","","","","","","","","","","","1284.0","0","","2026-08-09","1284.0","742.6","2026-08-10","41","1","0","0","366","N","","",""
"2026-08-13","Y1264-1","X00275M6O7","B0DQSKRC8Z","10 PCS 50ml Aluminum Tin Jars,Balm Containers Travel Jars Containers Cosmetics Containers Pots Empty Cosmetic Containers with Screw Cap Lid for DIY Crafts Cosmetics Salve Cream Candle Lip Balm Travel","New","28","0","0","28","0","0","0","0","0","GBP","1","6","9","16","Low traffic","7.29","0.0","7.29","0.0","NoRestockExcessActionRequired","0","6.87","24","0","3.97","0.78","0.090779","cubic feet","Standard","2.541812","UK","gl_home","312915","130","0","18","22","7.29","6.07","36.42","54.63","96.48","15","13","0","0","0","1.65","0","0","0","0","0","0","","","","","","","","","","","","","148.7","0","","2026-08-09","148.7","107.8","2026-08-10","28","0","0","0","130","N","","",""
"2026-08-13","RPAJM103","X002HR0H23","B0GHBTP97L","KSEWJP 2-Pack Cute cat Desk Edge Hooks, Table Hangers Without Drilling for Bags, Desktop Organiser Clip, Desk Hooks for Table, Handbag Hooks, Bag Holders","New","10","0","0","10","0","0","0","0","0","GBP","1","2","2","4","Low traffic","5.49","0.0","5.49","0.0","NoRestockExcessActionRequired","0","0.0","0","0","50.38","0.42","0.003531","cubic feet","Standard","0.03531","UK","gl_home","324707","121","0","20","32","5.49","4.57","9.14","9.14","18.28","0","0","10","0","0","0.02","0","0","0","0","0","0","","","","","","","","","","","","","182.8","0","","2026-08-09","175.0","182.8","2026-08-10","10","0","0","0","121","N","","",""
"2026-08-13","RPAJM202","X002I9MQV5","B0GL5F1DYM","Bonnet Stay Clip Hood Prop Retainer for FORD/FIESTA 2008 Onwards, Replace OE 16828 1763358 8A6116828AC","New","28","0","0","30","0","0","0","0","0","GBP","4","14","29","39","Low traffic","4.39","0.0","4.39","0.0","NoRestockExcessActionRequired","0","4.0","52","0","106.96","1.43","0.003531","cubic feet","Standard","0.098868","UK","gl_automotive","63873","135","0","13","16","4.39","14.64","51.24","105.87","140.45","0","30","0","0","0","0.07","20","0","20","0","2","0","","","","","","","","","","","","","69.5","0","","2026-08-09","69.5","59.6","2026-08-10","48","2","0","0","141","N","","",""
"2026-08-13","Y1289","X002754HLH","B0DQPW919C","Potato Peeler for Kitchen, Julienne Vegetable Peeler,3 Pieces Stainless Steel Professional Peelers, Non-Slip, Suitable for Peeling for Potato, Apples, Carrots, Cucumber and Various Veg and Fruits","New","27","0","0","29","0","0","0","0","0","GBP","0","0","3","7","Low traffic","6.19","0.0","6.19","0.0","NoRestockExcessActionRequired","27","0.0","0","0","0.0","0.4","0.031148","cubic feet","Standard","0.840996","UK","gl_kitchen","727901","174","0","","50","6.19","0.0","0.0","16.47","38.43","15","0","14","0","0","0.51","0","0","0","0","2","0","","","","","","","","","","","","","","0","","","","225.2","2026-08-10","27","2","0","0","188","N","","",""
"2026-08-13","JM2601057","X002HZC5GL","B0GJQM9GJN","Love Laughter And Happily Ever After Banner, Pre-Strung Champagne Gold Wedding Garland with Heart and Diamond Ring Pattern Cards for Engagement Wedding Party Bridal Shower Decor","New","4","0","0","4","0","0","0","0","0","GBP","1","3","7","7","Low traffic","3.89","0.0","3.89","0.0","CreateShippingPlan","0","0.0","0","0","17.9","0.85","0.01783","cubic feet","Standard","0.07132","UK","gl_lawn_and_garden","191742","45","0","5","7","3.89","3.24","9.72","22.52","22.52","0","0","4","0","0","0.05","0","0","0","0","0","0","","","","","","","","","","","","","107.1","4","2026-08-12","2026-08-09","52.7","107.1","2026-08-10","4","0","0","0","45","N","","",""
"2026-08-13","Y12658-1","X00282418N","B0DTK48NCR","6 Pack Gold Leaf Napkin Rings, Stretchable Metal Napkin Holders, Reusable Foliage Rings for Wedding Party Dinner Table Decoration","","0","0","0","8","0","0","0","0","0","GBP","7","17","17","20","","0.0","0.0","0.0","0.0","NoRestockExcessActionRequired","","","0","0","","1.27","0.013561","cubic feet","Standard","0.0","UK","gl_home","467516","116","0","7","19","7.09","41.37","100.47","100.47","118.6","0","8","0","0","0","","30","0","30","0","9","0","","","","","","","","","","","","","75.9","0","","2026-08-09","41.4","75.9","2026-08-10","30","4","5","0","150","N","","",""
"2026-08-13","Y12620","X002818A95","B0DTK6JJPY","dog whistle no. 210.5 with whistle strap | Original from England | Ideal for dog training | Food-Grade ABS Material | Standardized frequency | Loud and far-reaching","New","30","0","0","22","8","0","0","0","0","GBP","1","8","14","23","Low traffic","5.59","0.0","5.59","0.0","NoRestockExcessActionRequired","30","0.0","0","0","0.0","0.94","0.002649","cubic feet","Standard","0.07947","UK","gl_pet_products","83358","89","0","15","16","5.59","4.66","38.08","67.0","110.38","21","1","0","0","0","0.05","0","0","0","0","0","0","","","","","","","","","","","","","110.0","0","","2026-08-09","110.0","97.3","2026-08-10","30","0","0","0","89","Y","Holiday Season","2026-10-10","2027-01-30"
"2026-08-13","RJM2603084","X002J3M2TL","B0GRFDYR33","Lausinator Nit Comb - Extra Fine, Removes Lice Safely, Stainless Steel, For Babies, Children, Adults & Pets","New","60","0","0","62","0","0","0","0","0","GBP","0","7","11","25","Low traffic","5.49","0.0","5.49","0.0","NoRestockExcessActionRequired","61","0.0","0","0","0.0","0.73","0.006992","cubic feet","Standard","0.41952","UK","gl_beauty","132730","232","0","34","31","5.49","0.0","33.18","52.14","119.7","30","15","17","0","0","0.27","0","0","0","0","2","0","","","","","","","","","","","","","230.6","0","","2026-08-09","230.6","118.6","2026-08-10","60","2","0","0","241","Y","Fall","2026-09-19","2026-12-04"
"2026-08-13","RPAJM204","X002I9VEF9","B0GL6C7W6B","Bling Dust Caps, 4 Pack Sparkling Handmade Crystal Diamond Rhinestone Car Tyre Valve Caps Universal Bling Car Valve Stem Covers Chrome Attractive Dustproof (Pink)","New","31","0","0","33","0","0","0","0","0","GBP","0","2","9","21","Low traffic","4.49","0.0","4.49","0.0","NoRestockExcessActionRequired","0","0.0","0","0","115.6","0.95","0.003531","cubic feet","Standard","0.109461","UK","gl_automotive","183056","210","0","62","19","4.49","0.0","7.82","35.02","79.9","17","16","0","0","0","0.08","0","0","0","0","1","0","","","","","","","","","","","","","329.7","0","","2026-08-09","329.7","79.6","2026-08-10","31","0","1","0","218","N","","",""
"2026-08-13","RJM2603102","X002JD4QHH","B0GSQNPXQ9","Handmade Labour Comb - Buffalo Horn Comb Pocket Hair Comb Ox Horn Hair Comb for Women Miss Natural","New","45","0","0","40","9","0","0","0","0","GBP","0","1","4","4","Low traffic","6.29","0.0","6.29","0.0","Advertise listing","0","0.0","0","0","251.96","0.14","0.003531","cubic feet","Standard","0.158895","UK","gl_beauty","315572","366","45","180","146","6.29","0.0","5.41","22.63","22.63","25","1","14","0","0","0.11","0","0","0","0","2","1","","","","","","","","","","","","","786.0","0","","2026-08-09","786.0","582.0","2026-08-10","45","2","0","0","366","N","","",""
"2026-08-13","RPAJM161","X002I9WBVZ","B0GL6FPP4D","2 rubber sink stoppers, drain stopper outer diameter 4.2 cm x inner diameter 3.7 cm, suitable for kitchen sinks, washbasins, and bathtubs","New","37","0","0","38","0","0","0","0","0","GBP","0","0","2","5","Low traffic","4.09","0.0","4.09","0.0","Advertise listing","0","0.0","0","0","119.85","0.34","0.003531","cubic feet","Standard","0.130647","UK","gl_home","1401827","282","0","","96","4.09","0.0","0.0","8.14","20.71","20","10","8","0","0","0.09","0","0","0","0","1","0","","","","","","","","","","","","","","0","","","","206.3","2026-08-10","37","1","0","0","291","N","","",""
"2026-08-13","Y1218","X0027570W5","B0DQPY8VJ1","Combs Wide Tooth Comb for Curls helps maintain Curls and Waves without Causing Frizz Effectively Detangling Hair without Pulling or Scratching Women Hair Sturdy Easy to Use,Ideal for Wet Combing","New","9","0","0","11","0","0","0","0","0","GBP","3","15","18","24","Low traffic","3.99","0.0","3.89","0.0","CreateShippingPlan","9","0.0","0","0","0.0","1.74","0.002682","cubic feet","Standard","0.024138","UK","gl_beauty","95569","27","0","2","4","3.99","9.72","46.56","55.86","73.96","11","0","0","0","0","0.01","0","0","0","0","0","0","","","","","","","","","","","","","60.7","20","2026-08-12","2026-08-09","36.7","60.7","2026-08-10","9","0","0","0","27","N","","",""
"2026-08-13","Y12377","X0027E1MPR","B0DRT6HVXH","Set of 6 Feather Wands for Cats - Variable Colour - Coloured Feathers - for Cats and Kittens","New","69","0","0","79","0","0","0","0","0","GBP","21","67","111","152","Low traffic","9.9","0.0","9.9","0.0","CreateShippingPlan","69","0.0","0","0","0.0","2.61","0.065361","cubic feet","Standard","4.509909","UK","gl_pet_products","16415","56","0","7","10","9.9","173.25","557.07","935.3","1304.36","79","0","0","0","0","1.8","50","0","50","0","4","0","","","","","","","","","","","","","36.4","47","2026-08-15","2026-08-09","36.4","35.5","2026-08-10","119","4","0","0","58","N","","",""
"2026-08-13","RJM2603115","X002JDLUNZ","B0GSR91X5J","3 Pack Gold Hair Clips Pins Set for Women – Wedding Guest Hair Accessories with Elegant Leaf Design – Bridal Hair Jewelry for Bridesmaids and Special Events – Hair Pieces for Formal Occasions","New","48","0","0","30","21","0","0","0","0","GBP","0","1","2","8","Low traffic","5.39","0.0","5.39","0.0","Advertise listing","0","0.0","0","0","109.23","0.26","0.003531","cubic feet","Standard","0.169488","UK","gl_beauty","352155","366","48","192","78","5.39","0.0","4.82","9.64","40.31","30","0","0","0","0","0.12","0","0","0","0","2","0","","","","","","","","","","","","","1204.0","0","","2026-08-09","1204.0","333.4","2026-08-10","48","2","0","0","366","N","","",""
"2026-08-13","Y12187","X00275WN5T","B0DQTYGWT5","Pocket Toothpick Holder Waterproof Aluminium Alloy Toothpick Box Metal Pill Case with Key Ring,3 x 0.55 Inch","New","21","0","0","21","0","0","0","0","0","GBP","2","6","8","14","Low traffic","4.29","0.0","4.29","0.0","NoRestockExcessActionRequired","0","0.0","0","0","78.03","1.27","0.001271","cubic feet","Standard","0.026691","UK","gl_home_improvement","294842","85","0","14","19","4.29","7.14","21.42","28.56","50.07","21","0","0","0","0","0.02","0","0","0","0","0","0","","","","","","","","","","","","","136.8","7","2026-08-31","2026-08-09","136.8","94.2","2026-08-10","21","0","0","0","85","N","","",""
"2026-08-13","RPAJM039","X002HR3QTJ","B0GHDNLJ6B","KSEWJP 4 Pcs New Pound UK Coin Trolley Token |Trolly Shopping Coin | Trolley Tokens for Supermarket Cart Trolley Key | Shopping Trolley Token Keyrings","New","24","0","0","24","0","0","0","0","0","GBP","0","2","16","16","Low traffic","3.99","0.0","3.99","0.0","Advertise listing","0","0.0","0","0","89.71","1.13","0.003531","cubic feet","Apparel","0.084744","UK","gl_apparel","399513","366","0","128","52","3.99","0.0","6.64","52.8","52.8","22","0","2","0","0","0.05","40","0","40","0","0","2","","","","","","","","","","","","","109.5","0","","2026-08-09","109.5","53.4","2026-08-10","64","0","0","0","366","N","","",""
"2026-08-13","Y12722","X00281FE5D","B0DTK7Y57T","Boar Bristle Slick Back Hair Brush for Sleek Ponytail Bun & Smoothing Baby Hairs, Flyaways, Edge Control - Backcombing & Teasing Hairbrush with Wide Rat Tail for Sectioning & Parting","New","32","0","0","32","0","0","0","0","0","GBP","1","6","11","21","Low traffic","6.19","0.0","6.19","0.0","CreateShippingPlan","32","0.0","0","0","0.0","0.98","0.007946","cubic feet","Standard","0.254272","UK","gl_beauty","114165","186","0","21","19","6.19","5.16","31.6","58.2","111.74","20","12","0","0","0","0.15","0","0","0","0","0","0","","","","","","","","","","","","","250.8","0","","2026-08-09","250.8","130.6","2026-08-10","32","0","0","0","186","N","","",""
"2026-08-13","JM2603055","X002J3MBB5","B0GRG9QK89","2 Pieces of Interesting Tea Infusers, Creative Tea Infusers, Silicone,Filters","New","44","0","0","31","15","0","0","0","0","GBP","0","1","2","11","Low traffic","7.19","0.0","7.19","0.0","Advertise listing","8","0.0","0","0","71.98","0.32","0.003531","cubic feet","Standard","0.155364","UK","gl_kitchen","1059691","366","36","176","52","7.19","0.0","6.16","12.65","72.89","31","0","0","0","0","0.11","0","0","0","0","2","0","","","","","","","","","","","","","1335.0","0","","2026-08-09","1335.0","196.5","2026-08-10","44","2","0","0","366","N","","",""
"2026-08-13","RPAJM052","X002HR45HB","B0GHDWJ8B6","14 Pcs Flower Iron on Patches, Cute Daisy Flower Embroidered Applique Patches, 1.61 Inch Flowers Sew On Embroidered Iron on Patch for Clothes, Hats, Jeans, DIY(7 Colors)","New","21","0","0","10","12","0","0","0","0","GBP","0","1","3","4","Low traffic","4.29","0.0","4.29","0.0","NoRestockExcessActionRequired","21","0.0","0","0","0.0","0.19","0.003531","cubic feet","Standard","0.074151","UK","gl_office_product","855459","177","0","84","68","4.29","0.0","3.57","10.71","14.28","0","0","10","0","0","0.05","0","0","0","0","1","0","","","","","","","","","","","","","680.0","0","","2026-08-09","680.0","379.8","2026-08-10","21","1","0","0","184","N","","",""
"2026-08-13","RJM2603069","X002J3IROZ","B0GRGX14BV","8Pcs Lobster Clasp Extenders, Mini Bracelet Necklace Extender, Lanyard Snap Hook, Jewelry Lobster Clasp for DIY Bracelet Necklace Making","New","28","0","0","0","28","0","0","0","0","GBP","0","0","0","0","Low traffic","4.59","0.0","4.59","0.0","Advertise listing","0","0.0","0","0","122.71","0.0","0.003531","cubic feet","Standard","0.098868","UK","gl_office_product","2831957","366","28","","","5.19","0.0","0.0","0.0","0.0","0","0","0","0","0","0.07","0","0","0","0","0","0","","","","","","","","","","","","","","0","","","","","2026-08-10","28","0","0","0","366","N","","",""
"2026-08-13","Y12149","X00275MDK9","B0DQSL6633","Men's Velvet Pre-tied Bow Tie, Adjustable Solid Colour Butterfly Bowtie with Gift Box for Groom Wedding Party Prom Banquet Formal Occasions","New","47","0","0","32","17","0","0","0","0","GBP","2","15","19","26","Low traffic","5.49","0.0","5.49","0.0","NoRestockExcessActionRequired","47","0.0","0","0","0.0","0.63","0.009182","cubic feet","Apparel","0.431554","UK","gl_apparel","128694","109","0","12","23","5.49","9.14","70.42","90.7","126.7","32","0","0","0","0","0.24","0","0","0","0","2","0","","","","","","","","","","","","","147.5","0","","2026-08-09","96.2","147.5","2026-08-10","47","2","0","0","111","N","","",""
"2026-08-13","RPAJM002","X002HNERTB","B0GGJ9PDB5","Tyre Valve Dust Caps, Black, 4 pcs/Pack, Anodized Aluminum Tyre Dust Cap Set, Corrosion Resistant, Universal Tyre Valve Stem Covers for Cars Trucks Motorcycles SUVs and Bikes","New","28","0","0","30","0","0","0","0","0","GBP","1","3","8","10","Low traffic","3.99","0.0","3.99","0.0","NoRestockExcessActionRequired","0","0.0","0","0","57.52","0.65","0.003531","cubic feet","Standard","0.098868","UK","gl_automotive","119459","131","0","37","36","3.99","3.32","9.96","26.4","32.92","20","0","10","0","0","0.07","0","0","0","0","2","0","","","","","","","","","","","","","205.3","0","","2026-08-09","205.3","130.6","2026-08-10","28","2","0","0","145","N","","",""
"2026-08-13","JM2603025","X002J41359","B0GRGYGWN9","8Pcs Elastic Waist Extenders for Pants, Adjustable Waistband Expander Set Elastic Button Extender for Pants Jeans Trousers, Men Women 4 Colors","New","121","0","0","126","0","0","0","0","0","GBP","2","8","14","44","Low traffic","6.29","0.0","6.29","0.0","NoRestockExcessActionRequired","","","0","0","","0.68","0.004216","cubic feet","Standard","0.510136","UK","gl_kitchen","520361","305","0","60","35","6.29","10.65","43.29","76.29","238.39","41","85","0","0","0","","0","0","0","0","4","0","","","","","","","","","","","","","471.4","0","","2026-08-09","471.4","122.9","2026-08-10","121","3","1","0","318","N","","",""
"2026-08-13","Y12291","X0027K6IVJ","B0DRXYCR2H","Generic 100 Pieces Giant Multicolored Push Pins, 1 Inch Thumb Tacks Steel Point Plastic Head Marking Pins For Cork Boards Map Calendar Home Office Craft Projects","New","20","0","0","21","0","0","0","0","0","GBP","1","8","13","28","Low traffic","6.29","0.0","6.29","0.0","NoRestockExcessActionRequired","4","0.0","0","0","24.91","1.9","0.004919","cubic feet","Standard","0.09838","UK","gl_home","133406","81","0","10","9","6.29","5.24","41.92","69.61","151.16","10","11","0","0","0","0.07","0","0","0","0","1","0","","","","","","","","","","","","","116.7","4","2026-08-22","2026-08-09","116.7","55.1","2026-08-10","20","0","1","0","85","N","","",""
"2026-08-13","RPAJM198","X002I9TH5X","B0GL6S6NCC","6-Piece Adhesive Wall Mounted Shower Poles Extendable No Drill,Not Include Shower Curtain Rod，Strong Stick-on Bathroom Accessories，Shower Pole Holder(Rod Not Included)","New","11","0","0","12","0","0","0","0","0","GBP","2","3","4","5","Low traffic","3.99","0.0","3.99","0.0","NoRestockExcessActionRequired","11","0.0","0","0","0.0","0.67","0.003531","cubic feet","Standard","0.038841","UK","gl_home","556457","97","0","14","28","3.99","6.64","9.96","13.28","17.02","0","12","0","0","0","0.02","0","0","0","0","1","0","","","","","","","","","","","","","194.5","0","","2026-08-09","140.7","194.5","2026-08-10","11","1","0","0","106","N","","",""
"2026-08-13","Y50152","X00282CPF9","B0DTPDJZY5","10Pcs Goldfish Toy Soft Rubber Goldfish Simulation Fish Fake Goldfish Artificial Floating Fishes Ornament Decorations for Aquarium Fish Tank Home Office Desktop Decor","New","37","11","0","28","0","0","0","0","0","GBP","7","26","65","84","Low traffic","5.89","0.0","5.89","0.0","NoRestockExcessActionRequired","48","0.0","0","0","0.0","4.15","0.008476","cubic feet","Standard","0.313612","UK","gl_home","25684","233","0","14","15","5.89","34.37","127.66","319.15","409.89","28","0","0","0","0","0.25","60","0","60","0","0","2","","","","","","","","","","","","","22.5","0","","2026-08-09","22.5","16.7","2026-08-10","108","0","0","0","233","N","","",""
"2026-08-13","RPAJM167","X002IA5NHX","B0GL89MQR7","4Pcs Multicolored Puff Phone Screen Cleaner, Reusable Portable Puff Cleaning Ball with Lanyard Suitable for Wiping Mobile Phone Screens and Eyeglass Lenses Eye Glasses Cleaner","New","8","0","0","0","9","0","0","0","0","GBP","0","1","1","1","Low traffic","4.99","0.0","4.99","0.0","Advertise listing","","","0","0","","0.1","","","Other","","UK","gl_office_product","155275","366","0","32","104","4.99","0.0","4.16","4.16","4.16","0","0","0","0","0","","0","0","0","0","1","0","","","","","","","","","","","","","896.0","0","","2026-08-09","296.0","896.0","2026-08-10","8","1","0","0","366","N","","",""
"2026-08-13","RPAJM007","X002HNIWI3","B0GGJHJKZ8","KSEWJP 5PCS Leather Glasses Strap, Adjustable Glasses Chain for Women Men, Universal Non-Slip Spectacles Cord Neck Eyeglass Sunglasses Strap (Black)","New","10","0","0","0","10","0","0","0","0","GBP","0","0","1","1","Low traffic","4.59","0.0","4.59","0.0","NoRestockExcessActionRequired","10","0.0","0","0","0.03","0.1","0.003531","cubic feet","Apparel","0.03531","UK","gl_apparel","1131452","145","0","","130","4.59","0.0","0.0","3.91","3.91","0","0","0","0","0","0.02","0","0","0","0","0","0","","","","","","","","","","","","","","0","","","","934.0","2026-08-10","10","0","0","0","145","N","","",""
"2026-08-13","JM2603079","X002JEL11P","B0GSVYTKNH","KSEWJP 20 mm Silicone Watch Strap for Samsung Watch 7 40 44 mm/5 Pro 45 mm/6 40 mm 44/6 Classic 43 47/4 - Sports Bracelets","New","30","0","0","0","30","0","0","0","0","GBP","","","","","Low traffic","4.79","0.0","4.79","0.0","Advertise listing","0","0.0","0","0","69.24","0.0","0.003531","cubic feet","","0.10593","UK","gl_jewelry","","","30","","","4.79","","","","","0","0","0","0","0","0.07","0","0","0","0","0","0","","","","","","","","","","","","","","0","","","","","2026-08-10","30","0","0","0","","N","","",""
"2026-08-13","JM2601023","X002HZLAUD","B0GJD3Z6JR","2Pcs Pill Box, Portable Pill Organiser Travel Tablet Box 7 Days Tablet Organiser with Compartments for Medication, Supplements, Vitamins, and Cod Liver Oil(Pink and Yellow)","New","14","0","0","10","5","0","0","0","0","GBP","1","2","4","4","Low traffic","3.59","0.0","3.59","0.0","NoRestockExcessActionRequired","14","0.0","0","0","0.0","0.27","0.003531","cubic feet","Standard","0.049434","UK","gl_drugstore","180319","116","0","28","45","3.59","2.99","5.98","11.96","11.96","0","0","10","0","0","0.03","0","0","0","0","0","0","","","","","","","","","","","","","467.0","0","","2026-08-09","467.0","254.2","2026-08-10","14","0","0","0","116","N","","",""
"2026-08-13","JM2603039","X002J40WGZ","B0GRH1TWX1","2Pcs M8 x 16mm Hex Flange Bolts, 10.9 Grade Carbon Steel Hex Head Screws, Flanged Hexagon Bolts for Construction, Machine Tools, and DIY Projects Black","New","21","0","0","16","7","0","0","0","0","GBP","1","7","8","11","Low traffic","4.69","0.0","4.69","0.0","NoRestockExcessActionRequired","21","0.0","0","0","0.0","0.42","0.003531","cubic feet","Standard","0.074151","UK","gl_biss","170229","97","0","12","24","4.69","3.91","27.37","31.61","45.46","1","0","15","0","0","0.04","0","0","0","0","1","0","","","","","","","","","","","","","236.4","2","2026-08-23","2026-08-09","115.3","236.4","2026-08-10","21","1","0","0","103","N","","",""
"2026-08-13","Y11321","X0027646T9","B0DQTV6P1Q","Pack of 6 Dark Blue Sew on 20mm Round Buttons Flat 4 Holes 32L 32 Ligne","New","53","10","0","65","0","0","0","0","0","GBP","0","1","17","30","Low traffic","4.09","0.0","4.09","0.0","NoRestockExcessActionRequired","63","0.0","0","0","0.0","0.69","8.48E-4","cubic feet","Standard","0.044944","UK","gl_office_product","673324","294","0","212","22","4.29","0.0","3.57","63.41","112.03","51","1","13","0","0","0.03","0","0","0","0","2","0","","","","","","","","","","","","","512.5","0","","2026-08-09","512.5","100.1","2026-08-10","63","2","0","0","307","N","","",""
"2026-08-13","JM2601045","X002HY2VLB","B0GJFJ43R1","KSEWJP 2 Pair Sunbed Goggles Eye Protection, Protective Goggles for Red Light, Beauty Glasses with Adjustable Elastic Strap, Safety Glasses for Tanning Use, Sunbathing IPL LED Light Process","New","30","0","0","39","0","0","0","0","0","GBP","8","9","9","16","Low traffic","4.39","0.0","4.39","0.0","NoRestockExcessActionRequired","0","0.0","0","0","113.14","0.41","0.003531","cubic feet","Standard","0.10593","UK","gl_sports","431107","241","0","13","24","4.39","29.28","33.1","33.1","64.53","15","15","9","0","0","0.07","0","0","0","0","1","0","","","","","","","","","","","","","1361.0","0","","2026-08-09","1361.0","344.9","2026-08-10","30","1","0","0","250","N","","",""
"2026-08-13","Y501127","X00282CMQV","B0DTP9K3W2","Angled Blusher Brush - Quality Blush, Contour and Bronzer Brush","New","8","0","0","8","0","0","0","0","0","GBP","5","20","27","42","Low traffic","3.89","0.0","3.89","0.0","NoRestockExcessActionRequired","0","3.39","50","0","33.18","4.42","0.00206","cubic feet","Standard","0.01648","UK","gl_beauty","83043","75","0","5","8","3.89","15.7","60.55","81.48","124.91","8","0","0","0","0","0.01","20","0","20","0","0","1","","","","","","","","","","","","","31.6","15","2026-08-25","2026-08-09","31.6","26.4","2026-08-10","28","0","0","0","75","N","","",""
"2026-08-13","RPAJM084","X002HR07N7","B0GHCD626B","3 PCS Mini Portable Screwdrivers for Glasses, 3-in-1 Keyring Eyeglasses Repair Kit Flat Head Phillips Hex Handy Tiny Screw Drivers for Sunglasses, Small Electronics","New","18","0","0","19","0","0","0","0","0","GBP","1","3","4","10","Low traffic","4.06","0.0","4.06","0.0","NoRestockExcessActionRequired","0","3.86","38","0","72.66","0.65","0.003531","cubic feet","Standard","0.063558","UK","gl_home_improvement","178051","100","0","24","23","4.06","3.38","10.14","13.52","33.8","0","5","14","0","0","0.04","0","0","0","0","1","0","","","","","","","","","","","","","322.0","0","","2026-08-09","322.0","172.0","2026-08-10","18","1","0","0","104","Y","Holiday Season","2026-10-24","2027-01-01"
"2026-08-13","RJM2603099","X002JD8I4T","B0GSQPZH6H","Razor Comb Double Sided Hair Cutting Comb Hairdressing Razor Portable Hair Thinning Comb Razor Comb for Cutting Hair and Styling Green","New","24","0","0","11","15","0","0","0","0","GBP","0","3","5","11","Low traffic","6.69","0.0","6.69","0.0","NoRestockExcessActionRequired","26","0.0","0","0","0.0","0.47","0.003531","cubic feet","Standard","0.084744","UK","gl_beauty","245865","206","0","32","28","6.69","0.0","17.22","29.36","67.53","10","0","1","0","0","0.06","0","0","0","0","2","0","","","","","","","","","","","","","254.0","0","","2026-08-09","254.0","177.4","2026-08-10","24","2","0","0","224","N","","",""
"2026-08-13","Y12592-1","X002831D1Z","B0DTKDCV31","8PCS Guided Reading Highlight Strips, Colored Overlay Reading Tracking Rulers for Dyslexia Irlens to Reduce Visual Stress, Visual Aids Overlays Ruler for Reading Beginner","New","13","0","0","0","14","0","0","0","0","GBP","0","3","5","6","Low traffic","4.49","0.0","4.49","0.0","NoRestockExcessActionRequired","13","0.0","0","0","0.0","0.34","0.001664","cubic feet","Standard","0.021632","UK","gl_home_improvement","160827","79","0","17","28","4.49","0.0","11.73","19.55","23.62","0","0","0","0","0","0.01","0","0","0","0","1","0","","","","","","","","","","","","","268.3","0","","2026-08-09","120.5","268.3","2026-08-10","13","1","0","0","86","N","","",""
"2026-08-13","JM2601039","X002HXW5Z9","B0GJFJ4H4V","Texture Volumizing Comb, Incremental Wide Tooth Styling Comb for Root Lift Long Lasting Volume, Unisex Hair Brush for All Hair Types","New","28","0","0","20","9","0","0","0","0","GBP","0","4","4","8","Low traffic","4.09","0.0","4.09","0.0","NoRestockExcessActionRequired","0","0.0","0","0","111.46","0.35","0.003531","cubic feet","Standard","0.098868","UK","gl_beauty","221368","264","28","28","45","4.09","0.0","13.64","13.64","28.76","0","20","0","0","0","0.07","0","0","0","0","1","0","","","","","","","","","","","","","237.8","0","","2026-08-09","230.5","237.8","2026-08-10","28","1","0","0","276","N","","",""
"2026-08-13","Y11317","X002761UN9","B0DQTW4476","100pcs Plastic Floss Bobbins,Plastic Floss Bobbins Thread Card,Embroidery Thread Bobbins,Floss Bobbins Organiser,Thread Cards with Floss Winder for Cross Stitch Weaving DIY Crafts Sewing Storage","New","7","0","0","7","0","0","0","0","0","GBP","0","1","5","7","Low traffic","5.09","6.49","6.49","0.0","NoRestockExcessActionRequired","0","0.0","0","0","48.14","1.45","0.021613","cubic feet","Standard","0.151291","UK","gl_kitchen","737112","90","0","28","13","6.49","0.0","5.41","27.05","37.87","0","7","0","0","0","0.11","0","0","0","0","0","0","","","","","","","","","","","","","116.0","2","2026-08-29","2026-08-09","116.0","49.0","2026-08-10","7","0","0","0","90","N","","",""
"2026-08-13","RPAJM127","X002I91FAD","B0GL1DK2Z9","2 Pcs Hair Combs Slides for Women, No Crease Magic Hair Clips and Hair Slides, Double Hair Comb Clip Styling Tool for Thick, Curly or Thin Hair Styling (Black, Brown)","New","25","0","0","25","0","0","0","0","0","GBP","4","10","13","19","Low traffic","4.29","0.0","4.29","0.0","NoRestockExcessActionRequired","0","0.0","0","0","2.28","1.13","0.003531","cubic feet","Standard","0.088275","UK","gl_beauty","71990","105","0","10","17","4.29","14.28","35.7","46.92","68.6","5","20","0","0","0","0.06","0","0","0","0","0","0","","","","","","","","","","","","","105.8","0","","2026-08-09","105.8","69.2","2026-08-10","25","0","0","0","105","N","","",""
"2026-08-13","JM2601053","X002HZH66P","B0GJQN4HHW","2pcs Central Thermostat Cover Panel Switch Protection Box Plastic Cover Protector Easy Install Black","New","37","0","0","30","7","0","0","0","0","GBP","0","0","1","2","Low traffic","7.79","0.0","7.79","0.0","Advertise listing","0","0.0","0","0","300.9","0.09","0.003531","cubic feet","Standard","0.130647","UK","gl_home","714194","366","37","","240","7.79","0.0","0.0","7.16","14.84","0","30","0","0","0","0.09","0","0","0","0","0","0","","","","","","","","","","","","","","0","","","","799.0","2026-08-10","37","0","0","0","366","N","","",""
"2026-08-13","JM2603078","X002JEK6M5","B0GSVY2L7R","Red Bow - Large Bowknot Hair Clip for Women, Satin Silky Ribbons with Long Tail, French Barrette Hair Accessory for Girls Ponytail Holder","New","24","0","0","0","25","0","0","0","0","GBP","0","1","4","5","Low traffic","4.39","0.0","4.39","0.0","Advertise listing","0","0.0","0","0","57.04","0.18","0.003531","cubic feet","","0.084744","UK","gl_beauty","379550","366","24","96","62","4.39","0.0","3.99","15.96","19.95","0","0","0","0","0","0.06","0","0","0","0","1","0","","","","","","","","","","","","","753.0","0","","2026-08-09","753.0","499.0","2026-08-10","24","1","0","0","366","Y","Holiday Season","2026-10-17","2027-01-09"
"2026-08-13","RPAJM082","X002HPL5EJ","B0GH24DZ3F","8 Pack Mini Plastic Funnels, Small Narrow Neck Funnel Set with Handle, Food Grade Funnels for Essential Oils Perfume Spices Liquids","New","40","0","0","41","0","0","0","0","0","GBP","3","12","17","26","Low traffic","5.19","0.0","5.19","0.0","NoRestockExcessActionRequired","0","0.0","0","0","165.72","1.08","0.003531","cubic feet","Standard","0.14124","UK","gl_biss","370222","116","0","13","20","5.19","12.96","51.84","74.29","117.21","31","10","0","0","0","0.09","0","0","0","0","1","0","","","","","","","","","","","","","95.6","0","","2026-08-09","95.6","78.0","2026-08-10","40","1","0","0","118","N","","",""
"2026-08-13","RJM2603061","X002J3PVKD","B0GRGPG4K2","Belts for Women, Elastic Belt Women, Womens Belt, Stretchy Adjustable Elastic Waist Nylon Belt with Buckle, Comfortable for Ladies Jeans Dresses, Skirts & Trousers","New","27","0","0","0","29","0","0","0","0","GBP","1","1","1","1","Low traffic","4.69","0.0","4.69","0.0","Advertise listing","0","0.0","0","0","69.77","0.03","0.013442","cubic feet","Apparel","0.362934","UK","gl_apparel","231810","366","27","108","351","4.69","3.91","3.91","3.91","3.91","0","0","0","0","0","0.21","0","0","0","0","2","0","","","","","","","","","","","","","","0","","","","","2026-08-10","27","2","0","0","366","N","","",""
"2026-08-13","RPAJM030","X002HR0MVJ","B0GHDTRVHV","Car Key Pouch with Zipper Closure and Metal Hook, Black Compact Key Storage Wallet for Car Keys, Key Fobs and Small Accessories, Portable Lightweight Design for Daily Carry and Travel Use","New","21","0","0","22","0","0","0","0","0","GBP","4","10","13","21","","6.09","0.0","6.09","0.0","NoRestockExcessActionRequired","21","0.0","0","0","0.0","0.89","0.003531","cubic feet","Standard","0.074151","UK","gl_automotive","67396","78","0","8","13","6.09","20.28","50.7","66.42","111.53","10","10","2","0","0","0.04","0","0","0","0","0","0","","","","","","","","","","","","","110.9","6","2026-08-22","2026-08-09","110.9","108.3","2026-08-10","21","0","0","0","78","N","","",""
"2026-08-13","Y50156","X00282CKM7","B0DTPGKT7M","304 Small Ladle Soup Spoon Stainless Steel Soup Spoon 20 cm Sauce Spoon Dishwasher Safe Pack of 2","New","10","0","0","14","0","0","0","0","0","GBP","2","16","19","20","Low traffic","5.29","0.0","5.29","0.0","CreateShippingPlan","0","0.0","0","0","28.8","1.23","0.022036","cubic feet","Standard","0.22036","UK","gl_kitchen","343565","22","0","2","6","5.29","8.82","70.56","83.79","88.2","14","0","0","0","0","0.14","0","0","0","0","2","0","","","","","","","","","","","","","75.8","23","2026-08-12","2026-08-09","27.2","75.8","2026-08-10","10","1","1","0","28","N","","",""
"2026-08-13","Y12635","X00282C6KD","B0DTPCLHMD","100 Pcs Cocktail Picks, 12 CM Toothpicks for Appetizers, Bamboo Cocktail Sticks Skewers for Drinks, Desserts, Charcuterie, Wedding Party Fancy Toothpicks, Gold Pearl Mini Food Picks Decorative","New","65","11","0","61","18","0","0","0","0","GBP","0","3","17","23","Low traffic","5.49","0.0","5.49","0.0","NoRestockExcessActionRequired","8","0.0","0","0","145.71","0.55","0.013773","cubic feet","Standard","0.895245","UK","gl_kitchen","599205","349","68","86","36","5.49","0.0","13.71","84.69","115.79","61","0","0","0","0","0.71","0","0","0","0","2","0","","","","","","","","","","","","","192.0","0","","2026-08-09","192.0","106.0","2026-08-10","76","2","0","0","366","N","","",""
"2026-08-13","RPAJM050","X002HOJKFB","B0GGSWTQQY","Medication Travel Bag with Zipper, Portable Organiser Pouch, Cosmetic & Makeup Toiletry Bag for Women, Travel Pouches,Girls, Storage Case for Medicines, First Aid Kit, Make Up, Pencils","New","14","0","0","17","0","0","0","0","0","GBP","0","2","4","7","Low traffic","6.09","0.0","6.09","0.0","NoRestockExcessActionRequired","14","0.0","0","0","0.0","0.46","0.003531","cubic feet","Standard","0.049434","UK","gl_luggage","496323","92","0","28","26","6.09","0.0","10.31","20.79","36.85","0","0","17","0","0","0.02","0","0","0","0","3","0","","","","","","","","","","","","","269.0","0","","2026-08-09","269.0","224.9","2026-08-10","14","3","0","0","105","N","","",""
"2026-08-13","Y50163","X00282C2FH","B0DTPBXKGK","2 Pack Brass Pop Up Click Clack Plug Bolt Assembly, Slotted Drain Stopper Replacement for Bathroom Sink Bathtub Basin","New","30","1","0","35","0","0","0","0","0","GBP","3","7","13","17","Low traffic","4.89","0.0","4.89","0.0","NoRestockExcessActionRequired","0","0.0","0","0","117.19","0.73","0.001017","cubic feet","Standard","0.03051","UK","gl_home","198413","179","0","17","22","4.89","12.21","28.66","54.5","71.54","31","0","4","0","0","0.02","0","0","0","0","4","0","","","","","","","","","","","","","221.8","0","","2026-08-09","221.8","137.9","2026-08-10","31","3","1","0","206","N","","",""
"2026-08-13","RPAJM046","X002HOHNA5","B0GGT6BH1V","Clipper Comb, 2 Pieces Heat Resistant Flat Top Hairdressing Combs, Hair Cutting Combs for All Ages, Unisex, Plastic, Black, White","New","3","0","0","0","4","0","0","0","0","GBP","1","4","5","5","Low traffic","3.99","0.0","3.99","0.0","CreateShippingPlan","0","0.0","0","0","17.88","0.67","0.030861","cubic feet","Standard","0.092583","UK","gl_beauty","279342","38","0","3","7","3.99","3.32","13.28","16.6","16.6","0","0","0","0","0","0.06","0","0","0","0","1","0","","","","","","","","","","","","","141.4","3","2026-08-12","2026-08-09","59.3","141.4","2026-08-10","3","0","1","0","49","N","","",""
"2026-08-13","RPAJM234","X002I8YEVB","B0GL1H7PZ9","5 PCS 6 inches Large Pull Bows, Bow for Wrapping, Ribbon Bows for Wedding Christmas Birthday Party Gift Baskets or Valentine's Day Flower Gift Boxes Decoration (Gold)","New","13","0","0","10","5","0","0","0","0","GBP","0","0","0","2","Low traffic","4.89","0.0","4.89","0.0","Advertise listing","0","0.0","0","0","54.35","0.17","0.056354","cubic feet","Standard","0.732602","UK","gl_office_product","2059872","293","13","","84","4.89","0.0","0.0","0.0","10.48","0","5","5","0","0","0.03","0","0","0","0","2","0","","","","","","","","","","","","","","0","","","","545.0","2026-08-10","13","2","0","0","366","N","","",""
"2026-08-13","Y12735","X0028298Y5","B0DTPDM3W5","Natural Loofah Sponge Exfoliating Body Scrubber (2 Pack),Made with Eco-Friendly and Biodegradable Shower Luffa Sponge, Loofah for Women and Men, Beige.","New","25","0","0","25","0","0","0","0","0","GBP","0","1","3","9","Low traffic","4.19","0.0","4.19","0.0","NoRestockExcessActionRequired","25","0.0","0","0","0.0","0.44","0.010806","cubic feet","Standard","0.27015","UK","gl_drugstore","236033","289","0","100","36","4.19","0.0","3.49","10.47","30.93","0","10","15","0","0","0.15","0","0","0","0","0","0","","","","","","","","","","","","","765.0","0","","2026-08-09","765.0","160.4","2026-08-10","25","0","0","0","289","N","","",""
"2026-08-13","JM2603053","X002J3H9Z3","B0GRGB5WZP","Elegant Blue Floral Pearl Hair Pins for Women – Delicate Crystal Flower Bridal Hair Accessories, Handmade U-Shaped Clips for Bridesmaids, Weddings, Proms & Special Occasions","New","89","9","0","98","0","0","0","0","0","GBP","8","26","71","88","Low traffic","8.19","0.0","8.19","0.0","NoRestockExcessActionRequired","","","0","0","","2.13","0.003531","cubic feet","Standard","0.314259","UK","gl_beauty","72096","272","0","29","27","8.19","54.73","180.55","495.1","613.21","98","0","0","0","0","","100","0","100","0","2","2","","","","","","","","","","","","","38.2","0","","2026-08-09","38.2","25.5","2026-08-10","198","2","0","0","275","N","","",""
"2026-08-13","JM2601061","X002HZHZBB","B0GJRDPS3V","Spark Plug Cap Replace for NGK 8070/LD05FP, 90° Fit for 10mm &12mm Thread Spark Plugs without nut","New","51","0","0","53","0","0","0","0","0","GBP","4","6","14","32","Low traffic","5.59","0.0","5.59","0.0","NoRestockExcessActionRequired","53","0.0","0","0","0.0","0.98","0.003531","cubic feet","Standard","0.180081","UK","gl_automotive","54280","141","0","34","20","5.59","18.64","27.96","69.24","157.78","20","33","0","0","0","0.12","0","0","0","0","1","0","","","","","","","","","","","","","284.2","0","","2026-08-09","284.2","79.7","2026-08-10","51","1","0","0","145","N","","",""
"2026-08-13","JM2603066","X002JEAVM5","B0GSVF1XBK","Black Lock Holder,for Bicycle Holder SupportWire Cable Lock Universal Bike Frame U FixedCycling Parts for MTB Accessories Cable","New","41","0","0","44","0","0","0","0","0","GBP","8","39","55","72","","6.49","0.0","6.49","0.0","NoRestockExcessActionRequired","9","4.76","18","0","63.61","1.71","0.003531","cubic feet","","0.144771","UK","gl_home_improvement","33922","104","0","13","23","6.49","43.28","210.99","297.28","388.16","39","5","0","0","0","0.1","90","0","90","0","2","0","","","","","","","","","","","","","46.2","7","2026-08-22","2026-08-09","46.2","45.3","2026-08-10","131","2","0","0","106","N","","",""
"2026-08-13","Y12345","X0027E3GVF","B0DRT9WTLS","Poly Foam Brush Set - Used For Oil, Paint, Varnish, Glue, Craft, Cyanotype, Modge Podge, and Cleaning","New","31","0","0","31","0","0","0","0","0","GBP","3","8","27","47","Low traffic","5.19","0.0","5.19","0.0","NoRestockExcessActionRequired","31","0.0","0","0","0.0","1.79","0.011301","cubic feet","Standard","0.350331","UK","gl_home","125434","148","0","30","16","5.19","12.96","34.56","115.91","193.58","1","30","0","0","0","0.19","29","0","29","0","0","0","","","","","","","","","","","","","160.1","0","","2026-08-09","160.1","43.4","2026-08-10","60","0","0","0","148","Y","Holiday Season","2026-10-24","2026-12-25"
"2026-08-13","Y50170","X00281D3GZ","B0DTK6ZLWX","Gray Travel Soap Case, Waterproof Leakproof Soap Box with Drain Tray, Portable PP Holder with Lid for Travel Bathroom Camping Gym Outdoor","New","7","0","0","0","7","0","0","0","0","GBP","1","5","7","8","Low traffic","6.99","0.0","6.99","0.0","CreateShippingPlan","7","0.0","0","0","74.3","0.67","0.027413","cubic feet","Standard","0.191891","UK","gl_home","376545","47","0","5","11","6.99","5.82","29.1","40.74","46.23","0","0","0","0","0","0.13","0","0","0","0","0","0","","","","","","","","","","","","","140.0","10","2026-08-07","2026-08-09","62.4","140.0","2026-08-10","7","0","0","0","47","N","","",""
"2026-08-13","RPAJM228","X002I907B1","B0GL23X6KQ","Elastic Button Extenders for Men and Women, Waist Extenders Adjustable for Pants, Trousers, Dress and Jeans, 6-Pack (3 Colors, Style 3)","New","18","0","0","21","0","0","0","0","0","GBP","0","5","10","11","Low traffic","5.39","0.0","5.39","0.0","NoRestockExcessActionRequired","0","0.0","0","0","81.14","1.05","0.003531","cubic feet","Apparel","0.063558","UK","gl_apparel","475007","120","0","14","21","5.59","0.0","23.78","48.41","53.32","15","6","0","0","0","0.04","0","0","0","0","3","0","","","","","","","","","","","","","107.3","0","","2026-08-09","107.3","74.9","2026-08-10","18","2","1","0","141","N","","",""
"2026-08-13","Y12194","X002753SPD","B0DQPN155Y","Egg Whisk, Hand Push Whisk Blender, Stainless Steel Egg Beater, Milk Frother, Rotating Push Mixer Stirrer for Whisking, Beating, Stirring","New","61","0","0","51","11","0","0","0","0","GBP","1","8","23","32","Low traffic","6.09","0.0","6.09","0.0","NoRestockExcessActionRequired","4","0.0","0","0","12.7","0.81","0.012713","cubic feet","Standard","0.775493","UK","gl_kitchen","451066","130","57","30","24","6.09","5.07","40.56","119.16","166.32","50","0","1","0","0","0.53","0","0","0","0","1","0","","","","","","","","","","","","","150.6","0","","2026-08-09","150.6","102.5","2026-08-10","61","1","0","0","134","N","","",""
"2026-08-13","RPAJM124","X002I8W3YV","B0GL1GT55T","2 Pcs Black Thread, Strong Pro Polyester Sewing Thread, Durable Black Cotton Threads, Blacks Thread for Sewing, for Machine & Hand Stitchin, Ideal for Heavy Fabrics, Quilting, and DIY Projects","New","39","0","0","40","0","0","0","0","0","GBP","4","10","11","19","Low traffic","3.99","0.0","3.99","0.0","NoRestockExcessActionRequired","","","0","0","","0.77","0.003531","cubic feet","Standard","0.137709","UK","gl_office_product","190853","183","0","15","26","3.99","13.28","33.2","36.61","63.19","30","10","0","0","0","","0","0","0","0","1","0","","","","","","","","","","","","","172.6","0","","2026-08-09","172.6","115.1","2026-08-10","39","1","0","0","188","N","","",""
"2026-08-13","RJM2603116","X002JDFQ7B","B0GSRCPH58","KSEWJP 2Pcs Strap Pad - Universal Removable Cushion for Backpack Straps, Luggage, Guitar Camera Bags - Adjustable Fastener Cushions for Shoulder Support Pain Relief.","New","37","0","0","23","15","0","0","0","0","GBP","0","5","8","12","Low traffic","5.79","0.0","5.79","0.0","NoRestockExcessActionRequired","0","0.0","0","0","196.38","0.39","0.024391","cubic feet","Apparel","0.902467","UK","gl_apparel","422888","320","37","29","40","5.79","0.0","24.44","39.41","59.62","1","20","2","0","0","0.51","0","0","0","0","1","0","","","","","","","","","","","","","243.4","0","","2026-08-09","243.4","180.5","2026-08-10","37","1","0","0","330","N","","",""
"2026-08-13","RJM2603088","X002J3N5AL","B0GRFLR342","Texture Comb Volumizing Wide-Tooth Comb for Maximum Root Lift & Smooth Styling, Hair Volume Tool Foundation Apparatus, Grooming & Seam Covering Bangs Hairdressing Accessory","New","38","0","0","20","20","0","0","0","0","GBP","0","0","0","5","Low traffic","4.09","0.0","4.09","0.0","Advertise listing","38","0.0","0","0","0.0","0.16","0.020858","cubic feet","Standard","0.792604","UK","gl_beauty","378955","366","0","","98","4.09","0.0","0.0","0.0","20.95","20","0","0","0","0","0.52","0","0","0","0","2","0","","","","","","","","","","","","","","0","","","","492.2","2026-08-10","38","2","0","0","366","N","","",""
"2026-08-13","RPAJM053","X002HR54UX","B0GHF641P3","A gift to commemorate female friends, heart-shaped decoration, a symbol of eternal friendship, suitable for giving to female friends","New","43","0","0","41","3","0","0","0","0","GBP","0","0","1","4","Low traffic","7.79","0.0","7.79","0.0","Advertise listing","9","0.0","0","0","61.55","0.14","0.003531","cubic feet","Standard","0.151833","UK","gl_home","1247442","366","34","","139","7.79","0.0","0.0","7.16","29.12","0","31","10","0","0","0.1","0","0","0","0","2","0","","","","","","","","","","","","","","0","","","","572.3","2026-08-10","43","2","0","0","366","N","","",""
"2026-08-13","JM2603031","X002J3ORFD","B0GRGX4LTB","2Pcs Banana Toothbrush Head Covers, Portable Travel Essentials Toothbrush Protector Cap with Toothpaste Case, Reusable Fruit Design Organizer for Electric & Manual Toothbrushes","New","43","0","0","20","25","0","0","0","0","GBP","1","1","1","5","Low traffic","5.59","0.0","5.59","0.0","Advertise listing","0","0.0","0","0","98.43","0.16","0.003531","cubic feet","Standard","0.151833","UK","gl_luggage","87064","366","43","172","111","5.59","4.66","4.66","4.66","26.62","20","0","0","0","0","0.11","0","0","0","0","2","0","","","","","","","","","","","","","","0","","","","704.0","2026-08-10","43","2","0","0","366","N","","",""
"2026-08-13","JM2604002","X002KGDMOV","B0GXPNPHN3","KSEWJP Waterproof 140cm Fishing Rod Bag, Rod Holdall with Padded Protection Portable Cover Tackle Storage Bag for Outdoor Fishing(Black)","New","4","31","0","6","0","0","0","0","0","GBP","11","45","45","60","Low traffic","7.06","0.0","7.06","0.0","NoRestockExcessActionRequired","","","0","0","","3.73","0.003531","cubic feet","Standard","0.014124","UK","gl_sports","22098","100","0","7","18","7.06","64.68","264.6","264.6","357.88","1","5","0","0","0","","80","0","80","0","0","0","","","","","","","","","","","","","28.5","26","2026-08-19","2026-08-09","28.5","25.2","2026-08-10","115","0","0","0","100","N","","",""
"2026-08-13","JM2603050","X002J3SUFB","B0GRGLFZ8L","16x24 Heat-Resistant Ironing Mesh Pad - No Melt Scorch-Proof Fabric Protection for Home and Professional Ironing, Durable Pressing Cloth with Non-Stick Surface (Random Color)","New","33","0","0","20","13","0","0","0","0","GBP","2","4","8","14","Low traffic","5.39","0.0","5.39","0.0","NoRestockExcessActionRequired","2","0.0","0","0","60.66","0.57","0.003531","cubic feet","Standard","0.116523","UK","gl_home","355891","220","31","33","30","5.39","8.98","17.96","38.09","69.05","20","0","0","0","0","0.08","0","0","0","0","0","0","","","","","","","","","","","","","291.7","0","","2026-08-09","291.7","173.5","2026-08-10","33","0","0","0","220","N","","",""
"2026-08-13","RPAJM174","X002I9N5UL","B0GL7KR336","Feather Bookmark, Pressed Flowers Resin Bookmark, Glow in The Dark Page Holder for Women, Teachers, Book Lovers, Kids – Purple","New","15","0","0","15","3","0","0","0","0","GBP","1","1","2","3","Low traffic","4.99","0.0","4.99","0.0","Advertise listing","0","0.0","0","0","65.28","0.15","0.003531","cubic feet","Standard","0.052965","UK","gl_office_product","150920","366","15","60","65","4.99","4.16","4.16","8.48","12.89","0","0","15","0","0","0.04","0","0","0","0","3","0","","","","","","","","","","","","","605.0","0","","2026-08-09","567.0","605.0","2026-08-10","15","3","0","0","366","N","","",""
"2026-08-13","RJM2603108","X002JDCI6X","B0GSR6P3L4","Star Hairpins, 4Pcs Yellow Star Hairpins Solid Color Fluffy Fuzzy Soft Anti-slip Hair Decor Portable Sweet Style Pentagram Bangs Clips Hair Styling Clips Hair Accessories","New","58","0","0","41","18","0","0","0","0","GBP","0","1","4","10","Low traffic","3.59","0.0","3.59","0.0","Advertise listing","0","0.0","0","0","201.11","0.23","0.003531","cubic feet","Standard","0.204798","UK","gl_beauty","267638","366","58","232","75","3.59","0.0","3.16","13.63","38.11","20","21","0","0","0","0.14","0","0","0","0","0","0","","","","","","","","","","","","","1717.0","0","","2026-08-09","1717.0","296.5","2026-08-10","58","0","0","0","366","N","","",""
"2026-08-13","JM2603085","X002JEO4OV","B0GSW1C9XC","KSEWJP Stretchy Dress Thin Belt Ladies Elastic Waistband Leaf Buckle Skinny Belts, Black","New","39","0","0","21","19","0","0","0","0","GBP","0","0","4","11","Low traffic","4.08","0.0","4.08","0.0","NoRestockExcessActionRequired","0","0.0","0","0","84.45","0.39","0.003531","cubic feet","","0.137709","UK","gl_apparel","929621","360","39","","46","4.08","0.0","0.0","16.28","44.95","20","0","1","0","0","0.08","0","0","0","0","1","0","","","","","","","","","","","","","","0","","","","227.3","2026-08-10","39","1","0","0","366","N","","",""
"2026-08-13","Y11305","X00275XB05","B0DQTK48JR","24 Pack Shower Curtain Hooks Rings Roller Balls Shower Rings Stainless Steel Metal Rust Free. （Black）","New","24","0","0","24","0","0","0","0","0","GBP","3","9","12","21","Low traffic","6.69","0.0","6.69","0.0","NoRestockExcessActionRequired","0","0.0","0","0","123.83","1.24","0.012713","cubic feet","Standard","0.305112","UK","gl_home","283048","139","0","10","14","6.69","16.71","50.13","67.19","117.41","10","14","0","0","0","0.21","0","0","0","0","0","0","","","","","","","","","","","","","110.6","0","","2026-08-09","110.6","60.9","2026-08-10","24","0","0","0","139","N","","",""
"2026-08-13","Y12176-1","X00276YRZH","B0DQWNJLLC","100 Pcs Car Retainer Clips Universal Fir Tree Trim Clip Black Car Body Trim Clips 7.6mm Hole Car Door Trim Bumper Rivets for Car Panel Trim Maintenance","New","26","0","0","0","10","16","0","0","0","GBP","3","3","4","4","Low traffic","4.99","4.29","4.29","0.0","NoRestockExcessActionRequired","0","0.0","0","0","118.2","0.03","0.010594","cubic feet","Standard","0.275444","UK","gl_automotive","40365","366","26","34","84","4.29","10.71","10.71","14.28","14.28","0","0","0","16","0","0.19","0","0","0","0","0","0","","","","","","","","","","","","","","0","","","","888.7","2026-08-10","26","0","0","0","366","N","","",""
"2026-08-13","JM2603096","X002JEKSTL","B0GSVX3KTL","White Circular Anti Slip pad - Set of 30 Pieces, Suitable for Anti Slip Grip on Furniture, Bedding, and Home Decoration","New","29","0","0","0","29","0","0","0","0","GBP","","","","","Low traffic","4.39","0.0","4.39","0.0","Advertise listing","0","0.0","0","0","66.94","0.0","0.003531","cubic feet","","0.102399","UK","gl_office_product","","","29","","","4.39","","","","","0","0","0","0","0","0.07","0","0","0","0","0","0","","","","","","","","","","","","","","0","","","","","2026-08-10","29","0","0","0","","N","","",""
"2026-08-13","RJM2603119","X002JDH56V","B0GSR8FQXQ","Telescopic Back Scratcher | Novelty Gifts for Men & Women | Portable Handheld Massage Stick | Small Stocking Fillers for Adults | Unusual & Funny Massager (Black)","New","19","0","0","0","21","0","0","0","0","GBP","2","6","6","9","Low traffic","4.39","0.0","4.39","0.0","NoRestockExcessActionRequired","0","0.0","0","0","48.11","0.34","0.009837","cubic feet","Standard","0.186903","UK","gl_personal_care_appliances","106020","125","19","12","27","4.39","7.32","21.96","21.96","33.87","0","0","0","0","0","0.13","0","0","0","0","1","0","","","","","","","","","","","","","262.3","0","","2026-08-09","116.8","262.3","2026-08-10","19","1","0","0","128","Y","Holiday Season","2026-11-07","2027-01-09"
"2026-08-13","RPAJM226","X002I92VZV","B0GL1S38PX","2pcs 3.2ft x 6.5ft Foil Curtain Decorations,Champagne Gold Tinsel Foil Fringe Curtains Streamers Backdrop for Birthday Graduation Wedding Engagement Bridal Shower Bachelorette Holiday Party Decoration","New","10","0","0","10","1","0","0","0","0","GBP","1","5","5","6","Low traffic","5.49","0.0","5.49","0.0","NoRestockExcessActionRequired","0","0.0","0","0","69.33","0.48","0.033542","cubic feet","Standard","0.33542","UK","gl_electronics","695900","98","10","8","21","5.49","4.57","22.85","22.85","28.09","0","0","10","0","0","0.22","0","0","0","0","1","0","","","","","","","","","","","","","246.6","0","","2026-08-09","110.0","246.6","2026-08-10","10","1","0","0","107","N","","",""
"2026-08-13","JM2604005","X002KGGC9X","B0GXPNH5GC","Gold Nail Art Sticker Decals Star Moon Stickers Snake with Design Self Adhesive Nail Decals 5D Embossed with Design Bronzing Manicure DIY Supply Decoration Accessories for Women","New","30","0","0","31","0","0","0","0","0","GBP","0","2","2","4","Low traffic","4.89","0.0","4.89","0.0","Advertise listing","","","0","0","","0.28","0.003531","cubic feet","Standard","0.10593","UK","gl_home","","366","0","60","97","4.89","0.0","8.48","8.48","18.3","20","0","11","0","0","","0","0","0","0","1","0","","","","","","","","","","","","","374.0","0","","2026-08-09","374.0","363.0","2026-08-10","30","0","1","0","366","N","","",""
"2026-08-13","RJM2603064","X002J3SYJX","B0GRGFNLZ8","2pcs Portable Dog Training Clicker Square Pet Behavior Trainer for Dogs Cats Birds Lizards Fish Aid for Indoor Use","New","12","0","0","0","12","0","0","0","0","GBP","1","3","8","9","Low traffic","9.19","0.0","9.19","0.0","NoRestockExcessActionRequired","12","0.0","0","0","0.0","0.53","0.003531","cubic feet","Standard","0.042372","UK","gl_pet_products","83586","105","0","16","17","9.19","7.66","23.14","62.41","70.55","0","0","0","0","0","0.03","0","0","0","0","0","0","","","","","","","","","","","","","176.8","0","","2026-08-09","82.6","176.8","2026-08-10","12","0","0","0","105","N","","",""
"2026-08-13","JM2601038","X002HY5H2V","B0GJF5F7MZ","KSEWJP 1 PCS Chiffon Scarf, Square Red Polka Dot Bandana Head Scarf, Polka Dot Scarf Bandanas for Women, Suitable for Women Girls as Head Scarf Neck Scarf Marriage Valentine Accessory Classic Hair","New","9","0","0","0","9","0","0","0","0","GBP","0","1","3","6","Low traffic","4.09","0.0","4.09","0.0","Advertise listing","0","0.0","0","0","35.67","0.52","0.020932","cubic feet","Apparel","0.188388","UK","gl_apparel","764340","366","29","116","62","4.09","0.0","3.41","10.23","20.7","0","0","0","0","0","0.11","20","0","20","0","0","0","","","","","","","","","","","","","282.0","0","","2026-08-09","282.0","169.0","2026-08-10","29","0","0","0","366","N","","",""
"2026-08-13","JM2601054","X002HZC0LB","B0GJQ3M3SR","Portable Door Lock for Travel & Home Security - Extra Safety Lock for Hotels, Bedrooms, Apartments & Schools - Easy to Install Anti-Theft Device from Inside","New","64","0","0","64","0","0","0","0","0","GBP","3","8","8","17","Low traffic","5.99","0.0","5.99","0.0","NoRestockExcessActionRequired","5","0.0","0","0","145.58","0.59","0.017516","cubic feet","Standard","1.121024","UK","gl_home_improvement","145527","170","0","32","48","5.99","14.97","39.92","39.92","85.32","40","24","0","0","0","0.78","0","0","0","0","0","0","","","","","","","","","","","","","312.2","0","","2026-08-09","312.2","153.1","2026-08-10","64","0","0","0","170","N","","",""
"2026-08-13","JM2601024","X002HXI3KF","B0GJCZ87MJ","2 Pcs Adjustable Backpack Chest Strap Quick Release Back Pack Chest Strap 40 cm Heavy Duty Rucksack Straps with Buckle Replacement Backpack Sternum Straps for Kid and Adult Hiking Jogging Biking Grey","New","14","0","0","16","0","0","0","0","0","GBP","2","4","7","11","Low traffic","4.79","0.0","4.79","0.0","Advertise listing","0","0.0","0","0","65.01","1.22","0.003531","cubic feet","Apparel","0.049434","UK","gl_apparel","112517","221","0","44","52","4.79","7.98","15.96","28.35","44.31","1","15","0","0","0","0.03","30","0","30","0","1","0","","","","","","","","","","","","","135.0","0","","2026-08-09","135.0","66.3","2026-08-10","44","1","0","0","226","N","","",""
"2026-08-13","JM2601034","X002HY11WV","B0GJF8CBYZ","KSEWJP 6 Pieces Stainless Steel Money Clip, Metal Slim Money Clips Portable Silver Cash Clips Sturdy Banknote Clip Wallet Bill Holder for Credit Card Receipts","New","35","0","0","37","0","0","0","0","0","GBP","2","6","14","20","Low traffic","4.49","0.0","4.49","0.0","NoRestockExcessActionRequired","0","3.79","52","0","126.38","0.88","0.003531","cubic feet","Standard","0.123585","UK","gl_luggage","300463","135","0","23","22","4.49","7.48","22.44","52.04","73.75","25","10","2","0","0","0.09","0","0","0","0","1","0","","","","","","","","","","","","","130.6","0","","2026-08-09","130.6","83.2","2026-08-10","35","1","0","0","139","N","","",""
"2026-08-13","Y12609","X00281GD2L","B0DTK885VF","5 PCS Large Pull Bows Wrapping Pull Bow Ribbon，Red Gift Wrap Bows for Gift Wrapping Baskets Wedding or Flower Decorations, Valentine's Day Birthday Gift Decorations","New","37","0","0","40","0","0","0","0","0","GBP","1","3","10","22","Low traffic","8.39","6.99","6.99","0.0","NoRestockExcessActionRequired","9","0.0","0","0","12.7","1.04","0.052344","cubic feet","Standard","1.936728","UK","gl_home","512995","151","0","49","21","6.99","5.82","17.46","58.2","128.04","29","11","0","0","0","1.28","0","0","0","0","1","0","","","","","","","","","","","","","247.7","0","","2026-08-09","247.7","66.1","2026-08-10","37","1","0","0","156","N","","",""
"2026-08-13","JM2603056","X002J3GSJ1","B0GRG8317B","Funny Cable Storage Bag for Tech Accessories Plugs Charging Cables Organiser Pouch for Women Men Funny Tech Gifts for Best Friend Canvas Electronics Storage Pouch for Travel Home","New","28","0","0","0","28","0","0","0","0","GBP","0","0","0","1","Low traffic","5.59","0.0","5.59","0.0","Advertise listing","0","4.47","9","0","65.73","0.03","0.003531","cubic feet","Standard","0.098868","UK","gl_luggage","280837","366","28","","364","6.59","0.0","0.0","0.0","5.64","0","0","0","0","0","0.07","0","0","0","0","0","0","","","","","","","","","","","","","","0","","","","2569.0","2026-08-10","28","0","0","0","366","N","","",""
"2026-08-13","Y12684","X00282C6HV","B0DTP7P791","Pastry Piping Bags Anti Burst - Extra Thick 100 Pack Cake Decorating Bags, Disposable Icing Bags for Cakes, Cupcakes, Cookies & Frosting - Professional Baking Tools for Bakers (29cm, Thickened)","New","27","0","0","15","12","0","0","0","0","GBP","0","2","2","3","Low traffic","6.79","0.0","6.79","0.0","NoRestockExcessActionRequired","0","0.0","0","0","140.94","0.17","0.022601","cubic feet","Standard","0.610227","UK","gl_kitchen","651815","366","27","54","117","6.79","0.0","11.32","11.32","17.81","15","0","0","0","0","0.42","0","0","0","0","0","0","","","","","","","","","","","","","411.5","0","","2026-08-09","389.0","411.5","2026-08-10","27","0","0","0","366","N","","",""
"2026-08-13","RPAJM081","X002HON3E5","B0GGV53HJB","Chill Pill Hair Claw Clip, 15mg Pink Capsule Acetate Hair Claw Clip for Women, Fun Relaxation & Pharmacy Theme Hair Accessory, Cute Novelty Gift for Pharmacists, Nurses, Students","New","35","0","0","36","0","0","0","0","0","GBP","1","4","6","14","Low traffic","6.09","0.0","6.09","0.0","NoRestockExcessActionRequired","0","4.9","52","0","163.18","0.55","0.003531","cubic feet","Standard","0.123585","UK","gl_beauty","127076","174","0","35","32","6.09","5.07","20.28","30.42","70.34","25","11","0","0","0","0.09","0","0","0","0","1","0","","","","","","","","","","","","","279.3","0","","2026-08-09","279.3","117.8","2026-08-10","35","1","0","0","180","N","","",""
"2026-08-13","Y1276","X00275R769","B0DQSMKK4Z","Metal Curtain Rail Rings with Eyelets, 20 Pack 45mm Large Silver Heavy-duty Round Decorative Drapery Pole Rod Hanging Rings","New","56","0","0","33","24","0","0","0","0","GBP","5","6","13","14","Low traffic","7.09","0.0","7.09","0.0","NoRestockExcessActionRequired","55","0.0","0","0","0.0","0.32","0.005085","cubic feet","Standard","0.28476","UK","gl_home","371912","232","0","37","52","7.09","29.55","35.46","79.14","85.55","30","2","1","0","0","0.18","0","0","0","0","0","0","","","","","","","","","","","","","210.7","0","","2026-08-09","206.0","210.7","2026-08-10","56","0","0","0","232","N","","",""
"2026-08-13","RJM2603106","X002JDELBX","B0GSQRG3X5","Professional Hard Carbon Anti-Static Hair Cutting Comb – Flat Head Salon Styling & Sectioning Comb, Black – Pack of 2","New","26","0","0","0","27","0","0","0","0","GBP","1","2","2","3","Low traffic","5.48","0.0","5.48","0.0","Advertise listing","","","0","0","","0.1","0.003531","cubic feet","Standard","0.091806","UK","gl_beauty","93872","366","0","52","112","5.68","4.73","9.63","9.63","15.45","0","0","0","0","0","","0","0","0","0","0","0","","","","","","","","","","","","","1298.5","0","","2026-08-09","847.0","1298.5","2026-08-10","26","0","0","0","366","N","","",""
"2026-08-13","RPAJM235","X002I8YQ6J","B0GL17KM69","Nail Cleaning Brush, Plastic Handle Scrubbing Brush with Soft Bristles for Hand Toes Nail Home Garden Salon Use","New","15","0","0","10","5","0","0","0","0","GBP","0","0","1","3","Low traffic","5.69","0.0","5.69","0.0","Advertise listing","0","0.0","0","0","79.34","0.35","0.003531","cubic feet","Standard","0.052965","UK","gl_beauty","426613","366","15","","65","5.69","0.0","0.0","4.91","15.39","0","10","0","0","0","0.04","0","0","0","0","1","0","","","","","","","","","","","","","","0","","","","235.5","2026-08-10","15","1","0","0","366","N","","",""
"2026-08-13","Y12726","X00281D3GP","B0DTK6DRYV","Generic Kabuki Foundation Brush - Flat Top Makeup Brush - Perfect for Blending Liquid, Tanning, Cream or Powder Cosmetics - Buffing, Stippling, Concealer (Pink)","New","23","0","0","20","6","0","0","0","0","GBP","1","5","5","6","Low traffic","4.59","0.0","4.59","0.0","NoRestockExcessActionRequired","0","0.0","0","0","83.79","0.39","0.002006","cubic feet","Standard","0.046138","UK","gl_beauty","109686","107","23","18","49","4.59","3.82","19.1","19.1","23.17","20","0","0","0","0","0.03","0","0","0","0","3","0","","","","","","","","","","","","","245.2","0","","2026-08-09","195.8","245.2","2026-08-10","23","0","3","0","117","N","","",""
"2026-08-13","JM2603009","X002J3K8BZ","B0GRFW44P5","4-Pack Self-Adhesive Power Strip Holders - No-Drill Wall Mount Fixators with Easy Install Sliding Design - for Home, Office, Kitchen - Secure Cable Management Solution","New","25","0","0","15","11","0","0","0","0","GBP","3","4","4","4","Low traffic","4.19","0.0","4.19","0.0","Advertise listing","0","0.0","0","0","54.64","0.16","0.003531","cubic feet","Standard","0.088275","UK","gl_electronics","126777","140","25","25","81","4.19","10.47","13.96","13.96","13.96","0","0","15","0","0","0.06","0","0","0","0","1","0","","","","","","","","","","","","","1289.0","0","","2026-08-09","444.5","1289.0","2026-08-10","25","1","0","0","148","N","","",""
"2026-08-13","RJM2603074","X002J3OEVZ","B0GRH1DNH5","Toilet Seat Hinge Covers, 45mm Dia Plastic Caps, Easy Snap-On Installation for a Clean Look, Rust-Proof Decorative Lids for Toilet Base and Pan Screws (2-Pack)","New","41","0","0","33","9","0","0","0","0","GBP","2","4","7","13","Low traffic","5.19","0.0","5.19","0.0","NoRestockExcessActionRequired","41","0.0","0","0","0.0","0.38","0.003531","cubic feet","Standard","0.144771","UK","gl_home_improvement","187648","249","0","41","41","5.19","8.64","17.28","31.26","59.74","0","31","2","0","0","0.09","0","0","0","0","0","0","","","","","","","","","","","","","679.5","0","","2026-08-09","679.5","268.4","2026-08-10","41","0","0","0","249","N","","",""
"2026-08-13","JM2603103","X002JDHCV9","B0GSQXT37Z","3 Pcs Hair Clips, Barrette Clip Champagne Pearl Small Clips Slides Elegant Cute Hairpin for Women Thick Fine Hair Barrettes","New","15","0","0","0","15","0","0","0","0","GBP","2","8","11","13","Low traffic","6.39","0.0","6.39","0.0","NoRestockExcessActionRequired","0","0.0","0","0","35.18","0.51","0.003531","cubic feet","Standard","0.052965","UK","gl_beauty","151318","251","45","22","45","6.39","10.64","43.24","59.71","71.64","0","0","0","0","0","0.04","30","0","30","0","0","0","","","","","","","","","","","","","168.4","0","","2026-08-09","65.3","168.4","2026-08-10","45","0","0","0","251","N","","",""
"2026-08-13","Y501113","X00281C77V","B0DTK5CW17","Ultra Soft Leather Heel Grips | Shoes Too Big | Eliminates Slipping and Rubbing | Prevent Blisters - Skin Irritation/Soreness | Odor Resistant | Foot Care (Suede Leather (2PAIR))","New","34","0","0","35","0","0","0","0","0","GBP","2","5","14","25","Low traffic","4.49","0.0","4.49","0.0","NoRestockExcessActionRequired","34","0.0","0","0","0.0","0.95","0.005933","cubic feet","Standard","0.201722","UK","gl_drugstore","92329","153","0","27","17","4.49","7.48","18.87","53.97","95.11","0","35","0","0","0","0.12","0","0","0","0","0","0","","","","","","","","","","","","","231.4","0","","2026-08-09","231.4","80.0","2026-08-10","34","0","0","0","153","N","","",""
"2026-08-13","RJM2603104","X002JDF9EL","B0GSR41JXD","Head Lice Comb, Brush Long Pin Comb for Head Lice Treatment, Nit Free Comb (Blue)","New","26","0","0","0","26","0","0","0","0","GBP","0","3","3","4","Low traffic","3.89","0.0","3.89","0.0","Advertise listing","0","0.0","0","0","59.48","0.14","0.003531","cubic feet","Standard","0.091806","UK","gl_beauty","185997","366","26","34","84","3.89","0.0","9.72","9.72","13.38","0","0","0","0","0","0.06","0","0","0","0","0","0","","","","","","","","","","","","","653.3","0","","2026-08-09","282.7","653.3","2026-08-10","26","0","0","0","366","N","","",""
"2026-08-13","JM2603043","X002J3XV1J","B0GRGR2QWK","4Pcs Non-Slip Banana Hair Clips for Fine Hair - Strong Grip Double Comb Clips for Women & Girls, Thick Hair Friendly Hair Accessories, Perfect for Everyday & Wedding Styles","New","67","0","0","67","0","0","0","0","0","GBP","1","3","17","26","Low traffic","6.29","0.0","6.29","0.0","NoRestockExcessActionRequired","0","0.0","0","0","279.64","0.76","0.003531","cubic feet","Standard","0.236577","UK","gl_beauty","154386","306","0","89","33","6.29","5.24","15.89","95.35","146.11","41","26","0","0","0","0.16","0","0","0","0","0","0","","","","","","","","","","","","","465.3","0","","2026-08-09","465.3","80.9","2026-08-10","67","0","0","0","306","N","","",""
"2026-08-13","Y11302","X00275Q1Y3","B0DQTY7Z7S","Stainless Steel Kitchen Sink Strainer Plug, Standard Strainer Drain Protector Hair/Food Catcher for Bathroom, Kitchen, Shower （Pack of 4)","New","33","1","0","34","0","0","0","0","0","GBP","1","3","5","25","Low traffic","4.19","0.0","4.19","0.0","NoRestockExcessActionRequired","0","0.0","0","0","129.14","1.37","0.006591","cubic feet","Standard","0.217503","UK","gl_home","516813","323","0","44","17","4.19","3.49","10.47","17.45","82.19","20","14","0","0","0","0.16","0","0","0","0","1","0","","","","","","","","","","","","","200.0","0","","2026-08-09","200.0","57.0","2026-08-10","34","0","1","0","334","N","","",""
"2026-08-13","RPAJM208","X002I9V2GP","B0GL4JLQHN","53.5mm Puck Screen 1.2mm, 304 Stainless Steel for Sage 54mm Portafilter, with Acrylic Storage Box","New","8","0","0","0","8","0","0","0","0","GBP","0","1","1","1","Low traffic","7.59","0.0","7.59","0.0","Advertise listing","0","0.0","0","0","52.16","0.11","0.003531","cubic feet","Standard","0.028248","UK","gl_kitchen","1248987","366","38","152","494","7.79","0.0","6.49","6.49","6.49","0","0","0","0","0","0.02","30","0","30","0","0","0","","","","","","","","","","","","","792.0","0","","2026-08-09","252.0","792.0","2026-08-10","38","0","0","0","366","N","","",""
"2026-08-13","Y1202","X00276VKU7","B0DQWWMLWH","FF34 10Pcs 4 inch 10cm Extra Large Safety Pins Metal Heavy Duty Blanket Pins for Jewelry Crafts (Black)","New","33","0","0","33","0","0","0","0","0","GBP","2","7","15","24","Low traffic","5.19","0.0","5.19","0.0","NoRestockExcessActionRequired","33","0.0","0","0","0.0","1.37","7.77E-4","cubic feet","Standard","0.025641","UK","gl_home","267982","137","0","18","17","5.19","8.64","30.24","61.24","96.64","30","3","0","0","0","0.02","0","0","0","0","1","0","","","","","","","","","","","","","56.2","0","","2026-08-09","56.2","46.2","2026-08-10","33","1","0","0","142","N","","",""
"2026-08-13","RPAJM227","X002I8Y2EZ","B0GL23GF39","Lip Balm Holder Keychain for Lipstick, Lip Balm Keychain Holder with Clip","New","15","0","0","10","5","0","0","0","0","GBP","0","3","3","3","Low traffic","4.29","0.0","4.29","0.0","Advertise listing","0","0.0","0","0","64.69","0.2","0.003531","cubic feet","Apparel","0.052965","UK","gl_apparel","909424","366","45","60","195","4.29","0.0","11.22","11.22","11.22","0","0","10","0","0","0.03","30","0","30","0","0","0","","","","","","","","","","","","","453.7","0","","2026-08-09","157.0","453.7","2026-08-10","45","0","0","0","366","N","","",""
"2026-08-13","Y12110","X00275793Z","B0DQPZCDF5","Foundation Brush - Premium Makeup Brush for Liquid Foundation, Cream, and Powder - Buffing, Blending Brush, Face Brush","New","26","0","0","20","6","0","0","0","0","GBP","4","4","10","15","Low traffic","4.09","0.0","4.09","0.0","NoRestockExcessActionRequired","26","0.0","0","0","0.37","0.64","0.002709","cubic feet","Standard","0.070434","UK","gl_beauty","85013","137","0","26","22","4.09","13.64","13.64","34.1","51.15","0","20","0","0","0","0.05","0","0","0","0","0","0","","","","","","","","","","","","","450.0","0","","2026-08-09","450.0","188.6","2026-08-10","26","0","0","0","137","N","","",""
"2026-08-13","RPAJM079","X002HR8J41","B0GHFGYWF2","KSEWJP 10pcs Paint Marker Replacement Nibs Acrylic Paint Marker Nibs, White Nylon Refill Painting Pen Tip Points for Students Artists","New","23","0","0","21","2","0","0","0","0","GBP","1","3","5","11","Low traffic","4.29","0.0","4.29","0.0","NoRestockExcessActionRequired","0","3.31","52","0","76.68","0.61","0.003531","cubic feet","Standard","0.081213","UK","gl_office_product","1006275","148","23","30","27","4.29","3.57","10.71","17.85","38.04","1","20","0","0","0","0.06","0","0","0","0","0","0","","","","","","","","","","","","","377.0","0","","2026-08-09","377.0","186.9","2026-08-10","23","0","0","0","148","N","","",""
"2026-08-13","RJM2603081","X002J3LR1P","B0GRDZ8J4N","2-Pack Texture Comb and Wide Tooth Comb for Volumizing Hair Styling, Lightweight Grey and Black Combs Set for Men and Women, Root Lift Tool with Smooth Textured Design and Grooming Accessory","New","27","0","0","0","28","0","0","0","0","GBP","0","0","0","0","Low traffic","4.79","0.0","4.79","0.0","Advertise listing","0","0.0","0","0","236.74","0.0","0.041715","cubic feet","Standard","1.126305","UK","gl_beauty","614831","366","27","","","4.99","0.0","0.0","0.0","0.0","0","0","0","0","0","0.78","0","0","0","0","1","0","","","","","","","","","","","","","","0","","","","","2026-08-10","27","1","0","0","366","N","","",""
"2026-08-13","RPAJM192","X002I9N8AX","B0GL7BQR51","10 PCS Self Adhesive Hooks, Transparent Reusable Non-Marking Plastic Stick on Hooks for Bathroom, Kitchen and Door","New","16","0","0","15","5","0","0","0","0","GBP","0","0","0","2","Low traffic","4.09","0.0","4.09","0.0","Advertise listing","0","0.0","0","0","58.47","0.1","0.003531","cubic feet","Standard","0.056496","UK","gl_home_improvement","777940","366","16","","104","4.39","0.0","0.0","0.0","7.32","0","0","15","0","0","0.04","0","0","0","0","4","0","","","","","","","","","","","","","","0","","","","905.5","2026-08-10","16","4","0","0","366","N","","",""
"2026-08-13","Y1219","X002756ULR","B0DQPW2LF4","Premium Hair Comb - Shatterproof Premium Carbon Comb for Hair & Beard - Developed by Barbers - 18 cm Antistatic Mens Comb Barber Comb Double-Sided - Styling Haircomb for Men and Women","New","29","0","0","30","0","0","0","0","0","GBP","1","8","18","25","Low traffic","3.29","3.29","3.29","0.0","NoRestockExcessActionRequired","0","0.0","0","0","98.55","1.19","4.9E-4","cubic feet","Standard","0.01421","UK","gl_beauty","175280","236","0","24","25","3.29","2.74","21.92","49.32","68.5","30","0","0","0","0","0.01","20","0","20","0","1","0","","","","","","","","","","","","","92.6","0","","2026-08-09","92.6","68.8","2026-08-10","49","1","0","0","241","N","","",""
"2026-08-13","JM2601030","X002HY7GR5","B0GJDMDPRH","6 Piece Lampshade Reducer Ring E27 Screw Collar Ring, E27 Lamp Shade Adaptor Rings Light Shade Reducer Rings, Lampshade Converter for Ceiling Lights White Small Screw Lamp Shades White","New","33","0","0","33","0","0","0","0","0","GBP","0","5","7","19","Low traffic","4.19","0.0","4.19","0.0","NoRestockExcessActionRequired","33","0.0","0","0","0.0","1.01","0.014536","cubic feet","Standard","0.479688","UK","gl_home_improvement","31771","94","0","26","22","4.19","0.0","17.45","24.43","66.31","14","19","0","0","0","0.28","0","0","0","0","0","0","","","","","","","","","","","","","215.2","0","","2026-08-09","215.2","84.4","2026-08-10","33","0","0","0","94","N","","",""
"2026-08-13","SD25008118","X002E02WT9","B0FNRFT8Y2","Glitter Icicle Decorations Christmas Tree Trims Gold Icicles For Christmas Tree (Red)","New","1","0","0","1","0","0","0","0","0","GBP","0","0","0","0","Low traffic","3.39","0.0","3.39","0.0","Advertise listing","0","0.0","0","0","4.36","0.0","3.5E-5","cubic feet","Standard","3.5E-5","UK","gl_home","724736","62","0","","","3.39","0.0","0.0","0.0","0.0","1","0","0","0","0","0.0","0","0","0","0","0","0","","","","","","","","","","","","","","3","2026-08-08","","","","2026-08-10","1","0","0","0","62","N","","",""
"2026-08-13","Y12108","X002757QAB","B0DQPVWJS4","Plastic Serrated Cake Knife Salad Lettuce Knife Bread Pie Pastry Cutter Server Leveller Kitchen Baking Tool （2 Pieces）","New","89","0","0","89","0","0","0","0","0","GBP","2","3","18","36","Low traffic","6.39","0.0","6.39","0.0","NoRestockExcessActionRequired","89","0.0","0","0","0.0","0.99","0.02174","cubic feet","Standard","1.93486","UK","gl_kitchen","382688","257","0","118","32","6.39","10.64","16.13","98.48","197.3","80","9","0","0","0","1.26","0","0","0","0","0","0","","","","","","","","","","","","","375.0","0","","2026-08-09","375.0","80.1","2026-08-10","89","0","0","0","257","N","","",""
"2026-08-13","JM2601055","X002HZBYEP","B0GJQKVZP9","KSEWJP Silver Inspirational Keychain, Engraved Motivational Key Ring, Birthday Graduation Friendship Gift for Men Women Family Friends","","0","0","0","0","1","0","0","0","0","GBP","","","","","","0.0","0.0","0.0","0.0","NoRestockExcessActionRequired","","","0","0","","0.0","0.003531","cubic feet","Apparel","0.0","UK","gl_apparel","","","0","","","3.19","","","","","0","0","0","0","0","","0","0","0","0","0","0","","","","","","","","","","","","","","0","","","","","2026-08-10","0","0","0","0","","N","","",""
"2026-08-13","JM2603036","X002J40JL3","B0GRH12RNX","Motorcycle Fuel Tank Protection Pad, 3D Fuel Tank Anti Slip And Wear-resistant Pad, Suitable For Motorcycle Protection Accessories For Male And Female Riders","New","24","0","0","1","23","0","0","0","0","GBP","0","1","3","6","Low traffic","6.39","0.0","6.39","0.0","Advertise listing","0","0.0","0","0","138.21","0.23","0.009472","cubic feet","Standard","0.227328","UK","gl_biss","172403","366","24","96","52","6.39","0.0","5.32","17.13","35.1","0","1","0","0","0","0.16","0","0","0","0","0","0","","","","","","","","","","","","","744.0","0","","2026-08-09","744.0","390.0","2026-08-10","24","0","0","0","366","N","","",""
"2026-08-13","RPAJM200","X002I9XCFT","B0GL6KQVV6","2 Pieces Stainless Steel Fishing Unhooking Disgorger Portable Fishing Hook Remover Unhook Extractor Supplies","New","25","0","0","25","0","0","0","0","0","GBP","4","8","9","16","Low traffic","4.29","0.0","4.29","0.0","NoRestockExcessActionRequired","0","0.0","0","0","90.91","0.88","0.003531","cubic feet","Standard","0.088275","UK","gl_sports","72129","227","0","12","20","4.29","14.28","28.56","32.3","58.48","0","25","0","0","0","0.06","0","0","0","0","0","0","","","","","","","","","","","","","152.3","0","","2026-08-09","152.3","104.5","2026-08-10","25","0","0","0","227","N","","",""
"2026-08-13","Y12111","X002757LKL","B0DQPZR3PL","Facial Mask Brush Makeup Brushes Cosmetic Tools with Clear Plastic Handle, 5 Pack (golden)","New","95","0","0","97","0","0","0","0","0","GBP","3","12","22","53","Low traffic","5.49","0.0","5.49","0.0","NoRestockExcessActionRequired","95","0.0","0","0","0.0","0.87","0.004746","cubic feet","Standard","0.45087","UK","gl_beauty","97896","218","0","31","23","5.49","13.71","54.84","100.54","240.45","31","66","0","0","0","0.3","0","0","0","0","2","0","","","","","","","","","","","","","240.7","0","","2026-08-09","240.7","80.1","2026-08-10","95","2","0","0","223","N","","",""
"2026-08-13","JM2601012","X002HWQF7T","B0GJ99VL5C","60 Pcs Curtain Track Gliders Hooks, White Curtain Glider, Runners Eyes Hooks, Rod Slides Rollers, for Window, Door, Shower, Campervan, White","New","44","1","0","47","0","0","0","0","0","GBP","5","18","26","54","Low traffic","4.39","0.0","4.39","0.0","NoRestockExcessActionRequired","1","3.89","9","0","88.93","2.27","0.005907","cubic feet","Standard","0.259908","UK","gl_home","263561","49","0","9","10","4.39","18.3","65.88","94.98","189.4","47","0","0","0","0","0.19","0","0","0","0","3","0","","","","","","","","","","","","","87.9","38","2026-08-14","2026-08-09","87.9","41.2","2026-08-10","45","2","1","0","52","N","","",""
"2026-08-13","JM2603074","X002JEJ7BV","B0GSVWGDHQ","Eyelash Comb Separator Mascara Applicator Eyelash Definer With Comb Cover Arc Designed Cosmetic Brushes Tool Black","New","24","0","0","0","26","0","0","0","0","GBP","1","2","2","4","Low traffic","5.59","0.0","5.59","0.0","Advertise listing","0","0.0","0","0","55.88","0.14","0.003531","cubic feet","","0.084744","UK","gl_beauty","114416","331","24","48","78","5.59","4.66","9.48","9.48","21.12","0","0","0","0","0","0.06","0","0","0","0","2","0","","","","","","","","","","","","","835.7","0","","2026-08-09","824.0","835.7","2026-08-10","24","2","0","0","366","N","","",""
"2026-08-13","Y1217","X00275RM5Z","B0DQSMJPD4","Tape Measure for Body - 2 Pack (1.5M) Double Scale Sewing Measuring Tape for Tailors - Portable Fabric Tape Measure in Yellow","New","36","0","0","39","0","0","0","0","0","GBP","2","4","5","16","Low traffic","4.29","0.0","4.29","0.0","NoRestockExcessActionRequired","0","3.66","52","0","187.95","0.82","0.007063","cubic feet","Standard","0.254268","UK","gl_biss","589565","366","0","36","29","4.29","7.14","14.28","17.77","54.29","20","19","0","0","0","0.18","0","0","0","0","3","0","","","","","","","","","","","","","232.3","0","","2026-08-09","232.3","138.3","2026-08-10","36","3","0","0","366","N","","",""
"2026-08-13","JM2603051","X002J3T771","B0GRGGSPFY","Dish Brush Kitchen Cleaning Brush Bottle Brush Bathroom Scrub Brushes Sink Household Pot Pan Edge Corners Tile Lines Brush With Stiff Bristles","New","24","0","0","0","25","0","0","0","0","GBP","0","0","1","3","Low traffic","6.09","0.0","6.09","0.0","Advertise listing","0","0.0","0","0","164.85","0.12","0.035315","cubic feet","Standard","0.84756","UK","gl_home","280542","366","24","","104","6.09","0.0","0.0","5.24","15.72","0","0","0","0","0","0.59","0","0","0","0","1","0","","","","","","","","","","","","","","0","","","","577.8","2026-08-10","24","1","0","0","366","N","","",""
"2026-08-13","RPAJM069","X002HR5QY7","B0GHDSS7XD","4Pcs Colourful Simulation Mini Folding Back Small Chair Model,Miniature Plastic Furniture Accessories Scene Props for Micro Landscape Dollhouse Furniture Mini Chair (1/12)","New","53","0","0","43","10","0","0","0","0","GBP","1","5","8","10","Low traffic","5.79","0.0","5.79","0.0","Advertise listing","53","0.0","0","0","0.01","0.31","0.01358","cubic feet","Standard","0.71974","UK","gl_toy","209659","200","0","42","68","5.79","4.82","24.1","38.73","48.92","32","1","10","0","0","0.48","0","0","0","0","0","0","","","","","","","","","","","","","269.8","0","","2026-08-09","244.4","269.8","2026-08-10","53","0","0","0","200","N","","",""
"2026-08-13","RPAJM185","X002IA1ODF","B0GL7MZ3NJ","2pcs Hood Bonnet Rod Support Prop Clip Stay Clamp Holder Compatible with C2 C3 C4 C5 106 206 306 3008 407 Partner B9 792834 7928.34","New","20","0","0","20","0","0","0","0","0","GBP","0","4","11","18","Low traffic","3.99","0.0","3.99","0.0","NoRestockExcessActionRequired","0","0.0","0","0","73.37","1.03","0.003531","cubic feet","Standard","0.07062","UK","gl_biss","162645","298","0","50","36","3.99","0.0","13.96","39.42","64.48","0","20","0","0","0","0.05","30","0","30","0","0","0","","","","","","","","","","","","","164.3","0","","2026-08-09","164.3","86.8","2026-08-10","50","0","0","0","298","N","","",""
"2026-08-13","RPAJM115","X002I8JZPL","B0GKXXK1KP","Chewing Gum Box Tinplate Storage Box with Lid Rectangular Empty Flip for Case Organizer Container for Storing Nail Beads Manicu","New","3","0","0","0","3","0","0","0","0","GBP","1","2","6","6","Low traffic","3.69","0.0","3.69","0.0","NoRestockExcessActionRequired","0","0.0","0","0","16.96","0.92","0.003531","cubic feet","Standard","0.010593","UK","gl_home","481844","252","23","46","49","3.69","3.07","6.14","18.51","18.51","0","0","0","0","0","0.01","20","0","20","0","0","0","","","","","","","","","","","","","102.7","0","","2026-08-09","61.5","102.7","2026-08-10","23","0","0","0","252","N","","",""
"2026-08-13","QL-495W-961V","X002IABRLT","B0GL8K7GPM","Shower Head Holder,ABS Shower Head Holder Replacement for 25mm Slide Rod,Adjustable Shower Holder Bracket,for Bathroom,Chrome Plated","New","26","0","0","26","0","0","0","0","0","GBP","0","3","7","9","Low traffic","7.39","0.0","7.39","0.0","NoRestockExcessActionRequired","0","0.0","0","0","192.45","0.47","0.003531","cubic feet","Standard","0.091806","UK","gl_home_improvement","358584","229","0","34","37","7.39","0.0","18.96","44.24","56.98","2","16","8","0","0","0.06","0","0","0","0","0","0","","","","","","","","","","","","","260.0","0","","2026-08-09","260.0","144.8","2026-08-10","26","0","0","0","229","N","","",""
"2026-08-13","Y12688","X0028298XV","B0DTPDLHB1","Gingerbread Man Cookie Cutter 3 Piece - Biscuit Pastry Cutters Stainless Steel 12.5cm, 10cm & 8cm – New Ginger Bread Man Cookie Cutters x3 Various Sizes","New","29","0","0","20","9","0","0","0","0","GBP","1","7","11","15","Low traffic","5.29","0.0","5.29","0.0","NoRestockExcessActionRequired","29","0.0","0","0","0.0","0.47","0.006357","cubic feet","Standard","0.184353","UK","gl_kitchen","446673","184","0","33","51","5.29","4.41","29.85","47.49","65.13","0","20","0","0","0","0.12","30","0","30","0","0","0","","","","","","","","","","","","","168.6","0","","2026-08-09","138.0","168.6","2026-08-10","59","0","0","0","184","N","","",""
"2026-08-13","RJM2603114","X002JDFO7X","B0GSRFJKR7","24PCS Almond False Nails, White Pearl French Tip with Gold Bow, Short Press-On Nails in 12 Sizes, Full Cover Ballerina Acrylic Nail Kit with Nail File & Jelly Gel","New","27","0","0","0","27","0","0","0","0","GBP","0","2","3","3","Low traffic","3.99","0.0","3.99","0.0","Advertise listing","0","0.0","0","0","61.54","0.1","0.003531","cubic feet","Standard","0.095337","UK","gl_beauty","221948","366","27","54","117","3.99","0.0","6.64","10.05","10.05","0","0","0","0","0","0.07","0","0","0","0","0","0","","","","","","","","","","","","","875.7","0","","2026-08-09","426.0","875.7","2026-08-10","27","0","0","0","366","N","","",""
"2026-08-13","RJM2603100","X002JD7GM9","B0GSQWTC6N","Hair Comb, Carbon Fibre Comb with Tail Professional Haircut for Salon Hairdressing (Black, 1 Pcs)","New","27","0","0","0","31","0","0","0","0","GBP","","","","","Low traffic","3.59","0.0","3.59","0.0","Advertise listing","0","0.0","0","0","61.77","0.0","0.003531","cubic feet","Standard","0.095337","UK","gl_beauty","","","27","","","3.59","","","","","0","0","0","0","0","0.07","0","0","0","0","4","0","","","","","","","","","","","","","","0","","","","","2026-08-10","27","4","0","0","","N","","",""
"2026-08-13","Y12116","X00276QJBR","B0DQWXR5PN","Generic 8pcs Bamboo Tongs, Toaster Tongs for Cooking Toast Bread Pickles Tea, Wood","New","2","0","0","1","0","0","0","0","0","GBP","0","0","0","0","Low traffic","4.79","3.84","3.84","0.0","Advertise listing","0","0.0","0","0","9.18","0.0","0.009535","cubic feet","Standard","0.01907","UK","gl_kitchen","1368323","366","0","","","3.84","0.0","0.0","0.0","0.0","1","0","0","0","0","0.01","0","0","0","0","0","0","","","","","","","","","","","","","","0","","","","","2026-08-10","2","0","0","0","366","N","","",""
"2026-08-13","JM2603003","X002J3G25V","B0GRDZ8KK7","Card Vault - Police Accredited RFID Blocking Credit Card Holder - Slim Metal Pop-Up Wallet with Cash Pouch - Solid Aluminium Design","New","26","0","0","0","27","0","0","0","0","GBP","0","0","0","2","Low traffic","4.89","0.0","4.89","0.0","Advertise listing","0","0.0","0","0","147.12","0.07","0.003531","cubic feet","Standard","0.091806","UK","gl_luggage","1768580","366","26","","169","5.09","0.0","0.0","0.0","11.98","0","0","0","0","0","0.06","0","0","0","0","1","0","","","","","","","","","","","","","","0","","","","1225.0","2026-08-10","26","1","0","0","366","N","","",""
"2026-08-13","Y12671","X00281F6ER","B0DTK8VGZ5","5 PCS Large Pull Bows Wrapping Pull Bow Ribbon，Blue Gift Wrap Bows for Gift Wrapping Baskets Wedding or Flower Decorations, Valentine's Day Birthday Gift Decorations","New","43","0","0","44","0","0","0","0","0","GBP","6","17","35","45","Low traffic","5.59","0.0","5.59","0.0","NoRestockExcessActionRequired","43","0.0","0","0","1.65","1.5","0.00565","cubic feet","Standard","0.24295","UK","gl_home","201459","173","0","17","21","5.59","27.96","79.22","163.42","212.13","44","0","0","0","0","0.16","30","0","30","0","1","0","","","","","","","","","","","","","65.7","0","","2026-08-09","65.7","53.6","2026-08-10","73","1","0","0","176","N","","",""
"2026-08-13","Y1270","X00275R83B","B0DQSCBM5H","Sink Plug，Universal Bathroom Pop Up Wash Basin Plug Replacement Stainless Steel Strainer，pop up Sink Plugs ，34mm-42mm Drain Stoppers，for Bath，Wash Basin (34mm-42mm)","New","17","0","0","16","3","0","0","0","0","GBP","0","5","5","8","Low traffic","5.49","0.0","5.49","0.0","CreateShippingPlan","17","0.0","0","0","0.0","0.4","0.011002","cubic feet","Standard","0.187034","UK","gl_home","635013","85","0","13","27","5.49","0.0","22.85","22.85","36.83","0","0","16","0","0","0.12","0","0","0","0","0","0","","","","","","","","","","","","","232.6","0","","2026-08-09","130.0","232.6","2026-08-10","17","0","0","0","85","N","","",""
"2026-08-13","JM2601049","X002HYMN1J","B0GJLGJB1D","Medicine Travel Toiletry Bag for Women Men,Canvas Cosmetic Bag, Zipper Canvas Bag, Pen Case,Funny Medicine Organiser Pouch Travel Medical Kit,Med Organiser Pouch with Zipper","New","19","0","0","20","0","0","0","0","0","GBP","4","11","21","35","Low traffic","4.59","0.0","4.59","0.0","NoRestockExcessActionRequired","19","0.0","0","0","0.0","2.59","0.010065","cubic feet","Standard","0.191235","UK","gl_luggage","186572","98","0","14","14","4.59","15.28","42.02","80.22","130.72","0","20","0","0","0","0.11","20","0","20","0","0","0","","","","","","","","","","","","","84.8","0","","2026-08-09","84.8","41.5","2026-08-10","39","0","0","0","98","N","","",""
"2026-08-13","Y12700","X002829GFB","B0DTPR35HL","Spiral Hair Ties, 12pcs Clear Plastic Hair Coil Bands, Spiral Ponytail Holder Phone Cord Bobbles Bands Set for Women Girls Hair Accessories","New","30","0","0","31","0","0","0","0","0","GBP","5","13","28","44","Low traffic","5.39","0.0","5.39","0.0","NoRestockExcessActionRequired","30","0.0","0","0","0.0","2.23","0.013705","cubic feet","Standard","0.41115","UK","gl_beauty","72309","148","0","18","17","5.39","22.45","58.37","123.15","180.01","30","1","0","0","0","0.25","30","0","30","0","0","0","","","","","","","","","","","","","66.5","0","","2026-08-09","66.5","35.2","2026-08-10","60","0","0","0","148","N","","",""
"2026-08-13","JM2603024","X002J3HSY5","B0GRH1JPR6","2Pcs Fish for Tank Mounting Clip Water Pipe Hose Holder Multifunction Clamp for 0.31""""-0.62"""" Dia Tub Tube Holder, Aquarium Air Pump Accessories Aquarium Pumps and Filters (Black)","New","30","0","0","16","15","0","0","0","0","GBP","0","2","6","11","Low traffic","5.29","0.0","5.29","0.0","NoRestockExcessActionRequired","0","0.0","0","0","136.83","0.4","0.003531","cubic feet","Standard","0.10593","UK","gl_home_improvement","475063","250","30","60","35","5.29","0.0","9.48","28.78","53.33","15","1","0","0","0","0.07","0","0","0","0","1","0","","","","","","","","","","","","","306.0","0","","2026-08-09","306.0","203.1","2026-08-10","30","1","0","0","258","N","","",""
"2026-08-13","JM2603075","X002JEHATH","B0GSVY8YBK","KSEWJP Blue Light Womens, Oversized Square Blue Light Glasses for Women, Brown Tortoiseshell Reading, Computer Glasses Thick Frame Anti Eyestrain Headache For Reading, Texting & Gaming","New","28","0","0","0","28","0","0","0","0","GBP","0","0","2","2","Low traffic","4.99","0.0","4.99","0.0","Advertise listing","0","0.0","0","0","54.7","0.07","0.003531","cubic feet","Apparel","0.098868","UK","gl_apparel","355350","366","28","","182","4.99","0.0","0.0","9.98","9.98","0","0","0","0","0","0.05","0","0","0","0","0","0","","","","","","","","","","","","","","0","","","","1294.5","2026-08-10","28","0","0","0","366","N","","",""
"2026-08-13","Y12475","X0027E1QG7","B0DRT67D5W","Signature Slip Lead - 1.25m Lightweight Training Lead for Dogs, No Collar or Harness Needed (Black)","New","69","0","0","77","0","0","0","0","0","GBP","9","20","33","59","Low traffic","6.99","0.0","6.99","0.0","NoRestockExcessActionRequired","69","0.0","0","0","0.0","1.53","0.003531","cubic feet","Standard","0.243639","UK","gl_pet_products","18828","91","0","13","15","6.99","52.38","116.4","192.06","345.8","70","7","0","0","0","0.15","0","0","0","0","7","0","","","","","","","","","","","","","128.6","3","2026-08-31","2026-08-09","128.6","65.3","2026-08-10","69","7","0","0","101","N","","",""
"2026-08-13","RPAJM054","X002HR0TSZ","B0GHF64TV7","Fire Exit Sign - Rigid Plastic Emergency Escape Route Marker with ""Keep Clear"" Text - Durable 300mm x 100mm Fire Extinguisher Sign, EN ISO Compliant, Green & White","New","17","0","0","16","1","0","0","0","0","GBP","0","0","0","3","Low traffic","3.39","0.0","3.39","0.0","Advertise listing","0","0.0","0","0","52.17","0.22","0.002119","cubic feet","Standard","0.036023","UK","gl_office_product","734482","366","17","","73","3.79","0.0","0.0","0.0","9.48","0","0","16","0","0","0.04","0","0","0","0","0","0","","","","","","","","","","","","","","0","","","","488.3","2026-08-10","17","0","0","0","366","N","","",""
"2026-08-13","Y11284","X00276YBBH","B0DQWXZRCD","Generic Curtain Holdbacks 2pcs, U-Shaped Brass Metal Tie Backs for Curtains","New","15","0","0","15","0","0","0","0","0","GBP","1","1","2","7","Low traffic","6.19","0.0","6.19","0.0","NoRestockExcessActionRequired","15","0.0","0","0","87.54","1.33","0.012086","cubic feet","Standard","0.18129","UK","gl_home","479188","286","0","60","27","6.19","5.16","5.16","10.32","34.51","11","4","0","0","0","0.13","0","0","0","0","0","0","","","","","","","","","","","","","407.0","0","","2026-08-09","407.0","82.0","2026-08-10","15","0","0","0","286","N","","",""
"2026-08-13","JM2603102","X002JEME3T","B0GSVMHZC8","10 PCS No Smoking Or Vaping Signs, No Smoking Stickers Vinyl, Self-Adhesive Waterproof No Smoking Signs for Premises, for Vehicles Office Windows Doors","New","24","0","0","0","24","0","0","0","0","GBP","0","0","0","0","Low traffic","4.39","0.0","4.39","0.0","Advertise listing","0","0.0","0","0","96.33","0.0","0.003531","cubic feet","","0.084744","UK","gl_office_product","874402","366","24","","","4.39","0.0","0.0","0.0","0.0","0","0","0","0","0","0.06","0","0","0","0","0","0","","","","","","","","","","","","","","0","","","","","2026-08-10","24","0","0","0","366","N","","",""
"2026-08-13","RPAJM026","X002HQZ5Z3","B0GHDTFX28","KSEWJP 2 Pcs Suction Hooks, Plastic Clear Vacuum Suction Cup, Reusable and Removable Suction Cup Hooks, No Drill Heavy Duty Stick on Hooks, for Bathroom, Kitchen, Door, Window, Wall, Closet","New","25","0","0","26","0","0","0","0","0","GBP","0","1","2","4","Low traffic","5.59","0.0","5.59","0.0","Advertise listing","0","0.0","0","0","112.41","0.23","0.003531","cubic feet","Standard","0.088275","UK","gl_home_improvement","1231426","359","0","100","81","5.59","0.0","4.66","9.32","18.64","1","15","10","0","0","0.06","0","0","0","0","1","0","","","","","","","","","","","","","771.0","0","","2026-08-09","771.0","375.3","2026-08-10","25","1","0","0","366","Y","Holiday Season","2026-09-05","2026-12-25"
"2026-08-13","RPAJM051","X002HR5LVZ","B0GHF6YRZC","Charger Bag for Travels, Cable Bag Travel Accessories, Travel Gifts for Women and Men, Make Up Bags for Men Women Wash Bag Pouch with Zipper for Friends Daughter Son","New","39","0","0","40","0","0","0","0","0","GBP","1","5","6","12","Low traffic","6.19","0.0","6.19","0.0","NoRestockExcessActionRequired","38","0.0","0","0","14.45","0.58","0.003531","cubic feet","Standard","0.137709","UK","gl_luggage","327628","188","0","31","42","6.19","5.16","25.8","31.46","64.97","20","20","0","0","0","0.09","0","0","0","0","1","0","","","","","","","","","","","","","240.8","0","","2026-08-09","240.8","151.0","2026-08-10","39","1","0","0","193","N","","",""
"2026-08-13","Y12683","X00282D4V3","B0DTPD7ZXF","Metal Curtain Hooks Pinch Pleat Header Tape Pins Heavy Duty Deep Prong Hooks(20 Pack)","New","27","0","0","21","6","0","0","0","0","GBP","0","0","1","12","Low traffic","5.59","5.99","5.99","0.0","NoRestockExcessActionRequired","0","0.0","0","0","180.3","0.75","0.014126","cubic feet","Standard","0.381402","UK","gl_home","1084698","366","27","","29","5.99","0.0","0.0","4.99","59.88","0","20","1","0","0","0.27","0","0","0","0","0","0","","","","","","","","","","","","","","0","","","","92.3","2026-08-10","27","0","0","0","366","N","","",""
"2026-08-13","JM2601003","X002HW0FCF","B0GJ5VW1F9","KSEWJP Funny Keyring Best Friends Gifts for Women Men Birthday Christmas Graduation Gifts for Friendship Female (I’ve got Your Back)","New","20","0","0","23","0","0","0","0","0","GBP","1","5","9","17","Low traffic","3.76","0.0","3.76","0.0","NoRestockExcessActionRequired","9","3.01","8","0","5.32","1.06","1.98E-4","cubic feet","Apparel","0.00396","UK","gl_apparel","269390","167","0","16","15","3.76","3.13","15.65","28.09","52.13","22","1","0","0","0","0.0","0","0","0","0","1","0","","","","","","","","","","","","","142.6","0","","2026-08-09","142.6","72.4","2026-08-10","20","1","0","0","175","N","","",""
"2026-08-13","Y50102","X00281B4TN","B0DTK661NT","Heat Mat for Hair Straighteners, Silicone Heat Resistant Mat for Curling Irons, Heat Proof Protection Mat for Travel Home Salon Flat Iron Hair Styling Tools(8.58X 6.2, Pink)","New","12","0","0","10","2","0","0","0","0","GBP","2","8","9","12","Low traffic","3.99","0.0","3.99","0.0","NoRestockExcessActionRequired","0","0.0","0","0","46.72","1.0","0.005933","cubic feet","Standard","0.071196","UK","gl_personal_care_appliances","70269","75","0","6","13","3.99","6.64","26.56","29.88","39.84","10","0","0","0","0","0.05","0","0","0","0","0","0","","","","","","","","","","","","","120.0","7","2026-08-13","2026-08-09","80.5","120.0","2026-08-10","12","0","0","0","75","Y","Holiday Season","2026-10-10","2027-02-06"
"2026-08-13","Y50124","X00282C01X","B0DTPGGHP8","Coloured Clip in Hair Extension Black Hairpieces for Women Party Highlight Colourful Straight Long Hair Extensions Clip in Hair Piece, 22 inch","New","20","0","0","21","0","0","0","0","0","GBP","4","5","14","20","Low traffic","5.89","0.0","5.89","0.0","NoRestockExcessActionRequired","20","0.0","0","0","0.0","1.14","0.053326","cubic feet","Standard","1.06652","UK","gl_beauty","107651","168","0","40","32","5.89","19.64","24.55","70.02","100.04","17","0","4","0","0","0.62","30","0","30","0","0","0","","","","","","","","","","","","","79.1","0","","2026-08-09","76.9","79.1","2026-08-10","50","0","0","0","168","N","","",""
"2026-08-13","RPAJM071","X002HR9HUV","B0GHFCGJCW","Pet Hair Removal Brush – Reusable Grooming Tool for Cats and Dogs, Ideal for Clothing, Furniture, Carpets, Cat Beds, Car Seats, and More – Upgraded Static Fur Remover (1 Piece)","New","12","0","0","10","4","0","0","0","0","GBP","0","0","0","2","Low traffic","3.69","0.0","3.69","0.0","Advertise listing","0","0.0","0","0","45.78","0.14","0.003531","cubic feet","Standard","0.042372","UK","gl_home","1788637","271","12","","78","3.69","0.0","0.0","0.0","6.32","0","0","10","0","0","0.03","0","0","0","0","2","0","","","","","","","","","","","","","","0","","","","637.0","2026-08-10","12","2","0","0","366","N","","",""
"2026-08-13","JM2603071","X002JEGDMR","B0GSVML7V4","KSEWJP Case for iPhone 14 Pro 6.1-Inch, Non-Yellowing Shockproof Phone Bumper Cover, Anti-Scratch Clear Back (Clear)","New","30","0","0","0","30","0","0","0","0","GBP","","","","","Low traffic","5.19","0.0","5.19","0.0","Advertise listing","0","0.0","0","0","70.07","0.0","0.003531","cubic feet","","0.10593","UK","gl_electronics","","","30","","","8.09","","","","","0","0","0","0","0","0.07","0","0","0","0","0","0","","","","","","","","","","","","","","0","","","","","2026-08-10","30","0","0","0","","N","","",""
"2026-08-13","Y11348","X00275X7B3","B0DQTC11F5","Military Dog Tags - Set of 2 (Blank) Stainless Steel Nickel Plated Army Style Dog ID Tags with Ball Chains & silencers","New","69","0","0","71","0","0","0","0","0","GBP","1","11","15","32","Low traffic","5.29","0.0","5.29","0.0","NoRestockExcessActionRequired","14","3.59","17","0","165.46","0.88","0.001766","cubic feet","Standard","0.121854","UK","gl_office_product","40370","291","0","25","28","5.29","4.41","48.51","66.71","141.12","30","41","0","0","0","0.08","0","0","0","0","2","0","","","","","","","","","","","","","201.4","0","","2026-08-09","201.4","79.6","2026-08-10","69","2","0","0","301","N","","",""
"2026-08-13","JM2601029","X002HXYY35","B0GJDH7LTQ","2PCS Texture Comb, Volumizing Wide-Tooth Hair Styling Comb, Wide Tooth Detanglers, Root Volumizing Tool, Seamless Design, Smooth Styling for Volume and Grooming Accessory Covering Bangs Hairdressing","New","29","0","0","29","0","0","0","0","0","GBP","0","0","1","6","Low traffic","4.39","0.0","4.39","0.0","Advertise listing","0","0.0","0","0","123.08","0.35","0.028939","cubic feet","Standard","0.839231","UK","gl_beauty","331353","366","0","","62","4.39","0.0","0.0","3.66","21.96","1","20","8","0","0","0.58","0","0","0","0","0","0","","","","","","","","","","","","","","0","","","","216.3","2026-08-10","29","0","0","0","366","N","","",""
"2026-08-13","JM2603076","X002JELODF","B0GSVZSSDY","Fishing Knot Tying Tool, Accessories for Tying Line to Hooks, Tackle for Sea, Carp & Fly Fishing, Cover Hook on Rod, Gifts for Men, Christmas Stocking Fillers","New","22","0","0","0","22","0","0","0","0","GBP","1","1","5","8","Low traffic","5.29","0.0","5.29","0.0","NoRestockExcessActionRequired","","","0","0","","0.27","0.003531","cubic feet","","0.077682","UK","gl_sports","251635","345","0","88","35","5.29","4.41","4.41","24.05","40.44","0","0","0","0","0","","0","0","0","0","0","0","","","","","","","","","","","","","690.0","0","","2026-08-09","690.0","387.2","2026-08-10","22","0","0","0","345","N","","",""
"2026-08-13","JM2603048","X002J3T0AZ","B0GRGMFZT2","1000Pcs/Lot Silver Staples Mini Metal Staples No.10-1M Stationary No.10 Binding Stapler Office Binding Supplies Student Stationary School Supplies,Desktop Staplers Manual Staplers","New","52","0","0","52","0","0","0","0","0","GBP","9","33","48","84","Low traffic","6.5","0.0","6.5","0.0","NoRestockExcessActionRequired","52","0.0","0","0","0.0","2.7","0.003531","cubic feet","Standard","0.183612","UK","gl_biss","20762","110","0","11","14","6.5","48.78","178.86","260.14","451.36","44","8","0","0","0","0.1","40","0","40","0","0","0","","","","","","","","","","","","","64.6","0","","2026-08-09","64.6","38.3","2026-08-10","92","0","0","0","110","N","","",""
"2026-08-13","Y11264","X00275P257","B0DQT39HNM","Metal Rough Cigarette Case, 18-Pack Portable Moisture-Resistant Tobacco Holder, Stylish Business Cigarette Box","New","18","0","0","11","7","0","0","0","0","GBP","1","3","6","13","Low traffic","7.79","0.0","7.79","0.0","CreateShippingPlan","18","0.0","0","0","0.0","0.66","0.005815","cubic feet","Standard","0.10467","UK","gl_biss","465452","81","0","24","18","7.79","6.49","19.47","39.93","88.12","0","0","11","0","0","0.06","0","0","0","0","0","1","","","","","","","","","","","","","203.3","1","2026-08-20","2026-08-09","203.3","159.4","2026-08-10","18","0","0","0","81","N","","",""
"2026-08-13","Y12713","X00281C1NB","B0DTK49HSP","Grape Cutter for Toddlers 1-3, Fruit Slicer for Tomato Cherry Strawberry Olive Multi Grape Quarter Cutter Tool for Baby Stainless Steel Kitchen Gadgets with Ergonomic Non-Slip Handls","New","28","0","0","15","14","0","0","0","0","GBP","0","0","0","6","Low traffic","6.49","0.0","6.49","0.0","NoRestockExcessActionRequired","0","0.0","0","0","130.04","0.26","0.012607","cubic feet","Standard","0.352996","UK","gl_kitchen","874991","216","28","","60","6.49","0.0","0.0","0.0","32.94","0","15","0","0","0","0.25","0","0","0","0","1","0","","","","","","","","","","","","","","0","","","","313.7","2026-08-10","28","1","0","0","224","N","","",""
"2026-08-13","Y12182","X00275SGU5","B0DQSJNC7R","250 PCS 10 Value Tactile Push Button Switch Micro Momentary Tact Assortment Kit, for TV Audio Remote Key Cameras Computers, with Plastic Box","New","36","0","0","37","0","0","0","0","0","GBP","2","7","12","22","Low traffic","6.99","0.0","6.99","0.0","NoRestockExcessActionRequired","36","0.0","0","0","0.0","0.81","0.006767","cubic feet","Standard","0.243612","UK","gl_biss","32180","143","0","20","21","6.99","11.64","40.74","69.84","133.3","0","37","0","0","0","0.16","0","0","0","0","0","0","","","","","","","","","","","","","205.3","0","","2026-08-09","205.3","111.7","2026-08-10","36","0","0","0","143","N","","",""
"2026-08-13","RPAJM038","X002HR5Z9N","B0GHF5VBPM","Simple Oval Brooch - Gold Plated Minimalist Lapel Pin for Suits, Dresses, Hats, Bags - Elegant Geometric Jewellery Accessory for Women Men","New","35","0","0","35","0","0","0","0","0","GBP","0","1","3","12","Low traffic","5.99","0.0","5.99","0.0","NoRestockExcessActionRequired","15","0.0","0","0","22.24","0.48","0.003531","cubic feet","Apparel","0.123585","UK","gl_jewelry","605346","313","0","140","37","5.99","0.0","5.16","16.48","68.86","0","20","15","0","0","0.08","0","0","0","0","0","0","","","","","","","","","","","","","1074.0","0","","2026-08-09","1074.0","186.0","2026-08-10","35","0","0","0","313","N","","",""
"2026-08-13","RPAJM110","X002HR6QOB","B0GHFG3PSY","30A Heavy Duty Pure Copper Crocodile Clips, 4 Pcs Insulated Battery Clamps for Car Battery Charger & Jump Leads, Strong Jaws for Automotive DIY Electrical Projects and Emergency Car Starters","New","24","0","0","20","4","0","0","0","0","GBP","0","1","4","4","Low traffic","4.08","0.0","4.08","0.0","Advertise listing","0","0.0","0","0","74.45","0.19","0.003531","cubic feet","Standard","0.084744","UK","gl_home_improvement","421788","201","24","96","78","4.08","0.0","3.57","14.28","14.28","0","0","20","0","0","0.06","0","0","0","0","0","0","","","","","","","","","","","","","457.3","0","","2026-08-09","243.7","457.3","2026-08-10","24","0","0","0","201","N","","",""
"2026-08-13","RPAJM091","X002HR2AD7","B0GHD592L7","5 Pcs Star Cookie Cutters,Cutter Christmas Baking Pastry Set,Biscuit Cake Kids Gingerbread Mince Small Snowflake Cookies Usable,Shaped Mini Stainless Creative Hexagon Stars,for Christma Foods Shapes","New","39","0","0","40","0","0","0","0","0","GBP","5","8","18","23","Low traffic","4.59","0.0","4.59","0.0","NoRestockExcessActionRequired","8","3.67","19","0","51.85","1.52","0.003531","cubic feet","Standard","0.137709","UK","gl_kitchen","135550","204","0","20","22","4.59","19.1","30.56","68.28","86.58","40","0","0","0","0","0.09","1","0","0","1","0","0","","","","","","","","","","","","","128.5","0","","2026-08-09","128.5","60.2","2026-08-10","40","0","0","0","204","N","","",""
"2026-08-13","RPAJM074","X002HOPUE1","B0GGTF6995","4 PCS Heart Keychain Clip Gold Heart Bag Carabiner Clips Gold Spring Snap Clasp Hook Zinc Alloy Heavy Duty Hearts Shape Swivel Buckles Lightweight for Keychains DIY Craft Making Purse Handbag Hardware","New","16","1","0","10","7","0","0","0","0","GBP","1","1","1","3","Low traffic","3.93","0.0","3.93","0.0","Advertise listing","0","0.0","0","0","64.59","0.23","0.003531","cubic feet","Standard","0.056496","UK","gl_office_product","412463","180","17","64","69","3.93","3.27","3.27","3.27","10.49","0","10","0","0","0","0.04","0","0","0","0","1","0","","","","","","","","","","","","","539.0","0","","2026-08-09","539.0","373.3","2026-08-10","17","0","1","0","190","N","","",""
"2026-08-13","RPAJM150","X002I9R7YL","B0GL55J8SG","Men Ladies PU Leather Coin Pouch Snap Top Purse Strong Metal Spring Closure Small Change Bag","New","24","0","0","26","0","0","0","0","0","GBP","2","8","14","20","Low traffic","4.69","0.0","4.69","0.0","NoRestockExcessActionRequired","24","0.0","0","0","0.0","1.25","0.003531","cubic feet","Standard","0.084744","UK","gl_luggage","190144","224","0","27","35","4.69","7.82","31.6","56.19","82.53","10","16","0","0","0","0.05","30","0","30","0","2","0","","","","","","","","","","","","","102.8","0","","2026-08-09","102.8","75.2","2026-08-10","54","2","0","0","235","N","","",""
"2026-08-13","Y12327","X0027K3RF9","B0DRY179BC","2 PCS Pet Food Spoon Cute Stainless Steel Dog Spoon Pet Food Scoop Paw Cat Can for Pets Premium Quality","New","34","0","0","20","14","0","0","0","0","GBP","3","6","9","12","Low traffic","5.69","0.0","5.69","0.0","NoRestockExcessActionRequired","34","0.0","0","0","0.0","0.47","0.00791","cubic feet","Standard","0.26894","UK","gl_home","38846","115","0","22","36","5.69","14.22","28.61","43.34","58.23","20","0","0","0","0","0.17","0","0","0","0","0","0","","","","","","","","","","","","","210.6","0","","2026-08-09","188.0","210.6","2026-08-10","34","0","0","0","115","N","","",""
"2026-08-13","Y50180","X00281B83P","B0DTK4YBMT","6 Pcs Round Cookie Cutters, Plastic Double Sided Plain/Crinkle Biscuit Cutter Set, Round Pastry Cutters Kitchen Gadgets Baking Tools Accessories Random Color","New","35","0","0","35","0","0","0","0","0","GBP","2","5","7","15","Low traffic","6.99","0.0","6.99","0.0","NoRestockExcessActionRequired","35","0.0","0","0","0.32","0.75","0.017092","cubic feet","Standard","0.59822","UK","gl_kitchen","197853","161","0","28","30","6.99","11.64","29.1","40.74","88.3","20","15","0","0","0","0.39","0","0","0","0","0","0","","","","","","","","","","","","","292.3","0","","2026-08-09","292.3","127.2","2026-08-10","35","0","0","0","161","N","","",""
"2026-08-13","RPAJM070","X002HR6OBV","B0GHFCM3X1","Wdt Tool Espresso Coffee Distributor 6 Needles Coffee Stirrers Barista Accessories with Natural Walnut Handle Coffee Replaceable Needles Espresso Machine Espresso Distribution Tool Coffee Needle","New","22","0","0","15","7","0","0","0","0","GBP","0","4","6","6","Low traffic","4.19","0.0","4.19","0.0","NoRestockExcessActionRequired","0","0.0","0","0","76.62","0.27","0.003531","cubic feet","Standard","0.077682","UK","gl_kitchen","536172","135","22","22","47","4.19","0.0","13.96","20.94","20.94","0","0","15","0","0","0.05","0","0","0","0","0","0","","","","","","","","","","","","","389.5","0","","2026-08-09","183.5","389.5","2026-08-10","22","0","0","0","135","Y","Holiday Season","2026-10-03","2027-02-13"
"2026-08-13","Y11387","X00275RL83","B0DQSM42BG","Flower Napkin Rings Set of 6, Hollow Out Floral Napkin Holder Adornment Exquisite Household Napkins Rings Set Rhinestone Napkin Rings for Wedding Banquet Christmas Table Setting (Gold)","New","13","0","0","14","0","0","0","0","0","GBP","0","1","3","12","Low traffic","7.29","0.0","7.29","0.0","NoRestockExcessActionRequired","5","0.0","0","0","32.09","0.5","0.013243","cubic feet","Standard","0.172159","UK","gl_home","808060","114","0","52","14","7.29","0.0","6.07","18.21","72.84","0","14","0","0","0","0.11","0","0","0","0","1","0","","","","","","","","","","","","","759.0","0","","2026-08-09","759.0","173.1","2026-08-10","13","1","0","0","118","N","","",""
"2026-08-13","JM2603098","X002JEMWR7","B0GSW21BNK","Dragonfly Hair Clips, Antique Silver Barrettes, Retro Wedding Hair Pins for Ladies, 4-Piece Set","New","44","0","0","29","18","0","0","0","0","GBP","2","3","4","12","Low traffic","5.49","0.0","5.49","0.0","NoRestockExcessActionRequired","0","0.0","0","0","103.43","0.32","0.003531","cubic feet","","0.155364","UK","gl_beauty","72793","366","44","58","47","5.49","9.14","13.88","18.62","58.54","0","29","0","0","0","0.12","0","0","0","0","3","0","","","","","","","","","","","","","1444.0","0","","2026-08-09","1444.0","291.1","2026-08-10","44","3","0","0","366","N","","",""
"2026-08-13","RPAJM049","X002HR2RVR","B0GHF2WN5H","9 PCS Zipper Repair Kit Zipper Slider, 3 Sizes Instant Zip Fixer Replacement, No Tools Required Zipper Puller for Backpacks Coats Jacket Luggage Sewing and Supplies","New","36","0","0","36","0","0","0","0","0","GBP","0","4","6","13","Low traffic","4.39","0.0","4.39","0.0","NoRestockExcessActionRequired","36","0.0","0","0","0.0","0.63","0.003531","cubic feet","Standard","0.127116","UK","gl_personal_care_appliances","130977","143","0","36","36","3.66","0.0","14.64","22.28","51.71","0","30","6","0","0","0.09","0","0","0","0","0","0","","","","","","","","","","","","","289.5","3","2026-08-11","2026-08-09","289.5","130.6","2026-08-10","36","0","0","0","143","N","","",""
"2026-08-13","JM2601001","X002HW1EFH","B0GJ5KN745","Compact Folding Hair Brush with Mirror & Vent Cushion, Portable Detangling Travel Hairbrush for Women & Girls, Painless Scalp Massage, 1.5x Magnification, Foldable Design","New","10","0","0","12","0","0","0","0","0","GBP","2","6","8","8","Low traffic","5.89","0.0","5.89","0.0","NoRestockExcessActionRequired","0","0.0","0","0","22.85","0.64","0.003531","cubic feet","Standard","0.03531","UK","gl_beauty","97924","51","0","6","16","5.89","9.82","29.46","39.28","39.28","0","0","12","0","0","0.02","0","0","0","0","2","0","","","","","","","","","","","","","252.7","7","2026-08-23","2026-08-09","118.0","252.7","2026-08-10","10","2","0","0","61","N","","",""
"2026-08-13","Y12666","X00281GSY9","B0DTK8BNG4","Slick Back Boar Bristle Brush, Reddish-brown Round Hair & Beard Smoothing Tool for Afro Wet Curly Damaged, Gentle Grooming Brush Reducing Breakage","New","81","0","0","0","50","40","0","0","0","GBP","4","12","12","14","Low traffic","5.59","0.0","6.39","0.0","NoRestockExcessActionRequired","0","0.0","0","0","236.39","0.12","0.013477","cubic feet","Standard","1.091637","UK","gl_beauty","97922","366","81","27","75","5.59","18.64","56.58","56.58","67.22","0","0","0","40","0","0.76","0","0","0","0","8","0","","","","","","","","","","","","","694.1","0","","2026-08-09","295.1","694.1","2026-08-10","81","8","0","0","366","N","","",""
"2026-08-13","RPAJM006","X002HR2KY1","B0GHDJMSJK","12Pcs 6 Pairs Eyeglasses Temple Tips Sleeve Retainer,Silicone Glasses Ear Grip Hooks,Glasses Arm Pads,Soft Silicone Anti-Slip Elastic Comfort Eyeglasses Retainers,for Various Glasses(56mm×7.9mm)","New","11","0","0","10","1","0","0","0","0","GBP","0","6","7","9","Low traffic","4.09","0.0","4.09","0.0","NoRestockExcessActionRequired","11","0.0","0","0","0.0","0.63","0.003531","cubic feet","Standard","0.038841","UK","gl_drugstore","125338","53","0","7","15","4.09","0.0","20.46","23.87","30.85","0","0","10","0","0","0.02","0","0","0","0","0","0","","","","","","","","","","","","","168.0","8","2026-08-16","2026-08-09","73.0","168.0","2026-08-10","11","0","0","0","53","N","","",""
"2026-08-13","RPAJM211","X002I95M4N","B0GL2GP7M8","2 Pcs Velvet Scrunchie, Hair Accessories, Shiny and Soft Jersey Fabric Scrunchie Elastic Hair Band, Scrunchy Holder for Women Girl Kids (Black)","New","21","0","0","20","1","0","0","0","0","GBP","2","4","5","8","Low traffic","4.19","0.0","4.19","0.0","NoRestockExcessActionRequired","","","0","0","","0.38","0.003531","cubic feet","Standard","0.074151","UK","gl_beauty","292390","366","0","21","34","4.39","6.98","14.3","18.12","30.22","0","20","0","0","0","","0","0","0","0","0","0","","","","","","","","","","","","","362.0","0","","2026-08-09","362.0","212.7","2026-08-10","21","0","0","0","366","N","","",""
"2026-08-13","RPAJM068","X002HR6OQB","B0GHDSSG9S","Funny Office Prank Desk Sign, Caution Overstimulated Do Not Approach Warning Sign Humorous Gag Gift Mini Desk Decor Accessories for Coworkers Employees Boss Teammate Workplace Cubicle Home","New","10","0","0","10","0","0","0","0","0","GBP","1","1","4","4","Low traffic","4.09","0.0","4.09","0.0","NoRestockExcessActionRequired","0","3.66","52","0","37.48","0.39","0.003531","cubic feet","Standard","0.03531","UK","gl_home","566267","118","0","40","32","4.09","3.41","3.41","12.55","12.55","0","0","10","0","0","0.02","0","0","0","0","1","0","","","","","","","","","","","","","358.0","0","","2026-08-09","358.0","223.3","2026-08-10","10","1","0","0","127","N","","",""
"2026-08-13","Y501116","X00282BZE1","B0DTP9HR2R","Generic Ladle Spoon, Silver, 1 pc, Stainless Steel, Classic, 7.87 x 2.91 inches","New","14","0","0","0","15","0","0","0","0","GBP","5","10","10","11","Low traffic","4.89","0.0","4.89","0.0","CreateShippingPlan","14","0.0","0","0","0.0","0.48","0.01289","cubic feet","Standard","0.18046","UK","gl_kitchen","181478","54","0","5","16","4.89","20.35","40.7","40.7","45.02","0","0","0","0","0","0.11","0","0","0","0","0","0","","","","","","","","","","","","","277.6","10","2026-08-16","2026-08-09","100.4","277.6","2026-08-10","14","0","0","0","54","N","","",""
"2026-08-13","RPAJM180","X002IA387Z","B0GL7V8RGN","10 Pcs 2 Pin 8mm COB LED Strip Light Connectors, Solderless Quick LED Strip Connectors for Waterproof and Non-Waterproof, Gapless LED Adapter Perfect for DIY Projects Professional Use [Energy Class A]","New","31","0","0","30","2","0","0","0","0","GBP","0","0","1","2","Low traffic","5.09","0.0","5.09","0.0","Advertise listing","0","0.0","0","0","58.28","0.09","0.003531","cubic feet","Standard","0.109461","UK","gl_biss","135812","366","31","","201","5.29","0.0","0.0","4.41","9.11","15","0","15","0","0","0.07","0","0","0","0","1","0","","","","","","","","","","","","","","0","","","","903.0","2026-08-10","31","1","0","0","366","N","","",""
"2026-08-13","JM2603090","X002JERGWD","B0GSVZRFFS","Crampons Traction Cleats, Anti-Skid Traction Grips Crampons Spikes 5 Point Cleats Shoe Covers for Women Men Fit For(Winter Walking/Jogging/Climbing/Hiking),2 Pcs & Black","New","30","0","0","0","30","0","0","0","0","GBP","","","","","Low traffic","5.79","0.0","5.79","0.0","Advertise listing","0","0.0","0","0","71.13","0.0","0.003531","cubic feet","","0.10593","UK","gl_sports","","","30","","","","","","","","0","0","0","0","0","0.07","0","0","0","0","0","0","","","","","","","","","","","","","","0","","","","","2026-08-10","30","0","0","0","","N","","",""
"2026-08-13","RJM2603103","X002JD4QMR","B0GSR4CZMN","3 Inch 20 Teeth Metal Wire Hair Comb Slide for Bridal Wedding Veil and Diy Craft Projects (Silver)","New","47","0","0","47","0","0","0","0","0","GBP","1","5","25","30","Low traffic","6.29","0.0","6.29","0.0","NoRestockExcessActionRequired","1","0.0","0","0","100.44","1.0","0.003531","cubic feet","Standard","0.165957","UK","gl_beauty","85754","147","0","37","20","6.29","5.24","26.2","131.0","157.2","47","0","0","0","0","0.12","0","0","0","0","0","0","","","","","","","","","","","","","136.7","0","","2026-08-09","136.7","69.7","2026-08-10","47","0","0","0","147","N","","",""
"2026-08-13","Y11383","X00275INB7","B0DQSKJZWW","2 x Long Handled Teaspoons Spoons Latte Coffee18/10 Polished Stainless Steel Set of Tea Spoon Cutlery for Ice Cream Sundae Handle","New","7","0","0","8","0","0","0","0","0","GBP","7","15","19","22","Low traffic","4.49","0.0","4.49","0.0","CreateShippingPlan","7","0.0","0","0","0.0","1.54","0.011301","cubic feet","Standard","0.079107","UK","gl_kitchen","148413","19","0","1","4","4.49","25.86","55.14","69.78","81.0","0","8","0","0","0","0.04","0","0","0","0","0","0","","","","","","","","","","","","","73.3","23","2026-08-11","2026-08-09","54.3","73.3","2026-08-10","7","0","0","0","19","N","","",""
"2026-08-13","Y12622","X00281C6P9","B0DTK5ZY6Q","5 Pack Tactical Gear Carabiner Clip Hanging Belt Carabiner Hook Nylon Webbing Buckle Strap Clip Molle Backpack Tape Keychains Hanging Buckle Belt Key Ring Holder for Outdoor Camping Hiking","New","40","32","0","35","0","0","0","0","0","GBP","4","18","33","52","Low traffic","6.79","0.0","6.79","0.0","NoRestockExcessActionRequired","72","0.0","0","0","0.21","1.49","0.006357","cubic feet","Standard","0.25428","UK","gl_sports","51343","200","0","8","10","6.79","22.64","101.88","185.67","289.98","1","34","0","0","0","0.31","0","0","0","0","2","0","","","","","","","","","","","","","65.2","0","","2026-08-09","65.2","47.8","2026-08-10","72","2","0","0","206","N","","",""
"2026-08-13","RJM2603086","X002J3MQUB","B0GRFSC5CY","Texture Comb,Wide Tooth Comb,Magic Comb for Creating Beautiful Curls,Texturising Comb for Voluminous Hair,Scalp Concealer Comb,Lightweight Styling Tool for Curly Hair,Texture Comb Men Women (Black)","New","54","0","0","41","13","0","0","0","0","GBP","0","0","5","6","Low traffic","4.19","0.0","4.19","0.0","Advertise listing","54","0.0","0","0","0.0","0.2","0.020858","cubic feet","Standard","1.126332","UK","gl_beauty","337759","366","0","","117","4.59","0.0","0.0","20.8","25.29","31","10","0","0","0","0.73","0","0","0","0","0","0","","","","","","","","","","","","","","0","","","","419.2","2026-08-10","54","0","0","0","366","N","","",""
"2026-08-13","Y12104","X002754UTL","B0DQPQR1V7","Cat Dog Brush for Long Haired Cats, Cat Grooming Brush for Shedding Undercoat Rake Dematting Comb for Removing Loose and Matted Fur, Knots and Tangled Hair","New","13","0","0","14","0","0","0","0","0","GBP","2","3","4","8","Low traffic","6.59","0.0","6.59","0.0","NoRestockExcessActionRequired","13","0.0","0","0","0.0","1.19","0.010896","cubic feet","Standard","0.141648","UK","gl_beauty","77398","206","0","17","21","6.59","10.98","16.47","22.29","46.17","14","0","0","0","0","0.09","0","0","0","0","1","0","","","","","","","","","","","","","138.0","0","","2026-08-09","138.0","84.4","2026-08-10","13","0","1","0","218","N","","",""
"2026-08-13","RPAJM011","X002HR3NKV","B0GHDDC2S4","KSEWJP Holographic Candle Warning Labels Candle Jar Container Stickers Wax Melting Safety Stickers for Jars Tins Containers Making Supplies(240 Pieces)","New","42","0","0","29","13","0","0","0","0","GBP","2","2","3","5","Low traffic","4.19","0.0","4.19","0.0","Advertise listing","0","0.0","0","0","160.91","0.22","0.003531","cubic feet","Standard","0.148302","UK","gl_home","370055","366","42","84","109","4.19","6.98","6.98","11.14","19.62","29","0","0","0","0","0.1","0","0","0","0","0","0","","","","","","","","","","","","","882.0","0","","2026-08-09","882.0","371.4","2026-08-10","42","0","0","0","366","N","","",""
"2026-08-13","RPAJM142","X002I94VJ5","B0GL28L15M","Purse Coin,2 PCS Genuine Leather Mini Backpack Keychain Charming Solid Color Pattern Coin Purse and Zip Pouch for Women Small Portable Keyring Bag Charm and Wallet Holder","New","30","0","0","32","0","0","0","0","0","GBP","2","4","5","9","Low traffic","4.64","0.0","4.64","0.0","NoRestockExcessActionRequired","29","0.0","0","0","0.0","0.39","0.003531","cubic feet","Standard","0.10593","UK","gl_luggage","329876","228","0","30","43","4.64","7.74","15.48","19.68","36.48","1","21","10","0","0","0.07","0","0","0","0","1","0","","","","","","","","","","","","","343.7","0","","2026-08-09","343.7","259.8","2026-08-10","30","1","0","0","236","N","","",""
"2026-08-13","JM2603033","X002J415DT","B0GRH3TC6T","10 Pack M6x16mm Pedal Mounting Screws, Grade 12.9 Alloy Steel Hex Socket Head Bolts, Left Hand Thread for Bicycle Foot Pedals","New","29","0","0","0","29","0","0","0","0","GBP","0","0","1","1","Low traffic","4.99","0.0","4.99","0.0","Advertise listing","0","0.0","0","0","70.06","0.03","0.003531","cubic feet","Standard","0.102399","UK","gl_biss","506212","366","29","","377","5.19","0.0","0.0","4.82","4.82","0","0","0","0","0","0.07","0","0","0","0","0","0","","","","","","","","","","","","","","0","","","","2648.0","2026-08-10","29","0","0","0","366","N","","",""
"2026-08-13","RJM2603097","X002JD5OPP","B0GSQMLKL6","Butterfly Comb, Men's Pocket Comb, Portable Folding Comb for Travel, 23 cm","New","26","0","0","0","28","0","0","0","0","GBP","0","0","1","2","Low traffic","7.09","0.0","7.09","0.0","Advertise listing","0","0.0","0","0","61.82","0.07","0.003531","cubic feet","Standard","0.091806","UK","gl_beauty","459983","366","26","","169","7.29","0.0","0.0","6.74","14.14","0","0","0","0","0","0.06","0","0","0","0","2","0","","","","","","","","","","","","","","0","","","","1291.0","2026-08-10","26","2","0","0","366","N","","",""
"2026-08-13","JM2603041","X002J3W7D7","B0GRGQWMRC","Light Plasticity Plastic S-Clip Fasteners Carabiner Snap Hooks,for Camping And Hiking 49.5mm X 23.5mm X 5mm","New","24","0","0","0","28","0","0","0","0","GBP","0","1","2","2","Low traffic","4.19","0.0","4.19","0.0","Advertise listing","0","0.0","0","0","57.36","0.07","0.003531","cubic feet","Standard","0.084744","UK","gl_sports","160083","366","24","96","156","4.19","0.0","3.49","7.65","7.65","0","0","0","0","0","0.06","0","0","0","0","4","0","","","","","","","","","","","","","1319.0","0","","2026-08-09","863.0","1319.0","2026-08-10","24","4","0","0","366","N","","",""
"2026-08-13","Y50167","X00282CT7D","B0DTPP26K6","Face Wash Headband, Frog Spa Hair Bands, Soft Cute Coral Fleece Elastic Headband, Head Wraps for Face Wash Makeup, Beauty Skincare, Sport Shower, Creative Hair Accessories for Women","New","10","0","0","11","0","0","0","0","0","GBP","5","12","16","20","Low traffic","3.79","0.0","3.79","0.0","CreateShippingPlan","9","0.0","0","0","0.0","1.85","0.007946","cubic feet","Standard","0.07946","UK","gl_beauty","99402","36","0","3","6","3.79","15.8","37.92","50.47","62.27","11","0","0","0","0","0.04","0","0","0","0","0","0","","","","","","","","","","","","","55.8","14","2026-08-11","2026-08-09","45.3","55.8","2026-08-10","10","0","0","0","36","N","","",""
"2026-08-13","RJM2603075","X002J3OFOV","B0GRH6G3KP","Replacement Nose Hair Trimmer Head for One Blade Shaver – Precision Stainless Steel Replaceable Head for Facial Hair and Beard Grooming – Snap-On Design Fits One Blade Pro Shavers","New","6","0","0","17","0","0","0","0","0","GBP","24","24","99","114","Low traffic","5.39","0.0","5.39","0.0","NoRestockExcessActionRequired","","","0","0","","18.61","0.003531","cubic feet","Standard","0.021186","UK","gl_personal_care_appliances","26150","39","0","17","12","5.39","107.76","107.76","444.51","512.2","17","0","0","0","0","","100","0","100","0","6","0","","","","","","","","","","","","","7.2","120","2026-08-12","2026-08-09","6.0","7.2","2026-08-10","106","4","2","0","41","N","","",""
"2026-08-13","Y11297","X00275Q2CT","B0DQTJTGH3","4 Pairs Leather Horn Toggle Closure Buttons Coat Jacket Duffle Shawl Clothes Sewing DIY Apparel Crafts - Black","New","40","0","0","42","0","0","0","0","0","GBP","0","5","10","14","Low traffic","5.19","0.0","5.19","0.0","NoRestockExcessActionRequired","25","3.34","2","0","103.97","0.6","0.009535","cubic feet","Standard","0.3814","UK","gl_office_product","470465","153","0","32","37","5.19","0.0","21.6","42.81","59.45","23","19","0","0","0","0.26","0","0","0","0","2","0","","","","","","","","","","","","","206.6","0","","2026-08-09","206.6","138.5","2026-08-10","40","2","0","0","159","N","","",""
"2026-08-13","JM2603011","X002J3PIL5","B0GRG9XX3F","Scrunchies, 4 PCS Black Premium Satin Hair Ties for Women, Friendly Luxurious Elastics Hair Bands, Ponytail Holders, Versatile Accessory","New","26","0","0","0","30","0","0","0","0","GBP","","","","","Low traffic","3.59","0.0","3.59","0.0","Advertise listing","0","0.0","0","0","61.69","0.0","0.003531","cubic feet","Standard","0.091806","UK","gl_beauty","","","26","","","3.59","","","","","0","0","0","0","0","0.06","0","0","0","0","4","0","","","","","","","","","","","","","","0","","","","","2026-08-10","26","4","0","0","","N","","",""
"2026-08-13","RPAJM186","X002IA3ELP","B0GL7ZPCXD","Car H7 LED Headlight Bulb Adapter Socket Base Holders (Pack of 2)","New","28","0","0","29","0","0","0","0","0","GBP","0","0","4","7","Low traffic","4.29","0.0","4.29","0.0","Advertise listing","0","0.0","0","0","96.35","0.42","0.003531","cubic feet","Standard","0.098868","UK","gl_automotive","314863","366","0","","52","4.29","0.0","0.0","14.96","26.18","15","0","14","0","0","0.07","0","0","0","0","1","0","","","","","","","","","","","","","","0","","","","227.1","2026-08-10","28","1","0","0","366","N","","",""
"2026-08-13","RPAJM171","X002IA1G0L","B0GL6ZWSXV","Tyre Inflator Quick Connect Adapter, Zinc Alloy Air Pump Thread Nozzle Converter, Universal Tire Valve Chuck for Cars Trucks Motorcycles SUVs Bikes","New","9","0","0","0","9","0","0","0","0","GBP","0","0","0","1","Low traffic","4.79","0.0","4.79","0.0","Advertise listing","0","0.0","0","0","21.59","0.11","0.003531","cubic feet","Standard","0.031779","UK","gl_automotive","662183","366","9","","117","5.59","0.0","0.0","0.0","5.32","0","0","0","0","0","0.02","0","0","0","0","0","0","","","","","","","","","","","","","","0","","","","817.0","2026-08-10","9","0","0","0","366","N","","",""
"2026-08-13","V8-7KOW-LBM3","X002IA7N85","B0GL8FVDK8","Massage Pen,Wooden Massage Tools Acupressure Pen Pressure Point Tool Traditional Equipment for Relaxing Body Hand Foot","New","36","0","0","36","0","0","0","0","0","GBP","1","3","7","13","Low traffic","3.89","0.0","3.89","0.0","NoRestockExcessActionRequired","10","3.0","14","0","36.41","0.83","0.003531","cubic feet","Standard","0.127116","UK","gl_personal_care_appliances","98115","176","0","48","36","3.89","3.24","9.72","22.7","42.02","30","4","2","0","0","0.08","0","0","0","0","0","0","","","","","","","","","","","","","329.0","0","","2026-08-09","329.0","116.3","2026-08-10","36","0","0","0","176","N","","",""
"2026-08-13","RPAJM141","X002I93V0Z","B0GL28S86W","2pcs Mini Soccer Shin Guards, 3.54x2.36 Inch Youth Shin Guards Breathable Holes Design Football Tiny Small Shin Pads Anti-Skidding Protective Shin Guards for Men Women Boys Girls Adult Gift","New","8","0","0","9","0","0","0","0","0","GBP","6","11","11","12","Low traffic","4.39","0.0","4.39","0.0","NoRestockExcessActionRequired","0","0.0","0","0","16.4","0.87","0.003531","cubic feet","Standard","0.028248","UK","gl_sports","71760","26","0","2","8","4.39","21.96","40.26","40.26","44.33","0","0","9","0","0","0.02","0","0","0","0","1","0","","","","","","","","","","","","","131.9","18","2026-08-10","2026-08-09","57.1","131.9","2026-08-10","8","0","1","0","29","N","","",""
"2026-08-13","RPAJM187","X002I9QIQT","B0GL7WBDC4","2PCS Mesh Laundry Bags for Washing Machine – 30x40cm Delicates Laundry Bag with Premium Zipper, Reusable Washing Bags for Bras, Socks, Baby Clothes, Lingerie & Travel Use","New","3","0","0","0","4","0","0","0","0","GBP","0","5","5","5","Low traffic","3.59","0.0","3.59","0.0","CreateShippingPlan","0","0.0","0","0","11.92","0.65","0.003531","cubic feet","Standard","0.010593","UK","gl_home","670693","48","0","2","7","3.59","0.0","14.95","14.95","14.95","0","0","0","0","0","0.01","0","0","0","0","1","0","","","","","","","","","","","","","149.0","8","2026-08-10","2026-08-09","41.0","149.0","2026-08-10","3","1","0","0","65","Y","Fall","2026-08-22","2027-02-20"
"2026-08-13","JM2603012","X002J3GRUL","B0GRGKPGJW","50 Sheets DIY 3D Paper Cats Origami Kit, Fun Creative Craft Activity & Desk Decor for Adults, Kids & Cat Lovers","New","28","0","0","0","28","0","0","0","0","GBP","1","2","2","2","Low traffic","4.39","0.0","4.39","0.0","Advertise listing","0","0.0","0","0","67.27","0.03","0.003531","cubic feet","Standard","0.098868","UK","gl_home","742758","366","28","56","182","4.39","3.66","7.32","7.32","7.32","0","0","0","0","0","0.07","0","0","0","0","0","0","","","","","","","","","","","","","2691.0","0","","2026-08-09","895.0","2691.0","2026-08-10","28","0","0","0","366","N","","",""
"2026-08-13","RPAJM111","X002HR6P9H","B0GHF9LH3N","3 Pieces Tuft Toothbrushes Slim Interspace Teeth Brush for Orthodontic Braces & Detail Cleaning","New","22","0","0","15","7","0","0","0","0","GBP","0","0","0","2","Low traffic","4.39","0.0","4.39","0.0","Advertise listing","0","0.0","0","0","86.27","0.11","0.003531","cubic feet","Standard","0.077682","UK","gl_personal_care_appliances","244640","366","22","","143","4.39","0.0","0.0","0.0","9.98","0","0","15","0","0","0.05","0","0","0","0","0","0","","","","","","","","","","","","","","0","","","","790.5","2026-08-10","22","0","0","0","366","N","","",""
"2026-08-13","Y50189","X00282C0W7","B0DTPBZ12J","Generic Small Ladle Silver Stainless Steel Sauce Ladle for Spooning Sauces or Gravies","New","34","0","0","29","8","0","0","0","0","GBP","0","6","10","16","Low traffic","6.59","0.0","6.59","0.0","NoRestockExcessActionRequired","34","0.0","0","0","1.72","0.67","0.005085","cubic feet","Standard","0.17289","UK","gl_kitchen","556787","125","0","22","27","6.59","0.0","34.28","57.81","94.23","29","0","0","0","0","0.11","0","0","0","0","1","0","","","","","","","","","","","","","137.9","0","","2026-08-09","127.0","137.9","2026-08-10","34","1","0","0","127","N","","",""
"2026-08-13","RJM2603092","X002JD6LGB","B0GSQM78T7","1pc Wide Tooth Comb Rat Tail Comb Hot for Afro Hair Fluffing Hair Pick Teasing Afro Pick in Metal s Teasing Tease Steel Needle Man","New","22","0","0","0","26","0","0","0","0","GBP","1","3","3","4","Low traffic","5.39","0.0","5.39","0.0","Advertise listing","0","0.0","0","0","58.12","0.14","0.003531","cubic feet","Standard","0.077682","UK","gl_beauty","92277","366","22","29","71","5.39","4.49","14.13","14.13","19.73","0","0","0","0","0","0.06","0","0","0","0","4","0","","","","","","","","","","","","","858.7","0","","2026-08-09","413.0","858.7","2026-08-10","22","4","0","0","366","N","","",""
"2026-08-13","RPAJM188","X002IA1JZN","B0GL7NPBTB","5 PCS Spring Hooks for Rabbit Cage - Multifunctional Spring Door Latch for BIRDCAGES, Pet Cages - Fixing Rabbit, Dog, Cat, Parrot, Guinea Pig, Bunny Doors","New","30","0","0","30","0","0","0","0","0","GBP","2","6","8","11","Low traffic","4.39","0.0","4.39","0.0","NoRestockExcessActionRequired","0","0.0","0","0","108.83","0.42","0.003531","cubic feet","Standard","0.10593","UK","gl_pet_products","81418","238","0","20","35","4.39","7.32","21.96","29.28","40.5","0","20","10","0","0","0.07","0","0","0","0","0","0","","","","","","","","","","","","","225.6","0","","2026-08-09","202.0","225.6","2026-08-10","30","0","0","0","238","N","","",""
"2026-08-13","RPAJM149","X002I9714R","B0GL2F9VX8","3 Pcs Birthday Cake Toppers, Pull Flag Cake Inserts, Birthday Flag Decorations, Cake Party Decorations for Birthdays, Weddings, Party Decorations for Cakes and Desserts","New","5","0","0","0","6","0","0","0","0","GBP","0","0","1","4","Low traffic","4.29","0.0","4.29","0.0","Advertise listing","0","0.0","0","0","11.39","0.55","0.003531","cubic feet","Standard","0.017655","UK","gl_toy","295401","366","25","","81","4.29","0.0","0.0","3.74","15.2","0","0","0","0","0","0.01","20","0","20","0","1","0","","","","","","","","","","","","","","0","","","","165.3","2026-08-10","25","1","0","0","366","N","","",""
"2026-08-13","RPAJM025","X002HR2WV7","B0GHDYQN8Y","1pcs Happy Birthday Cake Toppers Glod Happy Birthday Cake Decorations Birthdays Decorations Birthdays Cakes Supplies for Celebrating Anniversary Party","New","105","65","0","91","0","0","0","0","0","GBP","4","29","63","74","Low traffic","4.39","0.0","4.39","0.0","NoRestockExcessActionRequired","0","3.86","52","0","733.6","2.78","0.003531","cubic feet","Standard","0.370755","UK","gl_toy","84539","196","0","14","18","4.39","14.64","106.14","225.52","261.14","91","0","0","0","0","0.42","0","0","0","0","0","0","","","","","","","","","","","","","25.2","0","","2026-08-09","25.2","20.2","2026-08-10","170","0","0","0","196","N","","",""
"2026-08-13","JM2603087","X002JEKX5P","B0GSVZLDY6","2-Pack Buckle Chin Clips Durable Closure Straps for Bike, MTB & Motorcycle Helmets Replacement Accessories","New","6","0","0","0","7","0","0","0","0","GBP","1","5","11","19","Low traffic","4.99","0.0","4.99","0.0","NoRestockExcessActionRequired","0","0.0","0","0","32.72","1.25","0.003531","cubic feet","","0.021186","UK","gl_sports","68768","152","26","20","17","5.12","4.16","21.44","48.38","84.3","0","0","0","0","0","0.02","20","0","20","0","1","0","","","","","","","","","","","","","76.5","0","","2026-08-09","50.7","76.5","2026-08-10","26","0","1","0","159","N","","",""
"2026-08-13","Y12288","X0027LUMSD","B0DS3T91HD","30 Pcs Tapestry Wall Hanging Clips, Self Adhesive Clips Wall Clips Poster Hanger Shower Curtain Clips Double-Sided Adhesive Spring Clips for Blanket Poster Clothing Wall Flag (Clear)","New","3","28","0","2","0","0","0","0","0","GBP","3","16","34","46","Low traffic","4.99","0.0","4.99","0.0","NoRestockExcessActionRequired","31","0.0","0","0","0.0","3.17","0.006207","cubic feet","Standard","0.018621","UK","gl_office_product","106412","142","0","10","12","4.99","12.48","66.56","136.97","181.13","2","0","0","0","0","0.12","40","0","40","0","0","0","","","","","","","","","","","","","21.2","0","","2026-08-09","17.6","21.2","2026-08-10","71","0","0","0","142","N","","",""
"2026-08-13","RPAJM206","X002I9MN59","B0GL5TLQ6S","Metal Cutting Dies, Dove Cross Die, for Scrapbooking Card Making Supplies Embossing, DIY Scrapbooking Cutting Dies Card Making Die-Cutting Embossing Accessories (7.7x5CM)","New","39","0","0","40","0","0","0","0","0","GBP","0","1","1","4","Low traffic","4.19","0.0","4.19","0.0","Advertise listing","0","0.0","0","0","126.94","0.16","0.003531","cubic feet","Standard","0.137709","UK","gl_office_product","1051224","366","0","156","126","4.19","0.0","3.49","3.49","14.71","35","0","5","0","0","0.1","0","0","0","0","1","0","","","","","","","","","","","","","1142.0","0","","2026-08-09","1142.0","454.3","2026-08-10","39","1","0","0","366","N","","",""
"2026-08-13","JM2601018","X002HX1LXB","B0GJC7THWV","8PCS Dyslexia Overlay Ruler, Visual Aids Window Reading Ruler Overlays Reading Tracking Rulers Guided Reading Highlight Strips Coloured Overlay for Kids Teacher Supply Assistant","New","14","0","0","0","14","0","0","0","0","GBP","0","0","3","3","Low traffic","4.49","0.0","4.49","0.0","Advertise listing","0","0.0","0","0","56.91","0.19","0.002664","cubic feet","Standard","0.037296","UK","gl_office_product","318392","170","14","","60","4.49","0.0","0.0","11.22","11.22","0","0","0","0","0","0.03","0","0","0","0","0","0","","","","","","","","","","","","","421.0","0","","2026-08-09","421.0","352.5","2026-08-10","14","0","0","0","170","N","","",""
"2026-08-13","RPAJM108","X002HR0HHD","B0GHCR8395","Black and Grey Union Jack Flag Patch 3D PVC Rubber British Military Hook and Loop Emblem 8x5cm Army Airsoft Badge Police Security UK","New","28","0","0","31","0","0","0","0","0","GBP","1","7","15","28","Low traffic","6.29","0.0","6.29","0.0","NoRestockExcessActionRequired","28","0.0","0","0","0.0","1.07","0.003531","cubic feet","Standard","0.098868","UK","gl_office_product","226915","77","0","16","13","6.29","5.24","36.68","78.6","147.36","15","16","0","0","0","0.06","0","0","0","0","3","0","","","","","","","","","","","","","146.4","1","2026-08-22","2026-08-09","146.4","86.5","2026-08-10","28","3","0","0","86","N","","",""
"2026-08-13","RPAJM154","X002I9VTH7","B0GL58RQ4M","Set of 8 Clear Dyslexia Overlays for Visual Support, Colored Overlays for Reading Dyslexia to Minimize Visual Stress, Enhance Concentration and Comfort While Reading, Serve As Reading Guide","New","14","0","0","10","5","0","0","0","0","GBP","1","2","3","3","Low traffic","4.09","0.0","4.09","0.0","Advertise listing","0","0.0","0","0","56.16","0.18","0.003531","cubic feet","Standard","0.049434","UK","gl_office_product","63957","366","14","28","60","4.09","3.41","6.82","10.23","10.23","0","0","10","0","0","0.03","0","0","0","0","1","0","","","","","","","","","","","","","774.5","0","","2026-08-09","505.0","774.5","2026-08-10","14","1","0","0","366","N","","",""
"2026-08-13","RPAJM194","X002IA4CED","B0GL76W839","Foundation Brush for Liquid Makeup,Makeup Brush Super Flat Top Thin Traceless","New","36","0","0","36","0","0","0","0","0","GBP","0","5","6","9","Low traffic","3.69","0.0","3.69","0.0","Advertise listing","","","0","0","","0.61","0.003531","cubic feet","Standard","0.127116","UK","gl_beauty","162555","150","0","28","52","3.69","0.0","15.35","18.59","28.56","30","0","6","0","0","","0","0","0","0","0","0","","","","","","","","","","","","","172.0","0","","2026-08-09","172.0","153.2","2026-08-10","36","0","0","0","150","N","","",""
"2026-08-13","Y12375","X0027E2XJ1","B0DRT6PF9H","Skitter Critters Cat Toy Catnip Mice, Pack of 3","New","9","0","0","10","0","0","0","0","0","GBP","3","19","21","26","Low traffic","4.29","0.0","4.29","0.0","NoRestockExcessActionRequired","9","0.0","0","0","0.0","1.86","0.007063","cubic feet","Standard","0.063567","UK","gl_pet_products","47810","132","0","8","19","4.29","10.71","67.83","74.97","93.27","0","10","0","0","0","0.04","30","0","30","0","0","0","","","","","","","","","","","","","56.5","0","","2026-08-09","45.8","56.5","2026-08-10","39","0","0","0","132","N","","",""
"2026-08-13","Y12174-1","X00275VC47","B0DQTDYG9Z","Curtain Rod Bracket, Heavy Duty Curtain Rod Holders White Curtain Rod Hooks for 1 Inch Drape Rods, Single Curtain Rod Brackets Rod Hangers Support for Wall, 2 Pack","New","16","0","0","15","0","1","0","0","0","GBP","0","1","2","12","Low traffic","5.19","0.0","5.19","0.0","NoRestockExcessActionRequired","0","2.02","4","0","38.98","0.51","0.015538","cubic feet","Standard","0.248608","UK","gl_home","826134","222","16","64","17","5.19","0.0","4.32","8.56","46.8","0","15","0","1","0","0.16","0","0","0","0","0","0","","","","","","","","","","","","","498.0","0","","2026-08-09","498.0","155.5","2026-08-10","16","0","0","0","222","N","","",""
"2026-08-13","RPAJM100","X002HR07ZF","B0GHCQRSJH","20 PCS Wire Connectors, Waterproof Automotive Wire Connectors 2-Pin, Quick 12V Automotive Wire Crimp Connectors for 18-22 AWG Wires, Plug-in Cable Terminals for Cars and Trucks.","New","42","0","0","36","6","0","0","0","0","GBP","0","0","1","1","Low traffic","5.29","0.0","5.29","0.0","Advertise listing","7","0.0","0","0","89.29","0.04","0.003531","cubic feet","Standard","0.148302","UK","gl_home_improvement","625135","366","35","","546","5.29","0.0","0.0","5.24","5.24","21","0","15","0","0","0.1","0","0","0","0","0","0","","","","","","","","","","","","","","0","","","","1867.0","2026-08-10","42","0","0","0","366","N","","",""
"2026-08-13","Y11341","X00275U793","B0DQSKM95F","Generic 100 Pack Black Nylon 5.0mm P-Clips, Cable Clamps","New","17","0","0","17","2","0","0","0","0","GBP","2","6","22","24","Low traffic","5.59","0.0","5.59","0.0","NoRestockExcessActionRequired","17","0.0","0","0","0.0","1.03","0.004238","cubic feet","Standard","0.072046","UK","gl_biss","177023","238","0","31","25","5.59","9.32","28.6","105.72","116.04","0","15","2","0","0","0.04","30","0","30","0","0","0","","","","","","","","","","","","","104.2","0","","2026-08-09","89.4","104.2","2026-08-10","47","0","0","0","238","N","","",""
"2026-08-13","RPAJM122","X002I8Y1IH","B0GL1BW3KT","6 Pieces Modesty Panels for Low Cut Tops,Cleavage Cover up for Dresses, Lady Lace Clip-On Mock Camisole Bra Insert Overlay Modesty Panel Vest, Lady Lace Anti Peep Invisible Bra Vest","New","48","14","0","37","0","0","0","0","0","GBP","6","31","73","99","Low traffic","5.29","0.0","5.29","0.0","NoRestockExcessActionRequired","0","4.31","9","0","124.18","4.72","0.003531","cubic feet","Apparel","0.169488","UK","gl_apparel","66095","161","0","12","12","5.29","26.46","136.71","315.93","421.79","37","0","0","0","0","0.12","49","0","49","0","1","0","","","","","","","","","","","","","23.8","0","","2026-08-09","23.8","13.8","2026-08-10","111","0","1","0","163","N","","",""
"2026-08-13","RPAJM136","X002IA69Z3","B0GL8FK1Q3","8pcs Colorful Metal Paper Clips and Binder Clips,Clip-on Pen Holders for Notebooks,Small and Medium Metal,Bookmark,Durable Office Supplies,Multi-Functional Paperclip Holders for Organizing","New","17","0","0","10","7","0","0","0","0","GBP","0","0","0","1","Low traffic","5.39","0.0","5.39","0.0","Advertise listing","0","0.0","0","0","77.12","0.08","0.003531","cubic feet","Standard","0.060027","UK","gl_home","492602","366","17","","221","5.39","0.0","0.0","0.0","5.91","0","10","0","0","0","0.04","0","0","0","0","0","0","","","","","","","","","","","","","","0","","","","511.0","2026-08-10","17","0","0","0","366","N","","",""
"2026-08-13","JM2604006","X002KH8T2P","B0GXPMZ1GM","Football Gifts for Girls Football Makeup Bag for Footballs Lovers Gifts Souvenirs Polyester Christmas Birthday Gift Footballs Themed Gift Travel Cosmetic Pouches Birthday Christmas Party","New","31","0","0","31","0","0","0","0","0","GBP","0","0","3","4","Low traffic","5.09","0.0","5.09","0.0","Advertise listing","","","0","0","","0.29","0.025366","cubic feet","Standard","0.786346","UK","gl_luggage","1277123","366","0","","100","5.09","0.0","0.0","14.73","19.64","20","0","11","0","0","","0","0","0","0","0","0","","","","","","","","","","","","","","0","","","","293.3","2026-08-10","31","0","0","0","366","N","","",""
"2026-08-13","JM2603044","X002J3IUFB","B0GRGXZ96T","Mens RFID Blocking Wallets Carbon Fiber Leather Slim Bifold Wallet with 10 Credit Card Slots, 2 ID Windows, 2 Cash Compartments,Black","New","11","0","0","0","12","0","0","0","0","GBP","3","13","14","14","Low traffic","5.29","0.0","5.29","0.0","NoRestockExcessActionRequired","","","0","0","","0.62","0.003531","cubic feet","Standard","0.038841","UK","gl_luggage","120964","28","0","3","10","5.29","13.23","57.33","62.4","62.4","0","0","0","0","0","","0","0","0","0","0","0","","","","","","","","","","","","","170.7","22","2026-08-11","2026-08-09","55.7","170.7","2026-08-10","11","0","0","0","28","N","","",""
"2026-08-13","JM2603054","X002J3PNZL","B0GRGCB86P","4 Pcs Pink Hair Rollers with Clip,Portable Hairs Volume Clip,Volumizing Hair Root Clips,Bangs Curler DIY Hairs,Styling Accessories,Self Grip Volume Hair Root,Rollers,Styling Tools and Appliances","New","51","0","0","52","0","0","0","0","0","GBP","3","6","10","25","Low traffic","5.59","0.0","5.59","0.0","NoRestockExcessActionRequired","51","0.0","0","0","0.0","0.68","0.003531","cubic feet","Standard","0.180081","UK","gl_personal_care_appliances","62693","145","0","34","26","5.59","13.98","28.44","49.24","127.92","0","52","0","0","0","0.12","0","0","0","0","1","0","","","","","","","","","","","","","567.3","0","","2026-08-09","567.3","100.2","2026-08-10","51","1","0","0","147","N","","",""
"2026-08-13","Y1223","X00275M3JP","B0DQSKL4DP","Metal Lemon Squeezer - Durable Citrus Juicer - Manual Press for Extracting the Most Juice Possible","New","19","0","0","21","0","0","0","0","0","GBP","9","20","28","32","Low traffic","7.69","0.0","7.49","0.0","CreateShippingPlan","17","0.0","0","0","215.58","1.81","0.064043","cubic feet","Standard","1.216817","UK","gl_kitchen","139492","53","0","3","7","7.69","56.33","124.97","174.81","200.09","21","0","0","0","0","0.76","0","0","0","0","0","0","","","","","","","","","","","","","51.5","15","2026-08-11","2026-08-09","41.1","51.5","2026-08-10","19","0","0","0","53","N","","",""
"2026-08-13","RPAJM165","X002I9X8RL","B0GL6724YH","Golf Putting Cup with Flag - Indoor Putting Green Adults Putter Practice, Plastic Golf Simulator Training Aids for Men Women Indoor Outdoor Home Office Yard Lawn Garage Backyard","New","18","0","0","15","3","0","0","0","0","GBP","1","3","4","5","Low traffic","4.39","0.0","4.39","0.0","NoRestockExcessActionRequired","0","0.0","0","0","62.3","0.37","0.003531","cubic feet","Standard","0.063558","UK","gl_sports","151263","282","18","24","46","4.39","3.66","11.14","15.13","20.06","0","15","0","0","0","0.04","0","0","0","0","0","0","","","","","","","","","","","","","226.6","0","","2026-08-09","200.7","226.6","2026-08-10","18","0","0","0","282","N","","",""
"2026-08-13","Y1243","X00275SYC5","B0DQS4VMNP","BBQ Cooking Tongs Wooden Clip Buffet Food Tongs Bread Tong Dessert Bread Tongs for Kitchen Camping Grill Buffet Restaurant Pastry","New","73","12","0","85","0","0","0","0","0","GBP","3","6","34","41","Low traffic","7.39","0.0","7.39","0.0","NoRestockExcessActionRequired","85","0.0","0","0","0.0","1.11","0.00791","cubic feet","Standard","0.57743","UK","gl_kitchen","202845","287","0","48","23","7.39","18.48","37.61","219.33","266.25","70","0","15","0","0","0.45","0","0","0","0","0","0","","","","","","","","","","","","","230.2","0","","2026-08-09","230.2","105.9","2026-08-10","85","0","0","0","287","N","","",""
"2026-08-13","JM2603006","X002J3NE8T","B0GRFZNSB7","Women Skinny Leather Belt Classic Solid Color Alloy Turn Lock Ladies Adjustable Leather Belt Slim Thin Waist Belt（White）","New","21","0","0","0","24","0","0","0","0","GBP","0","1","4","6","Low traffic","6.19","0.0","6.19","0.0","NoRestockExcessActionRequired","0","0.0","0","0","52.33","0.22","0.008705","cubic feet","Apparel","0.182805","UK","gl_apparel","696499","366","21","84","45","6.19","0.0","5.32","22.3","34.54","0","0","0","0","0","0.1","0","0","0","0","3","0","","","","","","","","","","","","","406.2","0","","2026-08-09","371.0","406.2","2026-08-10","21","3","0","0","366","N","","",""
"2026-08-13","JM2603008","X002J3I079","B0GRFY1R2D","Replacement Clothing Clips (3-Pack) for The Hydrant, Maternity and Sports Hydration Bladders. Keep Your Drinking Tube Securely Attached","New","62","11","0","48","0","0","0","0","0","GBP","3","22","31","52","Low traffic","6.49","0.0","6.49","0.0","NoRestockExcessActionRequired","0","5.28","52","0","377.2","1.7","0.003531","cubic feet","Apparel","0.218922","UK","gl_apparel","135838","145","0","11","15","6.49","16.23","119.02","167.45","276.53","31","17","0","0","0","0.15","0","0","0","0","0","0","","","","","","","","","","","","","70.9","0","","2026-08-09","70.9","44.3","2026-08-10","73","0","0","0","145","N","","",""
"2026-08-13","RPAJM224","X002I9215L","B0GL228WLH","M&S Engagement Rose Gold Silver Mum Mom Stainless Steel 9mm Italian Link Charm Compatible With 9mm Bracelet","New","25","0","0","22","3","0","0","0","0","GBP","0","0","1","4","Low traffic","7.19","0.0","7.19","0.0","Advertise listing","0","0.0","0","0","55.21","0.24","0.003531","cubic feet","Apparel","0.088275","UK","gl_jewelry","1702631","366","25","","81","7.39","0.0","0.0","6.66","27.12","12","10","0","0","0","0.06","0","0","0","0","0","0","","","","","","","","","","","","","","0","","","","282.8","2026-08-10","25","0","0","0","366","N","","",""
"2026-08-13","RPAJM138","X002I93BNH","B0GL24B274","2PCS Brooch Lapel Pin Chain for Men Crown Brooch Suit Tassel Collar Chains for Shirts Badge Hanging Chains Tuxedo Accessories Tie Pins for Women Men","New","35","5","0","40","0","0","0","0","0","GBP","2","3","17","18","Low traffic","6.59","0.0","6.59","0.0","NoRestockExcessActionRequired","0","0.0","0","0","177.88","1.11","0.003531","cubic feet","Apparel","0.123585","UK","gl_jewelry","363210","366","0","73","39","6.59","10.98","16.47","95.71","101.37","40","0","0","0","0","0.1","20","0","20","0","0","0","","","","","","","","","","","","","72.0","0","","2026-08-09","62.9","72.0","2026-08-10","60","0","0","0","366","N","","",""
"2026-08-13","JM2603059","X002JDKR57","B0GSQT3K1Z","Shit Just Got Real Banner Gold Glitter Garland for Bachelorette Party Wedding Engagement Bridal Shower Party Decorations","New","24","0","0","0","29","0","0","0","0","GBP","","","","","Low traffic","4.79","0.0","4.79","0.0","Advertise listing","0","3.83","9","0","55.99","0.0","0.003531","cubic feet","Standard","0.084744","UK","gl_toy","","","24","","","7.19","","","","","0","0","0","0","0","0.06","0","0","0","0","5","0","","","","","","","","","","","","","","0","","","","","2026-08-10","24","5","0","0","","N","","",""
"2026-08-13","Y50119","X00281CHUD","B0DTK4PD51","Portable Glasses Case PU Leather Sunglasses Storage Bag Soft Eyeglasses Case for Men & Women","New","112","0","0","116","0","0","0","0","0","GBP","0","5","20","48","Low traffic","8.59","0.0","8.59","0.0","NoRestockExcessActionRequired","112","0.0","0","0","0.0","0.74","0.040325","cubic feet","Apparel","4.5164","UK","gl_apparel","304915","366","0","89","30","8.59","0.0","37.45","149.8","358.0","20","96","0","0","0","2.22","0","0","0","0","4","0","","","","","","","","","","","","","436.9","0","","2026-08-09","436.9","98.0","2026-08-10","112","4","0","0","366","N","","",""
"2026-08-13","RPAJM172","X002IA4F95","B0GL7GWHKM","Fingerless Cycling Gloves, Half Finger Work Gloves for Men and Women, Anti-slip Breathable Thin Glove for Driving Workout Weight Lifting Gym Bike Hiking Gloves","New","37","0","0","37","0","0","0","0","0","GBP","0","0","0","17","Low traffic","5.98","0.0","5.98","0.0","NoRestockExcessActionRequired","13","0.0","0","0","39.93","0.69","0.003531","cubic feet","Standard","0.130647","UK","gl_sports","1242582","366","0","","28","5.98","0.0","0.0","0.0","101.66","0","30","7","0","0","0.09","0","0","0","0","0","0","","","","","","","","","","","","","","0","","","","210.8","2026-08-10","37","0","0","0","366","N","","",""
"2026-08-13","RPAJM197","X002IAE6I5","B0GL8G6X6K","5D Relief Nail Stickers Gold with Design Self-adhesive Nail Art Stickers for Artificial Nails","New","20","0","0","22","0","0","0","0","0","GBP","1","9","12","20","Low traffic","4.39","0.0","4.39","0.0","NoRestockExcessActionRequired","20","0.0","0","0","0.0","1.4","0.003531","cubic feet","Standard","0.07062","UK","gl_beauty","86169","89","0","8","13","4.39","3.66","34.22","45.68","75.12","15","7","0","0","0","0.04","0","0","0","0","2","0","","","","","","","","","","","","","72.1","2","2026-08-31","2026-08-09","72.1","63.0","2026-08-10","20","2","0","0","98","N","","",""
"2026-08-13","Y1227","X002755JJB","B0DQPZLH2B","7cm Fine Mesh Stainless Steel Strainer, Small Sieve with Sturdy Handle, Rust-Free Metal Sieve for Tea Coffee Flour Spices Kitchen Use","New","18","0","0","0","19","0","0","0","0","GBP","4","8","8","9","Low traffic","3.99","4.99","4.99","0.0","NoRestockExcessActionRequired","0","0.0","0","0","84.59","0.28","0.011066","cubic feet","Standard","0.199188","UK","gl_kitchen","470921","152","18","9","26","4.99","16.64","33.28","33.28","37.44","0","0","0","0","0","0.14","0","0","0","0","0","0","","","","","","","","","","","","","387.7","0","","2026-08-09","148.6","387.7","2026-08-10","18","0","0","0","152","N","","",""
"2026-08-13","RPAJM075","X002HR6RBN","B0GHFBPM5Q","6PCS Tail Combs for Women, Plastic Tail Comb Fine Tooth Anti Static for Women, Detangling Back Combing Updo Hairstyle (Multi-color)","New","25","0","0","26","0","0","0","0","0","GBP","10","16","21","30","Low traffic","5.09","0.0","5.09","0.0","NoRestockExcessActionRequired","0","4.4","52","0","121.01","1.29","0.017951","cubic feet","Standard","0.448775","UK","gl_beauty","108388","70","0","6","10","5.09","42.4","67.84","89.29","126.1","0","26","0","0","0","0.31","0","0","0","0","0","1","","","","","","","","","","","","","80.1","9","2026-08-19","2026-08-09","80.1","61.7","2026-08-10","25","0","0","0","70","N","","",""
"2026-08-13","Y50129","X002826GT5","B0DTPGCPX4","10pcs Blue 13.56MHz UID Changeable Keyfobs Token NFC Tag Rewritable RFID Writable Access Control Key Card Used to Copy/Clone Card blue","New","47","0","0","50","0","0","0","0","0","GBP","0","6","7","17","Low traffic","4.59","0.0","4.59","0.0","NoRestockExcessActionRequired","47","0.0","0","0","0.0","0.62","0.002825","cubic feet","Standard","0.132775","UK","gl_home_improvement","62238","187","0","31","35","4.59","0.0","22.92","26.91","68.59","0","41","9","0","0","0.08","0","0","0","0","3","0","","","","","","","","","","","","","266.3","0","","2026-08-09","266.3","161.5","2026-08-10","47","2","1","0","199","N","","",""
"2026-08-13","RPAJM130","X002I8YW4P","B0GL1M8TLM","2Pcs Collapsible Paint Brush Washer, Silicone Water Pot for Painting, Foldable Washing Bucket for Watercolor Acrylic Oil Painting, Portable Brush Cleaner(Pink and Blue)","New","6","0","0","0","7","0","0","0","0","GBP","0","1","2","2","Low traffic","5.99","0.0","5.99","0.0","NoRestockExcessActionRequired","0","0.0","0","0","35.31","0.24","0.003531","cubic feet","Standard","0.021186","UK","gl_home","935385","135","6","24","39","5.99","0.0","5.16","10.82","10.82","0","0","0","0","0","0.01","0","0","0","0","0","0","","","","","","","","","","","","","375.0","0","","2026-08-09","231.0","375.0","2026-08-10","6","0","0","0","135","N","","",""
"2026-08-13","RJM2603090","X002J3K4OB","B0GRFRCMKJ","Acetate Wide Tooth Comb for Curls, White Wide Tooth Combs for Women Shower Comb for Wet Curly Hair","New","27","0","0","28","0","0","0","0","0","GBP","1","14","24","27","Low traffic","5.99","0.0","5.99","0.0","NoRestockExcessActionRequired","0","0.0","0","0","149.39","1.19","0.003834","cubic feet","Standard","0.103518","UK","gl_beauty","119459","188","0","19","32","5.99","4.99","69.86","119.76","135.24","28","0","0","0","0","0.07","40","0","40","0","0","1","","","","","","","","","","","","","83.1","0","","2026-08-09","49.8","83.1","2026-08-10","67","0","0","0","188","N","","",""
"2026-08-13","RPAJM213","X002I98HEP","B0GL1XZ6N5","Soft Bristles Car Interior Cleaning Brush Set, 3Pcs Curved Crevice Detailing Brushes for Dashboard, Air Vent & Screen Cleaning","New","9","0","0","0","10","0","0","0","0","GBP","","","","","Low traffic","3.79","0.0","3.79","0.0","Advertise listing","0","0.0","0","0","21.24","0.0","0.003531","cubic feet","Standard","0.031779","UK","gl_home","","","9","","","3.89","","","","","0","0","0","0","0","0.02","0","0","0","0","1","0","","","","","","","","","","","","","","0","","","","","2026-08-10","9","1","0","0","","N","","",""
"2026-08-13","Y1299","X0027642JD","B0DQTX3FMJ","Stainless Steel Potato Peeler - 7.5 Inches Silver Julienne Peeler - Kitchen Vegetable Slicer Food Cutter","New","34","10","0","40","4","0","0","0","0","GBP","2","5","11","16","Low traffic","4.29","0.0","4.29","0.0","NoRestockExcessActionRequired","44","0.0","0","0","0.0","0.73","0.00214","cubic feet","Standard","0.07276","UK","gl_kitchen","211246","182","0","27","27","4.29","7.14","17.85","38.55","55.33","40","0","0","0","0","0.06","0","0","0","0","0","0","","","","","","","","","","","","","121.0","0","","2026-08-09","121.0","95.1","2026-08-10","44","0","0","0","182","N","","",""
"2026-08-13","Y50166","X00282AGOV","B0DTPNYNZ7","7cm Wide Black Headbands for Women Men, 4 pack Fashion Head Bands for Women's Hair, Soft Fabric Stretchy Hair Bands for Makeup, Yoga, Running (4XBlack)","New","54","0","0","51","4","0","0","0","0","GBP","0","3","6","11","Low traffic","5.09","0.0","5.09","0.0","NoRestockExcessActionRequired","16","2.74","10","0","135.01","0.29","0.008899","cubic feet","Standard","0.480546","UK","gl_beauty","210695","366","38","72","63","5.09","0.0","12.72","25.44","46.24","31","0","20","0","0","0.32","0","0","0","0","0","0","","","","","","","","","","","","","340.5","0","","2026-08-09","340.5","301.3","2026-08-10","54","0","0","0","366","N","","",""
"2026-08-13","RPAJM159","X002I9TALT","B0GL5H773J","Self-Adhesive Sticky Clips - 20 PCS Double-Sided Adhesive Spring Clips for Wall, Perfect for Tapestry, Posters, Photos, Memo Notes, Office & Home Use","New","18","0","0","15","3","0","0","0","0","GBP","0","1","2","2","Low traffic","4.19","0.0","4.19","0.0","Advertise listing","10","0.0","0","0","3.26","0.15","0.003531","cubic feet","Standard","0.063558","UK","gl_office_product","301402","216","8","72","117","4.19","0.0","3.49","7.15","7.15","0","7","8","0","0","0.04","0","0","0","0","0","0","","","","","","","","","","","","","643.5","0","","2026-08-09","551.0","643.5","2026-08-10","18","0","0","0","216","N","","",""
"2026-08-13","Y1277","X00275OUQT","B0DQSJZ81S","20-Pack Curtain Rail Gliders - Effortless Gliding Hooks Sliders for Window, Door & Shower Drape Fabric","New","13","19","0","0","2","0","0","0","0","GBP","2","10","14","14","Low traffic","3.99","0.0","3.99","0.0","NoRestockExcessActionRequired","13","0.0","0","0","28.25","1.3","0.001453","cubic feet","Standard","0.018889","UK","gl_home","361551","366","39","13","30","3.99","6.64","33.2","46.48","46.48","0","0","0","0","0","0.03","20","0","20","0","0","0","","","","","","","","","","","","","91.0","0","","2026-08-09","27.5","91.0","2026-08-10","52","0","0","0","366","N","","",""
"2026-08-13","RPAJM131","X002IA6EGR","B0GL8146T8","2 Pcs Golden Travel Ticket Scratch-Off Cards with White Envelope, Personalised Scratch Card Reveal, for Holiday Surprise, Birthday Gift","New","12","0","0","11","1","0","0","0","0","GBP","1","1","1","1","Low traffic","4.59","0.0","4.59","0.0","Advertise listing","12","0.0","0","0","0.05","0.1","0.003531","cubic feet","Standard","0.042372","UK","gl_office_product","258166","250","0","48","156","4.59","3.82","3.82","3.82","3.82","1","0","10","0","0","0.02","0","0","0","0","0","0","","","","","","","","","","","","","","0","","","","","2026-08-10","12","0","0","0","250","N","","",""
"2026-08-13","SD25008120","X002E069B1","B0FNRL3XB4","Christmas Tree Topper Decoration 3 PCS Pentagram Decorative Holiday 4 inch Sparkle Star Themed Ornament Glitter Stars Seasonal Decor Sparkle Holder Thanksgiving Home Decorate Festive Atmosphere","","0","0","0","1","0","0","1","0","0","GBP","0","0","0","0","","0.0","0.0","0.0","0.0","NoRestockExcessActionRequired","","","0","0","","0.0","0.018582","cubic feet","Standard","0.0","UK","gl_home","","0","0","","","4.29","0.0","0.0","0.0","0.0","0","0","1","1","0","","0","0","0","0","0","0","0","0.0","1","0.06","0","0.0","0","0.0","0","0.0","0","0.0","","0","","","","","2026-08-10","0","0","0","0","0","N","","",""
"2026-08-13","RJM2603109","X002JDKPRH","B0GSQZTB4T","Winding Tail Comb for Detangling & Styling, Heat Resistant Carbon Black Hair Comb for Curly & Natural Hair","New","25","0","0","0","30","0","0","0","0","GBP","0","1","1","1","Low traffic","3.39","0.0","3.39","0.0","Advertise listing","0","0.0","0","0","57.98","0.03","0.003531","cubic feet","Standard","0.088275","UK","gl_beauty","340196","366","25","100","325","3.39","0.0","2.83","2.83","2.83","0","0","0","0","0","0.06","0","0","0","0","5","0","","","","","","","","","","","","","2772.0","0","","2026-08-09","912.0","2772.0","2026-08-10","25","5","0","0","366","N","","",""
"2026-08-13","Y11340","X00275M97B","B0DQSLMWZ4","100 Pack of Black Nylon P-Clips, 7.9mm (5/16”) Diameter, Plastic Cable Clips","New","25","0","0","32","0","0","0","0","0","GBP","3","18","53","67","Low traffic","7.39","0.0","7.39","0.0","NoRestockExcessActionRequired","25","0.0","0","0","0.0","2.6","0.006138","cubic feet","Standard","0.15345","UK","gl_biss","165452","151","0","21","18","7.39","18.48","110.88","326.48","412.72","32","0","0","0","0","0.09","70","0","70","0","5","0","","","","","","","","","","","","","30.0","0","","2026-08-09","30.0","29.4","2026-08-10","95","5","0","0","158","N","","",""
"2026-08-13","JM2601059","X002HZ7NHH","B0GJQ9PJ5W","KSEWJP No Buckle Belt for Men Women Buckle-free Elastic Stretch Invisible Adjustable Jeans Pants Stretch Black Waist Belt","New","12","0","0","0","12","0","0","0","0","GBP","0","1","1","2","Low traffic","4.29","0.0","4.29","0.0","NoRestockExcessActionRequired","0","0.0","0","0","51.58","0.15","0.003531","cubic feet","Apparel","0.042372","UK","gl_apparel","1174434","162","12","48","78","4.29","0.0","3.57","3.57","7.14","0","0","0","0","0","0.02","0","0","0","0","0","0","","","","","","","","","","","","","586.5","0","","2026-08-09","368.0","586.5","2026-08-10","12","0","0","0","162","N","","",""
"2026-08-13","Y12118","X00275PDP1","B0DQSR9N5V","3PC Small Kitchen Tongs with Silicone Tips, 21.5cm Black Mini Tongs, Cooking Tongs Easy to Clean, Silicone Food Tongs for Kitchen Use","New","28","0","0","16","15","0","0","0","0","GBP","2","6","7","9","Low traffic","7.49","0.0","7.49","0.0","NoRestockExcessActionRequired","27","0.0","0","0","0.0","0.32","0.019044","cubic feet","Standard","0.533232","UK","gl_kitchen","330029","88","0","18","40","7.49","12.48","37.44","43.93","56.91","0","16","0","0","0","0.33","0","0","0","0","3","0","","","","","","","","","","","","","342.0","1","2026-08-29","2026-08-09","216.0","342.0","2026-08-10","28","3","0","0","97","N","","",""
"2026-08-13","RJM2603057","X002J3GKE9","B0GRG7YHTN","Tartan Tie - Burns Night Accessories,Traditional Fabric Scottish Heritage Necktie with Classic Red Plaid for Burns Supper,Long Scottish Fancy Dress Tie Outfit Accessory (Men/Women)","New","28","0","0","0","30","0","0","0","0","GBP","","","","","Low traffic","4.79","0.0","4.79","0.0","Advertise listing","0","0.0","0","0","69.78","0.0","0.00867","cubic feet","Apparel","0.24276","UK","gl_apparel","","","28","","","6.39","","","","","0","0","0","0","0","0.14","0","0","0","0","2","0","","","","","","","","","","","","","","0","","","","","2026-08-10","28","2","0","0","","N","","",""
"2026-08-13","Y11315","X00275WN4Z","B0DQTW3CW9","Masquerade Mask Men Venetian Party Ball Masks Vintage Halloween Costume Mardi Gras Mask Christmas for Fancy Dress Cosplay Proms Carnival Accessory","New","29","0","0","30","0","0","0","0","0","GBP","3","4","10","18","Low traffic","5.68","0.0","5.68","0.0","NoRestockExcessActionRequired","29","0.0","0","0","0.03","0.68","0.048946","cubic feet","Standard","1.419434","UK","gl_toy","72990","96","0","29","20","5.68","14.19","18.92","48.32","87.61","0","30","0","0","0","0.93","0","0","0","0","1","0","","","","","","","","","","","","","553.5","0","","2026-08-09","553.5","128.1","2026-08-10","29","1","0","0","99","Y","Holiday Season","2026-10-17","2027-01-23"
"2026-08-13","Y50179","X002816I3F","B0DTK4PD26","Self-Adhesive Floor Door Stoppers Oval Stainless Steel Door Stop Floor Mounted Half Moon Wall Protector Polished Doorstop with Glues for Hard Floor Glass Door(Black,1 Pcs)","New","32","0","0","34","0","0","0","0","0","GBP","4","14","17","28","Low traffic","4.49","0.0","4.49","0.0","NoRestockExcessActionRequired","32","0.0","0","0","0.0","1.38","0.001788","cubic feet","Standard","0.057216","UK","gl_home_improvement","172880","113","0","9","14","4.49","14.96","52.36","63.08","99.6","20","14","0","0","0","0.04","0","0","0","0","2","0","","","","","","","","","","","","","97.8","1","2026-09-06","2026-08-09","97.8","65.0","2026-08-10","32","2","0","0","120","N","","",""
"2026-08-13","Y1274","X00275S7C7","B0DQSMYCD9","Heavy Duty Metal Curtain Hooks Pinch Pleat Deep Prong Hooks Header Tape Pins Silver (40 Pack)","New","56","0","0","58","0","0","0","0","0","GBP","9","37","74","91","Low traffic","8.39","5.49","5.49","0.0","NoRestockExcessActionRequired","19","0.0","0","0","19.62","2.81","0.026486","cubic feet","Standard","1.483216","UK","gl_home","163155","112","0","11","15","5.49","41.13","169.09","338.18","415.87","50","8","0","0","0","0.97","50","0","50","0","0","0","","","","","","","","","","","","","37.8","0","","2026-08-09","37.8","27.9","2026-08-10","106","0","0","0","112","N","","",""
"2026-08-13","JM2601014","X002HWRGCH","B0GJ9S9KJJ","2PCS Evil Teeth and Tongue Funny Helmet Stickers, Cool Motorbike Stickers for Motorcycle, Creative and Universal Vinyl Car Decals, Removable Graphic Decals for Fuel Tank and Helmet Decoration","New","47","0","0","50","0","0","0","0","0","GBP","3","9","15","31","Low traffic","4.19","0.0","4.19","0.0","NoRestockExcessActionRequired","0","0.0","0","0","103.24","1.43","0.001745","cubic feet","Standard","0.082015","UK","gl_home","88513","106","0","20","19","4.19","10.47","31.41","52.02","102.29","31","19","0","0","0","0.33","0","0","0","0","2","0","","","","","","","","","","","","","144.9","0","","2026-08-09","144.9","54.3","2026-08-10","47","2","0","0","110","N","","",""
"2026-08-13","RPAJM132","X002I8TMNL","B0GL1GXFWW","3-Pack Glasses Strap – Adjustable Anti-Slip Sport Cord for Glasses & Sunglasses – Neck Retainer for Men, Women & Kids – Black, Blue, Red","New","14","0","0","10","4","0","0","0","0","GBP","0","0","1","1","Low traffic","4.79","0.0","4.79","0.0","Advertise listing","14","0.0","0","0","0.0","0.09","0.003531","cubic feet","Apparel","0.049434","UK","gl_apparel","1199156","316","0","","182","4.79","0.0","0.0","4.66","4.66","0","4","6","0","0","0.02","0","0","0","0","0","0","","","","","","","","","","","","","","0","","","","1034.0","2026-08-10","14","0","0","0","316","N","","",""
"2026-08-13","RJM2603066","X002J3RPF7","B0GRGRS819","40mm Drain Washers Convex Sealing Ring - 4 Pack Sink Hose Washer Replacement Gasket for Plumbing, Waste Pipe Fittings & Basin Seals","New","60","0","0","62","0","0","0","0","0","GBP","9","24","52","70","Low traffic","5.79","0.0","5.79","0.0","NoRestockExcessActionRequired","8","0.0","0","0","105.87","2.23","0.003531","cubic feet","Standard","0.21186","UK","gl_biss","37072","88","0","10","11","5.79","43.38","115.68","257.48","348.66","62","0","0","0","0","0.14","0","0","0","0","1","0","","","","","","","","","","","","","87.1","20","2026-09-06","2026-08-09","87.1","44.4","2026-08-10","60","1","0","0","89","N","","",""
"2026-08-13","RJM2603098","X002JD6XVJ","B0GSQKZQBK","Anti-Static Hairdressing Styling Comb with Coarse and Fine Teeth for Salon and Home Use Suitable for Thick Curly and Straight Hair 6.69In","New","26","0","0","0","27","0","0","0","0","GBP","0","2","2","2","Low traffic","3.19","0.0","3.19","0.0","Advertise listing","0","0.0","0","0","59.29","0.07","0.003531","cubic feet","Standard","0.091806","UK","gl_beauty","372178","366","26","52","169","3.19","0.0","5.32","5.32","5.32","0","0","0","0","0","0.06","0","0","0","0","0","0","","","","","","","","","","","","","1264.0","0","","2026-08-09","399.0","1264.0","2026-08-10","26","0","0","0","366","N","","",""
"2026-08-13","RPAJM003","X002HQZ2KV","B0GHDHWN61","Pearl Hair Clip - 2-Pack 3.3cm Large Snap Barrettes for Women, Girls & Children | Elegant Hair Accessories for Daily Styling, Parties & Weddings","New","45","0","0","48","0","0","0","0","0","GBP","2","4","8","23","Low traffic","4.59","0.0","4.59","0.0","NoRestockExcessActionRequired","12","0.0","0","0","14.15","0.8","0.003531","cubic feet","Standard","0.158895","UK","gl_beauty","145637","191","0","45","25","4.59","7.64","15.45","31.66","93.23","35","13","0","0","0","0.11","0","0","0","0","1","0","","","","","","","","","","","","","430.7","0","","2026-08-09","430.7","88.8","2026-08-10","45","1","0","0","195","N","","",""
"2026-08-13","RPAJM067","X002HOQ6CV","B0GGTVC3LP","3 Pack Texture Volumizing Combs, Wide Tooth Hair Styling Combs for Roots Lift, Fluffy Curly Hair Brushes for Men Women Barber Hairdressing","New","5","0","0","0","5","0","0","0","0","GBP","2","4","4","4","Low traffic","4.39","0.0","4.39","0.0","NoRestockExcessActionRequired","0","0.0","0","0","22.13","0.5","0.003531","cubic feet","Standard","0.017655","UK","gl_beauty","143681","36","0","5","16","4.39","7.32","14.64","14.64","14.64","0","0","0","0","0","0.01","0","0","0","0","0","0","","","","","","","","","","","","","194.0","3","2026-08-06","2026-08-09","59.0","194.0","2026-08-10","5","0","0","0","36","N","","",""
"2026-08-13","JM2603047","X002J3HLID","B0GRGFSKB5","2-Pack Transparent Plastic Wallet Inserts for Credit Cards - Durable PVC Card Holder with 10 Pages 20 Slots & 10 Pages 10 Slots,for ID, Membership & Credit Cards","New","29","4","0","20","14","0","0","0","0","GBP","1","3","7","9","Low traffic","4.49","0.0","4.49","0.0","NoRestockExcessActionRequired","33","0.0","0","0","0.0","0.38","0.003531","cubic feet","Standard","0.102399","UK","gl_luggage","607534","366","0","38","41","4.49","3.74","11.72","28.68","37.95","20","0","0","0","0","0.08","0","0","0","0","0","0","","","","","","","","","","","","","224.0","0","","2026-08-09","224.0","182.7","2026-08-10","33","0","0","0","366","N","","",""
"2026-08-13","RPAJM128","X002I8YWKJ","B0GL1JBTGK","Women Brooch Pins 4 Pcs 7.8cm/3.11inch Fashion Faux Pearl Brooch Pins Sweater Shawl Clips Safety Pins Pant Waist Tightener Pearl Pins Heavy Duty Safety Pins for Women Girls Clothing Dresses Decoration","New","35","0","0","30","6","0","0","0","0","GBP","0","0","1","2","Low traffic","4.01","0.0","4.01","0.0","Advertise listing","0","0.0","0","0","103.36","0.09","0.003531","cubic feet","Standard","0.123585","UK","gl_home","1620414","366","35","","227","4.01","0.0","0.0","3.34","6.93","30","0","0","0","0","0.09","0","0","0","0","0","0","","","","","","","","","","","","","","0","","","","725.0","2026-08-10","35","0","0","0","366","N","","",""
"2026-08-13","RPAJM191","X002I9XKZV","B0GL7G5PZB","4PCS Spiral Hair Ties Set - Heart Design Telephone Wire Bands, No Damage Elastic Coil Scrunchies for Women & Girls, Ponytail Holders for Wedding Birthday Party Daily Hair Accessories","New","8","0","0","17","0","0","0","0","0","GBP","13","13","26","29","Low traffic","4.79","0.0","4.79","0.0","NoRestockExcessActionRequired","0","4.49","52","0","46.11","3.43","0.003531","cubic feet","Standard","0.028248","UK","gl_beauty","42078","84","0","8","12","4.79","51.87","51.87","102.91","114.13","17","0","0","0","0","0.02","20","0","20","0","4","0","","","","","","","","","","","","","81.0","1","2026-08-19","2026-08-09","81.0","19.3","2026-08-10","28","2","2","0","100","N","","",""
"2026-08-13","JM2603086","X002JERCQD","B0GSW2B5BR","KSEWJP Oval Sunglasses for Women, Retro, Cat Eye, 90s, Y2K, Trendy Thin Sunglasses, UV Protection for Women, Black Frame + Black Lens","New","83","0","0","81","5","0","0","0","0","GBP","3","5","7","22","Low traffic","4.99","0.0","4.99","0.0","NoRestockExcessActionRequired","0","0.0","0","0","343.93","0.39","0.003531","cubic feet","","0.293073","UK","gl_shoes","290792","366","83","66","49","4.99","12.48","20.8","30.12","100.1","55","26","0","0","0","0.17","0","0","0","0","3","0","","","","","","","","","","","","","649.5","0","","2026-08-09","649.5","201.4","2026-08-10","83","3","0","0","366","N","","",""
"2026-08-13","2W-HCIM-B7ST","X002IA0F9T","B0GL8HZCKJ","2 Pcs Chrome Radiator Pipe Covers 15mm, Radiator Pipe Collars Cover, Snap On Decorative Pipe Sleeve Rings for Floor Entry, Rad Valve Caps and Pipe Trims for Heating System and Central Heating Pipes","New","62","0","0","65","0","0","0","0","0","GBP","2","9","25","50","Low traffic","5.89","0.0","5.89","0.0","NoRestockExcessActionRequired","6","3.21","52","0","118.5","1.23","0.003528","cubic feet","Standard","0.218736","UK","gl_home_improvement","130697","125","0","27","16","5.89","9.82","44.19","125.31","250.43","46","19","0","0","0","0.15","0","0","0","0","3","0","","","","","","","","","","","","","228.2","0","","2026-08-09","228.2","68.1","2026-08-10","62","3","0","0","131","N","","",""
"2026-08-13","Y11279","X00275M88V","B0DQSZ3TL2","Rimless Wrap Around Sunglasses for Women Men, Retro Trendy Womens Oversized Shades Cool Star Fashion Sun Glasses UV400","New","23","0","0","2","27","0","0","0","0","GBP","6","7","9","13","Low traffic","6.39","0.0","6.39","0.0","NoRestockExcessActionRequired","4","0.0","0","0","46.01","0.24","0.006357","cubic feet","Footwear","0.146211","UK","gl_shoes","131197","136","19","13","23","6.39","31.92","37.41","48.73","72.35","0","0","2","0","0","0.08","0","0","0","0","4","0","","","","","","","","","","","","","528.5","0","","2026-08-09","528.5","426.9","2026-08-10","23","4","0","0","165","N","","",""
"2026-08-13","Y12618","X0028298Z9","B0DTPCNPDQ","4 Pcs Luggage Tags, Leather Suitcase Tags, Luggage Tags for Suitcases with Adjustable Strap Privacy Protection Cover for Preventing Loss of Bags and Suitcases","New","40","0","0","40","0","0","0","0","0","GBP","0","3","11","13","Low traffic","5.59","0.0","5.59","0.0","NoRestockExcessActionRequired","3","0.0","0","0","79.0","0.52","0.010594","cubic feet","Standard","0.42376","UK","gl_office_product","356608","278","0","53","40","5.59","0.0","13.98","53.9","65.22","30","0","10","0","0","0.29","0","0","0","0","0","0","","","","","","","","","","","","","154.3","0","","2026-08-09","154.3","125.5","2026-08-10","40","0","0","0","278","N","","",""
"2026-08-13","RPAJM019","X002HR0M69","B0GHDJD57J","4 Pcs Stainless Steel Shovel Shape Spoon Pointed Spoon Coffee Tea Sugar Stirring Spoon Cake Dessert Spoon for Party","New","1","0","0","1","0","0","0","0","0","GBP","0","9","20","23","Low traffic","5.39","0.0","5.39","0.0","NoRestockExcessActionRequired","1","0.0","0","0","0.0","1.78","0.011965","cubic feet","Standard","0.011965","UK","gl_kitchen","516244","63","0","9","11","5.39","0.0","40.41","89.8","103.94","1","0","0","0","0","0.0","20","0","20","0","0","0","","","","","","","","","","","","","49.9","17","2026-08-13","2026-08-09","14.6","49.9","2026-08-10","21","0","0","0","63","N","","",""
"2026-08-13","JM2601006","X002HW3EK5","B0GJ5TXD9N","Buggy Clips. 2pcs Black Carabiner Clips. Hook Your Shopping Bags, Baby Changing or Handbag to Any Universal Pram, Stroller or Pushchair.","New","27","0","0","29","0","0","0","0","0","GBP","4","18","19","24","Low traffic","5.89","0.0","5.89","0.0","NoRestockExcessActionRequired","27","0.0","0","0","0.0","0.73","0.013714","cubic feet","Standard","0.370278","UK","gl_baby_product","12915","110","0","12","30","5.89","19.64","88.38","93.62","120.67","0","29","0","0","0","0.23","30","0","30","0","0","0","","","","","","","","","","","","","111.0","0","","2026-08-09","78.3","111.0","2026-08-10","57","0","0","0","110","N","","",""
"2026-08-13","Y12123","X00275RF9N","B0DQSPWTMZ","Silicone Food Writing Pen, Cake Desserts Decorating Pen DIY Baking Icing Piping Nozzle Tools Squeeze Cream Gun Decorative Baking Tools for Cake, Cookie","New","32","0","0","36","0","0","0","0","0","GBP","1","6","13","23","Low traffic","4.19","0.0","4.19","0.0","NoRestockExcessActionRequired","32","0.0","0","0","0.0","1.06","0.002802","cubic feet","Standard","0.089664","UK","gl_kitchen","225812","114","0","21","18","4.19","3.49","21.79","47.15","80.79","21","10","5","0","0","0.06","0","0","0","0","3","0","","","","","","","","","","","","","163.0","0","","2026-08-09","163.0","77.1","2026-08-10","32","3","0","0","119","N","","",""
"2026-08-13","JM2601050","X002HZ7RN7","B0GJLJCKJ4","Pill Boxes 7 Day 1 Times A Day, Travel Pill Box Medication Organizer Weekly 7 Day Supplement Organiser Daily Medicine Organiser Portable Medicine Case for Vitamins, Daily Pills and Supplements Green","New","24","0","0","15","9","0","0","0","0","GBP","1","2","2","3","Low traffic","5.99","0.0","5.99","0.0","Advertise listing","0","0.0","0","0","68.41","0.16","0.018136","cubic feet","Standard","0.435264","UK","gl_drugstore","98877","170","24","48","104","5.99","4.99","10.15","10.15","15.64","15","0","0","0","0","0.3","0","0","0","0","0","0","","","","","","","","","","","","","470.0","0","","2026-08-09","370.0","470.0","2026-08-10","24","0","0","0","170","N","","",""
"2026-08-13","JM2603100","X002JEHAYH","B0GSW174PT","3 Pcs Clear Womens Card Holder Wallet Small Coin Purse Keychain Mini Change Pouch Credit Card Case Coin Purses and Pouches, Plastic PVC Coin Wallet","New","46","0","0","47","0","0","0","0","0","GBP","5","36","47","60","Low traffic","5.69","0.0","5.69","0.0","NoRestockExcessActionRequired","0","0.0","0","0","100.48","1.83","0.003531","cubic feet","","0.162426","UK","gl_luggage","153048","168","0","12","25","5.69","23.7","170.64","222.78","287.65","47","0","0","0","0","0.11","70","0","70","0","1","0","","","","","","","","","","","","","37.3","0","","2026-08-09","24.8","37.3","2026-08-10","116","1","0","0","169","N","","",""
"2026-08-13","Y1220","X00275IS53","B0DQSWRRXN","Double Sided Measuring Tape 5pcs Waist Measuring Tape Clothes Fabric Sewing Tape Flexible Tape Measure for Body Measurement Tape - 60 inches/150cm - 5 Colors","New","33","0","0","21","14","0","0","0","0","GBP","3","6","7","8","Low traffic","4.48","0.0","4.48","0.0","NoRestockExcessActionRequired","0","0.0","0","0","183.34","0.34","0.007063","cubic feet","Standard","0.233079","UK","gl_biss","168697","139","33","22","53","4.48","11.19","22.38","26.45","30.61","21","0","0","0","0","0.17","0","0","0","0","2","0","","","","","","","","","","","","","332.7","0","","2026-08-09","204.5","332.7","2026-08-10","33","2","0","0","148","N","","",""
"2026-08-13","RJM2603072","X002J3IX4J","B0GRGJF473","Dance Shoe Bag Portable Ballet Shoe Storage Pouch Lightweight Organizer for Dance Shoes Drawstring Closure Ideal for Ballet Pointe and Performance Shoes","New","26","0","0","0","27","0","0","0","0","GBP","0","1","1","1","Low traffic","4.99","0.0","4.79","0.0","Lower price","0","0.0","0","0","99.13","0.04","0.003531","cubic feet","Standard","0.091806","UK","gl_luggage","2077013","366","26","104","338","4.79","0.0","4.16","4.16","4.16","0","0","0","0","0","0.06","0","0","0","0","1","0","","","","","","","","","","","","","1253.0","0","","2026-08-09","826.0","1253.0","2026-08-10","26","1","0","0","366","N","","",""
"2026-08-13","RPAJM189","X002IA1IUT","B0GL7YPZZJ","Bride & Groom Cake Topper, Acrylic Wedding Cake Topper 15.5cm×10.5cm, Mr & Mrs Black Couple Decoration (15.5cm Height x 10.5cm Width)","New","18","0","0","10","9","0","0","0","0","GBP","0","0","0","1","Low traffic","4.04","0.0","4.04","0.0","Advertise listing","0","0.0","0","0","38.22","0.07","0.003531","cubic feet","Standard","0.063558","UK","gl_toy","247739","366","18","","234","4.04","0.0","0.0","0.0","3.62","0","10","0","0","0","0.04","0","0","0","0","1","0","","","","","","","","","","","","","","0","","","","1311.0","2026-08-10","18","1","0","0","366","N","","",""
"2026-08-13","RJM2603101","X002JD7J7V","B0GSQXGZQH","2 Pcs Large Bar Hair Comb Slides French Twist Long Wide Tooth Side Combs Ladies Frech Up Do Hair Accessory (Tort Brown)","New","59","0","0","67","0","0","0","0","0","GBP","4","11","28","41","Low traffic","6.49","0.0","6.49","0.0","NoRestockExcessActionRequired","0","5.26","52","0","299.16","0.97","0.003531","cubic feet","Standard","0.208329","UK","gl_beauty","84913","157","0","21","18","6.49","21.64","59.51","150.85","219.11","30","37","0","0","0","0.15","0","0","0","0","6","1","","","","","","","","","","","","","164.7","0","","2026-08-09","164.7","64.9","2026-08-10","59","5","1","0","172","N","","",""
"2026-08-13","JM2603018","X002J3YE0L","B0GRH45LNJ","Blue Light Blocking Glasses Clear Lens Vintage Metal Frame Eyeglasses Anti Glare Glasses for Work, Playing Games, Playing","New","18","0","0","1","17","0","0","0","0","GBP","2","7","8","11","Low traffic","4.79","0.0","4.79","0.0","Advertise listing","0","0.0","0","0","80.08","0.45","0.003531","cubic feet","Apparel","0.063558","UK","gl_apparel","116219","366","48","27","56","4.79","7.98","27.93","32.25","45.55","0","1","0","0","0","0.04","30","0","30","0","0","0","","","","","","","","","","","","","228.6","0","","2026-08-09","114.2","228.6","2026-08-10","48","0","0","0","366","Y","Holiday Season","2026-09-19","2027-02-13"
"2026-08-13","RPAJM107","X002HR6N3F","B0GHFGLY4L","9V 2A Power Supply Adapter Crosley Cruiser Portable Turntable Record Player CR8005A I II III Series, 9V DC Power Supply Charger Power Cable for Record Player, Schwinn Exercise Bike, AC 100-240V, 1M","","0","0","0","1","0","0","0","0","0","GBP","0","1","5","10","","0.0","0.0","0.0","0.0","CreateShippingPlan","","","0","0","","0.59","0.003531","cubic feet","Standard","0.0","UK","gl_electronics","85587","0","0","0","0","8.69","0.0","7.24","36.36","73.45","0","0","1","0","0","","0","0","0","0","1","0","","","","","","","","","","","","","155.6","9","2026-08-11","2026-08-09","101.3","155.6","2026-08-10","0","1","0","0","9","N","","",""
"2026-08-13","RPAJM080","X002HR8289","B0GHF831C3","Photocard Holder Keychain, Kpop Photo Card Holder with Spring String Water Resistant Clear Card Covers for Collectors and Fans","New","28","0","0","15","14","0","0","0","0","GBP","1","1","2","2","Low traffic","4.59","0.0","4.59","0.0","Advertise listing","0","0.0","0","0","113.59","0.08","0.003531","cubic feet","Standard","0.098868","UK","gl_office_product","87683","366","28","112","182","4.59","3.82","3.82","7.64","7.64","0","0","15","0","0","0.07","0","0","0","0","1","0","","","","","","","","","","","","","","0","","","","2696.0","2026-08-10","28","1","0","0","366","N","","",""
"2026-08-13","RPAJM089","X002HR9GA7","B0GHFCTZKM","Upgraded Pet Hair Removal Glove, Reusable Electrostatic Fur Remover for Furniture Clothes Carpet Car, Dog Cat Hair Remover Glove for Pet Owners","New","7","0","0","0","9","0","0","0","0","GBP","1","2","2","2","Low traffic","4.29","0.0","4.29","0.0","NoRestockExcessActionRequired","0","0.0","0","0","17.37","0.1","0.003531","cubic feet","Standard","0.024717","UK","gl_home","163111","366","7","14","45","4.29","3.57","7.14","7.14","7.14","0","0","0","0","0","0.02","0","0","0","0","1","0","","","","","","","","","","","","","874.0","0","","2026-08-09","274.0","874.0","2026-08-10","7","1","0","0","366","N","","",""
"2026-08-13","JM2603019","X002J3VLCF","B0GRGSP7RF","10Pcs Wall Mount Box Repair Tool Secret Stash for 86mm Wall Outlet Switch Cassette Repairer Support Rod Electrician Accessories Switch Cassette Repairer","New","51","0","0","40","11","0","0","0","0","GBP","1","3","7","30","Low traffic","7.39","0.0","7.39","0.0","NoRestockExcessActionRequired","0","0.0","0","0","114.2","1.07","0.003531","cubic feet","Standard","0.180081","UK","gl_biss","219411","242","51","68","22","7.39","6.16","18.63","44.51","193.82","40","0","0","0","0","0.12","0","0","0","0","0","0","","","","","","","","","","","","","380.0","0","","2026-08-09","380.0","130.8","2026-08-10","51","0","0","0","242","N","","",""
"2026-08-13","RJM2603080","X002J3ALDF","B0GRF9NVDQ","2 Pack Texture Comb for Maximum Volume, Wide-Tooth Hair Styling Tool – Professional Hair Lifting Comb for Bangs, Seam Grooming, Hair Foundation Capacity, Suitable for Women & Men","New","26","0","0","0","28","0","0","0","0","GBP","0","0","0","2","Low traffic","4.39","0.0","4.39","0.0","Advertise listing","0","0.0","0","0","183.67","0.07","0.041715","cubic feet","Standard","1.08459","UK","gl_beauty","606780","366","26","","169","4.59","0.0","0.0","0.0","10.14","0","0","0","0","0","0.76","0","0","0","0","2","0","","","","","","","","","","","","","","0","","","","1270.5","2026-08-10","26","2","0","0","366","N","","",""
"2026-08-13","RPAJM083","X002HOMWUB","B0GGV3HGSK","2 Pack Large Eye Blunt Sewing Needles, Stainless Steel Darning Needles for Yarn Knitting Crochet Weaving Craft Projects","New","28","0","0","17","13","0","0","0","0","GBP","0","2","2","5","Low traffic","4.29","0.0","4.29","0.0","Advertise listing","0","0.0","0","0","119.26","0.2","0.003531","cubic feet","Standard","0.098868","UK","gl_home","862765","366","28","56","72","4.49","0.0","7.48","7.48","20.2","17","0","0","0","0","0.07","0","0","0","0","1","0","","","","","","","","","","","","","441.0","0","","2026-08-09","441.0","388.8","2026-08-10","28","1","0","0","366","N","","",""
"2026-08-13","JM2601051","X002HYRPL7","B0GJLKV98Q","White Curtain Track Gliders Hooks Curtain Rail Slider Hooks Rollers Runners Eyes Hooks for Window Door Curtains Slim Pack","New","22","0","0","23","0","0","0","0","0","GBP","4","11","14","16","Low traffic","5.26","0.0","5.26","0.0","NoRestockExcessActionRequired","0","0.0","0","0","107.04","1.1","0.003531","cubic feet","Standard","0.077682","UK","gl_home","158911","113","0","8","17","5.26","17.52","48.18","62.34","71.78","23","0","0","0","0","0.05","0","0","0","0","1","0","","","","","","","","","","","","","105.8","0","","2026-08-09","86.9","105.8","2026-08-10","22","1","0","0","118","N","","",""
"2026-08-13","RPAJM170","X002I9Y055","B0GL76VQJR","2PCS Cute Butterfly Silicone Luggage Tags, Stylish Travel Bag Identifiers, Luggage Tags for Suitcases with Name Card Holder Suitcase Tag for Easy Identification, Suitcase Labels for Travel Accessories","New","22","0","0","25","0","0","0","0","0","GBP","0","4","5","10","Low traffic","5.89","0.0","5.89","0.0","NoRestockExcessActionRequired","0","0.0","0","0","43.23","0.79","0.003531","cubic feet","Standard","0.077682","UK","gl_office_product","675674","215","0","22","28","6.09","0.0","20.28","25.52","53.97","0","25","0","0","0","0.05","0","0","0","0","3","0","","","","","","","","","","","","","200.5","0","","2026-08-09","200.5","112.8","2026-08-10","22","3","0","0","246","N","","",""
"2026-08-13","JM2601027","X002HXJYDP","B0GJD451CC","KSEWJP 18mm Black Resin Watch Strap Replacement for F-91, Includes Fork Tool, Pin Punch and Spring Bars, Durable and Comfortable Design","New","47","0","0","47","0","0","0","0","0","GBP","2","5","14","23","Low traffic","4.39","0.0","4.39","0.0","NoRestockExcessActionRequired","47","0.0","0","0","0.0","0.76","0.003075","cubic feet","Apparel","0.144525","UK","gl_jewelry","158238","326","0","37","26","4.39","7.32","18.3","50.63","81.4","1","46","0","0","0","0.1","0","0","0","0","0","0","","","","","","","","","","","","","495.0","0","","2026-08-09","495.0","98.0","2026-08-10","47","0","0","0","326","N","","",""
"2026-08-13","RPAJM225","X002I8U1PT","B0GL1QLX36","3D Total Blackout Sleep Mask for Men Women, Pressure-Free Ergonomic Eye Mask, Breathable Memory Foam Blindfold for Travel Nap Sleeping","New","2","1","0","0","5","0","0","0","0","GBP","0","2","5","5","Low traffic","4.79","0.0","4.79","0.0","Advertise listing","0","0.0","0","0","7.44","0.62","0.003531","cubic feet","Standard","0.007062","UK","gl_drugstore","200079","366","23","44","57","4.79","0.0","7.98","19.95","19.95","0","0","0","0","0","0.01","20","0","20","0","2","0","","","","","","","","","","","","","153.2","0","","2026-08-09","92.5","153.2","2026-08-10","23","0","2","0","366","N","","",""
"2026-08-13","Y12608","X00281FF5H","B0DTK7J6ML","2Rolls 20mmx22m Navy Blue Ribbon with Gold Rim,Christmas Double Sided Satin Ribbon Roll for Crafts DIY,Christmas Ribbon for Gift Wapping,Crafting Xmas Tree Cake Wreath Bow Wedding Decoration","New","29","0","0","29","0","0","0","0","0","GBP","1","1","14","24","Low traffic","5.89","0.0","5.89","0.0","NoRestockExcessActionRequired","0","0.0","0","0","151.59","1.63","0.012749","cubic feet","Standard","0.369721","UK","gl_office_product","834136","163","0","116","15","5.89","4.91","4.91","67.44","112.93","20","9","0","0","0","0.26","0","0","0","0","0","0","","","","","","","","","","","","","678.0","0","","2026-08-09","678.0","52.6","2026-08-10","29","0","0","0","163","N","","",""
"2026-08-13","Y12596","X00281HL3L","B0DTKG5QY5","2Pieces Artificial Fake Fish Toy Kids Pretend Play Prop Desktop Decoration Lifelike Artificial Fake Fish Model for Children Sea Animals Toys","New","34","0","0","16","18","0","0","0","0","GBP","0","3","7","12","Low traffic","6.19","0.0","6.19","0.0","NoRestockExcessActionRequired","34","0.0","0","0","1.31","0.38","0.00791","cubic feet","Standard","0.26894","UK","gl_toy","189370","126","0","45","36","6.19","0.0","15.96","38.76","67.86","0","15","1","0","0","0.18","0","0","0","0","0","0","","","","","","","","","","","","","353.0","0","","2026-08-09","353.0","220.6","2026-08-10","34","0","0","0","126","N","","",""
"2026-08-13","Y11277","X00275PB8Z","B0DQSMZ31C","Polarized Night-Vision Glasses for Women, Night-Driving Glasses Reduce Glare Nighttime Glasses UV Protection","New","28","0","0","20","12","0","0","0","0","GBP","7","16","19","29","Low traffic","6.59","0.0","6.59","0.0","CreateShippingPlan","28","0.0","0","0","0.0","0.7","0.005807","cubic feet","Footwear","0.162596","UK","gl_shoes","243047","55","0","7","12","6.59","38.43","87.84","104.39","160.99","0","20","0","0","0","0.08","0","0","0","0","0","0","","","","","","","","","","","","","116.8","8","2026-08-12","2026-08-09","103.8","116.8","2026-08-10","28","0","0","0","55","N","","",""
"2026-08-13","RPAJM152","X002I9PQM1","B0GL5K37GG","Outboard Kill Switch, Boat Engine Motor Kill Stop Switch, Outboard Engine Ignition Emergency Kill Stop Switch Key Lanyard Rope Clip (for All Series)+quickstop boot","New","4","0","0","4","0","0","0","0","0","GBP","12","53","71","86","","5.09","0.0","5.09","0.0","NoRestockExcessActionRequired","","","0","0","","9.76","0.003531","cubic feet","Standard","0.014124","UK","gl_automotive","20753","103","0","8","17","5.09","50.88","224.72","301.04","362.7","4","0","0","0","0","","110","0","110","0","0","0","","","","","","","","","","","","","16.2","18","2026-08-31","2026-08-09","16.2","12.4","2026-08-10","114","0","0","0","103","N","","",""
"2026-08-13","RPAJM148","X002I96WQ5","B0GL2HNK8M","Wedding Stickers Silver White Envelope Stickers Personalised Self-Adhesive Wax Seal Sticker 4 Sheets of 100 Heart Sticker Wedding Envelopes for Envelopes Invitation","New","38","0","0","38","0","0","0","0","0","GBP","2","2","5","10","Low traffic","4.49","0.0","4.49","0.0","NoRestockExcessActionRequired","17","0.0","0","0","22.4","0.57","0.00717","cubic feet","Standard","0.27246","UK","gl_home","129071","291","0","76","49","4.49","7.48","7.48","19.74","40.34","20","18","0","0","0","0.18","0","0","0","0","0","0","","","","","","","","","","","","","447.0","0","","2026-08-09","447.0","128.4","2026-08-10","38","0","0","0","291","N","","",""
"2026-08-13","RPAJM032","X002HR5XI1","B0GHDPD92B","2 Pack Dual Sided Soft Tape Measure 150cm/60Inch, Flexible Fibre Glass Measuring Tape for Body Sewing Tailor Craft Weight Loss","New","25","0","0","20","10","0","0","0","0","GBP","0","0","2","2","Low traffic","4.19","0.0","4.19","0.0","Advertise listing","0","0.0","0","0","100.92","0.12","0.003531","cubic feet","Standard","0.088275","UK","gl_biss","1560528","366","25","","162","4.19","0.0","0.0","6.98","6.98","20","0","0","0","0","0.07","0","0","0","0","5","0","","","","","","","","","","","","","","0","","","","528.5","2026-08-10","25","1","4","0","366","N","","",""
"2026-08-13","RPAJM201","X002I9TEDX","B0GL5XKQ64","8 Pcs Reusable Chopstick Helper, Hinges Trainers Chopsticks Reusable, Chopsticks for Beginners for Many Age (Chopstick Not Included)","New","27","0","0","26","1","0","0","0","0","GBP","1","1","1","9","Low traffic","3.79","0.0","3.79","0.0","NoRestockExcessActionRequired","0","0.0","0","0","55.53","0.54","0.003531","cubic feet","Standard","0.095337","UK","gl_kitchen","100452","284","27","108","39","3.79","3.16","3.16","3.16","29.02","0","26","0","0","0","0.07","0","0","0","0","0","0","","","","","","","","","","","","","833.0","0","","2026-08-09","833.0","151.9","2026-08-10","27","0","0","0","284","N","","",""
"2026-08-13","JM2603049","X002J3HG3N","B0GRGF1WDF","Brake Pads for E-Bike Disc Brakes | Copper-Kevlar Hybrid | 26x20mm (32.5mm Ear) | For All Bicycle Calipers |","New","18","0","0","24","0","0","0","0","0","GBP","3","28","44","57","Low traffic","6.19","0.0","6.19","0.0","NoRestockExcessActionRequired","7","0.0","0","0","1.58","1.83","0.003531","cubic feet","Standard","0.063558","UK","gl_outdoors","","130","0","12","20","6.19","15.48","144.48","227.2","295.64","0","24","0","0","0","0.04","70","0","70","0","2","0","","","","","","","","","","","","","40.9","0","","2026-08-09","40.9","37.3","2026-08-10","88","2","0","0","134","N","","",""
"2026-08-13","Y11385","X00275RLFL","B0DQSHGBXP","Napkin Rings Set of 6, Rustic Farmhouse Napkin Rings Boho Green Leaf Napkin Rings Eucalyptus Wood Bead Napkin Rings Holder for Fall Spring Thanksgiving Christmas Easter Weddings Table Decor","New","19","0","0","0","20","0","0","0","0","GBP","0","1","3","3","Low traffic","5.09","6.99","6.99","0.0","NoRestockExcessActionRequired","0","0.0","0","0","124.69","0.08","0.009323","cubic feet","Standard","0.177137","UK","gl_home","895802","266","19","76","82","6.99","0.0","5.82","17.46","17.46","0","0","0","0","0","0.12","0","0","0","0","1","0","","","","","","","","","","","","","1237.3","0","","2026-08-09","957.0","1237.3","2026-08-10","19","1","0","0","366","N","","",""
"2026-08-13","Y1229","X00275S6X7","B0DQS3BJ22","Wine Aerator Pourer 2-Pack - No-Drip, No-Spill Design - Instantly Enhance Red & White Wine Flavor - Premium Aerating Spout for Better Taste (Black)","New","24","0","0","16","0","8","0","0","0","GBP","0","3","3","6","Low traffic","5.99","0.0","5.99","0.0","NoRestockExcessActionRequired","0","0.0","0","0","103.06","0.3","0.003615","cubic feet","Standard","0.08676","UK","gl_kitchen","727592","285","24","32","52","5.99","0.0","14.97","14.97","30.18","16","0","0","8","0","0.06","0","0","0","0","0","0","","","","","","","","","","","","","254.8","0","","2026-08-09","244.3","254.8","2026-08-10","24","0","0","0","285","Y","Holiday Season","2026-10-31","2027-01-09"
"2026-08-13","RJM2603117","X002JEPW0V","B0GSW5R8L9","KSEWJP 2pcs Recoil Pull Starter Handle Grip Compatible with Honda GX240 GX270 GX340 GX390 GD320","New","25","0","0","0","26","0","0","0","0","GBP","1","2","3","4","Low traffic","4.59","0.0","4.59","0.0","Advertise listing","0","0.0","0","0","60.06","0.14","0.003531","cubic feet","","0.088275","UK","gl_lawn_and_garden","118165","366","25","50","81","4.59","3.82","7.64","11.96","16.62","0","0","0","0","0","0.06","0","0","0","0","1","0","","","","","","","","","","","","","646.8","0","","2026-08-09","414.0","646.8","2026-08-10","25","1","0","0","366","N","","",""
"2026-08-13","RPAJM151","X002I9PS1Z","B0GL4TDD6F","Gelb Weiß Verlauf Almond Press On Nails 24 Pcs French Tip Pink Hawaii Flower Gold Rhinestones Art Nails for Gluing Summer Manicure Set for Women Teenagers Vacati","New","22","0","0","20","3","0","0","0","0","GBP","0","2","2","5","Low traffic","3.79","0.0","3.79","0.0","Advertise listing","0","0.0","0","0","81.2","0.33","0.003531","cubic feet","Standard","0.077682","UK","gl_beauty","329341","321","22","44","57","3.79","0.0","6.32","6.32","17.0","10","10","0","0","0","0.05","0","0","0","0","1","0","","","","","","","","","","","","","346.5","0","","2026-08-09","346.5","251.6","2026-08-10","22","1","0","0","343","N","","",""
"2026-08-13","Y50184","X00282CAWH","B0DTPP3ZTK","2Pcs Desk Table Grommet 60mm(2.4 inch) Brushed Chrome Desk Cable Wire Grommet Cable Port Hole Covers Tidy for Home Office Computer Table Wire Organizer","New","73","0","0","75","0","0","0","0","0","GBP","3","19","29","46","Low traffic","6.19","0.0","6.19","0.0","NoRestockExcessActionRequired","73","0.0","0","0","0.0","1.21","0.008878","cubic feet","Standard","0.648094","UK","gl_biss","186076","182","0","15","20","6.19","15.48","98.04","150.36","239.44","70","2","3","0","0","0.43","0","0","0","0","2","0","","","","","","","","","","","","","89.4","0","","2026-08-09","89.4","82.2","2026-08-10","73","2","0","0","188","N","","",""
"2026-08-13","JM2603099","X002JEKMQP","B0GSW1ZH58","2 Pcs Black Resin Zipper Set - 68cm and 72cm Lengths for Zip Replacement, Ideal for Jackets, Coats and Upholstery Repairs","New","23","0","0","0","23","0","0","0","0","GBP","0","0","1","4","Low traffic","5.29","0.0","5.29","0.0","Advertise listing","0","0.0","0","0","115.3","0.2","0.003531","cubic feet","","0.081213","UK","gl_kitchen","1360418","366","23","","74","5.49","0.0","0.0","4.74","20.29","0","0","0","0","0","0.06","0","0","0","0","0","0","","","","","","","","","","","","","692.0","0","","2026-08-09","692.0","436.8","2026-08-10","23","0","0","0","366","N","","",""
"2026-08-13","RJM2603087","X002J3MJAD","B0GRFXBQ1R","Hair Combs Slides for Women, Twist Combs French Combs for All Hair Types, Comb Slides Elegant Hairs Accessories, Non-Slip Durable Plastic, Pack of 2 (Brown)","New","76","0","0","76","0","0","0","0","0","GBP","1","3","13","36","Low traffic","4.99","0.0","4.99","0.0","NoRestockExcessActionRequired","76","0.0","0","0","0.8","0.95","0.003973","cubic feet","Standard","0.301948","UK","gl_beauty","128528","285","0","101","27","4.99","4.16","12.97","57.87","158.63","40","36","0","0","0","0.2","0","0","0","0","1","0","","","","","","","","","","","","","399.6","0","","2026-08-09","399.6","76.5","2026-08-10","76","1","0","0","290","N","","",""
"2026-08-13","RPAJM017","X002HR83I3","B0GHFQTV4F","2 natural violin rosin, cello rosin for bows, string instrument accessories, violin rosin for bows, light dust, low-dust string instrument rosin","New","1","0","0","0","4","0","0","0","0","GBP","2","9","10","11","Low traffic","3.89","0.0","3.89","0.0","CreateShippingPlan","1","0.0","0","0","0.0","0.94","0.003531","cubic feet","Standard","0.003531","UK","gl_musical_instruments","10150","4","0","0","1","3.89","6.48","30.35","33.76","37.42","0","0","0","0","0","0.0","0","0","0","0","0","3","","","","","","","","","","","","","113.3","20","2026-08-11","2026-08-09","34.1","113.3","2026-08-10","1","0","0","0","4","N","","",""
"2026-08-13","Y11266","X00275P5M7","B0DQSGZ6VL","Men's Soft and Secure Leather Wallet with RFID Blocking, Card Slots, ID Window and Coin Pocket","New","46","0","0","48","0","0","0","0","0","GBP","5","27","43","64","Low traffic","7.79","0.0","7.79","0.0","NoRestockExcessActionRequired","46","0.0","0","0","0.0","2.23","0.008052","cubic feet","Standard","0.370392","UK","gl_luggage","167777","111","0","11","15","7.79","32.45","175.23","279.07","410.99","30","18","0","0","0","0.21","30","0","30","0","0","1","","","","","","","","","","","","","42.5","0","","2026-08-09","42.5","34.0","2026-08-10","76","0","0","0","111","N","","",""
"2026-08-13","Y11380","X00275RYZD","B0DQSRFHGF","2 Pcs Paint Palette Tray Plastic for Kids and Adults to Create DIY Craft Professional Art Painting","New","59","0","0","65","0","0","0","0","0","GBP","5","44","97","133","Low traffic","5.89","5.99","5.99","0.0","NoRestockExcessActionRequired","60","0.0","0","0","0.0","2.39","0.030316","cubic feet","Standard","1.788644","UK","gl_home","141121","105","0","14","15","5.99","24.95","219.56","484.03","663.67","40","25","0","0","0","1.02","100","0","100","0","0","0","","","","","","","","","","","","","48.0","0","","2026-08-09","48.0","33.6","2026-08-10","159","0","0","0","105","N","","",""
"2026-08-13","RPAJM005","X002HQZ2LP","B0GHDMXH6C","3 PCS Holder Lip Balm Sleeve Pouch with Hook, Portable Lipstick Case for Purse, Lip Gloss Keychain Holder, Mini Pouch Travel Accessories","New","8","0","0","0","8","0","0","0","0","GBP","0","3","4","5","Low traffic","4.09","0.0","4.09","0.0","NoRestockExcessActionRequired","0","3.82","52","0","29.96","0.45","0.003531","cubic feet","Standard","0.028248","UK","gl_luggage","575156","91","8","10","20","4.09","0.0","10.23","13.64","17.3","0","0","0","0","0","0.02","0","0","0","0","0","0","","","","","","","","","","","","","204.2","2","2026-08-27","2026-08-09","70.0","204.2","2026-08-10","8","0","0","0","91","N","","",""
"2026-08-13","Y12603","X00281COPL","B0DTK6LRYC","Generic 2 Pcs Kids Glasses, Blue Light Blocking, Clear Lens, Anti-Blue Light Eyes, Prevent Eye Fatigue (Gray+Pink)","New","33","0","0","0","34","0","0","0","0","GBP","1","3","5","9","Low traffic","4.99","7.19","7.19","0.0","NoRestockExcessActionRequired","0","0.0","0","0","201.09","0.23","0.015892","cubic feet","Footwear","0.524436","UK","gl_shoes","149840","197","33","44","47","7.19","5.99","17.97","29.95","53.91","0","0","0","0","0","0.3","0","0","0","0","0","0","","","","","","","","","","","","","532.0","0","","2026-08-09","532.0","382.4","2026-08-10","33","0","0","0","197","N","","",""
"2026-08-13","Y12192","X002755FOZ","B0DQPXPHP4","Phone Ring Holder - 360 Adjustable Mobile Phone Loop Universal Cell Phone Finger Grip Ring Zinc Alloy Ring Stand for All Smartphone","New","22","0","0","24","0","0","0","0","0","GBP","6","19","34","42","Low traffic","4.79","0.0","4.79","0.0","CreateShippingPlan","22","0.0","0","0","0.0","1.66","2.53E-4","cubic feet","Standard","0.005566","UK","gl_wireless","","50","0","4","6","4.79","23.94","76.49","138.89","172.33","24","0","0","0","0","0.0","0","0","0","0","0","0","","","","","","","","","","","","","59.9","19","2026-08-10","2026-08-09","43.5","59.9","2026-08-10","22","0","0","0","50","N","","",""
"2026-08-13","Y12703","X00282AJSJ","B0DTPRCTPV","10pcs 50mm Bronze Brown Single Hole Large Sewing Toggle Wood Buttons Craft Embellishments","New","7","0","0","8","0","0","0","0","0","GBP","5","13","15","24","Low traffic","4.19","0.0","4.19","0.0","CreateShippingPlan","7","0.0","0","0","0.0","3.83","8.83E-4","cubic feet","Standard","0.006181","UK","gl_office_product","174041","19","0","2","3","4.19","17.45","45.37","52.27","82.51","8","0","0","0","0","0.0","0","0","0","0","0","0","","","","","","","","","","","","","41.7","24","2026-08-11","2026-08-09","41.7","35.9","2026-08-10","7","0","0","0","19","N","","",""
"2026-08-13","JM2603070","X002JEEE3H","B0GSVHZKLN","Ultra-Petite Satin Scrunchies for Women - Softer Than Silk Scrunchies | Hair Ties No Damage for Frizz-Free Sleep | Perfect for Day or Night | Ideal Gifts for Women - Eucalyptus, 6 pcs","New","30","0","0","30","0","0","0","0","0","GBP","","","","","Low traffic","5.79","0.0","5.79","0.0","Advertise listing","","","0","0","","0.0","0.003531","cubic feet","","0.10593","UK","gl_beauty","","366","0","","","5.79","","","","","0","15","15","0","0","","0","0","0","0","0","0","","","","","","","","","","","","","","0","","","","","2026-08-10","30","0","0","0","366","N","","",""
"2026-08-13","RPAJM033","X002HR0N9P","B0GHDP8P7G","Guitar String Cleaner, Guitar Fretboard Cleaner Wiper, Guitar Fingerboard String Cleaner, Guitars Strings Cleaning Cloth Microfiber, Musical Instruments Fretboard Cleaning Cloths Tools for Strings","New","33","0","0","20","14","0","0","0","0","GBP","0","1","1","2","Low traffic","5.69","0.0","5.69","0.0","Advertise listing","0","0.0","0","0","116.51","0.1","0.003531","cubic feet","Standard","0.116523","UK","gl_musical_instruments","31409","366","33","132","214","5.69","0.0","4.74","4.74","10.29","20","0","0","0","0","0.08","0","0","0","0","1","0","","","","","","","","","","","","","876.5","0","","2026-08-09","823.0","876.5","2026-08-10","33","1","0","0","366","N","","",""
"2026-08-13","RPAJM236","X002I95K1N","B0GL2BCGWN","Friendship Gifts for Women - Friend Gift Cosmetic Bags, Funny Gifts for Friends, Bestie Gift for Womens Makeup Bag，Birthday Present for Women Friends","New","48","0","0","48","0","0","0","0","0","GBP","0","0","1","7","Low traffic","4.79","0.0","4.79","0.0","Advertise listing","3","0.0","0","0","80.93","0.3","0.003531","cubic feet","Standard","0.169488","UK","gl_luggage","384038","366","0","","89","4.79","0.0","0.0","4.81","34.21","20","20","8","0","0","0.12","0","0","0","0","0","0","","","","","","","","","","","","","","0","","","","288.6","2026-08-10","48","0","0","0","366","N","","",""
"2026-08-13","Y12696","X0028297X7","B0DTPD88R8","White Plastic Curtain Hooks | Hooks For Pencil Pleat, Window, Door & Shower Curtains | Heavy Duty Hook for Header Tape & Drapery | Pack of 100-2.8 x 1.2cm","New","0","0","0","1","0","0","0","0","0","GBP","3","12","13","16","Low traffic","4.39","4.39","4.39","0.0","CreateShippingPlan","","","0","0","","1.83","0.00339","cubic feet","Standard","0.0","UK","gl_home","350322","0","0","0","0","4.39","10.98","43.92","47.58","58.56","0","0","1","0","0","","0","0","0","0","1","0","","","","","","","","","","","","","65.5","14","2026-08-10","2026-08-09","29.8","65.5","2026-08-10","0","1","0","0","4","N","","",""
"2026-08-13","RPAJM175","X002IADTKV","B0GL8LWKWQ","4 Pcs Black Elastic Straight Garter Belts Clips Stocking Clamps Suspender Straps Shirt Sock Stays Holder, Women's Garters and Suspenders, Stockings and Garters","New","16","0","0","17","0","0","0","0","0","GBP","4","10","20","24","Low traffic","6.89","0.0","6.89","0.0","NoRestockExcessActionRequired","0","0.0","0","0","98.26","3.0","0.003531","cubic feet","Standard","0.056496","UK","gl_drugstore","256573","117","0","14","19","6.89","22.96","57.4","115.48","138.93","17","0","0","0","0","0.04","20","0","20","0","1","0","","","","","","","","","","","","","48.8","0","","2026-08-09","48.8","35.0","2026-08-10","36","1","0","0","120","N","","",""
"2026-08-13","RPAJM023","X002HQZ1TD","B0GHD6Q181","Vintage Saxophone Brooch with Sparkling Rhinestones - Cute Small Alloy Musical Instrument Lapel Pin for Women Men - Jazz Gift Accessory for Hats Bags Scarves","New","19","0","0","12","7","0","0","0","0","GBP","0","0","0","2","Low traffic","5.09","0.0","5.09","0.0","Advertise listing","0","0.0","0","0","99.91","0.11","0.003531","cubic feet","Apparel","0.067089","UK","gl_jewelry","1398270","366","19","","123","5.29","0.0","0.0","0.0","10.82","0","0","12","0","0","0.05","0","0","0","0","0","0","","","","","","","","","","","","","","0","","","","849.5","2026-08-10","19","0","0","0","366","N","","",""
"2026-08-13","RPAJM229","X002I8NUON","B0GL1JCDZK","White 6mm Flat Oval Shoelaces, 140cm Premium Nylon Replacement Laces, Durable Non-Slip Laces for Adult Trainers Running Shoes Casual Sneakers","New","26","0","0","21","5","0","0","0","0","GBP","0","2","3","4","Low traffic","4.79","0.0","4.79","0.0","Advertise listing","0","0.0","0","0","55.78","0.22","0.003531","cubic feet","Footwear","0.091806","UK","gl_shoes","741900","366","26","52","84","4.99","0.0","8.32","12.64","17.3","21","0","0","0","0","0.05","0","0","0","0","0","0","","","","","","","","","","","","","384.5","0","","2026-08-09","384.5","328.3","2026-08-10","26","0","0","0","366","N","","",""
"2026-08-13","Y501115","X00282CNVF","B0DTP64DVT","Professional Stainless Steel Dual Tool Cuticle Pusher Double End Manicure Pedicure Nail Cleaner Gel Polish Remover","New","16","0","0","17","0","0","0","0","0","GBP","5","17","27","40","Low traffic","3.69","0.0","3.69","0.0","NoRestockExcessActionRequired","16","0.0","0","0","0.0","1.63","2.24E-4","cubic feet","Standard","0.003584","UK","gl_beauty","74866","116","0","13","18","3.69","15.35","52.19","82.49","118.52","0","17","0","0","0","0.0","40","0","40","0","1","0","","","","","","","","","","","","","58.1","0","","2026-08-09","54.6","58.1","2026-08-10","56","1","0","0","117","N","","",""
"2026-08-13","JM2603023","X002J3HMDR","B0GRGTFWT3","10 Pcs Gold Hairs Parting Retro Punk Hair Selecting Tools Gothic Nail Finger Cosplay Claws Metal Full Finger Ring for Braiding Curling Styling Hair Extensions Accessories","New","53","0","0","50","5","0","0","0","0","GBP","2","7","17","25","Low traffic","4.99","0.0","4.99","0.0","NoRestockExcessActionRequired","0","0.0","0","0","117.78","0.84","0.003531","cubic feet","Standard","0.187143","UK","gl_beauty","127355","196","53","30","27","4.99","8.32","29.12","72.32","106.88","50","0","0","0","0","0.13","0","0","0","0","1","0","","","","","","","","","","","","","202.3","0","","2026-08-09","202.3","110.7","2026-08-10","53","1","0","0","200","N","","",""
"2026-08-13","RJM2603094","X002JD49L5","B0GSQSJH75","Teasing Comb for Fine Hair, (3-pack) Rat Tail Backcombing Volumizing Teaser Parting Wave Combs Tools for Women with Metal Pick","New","26","0","0","15","11","0","0","0","0","GBP","0","1","1","3","Low traffic","7.19","0.0","7.19","0.0","Advertise listing","0","0.0","0","0","166.36","0.13","0.003531","cubic feet","Standard","0.091806","UK","gl_beauty","331541","366","26","104","112","7.39","0.0","6.16","6.16","19.98","0","0","15","0","0","0.06","0","0","0","0","0","0","","","","","","","","","","","","","792.3","0","","2026-08-09","792.0","792.3","2026-08-10","26","0","0","0","366","N","","",""
"2026-08-13","Y1253","X00275PBT9","B0DQSCDCHG","White Plastic Curtain Hooks | Hooks For Pencil Pleat, Window, Door & Shower Curtains | Heavy Duty Hook for Header Tape & Drapery | Pack of 50-3.27 x 1.31cm","New","32","0","0","22","12","0","0","0","0","GBP","2","7","12","15","Low traffic","4.88","0.0","4.88","0.0","NoRestockExcessActionRequired","32","0.0","0","0","0.06","0.52","0.005085","cubic feet","Standard","0.16272","UK","gl_home","298272","129","0","18","27","4.88","8.14","28.49","48.84","61.14","22","0","0","0","0","0.1","0","0","0","0","0","0","","","","","","","","","","","","","180.4","0","","2026-08-09","180.4","169.7","2026-08-10","32","0","0","0","129","N","","",""
"2026-08-13","SD2500899","X002DZVU9D","B0FNR3RG4W","Christmas Headbands - Santa Hat Headdresses, Party Accessories，Christmas Hairband","New","1","0","0","1","0","0","0","0","0","GBP","0","0","0","0","Low traffic","3.09","0.0","3.09","0.0","Advertise listing","","","0","0","","0.0","0.057872","cubic feet","Standard","0.057872","UK","gl_beauty","432076","117","0","","","3.09","0.0","0.0","0.0","0.0","0","1","0","0","0","","0","0","0","0","0","0","","","","","","","","","","","","","","0","","","","","2026-08-10","1","0","0","0","117","N","","",""
"2026-08-13","Y11318","X00276395L","B0DQTWNC56","20 Pcs Spring Loaded Plastic Round Toggle Stopper Cord Locks End, Black, 2 * 2 * 2.4 cm","New","29","0","0","29","0","0","0","0","0","GBP","0","6","17","27","Low traffic","4.19","3.19","3.19","0.0","NoRestockExcessActionRequired","10","0.0","0","0","22.37","2.4","0.007063","cubic feet","Apparel","0.204827","UK","gl_apparel","584226","366","0","39","28","3.19","0.0","15.96","45.22","71.82","29","0","0","0","0","0.11","30","0","30","0","0","1","","","","","","","","","","","","","63.7","0","","2026-08-09","63.7","30.3","2026-08-10","59","0","0","0","366","N","","",""
"2026-08-13","RPAJM177","X002IA1FBB","B0GL7Q6P7V","1 Pcs Pencil Case Plush Pouch Cute Makeup Bag Cosmetic Pouch Bag Large Stationery Pouch for Girl Child School Home Use","New","34","0","0","35","1","0","0","0","0","GBP","1","2","5","8","Low traffic","6.29","0.0","6.29","0.0","Advertise listing","0","0.0","0","0","176.65","0.38","0.003531","cubic feet","Standard","0.120054","UK","gl_luggage","107826","366","34","68","55","6.29","5.24","10.65","26.88","43.27","20","0","15","0","0","0.08","0","0","0","0","2","0","","","","","","","","","","","","","774.0","0","","2026-08-09","774.0","232.3","2026-08-10","34","2","0","0","366","N","","",""
"2026-08-13","RPAJM041","X002HOG0BX","B0GGSPJGX6","Texture Comb - Men's Wide Tooth Styling Comb for Hair, Suitable for All Hair Types - Salon & Barber Use","New","52","0","0","50","2","0","0","0","0","GBP","0","0","1","10","Low traffic","3.86","0.0","3.86","0.0","Advertise listing","52","0.0","0","0","0.0","0.36","0.003531","cubic feet","Standard","0.183612","UK","gl_beauty","282971","366","0","","67","3.86","0.0","0.0","3.22","32.92","0","50","0","0","0","0.11","0","0","0","0","0","0","","","","","","","","","","","","","","0","","","","203.7","2026-08-10","52","0","0","0","366","N","","",""
"2026-08-13","JM2603010","X002J3NHM7","B0GRG5BCWF","Fuel Cap Retaining Strap 1 Parts Fuel Tank Cap Line Wire Tether Ring Replacement For Jaguar XF 2008 to 2015","New","23","0","0","20","3","0","0","0","0","GBP","1","4","12","20","Low traffic","5.79","0.0","5.79","0.0","NoRestockExcessActionRequired","23","0.0","0","0","0.0","0.91","0.003531","cubic feet","Standard","0.081213","UK","gl_automotive","107381","213","0","43","27","5.79","4.82","19.28","59.2","99.12","0","20","0","0","0","0.05","20","0","20","0","0","0","","","","","","","","","","","","","189.3","0","","2026-08-09","189.3","89.3","2026-08-10","43","0","0","0","213","N","","",""
"2026-08-13","JM2601025","X002HXPAKV","B0GJD3VSRY","Silly Goose Bookmark Book Lover Gifts Funny Reading Accessories Club Gifts for Reading Women Men Teacher Student","New","29","0","0","25","6","0","0","0","0","GBP","0","1","2","3","Low traffic","3.99","0.0","3.99","0.0","Advertise listing","0","0.0","0","0","106.82","0.17","0.003531","cubic feet","Standard","0.102399","UK","gl_office_product","314340","366","29","116","125","3.99","0.0","3.32","6.64","10.05","20","0","5","0","0","0.07","0","0","0","0","1","0","","","","","","","","","","","","","397.0","0","","2026-08-09","397.0","394.3","2026-08-10","29","1","0","0","366","N","","",""
"2026-08-13","JM2603082","X002JEPJI1","B0GSW5F5H3","French Tip False Nails with Cherry Pattern - Red Fake Nails - Short Square False Nails with Glue - Acrylic Fake nails Long Lasting Stick on Nails for Women Nail Art","New","26","0","0","0","27","0","0","0","0","GBP","0","0","0","1","Low traffic","3.99","0.0","3.99","0.0","Advertise listing","0","0.0","0","0","101.71","0.04","0.003531","cubic feet","","0.091806","UK","gl_beauty","539979","366","26","","338","3.99","0.0","0.0","0.0","4.41","0","0","0","0","0","0.06","0","0","0","0","1","0","","","","","","","","","","","","","","0","","","","813.0","2026-08-10","26","0","1","0","366","N","","",""
"2026-08-13","Y12667","X00281F6ZB","B0DTK96KBV","Black Large Shower Cap for Women Long Hair, Reusable Waterproof Shower Hats for Men, Double Layer Washable Bath Cap for Thick Curly Hair","New","30","0","0","30","0","0","0","0","0","GBP","0","4","6","10","Low traffic","4.49","0.0","4.49","0.0","NoRestockExcessActionRequired","30","0.0","0","0","0.0","0.61","0.013773","cubic feet","Standard","0.41319","UK","gl_beauty","228262","247","0","30","39","3.74","0.0","14.96","22.28","36.56","20","0","10","0","0","0.27","0","0","0","0","0","0","","","","","","","","","","","","","166.0","0","","2026-08-09","166.0","124.8","2026-08-10","30","0","0","0","247","N","","",""
"2026-08-13","RPAJM037","X002HR5RUZ","B0GHF13R7H","Dainty Sun Brooch Pin for Women Men, Elegant Lapel Hat Dress Accessory - Vintage Gold Plated Celestial Jewellery Gift for Birthdays, Holidays & Special Occasions","New","50","0","0","52","0","0","0","0","0","GBP","1","11","26","45","Low traffic","6.49","0.0","6.49","0.0","NoRestockExcessActionRequired","50","0.0","0","0","0.0","1.67","0.003531","cubic feet","Apparel","0.17655","UK","gl_jewelry","385404","95","0","18","14","6.49","5.41","61.11","144.31","249.77","30","22","0","0","0","0.1","0","0","0","0","1","1","","","","","","","","","","","","","127.3","1","2026-08-31","2026-08-09","127.3","48.8","2026-08-10","50","1","0","0","96","N","","",""
"2026-08-13","SD2500816","X002DI8B47","B0FLQ7BH7F","Funny Dog Christmas Tree Ornament - Dog Lovers Gift Idea Xmas Decor - Cute Dog Christmas Tree Topper Hanging (Corgi)","","0","0","0","0","0","2","0","0","0","GBP","0","0","0","0","","0.0","0.0","0.0","0.0","NoRestockExcessActionRequired","","","0","0","","0.0","0.001216","cubic feet","Standard","0.0","UK","gl_home","","0","0","","","3.49","0.0","0.0","0.0","0.0","0","0","0","2","0","","0","0","0","0","0","0","","","","","","","","","","","","","","0","","","","","2026-08-10","0","0","0","0","0","N","","",""
"2026-08-13","JM2601013","X002HWWPVT","B0GJ9X4JYB","2 Pcs Leopard Print Scrunchie Oversized Print Hair Scrunchie Ponytail Large Deep Leopard Hair Scrunchies for Women Girls Elastic Accessories Soft Thick Hair Ropes Bands for Girls and Women Daily Use","New","25","0","0","28","0","0","0","0","0","GBP","0","5","11","22","Low traffic","4.29","0.0","4.29","0.0","NoRestockExcessActionRequired","0","4.19","9","0","51.28","0.99","0.003531","cubic feet","Standard","0.088275","UK","gl_beauty","164453","81","0","20","14","4.29","0.0","17.85","38.71","74.92","0","20","8","0","0","0.06","0","0","0","0","2","0","","","","","","","","","","","","","181.4","2","2026-08-19","2026-08-09","181.4","82.9","2026-08-10","25","2","0","0","87","N","","",""
"2026-08-13","Y50164","X002829DH7","B0DTPKSJGR","Spiral Hair Ties - Waterproof Hair Ties No Damage, Plastic Spiral Hair Bands for Teens, Stylish Hair Spirals & Hair Band Spiral for Girls, Spiral Hair Tie & Hair Coil Bands, 8 Pcs (Brunette)","New","39","0","0","40","0","0","0","0","0","GBP","3","11","13","20","Low traffic","4.09","0.0","4.09","0.0","NoRestockExcessActionRequired","39","0.0","0","0","0.0","0.75","0.005297","cubic feet","Standard","0.206583","UK","gl_beauty","60181","151","0","14","25","4.09","10.23","37.67","44.81","69.97","30","0","10","0","0","0.14","0","0","0","0","0","0","","","","","","","","","","","","","158.8","0","","2026-08-09","158.8","148.2","2026-08-10","39","0","0","0","151","N","","",""
"2026-08-13","JM2601007","X002HW2CVR","B0GJ5QL2D4","Inspirational Daughter Bookmark Book Mark Daughter Gifts from Mum Dad for Birthday Christmas Graduation Leaving Be Strong Be Brave Be Beautiful Never Forget that I Love You","New","17","0","0","15","3","0","0","0","0","GBP","0","0","0","2","Low traffic","4.19","0.0","4.19","0.0","Advertise listing","0","0.0","0","0","35.22","0.16","0.003531","cubic feet","Standard","0.060027","UK","gl_office_product","627222","366","17","","110","4.19","0.0","0.0","0.0","8.64","10","0","5","0","0","0.04","0","0","0","0","0","0","","","","","","","","","","","","","","0","","","","495.0","2026-08-10","17","0","0","0","366","N","","",""
"2026-08-13","Y501125","X002828TIB","B0DTP3GFW4","Felt Metatarsal Pads for Women and Men 20 Pack,Adhesive Forefoot Pads Forefoot Cushion Pads, Ball of Foot Cushion Foot Pads for Forefoot and Sole Support, Metatarsalgia Mortons Neuroma","New","45","0","0","45","0","0","0","0","0","GBP","3","13","30","49","Low traffic","6.99","0.0","6.99","0.0","NoRestockExcessActionRequired","45","0.0","0","0","0.0","1.87","0.036957","cubic feet","Standard","1.663065","UK","gl_drugstore","113793","161","0","23","19","6.99","17.46","75.66","174.44","280.27","40","5","0","0","0","1.02","30","0","30","0","0","0","","","","","","","","","","","","","72.4","0","","2026-08-09","72.4","39.5","2026-08-10","75","0","0","0","161","N","","",""
"2026-08-13","RPAJM125","X002I8VATP","B0GL1771CG","1Pc Black Adjustable Bib Holder Clips Napkin Holders Napkin Clip Neck Chain for Adult Napkin Holders Kitchen Accessories","New","25","0","0","26","0","0","0","0","0","GBP","2","10","15","18","Low traffic","4.59","0.0","4.59","0.0","NoRestockExcessActionRequired","0","4.49","9","0","55.83","0.87","0.003531","cubic feet","Standard","0.088275","UK","gl_kitchen","306020","297","0","22","39","4.59","7.64","38.2","57.3","68.52","1","20","5","0","0","0.06","30","0","30","0","1","0","","","","","","","","","","","","","103.5","0","","2026-08-09","91.3","103.5","2026-08-10","55","1","0","0","303","N","","",""
"2026-08-13","RPAJM062","X002HR915R","B0GHDQ52PG","2 x Tumble Dryer Sponge Filter for 40006731, Dryer Filter Replacement Filter 275 x 125 x 10 mm, Foam Filter for Heat Pump Dryer and Condenser Dryer","New","40","0","0","42","0","0","0","0","0","GBP","0","3","8","15","Low traffic","4.59","0.0","4.59","0.0","NoRestockExcessActionRequired","0","0.0","0","0","269.32","0.71","0.048923","cubic feet","Standard","1.95692","UK","gl_major_appliances","599495","272","0","53","34","4.59","0.0","11.63","32.25","60.18","40","0","2","0","0","1.35","0","0","0","0","2","0","","","","","","","","","","","","","294.0","0","","2026-08-09","294.0","92.2","2026-08-10","40","2","0","0","286","N","","",""
"2026-08-13","VP-IL8L-E99O","X002IAB4XP","B0GL8D9WWY","2 x Tumble Dryer Sponge Filter for Miele 9164761, Dryer Filter Replacement Filter 207 x 157 x 30 mm, Foam Lint Filter for Heat Pump Dryer and Condenser Dryer [Energy Class A+++]","New","45","0","0","46","0","0","0","0","0","GBP","0","0","5","5","Low traffic","8.29","0.0","8.29","0.0","Advertise listing","0","0.0","0","0","655.74","0.22","0.098293","cubic feet","Standard","4.423185","UK","gl_major_appliances","1238292","366","0","","117","8.69","0.0","0.0","37.85","37.85","30","0","16","0","0","3.08","0","0","0","0","1","0","","","","","","","","","","","","","","0","","","","342.6","2026-08-10","45","1","0","0","366","N","","",""
"2026-08-13","RPAJM139","X002I945XH","B0GL2261JN","White Curtain Track Gliders Hooks Curtain Rail Slider Hooks Rollers Runners Eyes Hooks for Window Door Curtains 10mm x 6mm Slim Pack of 40","New","52","0","0","53","0","0","0","0","0","GBP","1","7","11","34","Low traffic","6.64","0.0","6.64","0.0","NoRestockExcessActionRequired","10","0.0","0","0","78.23","1.1","0.003531","cubic feet","Standard","0.183612","UK","gl_home","234409","223","0","29","19","6.64","5.53","38.71","60.83","188.02","22","31","0","0","0","0.12","0","0","0","0","0","0","","","","","","","","","","","","","319.2","0","","2026-08-09","319.2","86.4","2026-08-10","52","0","0","0","223","N","","",""
"2026-08-13","RPAJM031","X002HR538B","B0GHDSYHHR","Silky Satin Hair Bows - Big Hair Bows Ribbons for Women - Oversized Long Tail Big Bow Red Large Ribbon Barrettes - Metal Clips Bowknot Aesthetic Hair-Accessories","New","27","0","0","27","0","0","0","0","0","GBP","2","7","16","18","Low traffic","4.79","0.0","4.79","0.0","NoRestockExcessActionRequired","0","4.49","47","0","122.25","0.97","0.003531","cubic feet","Standard","0.095337","UK","gl_beauty","145086","100","0","15","19","4.79","7.98","27.93","65.37","73.69","27","0","0","0","0","0.07","0","0","0","0","0","0","","","","","","","","","","","","","151.0","0","","2026-08-09","151.0","89.8","2026-08-10","27","0","0","0","100","N","","",""
"2026-08-13","Y11261","X002754MPD","B0DQPR1SVL","16 Piece Animal Masks Animal Costume Party Favors with 16 Different Animal Face for Petting Zoo Farmhouse Jungle Safari Theme Birthday Party Halloween Masks Dress-Up Party Supplies","New","15","0","0","17","0","0","0","0","0","GBP","38","60","80","117","Low traffic","7.99","0.0","7.99","0.0","CreateShippingPlan","0","7.39","52","0","94.57","5.16","0.018646","cubic feet","Standard","0.27969","UK","gl_toy","42865","37","0","3","5","7.99","253.08","399.92","536.32","774.31","17","0","0","0","0","0.16","30","0","30","0","1","0","","","","","","","","","","","","","19.3","60","2026-08-12","2026-08-09","19.3","17.6","2026-08-10","45","1","0","0","39","Y","Halloween","2026-09-26","2026-11-06"
"2026-08-13","RPAJM162","X002I9Q2FL","B0GL6Y7R9G","Dual Interface Track Spikes Wrench, Aluminum Alloy Non-Slip Shoe Adjustment Tool, Silver M5 Spikes Key for Soccer Football Shoes","New","19","2","0","15","7","0","0","0","0","GBP","0","0","1","1","Low traffic","4.09","0.0","4.09","0.0","Advertise listing","0","0.0","0","0","44.92","0.08","0.003531","cubic feet","Standard","0.067089","UK","gl_home_improvement","","366","21","","247","4.09","0.0","0.0","3.41","3.41","15","0","0","0","0","0.05","0","0","0","0","2","0","","","","","","","","","","","","","","0","","","","762.0","2026-08-10","21","2","0","0","366","N","","",""
"2026-08-13","RJM2603107","X002JDBDHX","B0GSQTQQH2","10 sets of white ABS five petal flower accessories DIY handmade jewelry wedding hair shoes decoration","New","51","0","0","42","10","0","0","0","0","GBP","0","0","1","19","Low traffic","3.79","0.0","3.79","0.0","NoRestockExcessActionRequired","0","0.0","0","0","109.52","0.6","0.003531","cubic feet","Standard","0.180081","UK","gl_beauty","901542","366","51","","34","3.79","0.0","0.0","3.66","70.42","42","0","0","0","0","0.13","0","0","0","0","1","0","","","","","","","","","","","","","","0","","","","133.2","2026-08-10","51","1","0","0","366","N","","",""
"2026-08-13","JM2601026","X002HXR905","B0GJCWLGJ2","Hair Brush, Foldable Mini Boar Bristle Travel Hair Brush for Women and Men, Small Mini Compact Hairbrush Pocket Size Comb for Any Hairstyles, Restore Hair Shine, Beard Brush","New","54","0","0","54","0","0","0","0","0","GBP","2","8","16","26","Low traffic","4.89","0.0","4.89","0.0","NoRestockExcessActionRequired","54","0.0","0","0","0.0","0.89","0.003531","cubic feet","Standard","0.190674","UK","gl_beauty","127428","118","0","27","27","4.89","8.14","32.56","67.84","113.19","30","15","9","0","0","0.12","0","0","0","0","0","0","","","","","","","","","","","","","160.1","0","","2026-08-09","160.1","92.3","2026-08-10","54","0","0","0","118","N","","",""
"2026-08-13","Y50153","X00282CP8V","B0DTPF33XS","Resistance Band, Arm Back Shoulder Exercise Elastic Rope Stretch Fitness Band, Foot, Leg, Hand Stretcher, Arm Exerciser for Yoga Pilates Stretching Physical Therapy, Home Gym Workout","New","21","0","0","22","0","0","0","0","0","GBP","1","4","9","15","Low traffic","5.49","0.0","5.49","0.0","NoRestockExcessActionRequired","0","0.0","0","0","112.97","0.67","0.022142","cubic feet","Standard","0.464982","UK","gl_sports","134529","181","0","21","18","5.49","4.57","18.28","41.22","69.58","1","10","11","0","0","0.32","0","0","0","0","1","0","","","","","","","","","","","","","235.7","0","","2026-08-09","235.7","130.1","2026-08-10","21","1","0","0","190","N","","",""
"2026-08-13","JM2601005","X002HW5Z93","B0GJ5HNRMD","KSEWJP Funny Auntiesaurus Keyring, Silver Stainless Steel Keychain, Don't Mess with Auntiesaurus You'll Get Jurasskicked, Birthday Mothers Day Gifts for Auntie","New","13","0","0","13","0","0","0","0","0","GBP","1","3","5","12","Low traffic","3.49","0.0","3.49","0.0","NoRestockExcessActionRequired","0","0.0","0","0","28.94","1.14","0.003531","cubic feet","Apparel","0.045903","UK","gl_apparel","277908","200","0","17","14","3.49","2.91","8.73","14.63","35.0","0","13","0","0","0","0.03","0","0","0","0","0","0","","","","","","","","","","","","","148.3","0","","2026-08-09","148.3","61.3","2026-08-10","13","0","0","0","200","N","","",""
"2026-08-13","RPAJM042","X002HR42CJ","B0GHDX2WPB","White Curtain Track Gliders Hooks Curtain Rail Slider Hooks Rollers Runners Eyes Hooks for Window Door Curtains 10mm x 6mm Slim Pack of 40","New","7","0","0","0","8","0","0","0","0","GBP","1","9","9","10","Low traffic","4.49","0.0","4.49","0.0","NoRestockExcessActionRequired","0","0.0","0","0","28.6","0.66","0.003531","cubic feet","Standard","0.024717","UK","gl_home","520057","24","0","3","9","4.49","3.74","35.02","35.02","40.26","0","0","0","0","0","0.02","0","0","0","0","1","0","","","","","","","","","","","","","184.8","17","2026-08-12","2026-08-09","64.1","184.8","2026-08-10","7","1","0","0","27","N","","",""
"2026-08-13","RPAJM214","X002I98GT1","B0GL286YXH","Dandruff Comb, Hollow Tooth Button Comb, Detoxing Energy Massage Combs, Scalp Psoriasis Combs Dandruff Removal Lice Multifunctional Hairbrush For Women Men Kids","New","19","5","0","25","0","0","0","0","0","GBP","2","8","12","12","Low traffic","4.09","0.0","4.09","0.0","NoRestockExcessActionRequired","0","0.0","0","0","88.04","0.77","0.003531","cubic feet","Standard","0.067089","UK","gl_beauty","55000","145","0","9","20","4.09","6.82","27.28","40.74","40.74","20","0","5","0","0","0.06","0","0","0","0","1","0","","","","","","","","","","","","","97.4","0","","2026-08-09","50.2","97.4","2026-08-10","24","1","0","0","152","N","","",""
"2026-08-13","RPAJM113","X002HPWQ29","B0GH2G72V6","Edge Stitch Lock and Sewing Gauge,Sewing Needle Measuring Tool,4 Piece Mini Sewing Finger Ruler for Even Stitches,4mm Sewing Template,DIY Machine Sewing Kit","New","27","0","0","21","6","0","0","0","0","GBP","0","1","2","6","Low traffic","4.09","0.0","4.09","0.0","Advertise listing","0","0.0","0","0","91.56","0.32","0.003531","cubic feet","Standard","0.095337","UK","gl_home_improvement","1546286","284","27","108","58","4.29","0.0","3.57","7.48","22.88","21","0","0","0","0","0.07","0","0","0","0","0","0","","","","","","","","","","","","","794.0","0","","2026-08-09","794.0","224.5","2026-08-10","27","0","0","0","284","N","","",""
"2026-08-13","RPAJM063","X002HR644X","B0GHFGY5WT","Hair Trimming Guide, Neckline Shaving Template, Flexible Curved Silicone Haircut Band, Shaving Template Home Hair Cutting Tool, Softness Elasticity Split Ends Trimmer for Man (Blue)","New","27","0","0","16","14","0","0","0","0","GBP","2","4","4","6","Low traffic","4.49","0.0","4.49","0.0","Advertise listing","27","0.0","0","0","0.0","0.18","0.003531","cubic feet","Standard","0.095337","UK","gl_personal_care_appliances","204683","190","0","27","58","4.49","7.48","15.13","15.13","23.57","1","0","15","0","0","0.06","0","0","0","0","1","0","","","","","","","","","","","","","501.8","0","","2026-08-09","313.7","501.8","2026-08-10","27","1","0","0","198","N","","",""
"2026-08-13","JM2603030","X002J3Z7QB","B0GRH6VRH8","Donut-Shaped Toilet Button Pusher Self-Adhesive Toilet Tank Press Button Bathroom Hygiene Tool for Long Nail Protection Pack of 4","New","45","0","0","31","15","0","0","0","0","GBP","3","8","10","13","Low traffic","6.99","0.0","6.99","0.0","NoRestockExcessActionRequired","2","0.0","0","0","87.6","0.4","0.003531","cubic feet","Standard","0.158895","UK","gl_home_improvement","167397","232","43","22","45","6.99","17.46","46.73","59.54","79.01","30","0","1","0","0","0.11","0","0","0","0","0","0","","","","","","","","","","","","","232.3","0","","2026-08-09","147.4","232.3","2026-08-10","45","0","0","0","232","N","","",""
"2026-08-13","JM2603037","X002J3YW0X","B0GRGW8WDQ","Gold Buttons for Blazer, 5Pcs 23x22mm Vintage Alloy, Polished Mirror Finish Irregular Pattern - Replacement Buttons for Coat, Cardigan, Jeans, Trousers, DIY Sewing","New","45","0","0","35","15","0","0","0","0","GBP","0","2","5","11","Low traffic","5.59","0.0","5.59","0.0","Advertise listing","6","0.0","0","0","76.8","0.37","0.003531","cubic feet","Standard","0.158895","UK","gl_office_product","827180","366","39","90","53","5.59","0.0","9.98","25.21","56.04","35","0","0","0","0","0.11","0","0","0","0","5","0","","","","","","","","","","","","","1155.0","0","","2026-08-09","1155.0","247.5","2026-08-10","45","5","0","0","366","N","","",""
"2026-08-13","RPAJM173","X002IA4FVX","B0GL7G1SBM","2 Pairs Anti-Slip Shirt Sleeve Holders, Elastic Adjustable Armbands for Men, Expandable Shirt Armbands - Black, Navy Blue, Width 1Inch","New","22","0","0","21","1","0","0","0","0","GBP","0","0","3","8","Low traffic","5.89","0.0","5.89","0.0","NoRestockExcessActionRequired","0","0.0","0","0","46.82","0.54","0.003531","cubic feet","Apparel","0.077682","UK","gl_apparel","1050692","366","22","","35","5.89","0.0","0.0","16.88","45.18","0","20","1","0","0","0.04","0","0","0","0","0","0","","","","","","","","","","","","","","0","","","","157.0","2026-08-10","22","0","0","0","366","N","","",""
"2026-08-13","RJM2603105","X002JDCENP","B0GSQZN8VC","Dandruff Comb Remover Scalp Psoriasis Comb Hollow Tooth Head Lice Comb,Dandruff Comb Stainless Steel Fine Tooth Comb, Plastic Hollow Tooth Scalp Sweep Detoxing Comb Scalp Care Psoriasis Lice (1)","New","28","0","0","0","28","0","0","0","0","GBP","1","2","2","2","Low traffic","6.59","0.0","6.59","0.0","Advertise listing","0","0.0","0","0","66.91","0.07","0.003531","cubic feet","Standard","0.098868","UK","gl_beauty","132862","366","28","56","182","6.59","5.49","10.98","10.98","10.98","0","0","0","0","0","0.07","0","0","0","0","0","0","","","","","","","","","","","","","1344.0","0","","2026-08-09","444.0","1344.0","2026-08-10","28","0","0","0","366","N","","",""
"2026-08-13","Y1251","X00275TGC7","B0DQTN17H3","2 Pcs Slide-on 32mm Kitchen Cabinet Wardrobe Door Hinge,110 Degree Self Close Full Overlay Standard Hinge-Nickel Plated","New","37","0","0","21","18","0","0","0","0","GBP","1","8","14","24","Low traffic","7.79","0.0","7.79","0.0","NoRestockExcessActionRequired","37","0.0","0","0","0.0","0.6","0.024791","cubic feet","Standard","0.917267","UK","gl_home_improvement","242980","110","0","18","20","7.79","6.49","52.26","92.22","158.82","0","20","1","0","0","0.58","0","0","0","0","2","0","","","","","","","","","","","","","160.5","0","","2026-08-09","160.5","128.9","2026-08-10","37","2","0","0","117","N","","",""
"2026-08-13","RPAJM072","X002HR6U6P","B0GHFWVT5Q","Antique Brass Curtain Tie Back Hooks, Pack of 2","New","20","0","0","10","10","0","0","0","0","GBP","0","2","2","3","Low traffic","5.59","0.0","5.59","0.0","NoRestockExcessActionRequired","20","0.0","0","0","0.0","0.18","0.003531","cubic feet","Standard","0.07062","UK","gl_home","704677","173","0","40","86","5.59","0.0","9.64","9.64","15.46","0","10","0","0","0","0.05","0","0","0","0","0","0","","","","","","","","","","","","","521.0","0","","2026-08-09","321.0","521.0","2026-08-10","20","0","0","0","173","N","","",""
"2026-08-13","Y12709","X0028299VH","B0DTP9YJ39","60 PCS Polyester Felt Squares Assorted Colour Fabric Sets - 10cm Small Pastel Material Sheets for Sewing, Patchwork, and Crafting With Children","New","33","0","0","22","11","0","0","0","0","GBP","1","1","7","9","Low traffic","5.99","0.0","5.99","0.0","NoRestockExcessActionRequired","5","4.37","6","0","102.21","0.4","0.021189","cubic feet","Standard","0.699237","UK","gl_home","124465","193","28","132","47","5.99","4.99","4.99","34.25","43.57","22","0","0","0","0","0.46","0","0","0","0","0","0","","","","","","","","","","","","","713.0","0","","2026-08-09","713.0","233.3","2026-08-10","33","0","0","0","193","Y","Holiday Season","2026-09-26","2026-12-25"
"2026-08-13","RPAJM090","X002HRAYIZ","B0GHFHQB1K","KSEWJP 2 Pcs Static Removal Gloves Pet Hair, Reusable Double Sided Grooming Gloves","New","23","0","0","23","0","0","0","0","0","GBP","0","0","0","4","Low traffic","5.69","0.0","5.69","0.0","Advertise listing","0","0.0","0","0","104.63","0.28","0.003531","cubic feet","Standard","0.081213","UK","gl_pet_products","195087","366","0","","74","5.69","0.0","0.0","0.0","19.28","0","15","8","0","0","0.06","0","0","0","0","0","0","","","","","","","","","","","","","","0","","","","197.3","2026-08-10","23","0","0","0","366","N","","",""
"2026-08-13","Y11287","X00276X3HP","B0DQWWLPRH","Polarized Pilot Sunglasses for Men & Women - UV400 Protection Classic Vintage Style Ultralight Yellow Shades, Unisex Sun Glasses for Driving","New","27","10","0","37","0","0","0","0","0","GBP","0","5","24","28","Low traffic","5.29","0.0","5.29","0.0","NoRestockExcessActionRequired","0","4.33","52","0","150.05","1.47","0.007138","cubic feet","Footwear","0.192726","UK","gl_shoes","485420","366","0","69","40","5.29","0.0","22.05","104.81","121.18","37","0","0","0","0","0.15","60","0","60","0","0","0","","","","","","","","","","","","","39.2","0","","2026-08-09","29.8","39.2","2026-08-10","97","0","0","0","366","N","","",""
"2026-08-13","Y11292","X00275TZMX","B0DQTVFNTK","40Pcs Resin Buttons Black Round Button 25mm 4Hole (Black-25mm-40Pack)","New","38","0","0","41","0","0","0","0","0","GBP","10","19","42","51","Low traffic","5.29","0.0","5.29","0.0","NoRestockExcessActionRequired","38","0.0","0","0","0.0","1.87","0.002119","cubic feet","Standard","0.080522","UK","gl_office_product","297983","99","0","8","9","5.29","44.1","83.79","183.77","222.95","41","0","0","0","0","0.05","0","0","0","0","3","0","","","","","","","","","","","","","106.5","0","","2026-08-09","106.5","46.0","2026-08-10","38","3","0","0","106","Y","Holiday Season","2026-10-03","2027-03-20"
"2026-08-13","JM2601022","X002HZOOC9","B0GJD1TS9J","2PCS Double Swivel Pram Hooks – Sturdy Pram Hook for Bags, Stroller Hooks for Easy Hanging, Sturdy Pushchair Clips for Shopping Bags Groceries and More, Convenient and Versatile for Everyday Use","New","3","28","0","1","0","0","0","0","0","GBP","6","29","29","29","Low traffic","4.19","0.0","4.19","0.0","NoRestockExcessActionRequired","0","3.59","9","0","62.07","3.74","0.003531","cubic feet","Standard","0.010593","UK","gl_baby_product","239864","66","0","4","14","4.19","20.94","98.49","98.49","98.49","0","1","0","0","0","0.08","30","0","30","0","0","0","","","","","","","","","","","","","19.5","28","2026-08-25","2026-08-09","19.5","19.5","2026-08-10","61","0","0","0","66","N","","",""
"2026-08-13","RJM2603063","X002J3QWV5","B0GRGGY8JB","2-Piece Yellow Plastic Drill Guide for Vertical Hole Drilling, Handheld Multi-Size Drill Block and Precision Drilling Jig for Straight Holes in Woodworking & DIY","New","40","0","0","30","15","0","0","0","0","GBP","1","2","6","10","Low traffic","7.99","0.0","7.99","0.0","Advertise listing","40","0.0","0","0","0.0","0.37","0.003531","cubic feet","Standard","0.14124","UK","gl_home_improvement","214083","223","0","80","52","7.99","6.66","13.32","41.96","70.93","30","0","0","0","0","0.09","0","0","0","0","4","0","","","","","","","","","","","","","625.0","0","","2026-08-09","625.0","251.3","2026-08-10","40","4","0","0","247","N","","",""
"2026-08-13","JM2601047","X002HY1ELJ","B0GJFL1LFK","KSEWJP 140cm Waterproof Oxford Cloth Fishing Rod Bag Cover Fishing Tackle Storage Bag Portable and Lightweight for Outdoor Fishing(Black)","New","35","64","0","3","0","0","0","0","0","GBP","17","50","65","83","Low traffic","6.29","0.0","6.29","0.0","CreateShippingPlan","100","0.0","0","0","0.0","4.15","0.038336","cubic feet","Standard","1.34176","UK","gl_luggage","21079","66","0","2","5","6.29","89.08","262.0","340.03","430.49","0","3","0","0","0","2.55","0","0","0","0","1","0","","","","","","","","","","","","","25.9","58","2026-08-25","2026-08-09","25.4","25.9","2026-08-10","99","0","1","0","67","N","","",""
"2026-08-13","JM2603063","X002JE3U3H","B0GSV9WT12","KSEWJP Bra Extender 7 Hook Bra Extender Strap Extenders 4pcs Extension Kit for Women Bustiers Shapewear Waist Cincher Plus Size","New","39","0","0","41","0","0","0","0","0","GBP","1","7","18","35","Low traffic","5.29","0.0","5.29","0.0","NoRestockExcessActionRequired","16","0.0","0","0","62.21","1.11","0.003531","cubic feet","","0.137709","UK","gl_apparel","323444","175","0","22","14","5.29","4.41","30.87","79.54","155.87","0","41","0","0","0","0.08","0","0","0","0","2","0","","","","","","","","","","","","","165.4","0","","2026-08-09","165.4","65.7","2026-08-10","39","2","0","0","183","N","","",""
"2026-08-13","Y11274","X00275MANJ","B0DQSG9BHL","Men's Solid Multi-color Silk Cumberbund","New","7","0","0","9","0","0","0","0","0","GBP","17","26","37","48","Low traffic","5.79","0.0","5.79","0.0","CreateShippingPlan","7","0.0","0","0","0.0","2.97","0.028175","cubic feet","Apparel","0.197225","UK","gl_apparel","106538","60","0","4","7","5.79","81.94","125.32","178.02","227.65","9","0","0","0","0","0.06","20","0","20","0","2","0","","","","","","","","","","","","","51.1","17","2026-08-25","2026-08-09","43.1","51.1","2026-08-10","27","2","0","0","63","N","","",""
"2026-08-13","RPAJM233","X002I91W8X","B0GL1LT9KP","Universal Soft Hand Strap for 6-7 Inch EReader Tablet, Compatible with Kobo/PocketBook/Tolino/Sony/Paperwhite/Nook, High Elasticity Hand Strap For Tablet, Pink","New","26","1","0","20","8","0","0","0","0","GBP","0","0","1","1","Low traffic","4.99","0.0","4.99","0.0","Advertise listing","0","0.0","0","0","153.54","0.07","0.003531","cubic feet","Standard","0.091806","UK","gl_electronics","420116","366","27","","338","4.99","0.0","0.0","4.32","4.32","20","0","0","0","0","0.07","0","0","0","0","1","0","","","","","","","","","","","","","","0","","","","765.0","2026-08-10","27","1","0","0","366","N","","",""
"2026-08-13","RPAJM098","X002HR905X","B0GHFB7VLS","Mini Brayer Roller for Crafts -2 Pcs Small Rubber Ink Roller for Cricut Vinyl & Printmaking | Craft Paint Roller for Stamping and Scrapbooking","New","30","0","0","31","0","0","0","0","0","GBP","3","4","9","11","Low traffic","4.69","0.0","4.69","0.0","NoRestockExcessActionRequired","0","0.0","0","0","113.11","0.62","0.003531","cubic feet","Standard","0.10593","UK","gl_biss","375968","214","0","30","35","4.69","11.73","15.8","36.15","44.29","15","16","0","0","0","0.07","0","0","0","0","1","0","","","","","","","","","","","","","197.5","0","","2026-08-09","197.5","130.4","2026-08-10","30","1","0","0","222","N","","",""
"2026-08-13","46-74MK-AOO4","X002IACTWF","B0GL8BYQGB","4 Pack Video Doorbell Button Replacements, Black Universal Doorbell Repair Buttons with 2 Screws, Fix Cracked Broken Buttons for Most Video Doorbells","New","7","0","0","1","6","0","0","0","0","GBP","2","4","4","4","Low traffic","6.39","0.0","6.39","0.0","Advertise listing","0","0.0","0","0","17.23","0.43","0.003528","cubic feet","Standard","0.024696","UK","gl_home_improvement","98671","366","37","37","120","6.39","10.64","21.62","21.62","21.62","1","0","0","0","0","0.02","30","0","30","0","0","0","","","","","","","","","","","","","432.0","0","","2026-08-09","132.0","432.0","2026-08-10","37","0","0","0","366","N","","",""
"2026-08-13","JM2603038","X002J3U1XZ","B0GRGLJMQ5","Gel Nail Stickers Flower French Tip Semi Cured Gel Nail Strips Wraps UV/LED Nails Art Design Decoration Accessories","New","8","0","0","0","8","0","0","0","0","GBP","1","1","2","4","Low traffic","4.99","0.0","4.99","0.0","NoRestockExcessActionRequired","0","0.0","0","0","18.6","0.4","0.003531","cubic feet","Standard","0.028248","UK","gl_beauty","135813","147","8","32","26","4.99","4.16","4.16","8.98","18.62","0","0","0","0","0","0.02","0","0","0","0","0","0","","","","","","","","","","","","","270.0","0","","2026-08-09","270.0","226.5","2026-08-10","8","0","0","0","147","N","","",""
"2026-08-13","Y11336","X00275UU5T","B0DQTHPJ8G","Generic 6PCS Knitting Needles Set, Different Sizes Bamboo, Warm Wooden, DIY Handmade Wool Sweater Scarf for Beginner (6mm, 8mm, 10mm, 25cm)","New","30","0","0","1","33","0","0","0","0","GBP","1","1","2","2","Low traffic","4.79","0.0","4.79","0.0","NoRestockExcessActionRequired","30","0.0","0","0","0.95","0.06","0.008264","cubic feet","Standard","0.24792","UK","gl_home","239045","210","0","120","195","4.79","3.99","3.99","7.98","7.98","0","1","0","0","0","0.16","0","0","0","0","4","0","","","","","","","","","","","","","","0","","","","3165.0","2026-08-10","30","4","0","0","271","N","","",""
"2026-08-13","Y12342","X0027E1VN5","B0DRTCCSK5","M6 Nyloc Nuts, 6mm Locking Nuts, (Pack of 20) A2 304 Stainless Steel Hex Nuts, Nylon Insert Lock Nuts, Self-Locking Nut for Bolts & Screws, DIN 985","New","127","54","0","64","0","0","0","0","0","GBP","27","95","125","152","Low traffic","5.29","3.79","3.79","0.0","NoRestockExcessActionRequired","55","1.89","42","0","212.92","4.43","4.24E-4","cubic feet","Standard","0.053848","UK","gl_biss","20128","125","0","5","10","3.79","85.32","292.95","380.25","458.82","64","0","0","0","0","0.05","0","0","0","0","1","0","","","","","","","","","","","","","15.7","22","2026-08-25","2026-08-09","15.7","13.4","2026-08-10","181","0","1","0","126","N","","",""
"2026-08-13","Y1283","X002754HHL","B0DQPSTMPF","Y Shape Vegetable Peeler with 2 Orange Peelers, Sharp Carbon Steel Blade Non-Slip Handle, Swivel Peeler for Potato Carrot Cucumber Fruit Citrus","","0","0","0","0","1","0","0","0","0","GBP","0","0","3","4","","0.0","0.0","0.0","0.0","CreateShippingPlan","","","0","0","","0.31","0.010171","cubic feet","Standard","0.0","UK","gl_kitchen","1128337","0","0","","0","5.49","0.0","0.0","13.71","18.28","0","0","0","0","0","","0","0","0","0","1","0","","","","","","","","","","","","","429.0","0","","2026-08-09","264.0","429.0","2026-08-10","0","1","0","0","366","N","","",""
"2026-08-13","JM2601016","X002HWOS7X","B0GJBDTB6H","KSEWJP Camera Strap or Binoculars Strap","New","31","0","0","33","0","0","0","0","0","GBP","2","4","10","16","Low traffic","4.69","0.0","4.69","0.0","NoRestockExcessActionRequired","0","4.49","9","0","62.23","0.67","0.003531","cubic feet","Apparel","0.109461","UK","gl_apparel","","149","0","31","25","4.69","7.82","15.8","40.22","63.69","0","20","13","0","0","0.06","0","0","0","0","3","0","","","","","","","","","","","","","181.2","0","","2026-08-09","181.2","147.7","2026-08-10","31","3","0","0","166","N","","",""
"2026-08-13","JM2603040","X002J40TOF","B0GRGWC1ZF","8Pcs White Flower Plunger Cookie Cutter DIY Blossom Flower Cake Fondant Mold Plastic Cake Decorating Tools Baking Accessories Cookie Cutters for Baking Plastic, Dessert and Candy Sculpting Tools","New","79","0","0","79","0","0","0","0","0","GBP","1","1","6","30","Low traffic","6.59","0.0","6.59","0.0","NoRestockExcessActionRequired","79","0.0","0","0","0.0","0.95","0.003531","cubic feet","Standard","0.278949","UK","gl_kitchen","532985","366","0","316","34","6.59","5.49","5.49","35.44","176.09","50","29","0","0","0","0.18","0","0","0","0","0","0","","","","","","","","","","","","","1788.0","0","","2026-08-09","1788.0","97.6","2026-08-10","79","0","0","0","366","N","","",""
"2026-08-13","RPAJM058","X002HR907L","B0GHF4QK4F","Thoughtful Gift for Daddy Coffee Gifts Idea for Dad's Birthday Laser Etched Coffee Spoon Cheap Gift idea Dad to be","New","22","0","0","22","0","0","0","0","0","GBP","0","2","10","18","Low traffic","4.39","0.0","4.39","0.0","NoRestockExcessActionRequired","0","3.96","52","0","83.41","1.01","0.003531","cubic feet","Standard","0.077682","UK","gl_kitchen","728006","120","0","44","15","4.39","0.0","7.32","36.15","63.51","0","20","2","0","0","0.05","0","0","0","0","0","0","","","","","","","","","","","","","349.5","0","","2026-08-09","349.5","66.7","2026-08-10","22","0","0","0","120","N","","",""
"2026-08-13","Y12451","X0027E3DLN","B0DRTB27TW","Flower Silicone Soap Moulds, Homemade Soap Mould, Muffin, Pudding, Jelly, Brownie and Cheesecake, Nonstick & BPA Free","New","21","0","0","23","0","0","0","0","0","GBP","0","5","11","19","Low traffic","5.49","0.0","5.49","0.0","NoRestockExcessActionRequired","3","0.0","0","0","45.17","1.25","0.024918","cubic feet","Standard","0.523278","UK","gl_kitchen","230684","89","0","16","14","5.49","0.0","22.85","50.27","86.83","0","23","0","0","0","0.35","0","0","0","0","1","0","","","","","","","","","","","","","161.0","1","2026-08-12","2026-08-09","161.0","65.9","2026-08-10","21","0","1","0","94","N","","",""
"2026-08-13","RPAJM133","X002I8NZYN","B0GL1ZDC99","Credit Card Holder (20 Card Slots) RFID Wallet for Men, Genuine Leather Credit Card Protector, RFID Blocking Card Holder Wallet for Women & Men","New","17","0","0","17","0","0","0","0","0","GBP","3","13","22","28","Low traffic","5.89","0.0","5.89","0.0","NoRestockExcessActionRequired","17","0.0","0","0","0.0","1.53","0.003531","cubic feet","Standard","0.060027","UK","gl_luggage","124750","153","0","17","26","5.89","14.73","63.83","108.18","138.92","0","17","0","0","0","0.04","40","0","40","0","0","1","","","","","","","","","","","","","72.7","0","","2026-08-09","72.7","57.7","2026-08-10","57","0","0","0","153","N","","",""
"2026-08-13","RPAJM160","X002I9SR7H","B0GL698KH1","Double Ended Lead for Dogs, Bolt Snap Hooks Zinc Alloy Double End Clip Silver Diving Clip Trigger Snaps for Diving Dog Leash Key Chain Horse Tack Pet Feed Buckets","New","15","0","0","12","4","0","0","0","0","GBP","0","1","2","3","Low traffic","4.69","0.0","4.69","0.0","Advertise listing","0","0.0","0","0","62.56","0.21","0.003531","cubic feet","Standard","0.052965","UK","gl_pet_products","233842","366","45","180","195","4.89","0.0","4.24","8.48","12.72","1","1","10","0","0","0.04","30","0","30","0","1","0","","","","","","","","","","","","","463.0","0","","2026-08-09","463.0","394.3","2026-08-10","45","1","0","0","366","N","","",""
"2026-08-13","RJM2603078","X002J3U0P9","B0GRGYJ3QR","Scrunchies, 4 PCS Black Premium Satin Hair Ties for Women, Friendly Luxurious Elastics Hair Bands, Ponytail Holders, Versatile Accessory","New","29","0","0","0","29","0","0","0","0","GBP","","","","","Low traffic","3.59","0.0","3.59","0.0","Advertise listing","0","0.0","0","0","66.36","0.0","0.003531","cubic feet","Standard","0.102399","UK","gl_beauty","","","29","","","4.99","","","","","0","0","0","0","0","0.07","0","0","0","0","0","0","","","","","","","","","","","","","","0","","","","","2026-08-10","29","0","0","0","","N","","",""
"2026-08-13","RPAJM166","X002I9UTJL","B0GL6V4N4W","Cable Organiser Bag Travel Essentials Canvas Makeup Bag All My Charging Stuff Bag Toiletry Electronics and Accessories Storage Pouch Funny Cosmetic Bags with Zipper Gifts for Women Men","New","26","0","0","28","0","0","0","0","0","GBP","0","2","2","4","Low traffic","5.39","0.0","5.39","0.0","Advertise listing","26","0.0","0","0","0.0","0.31","0.003531","cubic feet","Standard","0.091806","UK","gl_luggage","645856","366","0","52","84","5.39","0.0","8.98","8.98","18.46","20","0","8","0","0","0.06","0","0","0","0","2","0","","","","","","","","","","","","","324.5","0","","2026-08-09","324.5","248.0","2026-08-10","26","2","0","0","366","N","","",""
"2026-08-13","RPAJM119","X002I8LAIB","B0GKYDT2VG","Gold Retro Dragonfly Spoon Coffee Spoon Teaspoon Stainless Steel Tableware Creative Sugar Spoon Tea Spoon Stir Bar, Dessert Spoon, Cake Spoon, Long Handle Spoon Kitchen Gadget Antique Coffee Spoons","New","57","0","0","59","0","0","0","0","0","GBP","2","3","11","16","Low traffic","4.39","0.0","4.39","0.0","NoRestockExcessActionRequired","34","0.0","0","0","9.55","0.81","0.003531","cubic feet","Standard","0.201267","UK","gl_kitchen","203850","308","0","76","46","4.39","7.32","10.98","40.58","59.12","59","0","0","0","0","0.13","0","0","0","0","2","0","","","","","","","","","","","","","610.5","0","","2026-08-09","610.5","90.0","2026-08-10","57","2","0","0","323","N","","",""
"2026-08-13","Y50177","X00281C15J","B0DTK654HG","6 Pcs Brass Cabinet Cupboard Door Catch Ball Tension Catch Furniture Latch for Cupboard Latch, Internal Doors, Shoe Closet (Silver)","New","49","0","0","56","0","0","0","0","0","GBP","15","42","61","85","Low traffic","8.29","4.99","4.99","0.0","NoRestockExcessActionRequired","50","0.0","0","0","0.0","2.27","0.002295","cubic feet","Standard","0.112455","UK","gl_home_improvement","37791","81","0","7","12","4.99","62.4","174.72","253.76","353.6","34","22","0","0","0","0.07","30","0","30","0","6","1","","","","","","","","","","","","","61.1","25","2026-08-31","2026-08-09","61.1","40.0","2026-08-10","79","5","1","0","88","N","","",""
"2026-08-13","Y1226","X002757VVP","B0DQPYZTVH","【Stainless Steel Champagne Stopper, Professional Bottle Sealer for Champagne, Cava, Prosecco & Sparkling Wine, Compact Champagne Saver Plug - Set of 2】","","0","0","0","0","2","0","0","0","0","GBP","0","0","1","2","","0.0","0.0","0.0","0.0","CreateShippingPlan","","","0","0","","0.25","0.006215","cubic feet","Standard","0.0","UK","gl_kitchen","957207","0","0","","0","5.99","0.0","0.0","4.99","10.06","0","0","0","0","0","","0","0","0","0","1","0","","","","","","","","","","","","","","4","2026-08-06","","","377.5","2026-08-10","0","1","0","0","22","N","","",""
"2026-08-13","Y12682","X00282C761","B0DTPGVCL2","2PCS Plaid Cat Collars Quick Release Kitten Collar Bow Tie Safety Cat Bowtie Collars Christmas Cat Bow Collar With Bell Soft Tartan Collar Adjustable Pet Collars For Kitten Puppy Green and Red","New","23","5","0","29","0","0","0","0","0","GBP","4","21","27","36","Low traffic","4.79","0.0","4.79","0.0","NoRestockExcessActionRequired","28","0.0","0","0","0.0","1.74","0.006357","cubic feet","Standard","0.146211","UK","gl_pet_products","47815","67","0","4","8","4.79","15.96","83.79","107.4","140.21","29","0","0","0","0","0.11","0","0","0","0","0","0","","","","","","","","","","","","","42.1","12","2026-08-15","2026-08-09","21.5","42.1","2026-08-10","28","0","0","0","67","N","","",""
"2026-08-13","RPAJM146","X002I97WAZ","B0GL2LS17Z","3PCS Pet Pill Dispenser for Small Cats Dogs, Pet Pill Popper Cat Pill Dispenser and Pill Popper for Dogs Set, Reusable Pet Medicine Dispenser with Soft Silicone Tips","New","17","0","0","15","3","0","0","0","0","GBP","0","0","1","2","Low traffic","4.59","0.0","4.59","0.0","Advertise listing","0","0.0","0","0","70.51","0.12","0.003531","cubic feet","Standard","0.060027","UK","gl_pet_products","218228","366","17","","110","4.79","0.0","0.0","3.99","8.06","0","0","15","0","0","0.04","0","0","0","0","1","0","","","","","","","","","","","","","","0","","","","815.5","2026-08-10","17","1","0","0","366","N","","",""
"2026-08-13","RPAJM035","X002HQZAS5","B0GHDYHYVJ","Geometric Metal Brooch Pin, Irregular Large Round Vintage Brooches for Women Men Stylish Lapel Pin Coat Evening Dress Jewelry for Lady Wedding Birthday Party","New","7","0","0","0","7","0","0","0","0","GBP","2","5","5","5","Low traffic","4.59","0.0","4.59","0.0","NoRestockExcessActionRequired","0","0.0","0","0","27.47","0.47","0.003531","cubic feet","Apparel","0.024717","UK","gl_jewelry","146735","47","0","5","18","4.59","7.64","19.1","19.1","19.1","0","0","0","0","0","0.02","0","0","0","0","0","0","","","","","","","","","","","","","212.4","0","","2026-08-09","85.5","212.4","2026-08-10","7","0","0","0","47","N","","",""
"2026-08-13","RPAJM184","X002IA3Q09","B0GL7QLSWC","Leaving Gifts for Colleagues Thank You for Women Men Employee Appreciation Retirement Gifts Bookmark for Coworkers Nurse Teacher Mentor Coach Volunteers Empolyees","New","14","0","0","15","0","0","0","0","0","GBP","0","3","4","6","Low traffic","4.19","0.0","4.19","0.0","NoRestockExcessActionRequired","0","0.0","0","0","51.22","0.41","0.003531","cubic feet","Standard","0.049434","UK","gl_office_product","235007","366","0","18","30","4.19","0.0","10.47","14.04","21.18","0","0","15","0","0","0.03","0","0","0","0","0","0","","","","","","","","","","","","","163.6","0","","2026-08-09","156.7","163.6","2026-08-10","14","0","0","0","366","N","","",""
"2026-08-13","RJM2603096","X002JD4C03","B0GSQVZGS9","Detangling Hair Comb, Double Row Tooth Hair Comb Hairdressing Styling Tool for Curly Hair, Black, 7.87""x1.77""","New","17","0","0","0","19","0","0","0","0","GBP","2","9","11","11","Low traffic","4.59","0.0","4.59","0.0","Advertise listing","0","0.0","0","0","36.95","0.41","0.003531","cubic feet","Standard","0.060027","UK","gl_beauty","142053","327","57","25","67","4.59","7.64","35.4","43.55","43.55","0","0","0","0","0","0.04","40","0","40","0","2","0","","","","","","","","","","","","","222.7","0","","2026-08-09","75.2","222.7","2026-08-10","57","2","0","0","341","N","","",""
"2026-08-13","Y11335","X00275T5SR","B0DQTP295L","Generic 10PCS Bamboo Knitting Needles, Wooden, Straight, Brown, 4mm-10mm, 25.5cm, For Blanket, Scarf & Large Projects","New","27","0","0","1","26","0","0","0","0","GBP","2","5","6","8","Low traffic","5.09","0.0","5.09","0.0","NoRestockExcessActionRequired","27","0.0","0","0","0.0","0.25","0.013773","cubic feet","Standard","0.371871","UK","gl_home","289373","116","0","21","43","5.09","8.48","21.2","25.44","34.08","0","0","1","0","0","0.24","0","0","0","0","0","0","","","","","","","","","","","","","423.0","0","","2026-08-09","316.0","423.0","2026-08-10","27","0","0","0","116","N","","",""
"2026-08-13","RPAJM055","X002HPLFUN","B0GH1SRM6G","2 PCS Double Sided Melon Baller, Round Melon Balls Fruit Baller Scoop Melon Baller Scoop Stainless Steel Melon Baller Melon Scoop Double Scoop Ice Cream Cone Double Dessert Scoop for Fruit Ice","New","26","0","0","37","0","0","0","0","0","GBP","13","44","52","63","Low traffic","5.19","0.0","5.19","0.0","CreateShippingPlan","25","0.0","0","0","0.0","4.94","0.009822","cubic feet","Standard","0.255372","UK","gl_kitchen","106835","18","0","2","5","5.19","56.16","190.08","224.4","270.64","37","0","0","0","0","0.06","0","0","0","0","5","0","","","","","","","","","","","","","34.2","88","2026-08-12","2026-08-09","34.2","27.9","2026-08-10","26","4","1","0","21","N","","",""
"2026-08-13","RPAJM014","X002HR3BTT","B0GHDFX3L2","KSEWJP Ski Themed Gifts for Best Friend Birthday Gifts for Skiers Skaters Ski Lovers Gifts for Daughter Son Ski Keyring Gift for Sister Brother Snowboarding Gifts for Women Men Snowboarder Keychain","New","17","0","0","15","3","0","0","0","0","GBP","0","0","1","2","Low traffic","4.49","0.0","4.49","0.0","Advertise listing","0","0.0","0","0","78.15","0.16","0.003531","cubic feet","Apparel","0.060027","UK","gl_apparel","1444977","366","17","","110","4.89","0.0","0.0","4.57","9.31","0","15","0","0","0","0.03","0","0","0","0","1","0","","","","","","","","","","","","","","0","","","","347.7","2026-08-10","17","1","0","0","366","N","","",""
"2026-08-13","JM2603091","X002JERGUZ","B0GSW389K6","KSEWJP Magic Glass Cleaning Cloth 6 Pcs, Thickened Reusable for Streak Free Windows Mirrors Lint Free Polishing Cloths for Cars Kitchen Dishes Super Soft","New","29","0","0","0","29","0","0","0","0","GBP","1","1","1","1","Low traffic","5.99","0.0","5.99","0.0","Advertise listing","0","0.0","0","0","308.47","0.03","0.064453","cubic feet","","1.869137","UK","gl_home","","","29","116","377","5.99","4.99","4.99","4.99","4.99","0","0","0","0","0","1.3","0","0","0","0","0","0","","","","","","","","","","","","","","0","","","","","2026-08-10","29","0","0","0","","N","","",""
"2026-08-13","Y12625","X00281BZCT","B0DTK5QTF8","2 Pieces Decorative Shoe Clips Handmade Bow Knot Shoe Charms Removable Satin Shoe Bow Buckle Clips Wedding Party Outfit Accessories for Women Girls Dress Shoes Pumps Flats High Heels","New","30","0","0","0","30","0","0","0","0","GBP","2","3","5","8","Low traffic","4.99","5.59","5.59","0.0","NoRestockExcessActionRequired","0","0.0","0","0","144.96","0.24","0.00791","cubic feet","Apparel","0.2373","UK","gl_jewelry","184332","233","30","40","48","5.59","9.32","13.98","23.3","37.28","0","0","0","0","0","0.17","0","0","0","0","0","0","","","","","","","","","","","","","484.5","0","","2026-08-09","484.5","439.3","2026-08-10","30","0","0","0","233","Y","Holiday Season","2026-11-07","2027-01-09"
"2026-08-13","RPAJM106","X002HR85OP","B0GHF6JW89","6 PCS Lanyard Pen Holder Clips – Silicone & Metal Pen Holders for Badge Lanyards, Keychains, Pencils, Pens Not Included, Colorful Pocket Pen Clips for Teachers and Office","New","14","0","0","16","0","0","0","0","0","GBP","4","11","12","16","Low traffic","3.99","0.0","3.99","0.0","NoRestockExcessActionRequired","0","3.86","9","0","29.66","0.87","0.003531","cubic feet","Standard","0.049434","UK","gl_office_product","29730","196","0","16","35","3.99","13.28","37.71","41.45","57.08","0","0","16","0","0","0.03","30","0","30","0","0","0","","","","","","","","","","","","","194.2","0","","2026-08-09","93.9","194.2","2026-08-10","44","0","0","0","196","N","","",""
"2026-08-13","JM2604011","X002KIRZ7J","B0GXYZ6JRX","10-Pack 608ZZ Skateboard Bearings - 8x22x7mm Double-Sealed Ball Bearings for Longboards, Roller Skates, Skateboards, and Inline Skates（High-Speed Smooth Riding）","New","13","0","0","14","0","0","0","0","0","GBP","0","1","1","1","Low traffic","5.99","0.0","5.99","0.0","Advertise listing","","","0","0","","0.09","0.003531","cubic feet","Standard","0.045903","UK","gl_biss","259697","292","0","52","169","5.99","0.0","5.16","5.16","5.16","0","0","14","0","0","","0","0","0","0","1","0","","","","","","","","","","","","","1096.0","0","","2026-08-09","433.0","1096.0","2026-08-10","13","1","0","0","315","N","","",""
"2026-08-13","JM2603015","X002J3RMNH","B0GRGNZCFF","10Pcs Hair Combs Slides for Women Small Metal 1.6 Inch Five Tooth Side Hair Combs Secure Hold Mini Insert Headdress for Wedding and Daily Use","New","27","0","0","0","27","0","0","0","0","GBP","0","0","0","1","Low traffic","5.08","0.0","5.08","0.0","Advertise listing","13","0.0","0","0","11.9","0.04","0.003531","cubic feet","Standard","0.095337","UK","gl_beauty","499015","366","14","","351","5.08","0.0","0.0","0.0","6.07","0","0","0","0","0","0.06","0","0","0","0","0","0","","","","","","","","","","","","","","0","","","","1217.0","2026-08-10","27","0","0","0","366","N","","",""
"2026-08-13","Y11289","X00275XXC1","B0DQTLL3CG","6PCS Flower Brass Rhinestone Shank Button Set - Crystal Silver Color With 1-Hole and Flat Back, Fashion Claw Snowflake Metal for Crafts, Wedding Party","New","27","0","0","0","27","0","0","0","0","GBP","1","4","6","9","Low traffic","4.69","0.0","4.69","0.0","NoRestockExcessActionRequired","27","0.0","0","0","7.34","0.28","0.002673","cubic feet","Standard","0.072171","UK","gl_office_product","484145","125","0","27","39","4.69","3.91","15.64","23.78","36.16","0","0","0","0","0","0.05","0","0","0","0","0","0","","","","","","","","","","","","","326.1","0","","2026-08-09","226.0","326.1","2026-08-10","27","0","0","0","125","N","","",""
"2026-08-13","JM2603046","X002J401RZ","B0GRGRL226","Compact Stainless Steel Ginger Garlic Grater, 9.5cm×5cm Mini Tabletop Grater, Sharp Metal for Wasabi Spices Citrus Zest Chocolate Cheese","New","28","0","0","0","28","0","0","0","0","GBP","0","2","2","2","Low traffic","5.79","0.0","5.79","0.0","Advertise listing","0","0.0","0","0","68.67","0.07","0.003531","cubic feet","Standard","0.098868","UK","gl_kitchen","866575","366","28","56","182","5.79","0.0","9.64","9.64","9.64","0","0","0","0","0","0.07","0","0","0","0","0","0","","","","","","","","","","","","","1344.0","0","","2026-08-09","444.0","1344.0","2026-08-10","28","0","0","0","366","N","","",""
"2026-08-13","Y501119","X00282C1HB","B0DTPP8F3Q","Professional Double Ended Hypoallergenic Stainless Steel Metal Pusher (Cuticle Pusher)","New","43","0","0","45","0","0","0","0","0","GBP","3","3","6","11","Low traffic","3.89","0.0","3.89","0.0","NoRestockExcessActionRequired","0","0.0","0","0","131.63","0.44","4.45E-4","cubic feet","Standard","0.019135","UK","gl_beauty","107843","366","0","57","50","3.89","9.72","9.72","20.43","39.47","35","0","10","0","0","0.01","0","0","0","0","1","0","","","","","","","","","","","","","433.0","0","","2026-08-09","433.0","185.0","2026-08-10","43","1","0","0","366","N","","",""
"2026-08-13","Y12371","X0027E1QNP","B0DRT8WPXF","Mic Cover, Audio Technica and Other Large Microphones, Microphone Cover Foam, Microphone Filter, Mic Foam Cover, Microphone Muffler, Mic Filter","New","8","0","0","9","0","0","0","0","0","GBP","0","3","9","14","Low traffic","3.39","0.0","3.39","0.0","NoRestockExcessActionRequired","0","0.0","0","0","15.92","1.44","0.003867","cubic feet","Standard","0.030936","UK","gl_home","21750","366","0","37","26","3.39","0.0","8.46","25.56","39.75","1","8","0","0","0","0.02","20","0","20","0","1","0","","","","","","","","","","","","","146.0","0","","2026-08-09","146.0","76.3","2026-08-10","28","1","0","0","366","N","","",""
"2026-08-13","JM2601056","X002HZKVFX","B0GJR7VKK5","Universal Brake Clutch Slave Master Cylinder Pipe Connector Joint Clip Seal Gasket Repair Kit, 1K0798741","New","29","0","0","32","0","0","0","0","0","GBP","4","5","6","13","Low traffic","4.89","0.0","4.89","0.0","NoRestockExcessActionRequired","29","0.0","0","0","-0.21","0.61","2.47E-4","cubic feet","Standard","0.007163","UK","gl_automotive","16783","269","0","23","29","4.89","16.28","20.35","24.92","58.1","0","30","2","0","0","0.0","0","0","0","0","2","0","","","","","","","","","","","","","1050.0","0","","2026-08-09","1050.0","177.8","2026-08-10","29","2","0","0","286","N","","",""
"2026-08-13","Y12328","X0027JZY97","B0DRXX95FY","Generic Pet Food Spoon, Paw Cat Can Spoon, Stainless Steel, 2 Pieces, 6.88*0.98in/17.5*2.5cm, Black and White, Pet-themed, Playful","New","60","0","0","61","0","0","0","0","0","GBP","3","4","19","26","Low traffic","4.79","0.0","4.79","0.0","NoRestockExcessActionRequired","11","4.33","32","0","13.0","1.04","0.002913","cubic feet","Standard","0.17478","UK","gl_home","36796","229","0","60","30","4.91","11.97","16.13","75.76","102.5","60","0","1","0","0","0.12","0","0","0","0","1","0","","","","","","","","","","","","","223.0","0","","2026-08-09","223.0","86.1","2026-08-10","60","0","1","0","233","N","","",""
"2026-08-13","RJM2603091","X002JCY9NT","B0GSQLFMKQ","Premium Hair Comb - Shatterproof Premium Carbon Comb for Hair & Beard - Developed by Barbers - 18 cm Antistatic Mens Combs Barber Comb Double-Sided - Styling Haircomb for Men and Women","New","24","0","0","0","24","0","0","0","0","GBP","0","2","2","6","Low traffic","3.79","0.0","3.79","0.0","Advertise listing","0","0.0","0","0","62.37","0.23","0.011825","cubic feet","Standard","0.2838","UK","gl_beauty","321343","366","24","48","52","3.79","0.0","6.98","6.98","22.41","0","0","0","0","0","0.2","0","0","0","0","0","0","","","","","","","","","","","","","394.7","0","","2026-08-09","365.0","394.7","2026-08-10","24","0","0","0","366","N","","",""
"2026-08-13","JM2603065","X002JE6K8T","B0GSVCWKK8","Rhinestones Butterfly Gold Metal Hair Claw Clips Large Accessories Hair Barrettes Clips for Women Strong Hold Flower Clamps","New","21","0","0","0","21","0","0","0","0","GBP","0","0","4","6","Low traffic","4.89","0.0","4.89","0.0","NoRestockExcessActionRequired","0","0.0","0","0","93.1","0.24","0.003531","cubic feet","","0.074151","UK","gl_beauty","339420","239","21","","45","4.89","0.0","0.0","18.28","28.26","0","0","0","0","0","0.05","0","0","0","0","0","0","","","","","","","","","","","","","660.0","0","","2026-08-09","660.0","278.9","2026-08-10","21","0","0","0","239","N","","",""
"2026-08-13","RPAJM061","X002HR5U1V","B0GHFFCV27","2PCS Christmas Wrapping Paper Cutter, Gift Wrap Clamps, Sliding DIY Handmade Tool for Birthday and Christmas Presents","New","40","0","0","35","5","0","0","0","0","GBP","2","7","11","15","Low traffic","4.49","0.0","4.49","0.0","NoRestockExcessActionRequired","0","0.0","0","0","152.87","0.54","0.003531","cubic feet","Standard","0.14124","UK","gl_drugstore","135541","271","40","22","34","4.49","7.48","26.52","41.89","57.17","35","0","0","0","0","0.1","0","0","0","0","0","0","","","","","","","","","","","","","193.2","0","","2026-08-09","193.2","148.7","2026-08-10","40","0","0","0","271","N","","",""
"2026-08-13","JM2603084","X002JEPDLJ","B0GSW8SDRP","Nutmeg Grinder, Stainless Steel, Dishwasher Safe, Kitchen Grater, Versatile for Ginger, Garlic, Walnuts, Nuts, Truffle Grater","New","29","0","0","0","29","0","0","0","0","GBP","0","0","0","1","Low traffic","4.39","0.0","4.39","0.0","Advertise listing","0","0.0","0","0","67.01","0.03","0.003531","cubic feet","","0.102399","UK","gl_kitchen","2657542","366","29","","377","4.59","0.0","0.0","0.0","4.49","0","0","0","0","0","0.07","0","0","0","0","0","0","","","","","","","","","","","","","","0","","","","2639.0","2026-08-10","29","0","0","0","366","N","","",""
"2026-08-13","Y12173-1","X00275XFXD","B0DQTSPWGW","4Pcs Self Adhesive Curtain Rod Bracket No Drill Drapery Hook Holder Fixing Rod Holder Curtain Pole Wall Bracket Towel Rod Hook Home Bathroom Kitchen Hotel Towel Clothes Hanging (white)","New","70","17","0","29","0","0","0","0","0","GBP","3","11","22","26","Low traffic","4.28","0.0","4.28","0.0","NoRestockExcessActionRequired","87","0.0","0","0","172.25","1.14","0.012713","cubic feet","Standard","0.88991","UK","gl_home","545723","366","0","25","35","4.28","10.71","39.25","78.34","92.26","29","0","0","0","0","0.76","0","0","0","0","0","0","","","","","","","","","","","","","58.1","0","","2026-08-09","33.7","58.1","2026-08-10","87","0","0","0","366","Y","Fall","2026-10-17","2026-12-25"
"2026-08-13","RPAJM066","X002HOAVD1","B0GGTQL4DY","Fluffy Texture Comb & Wide Tooth Comb 2-Pack | The Best Hair Styling Tools for Detangling, Volumizing & Smooth Bangs Styling on All Hair Types","New","16","0","0","7","9","0","0","0","0","GBP","0","1","1","1","Low traffic","4.39","0.0","4.39","0.0","Advertise listing","0","0.0","0","0","85.2","0.07","0.026965","cubic feet","Standard","0.43144","UK","gl_beauty","213799","366","16","64","208","4.39","0.0","3.66","3.66","3.66","0","0","7","0","0","0.3","0","0","0","0","0","0","","","","","","","","","","","","","1498.0","0","","2026-08-09","506.0","1498.0","2026-08-10","16","0","0","0","366","N","","",""
"2026-08-13","RJM2603062","X002J3RUPH","B0GRGR3L5H","2 pcs Women Skinny Leather Belt for Dresses Thin Waist Belt with Metal Buckle for Jeans Dress Pants（Black）","New","46","0","0","31","15","0","0","0","0","GBP","0","0","1","8","Low traffic","5.79","0.0","5.79","0.0","Advertise listing","46","0.0","0","0","0.0","0.24","0.024523","cubic feet","Apparel","1.128058","UK","gl_apparel","1024829","366","0","","74","5.79","0.0","0.0","5.49","45.11","21","10","0","0","0","0.59","0","0","0","0","0","0","","","","","","","","","","","","","","0","","","","335.9","2026-08-10","46","0","0","0","366","Y","Holiday Season","2026-09-19","2027-03-13"
"2026-08-13","JM2603105","X002JDDEVB","B0GSR41RB7","KSEWJP Golden Square Metal Eyeglass Frame, Vintage Eyeglass Frame For Men And Women","New","40","0","0","30","10","0","0","0","0","GBP","4","8","13","20","Low traffic","7.19","0.0","7.19","0.0","NoRestockExcessActionRequired","0","0.0","0","0","92.0","0.57","0.006619","cubic feet","Footwear","0.26476","UK","gl_shoes","274996","217","40","20","26","7.19","23.96","48.43","79.23","123.47","0","30","0","0","0","0.15","0","0","0","0","0","0","","","","","","","","","","","","","331.3","0","","2026-08-09","331.3","173.5","2026-08-10","40","0","0","0","217","N","","",""
"2026-08-13","JM2604007","X002KG6I65","B0GXPQWWC3","KSEWJP Tongue Scraper - Helps Support Fresher Breath - Easy to Use Tongue to Improve Oral Hygiene","New","15","0","0","15","0","0","0","0","0","GBP","","","","","Low traffic","6.68","0.0","6.68","0.0","Advertise listing","","","0","0","","0.0","0.003531","cubic feet","Standard","0.052965","UK","gl_drugstore","","347","0","","","8.48","","","","","0","0","15","0","0","","0","0","0","0","0","0","","","","","","","","","","","","","","0","","","","","2026-08-10","15","0","0","0","347","N","","",""
"2026-08-13","Y50130","X002826GC7","B0DTPCJLHR","24 Pieces Safety Reflective Stickers,Warning Reflective Stickers Stick-on Car Reflector Sticker Waterproof Reflective Tape Stickers for Vehicle,Bicycles,Motorcycles,Motorcycle Helmet(3x8cm,3 color","New","1","1","0","8","0","0","0","0","0","GBP","12","18","19","20","Low traffic","3.59","0.0","3.59","0.0","CreateShippingPlan","0","0.0","0","0","7.31","0.98","0.003236","cubic feet","Standard","0.003236","UK","gl_sports","73448","8","0","0","0","3.59","35.88","53.82","56.81","60.13","0","8","0","0","0","0.0","0","0","0","0","1","0","","","","","","","","","","","","","103.9","19","2026-08-12","2026-08-09","57.1","103.9","2026-08-10","2","0","1","0","12","N","","",""
"2026-08-13","JM2603081","X002JEPEIB","B0GSW3HHJF","24Pcs Almond False Nails - Black Edge Press on with 3D star - Fake Nails with Glue - Acrylic Full Cover Artificial Fake for Women and Girls","New","26","0","0","0","27","0","0","0","0","GBP","0","0","0","1","Low traffic","3.89","0.0","3.89","0.0","Advertise listing","0","0.0","0","0","61.52","0.07","0.003531","cubic feet","","0.091806","UK","gl_beauty","537652","366","26","","338","3.89","0.0","0.0","0.0","4.07","0","0","0","0","0","0.07","0","0","0","0","1","0","","","","","","","","","","","","","","0","","","","1231.5","2026-08-10","26","1","0","0","366","N","","",""
"2026-08-13","JM2601031","X002HY850H","B0GJDJBYHV","KSEWJP 2Pcs Ball Stand, Display Stand, Exercise Ball Chair Stand Base, Sport Ball Display Rack, Soccer Display Stand Holder, Stability for Basketball Football Volleyball, Crystal","New","18","0","0","31","0","0","0","0","0","GBP","3","23","35","50","Low traffic","6.79","0.0","6.79","0.0","NoRestockExcessActionRequired","18","0.0","0","0","0.0","2.15","0.003531","cubic feet","Standard","0.063558","UK","gl_home","45807","80","0","10","15","6.79","16.98","130.18","197.65","280.08","31","0","0","0","0","0.03","40","0","40","0","3","0","","","","","","","","","","","","","49.0","9","2026-09-06","2026-08-09","49.0","38.0","2026-08-10","58","2","1","0","84","N","","",""
"2026-08-13","Y12631","X00282CPHR","B0DTPGM5XQ","20 Pack Spring Cord Locks for Drawstrings, Black Plastic Double Holes Cord Ends Fastener Oval Toggle Stopper Sliders","New","21","0","0","16","7","0","0","0","0","GBP","1","4","6","16","Low traffic","4.09","0.0","4.09","0.0","NoRestockExcessActionRequired","0","0.0","0","0","79.94","0.74","0.006357","cubic feet","Apparel","0.133497","UK","gl_apparel","505693","169","21","21","17","4.09","3.41","13.64","20.54","54.72","0","16","0","0","0","0.08","0","0","0","0","1","0","","","","","","","","","","","","","146.0","0","","2026-08-09","146.0","101.4","2026-08-10","21","1","0","0","179","N","","",""
"2026-08-13","Y50192","X00282911Z","B0DTP61VFK","3 Function Kitchen Tap Spray Head, 360° Swivel Aerator Extender, 3 Spray Modes Sink Attachment, Fits 22mm Male & 24mm Female Threads (Silver)","New","16","0","0","15","2","0","0","0","0","GBP","2","2","4","9","Low traffic","6.59","0.0","6.59","0.0","NoRestockExcessActionRequired","0","0.0","0","0","66.19","0.67","0.006056","cubic feet","Standard","0.096896","UK","gl_home_improvement","253855","194","16","32","23","6.59","10.98","10.98","21.96","49.41","0","15","0","0","0","0.07","0","0","0","0","0","0","","","","","","","","","","","","","567.0","0","","2026-08-09","567.0","123.2","2026-08-10","16","0","0","0","194","N","","",""
"2026-08-13","JM2601046","X002HYBT9V","B0GJFRWR63","4 Pack Square Headband for Women Glasses Wearers, Non Slip Zigzag Hair Bands for Medium Thick Hair, Comfortable No Pressure Head Band with Teeth","New","32","2","0","30","4","0","0","0","0","GBP","1","3","8","11","Low traffic","7.39","0.0","7.39","0.0","NoRestockExcessActionRequired","8","0.0","0","0","69.28","0.47","0.044188","cubic feet","Standard","1.414016","UK","gl_beauty","179251","267","26","42","37","7.39","6.16","18.64","50.24","69.2","20","0","10","0","0","0.97","0","0","0","0","0","0","","","","","","","","","","","","","188.3","0","","2026-08-09","188.3","146.4","2026-08-10","34","0","0","0","267","N","","",""
"2026-08-13","RPAJM097","X002HPQWTH","B0GH28FQ7Y","20 Pcs Toothbrush Head Covers - Portable & Protective Case for Travel & Home Use","New","13","0","0","10","3","0","0","0","0","GBP","1","2","2","4","Low traffic","4.86","0.0","4.86","0.0","NoRestockExcessActionRequired","13","0.0","0","0","0.0","0.32","0.015585","cubic feet","Standard","0.202605","UK","gl_home","113242","150","0","26","42","4.86","4.05","8.1","8.1","17.92","0","0","10","0","0","0.03","0","0","0","0","0","0","","","","","","","","","","","","","323.8","0","","2026-08-09","212.5","323.8","2026-08-10","13","0","0","0","150","N","","",""
"2026-08-13","RPAJM021","X002HNDZUD","B0GGKFH1J9","KSEWJP 10 Pack Clear Heart Shaped Sticky Hooks, Heavy Duty Self Adhesive Wall Hooks, No Nails Reusable for Bathroom Kitchen Office Hanging","New","21","0","0","0","22","0","0","0","0","GBP","1","2","2","3","Low traffic","3.99","0.0","3.99","0.0","Advertise listing","0","0.0","0","0","84.08","0.08","0.003531","cubic feet","Standard","0.074151","UK","gl_home_improvement","367056","141","21","42","91","3.99","3.32","6.64","6.64","11.01","0","0","0","0","0","0.05","0","0","0","0","1","0","","","","","","","","","","","","","1091.0","0","","2026-08-09","712.0","1091.0","2026-08-10","21","1","0","0","146","N","","",""
"2026-08-13","Y12632","X00282BXST","B0DTPF2S2P","2 Adjustable Pliers Made of Galvanized Iron Material, with Locking Buckle and Quick clamp, Manual Tool","New","25","0","0","25","0","0","0","0","0","GBP","1","1","4","6","Low traffic","5.09","0.0","5.09","0.0","NoRestockExcessActionRequired","25","0.0","0","0","0.0","0.25","0.002543","cubic feet","Standard","0.063575","UK","gl_home_improvement","242374","193","0","100","54","5.09","4.24","4.24","16.96","25.44","0","0","25","0","0","0.04","0","0","0","0","0","0","","","","","","","","","","","","","389.0","0","","2026-08-09","389.0","328.3","2026-08-10","25","0","0","0","193","N","","",""
"2026-08-13","JM2603045","X002J40GCP","B0GRGXCYPJ","Luggage Tag Rack [4-Pack] - Waterproof and Durable, Equipped with Steel Hooks, is A Must-Have Item for Cruise Ships","New","27","0","0","1","28","0","0","0","0","GBP","0","0","1","1","Low traffic","7.19","0.0","7.19","0.0","Advertise listing","0","0.0","0","0","160.96","0.03","0.003531","cubic feet","Standard","0.095337","UK","gl_office_product","2667291","366","27","","351","7.59","0.0","0.0","6.82","6.82","0","1","0","0","0","0.07","0","0","0","0","1","0","","","","","","","","","","","","","","0","","","","1287.5","2026-08-10","27","1","0","0","366","N","","",""
"2026-08-13","RPAJM221","X002I94C4J","B0GL26GGZS","Label Maker Tape Thermal Paper 0.47"" x 1.57""(12×40mm) Printer Sticker Labeling Tape with Self-Adhesive for P15/P12/P11/D30/D32/D35/Q30 Label Maker,1 Roll of 160 (White)","New","20","0","0","8","13","0","0","0","0","GBP","0","0","0","0","Low traffic","5.39","0.0","5.39","0.0","Advertise listing","0","0.0","0","0","113.73","0.0","0.003531","cubic feet","Standard","0.07062","UK","gl_office_product","443546","366","20","","","5.39","0.0","0.0","0.0","0.0","0","0","8","0","0","0.05","0","0","0","0","1","0","","","","","","","","","","","","","","0","","","","","2026-08-10","20","1","0","0","366","N","","",""
"2026-08-13","SD2500817","X002DJL5EJ","B0FLXJ3YR9","Book Christmas Tree Ornaments, Christmas Ornaments For Book Lovers, Funny Stacked Books Ornament Hanging Decorations, Tree Home Party Decor","","0","0","0","2","0","0","0","0","0","GBP","0","0","0","0","","0.0","0.0","0.0","0.0","NoRestockExcessActionRequired","","","0","0","","0.0","0.001543","cubic feet","Standard","0.0","UK","gl_home","","0","0","","","2.79","0.0","0.0","0.0","0.0","0","2","0","0","0","","0","0","0","0","0","0","","","","","","","","","","","","","","0","","","","","2026-08-10","0","0","0","0","0","N","","",""
"2026-08-13","SD25008149","X002E15BTV","B0FNWK79MV","Women Girls Christmas Stud Earrings, Snowflake Earrings Cubic Zirconia Stud Winter Jewelry Christmas Party Birthday Gifts For Her Mom Wife","New","4","0","0","4","0","0","0","0","0","GBP","0","0","0","0","Low traffic","2.79","0.0","2.79","0.0","Advertise listing","0","0.0","0","0","9.38","0.0","0.003531","cubic feet","Apparel","0.014124","UK","gl_jewelry","945243","114","0","","","2.79","0.0","0.0","0.0","0.0","4","0","0","0","0","0.01","0","0","0","0","0","0","","","","","","","","","","","","","","0","","","","","2026-08-10","4","0","0","0","114","N","","",""
"2026-08-13","RJM2603060","X002J3PEJB","B0GRGG7P6K","10Pcs Hair Combs Slides for Women Small Metal 1.6 Inch Five Tooth Side Hair Combs Secure Hold Mini Insert Headdress for Wedding and Daily Use","New","36","0","0","39","0","0","0","0","0","GBP","1","7","15","24","Low traffic","6.79","0.0","6.79","0.0","NoRestockExcessActionRequired","7","0.0","0","0","76.24","0.93","0.003531","cubic feet","Standard","0.127116","UK","gl_beauty","153630","147","0","20","19","6.79","5.66","40.1","86.21","137.78","39","0","0","0","0","0.08","0","0","0","0","3","0","","","","","","","","","","","","","166.6","0","","2026-08-09","166.6","78.8","2026-08-10","36","3","0","0","160","N","","",""
"2026-08-13","Y12139","X00275SY9X","B0DQSNTVLN","Generic Large Piping Tips, 6-Pack Cake Piping Nozzles Kit, Stainless Steel, Silvery, Open Star, Closed Star, Round, Piping Tip Set, Cake Piping Tips","New","19","0","0","20","3","0","0","0","0","GBP","2","9","10","11","Low traffic","4.99","0.0","4.99","0.0","NoRestockExcessActionRequired","19","0.0","0","0","0.0","0.43","0.006622","cubic feet","Standard","0.125818","UK","gl_kitchen","206730","82","0","8","22","4.99","8.32","37.44","41.76","46.08","0","0","20","0","0","0.07","0","0","0","0","4","0","","","","","","","","","","","","","278.0","0","","2026-08-09","126.4","278.0","2026-08-10","19","4","0","0","98","N","","",""
"2026-08-13","RPAJM156","X002I9T9X3","B0GL58YDW7","Carpet Scraper, 3 in 1 Pet Hair Remover by Pet Hair Lint Remover,Carpet Scraper Tool,Carpet Rake,Lint Remover,Dog Hair Remover and Cat Hair Remover(3 Types Scraping Head)","","0","0","0","1","0","0","0","0","0","GBP","0","1","3","7","","0.0","0.0","0.0","0.0","CreateShippingPlan","","","0","0","","1.08","0.003531","cubic feet","Standard","0.0","UK","gl_home","168480","0","0","0","0","4.79","0.0","3.99","11.97","28.25","0","1","0","0","0","","0","0","0","0","1","0","","","","","","","","","","","","","196.0","3","2026-08-11","2026-08-09","196.0","77.9","2026-08-10","0","1","0","0","25","N","","",""
"2026-08-13","Y11275","X00279E0E7","B0DQSL3K1W","Fake Glasses Women Men Casual Fashion Square Clear Lens Glasses 100% UV400 Protection","New","77","0","0","81","0","0","0","0","0","GBP","23","48","86","127","Low traffic","7.89","0.0","7.89","0.0","CreateShippingPlan","77","0.0","0","0","0.0","2.4","0.005324","cubic feet","Footwear","0.409948","UK","gl_shoes","63229","48","0","6","7","7.89","151.11","315.36","564.54","827.44","43","38","0","0","0","0.19","0","0","0","0","1","1","","","","","","","","","","","","","74.3","65","2026-08-29","2026-08-09","74.3","40.5","2026-08-10","77","1","0","0","49","N","","",""
"2026-08-13","Y12452","X0027DWXQP","B0DRTBV988","Winter Snowflake Cookie Cutter Set - 5 Piece - Stainless Steel","New","46","0","0","49","0","0","0","0","0","GBP","3","10","21","29","Low traffic","4.89","0.0","4.89","0.0","NoRestockExcessActionRequired","46","0.0","0","0","0.0","1.09","0.010298","cubic feet","Standard","0.473708","UK","gl_kitchen","398344","113","0","18","20","4.89","12.21","40.7","84.0","114.56","45","4","0","0","0","0.31","0","0","0","0","2","0","","","","","","","","","","","","","136.1","0","","2026-08-09","136.1","70.8","2026-08-10","46","2","0","0","118","Y","Winter","2026-11-07","2027-01-16"
"2026-08-13","Y1284","X002755R3J","B0DQPWQWRV","2X Stainless Steel Peeler French Potato Peeler Vegetable Peeler Fruit Peeler Easy Peeler","New","27","0","0","27","0","0","0","0","0","GBP","1","2","4","14","Low traffic","4.59","0.0","4.59","0.0","NoRestockExcessActionRequired","7","2.37","10","0","59.04","0.8","0.004873","cubic feet","Standard","0.131571","UK","gl_kitchen","453983","167","0","54","25","4.59","3.82","7.64","15.37","51.42","0","27","0","0","0","0.09","0","0","0","0","0","0","","","","","","","","","","","","","427.5","0","","2026-08-09","427.5","95.7","2026-08-10","27","0","0","0","167","N","","",""
"2026-08-13","JM2601040","X002HYMEXL","B0GJLSGXR7","KSEWJP High Temperature Polyimide Tape 10mm x 33m, Heat Resistant Tape, Heat Resistant Brown Adhesive Tape for Electrical Insulation, PCB Protection, and High-Temperature Applications, No Residue","New","25","0","0","20","6","0","0","0","0","GBP","0","0","1","4","Low traffic","4.29","0.0","4.29","0.0","Advertise listing","0","0.0","0","0","53.39","0.23","0.003531","cubic feet","Standard","0.088275","UK","gl_biss","769048","366","25","","81","4.29","0.0","0.0","3.57","14.55","20","0","0","0","0","0.06","0","0","0","0","1","0","","","","","","","","","","","","","","0","","","","297.8","2026-08-10","25","1","0","0","366","N","","",""
"2026-08-13","JM2603088","X002JEOXY7","B0GSW6FP1N","KSEWJP 4pcs Venetian Blind Cord Locks: Professional Cord Lock Mechanism for Window Blinds, Curtain Accessories for Home And Office","New","24","0","0","0","25","0","0","0","0","GBP","0","4","4","5","Low traffic","6.19","0.0","6.19","0.0","Advertise listing","0","0.0","0","0","58.67","0.18","0.003531","cubic feet","","0.084744","UK","gl_home","37074","270","24","24","62","6.19","0.0","20.64","20.64","26.8","0","0","0","0","0","0.06","0","0","0","0","1","0","","","","","","","","","","","","","511.6","0","","2026-08-09","201.3","511.6","2026-08-10","24","1","0","0","285","N","","",""
"2026-08-13","RJM2603111","X002JDIFER","B0GSQYRFJT","Sleep Mask, Eye Mask, Zero Eye Pressure Sleeping Grey","New","27","0","0","0","30","0","0","0","0","GBP","","","","","Low traffic","3.59","0.0","3.59","0.0","Advertise listing","0","0.0","0","0","128.79","0.0","0.028693","cubic feet","Standard","0.774711","UK","gl_drugstore","","","27","","","3.59","","","","","0","0","0","0","0","0.54","0","0","0","0","3","0","","","","","","","","","","","","","","0","","","","","2026-08-10","27","3","0","0","","N","","",""
"2026-08-13","RJM2603059","X002J3QF0D","B0GRG79CTW","Shoe Tongue Pads Non-Slip Tongue Cushion Insert for Loose Shoe Self-Adhesive Tongue Pads Insert Heel Pads Replacement Shoe Filler for Men Women Loose Shoe Adjusting Shoes Fit","New","39","0","0","31","8","0","0","0","0","GBP","0","4","8","17","Low traffic","5.29","0.0","5.29","0.0","NoRestockExcessActionRequired","22","0.0","0","0","11.5","0.72","0.003531","cubic feet","Standard","0.137709","UK","gl_drugstore","145345","216","17","39","29","5.29","0.0","18.28","37.36","81.1","31","0","0","0","0","0.09","0","0","0","0","0","0","","","","","","","","","","","","","178.6","0","","2026-08-09","178.6","112.3","2026-08-10","39","0","0","0","216","N","","",""
"2026-08-13","JM2603026","X002J3U89H","B0GRGZS2SS","Universal Brake Clutch Slave Master Cylinder Pipe Connector Joint Clip Seal Gasket Repair Kit, Clutch Master Cylinder Gasket Seal Repair Kit, 1K0798741 02F141143A","New","47","0","0","31","16","0","0","0","0","GBP","0","0","2","7","Low traffic","6.89","0.0","6.89","0.0","Advertise listing","47","0.0","0","0","-0.2","0.2","0.003531","cubic feet","Standard","0.165957","UK","gl_automotive","309376","366","0","","87","6.89","0.0","0.0","12.82","45.67","0","30","1","0","0","0.11","0","0","0","0","0","0","","","","","","","","","","","","","","0","","","","2625.0","2026-08-10","47","0","0","0","366","N","","",""
"2026-08-13","RJM2603089","X002J3JI75","B0GRG1YQD6","3 PCS Texture Comb, Hair Styling Comb Wide Tooth, Magic Combs Volume Tool Curly Hair Combs for Men Women Barber Hairdressing Grooming Accessory","New","25","0","0","0","26","0","0","0","0","GBP","0","1","1","4","Low traffic","5.69","0.0","5.69","0.0","Advertise listing","0","0.0","0","0","117.92","0.15","0.027406","cubic feet","Standard","0.68515","UK","gl_beauty","305849","366","25","100","81","5.89","0.0","4.91","4.91","22.45","0","0","0","0","0","0.48","0","0","0","0","1","0","","","","","","","","","","","","","795.0","0","","2026-08-09","795.0","612.8","2026-08-10","25","1","0","0","366","N","","",""
"2026-08-13","JM2603017","X002J4H777","B0GRLCFFGQ","Oval Sunglasses for Women, Retro, Cat Eye, 90s, Trendy Thin Sunglasses, UV Protection for Women, Black Frame + Black Lens","New","20","0","0","1","20","0","0","0","0","GBP","1","2","3","4","Low traffic","4.59","0.0","4.59","0.0","Advertise listing","9","0.0","0","0","5.86","0.13","0.003531","cubic feet","","0.07062","UK","gl_shoes","685231","331","11","40","65","4.59","3.82","7.81","12.3","17.29","0","0","1","0","0","0.04","0","0","0","0","0","0","","","","","","","","","","","","","680.0","0","","2026-08-09","680.0","524.8","2026-08-10","20","0","0","0","331","N","","",""
"2026-08-13","RPAJM120","X002I8MIHN","B0GKZR5T4G","Double Layer Waterproof Adult Shower Cap, Leopard Print with Red Trim Reusable Bath Cap, Multi-Purpose Hair Cover for Shower Kitchen Makeup","New","26","0","0","26","0","0","0","0","0","GBP","0","2","4","5","Low traffic","3.93","0.0","3.93","0.0","Advertise listing","0","0.0","0","0","104.68","0.36","0.003531","cubic feet","Standard","0.091806","UK","gl_beauty","211011","226","0","52","67","3.93","0.0","6.54","13.08","16.35","0","26","0","0","0","0.06","0","0","0","0","0","0","","","","","","","","","","","","","271.7","0","","2026-08-09","271.7","93.2","2026-08-10","26","0","0","0","226","N","","",""
"2026-08-13","JM2603072","X002JEFHKB","B0GSVPQT88","False Eyelashes Natural Cosplay Lashes Doll Anime Japanese Faux Mink Pack Spiky Manga Fake Eyelashes Wispy Long Thick Ruffle Fake Eye Lashes 5 Pairs","New","18","0","0","0","20","0","0","0","0","GBP","0","4","5","9","Low traffic","5.48","0.0","5.48","0.0","NoRestockExcessActionRequired","19","0.0","0","0","0.0","0.36","0.003531","cubic feet","","0.063558","UK","gl_beauty","218073","131","0","18","26","5.48","0.0","18.92","23.65","43.77","0","0","0","0","0","0.04","0","0","0","0","2","0","","","","","","","","","","","","","248.1","0","","2026-08-09","162.5","248.1","2026-08-10","18","2","0","0","146","N","","",""
"2026-08-13","Y11295","X00275XWXB","B0DQTHLP75","30pcs 30mm Black 4 Holes Large Round Resin Sewing Buttons (Black-30mm-30Pack)","New","47","0","0","47","0","0","0","0","0","GBP","2","6","17","29","Low traffic","5.29","0.0","5.29","0.0","NoRestockExcessActionRequired","10","4.27","27","0","66.1","0.79","0.00286","cubic feet","Standard","0.13442","UK","gl_office_product","358034","184","0","31","21","5.29","8.82","26.46","74.45","125.33","41","0","6","0","0","0.09","0","0","0","0","0","0","","","","","","","","","","","","","207.0","0","","2026-08-09","207.0","105.4","2026-08-10","47","0","0","0","184","N","","",""
"2026-08-13","JM2601008","X002HW3BX5","B0GJ6NZLN5","Velvet Bow Hair Clip - Large Satin Ribbon Bows with Long Ribbon - Vintage Party Hair Accessories for Women & Girls - 2PCS (2Pcs Black & Red Velvet)","New","17","0","0","10","7","0","0","0","0","GBP","0","0","0","0","Low traffic","3.89","0.0","3.89","0.0","Advertise listing","0","0.0","0","0","64.34","0.0","0.003531","cubic feet","Standard","0.060027","UK","gl_beauty","501524","366","17","","","3.89","0.0","0.0","0.0","0.0","0","10","0","0","0","0.04","0","0","0","0","0","0","","","","","","","","","","","","","","0","","","","1121.0","2026-08-10","17","0","0","0","366","Y","Holiday Season","2026-10-31","2027-01-09"
"2026-08-13","Y1230","X00275OUUP","B0DQSCD9VJ","Wine Saver Vacuum Stoppers - Set of 6 - Gray - for Wine Bottles - Keep Wine Fresh for Up to a Week with Airtight Seal - Compatible with Wine Saver Pump","New","105","0","0","113","0","0","0","0","0","GBP","8","23","38","86","Low traffic","9.69","0.0","9.69","0.0","NoRestockExcessActionRequired","105","0.0","0","0","0.0","1.17","0.011619","cubic feet","Standard","1.219995","UK","gl_kitchen","160373","107","0","18","15","9.69","64.73","188.33","312.09","694.97","0","113","0","0","0","0.52","0","0","0","0","6","0","","","","","","","","","","","","","201.8","0","","2026-08-09","201.8","76.6","2026-08-10","105","6","0","0","113","N","","",""
"2026-08-13","Y11365","X0027579U3","B0DQPZ9VM6","2pcs Food Grade PP Fine Mesh Strainer - 200 Mesh Ultra-Fine Nylon Sieve with Non-Slip Handle for Coffee Jam Fruits Vegetable Straining","New","40","0","0","30","13","0","0","0","0","GBP","1","2","4","14","Low traffic","5.59","0.0","5.59","0.0","NoRestockExcessActionRequired","4","4.99","25","0","94.53","0.55","0.025088","cubic feet","Standard","1.00352","UK","gl_kitchen","591377","359","36","80","37","5.59","4.66","9.32","18.64","63.71","30","0","0","0","0","0.67","0","0","0","0","3","0","","","","","","","","","","","","","502.5","0","","2026-08-09","502.5","148.8","2026-08-10","40","2","1","0","366","N","","",""
"2026-08-13","Y11360","X00275A8NX","B0DQPY5LL9","Neck Gaiter Face Cover Elastic Head Wrap Mask for Cycling Running Outdoor Activities-NO Velvet Inner","New","26","0","0","20","9","0","0","0","0","GBP","2","4","11","17","Low traffic","5.59","0.0","5.59","0.0","NoRestockExcessActionRequired","26","0.0","0","0","0.0","0.6","0.016245","cubic feet","Apparel","0.42237","UK","gl_apparel","255186","116","0","56","42","5.59","9.32","18.8","52.54","81.46","0","20","0","0","0","0.22","30","0","30","0","2","0","","","","","","","","","","","","","182.4","0","","2026-08-09","182.4","133.8","2026-08-10","56","2","0","0","118","N","","",""
"2026-08-13","RPAJM099","X002HR643T","B0GHFLR9G8","4-Pack Xbox Wireless Controller Replacement Battery Covers, Battery Shell Covers for Xbox One S Controllers","New","75","18","0","45","0","0","0","0","0","GBP","7","25","50","60","Low traffic","4.89","0.0","4.89","0.0","NoRestockExcessActionRequired","93","0.0","0","0","0.7","3.68","0.003531","cubic feet","Standard","0.264825","UK","gl_electronics","","145","0","12","16","4.89","28.49","100.47","196.99","234.39","45","0","0","0","0","0.23","0","0","0","0","0","1","","","","","","","","","","","","","22.3","0","","2026-08-09","17.3","22.3","2026-08-10","93","0","0","0","145","N","","",""
"2026-08-13","Y50137","X00282689N","B0DTP8ZQM6","Quick Release Toilet Seat Fixings, Top Universal Toilet Seat Hinge Fittings for WC Toilet Blind Holes 2 Pack","New","74","0","0","75","0","0","0","0","0","GBP","1","11","30","44","Low traffic","6.89","0.0","6.89","0.0","NoRestockExcessActionRequired","74","0.0","0","0","1.32","1.33","0.011764","cubic feet","Standard","0.870536","UK","gl_home_improvement","204549","224","0","26","21","6.89","5.74","63.31","173.1","249.32","75","0","0","0","0","0.59","0","0","0","0","1","0","","","","","","","","","","","","","96.9","0","","2026-08-09","96.9","51.1","2026-08-10","74","1","0","0","228","N","","",""
"2026-08-13","Y11323","X0027639D3","B0DQTYT4RW","Wonder Web 10M Hemming Tape for Trousers,Wonder Web Iron on Extra Strong,Convenient and Simple to Use, Hem Tape iron on for Trousers, Pants, Clothes, Fabrics (Black, 2.4CM Wide)","New","52","0","0","52","0","0","0","0","0","GBP","1","3","6","18","Low traffic","6.19","0.0","6.19","0.0","NoRestockExcessActionRequired","52","0.0","0","0","0.0","0.69","0.008829","cubic feet","Standard","0.459108","UK","gl_biss","375512","260","0","69","37","6.19","5.16","15.48","31.79","96.26","22","30","0","0","0","0.3","0","0","0","0","0","0","","","","","","","","","","","","","707.0","0","","2026-08-09","707.0","128.6","2026-08-10","52","0","0","0","260","N","","",""
"2026-08-13","JM2603061","X002JDLZL7","B0GSR6TJWC","2Pieces Tartan Bow Knot Hair Clips Scottish Bow Hair Barrettes Elegant Festive Accessories for Girls Women","New","57","0","0","60","1","0","0","0","0","GBP","0","1","10","26","Low traffic","5.69","0.0","5.69","0.0","NoRestockExcessActionRequired","0","0.0","0","0","310.41","1.05","0.003531","cubic feet","Standard","0.201267","UK","gl_beauty","241983","207","57","228","28","5.69","0.0","4.91","49.71","128.23","60","0","0","0","0","0.14","0","0","0","0","4","0","","","","","","","","","","","","","653.5","0","","2026-08-09","653.5","75.7","2026-08-10","57","4","0","0","221","N","","",""
"2026-08-13","Y12670","X00281GFO7","B0DTK7PS1P","5 PCS Large Pull Bows Wrapping Pull Bow Ribbon，Gold Gift Wrap Bows for Gift Wrapping Baskets Wedding or Flower Decorations, Valentine's Day Birthday Gift Decorations","New","15","0","0","15","0","0","0","0","0","GBP","6","13","14","18","Low traffic","5.09","0.0","5.09","0.0","NoRestockExcessActionRequired","15","0.0","0","0","0.0","0.8","0.045766","cubic feet","Standard","0.68649","UK","gl_home","139511","29","0","4","10","5.09","25.44","55.12","59.53","77.17","0","0","15","0","0","0.42","0","0","0","0","0","0","","","","","","","","","","","","","153.1","12","2026-08-09","2026-08-09","85.1","153.1","2026-08-10","15","0","0","0","29","N","","",""
"2026-08-13","RJM2603070","X002J3OBTP","B0GRGQ211Y","4Pcs M6x18mm Bicycle Caliper Screw, MTB Caliper Hydraulic Disc Brake Caliper Bolt, Black, Ideal for Mountain Bike, Road Bike, Cycling Enthusiasts","New","20","0","0","0","21","0","0","0","0","GBP","1","3","6","7","Low traffic","6.09","0.0","6.09","0.0","NoRestockExcessActionRequired","0","0.0","0","0","47.3","0.28","0.003531","cubic feet","Standard","0.07062","UK","gl_biss","102535","312","20","26","37","6.09","5.07","15.38","31.61","37.52","0","0","0","0","0","0.05","0","0","0","0","1","0","","","","","","","","","","","","","328.9","0","","2026-08-09","234.7","328.9","2026-08-10","20","1","0","0","335","N","","",""
"2026-08-13","RPAJM045","X002HR0VDD","B0GHFFC6P4","KSEWJP 2 Pack Double Sided Pet Hair Remover Gloves, Reusable Lint Removal Gloves for Furniture, Car Seats, Sofa, Clothes & Bedding","","0","0","0","0","1","0","0","0","0","GBP","0","0","0","0","","0.0","0.0","0.0","0.0","NoRestockExcessActionRequired","","","0","0","","0.0","0.003531","cubic feet","Standard","0.0","UK","gl_pet_products","338068","0","0","","","6.29","0.0","0.0","0.0","0.0","0","0","0","0","0","","0","0","0","0","1","0","","","","","","","","","","","","","","0","","","","","2026-08-10","0","1","0","0","366","N","","",""
"2026-08-13","JM2603064","X002JE7HZJ","B0GSV9S63J","KSEWJP Red Retro Round Steampunk Sunglasses, Vintage Circle Frame, Unisex Cool Eyewear Gifts for Men and Women","New","54","0","0","51","3","0","0","0","0","GBP","1","6","9","17","Low traffic","5.09","0.0","5.09","0.0","NoRestockExcessActionRequired","54","0.0","0","0","0.0","0.51","0.003531","cubic feet","","0.190674","UK","gl_shoes","335307","326","0","36","41","5.09","4.24","25.44","38.16","74.08","0","50","1","0","0","0.1","0","0","0","0","0","0","","","","","","","","","","","","","289.3","0","","2026-08-09","289.3","146.9","2026-08-10","54","0","0","0","326","N","","",""
"2026-08-13","JM2604004","X002KG6E7N","B0GXPN2WHF","Fuck IT Edition Emblem,Car Exterior Emblems Badge 3D Sticker Decal,Auto Fender Bumper Stickers,3D Zinc Alloy Edition Car Emblem,Vehicle Emblems and Badges for Cars Trucks SUVs (BlackRed)","New","8","0","0","10","0","0","0","0","0","GBP","0","1","4","5","Low traffic","6.39","0.0","6.39","0.0","NoRestockExcessActionRequired","","","0","0","","0.57","0.003531","cubic feet","Standard","0.028248","UK","gl_automotive","271321","180","0","32","20","6.39","0.0","5.66","22.64","28.63","0","0","10","0","0","","0","0","0","0","1","0","","","","","","","","","","","","","305.0","0","","2026-08-09","305.0","203.2","2026-08-10","8","1","0","0","203","N","","",""
"2026-08-13","RJM2603082","X002J3KMON","B0GRF3BGSM","Volumizing Texture Comb, Wide-Tooth Hair Styling Comb for Men & Women, 2PCS with Maximum Root Lift & Bangs Seam Grooming, Grey And Pink, 8.86 x 4.13 Inches","New","69","0","0","70","0","0","0","0","0","GBP","3","4","10","30","Low traffic","4.79","0.0","4.79","0.0","NoRestockExcessActionRequired","8","0.0","0","0","139.77","0.75","0.02174","cubic feet","Standard","1.50006","UK","gl_beauty","85115","366","0","69","29","4.79","11.97","15.96","39.9","123.1","0","70","0","0","0","1.02","0","0","0","0","1","0","","","","","","","","","","","","","440.2","0","","2026-08-09","440.2","99.7","2026-08-10","69","1","0","0","366","N","","",""
"2026-08-13","RPAJM118","X002I8HXXR","B0GKY8V8X7","2PCS Cat Collars with Bells,Cat Collar with Moon & Stars,Cats Collars Quick Release,Kitten Collar,Adjustable Lightweight Minimalist Colla-r,For Cates(Black/Green)","New","44","0","0","44","0","0","0","0","0","GBP","1","2","5","20","Low traffic","4.19","0.0","4.19","0.0","NoRestockExcessActionRequired","","","0","0","","0.76","0.003531","cubic feet","Standard","0.155364","UK","gl_pet_products","56087","271","0","88","28","4.19","3.49","6.98","18.44","74.78","0","44","0","0","0","","0","0","0","0","0","0","","","","","","","","","","","","","686.5","0","","2026-08-09","686.5","102.8","2026-08-10","44","0","0","0","271","N","","",""
"2026-08-13","RPAJM064","X002HR3E8R","B0GHF6QXSV","2 Rolls Black Roadway Track Tape, 10m/32.8ft Straight Road Tape for Toy Cars Reusable & Easy Peel Race Car Tapes for Flat Floors to Create Custom Residue Free Tracks Kids Play","New","37","0","0","49","0","0","0","0","0","GBP","12","30","31","42","Low traffic","7.29","0.0","7.29","0.0","NoRestockExcessActionRequired","0","0.0","0","0","204.09","1.17","0.003531","cubic feet","Standard","0.130647","UK","gl_toy","48686","60","0","4","11","7.29","72.84","182.61","188.85","259.36","49","0","0","0","0","0.1","0","0","0","0","7","0","","","","","","","","","","","","","81.1","20","2026-08-31","2026-08-09","75.9","81.1","2026-08-10","37","7","0","0","71","N","","",""
"2026-08-13","Y11290","X00275Q2Z1","B0DQTLYH6Y","Retro Oval Sunglasses - UV400 Sunglasses Goggles For Women & Men","New","41","0","0","43","0","0","0","0","0","GBP","3","18","25","49","Low traffic","4.49","0.0","4.49","0.0","NoRestockExcessActionRequired","21","4.0","15","0","11.06","1.54","0.005191","cubic feet","Footwear","0.212831","UK","gl_shoes","122314","69","0","9","10","4.49","11.22","67.32","93.58","179.77","20","23","0","0","0","0.12","0","0","0","0","2","0","","","","","","","","","","","","","95.3","10","2026-08-22","2026-08-09","95.3","53.1","2026-08-10","41","2","0","0","71","N","","",""
"2026-08-13","RPAJM134","X002I925NJ","B0GL1B7C3H","20x24 Inch Mesh Laundry Bag with Drawstring, Machine Washable White Net Washing Backpack, Delicates Wash Bags for Home Travel Hotel College Dorm Apartment","New","23","0","0","15","8","0","0","0","0","GBP","0","0","0","1","Low traffic","5.99","0.0","5.99","0.0","Advertise listing","","","0","0","","0.06","0.070328","cubic feet","Standard","1.617544","UK","gl_home","2823462","366","0","","299","7.19","0.0","0.0","0.0","5.99","0","15","0","0","0","","0","0","0","0","0","0","","","","","","","","","","","","","","0","","","","1442.0","2026-08-10","23","0","0","0","366","N","","",""
"2026-08-13","Y12686","X00282D52B","B0DTPGC1J3","3 Pcs Piping Bags Re-usable Icing Bags Cotton Pastry Bags DIY Cake Decorating Tool for Decorating Cakes Pies Cookies","New","17","0","0","10","7","0","0","0","0","GBP","0","2","4","7","Low traffic","7.09","0.0","7.09","0.0","NoRestockExcessActionRequired","2","0.0","0","0","36.42","0.39","0.053319","cubic feet","Standard","0.906423","UK","gl_kitchen","571918","366","15","34","31","7.27","0.0","11.82","24.3","43.69","0","0","10","0","0","0.6","0","0","0","0","0","0","","","","","","","","","","","","","551.0","0","","2026-08-09","551.0","315.4","2026-08-10","17","0","0","0","366","N","","",""
"2026-08-13","RPAJM086","X002HQYWBV","B0GHCMV7DP","6 Round Cake Boards, White Food-Safe, Oil-Resistant Thin Bases, For Birthday Cakes, Wedding Decorations, And Craft Projects","New","16","0","0","0","16","0","0","0","0","GBP","1","1","3","3","Low traffic","5.59","0.0","5.59","0.0","Advertise listing","0","0.0","0","0","84.26","0.11","0.003531","cubic feet","Standard","0.056496","UK","gl_home","147412","184","16","64","69","5.59","4.66","4.66","15.3","15.3","0","0","0","0","0","0.04","0","0","0","0","0","0","","","","","","","","","","","","","","0","","","","817.0","2026-08-10","16","0","0","0","184","N","","",""
"2026-08-13","Y12183","X002760MV5","B0DQTYQPW4","200 Pieces Paddle Bamboo Skewers, Flat Burgers Sticks Children Skewers Kids Wooden Fruits Picks Cocktail Sticks Satay Skewers Barbecue Kebabs Skewers for Buffets Party","New","27","0","0","20","7","0","0","0","0","GBP","0","4","7","7","Low traffic","6.29","0.0","6.29","0.0","NoRestockExcessActionRequired","0","0.0","0","0","154.69","0.42","0.025427","cubic feet","Standard","0.686529","UK","gl_kitchen","681532","366","27","27","50","6.29","0.0","20.96","36.68","36.68","20","0","0","0","0","0.48","0","0","0","0","0","0","","","","","","","","","","","","","200.2","0","","2026-08-09","79.4","200.2","2026-08-10","27","0","0","0","366","N","","",""
"2026-08-13","JM2603029","X002J3ONLL","B0GRHD13Y1","Adjustable Shoulder Strap, Comfortable Quick Release Neck Strap Lanyard for iPad, Tablet Case Camera Binocular Crossbody Laptop Luggage Bag, Black, Medium","New","34","0","0","20","15","0","0","0","0","GBP","0","0","2","2","Low traffic","6.19","0.0","6.19","0.0","Advertise listing","12","0.0","0","0","33.99","0.08","0.011501","cubic feet","Apparel","0.391034","UK","gl_apparel","1062144","366","22","","221","6.19","0.0","0.0","11.32","11.32","0","20","0","0","0","0.21","0","0","0","0","1","0","","","","","","","","","","","","","1208.0","0","","2026-08-09","1051.0","1208.0","2026-08-10","34","1","0","0","366","N","","",""
"2026-08-13","JM2603101","X002JELG0L","B0GSVRBTMN","4Pcs Banana Clips For Wowen, Claw Clips With Thin Hair Acrylic Hair Accessories Gentle Hold For Daily Use Party Hairstyle Decoration (4 Colors)","New","28","0","0","0","30","0","0","0","0","GBP","","","","","Low traffic","4.39","0.0","4.39","0.0","Advertise listing","0","0.0","0","0","64.68","0.0","0.003531","cubic feet","","0.098868","UK","gl_beauty","","","28","","","4.39","","","","","0","0","0","0","0","0.07","0","0","0","0","2","0","","","","","","","","","","","","","","0","","","","","2026-08-10","28","2","0","0","","N","","",""
"2026-08-13","Y12636","X00281FYNF","B0DTKFMXCJ","Stitch Markers Knitting, 200PCS Colorful Knitting Stitch Markers Knitting Markers Stitch Markers Clips for Beginner to Expert Knitters and Crocheters Knitting Accessories","New","18","0","0","19","0","0","0","0","0","GBP","0","1","3","9","Low traffic","4.29","0.0","4.29","0.0","NoRestockExcessActionRequired","0","3.99","48","0","105.03","0.86","0.010594","cubic feet","Standard","0.190692","UK","gl_home","924259","221","0","72","26","4.29","0.0","3.57","10.47","30.57","10","9","0","0","0","0.13","0","0","0","0","0","0","","","","","","","","","","","","","538.0","0","","2026-08-09","538.0","85.3","2026-08-10","18","0","0","0","221","N","","",""
"2026-08-13","RPAJM158","X002I9IGJ1","B0GL4YW437","4 Pcs Dreadlock Interlocking Tool Professional Dreadlock Crochet Hook Hair Styling Crochet Needles for Women Hairstyles DIY Handcraft","New","10","0","0","10","0","0","0","0","0","GBP","1","4","4","5","Low traffic","4.79","0.0","4.79","0.0","NoRestockExcessActionRequired","3","0.0","0","0","8.15","0.5","0.003531","cubic feet","Standard","0.03531","UK","gl_home","307033","77","0","10","26","4.79","3.99","15.96","15.96","20.03","0","0","10","0","0","0.02","0","0","0","0","0","0","","","","","","","","","","","","","277.8","2","2026-08-23","2026-08-09","123.0","277.8","2026-08-10","10","0","0","0","77","N","","",""
"2026-08-13","JM2601002","X002HW04M1","B0GJ5N7RZ5","Car Trim Clips 15Pcs/set Metal Retainer Clip Universal Car Front Console Dash Dashboard Trim Fastener Clip","New","30","0","0","30","0","0","0","0","0","GBP","6","20","21","30","Low traffic","5.19","0.0","5.19","0.0","NoRestockExcessActionRequired","","","0","0","","2.35","0.003531","cubic feet","Standard","0.10593","UK","gl_biss","27368","85","0","11","25","5.19","25.92","86.4","90.72","126.82","30","0","0","0","0","","28","0","28","0","0","0","","","","","","","","","","","","","59.4","13","2026-08-25","2026-08-09","59.4","44.3","2026-08-10","58","0","0","0","85","N","","",""
"2026-08-13","Y50195","X00281CGWR","B0DTK7BSYG","6 Pairs Anti-Slip Heel Grips, Thick Liners & Fillers for Half-Size Too Big or Loose Shoes, Heel Cushion Inserts, Heel Pads to Prevent Heel Slipping Out, Rubbing and Blisters(12PCS,6mm)","New","28","0","0","28","0","0","0","0","0","GBP","2","9","13","20","Low traffic","4.79","0.0","4.79","0.0","NoRestockExcessActionRequired","28","0.0","0","0","0.0","0.82","0.007549","cubic feet","Standard","0.211372","UK","gl_drugstore","123630","100","0","12","18","4.79","7.98","35.91","51.79","79.06","0","15","13","0","0","0.13","0","0","0","0","0","0","","","","","","","","","","","","","127.6","0","","2026-08-09","127.6","119.9","2026-08-10","28","0","0","0","100","N","","",""
"2026-08-13","JM2603062","X002JDIJX9","B0GSR7DCDR","Travel Folding Boar Bristle Brush - Collapsible Anti-Static Pocket Hair Styling Tool for Women and Men","New","81","0","0","81","0","0","0","0","0","GBP","1","2","6","25","Low traffic","6.09","0.0","6.09","0.0","NoRestockExcessActionRequired","0","5.39","52","0","414.5","0.68","0.003531","cubic feet","Standard","0.286011","UK","gl_beauty","149236","366","0","162","42","6.09","5.07","10.14","30.68","124.54","41","40","0","0","0","0.2","0","0","0","0","0","0","","","","","","","","","","","","","709.3","0","","2026-08-09","709.3","103.3","2026-08-10","81","0","0","0","366","N","","",""
"2026-08-13","RPAJM104","X002HRA6LZ","B0GHFBB289","KSEWJP 3Pcs Dc Power Female To Female Jack Adapter 2.1X5.5Mm Connector For Cctv Camera","New","39","0","0","32","9","0","0","0","0","GBP","0","0","0","3","Low traffic","4.29","0.0","4.29","0.0","Advertise listing","39","0.0","0","0","0.0","0.1","0.003531","cubic feet","Standard","0.137709","UK","gl_electronics","101180","284","0","","169","4.29","0.0","0.0","0.0","13.71","2","20","10","0","0","0.09","0","0","0","0","1","0","","","","","","","","","","","","","","0","","","","836.3","2026-08-10","39","1","0","0","295","N","","",""
"2026-08-13","RJM2603113","X002JDFODH","B0GSR2G5PY","Exfoliating Mitt Glove 2PCS, Exfoliating Glove for Deep Body Scrub Effective as an Exfoliating Body Scrubber to Remove Dead Skin and Fake Tan Ideal for Daily Use as Exfoliating Gloves","New","15","0","0","0","17","0","0","0","0","GBP","3","12","14","14","Low traffic","3.99","0.0","3.99","0.0","NoRestockExcessActionRequired","0","0.0","0","0","124.41","0.5","0.0505","cubic feet","Standard","0.7575","UK","gl_drugstore","80850","45","0","5","13","3.99","9.96","39.84","46.48","46.48","0","0","0","0","0","0.53","0","0","0","0","0","0","","","","","","","","","","","","","208.5","13","2026-08-11","2026-08-09","65.5","208.5","2026-08-10","15","0","0","0","45","N","","",""
"2026-08-13","Y11285","X00276X3J3","B0DQWQ8L7V","1 Pack Curtain Tiebacks 23 Inch Curtain Holdbacks Window Tassels Tie Backs Clips Decorative Rope Curtain Holdback Holder, Green","New","23","0","0","2","21","0","0","0","0","GBP","0","3","3","3","Low traffic","4.59","0.0","4.59","0.0","NoRestockExcessActionRequired","23","0.0","0","0","0.0","0.12","0.0118","cubic feet","Standard","0.2714","UK","gl_home","676138","197","0","30","99","4.59","0.0","11.46","11.46","11.46","1","0","1","0","0","0.18","0","0","0","0","0","0","","","","","","","","","","","","","740.0","0","","2026-08-09","240.3","740.0","2026-08-10","23","0","0","0","197","N","","",""
"2026-08-13","Y12170","X00275S4CF","B0DQSG66JK","Curtain Tie Backs Hooks 4 Pieces Tie Back Hooks, Curtain Hooks Metal Can be Used to Fix Curtains, Door Curtains, etc On The Walls of Bedrooms, Offices, Hotels etc","New","31","0","0","31","0","0","0","0","0","GBP","0","2","8","14","Low traffic","5.39","0.0","5.39","0.0","NoRestockExcessActionRequired","0","0.0","0","0","128.91","0.7","0.002424","cubic feet","Standard","0.075144","UK","gl_home","737983","294","0","62","28","5.39","0.0","8.98","36.58","64.0","21","0","10","0","0","0.05","0","0","0","0","0","0","","","","","","","","","","","","","186.5","0","","2026-08-09","186.5","119.2","2026-08-10","31","0","0","0","294","N","","",""
"2026-08-13","Y50126-1","X00282YV83","B0DTTJQMKS","Hair Net for Wigs, Wig Caps to Hold Wig in Place, Wig Net for Long Hair, Nude, 2 Pieces","New","14","0","0","1","14","0","0","0","0","GBP","0","6","12","12","Low traffic","3.49","0.0","3.49","0.0","NoRestockExcessActionRequired","0","0.0","0","0","54.91","0.36","0.004238","cubic feet","Standard","0.059332","UK","gl_beauty","180928","104","14","9","15","3.49","0.0","17.46","35.08","35.08","1","0","0","0","0","0.04","0","0","0","0","0","0","","","","","","","","","","","","","268.8","0","","2026-08-09","130.5","268.8","2026-08-10","14","0","0","0","104","N","","",""
"2026-08-13","JM2601017","X002HWSKNL","B0GJBKQPNZ","Plastic 150mm Vernier Calipers, Calipers Measuring Tool Sliding Measuring Device Tool Caliper Micrometer Measurement Brow for Salon Home Beauty Household DIY Jewelry Woodworking 0.5mm(Black)","New","40","0","0","43","0","0","0","0","0","GBP","7","23","35","58","Low traffic","4.89","0.0","4.89","0.0","NoRestockExcessActionRequired","40","0.0","0","0","0.0","2.12","0.003754","cubic feet","Standard","0.15016","UK","gl_biss","10180","112","0","13","17","4.89","28.49","93.61","142.45","235.9","30","13","0","0","0","0.09","40","0","40","0","2","0","","","","","","","","","","","","","79.2","0","","2026-08-09","79.2","53.7","2026-08-10","80","2","0","0","115","N","","",""
"2026-08-13","Y12676","X00281CBB3","B0DTK6TRNR","3 in 1 Potato Peeler + Serrated Blade for Fruit & Vegetable +Julienne Slicer. 3 Peelers in 1 for Speed Peeling of All Kinds of Veg & Fruit. Black/Grey/Stainless Steel","New","40","0","0","40","0","0","0","0","0","GBP","0","4","14","29","Low traffic","5.69","0.0","5.69","0.0","NoRestockExcessActionRequired","40","0.0","0","0","0.0","1.02","0.009932","cubic feet","Standard","0.39728","UK","gl_kitchen","605514","131","0","40","17","5.69","0.0","19.64","69.94","143.99","0","40","0","0","0","0.25","0","0","0","0","0","0","","","","","","","","","","","","","253.4","0","","2026-08-09","253.4","66.8","2026-08-10","40","0","0","0","131","N","","",""
"2026-08-13","JM2603106","X002JDD08D","B0GSR6XLMN","4-Pack Silicone Eyeglass Nose Pads – Soft Comfort Nose Bridge Pads for Glasses & Sunglasses – Non-Slip Nose Grips to Stop Glasses Slipping, Universal Fit Replacement Nose Pieces","New","28","0","0","21","8","0","0","0","0","GBP","1","4","9","16","Low traffic","5.66","0.0","5.66","0.0","NoRestockExcessActionRequired","2","0.0","0","0","57.36","0.64","0.003531","cubic feet","Standard","0.098868","UK","gl_drugstore","118241","137","26","28","22","5.66","4.72","18.88","42.48","75.52","20","0","1","0","0","0.07","0","0","0","0","2","0","","","","","","","","","","","","","225.5","0","","2026-08-09","225.5","97.0","2026-08-10","28","2","0","0","147","N","","",""
"2026-08-13","JM2603107","X002JDBDTB","B0GSR5KMCP","2-piece Set of Electric Scissors to Replace Comb Guard Plate, Electric Scissors Salon Home Replacement Accessories (1.5mm&4.5mm)","New","30","0","0","1","29","0","0","0","0","GBP","","","","","Low traffic","3.19","0.0","3.19","0.0","Advertise listing","0","0.0","0","0","66.33","0.0","0.003531","cubic feet","Standard","0.10593","UK","gl_personal_care_appliances","","","30","","","3.19","","","","","0","0","1","0","0","0.07","0","0","0","0","0","0","","","","","","","","","","","","","","0","","","","","2026-08-10","30","0","0","0","","N","","",""
"2026-08-13","RPAJM076","X002HOVWCF","B0GGTYHG54","Guitar Maintenance Kit - Three in One Multifunctional Guitar String Winder and Cutter | High Quality Guitar Accessories | Compatible with Various String Instruments (Black)","New","37","0","0","37","0","0","0","0","0","GBP","0","0","1","3","Low traffic","3.99","0.0","3.99","0.0","Advertise listing","0","2.53","52","0","96.2","0.15","0.003531","cubic feet","Standard","0.130647","UK","gl_musical_instruments","44898","244","0","","160","3.99","0.0","0.0","3.32","10.14","0","30","7","0","0","0.09","0","0","0","0","0","0","","","","","","","","","","","","","","0","","","","578.3","2026-08-10","37","0","0","0","244","N","","",""
"2026-08-13","RPAJM144","X002I903PB","B0GL2M3SCJ","2 PCS Windscreen Washer Jets, Front Windscreen Washer Spray Nozzle Jet 76810-SEA-A01 for Honda Fit Civic Ciimo CR-V","New","18","0","0","20","0","0","0","0","0","GBP","1","7","11","13","Low traffic","4.79","0.0","4.79","0.0","NoRestockExcessActionRequired","16","0.0","0","0","0.0","1.17","0.003531","cubic feet","Standard","0.063558","UK","gl_home_improvement","144499","366","0","27","48","4.79","3.99","28.95","45.59","54.23","20","0","0","0","0","0.03","30","0","30","0","1","0","","","","","","","","","","","","","92.8","0","","2026-08-09","92.8","78.5","2026-08-10","48","1","0","0","366","N","","",""
"2026-08-13","JM2603069","X002JEEVP3","B0GSVLLDRY","10pcs 10cm Metal Internal Flex Frames Handbag Hinges Spring Clip Bag for DIY Craft Coin Purse Bag Sewing Making","New","25","0","0","0","25","0","0","0","0","GBP","1","4","5","5","Low traffic","4.99","0.0","4.99","0.0","Advertise listing","0","0.0","0","0","58.29","0.18","0.003531","cubic feet","","0.088275","UK","gl_kitchen","501089","280","25","25","65","4.99","4.16","16.64","20.8","20.8","0","0","0","0","0","0.06","0","0","0","0","0","0","","","","","","","","","","","","","528.0","0","","2026-08-09","168.0","528.0","2026-08-10","25","0","0","0","280","N","","",""
"2026-08-13","RPAJM199","X002I9TIL1","B0GL6J623W","2Pcs PU Leather Guitar Headstock Strap Tie Guitar Neck Strap Button Headstock Adapter Retro for Acoustic Electric Ukulele","New","17","0","0","17","0","0","0","0","0","GBP","0","2","3","4","Low traffic","4.19","0.0","4.19","0.0","Advertise listing","16","0.0","0","0","0.13","0.34","0.003531","cubic feet","Apparel","0.060027","UK","gl_apparel","21756","249","0","34","55","4.19","0.0","6.98","10.72","14.46","0","10","7","0","0","0.03","0","0","0","0","0","0","","","","","","","","","","","","","280.0","0","","2026-08-09","280.0","213.6","2026-08-10","17","0","0","0","249","N","","",""
"2026-08-13","Y12668","X00281GQ9L","B0DTK6FGGP","Shower Cap Disposable, 50 PCS Bath Caps Large Thick Clear Waterproof Plastic Elastic Hair Bath Caps for Women Kids Girls, Travel Spa, Hotel and Hair Solon, Home Use","New","26","0","0","15","11","0","0","0","0","GBP","2","8","10","14","Low traffic","3.79","0.0","3.79","0.0","NoRestockExcessActionRequired","26","0.0","0","0","0.0","0.46","0.002825","cubic feet","Standard","0.07345","UK","gl_beauty","82862","111","0","13","24","3.79","6.32","25.28","31.92","45.56","0","0","15","0","0","0.05","0","0","0","0","0","0","","","","","","","","","","","","","213.0","2","2026-08-15","2026-08-09","135.7","213.0","2026-08-10","26","0","0","0","111","N","","",""
"2026-08-13","JM2603092","X002JENUMD","B0GSW3DGDG","Black Long Tail Headscarf - American Hip-hop Style Brimless Hat, Street Trendy Sports Headwear, Unisex","New","25","0","0","0","29","0","0","0","0","GBP","0","0","1","1","Low traffic","4.49","0.0","4.49","0.0","Advertise listing","0","0.0","0","0","56.98","0.03","0.003531","cubic feet","","0.088275","UK","gl_apparel","1406664","366","25","","325","4.69","0.0","0.0","4.24","4.24","0","0","0","0","0","0.05","0","0","0","0","4","0","","","","","","","","","","","","","2670.0","0","","2026-08-09","870.0","2670.0","2026-08-10","25","4","0","0","366","N","","",""
"2026-08-13","Y50135","X00281C6PT","B0DTK79324","5-piece Cast Iron Black Coat Hooks, Includes 10 Screws - Easy to Install | Suitable for Doors, Walls, Entryways, Bedrooms, and Bathrooms","New","10","1","0","12","0","0","0","0","0","GBP","4","13","25","43","Low traffic","6.29","0.0","6.29","0.0","CreateShippingPlan","11","0.0","0","0","0.0","1.95","0.009945","cubic feet","Standard","0.09945","UK","gl_home_improvement","143647","16","0","3","3","6.29","20.96","68.12","131.0","226.04","1","11","0","0","0","0.03","0","0","0","0","1","1","","","","","","","","","","","","","63.7","48","2026-08-12","2026-08-09","63.7","47.2","2026-08-10","11","0","1","0","18","N","","",""
"2026-08-13","RPAJM217","X002I94U37","B0GL274L8L","6pcs I Love You Drive Safe Mirror Sticker, Car Rear View Decals Safely Driving Stickers Vehicles Vinyl Rearview Mirror Window Decor with Love Automotive for Driver Gifts Accessories (White, Black)","New","7","0","0","0","9","0","0","0","0","GBP","0","0","0","0","Low traffic","4.09","0.0","4.09","0.0","Advertise listing","0","0.0","0","0","30.74","0.0","0.003531","cubic feet","Standard","0.024717","UK","gl_home","681778","366","7","","","4.09","0.0","0.0","0.0","0.0","0","0","0","0","0","0.02","0","0","0","0","1","0","","","","","","","","","","","","","","0","","","","","2026-08-10","7","1","0","0","366","N","","",""
"2026-08-13","RPAJM203","X002I9MPJX","B0GL6HFSQN","Pack of 4 Black Zipper Pull, Metal Zip Tags Cord Pulls, Zip Puller Replacement for Backpacks, Bags, Luggage, Suitcases, Jackets","New","36","0","0","37","0","0","0","0","0","GBP","0","1","5","10","Low traffic","3.89","0.0","3.89","0.0","NoRestockExcessActionRequired","36","0.0","0","0","0.0","0.62","0.003531","cubic feet","Standard","0.127116","UK","gl_personal_care_appliances","191529","334","0","144","46","3.89","0.0","3.41","17.05","33.5","22","10","5","0","0","0.08","0","0","0","0","1","0","","","","","","","","","","","","","456.5","0","","2026-08-09","456.5","137.2","2026-08-10","36","1","0","0","343","N","","",""
"2026-08-13","RPAJM215","X002I94Y3D","B0GL1TBR66","2 PCS Wooden Latch Hook Crochet Tool Set, Latch Hook Kits for Hair Crochet, Rug Making, and Other Art Crafts, Durable and Versatile for DIY Arts & Crafts.","New","36","0","0","38","0","0","0","0","0","GBP","0","7","13","17","Low traffic","6.55","0.0","6.55","0.0","NoRestockExcessActionRequired","0","0.0","0","0","76.05","0.96","0.003531","cubic feet","Standard","0.127116","UK","gl_home","602698","210","0","20","27","6.55","0.0","39.34","72.74","94.58","30","8","0","0","0","0.09","0","0","0","0","2","0","","","","","","","","","","","","","103.9","0","","2026-08-09","103.9","63.7","2026-08-10","36","2","0","0","224","N","","",""
"2026-08-13","Y12203","X0027JCPDZ","B0DRVQ6WHX","100Pcs Gift Tag - Red Heart Shaped Tags with 10 Metres of Red and White Rope for Valentine's Day, Mother's Day, Wedding, Thanksgiving, Birthday","New","14","0","0","0","16","0","0","0","0","GBP","2","9","12","15","Low traffic","4.39","0.0","4.39","0.0","NoRestockExcessActionRequired","0","4.17","52","0","63.43","0.58","0.010594","cubic feet","Standard","0.148316","UK","gl_office_product","102261","85","0","6","12","4.39","7.32","32.94","43.74","54.45","0","0","0","0","0","0.1","0","0","0","0","2","0","","","","","","","","","","","","","188.2","0","","2026-08-09","91.1","188.2","2026-08-10","14","2","0","0","96","Y","Holiday Season","2026-10-31","2027-01-09"
"2026-08-13","JM2603034","X002J41TWB","B0GRH3WXY1","3 in 1 Silicone Can Spatula, Jar Scraper Jam Spreader with Can Opener End, Food Grade Kitchen Baking Tool for Sauces Condiments Butter","New","23","0","0","0","23","0","0","0","0","GBP","0","1","3","6","Low traffic","7.39","0.0","7.39","0.0","NoRestockExcessActionRequired","0","0.0","0","0","146.49","0.24","0.003531","cubic feet","Standard","0.081213","UK","gl_kitchen","1142494","335","23","92","49","7.39","0.0","6.32","19.64","39.62","0","0","0","0","0","0.06","0","0","0","0","0","0","","","","","","","","","","","","","702.0","0","","2026-08-09","702.0","327.1","2026-08-10","23","0","0","0","335","N","","",""
"2026-08-13","Y50159","X00281CACN","B0DTK6JCXJ","Tongue Scrapers for Adults with Thick Tongue Coating, Mental Tongue Scraper with Dual Scraping Head Design for Deep Clean, Bad Breath Gone, Help Improve Oral Hygiene","New","8","0","0","0","8","0","0","0","0","GBP","0","0","0","1","Low traffic","3.69","0.0","3.69","0.0","NoRestockExcessActionRequired","0","0.0","0","0","29.28","0.12","0.006407","cubic feet","Standard","0.051256","UK","gl_drugstore","218030","366","8","","104","3.79","0.0","0.0","0.0","3.16","0","0","0","0","0","0.04","0","0","0","0","0","0","","","","","","","","","","","","","","0","","","","742.0","2026-08-10","8","0","0","0","366","N","","",""
"2026-08-13","JM2601019","X002HXHD9H","B0GJCXYC2D","KSEWJP 1Pair of White Cotton Gloves,Gloves for Women Men,White Parade,Magician Costume,Halloween,and Mittens,Women's Novelty,Accessories","New","21","0","0","22","0","0","0","0","0","GBP","4","10","29","44","Low traffic","4.19","0.0","4.19","0.0","NoRestockExcessActionRequired","0","0.0","0","0","48.63","3.19","0.01501","cubic feet","Apparel","0.31521","UK","gl_apparel","44602","301","0","28","20","4.19","13.96","33.88","96.8","145.4","21","1","0","0","0","0.18","49","0","49","0","0","0","","","","","","","","","","","","","82.5","0","","2026-08-09","82.5","37.2","2026-08-10","70","0","0","0","301","Y","Halloween","2026-09-26","2026-11-06"
"2026-08-13","JM2603080","X002JEKSVJ","B0GSVT67Z1","4 PCs Anti-Slip Heel Grips, Thick Liners & Fillers for Half-Size Too Big or Loose Shoes, Cushion Inserts, Pads to Prevent Heel Slipping Out, Rubbing and Blisters (Black,6mm)","New","17","0","0","0","19","0","0","0","0","GBP","1","2","4","10","Low traffic","4.29","0.0","4.29","0.0","NoRestockExcessActionRequired","","","0","0","","0.43","0.003531","cubic feet","","0.060027","UK","gl_drugstore","110613","121","0","34","22","4.29","3.57","7.14","15.28","39.88","0","0","0","0","0","","0","0","0","0","2","0","","","","","","","","","","","","","311.0","0","","2026-08-09","311.0","209.1","2026-08-10","17","2","0","0","137","N","","",""
"2026-08-13","JM2601052","X002HZ7LR9","B0GJPXSSDZ","6 PCS Sisal Soap Bag with Drawstring Natural Soap Saver Pouch for Shower Bath","New","43","0","0","45","0","0","0","0","0","GBP","0","1","5","14","Low traffic","4.99","0.0","4.99","0.0","NoRestockExcessActionRequired","0","0.0","0","0","88.53","0.79","0.003531","cubic feet","Standard","0.151833","UK","gl_drugstore","222596","178","0","172","39","4.99","0.0","4.32","22.28","62.69","20","25","0","0","0","0.11","0","0","0","0","2","0","","","","","","","","","","","","","890.0","0","","2026-08-09","890.0","107.7","2026-08-10","43","1","1","0","185","N","","",""
