"sku","fnsku","asin","product-name","condition","your-price","mfn-listing-exists","mfn-fulfillable-quantity","afn-listing-exists","afn-warehouse-quantity","afn-fulfillable-quantity","afn-unsellable-quantity","afn-reserved-quantity","afn-total-quantity","per-unit-volume","afn-inbound-working-quantity","afn-inbound-shipped-quantity","afn-inbound-receiving-quantity","afn-researching-quantity","afn-reserved-future-supply","afn-future-supply-buyable","afn-fulfillable-quantity-local","afn-fulfillable-quantity-remote","afn-fc-transfer-quantity","afn-onhand-buyable-quantity","store"
"JJ250401","X0029TS8ST","B0F3877HJB","Generic Double-Sided Exfoliating Mitt Body Scrubber, Loofah Bath Sponge for Adult Shower & Skin Cleansing (Beige & Gray)","New","8.59","No",,"Yes","10","10","0","0","10","768.06","0","0","0","0","0","0","10","0","0","10",
"JJ250404","X0029TZJDV","B0F386D8RP","Stainless Steel Wine Bottle Drip Collar Felt Lining Wine Bottle Collars Wine Drip","New","7.79","No",,"Yes","29","29","0","0","29","330.04","0","0","0","0","0","0","29","0","0","29",
"JJ250406","X0029U1VJ1","B0F38983BP","10 x Window Handle Striker Plate Wedges","New","7.39","No",,"Yes","24","22","0","2","24","144.04","0","0","0","0","0","0","22","0","0","22",
"JJ250407","X0029TYCI9","B0F389PJMM","2 Pieces Fish Bone Tweezers, Stainless Steel Flat and Slant Tweezers Pliers Remover Tool","New","7.59","No",,"Yes","14","14","0","0","14","400.01","0","0","0","0","0","0","14","0","0","14",
"JJ250408","X0029UFOJT","B0F3C82RVV","UMORDUP 3Pcs Multicolor Egg Topper Cutter, Boiled Egg Shell Opener, ABS & Stainless Steel Kitchen Tool","New","8.59","No",,"Yes","9","9","0","0","9","244.82","0","0","0","0","0","0","9","0","0","9",
"JJ250901","X002E7EAJH","B0FPM2ZNT8","Bristle Slick Back Hair Brush for Sleek Ponytail Bun Smoothing Baby Hairs Flyaways Edge Control Backcombing Teasing Wide for Sectioning Parting","New","5.99","No",,"Yes","59","59","0","0","99","342.82","0","40","0","0","0","70","59","0","0","59",
"JJ250902","X002E7BXMT","B0FPLT4X14","UMORDUP 2Pcs Vintage Alloy Pommel Curtain Holdbacks Tieback Hooks, Wall Door Mounted Coat Hat Hangers, Bronze","New","4.19","No",,"Yes","0","0","0","0","0","99.96","0","0","0","0","0","0","0","0","0","0",
"JJ250904","X002E7HJO5","B0FPLTTTPN","Messy Bun Hair Piece Tousled Updo Elastic Synthetic Donut Scrunchies - Light Ash Blonde with Highlights","New","5.79","No",,"Yes","98","97","1","0","188","99.96","80","10","0","0","0","30","97","0","0","97",
"JJ250905","X002E7NX59","B0FPM67Z5J","UMORDUP 50 Pack Jewelry Cleaning Cloth, Polishing Cloth for Silver Gold Platinum Pearl, Grey, 10 x 10 cm","New","5.19","No",,"Yes","0","0","0","0","0","99.96","0","0","0","0","0","0","0","0","0","0",
"JJ250906","X002E7BZU9","B0FPLP6TZF","UMORDUP 2Pcs White Body Measuring Tape, 150cm Retractable Tape with Lock, Dual Sided Inch & CM for Fitness Sewing Tailoring","New","4.99","No",,"Yes","31","31","0","0","31","99.96","0","0","0","0","0","0","31","0","0","31",
"JJ250907","X002E7FD4X","B0FPLTHCHY","UMORDUP 5PCS Large Red Pull Bows for Gift Wrapping, Wedding, Party, Birthday, Basket & Flower Decoration","New","5.59","No",,"Yes","29","29","0","0","29","1052.7","0","0","0","0","0","0","29","0","0","29",
"JJ250908","X002E7E4B1","B0FPLRJL1H","UMORDUP 6 Pack Adhesive Wall & Ceiling Hooks, Heavy Duty No Drill Towel Hooks, Waterproof Self Adhesive Hangers for Bathroom Bedroom Kitchen Door, White, Max Load 5lbs","New","4.39","No",,"Yes","1","1","0","0","1","99.96","0","0","0","0","0","0","1","0","0","1",
"JJ250909","X002E7HJA9","B0FPM2Y9KJ","UMORDUP 2pcs Waterproof Rain Cover for Backpack, Reflective Protector for Anti-dust and Anti-Theft 30-40L Black","New","5.69","No",,"Yes","40","40","0","0","40","1968.41","0","0","0","0","0","0","40","0","0","40",
"JJ2509100","X002E780F7","B0FH2HY5V1","TRHDFW Silk Bonnet for Sleeping Long Hair & Braids Extensions Hair, Satin Long Bonnet for Women, Adjustable Silk Scarf Night Cap with Tie Band, Black","New","5.09","No",,"Yes","26","21","0","5","56","1164.96","30","0","0","0","0","0","21","0","0","21",
"JJ2509101","X002E76CLL","B0FGPYZJ2Q","Pouch for Phones Car Keys Anti-Tracking Mobile Phone Case RFID Blocking Signal Keyless Entry Bag Cards","New","4.09","No",,"Yes","0","0","0","0","0","435.08","0","0","0","0","0","0","0","0","0","0",
"JJ2509102","X002E6XKSF","B0FGPJHFRB","TRHDFW Dog Pill Shooter 2 Pieces Pet Piller Dispenser for Large Medium Breed Dogs up to 45 Pounds White Pill Popper","New","5.69","No",,"Yes","21","21","0","0","21","96.03","0","0","0","0","0","0","21","0","0","21",
"JJ2509103","X002E773B9","B0FGQ4GVSQ","TRHDFW Eyewear Genuine Leather Glasses Cord Lanyard","New","4.99","No",,"Yes","33","30","0","2","33","64.89","0","0","0","1","0","0","30","0","0","30",
"JJ2509104","X002E7A5AF","B0FGQDGXJJ","TRHDFW Glasses Strap 4 Pcs, Adjustable for Men Women, Flexible Silicon Eyeglasses for Sports, Reusable Retainer for Fitness Fishing Running Cycling","New","6.79","No",,"Yes","14","14","0","0","14",,"0","0","0","0","0","0","14","0","0","14",
"JJ2509105","X002E6XCMT","B0FGXV8KLR","Mini Boar Bristle Brush, 2-Pack Travel Compact Collapsible for Hair Shine Smoothing Detangling","New","4.39","No",,"Yes","53","53","0","0","53","468.01","0","0","0","0","0","0","53","0","0","53",
"JJ2509106","X002E74UMT","B0FGXSJF1P","Headwear for Women Head Scarves Turbans UK Cancer Bandanas Beanie Hat Headwrap Cap","New","4.69","No",,"Yes","16","16","0","0","16",,"0","0","0","0","0","0","16","0","0","16",
"JJ2509107","X002E6XL43","B0FGQ5MJCN","Circular Knitting Needles 5.0mm 80cm, Steel with Flexible Cable, Metal Fixed Pins for Blanket, Large Projects, Arthritis Friendly, US Size 8","New","3.49","No",,"Yes","0","0","0","0","0",,"0","0","0","0","0","0","0","0","0","0",
"JJ2509108","X002E782FF","B0FGPXK12G","18Pcs 14G-4G Acrylic Pincher Tapers Septum C Shape Buffalo Stretcher Expander with Black O-Rings for Nose Ear Cartilage Piercing","New","4.79","No",,"Yes","32","32","0","0","32","52.44","0","0","0","0","0","0","32","0","0","32",
"JJ2509109","X002E78QQZ","B0FGPRPMJC","Eyeglass Nose Pads, Adhesive Anti-Slip Soft Silicone Cushion for Glasses, Sunglasses - 10 Black Pairs","New","3.09","No",,"Yes","8","8","0","0","8",,"0","0","0","0","0","0","8","0","0","8",
"JJ250911","X002E7CF2B","B0FPLYDL3H","UMORDUP 5Pcs Adjustable Sports Eyeglass Straps Non‑Slip Sunglasses Lanyard Retainer Cord Black","New","3.49","No",,"Yes","0","0","0","0","0","99.96","0","0","0","0","0","0","0","0","0","0",
"JJ2509111","X002E79AN3","B0FGPXK126","TRHDFW Midnight Black Venetian Masquerade Mask, Asymmetrical Sequin Eye Mask for Men Women, Retro Carnival Party Mask for Halloween Wedding Prom Costume, One Size Fits All","New","5.59","No",,"Yes","1","0","0","0","1","1459.27","0","0","0","1","0","0","0","0","0","0",
"JJ2509112","X002E76DI3","B0FGXSNWSK","Carbon Hair Comb for Men 19 cm Coarse Teeth Antistatic Shatterproof Wide Tooth Comb for Curls Texture Detangling Developed by Barbers Designed","New","3.19","No",,"Yes","18","17","0","1","18","255.31","0","0","0","0","0","0","17","0","0","17",
"JJ2509113","X002E78RGT","B0FGQJ1Z5D","Flower Pot Tray Water Absorber, Large Pipette Dropper, Squeeze Plastic Transfer Pipettes 100ml with Scale for Cooking, Roasting, Basting, Cupcakes, Garden Plants","New","6.79","No",,"Yes","8","8","0","0","8","1702.94","0","0","0","0","0","0","8","0","0","8",
"JJ2509114","X002E78RC3","B0FG7LDRRN","TRHDFW Safety Goggles Clear Wraparound Safety Glasses Eye Impacted Sealed Protective Work Goggles Over Spectacles for DIY Lab Grinding etc GENERAL PURPOSE GOGGLES CLEAR","New","4.89","No",,"Yes","3","3","0","0","3","1267.05","0","0","0","0","0","0","3","0","0","3",
"JJ2509115","X002E6XU67","B0FG738NHW","2-Piece Cocktail Strainer Stainless Steel Sieves, Conical Strainer with Handle, Metal Fine Mesh Sieve for Filtering Cocktails, Tea, Juice, Coffee, Flour, Sugar","New","6.19","No",,"Yes","41","41","0","0","41","99.96","0","0","0","0","0","0","41","0","0","41",
"JJ2509116","X002E7967X","B0FG7GHD49","2PCSKeychain with Snap Hook Carabiner Clips, Paracord Keychain Carabiner Clips with Locking D Ring Hooks Hangers, Heavy Duty Lanyard Key Chain for Car Keys, Backpack, Tools, Men, Women","New","5.19","No",,"Yes","46","43","0","3","66","135.03","20","0","0","0","0","0","43","0","0","43",
"JJ2509117","X002E78RJB","B0FG7C7GWK","4 PCs Foam Ball of Foot Cushions Metatarsal Pads, Anti-Sliding Pads Open Toe, Relieves Forefoot Pain, Self-Adhesive and Reusable (Beige)","New","4.69","No",,"Yes","15","15","0","0","35","737.25","0","20","0","0","0","0","15","0","0","15",
"JJ2509118","X002E79HXB","B0FGCVT87D","40PCSTyre Valve Caps, with O Seal Ring, Plastic dust Caps for Car Tires Stem Covers, for SUV Bicycle","New","2.79","No",,"Yes","0","0","0","0","0",,"0","0","0","0","0","0","0","0","0","0",
"JJ2509119","X002E6XEWR","B0FGCXSL84","32mm Extra Long Sewing Pins with Glass Heads 50 Pieces - 0.8mm thick Quilting Pins for Dressmaking, Jewellery & Crafts","New","3.89","No",,"Yes","25","25","0","0","55","42.44","30","0","0","0","0","0","25","0","0","25",
"JJ2509121","X002E76QUX","B0FGNRDX9Q","TRHDFW Portable Billiard Chalk Holder Snooker Chalk Bag PU Pouch Accessory Black","New","4.79","No",,"Yes","32","32","0","0","32","49.98","0","0","0","0","0","20","32","0","0","32",
"JJ2509122","X002E79FWJ","B0FGNN5GK9","2PCSMatcha Measuring Spoon (Matcha Tea Scoop) Premium Stainless Steel","New","4.49","No",,"Yes","0","0","0","0","0",,"0","0","0","0","0","0","0","0","0","0",
"JJ2509123","X002E7BJXH","B0FGW2SY4L","Stainless Steel Pastry Cutter - Sturdy 5-Blade Dough Blender for Baking, Pastry, Pizza Dough, Kitchen Mixer","New","6.09","No",,"Yes","0","0","0","0","0",,"0","0","0","0","0","0","0","0","0","0",
"JJ2509124","X002E787H3","B0FG6LLG7P","2PSC Pill Boxes 7 Day 1 Times a Day - Pill Organiser Weekly Tablet | Daily Organiser with Dosset Compartments | Conveniently Sized Portable Medicine Storage (Pink)","New","3.89","No",,"Yes","2","1","0","1","22","504.07","0","20","0","0","0","0","1","0","0","1",
"JJ2509125","X002E6XHIX","B0FG6M8TW5","2psc Pill Boxes 7 Day 1 Times a Day - Weekly Tablet | Daily Organiser with Compartments | Conveniently Sized Portable Medicine Storage Box (White)","New","4.19","No",,"Yes","44","43","0","1","44","284.97","0","0","0","0","0","0","43","0","0","43",
"JJ2509126","X002E76T4B","B0FG7GHX2X","2psc Ball Grabber and Body Piercing Tool - Jewelry Holder for Beads, Diamonds - Perfect for Piercings","New","3.59","No",,"Yes","3","2","0","1","3","132.08","0","0","0","0","0","0","2","0","0","2",
"JJ2509127","X002E763Z1","B0FG843RRL","Titanium Lancet Needle Acne Blackhead Remover Pimple Extractor Popper Tool","New","3.99","No",,"Yes","19","19","0","0","19","78.33","0","0","0","0","0","0","19","0","0","19",
"JJ2509128","X002E798EJ","B0FG77HJ1N","Letter Openers, Retro Envelope Opener Knife Lightweight Hand-Made Envelope Cutter","New","4.79","No",,"Yes","10","10","0","0","40","74.89","30","0","0","0","0","0","10","0","0","10",
"JJ2509129","X002E7AYVZ","B0FG74GRVY","TRHDFW Adjustable Cat Bathing Shower Wash, Puppy Dog Pet Cleaning Shower Net, Grooming Bag for, Anti-Bite and Anti-Scratch Restraint Bag for Bathing Nail Trimming","New","6.39","No",,"Yes","17","17","0","0","17","49.98","0","0","0","0","0","0","17","0","0","17",
"JJ2509130","X002E7BFRR","B0FG718MC6","2 pcs Dicer, Egg Salad Masher, Portable Breakfast Aid, Mirror Polished Hard and Durable Stainless Steel,Cut into Squares, Decorate The Meal.","New","4.39","No",,"Yes","17","17","0","0","17",,"0","0","0","0","0","0","17","0","0","17",
"JJ2509131","X002E6XHTR","B0FG82Y1RD","10 PCS Hair Bun Maker for Women Lazy Curler Clips Easy Magic Snap Roll Plastic Donut Maker for Women With Ties","New","5.09","No",,"Yes","17","14","0","3","17","454.74","0","0","0","0","0","0","14","0","0","14",
"JJ2509132","X002E7AYTR","B0FG83DY17","2psc 10mm Navy Blue Ribbon for Gift Packaging 22m Deep Blue Thin Fabric Ribbon for Gift Packaging Christmas Cake Bow Bouquet Flower Shop Making Wedding Car Decoration","New","3.39","No",,"Yes","24","24","0","0","54","49.98","30","0","0","0","0","0","24","0","0","24",
"JJ2509133","X002E76UPJ","B0FGQ542H3","TRHDFW 2 Pcs 3D Car Eyelashes Sticker Black Headlights Decoration Funny Eyelashes Styling Decorative Lashes Big Long Eye Design for Women Lashes Decorative","New","3.99","No",,"Yes","29","20","0","9","49","1553.99","20","0","0","0","0","0","20","0","0","20",
"JJ2509134","X002E78ZX9","B0FGPRZS16","4 Pcs Silicone Lids Food Covers, 10cm Drink Cup Anti Dust Mug, Reusable Silicone TeaLid, Round Universal Cover for Home Outdoors Tea Coffee Wine Glasses Mugs Drink","New","6.19","No",,"Yes","17","17","0","0","17","637.62","0","0","0","0","0","0","17","0","0","17",
"JJ2509135","X002E79MI1","B0FG7RX1PR","Eyelash Curler Portable Lash Curler Mini Travel Eye Lashes Curlers Professional Eyelash Curling Clip Makeup Tools","New","3.39","No",,"Yes","10","10","0","0","10","117.33","0","0","0","0","0","0","10","0","0","10",
"JJ2509136","X002E7A7ZD","B0FGXNZ1W2","Euro Lock Escutcheon Round Keyhole Cover Stainless Steel Key Hole Lock Cover Suitable for Door Wooden Anti-Theft Door","New","5.59","No",,"Yes","50","45","0","5","50","151.91","0","0","0","0","0","0","45","0","0","45",
"JJ2509137","X002E76GB7","B0FG7W12JL","TRHDFW 6Pcs Self Adhesive Curtain Rod Bracket Drapery Hook Holders Fixing Holder, Curtain Pole Wall Brackets Fixing Holder Towel Hooks for Home Bathroom Kitchen and Hotel (White)","New","5.09","No",,"Yes","0","0","0","0","0","1565.95","0","0","0","0","0","0","0","0","0","0",
"JJ2509138","X002E7898F","B0FGXFLFHV","2-Pack Wall Mount Mobile Phone Charger Holder, Adhesive Remote Wall Stand for Kitchen Shower Bed, White","New","6.59","No",,"Yes","60","57","0","3","101","735.12","40","0","1","0","0","0","57","0","0","57",
"JJ2509139","X002E7ABLN","B0FGW21VD8","2Pcs Big Bowknot Hairpins for Women Girls, French Ribbon Solid Color Satin Silky Barrette Clips，Bow Hair Clip, (Black White)","New","3.89","No",,"Yes","36","36","0","0","36","49.98","0","0","0","0","0","0","36","0","0","36",
"JJ250914","X002E7CGZ7","B0FPLTFBPN","UMORDUP 2Pcs 7 Inch Coffee Scoop with Bag Clip, Stainless Steel Measuring Spoon for Coffee Beans & Ground Coffee, Silver","New","4.19","No",,"Yes","0","0","0","0","0","99.96","0","0","0","0","0","0","0","0","0","0",
"JJ2509140","X002E7A8NT","B0FGQ1YBKM","Photo Corners for Scrapbook, 120 Pcs Self-Adhesive Photo Stick Corners, Mounting Corners, Picture Edge Stickers, Brown Albums DIY Craft","New","3.99","No",,"Yes","18","18","0","0","68","78.33","0","50","0","0","0","0","18","0","0","18",
"JJ2509141","X002E7B9RN","B0FGXY2XP6","2040 PCS Self Adhesive Photo Corners for DIY Craft Picture Clear Edge Stickers Decorative Mounting Albums Scrapbook Journal（20 sheets in total）","New","4.99","No",,"Yes","19","19","0","0","19","74.07","0","0","0","0","0","0","19","0","0","19",
"JJ2509142","X002E7BUO5","B0FGXZKS88","8 Sheets Self-Adhesive Heart Star Moon Pattern Valentine's Day Nail Art Decals Silver Supplies for Women Girls","New","3.99","No",,"Yes","0","0","0","0","20","134.37","0","20","0","0","0","0","0","0","0","0",
"JJ2509144","X002E6XTKT","B0FH49128K","Curtain Plastic Track Clip Buckle, 100Sliders Nylon Hanging Curtain Rail Gliders, Effortless Slider Hook Roller Mechanism for Car, White Multi-use Plastic Hooks for Windows Doors Shower Curtains","New","6.89","No",,"Yes","14","13","0","1","14","321.68","0","0","0","0","0","0","13","0","0","13",
"JJ2509145","X002E78R6J","B0FHJMFM3Q","TRHDFW Polarised UV Cycling Sunglasses For Men and Women, Running Sunglasses Men Women, UV 400 Cycling Glasses, Wrapped Design, Lightweight, Stylish, Golf & Fishing, Cycle Glasses","New","6.69","No",,"Yes","154","153","1","0","254","4535.94","100","0","0","0","0","0","153","0","0","153",
"JJ2509147","X002E6XTZ9","B0FHGPX7ZS","Adult Swimming Goggles, No Leaking Anti Fog UV Protection Swim Goggles for Men Women Juniors, Black Unisex Soft Silicone Goggles for Indoor Outdoor Swimming","New","6.09","No",,"Yes","61","56","0","4","61","99.96","0","0","0","0","0","0","56","0","1","57",
"JJ2509148","X002E7CCC9","B0FHKRZMD1","Crystal Adjustable Rings Simulation Diamond Rings Girls Finger Ring Toys for Girl Pretend Play Dress up Party, 20Pcs (Random Color)","New","6.49","No",,"Yes","35","33","0","2","55","160.1","1","19","0","0","0","0","33","0","0","33",
"JJ2509149","X002E7B7D9","B0FHKSCXHP","2 Pieces Handheld Facial Hair Removal Threading Beauty Epilator Tool Removal Threader Remover Spring Facial Hair Epilator Use for Women Face Hair Removing Beauty Tools Random Color","New","4.59","No",,"Yes","39","39","0","0","39","665.15","0","0","0","0","0","0","39","0","0","39",
"JJ250915","X002E7C06H","B0FPLS3XKF","UMORDUP Semi-Automatic Small Whisk, Stainless Steel Hand Push Rotary Whisk, Egg Beater Milk Frother Mixer for Adult Kitchen Use","New","5.49","No",,"Yes","0","0","0","0","0","948.65","0","0","0","0","0","0","0","0","0","0",
"JJ2509150","X002E7A5TV","B0FHGSPVSD","Curved Detangling Brush - Beaded Nylon Bristles - Non-slip - Ergonomic Design - Suitable for Dry & Wet Hair - Stimulates Scalp","New","4.59","No",,"Yes","0","0","0","0","0","1354.55","0","0","0","0","0","0","0","0","0","0",
"JJ2509152","X002E7A5X7","B0FHKR52L5","2 Pack 2 in 1 Garden Hose Tap Connectors, 3/4 inch & 1/2 inch BSP Threaded Plastic Faucet Adapters, Yellow Outdoor Water Hose Quick Connect Fittings with Seals & Washers","New","4.19","No",,"Yes","17","17","0","0","17","169.61","0","0","0","0","0","0","17","0","0","17",
"JJ2509153","X002E7DTP3","B0FHPG5CGC","50pcs Curtain Track Rollers Twin Wheeled Curtain Track Rollers Pulleys Rail Gliders Silent Pulley For Ceiling(White)","New","7.29","No",,"Yes","28","26","0","2","28","657.29","0","0","0","0","0","0","26","0","0","26",
"JJ2509154","X002E7BSLF","B0FHK1PD6C","Multifunction Pill Cutter, 4 in 1 Pill Splitter Crusher Box Tablet Cutter Compact Portable Pill Crusher Grinder Perfect Pill Splitter for Tablets Small Pills Fine Powder Travel","New","5.49","No",,"Yes","27","27","0","0","27","244","0","0","0","0","0","0","27","0","0","27",
"JJ2509156","X002E7DVRJ","B0FHK3FHH8","2 Pcs Fidget Controller Pad, Portable Stress Reducer Game Pad Hand Fidget Pad for Release Stress and Anxiety Fidget Pad Controller Fidgets","New","7.69","No",,"Yes","21","12","0","9","51","99.96","0","30","0","0","0","0","12","0","0","12",
"JJ2509157","X002E7DNG3","B0FHK32QKS","TRHDFW Bike Saddle Bag, Seat Pack, Black, Reflective, Waterproof, Zippered, Adjustable Strap, Seat Mount, 15 x 11 x 7.5cm, Sports Style, Bicycle","New","7.79","No",,"Yes","18","17","1","0","38","2528.2","0","20","0","0","0","0","17","0","0","17",
"JJ2509158","X002E77QLB","B0FHKS7WVQ","2PCS Baggy Rack Holder For Food Prep Bag, Sandwich Holder, Food Storage Bags Clip Freezer Bags Meal Planning Bag,Plastic","New","7.09","No",,"Yes","29","29","0","0","29",,"0","0","0","0","0","0","29","0","0","29",
"JJ2509159","X002E7B4P5","B0FHKMN1SN","6pcs Automatic Chicken Water Supply Cup for Poultry, Bird, Duck","New","7.99","No",,"Yes","63","60","0","3","102","2289.6","30","9","0","0","0","0","60","0","0","60",
"JJ2509160","X002E7B7ZR","B0FHKQKJ26","Car Panda shoulder protector Seat belt protector children's neck soft creative cartoon cute interior decoration","New","5.79","No",,"Yes","15","14","1","0","15","1012.39","0","0","0","0","0","0","14","0","0","14",
"JJ2509161","X002E76QDZ","B0FHJRBWNV","1 PCS Architectural Triangular Scale Ruler for Architects, Students, Draftsman and Engineers, Standard 30 CM,Architect Scale Ruler","New","4.09","No",,"Yes","10","9","0","1","10","196.15","0","0","0","0","0","0","9","0","0","9",
"JJ2509162","X002E7A6VN","B0FHKRSNJQ","Dog Training Lead Leash Extra Long Line, 2m Nylon Leash for Large, Medium & Small Dogs - Great for Pet Recall Training Obedience, Running, Camping, Backyard Strong lead with Metal Component (Red)","New","4.79","No",,"Yes","18","18","0","0","38","0","20","0","0","0","0","0","18","0","0","18",
"JJ2509163","X002E7BMZ7","B0FHKQLR22","Ice Cream Cone Headband - Kids & Adults Unisex Headband - Yellow Cotton Hair Accessory - 1 Count (Pack of 1)","New","6.09","No",,"Yes","42","42","0","0","110","1960.06","50","18","0","0","0","0","42","0","0","42",
"JJ2509164","X002E7E295","B0FHJRSQFG","Fashion Sunflower Slim Business Ties for Men - Holiday Weddings & Formal Parties (8 cm wide)","New","6.59","No",,"Yes","63","56","0","6","63","293.98","0","0","0","1","0","0","56","0","0","56",
"JJ2509166","X002E7DYN5","B0FHKQ8RBJ","TRHDFW 4.3 Inch 2 Pcs Heavy Duty Cleat Hooks, 304 Stainless Steel Blind Cord Cleat Hook with Mounting Screws, Flagpoler Rope Cleat Hook Boat Mooring Accessories for Boats Yachts, Flagpole","New","7.29","No",,"Yes","50","46","0","4","80","0.98","30","0","0","0","0","0","46","0","0","46",
"JJ2509167","X002E7EVTB","B0FHJRQSZ7","Cat Self Groomer,Soft Cat Wall Corner Massage Comb Grooming Tool,Pet Wall Corner Groomers,Pet Grooming Massage Scratcher Comb,Cats Brush Scratcher for Long Short Fur Cats Grey","New","5.39","No",,"Yes","0","0","0","0","0",,"0","0","0","0","0","10","0","0","0","0",
"JJ2509168","X002E79L8H","B0FHPSSD9R","Loose Leaf Tea Infusers, Silicone Infuser Fine Mesh Strainer Silicone Lid Cup Filter for Leaf or Herbal (1Pack, Green) Filter，Diffusers","New","5.99","No",,"Yes","19","17","0","1","19",,"0","0","0","1","0","0","17","0","0","17",
"JJ250917","X002E7CF0N","B0FPLZNJBJ","UMORDUP 2 Rolls Sheer Chiffon Ribbon 20mm Dark Blue Navy 45m Total for Gift Wrapping Wedding Party Hair Accessories","New","5.49","No",,"Yes","0","0","0","0","30","99.96","0","30","0","0","0","0","0","0","0","0",
"JJ2509170","X002E76MYX","B0FHPD7272","TRHDFW Strawberry Beaded Phone Charm Cute Case Lanyard Aesthetic Cell String Delicate Mobile Straps for Women Girls","New","5.39","No",,"Yes","19","19","0","0","19","138.31","0","0","0","0","0","0","19","0","0","19",
"JJ2509171","X002E79LDH","B0FHNVHKPZ","4PCS Men Women Shoe Stretchers Shaper Expander Width Extender Adjustable Mini Shoe Trees","New","6.79","No",,"Yes","47","45","0","2","47","741.19","0","0","0","0","0","0","45","0","0","45",
"JJ2509172","X002E7DY71","B0FHGG94DP","1PCS Bottle Opener Keyring Cute Drink Bottle Opener Keychain Game Car Keyring for Women Men Unique Bag Jewelry Love Beer Gift for Christmas and Birthday(Red","New","5.09","No",,"Yes","16","16","0","0","36","32.77","0","20","0","0","0","0","16","0","0","16",
"JJ2509173","X002E7CPNZ","B0FHGXP8Z8","Faucet Adapter, External Thread M16to External M22 Converter, Aerator Adapter, Suitable for Connecting Aerators to Kitchen, (M16-M22),Converter","New","4.39","No",,"Yes","0","0","0","0","0","134.7","0","0","0","0","0","0","0","0","0","0",
"JJ2509174","X002E7CDSR","B0FHPVCHRM","15 beverage bags with 2 funnels, reusable leak-proof travel drink bags with spray nozzles, suitable for picnics, camping, parties, sports, Christmas, and other occasions - 250ml, 420ml, 500ml","New","5.39","No",,"Yes","10","10","0","0","30","2155.23","0","20","0","0","0","0","10","0","0","10",
"JJ2509175","X002E7F7P3","B0FHNWTDGB","4 Pack Hand Clappers Large Hand Clappers Noisemakers Cheer Noise Makers Finger Noise Makers for Sporting Events Basketball Football Game Party Favors (Mixed Colors)","New","8.69","No",,"Yes","50","49","0","1","50","3079.62","0","0","0","0","0","0","49","0","0","49",
"JJ2509177","X002E7E3CL","B0FHHCBRVB","TRHDFW 16pcs Fishing Line Storage Foam Spools, Foam Winding Board, Spools Fly Gear for Organizer Storage Accessories","New","6.09","No",,"Yes","25","25","0","0","25","169.93","0","0","0","0","0","0","25","0","0","25",
"JJ2509178","X002E7E8WB","B0FHK121JG","TRHDFW 3 Pack Aesthetic Phone Charms Cell Charms Cute Charm Pink Butterfly Heart Shape Charm for Bag Purse Backpack Camera Decor","New","4.89","No",,"Yes","15","15","0","0","15","142.4","0","0","0","0","0","0","15","0","0","15",
"JJ2509179","X002E7BZD1","B0FHK11WKM","TRHDFW Snooker Chalk Holder, Billiards Cue Chalk Holder, Black PU Leather Pouch","New","4.89","No",,"Yes","14","14","0","0","14","329.05","0","0","0","0","0","0","14","0","0","14",
"JJ250918","X002E8LVDT","B0FPQ49GZ9","UMORDUP Wide Tooth Comb Black, Detangling Hair Comb for Men Women, Salon & Home Hair Styling Texture Comb","New","3.89","No",,"Yes","36","34","0","2","36","99.96","0","0","0","0","0","15","34","0","0","34",
"JJ2509181","X002E7BGVR","B0FHNVB5NH","TRHDFW Anklet Bracelet - Beach Foot String Jewellery - Waterproof & Adjustable Ankle Bracelets for Women - Beaded Wax Rope Festival Accessories","New","4.69","No",,"Yes","0","0","0","0","0",,"0","0","0","0","0","0","0","0","0","0",
"JJ2509182","X002E7CQOD","B0FHPT9XH1","10PCS Glow in The Dark Valve Cap, Universal Fluorescent Tire, Luminous Stem, Car Dust Cover Cars, Trucks Bikes Motorcycles，luminous","New","4.49","No",,"Yes","0","0","0","0","0","99.96","0","0","0","0","0","0","0","0","0","0",
"JJ2509183","X002E77ORR","B0FHPVGRXJ","TRHDFW Golf Ball Suction Cup, Silicone Pick Up Tool Suction Cup Grabber Retriever, Training Accessories,","New","5.59","No",,"Yes","34","34","0","0","34","99.96","0","0","0","0","0","0","34","0","0","34",
"JJ2509185","X002E7PONX","B0FJ8LL1X1","10 Pcs Silicone Lash Lift Shields,Self Adhesive Glueless Reusable Lash Lift Pads with XS/S/M//L/XL,for Salon Professionals Home Use Beauty Enthusiasts (Orange)","New","5.29","No",,"Yes","38","37","0","1","88","135.68","30","20","0","0","0","0","37","0","0","37",
"JJ2509186","X002E7POWJ","B0FJ7Z1C4N","A00390 Charger for for One Blade QP2520, QP2620, MG3720, MG3730, MG5730, BT3206, MG3710, MG5720, BT3208 Shaver Cable 4.3V USB C Trimmer Connector (UKCA/Light)","New","3.99","No",,"Yes","16","15","0","1","36","23.93","0","20","0","0","0","0","15","0","0","15",
"JJ2509187","X002E7LAB3","B0FJ8284FL","Self-Adhesive Wrap Tape, 5mX1cm Breathable Cohesive Bandage Wrap Tape for Securing a Variety of Catheters, for Thumb Protection, Splinting, Wrist Support, Goalkeeper Finger Tape","New","3.49","No",,"Yes","24","23","0","1","24","59.98","0","0","0","0","0","0","23","0","0","23",
"JJ2509188","X002E7DM7X","B0FJ8243G5","(TUI) Cruise Luggage Tag Holders [4 Pack] – Waterproof, Durable Plastic with Steel Loops – Fits All (TUI) Ships (4X Tag Holders)","New","5.89","No",,"Yes","43","43","0","0","43","133.72","0","0","0","0","0","0","43","0","0","43",
"JJ2509189","X002E7IPYX","B0FJ846T5G","iPhone SD Card Reader, Lightning to SD Card Camera Reader for iPhone/iPad Memory Card Adapter Camera Card Viewer Reader for iPhone 14/13/12/11/X/XS/XR/8/7 iPad, Plug and Play","New","9.09","No",,"Yes","49","49","0","0","49","69.97","0","0","0","0","0","0","49","0","0","49",
"JJ250919","X002E7EA0V","B0FPLWZVMJ","10 PCS 50ml Aluminum Tin Jars Balm Containers Travel Jars with Screw Cap Lid for DIY Crafts Cosmetics Salve Cream Candle Lip Balm","New","6.89","No",,"Yes","48","47","0","1","78","2049.86","30","0","0","0","0","0","47","0","0","47",
"JJ2509193","X002E7IO9T","B0FJ7ZHVFQ","USB Charger Compatible with Panasonic Shaver, 5.4V USB Cable for Panasonic ES-LV97, ES-LA63, ES-LA93, RE7-51, RE7-59, RE740, RE768, REGC20 etc.","New","8.69","No",,"Yes","12","12","0","0","12",,"0","0","0","0","0","0","12","0","0","12",
"JJ2509195","X002E7IR91","B0FJ8KL8MW","2 Pc Make Up Brush Type Makeup Brushes Cosmetics Face Kabuki Foundation Brushes Cosmetic Foundation Makeup Brush","New","4.79","No",,"Yes","0","0","0","0","0","99.96","0","0","0","0","0","0","0","0","0","0",
"JJ2509196","X002E7JHK9","B0FJ81YXP5","2PIN FUEL PUMP CONNECTOR PLUG DIESEL HEATER FOR WEBASTO FOR EBERSPACHER 12V 24V","New","6.69","No",,"Yes","50","48","0","1","50","99.96","0","0","0","1","0","0","48","0","0","48",
"JJ2509197","X002E7JKTR","B0FJ7YZBDH","3 Pcs Slicer Kiwi Plastic Fruit Digging Spoon Divider Kitchen Gadget Accessories, Fruit Peeler and Slicer (Random Color)","New","3.59","No",,"Yes","22","21","0","0","22",,"0","0","0","1","0","0","21","0","0","21",
"JJ2509198","X002E7JLG9","B0FJ8K62RV","10 Pin RCA Rear View Camera Wiring Harness Video Input for Android Car Radio Stereo Backup Camera Cable","New","6.59","No",,"Yes","51","48","2","0","51","49.98","0","0","0","1","0","0","48","0","0","48",
"JJ2509199","X002E7LGXF","B0FJ7ZJYY2","WiFi Dongle for MAG 250 254 256 322 420 524 540 Wifi USB Dongle For Mag Box Infomir 802.11b/g/n 150mbps","New","8.29","No",,"Yes","40","40","0","0","40","100.94","0","0","0","0","0","0","40","0","0","40",
"JJ250920","X002E7EBWD","B0FPLR191Q","Professional Hair Styling Brush for Women & Men, Black Teasing Smoothing Brush with Pointed Handle, Ideal for Volume, Slick Back, Detangling & Daily Hair Styling","New","5.59","No",,"Yes","0","0","0","0","0","178.78","0","0","0","0","0","0","0","0","0","0",
"JJ2509203","X002E7DXTP","B0FJ7ZWVF9","2 Pairs Snap on Veneers Dentures Fake Teeth, Temporary Veneers Teeth Top and Bottom Set, False Teeth Clip in Veneers Kit Comfortable Dentures for Men and Women Regain Confident Smile","New","5.98","No",,"Yes","9","9","0","0","29","162.56","0","20","0","0","0","0","9","0","0","9",
"JJ2509204","X002E7OGMN","B0FJ81ZXYX","2 Pcs Sun Visor Hook Clip Bracket for Volkswagen Bora Caddy Golf Mk4 Sharan Passat Polo Amarok Transporter T5 Touran Seat Ibiza Leon Skoda Fabia Octavia Superb 3B0857561B","New","6.69","No",,"Yes","51","50","0","1","51","69.97","0","0","0","0","0","0","50","0","0","50",
"JJ2509205","X002E7MVZ7","B0FJ8BXMB3","- Diamond Bit - Flame (Red Ring) I Attachment for Nail Cutters I Bits for Apparative Manicures and Pedicures I Grinding Attachment for Electric Grinders I Nail Drill Bit (FA10R023/10)","New","3.79","No",,"Yes","22","22","0","0","52","101.11","30","0","0","0","0","0","22","0","0","22",
"JJ2509206","X002E7CK6R","B0FJ8JYB5B","Artificial Fishing Worms Night Crawlers, Trout Worms, 10cm Worm Shaped Fishy Smell Soft Lure Baits with Box for Anglers Bait Earthworm","New","4.99","No",,"Yes","27","26","0","1","27","199.92","0","0","0","0","0","0","26","0","0","26",
"JJ2509207","X002E7JRUJ","B0FJ8LZC6J","2pc Black Momentary Push Button Switches – 12v 5A for Screen Wash/Horn for Kit & Classic Cars","New","4.69","No",,"Yes","4","4","0","0","34","49.16","30","0","0","0","0","0","4","0","0","4",
"JJ2509208","X002E7LSOH","B0FJ81HTJR","Glow in The Dark Stars and Moon Wall Decals for Ceiling - Kids Wall Decors for Boys Girls Nursery Bedroom - Perfect for Kids Room","New","4.69","No",,"Yes","29","28","0","1","29","424.75","0","0","0","0","0","0","28","0","0","28",
"JJ250921","X002E7CET5","B0FPM5KXVV","UMORDUP 6Pcs Double Ended Nail Art Brushes, Gel Painting Dotting Drawing Carving French Manicure Tools Black","New","4.09","No",,"Yes","0","0","0","0","0","99.96","0","0","0","0","0","0","0","0","0","0",
"JJ2509210","X002E7LWTN","B0FJ83G3P3","2 PCS Mosquito Head Net,Midge Head Net,Insect Netting Midge Hood,Head Mesh Net Hat,Nylon Face Net Mesh with Storage Bag for Outdoor Hiking Camping Climbing Fishing and Walking","New","4.39","No",,"Yes","13","13","0","0","13","199.92","0","0","0","0","0","0","13","0","0","13",
"JJ2509211","X002E7Q379","B0FJ7YYXNQ","5V Shaver Charger Converter Compatible with Philips One Blade QP2824/ QP2724/ QP2734/ QP2834/ S3145/ S5887/ S7887/ MG5950/ MG7950/, Type-C Shaver Power Replacement Adapter","New","4.29","No",,"Yes","9","0","0","9","9","99.96","0","0","0","0","0","0","0","0","0","0",
"JJ2509212","X002E7LX6Z","B0FJ81ZKQ3","Coffee Spoon Stainless Steel Measuring Spoon，Precision Measuring Spoon for Collagen Supplements, Approximate Measure Coffee Scoop","New","3.99","No",,"Yes","18","17","0","1","18","199.92","0","0","0","0","0","0","17","0","0","17",
"JJ2509213","X002E7M5JJ","B0FJ81NP7W","2Pcs Collapsible Paint Brush Washer, Silicone Water Pot for Painting, Foldable Washing Bucket for Watercolor Acrylic Oil Painting, Portable Brush Cleaner(pink and blue)","New","5.99","No",,"Yes","16","14","0","1","16","99.96","0","0","0","0","0","0","14","0","1","15",
"JJ2509214","X002E7E3YJ","B0FJ8915LL","Lashes 20MM Fluffy False Eyelashes Thick Dramatic Cat Eyelashes 10D Big Wispy Fake Lashes D Curl Volume Eye Lashes Long 7 Pairs Strip Lashes with Soft Cotton Band","New","6.29","No",,"Yes","57","57","0","0","57","334.46","0","0","0","0","0","0","57","0","0","57",
"JJ2509215","X002E7JMRH","B0FJ8174W6","Luxurious Wedding Day Handkerchief - Embroidered White Cotton with Lace Edges, Something Blue Gift for Bride,for Mother and Father of the Bride, Sentimental Keepsake for Happy Tears - 30x30 cm","New","4.29","No",,"Yes","33","33","0","0","33","89.31","0","0","0","0","0","0","33","0","0","33",
"JJ2509216","X002E7M76F","B0FJ8LJP5P","Plant Fly Stickers, 30 Pack Dual-Sided Fly Paper for Indoor and Outdoor Use, Yellow Sticky Traps for Fungus Gnats and Other Insects, 20 X 15 Cm/7.88 X 5.9in Sticky Traps for Plants","New","6.19","No",,"Yes","23","16","0","7","64","383.13","30","11","0","0","0","0","16","0","0","16",
"JJ2509217","X002E7BXM9","B0FJ8JLNBZ","African Net Sponge Authentic with Knots, 2 Pcs African Wash Net, Nylon Exfoliating Cloth Back Scrubber for Deep Clean, Shower Exfoliating Sponge Stretch Length to 63 Inch","New","4.99","No",,"Yes","0","0","0","0","0","1076.79","0","0","0","0","0","0","0","0","0","0",
"JJ2509218","X002E7OALF","B0FJ7ZTJ84","Anti Snore Chin Strap Devices, Comfortable Stop Snoring Solution for Sleep Chin Strap, Adjustable and Breathable Anti Snoring Devices, Suitable for Men and Women Universal Size","New","5.48","No",,"Yes","27","25","0","2","27","648.11","0","0","0","0","0","0","25","0","0","25",
"JJ2509219","X002E7OJJ3","B0FJ7ZCCQ9","10Pcs Air Filter Box Lid Housings Retaining Screws, General Purpose 33.5mm x 5mm, Compatible with Opel","New","3.49","No",,"Yes","0","0","0","0","0",,"0","0","0","0","0","0","0","0","0","0",
"JJ250922","X002E7F8O3","B0FPLRS19Y","Black Large Shower Cap for Women Long Hair, Reusable Waterproof Hat for Men, Double Layer Washable Bath Cap for Thick Curly Hair","New","4.39","No",,"Yes","12","12","0","0","12","833.28","0","0","0","0","0","0","12","0","0","12",
"JJ2509220","X002E7JYXJ","B0FJ8FSKDZ","Seal for DeLonghi Coffee Machine Sealing Ring for Dedica EC680 EC685 EC820 EC850 EC860 EC933","New","8.80","No",,"Yes","25","23","0","2","65","49.98","0","40","0","0","0","0","23","0","0","23",
"JJ2509221","X002E7SPNJ","B0FJ814XZG","TRHDFW 10PCS Camping Tent Poles Hooks Tent Sky Hooks Plastic Hook Aperture 4.8mm Slide Width 18mm for Outdoor Camping Awnings Hanging Lights","New","5.29","No",,"Yes","1","0","0","1","1","105.53","0","0","0","0","0","0","0","0","0","0",
"JJ2509222","X002E7MBEX","B0FJ81TY9K","Dance Shoe Bag Portable Ballet Shoe Storage Pouch Lightweight Organizer for Dance Shoes Drawstring Closure Ideal for Ballet Pointe and Performance Shoes","New","5.89","No",,"Yes","27","25","0","2","47","261.37","0","20","0","0","0","0","25","0","0","25",
"JJ2509223","X002E7O5CT","B0FJ7ZLKSM","TRHDFW 20pcs 25mm Plastic D Rings Semi Circular D Ring Plastic Webbing Strap Adjustment Ring Pom Fasteners Buckle for Belts Harnesses and Clothes","New","4.99","No",,"Yes","51","48","0","3","142","49.98","50","40","1","0","0","0","48","0","0","48",
"JJ2509225","X002E7Q62V","B0FJ8JLJ88","Pro Manicure Pusher Professional Cuticle Pusher Slanted and Loop End Metal Orange Stick Expert 51/2","New","3.29","No",,"Yes","0","0","0","0","0","131.1","0","0","0","0","0","0","0","0","0","0",
"JJ2509226","X002E7RG89","B0FJ81KN9X","TRHDFW P21w 1156 Ba15s LED Bulb 6000K White 3W AC/DC 12-24V LED Light Bulbs, for RV Interior Lights, Backup Reverse Light, Position Lights, Rear fog lamp, Daytime Running Lights. (Pack of 3)","New","5.39","No",,"Yes","35","35","0","0","35",,"0","0","0","0","0","0","35","0","0","35",
"JJ2509227","X002E7NL6P","B0FJ829FS2","Anti Snore Devices, 6 PCS Magnetic Anti Snore Nose Clip, Nasal Dilators Snore Stopper Snoring Relief for Men/Women Comfortable Sleep Better Breathing","New","3.99","No",,"Yes","1","0","0","0","1",,"0","0","0","1","0","0","0","0","0","0",
"JJ2509228","X002E7PUWN","B0FJ8B2X61","TRHDFW 1 Pair Grip Socks Football Kids, Football Socks for Boys, Anti-Slip Breathable Grip Socks Football Junior for Aged 8-12 Years","New","3.09","No",,"Yes","0","0","0","0","0",,"0","0","0","0","0","0","0","0","0","0",
"JJ2509230","X002E7K0MN","B0FLJQSX57","2 Pcs Professional Dog Whistle 210.5, Plastic Dog Training Whistles with Lanyard, High Pitch Dog Whistles for Recall Bark Control","New","5.89","No",,"Yes","35","33","0","1","35","99.96","0","0","0","1","0","0","33","0","0","33",
"JJ2509231","X002E7MNE1","B0FLJLPPB3","2 Pack Ultrasonic Dog Whistles for Recall, Adjustable Frequency Silent Anti Bark Training Whistles with Lanyards, 304 Stainless Steel for All Dog Breeds, Black & White","New","5.19","No",,"Yes","78","75","0","3","78","199.92","0","0","0","0","0","0","75","0","0","75",
"JJ2509232","X002E7MO45","B0FMHZBKB1","TRHDFW Clip On Night Driving Glasses - Polarized Anti Glare Flip Up Sunglasses for Prescription Night Driving","New","3.09","No",,"Yes","0","0","0","0","0","50.64","0","0","0","0","0","0","0","0","0","0",
"JJ2509233","X002E7QINX","B0FMFGC9JJ","Dyson Remote Control Replacement for TP05 PH01 Silver","New","7.59","No",,"Yes","0","0","0","0","0",,"0","0","0","0","0","0","0","0","0","0",
"JJ2509234","X002E7QI0L","B0FMJX8SDM","New Fan Remote Control for HP04 HP05 HP06 HP07 HP09 Air Purifier Heater Bladeless Fan, Non-Metallic Material, Silver Color","New","3.89","No",,"Yes","0","0","0","0","0",,"0","0","0","0","0","0","0","0","0","0",
"JJ2509235","X002E7NFUH","B0FMFC2CP5","Chin Strap for Sleeping Reusable Lift Mask Jaw Support Breathable Comfortable Enhance Jawline Suitable Women Men Pink","New","6.29","No",,"Yes","80","77","0","3","80","319.06","0","0","0","0","0","0","77","0","0","77",
"JJ2509236","X002E7QJAP","B0FMF98VDS","2-Piece Riveted Metal Punk Pointy Headband with Studs for Women's Party Supplies","New","5.86","No",,"Yes","7","5","0","2","57","572.4","0","50","0","0","0","0","5","0","0","5",
"JJ2509237","X002E7MOCH","B0FMF8CXJP","Basic Sunglasses Strap with Reliable Hold Adjustable Sports Glasses Strap for Men and Women","New","7.49","No",,"Yes","15","15","0","0","15",,"0","0","0","0","0","0","15","0","0","15",
"JJ2509239","X002E7OJ4D","B0FMFB7XSF","4Pcs M6x18mm MTB Caliper Bolts Bike Hydraulic Disc Brake Adapter Bolts Compatible with Shimano Overall Length 25 mm Black","New","5.39","No",,"Yes","46","44","0","2","46","25.4","0","0","0","0","0","0","44","0","0","44",
"JJ2509241","X002E7QV0N","B0FMFDJ3S9","3Pcs Polka Dot Headband Bow Knot Fabric Headbands Knotted Hair Bands Wide Band Cloth Headwrap Accessories for Women Girls Black Red White","New","7.09","No",,"Yes","1","0","1","0","53","2270.26","42","10","0","0","0","0","0","0","0","0",
"JJ2509242","X002E7MOTP","B0FMJYPGX4","Greece Bunting Flags 10 Metre Greek Flag Garland 30pcs for Party Festival Celebration Sport Schools Street Carnivals Birthday Garden Home Remembrance Day Decorations Polyester Material Fabric","New","7.49","No",,"Yes","76","75","0","1","136","517.18","0","60","0","0","0","0","75","0","0","75",
"JJ2509243","X002E7N96R","B0FMFBKMDW","TRHDFW Skull Balaclava Skeleton Mask Ghost Death Mark Outdoor Riding Mask Halloween Cosplay","New","4.79","No",,"Yes","9","9","0","0","9","539.46","0","0","0","0","0","20","9","0","0","9",
"JJ2509244","X002E7MOTF","B0FMJDTBNQ","Double Chin Lift Mask, Reusable Reducer, Face V-Line for Skin Firming & Tightening, Jawline Lifting, Comfortable & Adjustable Design","New","3.19","No",,"Yes","0","0","0","0","0",,"0","0","0","0","0","0","0","0","0","0",
"JJ2509245","X002E7P24T","B0FMJXHY3Q","6 Set M6 Thread Toilet Seat Bottom Fixing Hardware Kit for Top Mount Hinges","New","4.09","No",,"Yes","26","26","0","0","26","99.96","0","0","0","0","0","0","26","0","0","26",
"JJ2509246","X002E7QG2V","B0FMJ4G591","4PCS Car Wiper Arm Hole Protection Pad Silicone Windshield Wiper Protector Dust Cover Accessories Universal for Most Cars Trucks Black","New","4.69","No",,"Yes","41","40","0","1","41","45.06","0","0","0","0","0","0","40","0","0","40",
"JJ2509248","X002E7OS99","B0FMJZ7N65","Headset Microphone Foam Covers, Soft Foam Windscreen Protector Noise Filter Mini Windscreens Sponge Shields (10 Pack)","New","3.29","No",,"Yes","4","4","0","0","4","254.98","0","0","0","0","0","0","4","0","0","4",
"JJ2509249","X002E7OK1P","B0FMHX758C","Ultralight Stainless Steel Camping Stove Cross Rack Bracket, Portable Pot Stand for Alcohol Stoves, Stable Cookware Holder for Backpacking Hiking Outdoor Adventures","New","5.19","No",,"Yes","40","40","0","0","40","2.95","0","0","0","0","0","0","40","0","0","40",
"JJ250925","X002E7CR01","B0FPLV6LH4","Stainless Steel Measuring Spoons Set, Tablespoon with Metric and UK Measurements, 6 Pieces for Cake Baking, Dry and Liquid Ingredients, Coffee Spoon","New","6.19","No",,"Yes","60","59","0","0","60","98.81","0","0","0","1","0","0","59","0","0","59",
"JJ2509250","X002E7R6NJ","B0FMFGC3T9","TRHDFW Women Fingerless Arm Warmers Gothic Ripped Hole Long Gloves Y2K Punk Rock Half Finger Halloween Costume Party","New","3.79","No",,"Yes","0","0","0","0","0","276.12","0","0","0","0","0","0","0","0","0","0",
"JJ2509253","X002E7OSNP","B0FMF9YG9W","TRHDFW Women PU Leather Fingerless Gloves Black Fashion Dress Up Sexy Arm Warmers for Halloween Party Cosplay Costume","New","3.99","No",,"Yes","0","0","0","0","0","363.63","0","0","0","0","0","0","0","0","0","0",
"JJ2509255","X002E7Q8KB","B0FMFC2DK2","Check Pattern Square Cufflinks for Men in Gift Case Silver Tone Dark Blue Classic Cufflinks Set for Wedding Party Birthday Anniversary","New","5.69","No",,"Yes","25","22","0","2","26","49.98","0","0","1","1","0","0","22","0","0","22",
"JJ2509256","X002E7QQ6H","B0FMJD2D3T","Educational Reading Wall Decal, Removable Vinyl Sticker with Hot Air Balloon Book Design & Inspirational Quote, Blue Decor for Classroom Library Reading Corner Homeschool Study","New","5.99","No",,"Yes","65","57","0","8","100","1851.08","0","35","0","0","0","0","57","0","0","57",
"JJ2509257","X002E7NLMJ","B0FMJZ455L","3 Pcs Elastic Dreadlock Hair Tie Dreadlock Accessories extra long Elastic Hair Tie for Men and Women Ponytail Holders Loc hair ties for Long Dreads Braids Thick Curly Hair (Light)","New","3.99","No",,"Yes","19","18","0","0","39","441.14","20","0","0","1","0","0","18","0","0","18",
"JJ250926","X002E7F90L","B0FPM3NLKD","UMORDUP Funny Novelty Sexy Muscle Man Cooking Apron, Kitchen BBQ Party Adult Gift for Men Women, Red","New","4.89","No",,"Yes","44","44","0","0","44","677.61","0","0","0","0","0","0","44","0","0","44",
"JJ2509260","X002E7RAF3","B0FMHX7QG9","TRHDFW Full Face Shield Ice Silk UV Protection, 4 Pcs Ladies Sunscreen Masks Cover, Multifunctional Breathable Women Sun Veil with Eye Protector Sheets for Hiking","New","6.19","No",,"Yes","14","14","0","0","14","645.32","0","0","0","0","0","0","14","0","0","14",
"JJ2509260-1","X002LX3BM1","B0H3VNBBD8","UMORDUP 2 Pack Ice Silk Sun Protection Full Face Veil with 8 Removable Eye Sheets Elastic Breathable Outdoor Face Cover Black One Size","New","6.79","No",,"Yes","0","0","0","0","0","99.96","0","0","0","0","0","0","0","0","0","0",
"JJ2509262","X002E7RIWN","B0FMFC6D9G","Free Palestine Stickers Roll - 1000Pcs Self-Adhesive Gaza Freedom Themed Decals Motivational Reward Stickers DIY Art Craft Supplies Scrapbooking for Laptop Water Bottle","New","5.39","No",,"Yes","0","0","0","0","0",,"0","0","0","0","0","0","0","0","0","0",
"JJ2509264-1","X002J5BOW5","B0GRV3NLH5","Universal Pram Accessory - Phone & Coffee Cup Holder for Pushchair, Stroller, Buggy","New","7.59","No",,"Yes","50","50","0","0","80","399.19","30","0","0","0","0","0","50","0","0","50",
"JJ2509266","X002E75UUF","B0D7S113X5","JYTDBCS Collaborative Development with Professional Breasts & Instruction Manual Included, Strong Adhesive, Silicone Bra, Putting Up, Bust Up, Swimsuit, Dress Beige","New","5.39","No",,"Yes","4","4","0","0","24","879.66","0","20","0","0","0","0","4","0","0","4",
"JJ2509267","X002E74W8L","B0DCG2W6DC","JYTDBCS 6 Pack Bottle Top Sprinkler DIY Small Plastic Watering Can Plant Waterers Suitable for Drinking Bottles Seed Seedling Garden Irrigation Mini Watering Can","New","6.89","No",,"Yes","19","17","0","2","19","1270.16","0","0","0","0","0","0","17","0","0","17",
"JJ2509268","X002E6WY2X","B0D7T73GKB","1 Roll Carbon Fibre Tape, Gloss Black Vinyl Wrap Self- Adhesive Carbon Fibre Film Tape without Bubble, Anti-scratch Vinyl Wrap for Cars, Suitable for Appearance & Interior of Motorcycle Car Mods","New","4.99","No",,"Yes","45","45","0","0","75","16.22","30","0","0","0","0","0","45","0","0","45",
"JJ2509269","X002E757CV","B0D8FMD9Z1","Soft Non-Slip Bike Grips -Universal Kids Bike Grips for Boys and Girls","New","5.39","No",,"Yes","48","47","0","1","48","403.78","0","0","0","0","0","0","47","0","0","47",
"JJ250927","X002E7E4VB","B0FPLRCH1V","UMORDUP Sickle Eyeliner Brush Fine Precision Liner Brush for Gel Eyeliner Winged Eye Makeup Eyebrow Eyeshadow Tool","New","2.89","No",,"Yes","9","8","0","1","9","99.96","0","0","0","0","0","0","8","0","0","8",
"JJ2509270-1","X002J5H9ID","B0GRV2RWSM","Leg Lifter Strap, Up Leg and Foot Lifter Mobility Aids, Mobility Aid for Bed, Elderly Aids for Daily Living, for Adult, Senior, Disability(Black)","New","5.09","No",,"Yes","6","6","0","0","36","99.96","0","30","0","0","0","0","6","0","0","6",
"JJ2509271","X002E74BA5","B0D8HSKRPL","JYTDBCS Internally Belly Bars 10mm Belly Button Bars 14G 316L Stainless Steel Navel Bars Gold Extra Long Navel Belly Piercing Jewellery Belly Button Ring","New","5.09","No",,"Yes","55","54","0","1","55","70.96","0","0","0","0","0","0","54","0","0","54",
"JJ250928","X002E7DQ2J","B0FPLSVJFY","UMORDUP 2Pcs Stainless Steel Tea Bag Squeezer Tongs 14cm, Tea Bag Holder Strainer Clip for Kitchen & Home","New","4.49","No",,"Yes","16","0","0","16","16","99.96","0","0","0","0","0","0","0","0","0","0",
"JJ250930","X002E7C1RP","B0FPLS2JLQ","20 Pcs Ball Inflation for Basketball Soccer Rugby Volleyball Football Pump Adapter Needle Valve","New","4.89","No",,"Yes","65","61","0","4","65","99.96","0","0","0","0","0","0","61","0","0","61",
"JJ250931","X002E8CPQB","B0FPQ9443Y","Shatterproof Carbon Hair Comb 18 cm Antistatic Double-Sided Barber-Approved Hair Beard Styling for Men Women","New","2.49","No",,"Yes","0","0","0","0","0","99.96","0","0","0","0","0","0","0","0","0","0",
"JJ250932","X002E8ONV1","B0FPQ8S7CH","Detangling Hair Comb, Wide Tooth for Curls","New","2.79","No",,"Yes","1","0","0","1","1","99.96","0","0","0","0","0","0","0","0","0","0",
"JJ250933","X002E7HIYL","B0FPLP25XV","Double Barrel 3 in 1 Cosmetic Pencil Sharpener with Cover, Essential for Small and Extra Large Lip Liner, Eyeliner, Brow Pencils, Eye Liner Pencil Sharpeners, Make Up Sharpener","New","3.19","No",,"Yes","21","20","0","0","21","99.96","0","0","0","1","0","15","20","0","0","20",
"JJ250935","X002E7EBNH","B0FPLSKYMX","8PCS Universal Dust Caps, Tyre Valve Stem Caps for Car Motorcycle Bike Tire Wheel Covers, Red","New","3.69","No",,"Yes","2","2","0","0","2","99.96","0","0","0","0","0","0","2","0","0","2",
"JJ250936","X002E7TMDV","B0FPM8LMTV","UMORDUP Chrome Shower Head Holder, Adjustable 22‑25mm Slide Bar Bracket, 360° Rotation Hand Shower Replacement","New","4.49","No",,"Yes","9","9","0","0","9","99.96","0","0","0","0","0","0","9","0","0","9",
"JJ250937","X002E8KYOB","B0FPQ8R6Z6","Metal French Hair Pin for Women - Gold U Shaped Pin for Thick and All Types, Sticks for Buns, Twist, Fork","New","3.39","No",,"Yes","0","0","0","0","20","99.96","0","20","0","0","0","15","0","0","0","0",
"JJ250939","X002E7BYEL","B0FPLR84QV","Exfoliating Mitt Body Scrubber, Double-Sided Glove, Shower Puff Loofah Sponge, Dual Action Gentle Scrub & Bath Sponge for Skin Cleaning","New","6.49","No",,"Yes","49","49","0","0","69","99.96","20","0","0","0","0","0","49","0","0","49",
"JJ250940","X002E7F8I9","B0FPLT7Z8V","UMORDUP Travel Soap Box with Drainage, Red Plastic Soap Dish for Bathroom & Travel","New","3.29","No",,"Yes","0","0","0","0","0","99.96","0","0","0","0","0","0","0","0","0","0",
"JJ250941","X002E7KTRT","B0FPLQY4RX","UMORDUP Cake Sculpting Modeling Tools, Fondant Smoother & Icing Scraper, Buttercream Decorating Kit for Baking, Purple","New","5.69","No",,"Yes","15","15","0","0","35","1155.94","0","20","0","0","0","0","15","0","0","15",
"JJ250942","X002E8I597","B0FPQ5H4L7","UMORDUP Nightmare Before Christmas Jack Sally Necklace Hypoallergenic Pendant Jewelry Women Gifts Wife Girlfriend Daughter","New","5.89","No",,"Yes","13","10","0","3","43","38.02","0","30","0","0","0","0","10","0","0","10",
"JJ250943","X002E7HJ2R","B0FPLWFTP4","UMORDUP 3Pcs Egg Topper Opener Set for Hard-Boiled Eggs Stainless Steel Blade ABS Shell Green Blue Yellow","New","7.29","No",,"Yes","30","29","0","1","30","99.96","0","0","0","0","0","0","29","0","0","29",
"JJ250944","X002E7CRVF","B0FPLSS3SR","Toenail Correction Kit 40 Pain-Free Straightening Strips with Lifter Easy-to-Use Ingrown Treatment Tools","New","6.89","No",,"Yes","24","24","0","0","24","99.96","0","0","0","0","0","0","24","0","0","24",
"JJ250946","X002E7CTR7","B0FPLS5VPV","Stainless Steel Egg Cracker Opener Topper Cutter for Hard Soft Boiled Eggs Shell Cutter","New","8.19","No",,"Yes","33","33","0","0","33","1028.94","0","0","0","0","0","0","33","0","0","33",
"JJ250947","X002E6GYJR","B0FGCN7NL6","TRHDFW 2 Pack Squeeze Glasses Case Portable Leather Soft Sunglasses Case Anti-Scratch Eyeglasses Bag Goggles Sleeve with Cleaning Cloth for Women Men","New","3.79","No",,"Yes","9","9","0","0","9","256.62","0","0","0","0","0","0","9","0","0","9",
"JJ250948-1","X002MC6QR3","B0H5Q9P4F6","Carbon Fiber Car Key Fob with Zippered Anti-Theft Storage Bag","New","8.99","No",,"Yes","55","54","0","1","55","99.96","0","0","0","0","0","0","54","0","0","54",
"JJ250949","X002E6FYJN","B0FGXXKZ4W","Plastic Soap Dish with Drainage,Soap Dishes Holder for Bathroom Shower，Keep Dry and Easy Cleaning","New","3.39","No",,"Yes","0","0","0","0","0","206.15","0","0","0","0","0","0","0","0","0","0",
"JJ250950","X002E6B4AL","B0FGCZ1K2S","Flat Top Kabuki Foundation Brush - Premium Makeup for Liquid Foundation, Cream, and Powder - Buffing, Blending Brush, Face","New","5.29","No",,"Yes","45","44","0","1","45","47.52","0","0","0","0","0","20","44","0","0","44",
"JJ250951","X002E6F94N","B0FGPMC33Y","TRHDFW 2 Strong Cat Litter Scoops, Plastic Shovel Poop Sieve Cleaning Tools for Litter Tray Sand Sifter (Blue & Grey)","New","5.19","No",,"Yes","39","39","0","0","59","644.5","10","10","0","0","0","0","39","0","0","39",
"JJ250952","X002E6AJY3","B0FH4278PJ","TRHDFW Gold Boho Head Chain, Delicate Curb Chain Headband, Lightweight Sparkling Hair Jewelry for Women, Bridal Wedding Prom Party Festival Headpiece, One Size","New","3.39","No",,"Yes","13","13","0","0","13","78.17","0","0","0","0","0","0","13","0","0","13",
"JJ250954","X002E6C7ST","B0FGPG1YLV","TRHDFW 10PCS Large Double Sided Adhesive Pads for Mounting 2-3/8in Precut Squares Super Strong Heavy Duty Washable Sticky Patch Walls Hanging Nano Gel Clear 60mm","New","3.09","No",,"Yes","0","0","0","0","0","38.84","0","0","0","0","0","0","0","0","0","0",
"JJ250955","X002E6HCP7","B0FGPCK81Q","Swivel Snap Hooks, Heavy Duty Dog Lead Clip Clasp 360° Swivel Joints Trigger Clips, Zinc Alloy Lobster Claw Clasps for Dog Leashes, Camping, Keyring (3 Pcs)","New","4.19","No",,"Yes","0","0","0","0","0",,"0","0","0","0","0","0","0","0","0","0",
"JJ250956","X002E6JCF5","B0FGPPLL38","Eyeglass Nose Pads, Adhesive Anti-Slip Soft Silicone Cushions for Glasses, Sunglasses - 10 Clear Pairs","New","4.19","No",,"Yes","4","3","0","1","4",,"0","0","0","0","0","0","3","0","0","3",
"JJ250958","X002E6HC8J","B0FGXYC2N4","Strongest Wall Door Handle Stopper 5 cm Set 6 Clear Rubber Door Knob Round Shield Cushion Quiet Protector Bumper Silencer Self Adhesive","New","4.59","No",,"Yes","11","11","0","0","11","297.92","0","0","0","0","0","0","11","0","0","11",
"JJ250959","X002E6FAM9","B0FGQDNJSQ","Pack of 6 Blue 21mm Round Faux Horn Sew-On Plastic Buttons for Coats, Jackets, Cardigans - Flat 4 Holes 32L","New","3.99","No",,"Yes","15","13","0","2","15","42.28","0","0","0","0","0","0","13","0","0","13",
"JJ250960","X002E6JM9V","B0FGXZ2D2L","No-Tail Adjustable Eyewear Retainer Cable Strap for Sunglasses, Eyeglasses, Glasses Cable Straps, Eye Glasses Holders Around Neck","New","3.40","No",,"Yes","21","21","0","0","21","63.25","0","0","0","0","0","0","21","0","0","21",
"JJ250961","X002E6F9J3","B0FH435FG8","TRHDFW Wrap Around Sunglasses Y2K for Men Women Vintage Oval Sport Shades Cycling Driving Outdoor UV400 Protection","New","5.99","No",,"Yes","71","66","0","5","131","782.32","60","0","0","0","0","0","66","0","0","66",
"JJ250962","X002E6BIVV","B0FH4HLYRR","Brush - Body Buffing Tool for Self Tanning Hands, Feet & Face - Streak-Free Fake Tan Application","New","5.29","No",,"Yes","33","33","0","0","33","49.98","0","0","0","0","0","10","33","0","0","33",
"JJ250963","X002E6H5DB","B0FGP78TBZ","Dog Harness Mesh Breathable Comfortable Pet Vest No Pull Adjustable Soft Padded Power Strap S Red","New","5.49","No",,"Yes","0","0","0","0","0","1329.97","0","0","0","0","0","0","0","0","0","0",
"JJ250965","X002E6BF3R","B0FGQ9VY6M","Slip Lead for Dogs, Black, 1.25m Lightweight Slip Leash with Sliding Rubber Stopper for Training - No Collar or Harness Required","New","5.69","No",,"Yes","31","26","0","5","31","513.24","0","0","0","0","0","20","26","0","0","26",
"JJ250966","X002E6CGD5","B0FGPVGFG5","20mm Replacement Jean Tack Buttons No-Sew Metal for Denims Jackets Bronze 12 Sets","New","3.09","No",,"Yes","0","0","0","0","0","51.95","0","0","0","0","0","0","0","0","0","0",
"JJ250967","X002E6H5UJ","B0FGPX1J51","10M Hemming Tape for Trousers, Extra Strong Iron-On, Convenient Simple Use, Suitable for Pants, Clothes, Fabrics, Black 2.4CM Wide","New","4.69","No",,"Yes","29","29","0","0","29",,"0","0","0","0","0","0","29","0","0","29",
"JJ250969","X002E75YWT","B0FGZY9JF5","TRHDFW Drawstring Cord Replacement with Bodkin for Jogger Sweatpants Hoodie","New","4.29","No",,"Yes","12","10","0","2","12","63.58","0","0","0","0","0","10","10","0","0","10",
"JJ250970","X002E78HZP","B0FGQ4L57T","3-Pack,Bathtub Sink Strainer, Stainless Steel Shower Drain Hair Catcher, Bathroom Sink Drain Strainer","New","4.19","No",,"Yes","32","30","0","2","32","155.51","0","0","0","0","0","0","30","0","0","30",
"JJ250971","X002E6WTPZ","B0FH18KQ1R","2 Pack French Hair Pin U Shaped Fork Updo Chignon Hairpins for Women","New","4.09","No",,"Yes","31","31","0","0","31","72.92","0","0","0","0","0","20","31","0","0","31",
"JJ250972","X002E759ZV","B0FGPMXV1G","Dough Scraper Cutter, Large 13.5x9CM, Multipurpose Pastry Scraper Nonstick, Food Grade Bowl Scraper Spatula Bench Tool for Baking Bread Sourdough Cake Pizza, Grey","New","4.19","No",,"Yes","27","26","0","1","27","1.15","0","0","0","0","0","0","26","0","0","26",
"JJ250973","X002E78C73","B0FGZW6JNG","Card Holder | Slim Wallet for Men Women | RFID NFC Blocking Minimalist Credit Card Holder | Small Front Pocket Wallet | Durable Stylish | Perfect Everyday Carry Accessory | Sparkle Pink","New","4.49","No",,"Yes","15","15","0","0","15","60.14","0","0","0","0","0","0","15","0","0","15",
"JJ250975","X002E78CCX","B0FGPNG7QK","No-Tail Adjustable Eyewear Retainer Cable Strap for Sunglasses, Eyeglasses, Glasses","New","4.39","No",,"Yes","37","36","0","1","38","567.32","0","0","1","0","0","0","36","0","0","36",
"JJ250976","X002E74ISP","B0FH1FWJ3P","Hair Ties Bands 12 Packs for Women Girls Skinny Silk Satin Scrunchies Small Ponytail Holders No Damage for Thin Thick Curly Long Fine Hair Black","New","3.69","No",,"Yes","0","0","0","0","0","666.46","0","0","0","0","0","0","0","0","0","0",
"JJ250977","X002E73P07","B0FH1G8SGR","Silk Scrunchy Regular Silk Scrunchies for Women Soft Hair Care Black 2pcs","New","3.89","No",,"Yes","51","45","0","6","81","461.79","30","0","0","0","0","0","45","0","0","45",
"JJ250978","X002E71QM1","B0FH1HZ1MB","Credit Card Holder 20 Slots RFID Wallet for Men Women enuine Leather Protector","New","5.39","No",,"Yes","16","1","0","15","16","99.96","0","0","0","0","0","0","1","0","0","1",
"JJ250978-1","X002NW9MOV","B0HDTC2JD4","Credit Card Holder 20 Slots Wallet for Men Women enuine Leather Protector","New","5.39","No",,"Yes","0","0","0","0","0","99.96","0","0","0","0","0","0","0","0","0","0",
"JJ250979","X002E78COV","B0FH1QRCPP","Slim Wallet for Men RFID Blocking Minimalist Credit Card Holder Lightweight with","New","4.99","No",,"Yes","27","26","0","0","27","72.92","0","0","0","1","0","0","26","0","0","26",
"JJ250980","X002E7520D","B0FH42XR9T","Retro Pilot Double Bridge Rectangle Sunglasses for Women Men Classic Square Vintage Eyewear UV400 Protection Driving Outdoor","New","5.29","No",,"Yes","46","44","0","2","76","301.36","30","0","0","0","0","0","44","0","0","44",
"JJ250981","X002E71R0H","B0FH3QLXP4","Rimless Wrap Around Sunglasses for Women Men Retro Trendy Oversized Shades Cool Star Fashion Sun Glasses","New","4.89","No",,"Yes","19","15","0","4","39","800.34","20","0","0","0","0","0","15","0","0","15",
"JJ250982","X002E6X20V","B0FGQ1CS55","Scooters Universal Bike Scooter Plain Handlebar Bell Kids Accessories Loud Waterproof","New","4.69","No",,"Yes","12","10","0","1","62","330.04","0","50","0","1","0","0","10","0","0","10",
"JJ250984","X002E78DLN","B0FH1Q3SPQ","Boar Bristle Slick Back Hair Brush for Sleek Ponytail Bun Smoothing Baby Hairs Flyaways Edge Control Backcombing Teasing Hairbrush with Wide Rat Tail for Sectioning Parting","New","5.18","No",,"Yes","23","22","0","1","23","179.93","0","0","0","0","0","0","22","0","0","22",
"JJ250985","X002E74BXH","B0FH1NPHP9","Large Velvet Soft Self-Tanning Mitt | Double-Sided with Stain-Protection Lining | Streak-Free Tan Finish | Full-Body and Face Application | Machine-Washable and Reusable","New","4.49","No",,"Yes","16","14","0","2","46","778.71","15","15","0","0","0","0","14","0","0","14",
"JJ250986","X002E78I95","B0FH1RPX3K","RFID Blocking Genuine Leather Wallet for Men, Slim Design with Technology to Stop Electronic Pick Pocketing, Ideal for Travel","New","4.39","No",,"Yes","29","29","0","0","29","99.96","0","0","0","0","0","0","29","0","0","29",
"JJ250986-1","X002NW8A4T","B0HDTDZKGX","UMORDUP Blocking Genuine Leather Wallet for Men, Slim Design with Technology to Stop Electronic Pick Pocketing, Ideal for Travel","New","4.39","No",,"Yes","0","0","0","0","0","99.96","0","0","0","0","0","0","0","0","0","0",
"JJ250987","X002E77UYJ","B0FH1NK694","Hair Net for Wigs, Wig Caps to Hold in Place, Wig Net for Long Hair, Nude, 2 Pack","New","3.29","No",,"Yes","35","34","0","1","65","210.08","30","0","0","0","0","0","34","0","0","34",
"JJ250988","X002E77QW5","B0FH1QJFR5","False Eyelashes Fluffy Cat Eye Natural Faux Mink Dramatic Wispy Fox Eye 17MM Strip Look Like Eyelash Extensions 7 Pairs Pack","New","5.99","No",,"Yes","28","28","0","0","28","300.87","0","0","0","0","0","0","28","0","0","28",
"JJ250989","X002E6X701","B0FH1S5MPL","Self-Adhesive Oval Stainless Steel Door Stopper with Glue for Hard Floor Glass - Black, 1 Pc","New","4.39","No",,"Yes","5","2","0","3","5",,"0","0","0","0","0","0","2","0","0","2",
"JJ250990","X002E74XC1","B0FH1RRQMB","Angled Blusher Brush by Quality Blush Contour Bronzer Makeup Tool","New","3.89","No",,"Yes","36","35","0","1","36","517.34","0","0","0","0","0","0","35","0","0","35",
"JJ250991","X002E762CZ","B0FGQ75ZGC","Drawstring Cord, Replacement Drawstrings with Bodkin, 63 Inch Cotton Metal Lock Ends, Hoodie String Threader for Joggers Sweatpants Hoodies, 160cm","New","4.69","No",,"Yes","20","20","0","0","20","148.79","0","0","0","0","0","0","20","0","0","20",
"JJ250992","X002E75FXR","B0FH1QCSFT","10 x Cellulose Facial Sponges Natural Facial Cleansing Sponge Face Sponge","New","3.29","No",,"Yes","41","39","0","2","41","99.96","0","0","0","0","0","0","39","0","0","39",
"JJ250993","X002E7524J","B0FGPCC74J","TRHDFW Cell Phone Lanyard, 1 Pcs Adjustable Neck Strap, 1 Pcs Wrist Strap, 2 Pcs Pads, Universal Crossbody, Multifunctional for Most Smartphones","New","3.59","No",,"Yes","0","0","0","0","0","149.94","0","0","0","0","0","0","0","0","0","0",
"JJ250994","X002E750SR","B0FH29SMVR","Cuticle Pusher Nail Art UV Gel Polish Remover Tool for Fingernail Manicure Pedicure Trimmer","New","3.59","No",,"Yes","18","18","0","0","18","102.75","0","0","0","0","0","0","18","0","0","18",
"JJ250995","X002E7693R","B0FGQ9YXB2","Swivel Clip Heavy Duty Dog Leads Clasp Snaps Hooks Trigger 4pcs","New","6.29","No",,"Yes","47","46","0","1","47","107.66","0","0","0","0","0","10","46","0","0","46",
"JJ250996","X002E78P1V","B0FGXSGTG2","Retractable Airbrush Kabuki Brush for Face Makeup & Foundation Liquid Cream Powder with Aluminum Handle","New","3.89","No",,"Yes","0","0","0","0","0",,"0","0","0","0","0","0","0","0","0","0",
"JJ250998","X002E74TXT","B0FGXSLB8T","Fine-tooth, Pocket & Travel comb, for Thinner Hair, Beard & Moustache comb","New","3.39","No",,"Yes","0","0","0","0","0","0.98","0","0","0","0","0","0","0","0","0","0",
"JJ251002","X002FNIR85","B0FXGJZNVF","UMORDUP 2 Packs Mini First Aid Kit Empty First Aid Bag Mini Portable Medical Bag,First Aid Bag Empty,Travel Medical Kit,Running First Aid Kit,First Aid Travel Bag","New","5.09","No",,"Yes","0","0","0","0","0","31.95","0","0","0","0","0","6","0","0","0","0",
"JJ251003","X002FNISX9","B0FXGGVHRM","UMORDUP 6 Pack Perforated Tart Ring, Pastry Stainless Steel 8cm Heat-Resistant Porous Nonstick Round Cake Mousse, Round Tart, Porous Crumpet Baking Dessert for Making Tool","New","7.19","No",,"Yes","10","10","0","0","10","450.64","0","0","0","0","0","0","10","0","0","10",
"JJ251007","X002FPZBI7","B0DCHVGVLW","JYTDBCS Hair Donut Bun Maker, Ring Style Bun, Bun Rings for Hair Brown, 2PCS Chignon Hair Medium Doughnut Shaper for Short and Thin Hair (Medium, 3 Inch/Brown)","New","4.59","No",,"Yes","33","32","0","1","93","1015.51","0","60","0","0","0","0","32","0","0","32",
"JJ251008","X002FPYQKB","B0D8YF5F91","4 PackJYTDBCS Large Hair Claw Clip,large claw clips for thick hair Extra Large Claw Clip For Thick Hair Claw Clips, Hair Claw Clips For Women Thick Hair – Neutral Claw Clps","New","5.09","No",,"Yes","63","60","0","3","94","49.98","30","0","1","0","0","0","60","0","0","60",
"JJ251009","X002FPZ2DV","B0D97NM29J","JYTDBCS Rose hairpin Vintage red influencer headpiece photo hairpin side clip flower accessories for women red flower hair clip","New","6.39","No",,"Yes","103","94","1","8","203","425.57","100","0","0","0","0","0","94","0","0","94",
"JJ2510100","X002FQ6QGR","B0D7PF4JPL","Round sponge seal super absorbent sponge brush art painting diy tool gouache watercolor graffiti painting，paint sponges，art sponges，painting sponge","New","2.99","No",,"Yes","4","3","0","1","4","916.04","0","0","0","0","0","0","3","0","0","3",
"JJ2510101","X002FPMQQR","B0DCG1THRN","JYTDBCS 10Pcs Plastic Table Cloth Clips Transparent Picnic Tablecloth Clamps for Outdoor Use Family Gatherings Parties Picnics Restaurants Weddings Buffets Dinners Indoor Outdoor Camping","New","4.29","No",,"Yes","0","0","0","0","0",,"0","0","0","0","0","0","0","0","0","0",
"JJ2510102","X002FQ7GG1","B0D95ZJRVJ","JYTDBCS Snoring Prevention, Nose Clip, Mouth Breathing, Magnetic, Reduction Goods, Snoring, Nostril Expansion Nostril Breathing, Goods, Prevention","New","3.09","No",,"Yes","0","0","0","0","0","226.31","0","0","0","0","0","30","0","0","0","0",
"JJ2510103","X002FPWA9F","B0D7LQHFQT","JYTDBCS 4pcs Eye Glasses Ear Cushion for Glasses anti slip glasses grips Grip Anti-Slip Elastic Comfort Temple Sleeves Eyewear Retainer Tip Glasses Ear Grips Eye Glasses Ear Grip","New","4.89","No",,"Yes","37","35","0","2","37","71.45","0","0","0","0","0","30","35","0","0","35",
"JJ2510104","X002FQ1Z5J","B0DBVHR2YZ","JYTDBCS 2 PCS Toilet Flush Button, 38mm Single Press Push Button Round Head Toilet Cistern Push Button Chrome Push Button Toilet Flush Replacement Kit for Bathroom Toilet Water Tank Repair (Silver)","New","7.09","No",,"Yes","0","0","0","0","0","99.96","0","0","0","0","0","0","0","0","0","0",
"JJ2510108","X002FPO89Z","B0D7VS9MW5","JYTDBCS Plaid laser cufflinks French cufflinks for men","New","4.29","No",,"Yes","0","0","0","0","0","106.19","0","0","0","0","0","0","0","0","0","0",
"JJ2510109","X002FQGOH3","B0DBQNQSDJ","JYTDBCS Dog Flyer Toy, Dog Flying Disc, Pack of 2,(Red+Blue) 19CM","New","6.69","No",,"Yes","0","0","0","0","0","1252.95","0","0","0","0","0","0","0","0","0","0",
"JJ251011","X002FPLT5V","B0D8FKS5DB","JYTDBCS Creative Bead Chain Heart Pendant Necklace for Women with Multicolored Pattern, Red Choker, Adjustable Nylon Rope Chain","New","3.69","No",,"Yes","0","0","0","0","0","125.03","0","0","0","0","0","0","0","0","0","0",
"JJ2510110","X002FQGFKJ","B0DBQBWWR3","JYTDBCS Stylish X-shaped Foldable Silicone Trivets Set of 2, Pot Pan Protector Silicone Non-Slip Worktop Protector Heat Resistant for Hot Pans/Dishes/Plates/Pots, Ideal for Camping/Caravan, Blue+Blue","New","6.09","No",,"Yes","24","24","0","0","24","461.62","0","0","0","0","0","0","24","0","0","24",
"JJ2510112","X002FPO92L","B0DCHGNJDZ","JYTDBCS FireWire IEEE 1394 Adapter, 400 to 800 Adapter Converter IEEE 1394a 6-Pin Female to 1394b 9-Pin Male","New","5.19","No",,"Yes","1","0","0","0","1","110.78","0","0","0","1","0","0","0","0","0","0",
"JJ2510113","X002FQH25L","B0CTHBB51M","JYTDBCS Silicone Leaf Moulds (2 Pcs) for Cake, Lollipop & Chocolate Decoration with Beautiful Leaf Modeling Design","New","4.09","No",,"Yes","26","22","0","4","26","135.85","0","0","0","0","0","0","22","0","0","22",
"JJ2510115","X002FPOAVV","B0D8KF2QJ7","JYTDBCS 2Pcs Stainless Steel Cake Testers, Reusable Baking Probe Pins with Plastic Covers, 12cm Cake Testing Skewers for Bread Muffins, Essential Kitchen Baking Tool","New","4.29","No",,"Yes","0","0","0","0","0","297.26","0","0","0","0","0","0","0","0","0","0",
"JJ2510116","X002FQAWHL","B0DB5T5BBP","JYTDBCS Desk Mount Bag Holder Hook,Desk Bag Hook, Metal Desk Hanger Adjustable Under Table Purse Hook Clamp Portable Headphones Holder Clip Organizer for Women Girls Handbag, Reduce Desk Clutter","New","4.59","No",,"Yes","8","8","0","0","8","199.92","0","0","0","0","0","0","8","0","0","8",
"JJ2510117","X002FQDLN3","B0DCG5YYXR","JYTDBCS Rubber Suction Ear Syringe, Hand Bulb Syringe Ear Washing Squeeze Bulb, for Ear Wax Removal, Suitable for Adults and Children.","New","5.09","No",,"Yes","0","0","0","0","0","427.37","0","0","0","0","0","0","0","0","0","0",
"JJ2510119","X002FQDFBB","B0DBDRH768","JYTDBCS Buggy Clips Hooks Baby Pushchair Hooks Pram Clips Stroller Clip for Handbag, Shopping Bags and Pushchairs.","New","3.39","No",,"Yes","0","0","0","0","0","320.2","0","0","0","0","0","0","0","0","0","0",
"JJ251012","X002FPVQD1","B0F4MMCHXD","JYTDBCS Surgical Steel Belly Button Jewelry, Pack of 5, Body Piercing Jewelry（red）","New","3.79","No",,"Yes","0","0","0","0","0","65.88","0","0","0","0","0","0","0","0","0","0",
"JJ2510122","X002FQBG4J","B0DBDM6G6H","3 Pairs of UV Protection Sleeves, Sun Protection Arm Sleeves for Men and Women, Protects Arms from Sun Exposure","New","4.89","No",,"Yes","2","2","0","0","2","910.63","0","0","0","0","0","0","2","0","0","2",
"JJ2510123","X002FQ2AKX","B0DBV4HDZH","JYTDBCS Stainless Steel Tie Clip, Vintage Tie Clips for Men Leaf Suit Tuxedo Dress Shirt Accessories Jewelry Silver with Box","New","4.69","No",,"Yes","8","8","0","0","8","49.98","0","0","0","0","0","0","8","0","0","8",
"JJ2510124","X002FQF055","B0DCG5W9M9","JYTDBCS Electric Toothbrush Travel Case for Oral，Black","New","6.89","No",,"Yes","0","0","0","0","0","99.96","0","0","0","0","0","0","0","0","0","0",
"JJ2510125","X002FQAYMJ","B0D8VXGQC3","JYTDBCS Original Accessories Rhinestone Clasp Violent Bear diy accessories Decorative shoe flowers croc charms","New","3.69","No",,"Yes","0","0","0","0","0","773.31","0","0","0","0","0","0","0","0","0","0",
"JJ2510126","X002FQHMAB","B0D7V7LW3M","8PCS Universal Silent Feet Anti-Vibration Pads for Washing Machines Dryers Refrigerator Home Appliance","New","6.59","No",,"Yes","31","24","0","7","41","642.86","10","0","0","0","0","0","24","0","0","24",
"JJ2510128","X002FQBP31","B0DB1X4XMW","JYTDBCS Baking Tray 2pcs, 9 Cavities Silicone Madeleine Tray, Non-Stick Mould for Baking Cake, Chocolate, Candy, Biscuits (Brown)","New","6.49","No",,"Yes","27","27","0","0","27","934.39","0","0","0","0","0","0","27","0","0","27",
"JJ2510130","X002FQDRAZ","B0DBVB3Q71","JYTDBCS 2 Sets Motorcycle Engine Oil Drain Screw Fittings Compatible with GY6 50cc-150cc ATV Go Kart Moped Motorcycle Scooter Oil Drain Plug Set","New","5.59","No",,"Yes","41","38","0","3","41","165.02","0","0","0","0","0","0","38","0","0","38",
"JJ2510131","X002FQF3XJ","B0DB5Q5SGY","JYTDBCS Pearl Hair Barrette Crystal Pearl,wedding hair accessories for women,pearl hair pins,pearl hair accessories,pearl hair barrettes for women,pearl hair pins","New","4.59","No",,"Yes","27","24","0","3","27","77.84","0","0","0","0","0","0","24","0","0","24",
"JJ2510132","X002FQHT13","B0DCFRKKF5","JYTDBCS 4pcs V Bicycle Brake Blocks Set 70 mm Road Bike Brake Pads,Bicycle V Brake Blocks Set,V Bike Brake Pads,for Mountain Bikes Bicycle, Hex Wrench Included","New","5.09","No",,"Yes","14","12","0","2","14","219.1","0","0","0","0","0","0","12","0","0","12",
"JJ2510134","X002FQHHCJ","B0D9264XV1","JYTDBCS Triangle Sushi Mold Kitchen Sushi Maker DIY Triangle Sushi Press Mini Onigiri Press Food Grade PP Material","New","5.09","No",,"Yes","0","0","0","0","0","593.21","0","0","0","0","0","0","0","0","0","0",
"JJ2510135","X002FQB4YV","B0D7M3G4QC","JYTDBCS Easter bunny stuffed animal Peeps Bunny PEEPS stuffed animal","New","8.29","No",,"Yes","19","19","0","0","19","1992.99","0","0","0","0","0","0","19","0","0","19",
"JJ2510136","X002FQ2KRV","B0DBZHRN6B","JYTDBCS 2 Pcs Retractable Badge Clip, Heavy Duty Badge Reel, Upgrade Retractable Badge Holders with Belt Clip Key Ring, Metal ID Badge Holder for Name Card Keychain","New","6.09","No",,"Yes","15","15","0","0","30","135.03","0","15","0","0","0","0","15","0","0","15",
"JJ2510137","X002FQ2K1R","B0D7VP4FY8","Women's Boat Socks Summer Ice Silk Thin Invisible Socks Cotton Sole High Heel Socks 5 Pack (White + Pink + Skin Color + Black + Gray)","New","4.99","No",,"Yes","29","28","1","0","29","135.03","0","0","0","0","0","0","28","0","0","28",
"JJ2510138","X002FQBSI3","B0D9D4TCYJ","JYTDBCS Crystal Moon Necklace for Women Natural Healing Crystal Gemstone Pendant Necklace Adjustable Quartz Stone Tree of Life Jewellery Gift for Mum Wife Mothers Day","New","5.89","No",,"Yes","13","12","0","0","13","49.98","0","0","0","1","0","0","12","0","0","12",
"JJ2510139","X002FQGQZD","B0DB21B9LP","JYTDBCS 6pcs Writable Blank Scoreboard Judges Scoreboard Dry Erase Answer Paddle Foam Voting Writing Scoreboard for Auctions Red","New","5.99","No",,"Yes","30","29","0","1","30","1458.61","0","0","0","0","0","0","29","0","0","29",
"JJ251014","X002FPVOE7","B0D7T6YT2X","JYTDBCS Retractable Badge Reels, Retractable Keyring Extendable Key Chain Heavy Duty Key Lanyard Belt Clip Badge Holder Pull Reel Extendable Key Chain Black(4 Pack)","New","4.89","No",,"Yes","0","0","0","0","0","284.64","0","0","0","0","0","0","0","0","0","0",
"JJ2510140","X002FQEOKR","B0DBQGXVJL","JYTDBCS Light Pull Chain Extension with Ball Chain 100 cm Length Bathroom Toilet Light/Ceiling Light Fan Switch/Blind Cord Pull Handle Weight Pull Cord - Brushed Chrome with White Ceramic","New","5.79","No",,"Yes","17","15","1","1","17","200.25","0","0","0","0","0","0","15","0","0","15",
"JJ2510142","X002FQDQBZ","B0D8YCBSK9","JYTDBCS Silicone Body Scrubber, Exfoliating Body Scrubber for Use in Shower,Lathers Well, Long Lasting, Soft Body Scrubber for Shower and Bath Skincare Routine Bath Scrubber for Body","New","5.69","No",,"Yes","0","0","0","0","0","1031.4","0","0","0","0","0","10","0","0","0","0",
"JJ2510143","X002FQKWX5","B0D8KPHJ9P","heavy duty suction cups Heavy Duty Suction Cups Silicone Strong Power Tie Downs Sucker，suckers for Car Tent Tarp Black Red 2PCS","New","6.89","No",,"Yes","0","0","0","0","0","850.49","0","0","0","0","0","10","0","0","0","0",
"JJ2510144","X002FQ2XDR","B0D9D1PXMW","2 Pack Mini Silicone Oven Mitts, 250°C Heat Resistant Kitchen Gloves with Cotton Lining, Non-Slip Waterproof Oven Gloves for Baking BBQ Microwave Camping, Orange","New","5.09","No",,"Yes","0","0","0","0","0","475.55","0","0","0","0","0","0","0","0","0","0",
"JJ2510145","X002FQ2JKT","B0D9K467ZX","JYTDBCS 2pcs Safety Tanning Goggles IPL Eye Patch Red Blue Light Eye Protection Sunbed Eyewear Eyepatch Eyeshields for Patients in IPL, UV, Infrared LED Light Therapy","New","4.49","No",,"Yes","26","26","0","0","26","217.46","0","0","0","0","0","0","26","0","0","26",
"JJ2510146","X002FQDUBL","B0D942XD7L","JYTDBCS Stainless steel butterfly nut hand twist butterfly nut plated white zinc ingots screw cap m6 nuts wing nuts","New","4.69","No",,"Yes","0","0","0","0","0",,"0","0","0","0","0","0","0","0","0","0",
"JJ2510147","X002FQI6UL","B0DB4B3QSC","JYTDBCS Shower cap, shower cap with feminine dry hair function microfiber towel waterproof reusable shower cap for long hair","New","4.89","No",,"Yes","1","0","1","0","1","49.98","0","0","0","0","0","0","0","0","0","0",
"JJ2510148","X002FQHPKX","B0DBV4RFJ4","JYTDBCS 8pcs Multi Purpose Rubber Spacers,hThickness Rubber Spacers Vibration Damping Pads Rubber Spacer Bushings for Home Car Accessories","New","4.69","No",,"Yes","28","28","0","0","28","122.41","0","0","0","0","0","0","28","0","0","28",
"JJ2510149","X002FQDU93","B0DBQHNSGZ","JYTDBCS Beaded Mobile Phone Charm Strap, Handmade Crushed Stone Pearl Phone Case Charm Jewelry Accessory, Mobile Phone Lanyard Key Chain Wristband，phone charm","New","3.99","No",,"Yes","12","12","0","0","12","79.97","0","0","0","0","0","0","12","0","0","12",
"JJ251015","X002FPLT8N","B0D7M7S38L","JYTDBCS Work Belts for Men,Belts for Men,Adjustable Nylon Fabric Belt,No Metal Buckle, Fast Pass Through the Airport Security,Suitable for Anywhere","New","5.89","No",,"Yes","0","0","0","0","0","730.86","0","0","0","0","0","0","0","0","0","0",
"JJ2510150","X002FQ2QDJ","B0D9GTD85F","JYTDBCS 3Pcs Camping Cutlery Set Stainless Steel Flatware Travel Cutlery Set Tableware Kit for Knife, Fork and Spoon Set with Carabiner for Hiking Picnic, Office On-The-Go","New","7.49","No",,"Yes","52","50","0","2","52","287.59","0","0","0","0","0","0","50","0","0","50",
"JJ2510151","X002FQHGBB","B0D7ZVLYKY","1 Piece Adjustable Wig Grip Headbands Non-Slip Wigs Scarf Wig Grip Band to Hold Wig in Place Wig Band(Beige)","New","3.09","No",,"Yes","0","0","0","0","0","298.08","0","0","0","0","0","0","0","0","0","0",
"JJ2510153","X002FQEDTT","B0DBVDY2V4","JYTDBCS 16 Pcs Corn On The Cob Skewers, Corn on The Cob Skewers Holders, BBQ Corn Skewers, Corn on The Cob Holder, Stainless Steel BBQ Skewers, for Home Kitchen, Barbecue, Picnic","New","4.49","No",,"Yes","0","0","0","0","0","343.96","0","0","0","0","0","0","0","0","0","0",
"JJ2510154","X002FQNW69","B0D9JCN3GK","JYTDBCS 2 Pcs Sushi Rolling Mat，Sushi Rolling Mats，Sushi Making Mat，Rolling Mat Sushi Making Tool Reusable Plastic Sushi Roller for Beginners and Sushi DIY Lovers Sushi Paper","New","3.99","No",,"Yes","0","0","0","0","0","732.83","0","0","0","0","0","0","0","0","0","0",
"JJ2510155","X002FQGOR3","B0D7VWKBH7","JYTDBCS Makeup Bag Small Portable Protective Case Mini Cosmetic Bag Sundries Lipstick Storage Bag Black","New","6.49","No",,"Yes","16","16","0","0","16","507.02","0","0","0","0","0","0","16","0","0","16",
"JJ2510157","X002FQH62Z","B0DBDJP92J","JYTDBCS 5 PCS Sisal Soap Bag Exfoliating Soap Bag Natural Soap Pouch Shower Bath Sack with Drawstring for Bathing and Washing","New","3.99","No",,"Yes","9","8","0","1","9","99.96","0","0","0","0","0","0","8","0","0","8",
"JJ2510158","X002FQEEYD","B0DB5TPC1F","JYTDBCS Floral Beaded Phone Lanyards w/ Stars, Butterfly & Flower Torque - Blue Cellphone Wrist Straps for Girls","New","4.99","No",,"Yes","26","23","0","3","26","139.45","0","0","0","0","0","0","23","0","0","23",
"JJ2510159","X002FQH5XF","B0DBVCQSCK","JYTDBCS Metal Headphone Hook, Headphone Hanger with Double Hooks, Universal Aluminum Alloy Gaming Headphone Stand Under Desk, Non-Slip Adjustable Desk Headphone Hanger Hook","New","4.69","No",,"Yes","49","49","0","0","49","444.25","0","0","0","0","0","0","49","0","0","49",
"JJ2510160","X002FQ2XKP","B0D7HS8WWJ","3Pack Dumpling Maker,Plastic Dumpling Press Molds 3.8in to 2.6in Pasty Moulds for Empanada Ravioli Family Gathering Picnic Christmas Thanksgiving New Year's Day","New","7.39","No",,"Yes","0","0","0","0","0","1565.78","0","0","0","0","0","0","0","0","0","0",
"JJ2510162","X002FQI57F","B0D9JZX9VZ","JYTDBCS Rabbits Harness With Elastic Lead, Adjustable Rabbit Harness And Lead Set, Mesh Vest For Hamsters Small Cats Guinea Pig Walking, Rabbit Harness And Lead Set","New","5.79","No",,"Yes","15","15","0","0","15","519.96","0","0","0","0","0","0","15","0","0","15",
"JJ2510163","X002FQBUEP","B0DB1ZKKK1","JYTDBCS Silver Heart Bracelet Silver Bracelet for Women Layered Charm Bracelets for Women Ladies Silver Bracelets Friendship Bracelets Women's Jewellery","New","4.09","No",,"Yes","1","0","0","0","1","10.82","0","0","0","1","0","0","0","0","0","0",
"JJ2510164","X002FQ2XW3","B0D91J1WPY","12 Pieces Furniture Straps,No Drill Self-Adhesive Furniture Wall Straps Child Safety and Pet Protection,Anti Tip Furniture Anchors for Bookshelf,Cabinet,Dresser","New","4.29","No",,"Yes","32","31","0","0","51","460.97","19","0","0","1","0","0","31","0","0","31",
"JJ2510165","X002FQI7AZ","B0DCG8LV96","JYTDBCS Sink Plug Replacement, Pop up basin plugs,Universal sink stopper, Stainless Steel Drain for Kitchen and Bathroom,Bath,Basin","New","4.59","No",,"Yes","4","4","0","0","34","99.96","30","0","0","0","0","0","4","0","0","4",
"JJ2510166","X002FQHKTJ","B0D7ZNDP3T","8pcs Appliance Wheels, Mini Caster Wheels for Kitchen Appliances Sticky Ball Casters Self-Adhesive Appliances Slider with Swivel Castors, 360 Degree Swivel Wheel self adhesive mini caster wheels","New","4.89","No",,"Yes","20","19","0","1","20","222.37","0","0","0","0","0","0","19","0","0","19",
"JJ2510167","X002FQ308T","B0D9JRRXVP","JYTDBCS 12 Pcs 1.2 Inch Silver Mirror Disco Balls glitter ball disco ball tree decorations Bauble Hanging Ball for Home Party","New","5.09","No",,"Yes","0","0","0","0","0","25.07","0","0","0","0","0","0","0","0","0","0",
"JJ2510168","X002FQBVL7","B0D964R7R2","2 Pairs Heel Pain, Heel pad, Silicone Heel pad, Insole, Bone Prick Relief, Heel pad, Thickened and Soft, Gel Heel Cups，Heel raisers，Heel Support,Heel Gel Pads,Silicone Heel","New","6.59","No",,"Yes","10","9","0","1","10","523.57","0","0","0","0","0","15","9","0","0","9",
"JJ2510170","X002FQI827","B0DB21MMQB","JYTDBCS Quick-release SLR adjustable camera cuff Wrist strap Hand Strap Belt Strap Shoulder strap Compatible with video cameras peak design cuff，camera quick release belt strap，wrist strap camera","New","5.69","No",,"Yes","28","28","0","0","28","119.3","0","0","0","0","0","0","28","0","0","28",
"JJ2510171","X002FQ33XV","B0D7TGD2SS","Button Hook and Zipper aids for Arthritic Hands Pull One Hand Buttons aids Button Assist Device Dutton Aid","New","4.79","No",,"Yes","0","0","0","0","30","286.12","0","30","0","0","0","0","0","0","0","0",
"JJ2510173","X002FQIE5N","B0DBQHSV87","JYTDBCS Flower Birthday Candles, Number 1 Candles with Bee for Cake, Girls 1st Birthday Decorations, Yellow Glitter Birthday Candles, Honeybee Cake Candles Toppers for Girls Baby Birthday Party Decora","New","4.89","No",,"Yes","22","21","0","1","22","176.65","0","0","0","0","0","0","21","0","0","21",
"JJ2510174","X002FQKYBZ","B0DBDJ45L6","JYTDBCS 4 Pcs Sushi Mold Non-Stick Nigiri Sushi Maker Mould Onigiri Rice Shape DIY Tools for Kitchen","New","5.29","No",,"Yes","69","66","0","3","89","720.05","0","20","0","0","0","0","66","0","0","66",
"JJ2510177","X002FQ3I6X","B0DBQJJB66","JYTDBCS 10 PCS M8 Stainless Steel Hand Tighten Butterfly Screws Wing Bolts (16mm)","New","6.29","No",,"Yes","54","37","0","17","84","99.96","30","0","0","0","0","0","37","0","0","37",
"JJ2510178","X002FQLGB7","B0DBVFCCS9","JYTDBCS 8-Pack Drink Pouches: Leak-Proof, Foldable, Reusable Flasks for Travel, Outdoor Sports, Hot & Cold Drinks","New","4.59","No",,"Yes","45","45","0","0","45","1693.28","0","0","0","0","0","0","45","0","0","45",
"JJ2510179","X002FQIG8X","B0DBVG3DCV","JYTDBCS 1 Pcs Beaded Phone Lanyard, Evil Eye Shape Mobile Phone String Strap, Fashion Accessories for Phone Hanging Key Chain, White Blue","New","3.79","No",,"Yes","32","28","0","4","33","67.84","0","0","1","0","0","1","28","0","0","28",
"JJ251018","X002FPZGMX","B0D921L2S1","JYTDBCS Motorcycle Handlebar Base Kit with U-Bolt Universal Accessory Black Phone Holder Mount Base","New","5.19","No",,"Yes","18","18","0","0","18","338.88","0","0","0","0","0","0","18","0","0","18",
"JJ2510180","X002FQI1S3","B0D9RNPNF1","JYTDBCS 2 Pcs Circle Template,Geometric Stencils,Geometric Stencil Plastic Geometric Stencils Drawing Templates Measuring Templates Rulers,Circle Template for Drawing Measuring Designing(Green)","New","3.39","No",,"Yes","0","0","0","0","0","205.82","0","0","0","0","0","20","0","0","0","0",
"JJ2510181","X002FQBYHD","B0DBQFTZD9","JYTDBCS Passport Holder Cover, PU Leather Passport Holder Travel Wallet Organiser for Credit Card, Money, Boarding, Passport, Boarding Passes for Women Men (Blue)，Passport Wallet For Men，Passport Hold","New","3.39","No",,"Yes","0","0","0","0","0","202.54","0","0","0","0","0","30","0","0","0","0",
"JJ2510182","X002FQJTFR","B0D9NNRB3H","JYTDBCS Wooden Cooking Basting Brush Set, 4 PCS Cooking Basting Brush, Natural Wood and Boar Bristle Culinary Pastry Brushes, Wooden Oil Brush for Bread Dough, BBQ Sauce, Cake Cooking","New","4.29","No",,"Yes","12","12","0","0","12","99.96","0","0","0","0","0","20","12","0","0","12",
"JJ2510183","X002FQJN71","B0D7Q15B31","16 Pcs Finger Tips, 4 Sizes Silicone Finger Thimbles, Fingertip Grips, Finger Protector Pads Cover for Money Counting, Paper Sorting, Sewing, Knitting, Guitar Playing","New","4.29","No",,"Yes","23","23","0","0","23","69.97","0","0","0","0","0","0","23","0","0","23",
"JJ2510184","X002FQIK9D","B0DB5RTK9K","JYTDBCS 4Pcs Cute Phone Charms, Cell Phone Charms Strap Mobile Phone Pendant Pink Strawberry Butterfly Star Phone Charm,phone charm strawberry","New","5.29","No",,"Yes","0","0","0","0","0","47.03","0","0","0","0","0","0","0","0","0","0",
"JJ2510186","X002FQJF65","B0DCG36T93","JYTDBCS 5 in 1 Carbide Nail Drill Bit Fast Remove Acrylic Nails Professional 3/32"" Electric Nail Drill Tungsten Steel Bits Manicure Pedicure Professional Salon Tool","New","4.89","No",,"Yes","2","1","0","0","52","49.98","30","20","0","1","0","0","1","0","0","1",
"JJ2510187","X002FQO36R","B0D95WPW5V","JYTDBCS ben car key bag is suitable for glc260GLC300L buckle gla200e class c class tpu all-inclusive protective cover,mercedes key cover,mercedes a class key cover","New","4.39","No",,"Yes","22","21","0","1","22","141.58","0","0","0","0","0","0","21","0","0","21",
"JJ2510188","X002FQJWM7","B0D8F57BXZ","2 PCS Egg Slicer, Multifunctional Egg Cutter Durable Egg Cutter for Boiled Eggs, for Hard Boiled Eggs Ham Banana Strawberry Soft Fruits Foods, Kitchen Accessories(Green & Yellow)","New","6.89","No",,"Yes","23","22","0","1","23","772.98","0","0","0","0","0","0","22","0","0","22",
"JJ2510189","X002FQK2KX","B0D9NMS4R1","JYTDBCS Tire Valve Stem Caps, Black, 4 pcs/Pack, Anodized Aluminium Tire Valve Cap Set, Corrosion Resistant, Universal Stem Covers for Cars Trucks Motorcycles SUVs and Bikes，valve caps(Black)","New","3.29","No",,"Yes","0","0","0","0","0","27.69","0","0","0","0","0","0","0","0","0","0",
"JJ2510190","X002FQOMWR","B0D7ZR4HCT","12 Pieces Colorful Hair Combs Set, Hair Combs Set, Daisy Hair Comb for Women and Men, Colorful Coarse, Fine Dressing Comb (12 Pieces)","New","4.39","No",,"Yes","0","0","0","0","0",,"0","0","0","0","0","0","0","0","0","0",
"JJ2510191","X002FQO39J","B0D83BSWYF","JYTDBCS 4pcs 18cm/7 inch Soft White Fabric Diffuser with Adjustable Size for Flash Light, Nylon, White","New","4.09","No",,"Yes","0","0","0","0","0","889.16","0","0","0","0","0","0","0","0","0","0",
"JJ2510192","X002FQNSQN","B0D8F9X4PK","3pcs Printer Extruder Nozzle Nozzle Volcano Nozzle Printing Metal Nozzle Compatible with Artillery Compatible with Printer Accessories","New","3.79","No",,"Yes","0","0","0","0","0",,"0","0","0","0","0","0","0","0","0","0",
"JJ2510193","X002FQFU2N","B0DBVDXPK3","JYTDBCS Silicone Steam Release Diverter, Silicone Pressure Cooker Accessories for Pressure Cooker, All Quart Sizes, Gadget for Kitchen/RV(Black)","New","5.09","No",,"Yes","4","0","0","4","4","123.23","0","0","0","0","0","0","0","0","0","0",
"JJ2510194","X002FQFU9V","B0DBQD6HT3","JYTDBCS Long/Elongated Biscuits Cookie Maker Schablone/Bar ~8cm Meat Mincer Attachment, 4 Patterns Churros Dough Pastry Maker","New","3.99","No",,"Yes","5","0","0","5","5","35.07","0","0","0","0","0","0","0","0","0","0",
"JJ2510195","X002FQLNKL","B0DCG36BHJ","JYTDBCS Glasses Strap, 3 Pcs Glasses String,Glasses Chain For Women, Sunglasses Strap, Sunglasses Chain, Glasses String, Adjustable Glasses Chains For Women Men Kids","New","4.29","No",,"Yes","21","21","0","0","21","309.88","0","0","0","0","0","0","21","0","0","21",
"JJ2510196","X002FQOPR9","B0DB5TD8YM","JYTDBCS 25 Pieces Wedding Hair Comb Accessories Metal Comb with 10 Teeth to Hold Hair in Place Suitable for Updo or DIY,hair combs slides for women","New","5.59","No",,"Yes","23","22","0","1","73","189.43","0","50","0","0","0","10","22","0","0","22",
"JJ2510197","X002FQL9EV","B0DCJ519CH","JYTDBCS 2 Pcs Baby Comb Baby Cradle Cap Comb Baby Hair Brush Toddler Comb Toddler Hair Brush Newborn Hair Brush Cradle Cap Comb (Pink)","New","3.39","No",,"Yes","0","0","0","0","0","149.94","0","0","0","0","0","30","0","0","0","0",
"JJ2510198","X002FQLNIN","B0D7VJHK6T","2Pcs Sealing Wax Spoon with Wax Mixing Spoon, Retro Wax Spoon with Wooden Handle Copper Wax Melting Spoon for Sealing Stamp Dissolve Wax Melting Spoon","New","3.89","No",,"Yes","18","18","0","0","38","121.26","0","20","0","0","0","0","18","0","0","18",
"JJ2510199","X002FQONNP","B0D7HBLTXP","2 Pcs Drawing Stencil, Circle Template Geometric Stencils Circle Stencils, Circle Template for Drawing,Circle Stencil for Drawing Measuring Designing","New","4.29","No",,"Yes","3","0","0","3","3","394.44","0","0","0","0","0","0","0","0","0","0",
"JJ251020","X002FPYSKT","B0DBDQ38SW","JYTDBCS Ladies Lace Floral Elegant Short Gloves","New","5.99","No",,"Yes","8","7","0","1","8","199.92","0","0","0","0","0","15","7","0","0","7",
"JJ2510200","X002FQK25N","B0D7VJSXS6","Industrial Dispensing Needle, Industrial Grade Blunt Needle, Stainless Steel Precision Applicator, 23G, Blue, 40pcs 23g Needles","New","2.99","No",,"Yes","2","1","0","0","2","317.09","0","0","0","1","0","0","1","0","0","1",
"JJ2510201","X002FQLF3B","B0D9643F8G","JYTDBCS Anti-Vibration Lift Stand for Washing Machines, Bottom Raising, Soundproof/Vibration Proof, Washing Machine and Refrigerator Stand, Height Adjustment, Vibration Absorption, Noise Reduction,","New","7.29","No",,"Yes","21","21","0","0","39","2051.66","18","0","0","0","0","15","21","0","0","21",
"JJ2510202","X002FQJ2QD","B0DBVGJ7NP","JYTDBCS 50 Pcs 16cm Garden Pegs Plastic Fixing Pegs Weed Fabric Pegs for Weed Control Membrane Securing Ground Sheet","New","6.09","No",,"Yes","24","22","1","1","108","5347.43","44","40","0","0","0","5","22","0","0","22",
"JJ2510203","X002FQO6ZF","B0DBVGF21Q","JYTDBCS 2 Pcs Pearl Mobile Phone Charms, Sparkling Cell Phone Lanyard Strap Faux Pearl Beaded Wristlet Wrist Bracelet Rhinestone Mobile Phone Pendant Phone Charm Key Accessories for Women Girls","New","4.49","No",,"Yes","0","0","0","0","0",,"0","0","0","0","0","0","0","0","0","0",
"JJ251021","X002FQ08YD","B0DBVCHC8X","JYTDBCS 100 PCS Pride Day Toothpicks, LGBT Cake Toppers, Progress Pride Rainbow Cupcake Toppers, Pride Toothpick Flag with Flag for Food Sandwich Cupcake","New","3.79","No",,"Yes","0","0","0","0","0",,"0","0","0","0","0","0","0","0","0","0",
"JJ251023","X002FPZ3RV","B0D9CZ469C","JYTDBCS 100 Pack Cat Toy Balls, Vibrant Color Furry Cat Balls, Soft Cat Pom Pom Toy Balls, Interactive Plush Pet Kitty Balls,cat pom pom balls,cat balls,Cats Interactive Ball,cat toy pom pom balls","New","7.19","No",,"Yes","7","0","0","7","7","1764.4","0","0","0","0","0","0","0","0","0","0",
"JJ251024","X002FQ5PY1","B0D8HWPFCC","JYTDBCS 1 Piece Steering Wheel Cover, National Style Steering Wheel Protective Cover, Decorative Cover, Sweat-absorbing And Breathable Wrapping Cover","New","4.49","No",,"Yes","0","0","0","0","0",,"0","0","0","0","0","15","0","0","0","0",
"JJ251025","X002FPVQ77","B0DCG39QJK","JYTDBCS 8 Pack whistles, Plastic ABS Loud Clear Crisp Sound Sports Whistle with Lanyard for Games Referee Lifeguard Teachers Coaches Officials Sports Recess Emergency (Multicolor) Whistles For Teacher","New","4.59","No",,"Yes","0","0","0","0","0","79.97","0","0","0","0","0","0","0","0","0","0",
"JJ251026","X002FPZR2H","B0DB5V49DC","JYTDBCS 2 Pcs Korean Japanese BBQ Tongs, Stainless Steel Grill Tongs 9.4 Inch Self-Standing Tongs Silver BBQ Tongs Heat Resistant, for Camping, Barbecue, Buffet, Salad","New","5.89","No",,"Yes","24","24","0","0","54","348.55","0","30","0","0","0","0","24","0","0","24",
"JJ251027","X002FPZF83","B0DBZJPXY7","JYTDBCS 5-in-1 Carbide Nail Drill Bit Quickly Removes Acrylics and Hard Gels Professional 3/32"" Electric Nail Drill Bit Tungsten Steel Drill Bit Manicure and Pedicure Professional Salon Tool","New","4.99","No",,"Yes","0","0","0","0","0","65.55","0","0","0","0","0","0","0","0","0","0",
"JJ251029","X002FQ03TN","B0D8B7QC4R","Bike Handlebar Grips, Solid Color Children's Bike Handlebars, Soft Non-Slip Bicycle Handle Grip, Rubber Handle Cover Universal Kids Bike Grips for Boys and Girls Kids Bikes","New","5.69","No",,"Yes","18","17","0","1","18","379.03","0","0","0","0","0","0","17","0","0","17",
"JJ251031","X002FQ5PUP","B0DCHY3JW1","JYTDBCS Wooden Massage Comb, Sandalwood Scalp Massager Wide Tooth Comb for Head Scalp Stimulator Meridian Gua Sha Body Massage Tool for Men Women Relax Relieve","New","4.49","No",,"Yes","25","25","0","0","25","101.27","0","0","0","0","0","0","25","0","0","25",
"JJ251032","X002FQ0SXT","B0D8HX3Q32","JYTDBCS Monochrome Side Decal Flower Headscarf hat Muslim bun hat Women's Monthly hat Chemo Headwear for Women UK,Chemo Hats for Women UK Head Wraps for Black Women Headscarf for Women's Hair Chemo","New","5.49","No",,"Yes","11","11","0","0","11","199.92","0","0","0","0","0","0","11","0","0","11",
"JJ251034","X002FPLWG7","B0DBDHPXLM","JYTDBCS Fashion Clip in Bangs Hair Extensions Front Full Neat Bangs Fringe 2 Clips One Piece Thick Straight Hairpiece Accessories for Women Silver Gray","New","4.79","No",,"Yes","0","0","0","0","0","1383.23","0","0","0","0","0","0","0","0","0","0",
"JJ251035","X002FQ0TFB","B0DBVFBHBG","JYTDBCS Gliding Discs 2 Dual Sided Core Sliders, Sliding Discs for Use on Carpet & Hardwood Floors, Exercise for Full Body Workout, CrossFit & Cross Training, Sliders Gym and Home Fitness Equipment","New","4.99","No",,"Yes","0","0","0","0","0",,"0","0","0","0","0","0","0","0","0","0",
"JJ251037","X002FQ5OLZ","B0DBQGM9HN","JYTDBCS Star Phone Charm, Phone Charm Lanyard for Women Girls, Cute Shiny Phone Accessories for Keychain Bag Purse Backpack Wallet Pendants Decor","New","3.59","No",,"Yes","0","0","0","0","0","7.7","0","0","0","0","0","0","0","0","0","0",
"JJ251038","X002FQ72ZV","B0DBQT458F","JYTDBCS Elf Ball Cufflinks, Cartoon Personalized Fashion Men's Shirt Cufflinks,Surroundings of Japanese Anime Cufflinks","New","4.59","No",,"Yes","24","23","0","1","44","51.29","0","20","0","0","0","0","23","0","0","23",
"JJ251039","X002FQ0B6X","B0DBDVWN32","JYTDBCS 20Pcs M6 (6mm x 30mm) Hex Socket Countersunk Machine Screws, M6 Countersunk Bolts 30mm,Stainless Steel Hex Countersunk Screws - Countersunk Hex Bolts","New","4.69","No",,"Yes","0","0","0","0","0","141.09","0","0","0","0","0","0","0","0","0","0",
"JJ251040","X002FPYEI5","B0D97F5HV6","JYTDBCS Penguin Keychain - White Heart Shape - Romantic Gift for Women in Relationships","New","2.39","No",,"Yes","1","0","0","0","1","35.23","0","0","0","1","0","0","0","0","0","0",
"JJ251042","X002FPM4X7","B0DBQGR8NN","JYTDBCS Angel Cat Memorial Ornaments, angel cat memorial,Cat Decor Suncatcher Window Hanging,cat memorial, Pet Memorial Statue for Cat Lovers Cat Themed Gifts Ornaments(Orange)","New","4.89","No",,"Yes","19","19","0","0","19","49.98","0","0","0","0","0","0","19","0","0","19",
"JJ251044","X002FQ5NLB","B0DBDPFXN6","JYTDBCS 10mm Open Jump Rings, Metal Jewellery Making Findings Connector Rings, Rose Gold","New","2.59","No",,"Yes","0","0","0","0","0",,"0","0","0","0","0","0","0","0","0","0",
"JJ251045","X002FQ0UT1","B0D8FQ33RL","Apple Slicer & Corer - 3 in 1 Stainless Steel Fruit & Vegetable Cutter with 8 Blades","New","4.69","No",,"Yes","0","0","0","0","0",,"0","0","0","0","0","0","0","0","0","0",
"JJ251046","X002FQ5S3T","B0DBQBHHHR","JYTDBCS Beaded Phone Charm with Key Ring, Natural Gemstone Anti-Lost Fashion Phone Lanyard Wrist Strap for Key Chain","New","4.79","No",,"Yes","0","0","0","0","0","85.7","0","0","0","0","0","0","0","0","0","0",
"JJ251047","X002FPVYIN","B0D91T6DFP","Inspirational Gifts for Women, Thank You Gifts, Rainbow Gifts, You are Nothing Short of Amazing Rainbow Makeup Bag, Birthday Gifts for Women, Best Friend, Bestie, Sister, Boss, Wife, Teacher, Nurse","New","4.99","No",,"Yes","0","0","0","0","60","49.98","60","0","0","0","0","0","0","0","0","0",
"JJ251048","X002FQ06QN","B0DBQBZQ28","JYTDBCS 300 Pcs Brads Paper Fasteners Colorful Split Pins, Brass Mini Brads Paper Crafts Fixed Paper Crafts, Brads Paper Fasteners for Schools, Handicrafts, Festivals","New","5.69","No",,"Yes","14","14","0","0","14","300.05","0","0","0","0","0","0","14","0","0","14",
"JJ251049","X002FPXXEB","B0DBQG324X","Webcam Cover for Privacy[5-Pack], Ultra Slim Stronger Glue, Easy to Use, Robust, Privacy cover for laptop, Cell Phone and More Accessories, Protect the privacy and security (Black)，webcam cover，laptop","New","4.79","No",,"Yes","0","0","0","0","0","155.02","0","0","0","0","0","0","0","0","0","0",
"JJ251050","X002FQ0C4J","B0D9LRKMPY","JYTDBCS 10 PCS Plastic Sink Strainer,White Shower Drain Bath sink strainer,Plastic sink strainer，Shower Plughole Cover Protector Shower Drain Cover Sink Stopper Drain Filter for Kitchen Bathroom","New","4.99","No",,"Yes","45","45","0","0","75","599.93","30","0","0","0","0","0","45","0","0","45",
"JJ251052","X002FPW3DX","B0DBDSG331","JYTDBCS 12 Pieces M5 Ring Nut，304 Stainless Steel Eye Nut Ring Round Eye Bolt Ring Bolt Rustproof for Roll of Fastening and Hanging(M5 Ring Nut)","New","5.89","No",,"Yes","22","22","0","0","22","85.7","0","0","0","0","0","0","22","0","0","22",
"JJ251053","X002FQ5P8R","B0D9D495C4","JYTDBCS Gamer matching keyring for husband and wife, 2PCs Funny Gamer Keyring Boyfriend Gifts from Girlfriend Matching Couple Gifts For Man Husband Gift from Wife Valentine Birthday Gifts Anniversary","New","3.59","No",,"Yes","7","7","0","0","7",,"0","0","0","0","0","0","7","0","0","7",
"JJ251054","X002FQ0CRL","B0D9NK6873","Colorful Flower Non-Slip Bathtub Strips, Bathtub Anti-Slip Adhesive Strips, Anti-Slip Tape Floor Safety Mat, With Scraper For Showering","New","4.49","No",,"Yes","10","8","0","1","40","294.8","0","30","0","1","0","30","8","0","0","8",
"JJ251055","X002FPM699","B0DBDNFZ9P","2 Pcs JYTDBCS Bow Hair Clips, Hair Bows for Women Girls, Large Bow Clips Hair Barrette Hair Accessories","New","3.59","No",,"Yes","5","5","0","0","5","49.98","0","0","0","0","0","0","5","0","0","5",
"JJ251056","X002FQ5XZH","B0DBDH7BC9","JYTDBCS Ski Mask Full Face Cover 2 Hole Winter Knitted Balaclava for Outdoor Sports Black","New","4.99","No",,"Yes","1","0","0","1","21","1934.98","0","20","0","0","0","0","0","0","0","0",
"JJ251057","X002FQ0AB9","B0D89ZRLK1","JYTDBCS Classic sunglasses Trend Sunglasses Men's sunglasses UV protection glasses,men's eyewear & accessories,sunglasses men","New","4.79","No",,"Yes","61","58","0","3","131","490.14","0","70","0","0","0","0","58","0","0","58",
"JJ251059","X002FQ1EUP","B0D8J6K5TL","Modern simple thick rope twist curtain rope without punching installation cross-border magnetic buckle magnetic curtain tie backs","New","4.89","No",,"Yes","0","0","0","0","0","693.66","0","0","0","0","0","15","0","0","0","0",
"JJ251061","X002FPXK7V","B0DCG5NPPV","JYTDBCS 2 Pack Applicator Bottle for Hair, 8.5oz Hair Color Applicator Bottle Twist-On Top Tip Cap Hair Oil Applicator, Plastic Squeeze Bottle Root Hair Dye Bottle with Graduated Scale","New","5.59","No",,"Yes","29","28","0","1","54","2002.01","5","20","0","0","0","0","28","0","0","28",
"JJ251062","X002FPM7M5","B0DB8B9Z1C","JYTDBCS 2 Pcs Unicorn Shower Caps Bath Caps Reusable Waterproof Double Layers for Women Hair Protection EVA Plastic Lace Elastic Band Hat Environmental,shower cap for kids,shower hat for kids","New","5.79","No",,"Yes","0","0","0","0","0","1461.23","0","0","0","0","0","0","0","0","0","0",
"JJ251063","X002FQ0JJH","B0D8FFVCSW","JYTDBCS Mini mini comb Simple children's girls hair comb round head teeth hair care baby comb","New","2.69","No",,"Yes","0","0","0","0","0","166.33","0","0","0","0","0","0","0","0","0","0",
"JJ251064","X002FPW0PT","B0DBDL6MS9","JYTDBCS Mesh Gloves Black Gloves Women, Long Gloves for Women Fancy, Mesh Gloves for Women Girls, Women's Long Gloves, Mesh Long Gloves, Long Gloves for Bridal Dance Gloves","New","3.89","No",,"Yes","0","0","0","0","0","762.98","0","0","0","0","0","0","0","0","0","0",
"JJ251065","X002FQ1L8Z","B0DBDRTL2H","JYTDBCS Rhinestone Flower Hair Barrettes Jewelry Bow Crystal Hair Accessories for Bridal Wedding Girls Party Gift (Dark Blue) Blue Hair Accessories","New","5.99","No",,"Yes","31","29","0","2","51","139.95","0","20","0","0","0","0","29","0","0","29",
"JJ251066","X002FPM7A7","B0DBDJKGDB","JYTDBCS Long Finger Gloves Soft Winter Warm Gloves Winter Knit Arm Warmers Thumb Hole Gloves Knitted Warm Weaving Gloves","New","4.09","No",,"Yes","0","0","0","0","0",,"0","0","0","0","0","0","0","0","0","0",
"JJ251067","X002FQ15L3","B0DCFV5RZN","JYTDBCS 2 Pairs of Cashmere Fingerless Gloves For Women Wrist Warmer Thermal Gloves with Thumb Hole","New","3.19","No",,"Yes","0","0","0","0","0","932.92","0","0","0","0","0","0","0","0","0","0",
"JJ251068","X002FQ02CB","B0DBDL9JL8","JYTDBCS Ski Mask Winter Balaclava Ski Mask Warm Full Face Ski Mask Thermal Men Ski Mask 3 Hole Knit Face Ski Masks for Men Black","New","4.89","No",,"Yes","0","0","0","0","0",,"0","0","0","0","0","0","0","0","0","0",
"JJ251069","X002FQ10DB","B0DBVDJ23R","JYTDBCS 6 Pack Cake Tester,Stainless Steel Cake Tester,Reusable Baking Tool,Cake Tester for Baking,Cake Supplies","New","4.69","No",,"Yes","0","0","0","0","0",,"0","0","0","0","0","0","0","0","0","0",
"JJ251070","X002FPM95F","B0DCVW5XXM","JYTDBCS Dart shafts and dart flights made of one piece, 6 stable, darts accessories (purple)","New","4.39","No",,"Yes","12","12","0","0","12","457.2","0","0","0","0","0","0","12","0","0","12",
"JJ251071","X002FQ5T3X","B0DBQ6LJ4P","JYTDBCS Golf Ball Suction Cup, Silicone Ball Pick Up Tool Suction Cup Grabber Retriever, Golf Ball Pick Up Training Accessories,Golf Ball Pick Up","New","4.39","No",,"Yes","24","24","0","0","54","31.95","30","0","0","0","0","0","24","0","0","24",
"JJ251073","X002FPZA3X","B0D7GKQZ4D","JYTDBCS Pencil Grips for Kids - Pack of 3 (Blue, Green, Orange) - Ergonomic Pencil Holders for Kids & Adults - Ambidextrous Writing Aid","New","3.29","No",,"Yes","0","0","0","0","0","136.67","0","0","0","0","0","0","0","0","0","0",
"JJ251074","X002FQ11S5","B0DB1ZPV1R","JYTDBCS 4 Pcs Black Quick Release Clips Camera Strap QD Loops Connector Adapter - Camera Quick Release Strap camera strap quick release loops clips,quick release camera strap.","New","3.19","No",,"Yes","0","0","0","0","0",,"0","0","0","0","0","0","0","0","0","0",
"JJ251075","X002FQ7S2N","B0DB5T8H5P","JYTDBCS Lemon Zester & Cheese Grater - Parmesan Cheese, Lemon, Ginger, Garlic, Nutmeg, Chocolate, Vegetables, Fruits - Razor-Sharp Stainless Steel Blade,microplane,microplane zester,Garlic Grater","New","7.29","No",,"Yes","34","34","0","0","34","2140.81","0","0","0","0","0","0","34","0","0","34",
"JJ251076","X002FPM9TL","B0DBQD73KP","JYTDBCS Rose Flower, 2 Pack Artifical Flower Girl Accessories for Vintage, for Women Girls Party Wedding Beach Bridal Accessory Valentine's Day,rose","New","3.19","No",,"Yes","0","0","0","0","0",,"0","0","0","0","0","0","0","0","0","0",
"JJ251077","X002FQ7FC1","B0DBQ4S312","JYTDBCS 3pcs Bathtub Drain Cover, Hair Catcher Shower Drain Stainless Steel Hair Catcher Hair Strainer Shower Drain Filter for Sink Strainer, Bathtub","New","6.29","No",,"Yes","4","1","0","3","4","1019.77","0","0","0","0","0","0","1","0","0","1",
"JJ251078","X002FQ5SVB","B0D9CY3L6F","5cm Diameter Half Sphere Silicone Mould Large 6-Cavity, Chocolate Ball Mould Baking Mold, Silicone Mould for Making Cake, Jelly, Dome,Silicone Chocolate Mould,Chocolate Moulds,Sphere Mould","New","6.19","No",,"Yes","39","38","0","1","39","1050.57","0","0","0","0","0","0","38","0","0","38",
"JJ251080","X002FQ0GV3","B0D7PFG8HG","Silicone Finger Cover Guitar Finger Cover Protective Cover to Prevent Pain First Practice According to The String Finger Cover Plucking Sweep String，Guitar Finger Protectors","New","3.09","No",,"Yes","0","0","0","0","0",,"0","0","0","0","0","0","0","0","0","0",
"JJ251081","X002FQ0FYL","B0DB5TYX3T","1 Half-Sphere Chocolate Mold, 6-Cavity Silicone Mold, Suitable for Making Chocolate, Baking, Dome Cakes, Mousse Desserts, Purple","New","6.29","No",,"Yes","13","13","0","0","13","1002.4","0","0","0","0","0","0","13","0","0","13",
"JJ251082","X002FQ73A5","B0D9RZFHT8","JYTDBCS Horse series printed linen pillowcase home backrest office living room sofa cushion pillowcase，horse cushion，horse cushions.","New","5.59","No",,"Yes","0","0","0","0","0","1825.19","0","0","0","0","0","0","0","0","0","0",
"JJ251083","X002FPVV1D","B0D7ZW3GBV","JYTDBCS Curved Barbell Eyebrow Lip Ring Rook Daith Helix Bars 8mm Stainless Steel 16G Piercing Banana Silver Gold Eyebrow Piercing Jewellery,stainless steel rook jewellery","New","3.39","No",,"Yes","2","0","0","1","2","29.01","0","0","0","1","0","0","0","0","0","0",
"JJ251084","X002FQ5UF5","B0DBDJ1GNT","JYTDBCS 2PCS Bowknot Hair Clip Hairnet Hairnets for Bun Bowknot Hair Clip Hair Nets for Women Bun Net for Nurse Bank Worker Air Hostess Professional Hair Bun Cover","New","4.79","No",,"Yes","20","19","0","1","50","675.8","30","0","0","0","0","20","19","0","0","19",
"JJ251085","X002FQ73PF","B0DBQY6KJ8","JYTDBCS Cat Grooming Comb, Moderately Bent Comfortable Grip Durable Cat Shell Comb Environmentally Friendly for Dog for Cat(blue)","New","3.89","No",,"Yes","9","9","0","0","9","313.32","0","0","0","0","0","0","9","0","0","9",
"JJ251086","X002FQ6NNX","B0DCHLDLGS","JYTDBCS 8pcs Leverback French Earring Hooks 10x15.5mm Hypoallergenic Interchangeable Dangle Ear Wire Findings for Jewelry Making","New","2.59","No",,"Yes","0","0","0","0","0","76.04","0","0","0","0","0","0","0","0","0","0",
"JJ251087","X002FQ8F1V","B0DCJDKGXQ","JYTDBCS 2 Pcs 60mm Air Hockey Replacement Set Portable Ice Hockey with Red Pusher Paddles, Green Pads and Red Pucks for Various Indoor Games Outdoor Activities Parties and Recreational Events","New","5.19","No",,"Yes","72","72","0","0","72","662.86","0","0","0","0","0","0","72","0","0","72",
"JJ251088","X002FQ1G1H","B0D93JCS9L","JYTDBCS Bedsheet retainer Anti-run sheet and quilt retainer clip clip pinless upgraded bedsheet clip bed sheet clips sheet clips for bedding","New","4.89","No",,"Yes","56","52","0","4","76","489.97","0","20","0","0","0","20","52","0","0","52",
"JJ251090","X002FPMPYP","B0D7GY99Q5","JYTDBCS Adjustable Eyeglasses Strap 3 Pack Men Women Glasses Sports Strap Sunglasses Retainer Eyewear Holders","New","3.89","No",,"Yes","15","14","0","0","15","154.37","0","0","0","1","0","0","14","0","0","14",
"JJ251091","X002FQ617V","B0DCG3C6R3","JYTDBCS 1 Pair Mini Silicone Oven Mitts, Heat Resistant Pot holders Mitts, Cute Oven Pinch Grip Gloves, Small Potholders for Kitchen, Air Fryer Mitts Pair for Cooking, Baking and Grilling (Light Gray)","New","6.39","No",,"Yes","44","44","0","0","44","659.74","0","0","0","0","0","15","44","0","0","44",
"JJ251092","X002FPMP59","B0DBZHVKZH","JYTDBCS Small Hair Clips Women, Claw Clips Mini Hair Clips Claw Non-Slip Matte Hair Clip For Girls Kids Mini Small Claw Clips For Fine Thick Thin Hair 12 Pcs","New","6.89","No",,"Yes","61","60","0","1","61","599.93","0","0","0","0","0","15","60","0","0","60",
"JJ251094","X002FPMNJ7","B0DBDKLGCD","JYTDBCS Exfoliating Mitt Body Scrub Exfoliator Strong Remove Dirt Dead Skin Bath Exfoliating Gloves For Shower Spa","New","3.49","No",,"Yes","0","0","0","0","0","1591.18","0","0","0","0","0","29","0","0","0","0",
"JJ251095","X002FQ61RV","B0D97NH6BS","The Original Crystal Glass Nail File for Natural Nails with Case, Blue, Glass Nail Files with Case, Nail Accessory Gifts for Women, Glass Nail Files with case Nail Supplies for Teenagers and Girls","New","3.89","No",,"Yes","37","37","0","0","37","419.02","0","0","0","0","0","30","37","0","0","37",
"JJ251097","X002FQ0MHV","B0D91LV8BP","JYTDBCS 4PCS Pencil Blender Set Blending Stump The Ultimate Tool for Artistic Precision and Detail Blending Sticks for Art，Blending Sticks for Art Pencil Stump","New","4.19","No",,"Yes","0","0","0","0","0",,"0","0","0","0","0","15","0","0","0","0",
"JJ251098","X002FQ13RJ","B0DB8J96QS","JYTDBCS Messy Bun Hair Piece Side Comb Clip in Synthetic Hair Bun Hairpiece for Women Short Curved Versatile Adjustable Styles Easy Hair pieces (Light Wheat Blonde)","New","4.79","No",,"Yes","16","15","1","0","16","999.94","0","0","0","0","0","0","15","0","0","15",
"JJ251099","X002FQ7OH7","B0D7C2MNDK","2 Pcs Bottle Opener Keyring, Bottle Opener Keychain Pocket Key Ring Small Beer Opener Mini Key Ring Bottle Opener for Daily Use Home Pub Bartenders Bar, Bottle Opener Christmas Gifts for Men Dad","New","3.59","No",,"Yes","0","0","0","0","0","84.07","0","0","0","0","0","0","0","0","0","0",
"JJ251101","X002FUX9Y5","B0FYM7T7SX","UMORDUP Vintage Party Masquerade Mask for Film Festivals, Christmas, Easter, and Halloween, Men's Masquerade Costume","New","7.09","No",,"Yes","30","30","0","0","130","3014.07","0","100","0","0","0","0","30","0","0","30",
"JJ260701","X002N4UY0Z","B0H93YFHZD","Wooden Back Scratcher, Manual Massage Device with Extended Design, Glare-Free Massage Stick for Neck, Back, and Shoulder, for Home and Office","New","7.99","No",,"Yes","0","0","0","0","0","99.96","0","0","0","0","0","0","0","0","0","0",
"JJF2509272","X002EBTU7Z","B0FQ56Q72D","Wig Band, Wig Grip Headband for Women, Nude","New","3.79","No",,"Yes","0","0","0","0","0","592.72","0","0","0","0","0","0","0","0","0","0",
"JJF2509275","X002EBWPT5","B0FQ57MBG6","UMORDUP 1920s Feather Headband Red Artificial Flower Fascinator Headpiece Hair Accessory for Women Cocktail Prom Carnival Masquerade Tea Party","New","2.89","No",,"Yes","0","0","0","0","0","1453.86","0","0","0","0","0","15","0","0","0","0",
"JJF2509277","X002EC5O47","B0FQ5G2HPW","UMORDUP Silver Crystal Floral Leaf Bridal Hair Vine, 10cm Handmade Wedding Hair Piece for Women, Elegant Hair Accessory for Bride Bridesmaid","New","4.99","No",,"Yes","2","0","0","0","2","99.96","0","0","0","2","0","15","0","0","0","0",
"JJF2509278","X002EBYC6J","B0FQ58TX3V","Pearl Headbands for Women Elegant Headbands Pink Faux Pearl Headband Cute Fancy Head Band for Teen Girls Hair Styling Accessories for Birthday Wedding","New","5.99","No",,"Yes","14","14","0","0","44","99.96","0","30","0","0","0","0","14","0","0","14",
"JJF2509280","X002EC0VOZ","B0FQ582794","Wide Headbands For Women's Hair Headband Soft Head Bands Adult Women Hairband Turban Flower Cotton Head Band Everyday Yoga Sport Fitness","New","6.39","No",,"Yes","61","57","0","4","91","1033.04","30","0","0","0","0","0","57","0","0","57",
"JJF2509281","X002EC3GLF","B0FQ59VWDD","Double Layer Pearl Rhinestone Headband, Silver Plated Metal Hair Hoop, Shiny Decorative Hair Accessory for Women, Bridal Wedding Prom Formal Parties Daily Wear","New","4.69","No",,"Yes","29","29","0","0","59","99.96","30","0","0","0","0","0","29","0","0","29",
"JJF2509282","X002EC10QN","B0FQ5B19JW","10 Pieces Ribbon Hair Bows Alligator Clips Hairbows Barrettes 3 Inch Red Ponytail Holder Cheerleading Hairpin Christmas Valentine's Day Accessories for Women Toddler Girls","New","3.59","No",,"Yes","26","22","0","4","26","99.96","0","0","0","0","0","0","22","0","0","22",
"JJF2509284","X002EC31UB","B0FQ5CGCC2","UMORDUP French Bow Hair Clip for Women, Solid Black Satin Hair Barrette, Lightweight Spring Barrette for Daily & Party Hairstyling","New","3.09","No",,"Yes","1","0","0","0","1","99.96","0","0","0","1","0","0","0","0","0","0",
"JJF2509285","X002EBZWT5","B0FQ5GB92M","3 PCS Men's Sweat Bands - Sport Head Bands for Men - Workout Headbands for Women - Running Headband - Tennis Athletic Sweatband - Sports Headband Mens - Running Basketball","New","4.99","No",,"Yes","30","30","0","0","30","779.04","0","0","0","0","0","45","30","0","0","30",
"JJF2509286","X002EC45BP","B0FQ5DDFS3","3 Pack Spa Facial Headband Makeup Hair Band Women Skincare Adjustable Microfibre Headband for Washing Face Sports Yoga Black","New","5.29","No",,"Yes","62","62","0","0","62","1814.54","0","0","0","0","0","0","62","0","0","62",
"JJF2509288","X002EC02DP","B0FQ5C8RXT","Metal French Hair Pin for Women - Gold U Shaped Pin for Thick and All Hair Types, Sticks for Buns, Twist, Fork - 1pc","New","3.59","No",,"Yes","0","0","0","0","60","99.96","40","20","0","0","0","0","0","0","0","0",
"JJF2509289","X002EC022L","B0FQ5DSRC6","UMORDUP 25Pcs Silver Duck Bill Hair Clips Rustproof Metal Alligator Curl Clips with Holes for Hair Styling Salon DIY Hair Accessories","New","4.09","No",,"Yes","9","9","0","0","9","99.96","0","0","0","0","0","0","9","0","0","9",
"JJF2509291","X002EC3E0X","B0FQ5JWZ8P","Gold Wedding Hair Clip - Gold Fascinators for Weddings - Pearl Pins | Flower Bridal Hair Accessories for Women, Girl","New","8.19","No",,"Yes","48","43","3","0","188","99.96","0","140","0","2","0","0","43","0","0","43",
"JJF2509292","X002EC4RUT","B0FQ5JLQYX","Bridal Flower Side Hair Clips, Pearl Pieces Hair Comb Bridal Headpiece for Brides Bridesmaid,Girls,Women,Mother's Day Gift Comb Wedding Prom Party Accessories (Silver)","New","4.39","No",,"Yes","0","0","0","0","120","99.96","40","80","0","0","0","0","0","0","0","0",
"JJF2509293","X002EC4XML","B0FQ5HFPWZ","2 Pack French Hair Pin French Twist U Shaped Hair Pin Fork Updo Chignon HairPins For Women","New","3.79","No",,"Yes","19","17","0","0","19","99.96","0","0","0","2","0","0","17","0","0","17",
"JJF2509296","X002EC6Q9J","B0FQ5FKFL3","16Pcs Chunni Clips with Safety Pins, Black Strong Chunni Clips Dupatta U-shape Metal Wig Hair Extension Hijab Pins for Headscarf Shirts","New","5.19","No",,"Yes","51","49","0","1","51","99.96","0","0","0","1","0","0","49","0","0","49",
"JJF2509297","X002EC6CKR","B0FQ5LH57P","3 PCS Bride Wedding Hair Pins Clips Silver Crystal Leaf Flower Pearls Headpieces Bridal Hair Jewelry Accessories for Women, Girl, Lady, Party Wedding Prom (Pearls & Leaves)","New","5.39","No",,"Yes","8","8","0","0","28","99.96","0","20","0","0","0","15","8","0","0","8",
"JJF2509300","X002ECGK1D","B0FQ5N34HQ","2Pcs Hair Buns, Padding for Updos, Volume Hair Bump Inserts, Styling Clip Accessories for Women, Lady, Girl (Coffee)","New","4.79","No",,"Yes","7","2","1","3","77","399.68","40","30","0","1","0","0","2","0","0","2",
"JJF2509301","X002ECTSNZ","B0FQ5LLY55","Spiral Hairpin, Bride Hairpin Crystal Rhinestone Swirl Pearl Wedding Hair Accessory For Women Girls Wedding Bride Party (24 PCS)","New","3.89","No",,"Yes","24","23","0","0","64","1642.64","0","40","0","1","0","0","23","0","0","23",
"JJF2509303","X002EDO3DT","B0FQBQNGXX","Metal Crocodile Alligator Hair Clips Barrette Hair Non-slip DIY Accessories Hairgrip 56 mm 66 mm 75 mm Long for Women and Girls, 30 Pieces, Silver","New","4.79","No",,"Yes","35","35","0","0","35","99.96","0","0","0","0","0","0","35","0","0","35",
"JJF2509304","X002EDO5ZF","B0FQBQT3VZ","Green Hair Crystal Comb Accessories Wedding Pin Accessories for Women Girls Bridal Bridesmaid Guest Gold Emerald Green Rhinestone Vine Headpiece Hair Clips for Prom Wedding","New","6.48","No",,"Yes","24","21","1","2","86","99.96","60","0","2","0","0","25","21","0","0","21",
"JJF2509305","X002EDP8R9","B0FQBQWGNJ","UMORDUP Green Large Streamer Bow Hair Clip Solid Color Tassel Hair Barrette Spring Clip Hair Accessory for Women","New","3.49","No",,"Yes","32","32","0","0","32","99.96","0","0","0","0","0","0","32","0","0","32",
"JJF2509306","X002EDNPNN","B0FQBR57YK","UMORDUP Silver Bridal Hair Comb, Pearl & Rhinestone Wedding Hair Clip, Decorative Hair Slide Headpiece for Adult Women","New","6.39","No",,"Yes","91","79","3","9","147","99.96","20","35","1","0","0","15","79","0","0","79",
"JJF2509307","X002EDO825","B0FQBT9VYH","UMORDUP 6Pcs Metal Hair Side Combs 20-Teeth Twisted Wire Hair Combs Black Gold Silver Mixed for Wedding Veil DIY Hairstyling","New","3.29","No",,"Yes","0","0","0","0","0","99.96","0","0","0","0","0","15","0","0","0","0",
"JJF2509308","X002EDPJNR","B0FQBTNF53","UMORDUP 4Pcs Double Layer Braided Hair Clips Elegant Hair Styling Barrettes for Women Burgundy & Black","New","2.99","No",,"Yes","0","0","0","0","0","99.96","0","0","0","0","0","0","0","0","0","0",
"JJF2509309","X002EDSPI3","B0FQBVF62B","UMORDUP Yellow Polka Dot Large Hair Bow Clip Vintage Ribbon Barrette Hair Accessory for Women","New","3.89","No",,"Yes","21","21","0","0","21","99.96","0","0","0","0","0","15","21","0","0","21",
"JJF2509310","X002EDOKP5","B0FQBXKV27","Hair Donut Bun Maker, Ring Style Bun, 2PCS Chignon Hair Large Doughnut Shaper for Thick and Long (Large, 3.5 Inch/Brown)","New","6.29","No",,"Yes","27","26","0","1","27","100.29","0","0","0","0","0","0","26","0","0","26",
"JJF2509311","X002EDSTW5","B0FQBYC6Z2","Rose Hair Clip Headband Brooch Safety Pin Floral Corsage Hair Accessories Suitable for Women and Girls for Weddings, Balls, and Parties (Off-White)","New","2.79","No",,"Yes","0","0","0","0","0","109.96","0","0","0","0","0","0","0","0","0","0",
"JJF2509312","X002EDVB5R","B0FQBXRDC1","Fashionable Hair Clips Set 12 Pack Butterfly Hairpin Hairdressing Sectioning Clips Women's Hair Trimming Stylish Hairpin","New","6.29","No",,"Yes","61","55","1","5","101","1146.6","0","40","0","0","0","20","55","0","0","55",
"JJF2509313","X002EDX21X","B0FQC72ZJS","UMORDUP 10 Pack Hair Bow Clips, 3 Inch Pinwheel Slides Grips, Dark Orange Solid Colour Fabric Hair Accessories for Women","New","3.29","No",,"Yes","0","0","0","0","0","99.96","0","0","0","0","0","0","0","0","0","0",
"JJF2509314","X002EDR7A5","B0FQBZ53SM","UMORDUP Letter Y Pearl-Effect Hair Claw Clip, Retro Acrylic Metal Hair Clip for Adult Women Daily & Occasion Wear","New","4.89","No",,"Yes","0","0","0","0","0","99.96","0","0","0","0","0","0","0","0","0","0",
"JJF2509315","X002EDTQJF","B0FQBZ9YPN","2Pcs Big Satin Layered Hair Clip for Women Girls, Large Long Bow Hair Clip Bowknot Hairpin Accessories (Pink Rose)","New","4.39","No",,"Yes","58","53","1","4","58","1203.3","0","0","0","0","0","0","53","0","0","53",
"JJF2509316","X002EDV0HL","B0FQBZ3KJ9","UMORDUP 2Pcs Large Banana Hair Clips Retro Vintage Claw Clips Black Amber for Thick Hair Styling for Women","New","3.89","No",,"Yes","1","1","0","0","21","99.96","0","20","0","0","0","0","1","0","0","1",
"JJF2509317","X002EDTS1B","B0FQC33B4T","UMORDUP 6Pcs Small Black Hair Claw Clips 4cm, Strong Hold Mini Hair Clamps for Adult All Hair Types","New","4.59","No",,"Yes","0","0","0","0","0","99.96","0","0","0","0","0","15","0","0","0","0",
"JJF2509318","X002EDVDMD","B0FQC2KG8V","UMORDUP 9Pcs Black Mini Hair Claw Clips for Adults, Strong Hold Small Hair Clips for All Hair Types, Minimalist Durable Styling Clips","New","4.59","No",,"Yes","48","44","0","4","52","99.96","2","0","2","0","0","15","44","0","0","44",
"JJF2509319","X002EE049F","B0FQC2XBTM","UMORDUP 4Pcs Transparent Medium Hair Claw Clips 6cm 2.4 Inch for Adults, Strong Hold Acrylic Clips for All Hair Types","New","6.39","No",,"Yes","1","0","1","0","51","99.96","25","25","0","0","0","15","0","0","0","0",
"JJF2509320","X002EE16XX","B0FQC37MLV","Hair Clips, Flower Barrettes Hair Accessories for Women Girls Kids, 2 PC Elegant Handmade Gentle Headwear Bridal Styling Tools for Party Wedding Daily","New","5.89","No",,"Yes","37","35","1","1","37","99.96","0","0","0","0","0","0","35","0","0","35",
"JJF2509321","X002EDYUGJ","B0FQC6SFQW","UMORDUP 2Pcs Satin Long Tail Big Bow Hair Clips, French Style Barrette White Navy Blue for Adult Hairstyling","New","5.79","No",,"Yes","18","18","0","0","18","99.96","0","0","0","0","0","10","18","0","0","18",
"JJF2509322","X002EE1A57","B0FQC3HCZ6","20 PCS White Bridal Wedding Flower Hair Pins White Rose Flower Hair Pins U-Shaped Hairpins Accessories for Women Girls Ladies","New","6.99","No",,"Yes","25","24","0","1","25","99.96","0","0","0","0","0","15","24","0","0","24",
"JJF2509323","X002EE1AXJ","B0FQC3XNMK","Pink Floral Bridal Hair Clip with Rhinestones, Elegant Flower Side Hairpin, Flexible Metal Wedding Headpiece for Brides Bridesmaids Prom Party Evening Events","New","5.89","No",,"Yes","30","28","0","1","30","99.96","0","0","0","1","0","0","28","0","0","28",
"JJF2509324","X002EDZBCB","B0FQC6QMLL","UMORDUP 30 Pack Mini Hair Claw Clips, Plastic and Metal Non-Slip Small Hair Clamps, Black Hair Accessories for Women and Adults","New","3.89","No",,"Yes","65","61","1","3","85","99.96","20","0","0","0","0","0","61","0","0","61",
"JJF2509325","X002EDXC3V","B0FQCBC6GL","5 Pcs Bridal Hairpins, Pearl Rhinestone, Flower Hair Clips, Silver Jewelry Wedding Headpiece Hair Accessories for The Bride and Bridesmaid","New","4.29","No",,"Yes","0","0","0","0","0","99.96","0","0","0","0","0","0","0","0","0","0",
"JJF2509326","X002EDZC5R","B0FQC7H69S","UMORDUP 2Pcs Butterfly Hair Claw Clips Pearl Jewel Design Resin Hair Clips for Women Thick Thin Hair Styling Pink White","New","5.89","No",,"Yes","13","13","0","0","13","1386.18","0","0","0","0","0","0","13","0","0","13",
"JJF2509327","X002EE2XQ7","B0FQC3FJG3","Crocodile Clips, 12pcs Professional Large Hair Clips for Styling, Sectioning Hair Clips, Women Girls Hairdressing Clips for Long Short Thick Fine Hair, No Crease, Anti-slip, Alligator Hairclips, Pink","New","5.49","No",,"Yes","45","45","0","0","45","99.96","0","0","0","0","0","7","45","0","0","45",
"JJF2509328","X002EE7D7B","B0FQC8QLKQ","UMORDUP 6Pcs Dark Purple Professional Crocodile Hair Sectioning Clips, Large Anti‑Slip Alligator Clips for Hair Styling, No Crease Grip for Long Thick Hair","New","4.09","No",,"Yes","36","36","0","0","36","99.96","0","0","0","0","0","0","36","0","0","36",
"JJF2509329","X002EE55PX","B0FQCBG1QY","UMORDUP 6Pcs Large Crocodile Hair Sectioning Clips, No Crease Alligator Styling Clips for Thick Fine Long Hair, Purple for Adult Women","New","4.89","No",,"Yes","21","20","0","1","21","99.96","0","0","0","0","0","0","20","0","0","20",
"JJF2509330","X002EE4GSF","B0FQC7P1CC","Bridal Hair Accessories - Wedding Hair Pins, Clips, and Flowers for Women, Bridesmaids, and Girls (Silver)","New","4.59","No",,"Yes","49","48","0","1","49","99.96","0","0","0","0","0","0","48","0","0","48",
"JJF2509331","X002EESLNB","B0FQHLYK3Z","UMORDUP 2Pcs Red Tartan Bow Hair Clips for Adults, Scottish Plaid Hair Barrettes, Classic Fabric Hair Pins for Daily & Festive Wear","New","6.19","No",,"Yes","30","29","0","1","30","99.96","0","0","0","0","0","0","29","0","0","29",
"JJF2509332","X002EE58J1","B0FQC8DYMF","8-Pack Bun Maker Set - Magic Foam Twister & Lazy Hairpin Tool for Effortless Updos - Perfect Shapers & Accessories for Girls and Women - Gift for Stylish Hair","New","4.09","No",,"Yes","8","7","1","0","8","31.95","0","0","0","0","0","0","7","0","0","7",
"JJF2509333","X002EETS7J","B0FQHYWMP5","UMORDUP 10Pcs Black Bow Hair Clips, 3 Inch Solid Pinwheel Hair Slides for Women, Stylish Hair Accessories for Daily & Party Hairstyling","New","3.09","No",,"Yes","0","0","0","0","0","99.96","0","0","0","0","0","15","0","0","0","0",
"JJF2509335","X002EESHD5","B0FQHDYL5D","Hair Gripper Pack 6 Pcs For Men And Women - Salon And Barber, Clips For Styling, Hair Holder Grips Barber Shop","New","5.19","No",,"Yes","47","47","0","0","47","147.65","0","0","0","0","0","0","47","0","0","47",
"JJF2509336","X002EETMRF","B0FQH7NYMJ","Alloy Hairpin for Women, Costume Accessory, Props, Decoration for Maomao Cosplay from The Apothecary Diaries","New","6.39","No",,"Yes","68","66","1","1","68","37.2","0","0","0","0","0","0","66","0","0","66",
"JJF2509337","X002EEPPJ9","B0FQJ6X75S","UMORDUP 2Pcs Satin Bow Hair Clips Elegant French Barrettes for Women Black & Beige","New","2.89","No",,"Yes","1","0","0","0","1","99.96","0","0","0","1","0","0","0","0","0","0",
"JJF2509338","X002EETHY3","B0FQHZRQDY","UMORDUP 2Pcs Satin Bow Hair Clips Elegant French Barrettes for Women Black & Red","New","3.39","No",,"Yes","0","0","0","0","0","99.96","0","0","0","0","0","30","0","0","0","0",
"JJF2509339","X002EETQ0D","B0FQHXZDQT","Hair Comb Pack of 2 Pearl Beads Side Hair Twist Comb French Twist Clips with Teeth for Fine Accessories for Women Girls","New","5.89","No",,"Yes","60","50","0","9","140","99.96","40","40","0","1","0","20","50","0","0","50",
"JJF2509340","X002EETO9B","B0FQJ75YH9","UMORDUP Green Satin Bow Hair Clip French Style Hair Barrette for Women Elegant Bun Ponytail Hair Accessory","New","4.89","No",,"Yes","33","33","0","0","33","109.96","0","0","0","0","0","0","33","0","0","33",
"JJF2509341","X002EETR8J","B0FQJ711J9","2PCS Flat Claw Clip, Curved Design Flat Claw Clips for Women, Medium Round Duckbill Hair Clips, Women Girl Neutral Colors Clip for Thin or Thick Hair","New","3.49","No",,"Yes","0","0","0","0","70","99.96","0","70","0","0","0","15","0","0","0","0",
"JJF2509342","X002EEX8M5","B0FQHXVQ9H","UMORDUP Vintage Wooden Flower Hair Stick for Women, Green Retro Hair Pin with Tassel, Hair Fork Styling Accessory for All Hair Types","New","5.69","No",,"Yes","7","7","0","0","47","99.96","0","40","0","0","0","0","7","0","0","7",
"JJF2509343","X002EEWOF7","B0FQHSJJTX","UMORDUP 2Pcs Satin Bow Hair Barrettes, French Style Silky Ribbon Bowknot Clips, Pink & Red Hair Accessories for Adult Women","New","2.79","No",,"Yes","1","0","0","0","1","99.96","0","0","0","1","0","0","0","0","0","0",
"JJF2509345","X002EEU0IP","B0FQHSWM49","UMORDUP Silver Wedding Hair Comb for Women, Pearl Flower Crystal Leaf Bridal Hair Slide, Hair Accessories for Bride Bridesmaid Prom Party","New","4.59","No",,"Yes","0","0","0","0","0","99.96","0","0","0","0","0","0","0","0","0","0",
"JJF2509346","X002EEWTE3","B0FQHWWNV4","Black Crocodile Clips Hair – Sectioning Hair Clips For Styling, Hairdressing Clips, Black Hair Clip, Hairclips, Strong Grip Without Slipping –10Pack","New","3.99","No",,"Yes","0","0","0","0","0","99.96","0","0","0","0","0","0","0","0","0","0",
"JJF2509348","X002EEYMT3","B0FQHWRX88","Hair Clips, Pink Flower Barrettes Hair Accessories for Women Girls Kids, Set of 2 Elegant Handmade Organza Camellia Headwear Wedding Styling Tools for Party Wedding Daily","New","4.39","No",,"Yes","34","32","0","2","53","99.96","19","0","0","0","0","0","32","0","0","32",
"JJF2509349","X002EEPUWB","B0FQJ8NDFQ","UMORDUP 6Pcs Dark Brown Medium‑Small Hair Claw Clips Strong Non‑Slip Plastic Clips for Fine Short Thin Hair for Women","New","5.09","No",,"Yes","20","19","1","0","20","99.96","0","0","0","0","0","0","19","0","0","19",
"JJF2509350","X002EETR7F","B0FQJ35SXW","Crystal Bridal Comb Gold Rhinestone Leaf Hair Piece Wedding Headpieces Bride Side Comb Wedding Hair Accessories for Bride and and Bridesmaids (Gold)","New","5.69","No",,"Yes","52","49","0","3","72","45.88","20","0","0","0","0","15","49","0","0","49",
"JJF2509351","X002EEWYRF","B0FQHCBGTW","TRHDFW 12Pcs Blue Grosgrain Hair Bows, Mini Bowknot Alligator Clips, Cute Navy Hair Barrettes for Girls Kids, 8x4cm, Daily Party School Hair Accessories","New","3.89","No",,"Yes","9","0","0","9","29","99.96","0","20","0","0","0","15","0","0","0","0",
"JJF2509352","X002EEV3JF","B0FQHGFPP4","Big Bow Barrettes 2 Pieces Soft Silky Satin Hair Clip Long Tail French Ribbon Hair Pins Metal Bowknot Clips 90's Accessories for Party Valentine's Day Women Girl (Green)","New","4.88","No",,"Yes","47","43","0","4","47","99.96","0","0","0","0","0","20","43","0","0","43",
"JJF2509353","X002EESYGF","B0FQHDL7QD","Vintage Gold Feather Hair Clip Barrette - Metal Leaf Head Clips Decorative French Hair Accessories for Women and Girls","New","6.59","No",,"Yes","2","1","0","1","42","39.98","0","40","0","0","0","0","1","0","0","1",
"JJF2509354","X002EEV0U7","B0FQHLJXS7","3 Pcs Acrylic Tortoise Shell Hollow Geometric Hair Clips for Women and Girls","New","2.89","No",,"Yes","0","0","0","0","0","69.97","0","0","0","0","0","0","0","0","0","0",
"JJF2603001","X002IZJYEL","B0GQT91VCV","Handheld Spiralizer Vegetable Slicer, Upgrade 4 in 1 Adjustable Spiral Slicer, Veggie Spiral Cutter Pasta Maker for Carrot, Fruit, Cucumber, Potato, Pumpkin, Zucchini","New","7.29","No",,"Yes","54","50","1","0","139","99.96","30","55","0","3","0","0","50","0","0","50",
"JJF2603003","X002IZHJOD","B0GQTL562R","4 Pack Safe Cupboard Locks for Children,Baby Proof Corner Locks for Cabinet,Drawer,Cupboard,Refrigerator,Closet,Oven,Trash,Toilet,Oven,Easy Installation (White)","New","4.79","No",,"Yes","11","11","0","0","11","99.96","0","0","0","0","0","0","11","0","0","11",
"JJF2603004","X002IZHPQP","B0GQTGVYQ6","UMORDUP 4 Pcs 6MM Gas Hob Knobs Silver Cooker Hob Knobs Universal Gas Stove Knobs Metal Gas Hob Switch for Kitchen Cooker Gas Stove Oven Cooktop","New","6.79","No",,"Yes","26","24","1","1","56","293.98","0","30","0","0","0","0","24","0","0","24",
"JJF2603005","X002J0GUZV","B0GQYB4GQW","Face Hair Remover,Manual Portable Epilator, Threading Hair Removal,Beauty Epilator Beauty Tools, for Women Face Hair Removing (Purple)","New","6.59","No",,"Yes","9","3","1","5","39","99.96","30","0","0","0","0","0","3","0","0","3",
"JJF2603006","X002J0JZAN","B0GQY55MW5","False Eyelashes Wispy Lashes Natural Look Fake Eyelashes Cat Eye Lashes Faux Mink Fluffy Strip False Lashes Fox Eye Lashes","New","5.99","No",,"Yes","38","35","2","1","68","99.96","30","0","0","0","0","0","35","0","0","35",
"JJF2603007","X002J0KBO7","B0GQYBHY8D","2Pcs Soft Honeycomb Bath Sponges,Natural sponges,Bath sponges","New","4.69","No",,"Yes","0","0","0","0","4","7237.67","0","4","0","0","0","0","0","0","0","0",
"JJF2603009","X002J0DH6L","B0GQYBHHTW","6 Pcs Electric Toothbrush Head Covers Compatible with Brush Heads, Plastic Toothbrush Head Protector Cap, Colorful Transparent Dustproof Toothbrush Protective Case for Travel Family","New","4.19","No",,"Yes","44","40","0","4","44","99.96","0","0","0","0","0","0","40","0","0","40",
"JJF2603011","X002J0OOFJ","B0GQYM1JTX","UMORDUP 2Pcs Large Vintage Hair Claw Clips for Women, Tortoiseshell & Black, Strong Hold Hair Styling Clips for All Hair Types","New","5.79","No",,"Yes","0","0","0","0","0","99.96","0","0","0","0","0","0","0","0","0","0",
"JJF2603012","X002J0OUB7","B0GQZ52ZRW","UMORDUP 8Pcs Invisible Ring Size Reducers, Transparent Silicone Ring Size Adjusters for 1–10mm Wide Rings, Snug Fit for Adults","New","4.29","No",,"Yes","18","18","0","0","18","99.96","0","0","0","0","0","0","18","0","0","18",
"JJF2603013","X002J0MNLV","B0GQZ4L1VN","UMORDUP 6Pcs Mini Self-Grip Hair Rollers, Small Plastic Hair Curlers for Root Volume & Fluffy Styling, DIY Hair Tools for All Hair Types","New","7.09","No",,"Yes","12","11","0","1","12","99.96","0","0","0","0","0","0","11","0","0","11",
"JJF2603014","X002J1K8AD","B0GR4DP1CJ","Silicone Chocolate Bar Sweet Moulds Candy Jelly Rectangle Baking Silicon Bakeware Shape Soap Wax Flexible Baking Mould (6 Cell 10 Section)","New","6.89","No",,"Yes","81","81","0","0","81","810.5","0","0","0","0","0","0","81","0","0","81",
"JJF2603020","X002J0R85H","B0GQYVNL82","UMORDUP Satin Sleep Bonnet Red Adjustable with Tie Band for Curly Hair Braids Wigs Adult Women","New","5.59","No",,"Yes","15","15","0","0","15","99.96","0","0","0","0","0","0","15","0","0","15",
