"snapshot-date","sku","fnsku","asin","product-name","condition","available","fc-transfer","pending-removal-quantity","inv-age-0-to-90-days","inv-age-91-to-180-days","inv-age-181-to-270-days","inv-age-271-to-365-days","inv-age-366-to-455-days","inv-age-456-plus-days","currency","units-shipped-t7","units-shipped-t30","units-shipped-t60","units-shipped-t90","alert","your-price","sales-price","lowest-price-new-plus-shipping","lowest-price-used","recommended-action","healthy-inventory-level","recommended-sales-price","recommended-sale-duration-days","recommended-removal-quantity","estimated-cost-savings-of-recommended-actions","sell-through","item-volume","volume-unit-measurement","storage-type","storage-volume","marketplace","product-group","sales-rank","days-of-supply","estimated-excess-quantity","weeks-of-cover-t30","weeks-of-cover-t90","featuredoffer-price","sales-shipped-last-7-days","sales-shipped-last-30-days","sales-shipped-last-60-days","sales-shipped-last-90-days","inv-age-0-to-30-days","inv-age-31-to-60-days","inv-age-61-to-90-days","inv-age-181-to-330-days","inv-age-331-to-365-days","estimated-storage-cost-next-month","inbound-quantity","inbound-working","inbound-shipped","inbound-received","Total Reserved Quantity","unfulfillable-quantity","quantity-to-be-charged-ais-241-270-days","estimated-ais-241-270-days","quantity-to-be-charged-ais-271-300-days","estimated-ais-271-300-days","quantity-to-be-charged-ais-301-330-days","estimated-ais-301-330-days","quantity-to-be-charged-ais-331-365-days","estimated-ais-331-365-days","quantity-to-be-charged-ais-366-455-days","estimated-ais-366-455-days","quantity-to-be-charged-ais-456-plus-days","estimated-ais-456-plus-days","historical-days-of-supply","Recommended ship-in quantity","Recommended ship-in date","Last updated date for Historical Days of Supply","Short term historical days of supply","Long term historical days of supply","Inventory age snapshot date","Inventory Supply at FBA","Reserved FC Processing","Reserved Customer Order","Reserved Staging","Total Days of Supply (including units from open shipments)","is-seasonal-in-next-3-months","season-name","season-start-date","season-end-date"
"2026-08-13","JJ2509255","X002E7Q8KB","B0FMFC2DK2","Check Pattern Square Cufflinks for Men in Gift Case Silver Tone Dark Blue Classic Cufflinks Set for Wedding Party Birthday Anniversary","New","23","0","0","25","0","0","0","0","0","GBP","2","7","17","22","Low traffic","5.69","0.0","5.69","0.0","NoRestockExcessActionRequired","0","0.0","0","0","108.34","1.84","0.001766","cubic feet","Apparel","0.040618","UK","gl_jewelry","247812","117","0","13","14","5.69","9.48","33.18","80.94","105.54","25","0","0","0","0","0.05","1","0","0","1","1","0","","","","","","","","","","","","","35.0","0","","2026-08-09","35.0","34.9","2026-08-10","24","1","0","0","120","N","","",""
"2026-08-13","JJ2509114","X002E78RC3","B0FG7LDRRN","TRHDFW Safety Goggles Clear Wraparound Safety Glasses Eye Impacted Sealed Protective Work Goggles Over Spectacles for DIY Lab Grinding etc GENERAL PURPOSE GOGGLES CLEAR","New","3","0","0","6","0","0","0","0","0","GBP","2","12","21","34","Low traffic","4.89","0.0","4.89","0.0","CreateShippingPlan","3","0.0","0","0","0.0","1.84","0.044747","cubic feet","Standard","0.134241","UK","gl_sports","136888","9","0","1","1","4.89","8.14","48.84","85.47","138.38","0","0","6","0","0","0.12","0","0","0","0","0","0","","","","","","","","","","","","","55.0","23","2026-08-12","2026-08-09","30.8","55.0","2026-08-10","3","0","0","0","9","N","","",""
"2026-08-13","JJ2510136","X002FQ2KRV","B0DBZHRN6B","JYTDBCS 2 Pcs Retractable Badge Clip, Heavy Duty Badge Reel, Upgrade Retractable Badge Holders with Belt Clip Key Ring, Metal ID Badge Holder for Name Card Keychain","New","15","0","0","10","6","0","0","0","0","GBP","1","7","13","20","Low traffic","6.09","0.0","6.09","0.0","NoRestockExcessActionRequired","0","0.0","0","0","97.22","1.01","0.00477","cubic feet","Standard","0.07155","UK","gl_office_product","149047","146","30","17","19","6.09","5.07","35.66","67.1","103.78","10","0","0","0","0","0.06","15","0","15","0","0","0","","","","","","","","","","","","","91.2","0","","2026-08-09","91.0","91.2","2026-08-10","30","0","0","0","146","N","","",""
"2026-08-13","JJ250926","X002E7F90L","B0FPM3NLKD","UMORDUP Funny Novelty Sexy Muscle Man Cooking Apron, Kitchen BBQ Party Adult Gift for Men Women, Red","New","44","0","0","0","45","0","0","0","0","GBP","4","5","16","20","Low traffic","4.89","0.0","4.89","0.0","NoRestockExcessActionRequired","14","2.74","15","0","77.54","0.36","0.02393","cubic feet","Apparel","1.05292","UK","gl_apparel","28126","293","30","35","28","4.89","16.28","20.35","64.48","80.44","0","0","0","0","0","0.59","0","0","0","0","0","0","","","","","","","","","","","","","294.8","0","","2026-08-09","294.8","250.8","2026-08-10","44","0","0","0","293","N","","",""
"2026-08-13","JJ2509257","X002E7NLMJ","B0FMJZ455L","3 Pcs Elastic Dreadlock Hair Tie Dreadlock Accessories extra long Elastic Hair Tie for Men and Women Ponytail Holders Loc hair ties for Long Dreads Braids Thick Curly Hair (Light)","New","18","0","0","19","0","0","0","0","0","GBP","1","1","3","4","Low traffic","3.99","0.0","3.99","0.0","Advertise listing","0","3.77","40","0","72.86","0.44","0.015579","cubic feet","Standard","0.280422","UK","gl_beauty","104302","366","0","152","123","3.99","3.32","3.32","9.96","13.28","19","0","0","0","0","0.15","20","20","0","0","0","0","","","","","","","","","","","","","","0","","","","180.0","2026-08-10","38","0","0","0","366","N","","",""
"2026-08-13","JJ2510150","X002FQ2QDJ","B0D9GTD85F","JYTDBCS 3Pcs Camping Cutlery Set Stainless Steel Flatware Travel Cutlery Set Tableware Kit for Knife, Fork and Spoon Set with Carabiner for Hiking Picnic, Office On-The-Go","New","50","0","0","52","0","0","0","0","0","GBP","0","0","3","14","Low traffic","7.49","0.0","7.49","0.0","NoRestockExcessActionRequired","7","0.0","0","0","84.56","0.64","0.010156","cubic feet","Standard","0.5078","UK","gl_kitchen","208652","366","0","","46","7.49","0.0","0.0","19.55","91.82","30","20","2","0","0","0.29","0","0","0","0","2","0","","","","","","","","","","","","","","0","","","","127.6","2026-08-10","50","2","0","0","366","N","","",""
"2026-08-13","JJ251029","X002FQ03TN","B0D8B7QC4R","Bike Handlebar Grips, Solid Color Children's Bike Handlebars, Soft Non-Slip Bicycle Handle Grip, Rubber Handle Cover Universal Kids Bike Grips for Boys and Girls Kids Bikes","New","17","0","0","18","0","0","0","0","0","GBP","3","11","18","22","Low traffic","5.69","0.0","5.69","0.0","NoRestockExcessActionRequired","0","0.0","0","0","74.06","1.4","0.013685","cubic feet","Standard","0.232645","UK","gl_outdoors","50032","57","0","6","10","5.69","14.22","52.14","85.32","104.28","0","18","0","0","0","0.15","0","0","0","0","1","0","","","","","","","","","","","","","81.6","12","2026-08-19","2026-08-09","81.6","78.4","2026-08-10","17","1","0","0","61","N","","",""
"2026-08-13","JJ2509223","X002E7O5CT","B0FJ7ZLKSM","TRHDFW 20pcs 25mm Plastic D Rings Semi Circular D Ring Plastic Webbing Strap Adjustment Ring Pom Fasteners Buckle for Belts Harnesses and Clothes","New","48","0","0","52","0","0","0","0","0","GBP","4","17","51","64","Low traffic","4.99","0.0","4.99","0.0","NoRestockExcessActionRequired","0","0.0","0","0","203.98","2.47","0.001766","cubic feet","Apparel","0.084768","UK","gl_apparel","274061","203","0","32","28","4.99","16.64","70.72","212.16","266.24","50","2","0","0","0","0.1","91","50","40","1","4","0","","","","","","","","","","","","","32.0","0","","2026-08-09","32.0","27.9","2026-08-10","139","4","0","0","304","N","","",""
"2026-08-13","JJ2510103","X002FPWA9F","B0D7LQHFQT","JYTDBCS 4pcs Eye Glasses Ear Cushion for Glasses anti slip glasses grips Grip Anti-Slip Elastic Comfort Temple Sleeves Eyewear Retainer Tip Glasses Ear Grips Eye Glasses Ear Grip","New","36","0","0","35","0","0","0","0","0","GBP","1","12","15","15","Low traffic","4.89","0.0","5.09","0.0","NoRestockExcessActionRequired","5","3.46","8","0","41.46","0.81","0.002523","cubic feet","Apparel","0.090828","UK","gl_apparel","102138","103","0","12","31","5.09","4.24","49.18","61.39","61.39","30","2","3","0","0","0.03","0","0","0","0","1","0","","","","","","","","","","","","","98.9","0","","2026-08-09","50.4","98.9","2026-08-10","36","1","0","0","106","N","","",""
"2026-08-13","JJ2510116","X002FQAWHL","B0DB5T5BBP","JYTDBCS Desk Mount Bag Holder Hook,Desk Bag Hook, Metal Desk Hanger Adjustable Under Table Purse Hook Clamp Portable Headphones Holder Clip Organizer for Women Girls Handbag, Reduce Desk Clutter","New","8","0","0","0","9","0","0","0","0","GBP","0","0","2","5","Low traffic","4.59","0.0","4.59","0.0","NoRestockExcessActionRequired","0","0.0","0","0","48.23","0.44","0.007063","cubic feet","Standard","0.056504","UK","gl_home","857300","366","8","","20","4.59","0.0","0.0","7.64","19.1","0","0","0","0","0","0.04","0","0","0","0","1","0","","","","","","","","","","","","","","0","","","","197.4","2026-08-10","8","1","0","0","366","N","","",""
"2026-08-13","JJF2603009","X002J0DH6L","B0GQYBHHTW","6 Pcs Electric Toothbrush Head Covers Compatible with Brush Heads, Plastic Toothbrush Head Protector Cap, Colorful Transparent Dustproof Toothbrush Protective Case for Travel Family","New","40","0","0","44","0","0","0","0","0","GBP","0","1","5","12","Low traffic","4.19","0.0","4.39","0.0","NoRestockExcessActionRequired","40","0.0","0","0","0.0","0.61","0.003531","cubic feet","Standard","0.14124","UK","gl_drugstore","167219","251","0","160","43","4.39","0.0","3.66","19.79","48.91","30","0","14","0","0","0.09","0","0","0","0","4","0","","","","","","","","","","","","","680.0","0","","2026-08-09","680.0","132.6","2026-08-10","40","4","0","0","275","N","","",""
"2026-08-13","JJ2509148","X002E7CCC9","B0FHKRZMD1","Crystal Adjustable Rings Simulation Diamond Rings Girls Finger Ring Toys for Girl Pretend Play Dress up Party, 20Pcs (Random Color)","New","33","0","0","35","0","0","0","0","0","GBP","0","1","11","25","Low traffic","6.49","0.0","6.29","0.0","NoRestockExcessActionRequired","33","0.0","0","0","0.0","0.93","0.005652","cubic feet","Apparel","0.186516","UK","gl_jewelry","161589","366","0","212","27","6.29","0.0","5.57","62.97","143.33","0","20","15","0","0","0.06","20","1","19","0","2","0","","","","","","","","","","","","","1062.0","0","","2026-08-09","1062.0","99.0","2026-08-10","53","2","0","0","366","N","","",""
"2026-08-13","JJ2509207","X002E7JRUJ","B0FJ8LZC6J","2pc Black Momentary Push Button Switches – 12v 5A for Screen Wash/Horn for Kit & Classic Cars","New","4","0","0","4","0","0","0","0","0","GBP","0","5","6","9","Low traffic","4.69","0.0","4.89","0.0","NoRestockExcessActionRequired","4","0.0","0","0","0.0","1.5","0.001738","cubic feet","Standard","0.006952","UK","gl_biss","","34","0","27","49","4.89","0.0","20.35","24.42","37.48","0","4","0","0","0","0.01","30","30","0","0","0","0","","","","","","","","","","","","","83.3","0","","2026-08-09","46.0","83.3","2026-08-10","34","0","0","0","366","N","","",""
"2026-08-13","JJ2510148","X002FQHPKX","B0DBV4RFJ4","JYTDBCS 8pcs Multi Purpose Rubber Spacers,hThickness Rubber Spacers Vibration Damping Pads Rubber Spacer Bushings for Home Car Accessories","New","28","0","0","29","0","0","0","0","0","GBP","5","13","17","28","Low traffic","4.69","0.0","4.69","0.0","NoRestockExcessActionRequired","0","0.0","0","0","125.22","1.58","0.002119","cubic feet","Standard","0.059332","UK","gl_home_improvement","87021","77","0","8","13","4.69","19.55","50.83","66.47","109.48","16","13","0","0","0","0.04","0","0","0","0","1","0","","","","","","","","","","","","","78.3","12","2026-08-30","2026-08-09","77.0","78.3","2026-08-10","28","1","0","0","81","N","","",""
"2026-08-13","JJ2509270-1","X002J5H9ID","B0GRV2RWSM","Leg Lifter Strap, Up Leg and Foot Lifter Mobility Aids, Mobility Aid for Bed, Elderly Aids for Daily Living, for Adult, Senior, Disability(Black)","New","6","0","0","6","0","0","0","0","0","GBP","4","15","25","29","Low traffic","5.09","0.0","5.09","0.0","NoRestockExcessActionRequired","","","0","0","","1.97","0.003531","cubic feet","Standard","0.021186","UK","gl_personal_care_appliances","55330","57","0","9","16","5.09","16.96","63.77","108.19","126.47","0","0","6","0","0","","30","0","30","0","0","0","","","","","","","","","","","","","72.9","23","2026-08-27","2026-08-09","38.0","72.9","2026-08-10","36","0","0","0","57","N","","",""
"2026-08-13","JJ2509102","X002E6XKSF","B0FGPJHFRB","TRHDFW Dog Pill Shooter 2 Pieces Pet Piller Dispenser for Large Medium Breed Dogs up to 45 Pounds White Pill Popper","New","21","0","0","15","6","0","0","0","0","GBP","2","4","7","13","Low traffic","5.69","0.0","5.69","0.0","NoRestockExcessActionRequired","21","0.0","0","0","0.0","0.59","0.00339","cubic feet","Standard","0.07119","UK","gl_pet_products","95001","151","0","21","21","5.69","9.48","18.96","34.51","65.95","0","15","0","0","0","0.05","0","0","0","0","0","0","","","","","","","","","","","","","183.8","0","","2026-08-09","183.8","144.8","2026-08-10","21","0","0","0","151","N","","",""
"2026-08-13","JJF2509331","X002EESLNB","B0FQHLYK3Z","UMORDUP 2Pcs Red Tartan Bow Hair Clips for Adults, Scottish Plaid Hair Barrettes, Classic Fabric Hair Pins for Daily & Festive Wear","New","29","0","0","30","0","0","0","0","0","GBP","0","0","2","9","Low traffic","6.19","0.0","3.99","0.0","NoRestockExcessActionRequired","29","0.0","0","0","0.0","0.43","0.003531","cubic feet","Standard","0.102399","UK","gl_beauty","75210","","0","","41","3.99","0.0","0.0","6.82","30.69","0","20","10","0","0","0.07","0","0","0","0","1","0","","","","","","","","","","","","","","0","","","","189.4","2026-08-10","29","1","0","0","","N","","",""
"2026-08-13","JJ2509248","X002E7OS99","B0FMJZ7N65","Headset Microphone Foam Covers, Soft Foam Windscreen Protector Noise Filter Mini Windscreens Sponge Shields (10 Pack)","New","4","0","0","4","0","0","0","0","0","GBP","4","7","9","12","Low traffic","3.29","0.0","3.29","0.0","CreateShippingPlan","0","3.09","48","0","14.94","0.85","0.009005","cubic feet","Standard","0.03602","UK","gl_musical_instruments","","35","0","2","4","3.29","10.96","19.01","24.15","31.86","0","0","4","0","0","0.01","0","0","0","0","0","0","","","","","","","","","","","","","151.3","6","2026-08-11","2026-08-09","119.3","151.3","2026-08-10","4","0","0","0","35","N","","",""
"2026-08-13","JJ2510196","X002FQOPR9","B0DB5TD8YM","JYTDBCS 25 Pieces Wedding Hair Comb Accessories Metal Comb with 10 Teeth to Hold Hair in Place Suitable for Updo or DIY,hair combs slides for women","New","22","0","0","24","0","0","0","0","0","GBP","4","11","22","31","Low traffic","5.59","0.0","5.59","0.0","NoRestockExcessActionRequired","22","0.0","0","0","0.0","1.4","0.005403","cubic feet","Standard","0.118866","UK","gl_beauty","177897","265","0","26","30","5.59","18.64","51.26","102.16","143.29","0","24","0","0","0","0.07","50","0","50","0","1","0","","","","","","","","","","","","","100.3","0","","2026-08-09","100.3","73.0","2026-08-10","72","1","0","0","269","N","","",""
"2026-08-13","JJ251018","X002FPZGMX","B0D921L2S1","JYTDBCS Motorcycle Handlebar Base Kit with U-Bolt Universal Accessory Black Phone Holder Mount Base","New","18","0","0","18","0","0","0","0","0","GBP","2","9","12","17","Low traffic","5.19","0.0","5.19","0.0","NoRestockExcessActionRequired","0","4.78","52","0","64.67","1.79","0.011968","cubic feet","Standard","0.215424","UK","gl_wireless","","108","0","8","13","5.19","8.64","38.88","51.93","73.47","18","0","0","0","0","0.15","0","0","0","0","0","0","","","","","","","","","","","","","70.0","3","2026-08-30","2026-08-09","70.0","55.9","2026-08-10","18","0","0","0","108","N","","",""
"2026-08-13","JJ2510166","X002FQHKTJ","B0D7ZNDP3T","8pcs Appliance Wheels, Mini Caster Wheels for Kitchen Appliances Sticky Ball Casters Self-Adhesive Appliances Slider with Swivel Castors, 360 Degree Swivel Wheel self adhesive mini caster wheels","New","19","0","0","20","0","0","0","0","0","GBP","0","0","7","10","Low traffic","4.89","0.0","4.89","0.0","NoRestockExcessActionRequired","7","0.0","0","0","13.44","1.38","0.008319","cubic feet","Standard","0.158061","UK","gl_biss","","299","0","","24","4.89","0.0","0.0","28.67","41.15","20","0","0","0","0","0.04","0","0","0","0","1","0","","","","","","","","","","","","","","0","","","","41.8","2026-08-10","19","1","0","0","318","N","","",""
"2026-08-13","JJ2510164","X002FQ2XW3","B0D91J1WPY","12 Pieces Furniture Straps,No Drill Self-Adhesive Furniture Wall Straps Child Safety and Pet Protection,Anti Tip Furniture Anchors for Bookshelf,Cabinet,Dresser","New","31","0","0","34","0","0","0","0","0","GBP","0","2","11","18","Low traffic","4.29","0.0","4.29","0.0","NoRestockExcessActionRequired","0","0.0","0","0","117.42","0.92","0.016277","cubic feet","Standard","0.504587","UK","gl_baby_product","37410","228","0","100","36","4.29","0.0","7.14","39.36","64.98","20","14","0","0","0","0.35","19","19","0","0","0","0","","","","","","","","","","","","","134.5","0","","2026-08-09","134.5","64.6","2026-08-10","50","0","0","0","366","N","","",""
"2026-08-13","JJ2510135","X002FQB4YV","B0D7M3G4QC","JYTDBCS Easter bunny stuffed animal Peeps Bunny PEEPS stuffed animal","New","19","0","0","15","4","0","0","0","0","GBP","1","3","4","5","Low traffic","8.29","0.0","8.49","0.0","NoRestockExcessActionRequired","0","0.0","0","0","228.52","0.45","0.07038","cubic feet","Standard","1.33722","UK","gl_toy","170341","209","19","25","49","8.49","7.07","21.21","28.45","35.69","15","0","0","0","0","0.93","0","0","0","0","0","0","","","","","","","","","","","","","185.6","0","","2026-08-09","143.7","185.6","2026-08-10","19","0","0","0","209","N","","",""
"2026-08-13","JJ2509175","X002E7F7P3","B0FHNWTDGB","4 Pack Hand Clappers Large Hand Clappers Noisemakers Cheer Noise Makers Finger Noise Makers for Sporting Events Basketball Football Game Party Favors (Mixed Colors)","New","49","0","0","50","0","0","0","0","0","GBP","0","0","0","0","Low traffic","8.69","0.0","7.29","0.0","Lower price","49","0.0","0","0","0.0","0.0","0.108754","cubic feet","Standard","5.328946","UK","gl_toy","","","0","","","7.29","0.0","0.0","0.0","0.0","0","30","20","0","0","3.56","0","0","0","0","1","0","","","","","","","","","","","","","","0","","","","","2026-08-10","49","1","0","0","","N","","",""
"2026-08-13","JJ2510188","X002FQJWM7","B0D8F57BXZ","2 PCS Egg Slicer, Multifunctional Egg Cutter Durable Egg Cutter for Boiled Eggs, for Hard Boiled Eggs Ham Banana Strawberry Soft Fruits Foods, Kitchen Accessories(Green & Yellow)","New","22","0","0","20","3","0","0","0","0","GBP","0","0","0","3","Low traffic","6.89","0.0","6.89","0.0","NoRestockExcessActionRequired","2","0.0","0","0","69.22","0.18","0.025638","cubic feet","Standard","0.564036","UK","gl_kitchen","1111911","312","20","","95","6.89","0.0","0.0","0.0","17.46","0","10","10","0","0","0.37","0","0","0","0","1","0","","","","","","","","","","","","","","0","","","","374.0","2026-08-10","22","1","0","0","334","N","","",""
"2026-08-13","JJ2510159","X002FQH5XF","B0DBVCQSCK","JYTDBCS Metal Headphone Hook, Headphone Hanger with Double Hooks, Universal Aluminum Alloy Gaming Headphone Stand Under Desk, Non-Slip Adjustable Desk Headphone Hanger Hook","New","49","0","0","51","0","0","0","0","0","GBP","1","5","9","14","Low traffic","4.69","0.0","4.69","0.0","NoRestockExcessActionRequired","49","0.0","0","0","0.0","0.48","0.01615","cubic feet","Standard","0.79135","UK","gl_home","","211","0","39","45","4.69","3.91","19.55","35.83","56.18","30","0","21","0","0","0.49","0","0","0","0","0","0","","","","","","","","","","","","","316.5","0","","2026-08-09","316.5","146.6","2026-08-10","49","0","0","0","211","N","","",""
"2026-08-13","JJF2509349","X002EEPUWB","B0FQJ8NDFQ","UMORDUP 6Pcs Dark Brown Medium‑Small Hair Claw Clips Strong Non‑Slip Plastic Clips for Fine Short Thin Hair for Women","New","20","0","0","0","20","0","0","0","0","GBP","0","5","12","16","Low traffic","5.09","0.0","5.09","0.0","NoRestockExcessActionRequired","0","0.0","0","0","101.27","0.55","0.003531","cubic feet","Standard","0.07062","UK","gl_beauty","124603","112","20","16","16","5.09","0.0","21.2","50.88","67.84","0","0","0","0","0","0.05","0","0","0","0","0","1","","","","","","","","","","","","","163.1","0","","2026-08-09","116.3","163.1","2026-08-10","20","0","0","0","112","N","","",""
"2026-08-13","JJF2509350","X002EETR7F","B0FQJ35SXW","Crystal Bridal Comb Gold Rhinestone Leaf Hair Piece Wedding Headpieces Bride Side Comb Wedding Hair Accessories for Bride and and Bridesmaids (Gold)","New","49","0","0","52","0","0","0","0","0","GBP","5","13","33","49","Low traffic","5.69","0.0","5.69","0.0","NoRestockExcessActionRequired","49","0.0","0","0","0.0","3.16","0.001621","cubic feet","Standard","0.079429","UK","gl_beauty","78475","98","0","21","18","5.69","23.7","62.98","158.12","233.96","52","0","0","0","0","0.05","20","20","0","0","3","0","","","","","","","","","","","","","65.0","0","","2026-08-09","65.0","30.2","2026-08-10","69","2","1","0","150","N","","",""
"2026-08-13","JJ2509199","X002E7LGXF","B0FJ7ZJYY2","WiFi Dongle for MAG 250 254 256 322 420 524 540 Wifi USB Dongle For Mag Box Infomir 802.11b/g/n 150mbps","New","40","0","0","36","4","0","0","0","0","GBP","1","3","8","21","Low traffic","8.29","0.0","8.09","0.0","NoRestockExcessActionRequired","40","0.0","0","0","0.0","0.56","0.003566","cubic feet","Standard","0.14264","UK","gl_pc","26561","269","0","53","24","8.09","6.91","20.73","55.92","148.17","6","30","0","0","0","0.09","0","0","0","0","0","0","","","","","","","","","","","","","403.0","0","","2026-08-09","403.0","130.5","2026-08-10","40","0","0","0","269","N","","",""
"2026-08-13","JJ2510113","X002FQH25L","B0CTHBB51M","JYTDBCS Silicone Leaf Moulds (2 Pcs) for Cake, Lollipop & Chocolate Decoration with Beautiful Leaf Modeling Design","New","22","0","0","27","0","0","0","0","0","GBP","5","7","8","16","Low traffic","4.09","0.0","4.09","0.0","NoRestockExcessActionRequired","0","2.83","22","0","47.51","1.3","0.004795","cubic feet","Standard","0.10549","UK","gl_kitchen","326593","114","0","12","17","4.09","17.05","23.87","27.28","53.95","27","0","0","0","0","0.07","0","0","0","0","4","0","","","","","","","","","","","","","102.0","0","","2026-08-09","102.0","66.5","2026-08-10","22","4","0","0","132","Y","Holiday Season","2026-09-19","2027-01-01"
"2026-08-13","JJF2509303","X002EDO3DT","B0FQBQNGXX","Metal Crocodile Alligator Hair Clips Barrette Hair Non-slip DIY Accessories Hairgrip 56 mm 66 mm 75 mm Long for Women and Girls, 30 Pieces, Silver","New","35","0","0","30","5","0","0","0","0","GBP","2","9","17","19","Low traffic","4.79","0.0","4.59","0.0","NoRestockExcessActionRequired","3","0.0","0","0","86.55","0.82","0.003531","cubic feet","Standard","0.123585","UK","gl_beauty","126882","142","32","15","23","4.79","7.98","35.91","67.83","75.81","30","0","0","0","0","0.08","0","0","0","0","0","0","","","","","","","","","","","","","96.8","0","","2026-08-09","74.2","96.8","2026-08-10","35","0","0","0","142","N","","",""
"2026-08-13","JJF2509296","X002EC6Q9J","B0FQ5FKFL3","16Pcs Chunni Clips with Safety Pins, Black Strong Chunni Clips Dupatta U-shape Metal Wig Hair Extension Hijab Pins for Headscarf Shirts","New","49","0","0","1","50","0","0","0","0","GBP","1","1","3","8","Low traffic","5.19","0.0","5.19","0.0","NoRestockExcessActionRequired","49","0.0","0","0","0.0","0.15","0.003531","cubic feet","Standard","0.173019","UK","gl_beauty","46103","366","0","196","79","5.19","4.49","4.49","13.81","37.11","0","1","0","0","0","0.12","0","0","0","0","1","0","","","","","","","","","","","","","1529.0","0","","2026-08-09","1529.0","597.3","2026-08-10","49","1","0","0","366","N","","",""
"2026-08-13","JJ2509158","X002E77QLB","B0FHKS7WVQ","2PCS Baggy Rack Holder For Food Prep Bag, Sandwich Holder, Food Storage Bags Clip Freezer Bags Meal Planning Bag,Plastic","New","29","0","0","0","29","0","0","0","0","GBP","0","0","0","1","Low traffic","7.09","0.0","7.09","0.0","Advertise listing","0","0.0","0","0","165.25","0.03","0.003531","cubic feet","Standard","0.102399","UK","gl_home","1257437","366","29","","377","7.09","0.0","0.0","0.0","6.41","0","0","0","0","0","0.07","0","0","0","0","0","0","","","","","","","","","","","","","","0","","","","2614.0","2026-08-10","29","0","0","0","366","N","","",""
"2026-08-13","JJ250984","X002E78DLN","B0FH1Q3SPQ","Boar Bristle Slick Back Hair Brush for Sleek Ponytail Bun Smoothing Baby Hairs Flyaways Edge Control Backcombing Teasing Hairbrush with Wide Rat Tail for Sectioning Parting","New","22","0","0","23","0","0","0","0","0","GBP","3","5","12","12","Low traffic","5.18","0.0","5.18","0.0","NoRestockExcessActionRequired","22","0.0","0","0","0.0","0.92","0.006357","cubic feet","Standard","0.139854","UK","gl_beauty","77994","93","0","17","23","5.18","12.96","21.6","52.96","52.96","0","23","0","0","0","0.05","0","0","0","0","1","0","","","","","","","","","","","","","414.0","3","2026-09-02","2026-08-09","414.0","156.1","2026-08-10","22","1","0","0","97","N","","",""
"2026-08-13","JJ2510123","X002FQ2AKX","B0DBV4HDZH","JYTDBCS Stainless Steel Tie Clip, Vintage Tie Clips for Men Leaf Suit Tuxedo Dress Shirt Accessories Jewelry Silver with Box","New","8","0","0","8","0","0","0","0","0","GBP","1","6","7","10","Low traffic","4.69","0.0","4.69","0.0","NoRestockExcessActionRequired","0","4.42","52","0","35.33","0.83","0.003531","cubic feet","Apparel","0.028248","UK","gl_jewelry","260288","54","0","5","10","4.69","3.91","22.95","26.77","38.23","0","0","8","0","0","0.02","0","0","0","0","0","0","","","","","","","","","","","","","125.1","7","2026-08-08","2026-08-09","70.6","125.1","2026-08-10","8","0","0","0","54","N","","",""
"2026-08-13","JJ2509188","X002E7DM7X","B0FJ8243G5","(TUI) Cruise Luggage Tag Holders [4 Pack] – Waterproof, Durable Plastic with Steel Loops – Fits All (TUI) Ships (4X Tag Holders)","New","42","0","0","43","0","0","0","0","0","GBP","1","3","8","21","Low traffic","5.89","0.0","5.7","0.0","NoRestockExcessActionRequired","42","0.0","0","0","0.0","0.97","0.004724","cubic feet","Standard","0.198408","UK","gl_office_product","","143","0","56","26","5.7","4.91","14.73","40.08","108.33","15","28","0","0","0","0.1","0","0","0","0","1","0","","","","","","","","","","","","","651.0","0","","2026-08-09","651.0","91.3","2026-08-10","42","0","1","0","146","N","","",""
"2026-08-13","JJ250982","X002E6X20V","B0FGQ1CS55","Scooters Universal Bike Scooter Plain Handlebar Bell Kids Accessories Loud Waterproof","New","10","0","0","11","0","0","0","0","0","GBP","11","31","47","56","Low traffic","4.69","0.0","4.69","0.0","NoRestockExcessActionRequired","0","0.0","0","0","44.64","4.91","0.011656","cubic feet","Standard","0.11656","UK","gl_outdoors","34242","93","0","7","13","4.69","43.01","121.21","181.16","214.1","11","0","0","0","0","0.02","50","0","50","0","1","0","","","","","","","","","","","","","25.1","10","2026-08-14","2026-08-09","14.1","25.1","2026-08-10","60","1","0","0","95","N","","",""
"2026-08-13","JJ251087","X002FQ8F1V","B0DCJDKGXQ","JYTDBCS 2 Pcs 60mm Air Hockey Replacement Set Portable Ice Hockey with Red Pusher Paddles, Green Pads and Red Pucks for Various Indoor Games Outdoor Activities Parties and Recreational Events","New","72","0","0","60","12","0","0","0","0","GBP","2","11","14","24","Low traffic","5.19","0.0","5.09","0.0","NoRestockExcessActionRequired","6","0.0","0","0","799.65","0.6","0.021599","cubic feet","Standard","1.555128","UK","gl_sports","98434","232","66","26","39","5.19","8.64","47.52","60.99","105.89","60","0","0","0","0","5.56","0","0","0","0","0","0","","","","","","","","","","","","","173.7","0","","2026-08-09","173.7","152.3","2026-08-10","72","0","0","0","232","N","","",""
"2026-08-13","JJ2509161","X002E76QDZ","B0FHJRBWNV","1 PCS Architectural Triangular Scale Ruler for Architects, Students, Draftsman and Engineers, Standard 30 CM,Architect Scale Ruler","New","9","0","0","0","11","0","0","0","0","GBP","5","6","7","8","Low traffic","4.09","0.0","4.09","0.0","CreateShippingPlan","0","0.0","0","0","52.08","0.35","0.006929","cubic feet","Standard","0.062361","UK","gl_home_improvement","23891","40","0","6","14","4.09","17.05","20.46","23.87","27.36","0","0","0","0","0","0.04","0","0","0","0","1","0","","","","","","","","","","","","","735.0","8","2026-08-12","2026-08-09","287.0","735.0","2026-08-10","9","1","0","0","44","N","","",""
"2026-08-13","JJ250972","X002E759ZV","B0FGPMXV1G","Flexible Silicone Dough Scraper Cutter, Large 13.5x9CM, Multipurpose Pastry Scraper Nonstick, Food Grade Bowl Scraper Spatula Bench Tool for Baking Bread Sourdough Cake Pizza, Grey","New","26","0","0","0","27","0","0","0","0","GBP","0","0","0","0","Low traffic","4.19","0.0","3.79","0.0","Lower price","7","3.08","52","0","20.99","0.0","4.1E-5","cubic feet","Standard","0.001066","UK","gl_kitchen","","","19","","","3.79","0.0","0.0","0.0","0.0","0","0","0","0","0","0.06","0","0","0","0","1","0","","","","","","","","","","","","","","0","","","","","2026-08-10","26","1","0","0","","N","","",""
"2026-08-13","JJ251048","X002FQ06QN","B0DBQBZQ28","JYTDBCS 300 Pcs Brads Paper Fasteners Colorful Split Pins, Brass Mini Brads Paper Crafts Fixed Paper Crafts, Brads Paper Fasteners for Schools, Handicrafts, Festivals","New","14","0","0","0","14","0","0","0","0","GBP","0","0","0","0","Low traffic","5.69","0.0","5.59","0.0","Lower price","0","0.0","0","0","59.22","0.0","0.010594","cubic feet","Standard","0.148316","UK","gl_kitchen","24300","","14","","","5.59","0.0","0.0","0.0","0.0","0","0","0","0","0","0.1","0","0","0","0","0","0","","","","","","","","","","","","","","0","","","","","2026-08-10","14","0","0","0","","N","","",""
"2026-08-13","JJ2510130","X002FQDRAZ","B0DBVB3Q71","JYTDBCS 2 Sets Motorcycle Engine Oil Drain Screw Fittings Compatible with GY6 50cc-150cc ATV Go Kart Moped Motorcycle Scooter Oil Drain Plug Set","New","38","0","0","41","0","0","0","0","0","GBP","0","6","18","29","Low traffic","5.59","0.0","5.79","0.0","NoRestockExcessActionRequired","38","0.0","0","0","0.01","1.26","0.005827","cubic feet","Standard","0.221426","UK","gl_automotive","","212","0","25","17","5.79","0.0","28.92","86.28","138.42","21","20","0","0","0","0.11","0","0","0","0","3","0","","","","","","","","","","","","","174.7","0","","2026-08-09","174.7","59.6","2026-08-10","38","3","0","0","226","N","","",""
"2026-08-13","JJ2509186","X002E7POWJ","B0FJ7Z1C4N","A00390 Charger for for One Blade QP2520, QP2620, MG3720, MG3730, MG5730, BT3206, MG3710, MG5720, BT3208 Shaver Cable 4.3V USB C Trimmer Connector (UKCA/Light)","New","16","0","0","11","5","0","0","0","0","GBP","0","1","6","7","Low traffic","3.99","0.0","4.09","0.0","NoRestockExcessActionRequired","16","0.0","0","0","0.0","0.6","8.48E-4","cubic feet","Standard","0.013568","UK","gl_personal_care_appliances","56137","366","0","144","66","4.09","0.0","3.49","21.79","25.53","0","11","0","0","0","0.04","20","0","20","0","0","0","","","","","","","","","","","","","493.0","0","","2026-08-09","493.0","135.2","2026-08-10","36","0","0","0","366","N","","",""
"2026-08-13","JJF2509315","X002EDTQJF","B0FQBZ9YPN","2Pcs Big Satin Layered Hair Clip for Women Girls, Large Long Bow Hair Clip Bowknot Hairpin Accessories (Pink Rose)","New","53","0","0","56","0","0","0","0","0","GBP","0","4","14","39","Low traffic","4.39","0.0","4.29","0.0","NoRestockExcessActionRequired","53","0.0","0","0","0.0","0.9","0.042495","cubic feet","Standard","2.252235","UK","gl_beauty","120691","366","0","53","17","4.29","0.0","15.28","53.48","148.34","0","45","11","0","0","0.11","0","0","0","0","4","1","","","","","","","","","","","","","440.0","0","","2026-08-09","440.0","94.7","2026-08-10","53","4","0","0","366","N","","",""
"2026-08-13","JJ2509246","X002E7QG2V","B0FMJ4G591","4PCS Car Wiper Arm Hole Protection Pad Silicone Windshield Wiper Protector Dust Cover Accessories Universal for Most Cars Trucks Black","New","40","0","0","40","1","0","0","0","0","GBP","1","6","6","11","Low traffic","4.69","0.0","4.69","0.0","NoRestockExcessActionRequired","0","0.0","0","0","141.7","0.51","0.001589","cubic feet","Standard","0.06356","UK","gl_automotive","","288","40","26","47","4.69","3.91","23.46","23.46","43.81","20","20","0","0","0","0.1","0","0","0","0","1","0","","","","","","","","","","","","","223.4","0","","2026-08-09","223.4","156.2","2026-08-10","40","1","0","0","296","N","","",""
"2026-08-13","JJ2510195","X002FQLNKL","B0DCG36BHJ","JYTDBCS Glasses Strap, 3 Pcs Glasses String,Glasses Chain For Women, Sunglasses Strap, Sunglasses Chain, Glasses String, Adjustable Glasses Chains For Women Men Kids","New","21","0","0","21","1","0","0","0","0","GBP","0","1","1","12","Low traffic","4.29","0.0","4.29","0.0","NoRestockExcessActionRequired","0","3.63","52","0","76.22","1.23","0.007297","cubic feet","Apparel","0.153237","UK","gl_apparel","648557","234","21","84","22","4.29","0.0","3.57","3.57","39.55","21","0","0","0","0","0.09","0","0","0","0","0","0","","","","","","","","","","","","","585.0","0","","2026-08-09","585.0","78.3","2026-08-10","21","0","0","0","234","N","","",""
"2026-08-13","JJF2509289","X002EC022L","B0FQ5DSRC6","UMORDUP 25Pcs Silver Duck Bill Hair Clips Rustproof Metal Alligator Curl Clips with Holes for Hair Styling Salon DIY Hair Accessories","New","9","0","0","0","9","0","0","0","0","GBP","2","4","8","11","Low traffic","4.09","0.0","4.09","0.0","NoRestockExcessActionRequired","0","3.99","27","0","38.64","0.8","0.003531","cubic feet","Standard","0.031779","UK","gl_beauty","143929","47","0","9","10","4.09","6.82","13.64","26.68","36.64","0","0","0","0","0","0.02","0","0","0","0","0","0","","","","","","","","","","","","","128.8","5","2026-08-23","2026-08-09","122.0","128.8","2026-08-10","9","0","0","0","47","N","","",""
"2026-08-13","JJ2509231","X002E7MNE1","B0FLJLPPB3","Dog Whistles for Recall, Ultrasonic Anti Bark Silent, Adjustable Dog Training Commands Whistle, with Lanyard x 2 pcs (1 x black + 1 x white)","New","75","0","0","78","0","0","0","0","0","GBP","0","1","1","30","Low traffic","5.19","0.0","5.19","0.0","NoRestockExcessActionRequired","75","0.0","0","0","0.0","0.65","0.007063","cubic feet","Standard","0.529725","UK","gl_pet_products","35464","366","0","300","32","5.19","0.0","4.49","4.49","128.54","0","78","0","0","0","0.18","0","0","0","0","3","0","","","","","","","","","","","","","2347.0","0","","2026-08-09","2347.0","115.1","2026-08-10","75","3","0","0","366","N","","",""
"2026-08-13","JJ2509242","X002E7MOTP","B0FMJYPGX4","Greece Bunting Flags 10 Metre Greek Flag Garland 30pcs for Party Festival Celebration Sport Schools Street Carnivals Birthday Garden Home Remembrance Day Decorations Polyester Material Fabric","New","75","0","0","77","0","0","0","0","0","GBP","7","39","71","103","Low traffic","7.49","0.0","7.29","0.0","NoRestockExcessActionRequired","75","0.0","0","0","0.0","3.55","0.018263","cubic feet","Standard","1.369725","UK","gl_lawn_and_garden","","202","0","13","17","7.29","43.68","243.36","443.04","642.72","77","0","0","0","0","0.17","60","0","60","0","1","0","","","","","","","","","","","","","45.1","0","","2026-08-09","45.1","33.6","2026-08-10","135","1","0","0","203","N","","",""
"2026-08-13","JJF2509320","X002EE16XX","B0FQC37MLV","Hair Clips, Flower Barrettes Hair Accessories for Women Girls Kids, 2 PC Elegant Handmade Gentle Headwear Bridal Styling Tools for Party Wedding Daily","New","36","0","0","37","0","0","0","0","0","GBP","3","5","12","17","Low traffic","5.89","0.0","5.69","0.0","NoRestockExcessActionRequired","36","0.0","0","0","0.1","0.87","0.003531","cubic feet","Standard","0.127116","UK","gl_beauty","100174","222","0","28","27","5.89","14.73","24.55","58.92","83.47","20","17","0","0","0","0.08","0","0","0","0","1","1","","","","","","","","","","","","","256.7","0","","2026-08-09","256.7","90.8","2026-08-10","36","0","1","0","228","N","","",""
"2026-08-13","JJ251091","X002FQ617V","B0DCG3C6R3","JYTDBCS 1 Pair Mini Silicone Oven Mitts, Heat Resistant Pot holders Mitts, Cute Oven Pinch Grip Gloves, Small Potholders for Kitchen, Air Fryer Mitts Pair for Cooking, Baking and Grilling (Light Gray)","New","44","0","0","29","15","0","0","0","0","GBP","0","0","0","4","Low traffic","6.39","0.0","6.39","0.0","Advertise listing","0","0.0","0","0","181.02","0.17","0.023296","cubic feet","Standard","1.025024","UK","gl_home","1093731","366","44","","143","6.39","0.0","0.0","0.0","21.96","29","0","0","0","0","0.71","0","0","0","0","0","0","","","","","","","","","","","","","","0","","","","437.0","2026-08-10","44","0","0","0","366","Y","Holiday Season","2026-09-19","2027-02-13"
"2026-08-13","JJ250404","X0029TZJDV","B0F386D8RP","Stainless Steel Wine Bottle Drip Collar Felt Lining Wine Bottle Collars Wine Drip","New","29","0","0","20","9","0","0","0","0","GBP","0","0","0","1","Low traffic","7.79","0.0","7.79","0.0","Advertise listing","0","0.0","0","0","70.54","0.07","0.011654","cubic feet","Standard","0.337966","UK","gl_kitchen","2670379","366","29","","377","7.79","0.0","0.0","0.0","6.66","20","0","0","0","0","0.24","0","0","0","0","0","0","","","","","","","","","","","","","","0","","","","1218.0","2026-08-10","29","0","0","0","366","N","","",""
"2026-08-13","JJ2509271","X002E74BA5","B0D8HSKRPL","JYTDBCS Internally Belly Bars 10mm Belly Button Bars 14G 316L Stainless Steel Navel Bars Gold Extra Long Navel Belly Piercing Jewellery Belly Button Ring","New","54","0","0","56","0","0","0","0","0","GBP","1","3","14","33","Low traffic","5.09","0.0","5.09","0.0","NoRestockExcessActionRequired","54","0.0","0","0","0.0","1.25","0.002503","cubic feet","Apparel","0.135162","UK","gl_jewelry","270879","150","0","72","21","5.09","4.24","12.72","61.23","139.8","31","25","0","0","0","0.09","0","0","0","0","1","0","","","","","","","","","","","","","457.0","0","","2026-08-09","457.0","56.8","2026-08-10","54","1","0","0","152","N","","",""
"2026-08-13","JJ2510202","X002FQJ2QD","B0DBVGJ7NP","JYTDBCS 50 Pcs 16cm Garden Pegs Plastic Fixing Pegs Weed Fabric Pegs for Weed Control Membrane Securing Ground Sheet","New","23","1","0","24","0","0","0","0","0","GBP","7","29","55","65","Low traffic","6.09","0.0","6.09","0.0","NoRestockExcessActionRequired","0","0.0","0","0","152.81","9.85","0.188845","cubic feet","Standard","4.343435","UK","gl_lawn_and_garden","26019","77","0","14","21","6.09","35.49","144.47","268.42","315.02","24","0","0","0","0","0.35","84","44","40","0","0","1","","","","","","","","","","","","","12.3","0","","2026-08-09","12.3","7.5","2026-08-10","108","0","0","0","158","N","","",""
"2026-08-13","JJ2509245","X002E7P24T","B0FMJXHY3Q","6 Set M6 Thread Toilet Seat Bottom Fixing Hardware Kit for Top Mount Hinges","New","26","0","0","26","0","0","0","0","0","GBP","2","4","11","17","Low traffic","4.09","0.0","4.09","0.0","NoRestockExcessActionRequired","0","2.8","52","0","58.06","0.92","0.003531","cubic feet","Standard","0.091806","UK","gl_home_improvement","150031","171","0","26","19","4.09","6.82","13.64","37.24","57.16","20","0","6","0","0","0.06","0","0","0","0","0","0","","","","","","","","","","","","","113.3","0","","2026-08-09","113.3","96.2","2026-08-10","26","0","0","0","171","N","","",""
"2026-08-13","JJ2509119","X002E6XEWR","B0FGCXSL84","32mm Extra Long Sewing Pins with Glass Heads 50 Pieces - 0.8mm thick Quilting Pins for Dressmaking, Jewellery & Crafts","New","25","0","0","28","0","0","0","0","0","GBP","2","13","16","22","Low traffic","3.89","0.0","3.89","0.0","NoRestockExcessActionRequired","25","0.0","0","0","0.0","0.81","0.001501","cubic feet","Standard","0.037525","UK","gl_home","303412","100","0","16","32","3.89","6.48","42.12","51.84","73.26","1","15","12","0","0","0.02","30","30","0","0","2","0","","","","","","","","","","","","","129.4","0","","2026-08-09","74.2","129.4","2026-08-10","55","2","0","0","236","N","","",""
"2026-08-13","JJ251095","X002FQ61RV","B0D97NH6BS","The Original Crystal Glass Nail File for Natural Nails with Case, Blue, Glass Nail Files with Case, Nail Accessory Gifts for Women, Glass Nail Files with case Nail Supplies for Teenagers and Girls","New","37","0","0","30","7","0","0","0","0","GBP","1","2","4","5","Low traffic","3.89","0.0","3.59","0.0","NoRestockExcessActionRequired","0","3.39","52","0","105.06","0.29","0.014797","cubic feet","Standard","0.547489","UK","gl_drugstore","","366","37","74","96","3.59","3.24","6.48","13.12","16.44","30","0","0","0","0","0.38","0","0","0","0","0","0","","","","","","","","","","","","","730.0","0","","2026-08-09","730.0","337.0","2026-08-10","37","0","0","0","366","Y","Holiday Season","2026-11-07","2027-01-23"
"2026-08-13","JJ251098","X002FQ13RJ","B0DB8J96QS","JYTDBCS Messy Bun Hair Piece Side Comb Clip in Synthetic Hair Bun Hairpiece for Women Short Curved Versatile Adjustable Styles Easy Hair pieces (Light Wheat Blonde)","New","15","0","0","15","0","0","0","0","0","GBP","1","4","6","11","Low traffic","4.79","0.0","4.79","0.0","NoRestockExcessActionRequired","0","0.0","0","0","77.92","0.98","0.035315","cubic feet","Standard","0.529725","UK","gl_beauty","90512","132","0","15","17","4.79","3.99","15.96","24.11","44.91","0","15","0","0","0","0.2","0","0","0","0","0","1","","","","","","","","","","","","","132.0","0","","2026-08-09","132.0","93.7","2026-08-10","15","0","0","0","132","N","","",""
"2026-08-13","JJF2509329","X002EE55PX","B0FQCBG1QY","UMORDUP 6Pcs Large Crocodile Hair Sectioning Clips, No Crease Alligator Styling Clips for Thick Fine Long Hair, Purple for Adult Women","New","20","0","0","0","22","0","0","0","0","GBP","3","5","7","8","Low traffic","4.89","0.0","4.59","0.0","NoRestockExcessActionRequired","20","0.0","0","0","0.0","0.3","0.003531","cubic feet","Standard","0.07062","UK","gl_beauty","54673","192","0","16","32","4.89","12.21","20.35","28.83","33.07","0","0","0","0","0","0.05","0","0","0","0","1","0","","","","","","","","","","","","","417.0","0","","2026-08-09","261.3","417.0","2026-08-10","20","1","0","0","202","N","","",""
"2026-08-13","JJF2509323","X002EE1AXJ","B0FQC3XNMK","Pink Floral Bridal Hair Clip with Rhinestones, Elegant Flower Side Hairpin, Flexible Metal Wedding Headpiece for Brides Bridesmaids Prom Party Evening Events","New","28","0","0","23","7","0","0","0","0","GBP","1","10","13","19","Low traffic","5.89","0.0","5.79","0.0","NoRestockExcessActionRequired","0","0.0","0","0","126.84","0.61","0.003531","cubic feet","Standard","0.098868","UK","gl_beauty","77353","106","28","11","19","5.79","4.91","49.1","64.31","94.73","0","22","1","0","0","0.07","0","0","0","0","1","0","","","","","","","","","","","","","134.6","0","","2026-08-09","105.8","134.6","2026-08-10","28","1","0","0","109","N","","",""
"2026-08-13","JJF2509343","X002EEWOF7","B0FQHSJJTX","UMORDUP 2Pcs Satin Bow Hair Barrettes, French Style Silky Ribbon Bowknot Clips, Pink & Red Hair Accessories for Adult Women","","0","0","0","0","1","0","0","0","0","GBP","0","1","7","9","","0.0","0.0","3.69","0.0","CreateShippingPlan","","","0","0","","0.6","0.003531","cubic feet","Standard","0.0","UK","gl_beauty","117948","0","0","0","0","3.69","0.0","2.32","16.41","21.39","0","0","0","0","0","","0","0","0","0","0","0","","","","","","","","","","","","","171.8","9","2026-08-08","2026-08-09","20.0","171.8","2026-08-10","0","0","0","0","0","N","","",""
"2026-08-13","JJ2509149","X002E7B7D9","B0FHKSCXHP","2 Pieces Handheld Facial Hair Removal Threading Beauty Epilator Tool Removal Threader Remover Spring Facial Hair Epilator Use for Women Face Hair Removing Beauty Tools Random Color","New","39","0","0","39","0","0","0","0","0","GBP","0","2","10","19","Low traffic","4.59","0.0","4.59","0.0","NoRestockExcessActionRequired","39","0.0","0","0","0.16","0.96","0.023489","cubic feet","Standard","0.916071","UK","gl_beauty","74911","366","0","78","26","4.79","0.0","7.98","40.24","77.68","30","0","9","0","0","0.09","0","0","0","0","0","0","","","","","","","","","","","","","219.0","0","","2026-08-09","219.0","99.5","2026-08-10","39","0","0","0","366","N","","",""
"2026-08-13","JJF2509348","X002EEYMT3","B0FQHWRX88","Hair Clips, Pink Flower Barrettes Hair Accessories for Women Girls Kids, Set of 2 Elegant Handmade Organza Camellia Headwear Wedding Styling Tools for Party Wedding Daily","New","32","0","0","36","0","0","0","0","0","GBP","2","5","12","17","Low traffic","4.39","0.0","4.39","0.0","NoRestockExcessActionRequired","32","0.0","0","0","0.0","0.82","0.003531","cubic feet","Standard","0.112992","UK","gl_beauty","74231","165","0","40","39","4.39","7.32","18.3","45.04","64.14","19","17","0","0","0","0.07","19","19","0","0","2","0","","","","","","","","","","","","","233.7","0","","2026-08-09","233.7","102.5","2026-08-10","51","2","0","0","272","N","","",""
"2026-08-13","JJF2509332","X002EE58J1","B0FQC8DYMF","8-Pack Bun Maker Set - Magic Foam Twister & Lazy Hairpin Tool for Effortless Updos - Perfect Shapers & Accessories for Girls and Women - Gift for Stylish Hair","New","7","0","0","9","0","0","0","0","0","GBP","1","6","14","21","Low traffic","4.09","0.0","4.09","0.0","CreateShippingPlan","7","0.0","0","0","0.0","4.67","0.089539","cubic feet","Standard","0.626773","UK","gl_beauty","133376","14","0","4","4","4.09","3.41","20.46","47.02","69.46","9","0","0","0","0","0.01","0","0","0","0","0","1","","","","","","","","","","","","","21.0","36","2026-08-12","2026-08-09","21.0","15.8","2026-08-10","7","0","0","0","14","N","","",""
"2026-08-13","JJ2510177","X002FQ3I6X","B0DBQJJB66","JYTDBCS 10 PCS M8 Stainless Steel Hand Tighten Butterfly Screws Wing Bolts (16mm)","New","38","0","0","60","0","0","0","0","0","GBP","2","8","18","26","Low traffic","6.29","0.0","6.29","0.0","NoRestockExcessActionRequired","4","0.0","0","0","99.67","0.72","0.003531","cubic feet","Standard","0.134178","UK","gl_biss","","130","0","34","34","6.29","10.48","41.92","96.18","140.74","40","0","20","0","0","0.09","30","30","0","0","21","0","","","","","","","","","","","","","151.9","0","","2026-08-09","151.9","122.3","2026-08-10","68","6","15","0","348","N","","",""
"2026-08-13","JJ2510183","X002FQJN71","B0D7Q15B31","16 Pcs Finger Tips, 4 Sizes Silicone Finger Thimbles, Fingertip Grips, Finger Protector Pads Cover for Money Counting, Paper Sorting, Sewing, Knitting, Guitar Playing","New","23","0","0","15","8","0","0","0","0","GBP","0","0","1","4","Low traffic","4.29","0.0","4.19","0.0","NoRestockExcessActionRequired","0","0.0","0","0","84.95","0.29","0.002472","cubic feet","Standard","0.056856","UK","gl_office_product","510707","","23","","74","4.19","0.0","0.0","3.57","14.28","0","15","0","0","0","0.04","0","0","0","0","0","0","","","","","","","","","","","","","","0","","","","257.3","2026-08-10","23","0","0","0","","N","","",""
"2026-08-13","JJF2509328","X002EE7D7B","B0FQC8QLKQ","UMORDUP 6Pcs Dark Purple Professional Crocodile Hair Sectioning Clips, Large Anti‑Slip Alligator Clips for Hair Styling, No Crease Grip for Long Thick Hair","New","36","0","0","35","1","0","0","0","0","GBP","0","3","7","10","Low traffic","4.09","0.0","4.09","0.0","NoRestockExcessActionRequired","18","0.0","0","0","5.81","0.45","0.003531","cubic feet","Standard","0.127116","UK","gl_beauty","155756","366","18","48","46","4.29","0.0","10.71","25.67","36.89","20","0","15","0","0","0.09","0","0","0","0","0","0","","","","","","","","","","","","","296.7","0","","2026-08-09","296.7","204.8","2026-08-10","36","0","0","0","366","N","","",""
"2026-08-13","JJ2509268","X002E6WY2X","B0D7T73GKB","1 Roll Carbon Fibre Tape, Gloss Black Vinyl Wrap Self- Adhesive Carbon Fibre Film Tape without Bubble, Anti-scratch Vinyl Wrap for Cars, Suitable for Appearance & Interior of Motorcycle Car Mods","New","45","0","0","46","0","0","0","0","0","GBP","13","26","38","52","Low traffic","4.99","0.0","4.99","0.0","NoRestockExcessActionRequired","45","0.0","0","0","0.0","1.58","5.72E-4","cubic feet","Standard","0.02574","UK","gl_biss","","63","0","11","18","4.99","54.08","108.16","158.08","216.32","30","16","0","0","0","0.01","30","30","0","0","1","0","","","","","","","","","","","","","58.2","0","","2026-08-09","56.9","58.2","2026-08-10","75","1","0","0","118","N","","",""
"2026-08-13","JJF2509312","X002EDVB5R","B0FQBXRDC1","Fashionable Hair Clips Set 12 Pack Butterfly Hairpin Hairdressing Sectioning Clips Women's Hair Trimming Stylish Hairpin","New","55","0","0","58","0","0","0","0","0","GBP","3","19","47","69","Low traffic","6.29","0.0","6.09","0.0","NoRestockExcessActionRequired","55","0.0","0","0","0.0","2.46","0.040492","cubic feet","Standard","2.22706","UK","gl_beauty","50913","143","0","20","17","6.09","15.72","99.56","247.47","366.49","55","3","0","0","0","0.11","40","0","40","0","5","1","","","","","","","","","","","","","60.8","0","","2026-08-09","60.8","34.3","2026-08-10","95","5","0","0","150","N","","",""
"2026-08-13","JJ250986","X002E78I95","B0FH1RPX3K","RFID Blocking Genuine Leather Wallet for Men, Slim Design with Technology to Stop Electronic Pick Pocketing, Ideal for Travel","New","29","0","0","29","0","0","0","0","0","GBP","8","19","26","37","Low traffic","4.39","0.0","4.39","0.0","NoRestockExcessActionRequired","29","0.0","0","0","0.0","2.94","0.003531","cubic feet","Standard","0.102399","UK","gl_luggage","61263","53","0","6","10","4.39","29.28","69.54","96.55","136.88","29","0","0","0","0","0.07","0","0","0","0","0","0","","","","","","","","","","","","","60.1","24","2026-08-10","2026-08-09","60.1","40.4","2026-08-10","29","0","0","0","53","Y","Holiday Season","2026-10-10","2027-01-09"
"2026-08-13","JJ2509170","X002E76MYX","B0FHPD7272","TRHDFW Strawberry Beaded Phone Charm Cute Case Lanyard Aesthetic Cell String Delicate Mobile Straps for Women Girls","New","19","0","0","19","0","0","0","0","0","GBP","3","7","14","27","","5.39","0.0","5.39","0.0","NoRestockExcessActionRequired","19","0.0","0","0","0.0","2.67","0.004882","cubic feet","Apparel","0.092758","UK","gl_jewelry","","139","0","10","9","5.39","13.81","32.45","65.23","127.89","19","0","0","0","0","0.04","0","0","0","0","0","0","","","","","","","","","","","","","98.5","0","","2026-08-09","98.5","44.8","2026-08-10","19","0","0","0","139","N","","",""
"2026-08-13","JJ250925","X002E7CR01","B0FPLV6LH4","Stainless Steel Measuring Spoons Set, Tablespoon with Metric and UK Measurements, 6 Pieces for Cake Baking, Dry and Liquid Ingredients, Coffee Spoon","New","59","0","0","61","0","0","0","0","0","GBP","0","4","13","42","Low traffic","6.19","0.0","6.09","0.0","NoRestockExcessActionRequired","59","0.0","0","0","0.0","0.99","0.003487","cubic feet","Standard","0.205733","UK","gl_kitchen","345131","366","0","59","18","6.19","0.0","20.64","66.54","211.33","0","60","1","0","0","0.14","0","0","0","0","0","0","","","","","","","","","","","","","454.0","0","","2026-08-09","454.0","69.8","2026-08-10","59","0","0","0","366","Y","Holiday Season","2026-09-12","2027-01-30"
"2026-08-13","JJ2509105","X002E6XCMT","B0FGXV8KLR","Mini Boar Bristle Brush, 2-Pack Travel Compact Collapsible for Hair Shine Smoothing Detangling","New","53","0","0","30","23","0","0","0","0","GBP","0","0","0","1","Low traffic","4.39","0.0","4.19","0.0","Lower price","53","0.0","0","0","0.0","0.1","0.016526","cubic feet","Standard","0.875878","UK","gl_beauty","189584","","0","","689","4.19","0.0","0.0","0.0","3.99","0","30","0","0","0","0.12","0","0","0","0","0","0","","","","","","","","","","","","","","0","","","","686.0","2026-08-10","53","0","0","0","","N","","",""
"2026-08-13","JJF2509322","X002EE1A57","B0FQC3HCZ6","20 PCS White Bridal Wedding Flower Hair Pins White Rose Flower Hair Pins U-Shaped Hairpins Accessories for Women Girls Ladies","New","24","0","0","25","0","0","0","0","0","GBP","3","9","19","26","Low traffic","6.99","0.0","7.19","0.0","NoRestockExcessActionRequired","24","0.0","0","0","0.0","1.83","0.003531","cubic feet","Standard","0.084744","UK","gl_beauty","145596","70","0","10","12","6.99","17.97","53.91","113.81","155.74","20","5","0","0","0","0.05","0","0","0","0","1","0","","","","","","","","","","","","","53.0","3","2026-08-14","2026-08-09","53.0","42.3","2026-08-10","24","1","0","0","74","N","","",""
"2026-08-13","JJ250909","X002E7HJA9","B0FPM2Y9KJ","UMORDUP 2pcs Waterproof Rain Cover for Backpack, Reflective Protector for Anti-dust and Anti-Theft 30-40L Black","New","40","0","0","40","0","0","0","0","0","GBP","0","0","0","4","Low traffic","5.69","0.0","5.69","0.0","Advertise listing","7","0.0","0","0","96.26","0.17","0.069513","cubic feet","Apparel","2.78052","UK","gl_apparel","1208091","366","0","","130","5.69","0.0","0.0","0.0","19.28","1","31","8","0","0","1.45","0","0","0","0","0","0","","","","","","","","","","","","","","0","","","","384.0","2026-08-10","40","0","0","0","366","N","","",""
"2026-08-13","JJ250962","X002E6BIVV","B0FH4HLYRR","Brush - Body Buffing Tool for Self Tanning Hands, Feet & Face - Streak-Free Fake Tan Application","New","33","0","0","30","3","0","0","0","0","GBP","4","8","11","20","Low traffic","5.29","0.0","5.19","0.0","NoRestockExcessActionRequired","3","0.0","0","0","87.3","0.74","0.001766","cubic feet","Standard","0.058278","UK","gl_beauty","58649","130","30","16","21","5.19","17.64","35.28","49.16","91.82","0","30","0","0","0","0.08","0","0","0","0","0","0","","","","","","","","","","","","","234.6","0","","2026-08-09","234.6","125.9","2026-08-10","33","0","0","0","130","N","","",""
"2026-08-13","JJF2509351","X002EEWYRF","B0FQHCBGTW","TRHDFW 12Pcs Blue Grosgrain Hair Bows, Mini Bowknot Alligator Clips, Cute Navy Hair Barrettes for Girls Kids, 8x4cm, Daily Party School Hair Accessories","","0","0","0","12","0","0","0","0","0","GBP","9","13","22","27","Low traffic","0.0","0.0","3.89","0.0","NoRestockExcessActionRequired","","","0","0","","1.89","0.003531","cubic feet","Standard","0.0","UK","gl_beauty","45136","57","0","6","9","3.89","29.16","42.12","72.36","88.96","12","0","0","0","0","","20","0","20","0","10","0","","","","","","","","","","","","","89.2","4","2026-08-30","2026-08-09","89.2","72.3","2026-08-10","20","3","7","0","88","N","","",""
"2026-08-13","JJ2509215","X002E7JMRH","B0FJ8174W6","Luxurious Wedding Day Handkerchief - Embroidered White Cotton with Lace Edges, Something Blue Gift for Bride,for Mother and Father of the Bride, Sentimental Keepsake for Happy Tears - 30x30 cm","New","33","0","0","20","13","0","0","0","0","GBP","0","0","0","4","Low traffic","4.29","0.0","4.29","0.0","Advertise listing","0","0.0","0","0","108.48","0.17","0.003154","cubic feet","Apparel","0.104082","UK","gl_apparel","1021935","366","33","","107","4.29","0.0","0.0","0.0","14.96","0","20","0","0","0","0.07","0","0","0","0","0","0","","","","","","","","","","","","","","0","","","","512.5","2026-08-10","33","0","0","0","366","N","","",""
"2026-08-13","JJ2510170","X002FQI827","B0DB21MMQB","JYTDBCS Quick-release SLR adjustable camera cuff Wrist strap Hand Strap Belt Strap Shoulder strap Compatible with video cameras peak design cuff，camera quick release belt strap，wrist strap camera","New","28","0","0","20","8","0","0","0","0","GBP","0","0","0","5","Low traffic","5.69","0.0","5.69","0.0","Advertise listing","0","0.0","0","0","107.1","0.26","0.004215","cubic feet","Apparel","0.11802","UK","gl_apparel","","366","28","","72","5.69","0.0","0.0","0.0","24.1","0","20","0","0","0","0.07","0","0","0","0","0","0","","","","","","","","","","","","","","0","","","","349.8","2026-08-10","28","0","0","0","366","N","","",""
"2026-08-13","JJF2509318","X002EDVDMD","B0FQC2KG8V","UMORDUP 9Pcs Black Mini Hair Claw Clips for Adults, Strong Hold Small Hair Clips for All Hair Types, Minimalist Durable Styling Clips","New","45","0","0","51","0","0","0","0","0","GBP","23","46","71","89","Low traffic","4.59","0.0","4.59","0.0","CreateShippingPlan","0","0.0","0","0","252.88","2.85","0.003531","cubic feet","Standard","0.158895","UK","gl_beauty","36985","35","0","4","7","4.59","87.86","175.72","275.47","347.29","51","0","0","0","0","0.11","4","2","0","2","7","0","","","","","","","","","","","","","27.7","59","2026-08-12","2026-08-09","24.5","27.7","2026-08-10","49","6","1","0","43","N","","",""
"2026-08-13","JJ2510175","X002FQI8OF","B0DBV8H6FL","2PCSJYTDBCS Mens Black Night Hero Logo Cufflinks A Pair Copper Classic for Wedding Business Formal Occasions Cuff Shirt Dress Jewelry","","1","0","0","1","0","0","0","0","0","GBP","0","0","4","8","","0.0","0.0","0.0","0.0","GoToStranded","","","0","0","","0.68","0.001766","cubic feet","Apparel","0.001766","UK","gl_jewelry","","366","0","","1","3.59","0.0","0.0","12.12","24.4","1","0","0","0","0","","0","0","0","0","0","0","","","","","","","","","","","","","","0","","","","142.0","2026-08-10","1","0","0","0","366","N","","",""
"2026-08-13","JJ251040","X002FPYEI5","B0D97F5HV6","JYTDBCS Penguin Keychain - White Heart Shape - Romantic Gift for Women in Relationships","","0","0","0","0","1","0","0","0","0","GBP","0","0","0","1","","0.0","0.0","0.0","0.0","CreateShippingPlan","","","0","0","","0.07","0.001246","cubic feet","Apparel","0.0","UK","gl_apparel","669535","","0","","0","2.59","0.0","0.0","0.0","2.16","0","0","0","0","0","","0","0","0","0","0","0","","","","","","","","","","","","","","1","2026-07-16","","","1519.0","2026-08-10","0","0","0","0","","N","","",""
"2026-08-13","JJ250977","X002E73P07","B0FH1G8SGR","Silk Scrunchy Regular Silk Scrunchies for Women Soft Hair Care Black 2pcs","New","51","0","0","52","0","0","0","0","0","GBP","5","14","28","38","Low traffic","3.89","0.0","3.89","0.0","NoRestockExcessActionRequired","10","0.0","0","0","62.93","2.11","0.016307","cubic feet","Standard","0.831657","UK","gl_beauty","66910","174","0","23","27","3.89","16.2","45.36","93.58","127.52","52","0","0","0","0","0.12","30","30","0","0","1","0","","","","","","","","","","","","","69.7","0","","2026-08-09","69.7","34.1","2026-08-10","81","1","0","0","287","N","","",""
"2026-08-13","JJ2509117","X002E78RJB","B0FG7C7GWK","4 PCs Foam Ball of Foot Cushions Metatarsal Pads, Anti-Sliding Pads Open Toe, Relieves Forefoot Pain, Self-Adhesive and Reusable (Beige)","New","15","0","0","16","0","0","0","0","0","GBP","1","5","19","39","Low traffic","4.69","0.0","4.69","0.0","NoRestockExcessActionRequired","0","0.0","0","0","59.53","3.55","0.022475","cubic feet","Standard","0.337125","UK","gl_drugstore","","152","0","28","11","4.69","3.91","19.55","74.29","146.03","16","0","0","0","0","0.04","20","0","20","0","0","0","","","","","","","","","","","","","89.3","0","","2026-08-09","89.3","30.2","2026-08-10","35","0","0","0","152","N","","",""
"2026-08-13","JJ250969","X002E75YWT","B0FGZY9JF5","TRHDFW Drawstring Cord Replacement with Bodkin for Jogger Sweatpants Hoodie","New","10","0","0","0","12","0","0","0","0","GBP","0","0","0","0","Low traffic","4.29","0.0","4.09","0.0","Lower price","10","0.0","0","0","0.39","0.0","0.002244","cubic feet","Footwear","0.02244","UK","gl_shoes","543046","","0","","","4.09","0.0","0.0","0.0","0.0","0","0","0","0","0","0.02","0","0","0","0","2","0","","","","","","","","","","","","","","0","","","","","2026-08-10","10","2","0","0","","N","","",""
"2026-08-13","JJF2509335","X002EESHD5","B0FQHDYL5D","Hair Gripper Pack 6 Pcs For Men And Women - Salon And Barber, Clips For Styling, Hair Holder Grips Barber Shop","New","48","0","0","48","0","0","0","0","0","GBP","1","12","16","35","Low traffic","5.19","0.0","5.19","0.0","NoRestockExcessActionRequired","47","0.0","0","0","0.0","2.19","0.005212","cubic feet","Standard","0.250176","UK","gl_beauty","107743","119","0","16","17","5.19","4.49","53.88","72.52","158.51","48","0","0","0","0","0.1","0","0","0","0","0","0","","","","","","","","","","","","","53.1","0","","2026-08-09","53.1","29.5","2026-08-10","48","0","0","0","119","N","","",""
"2026-08-13","JJ2510122","X002FQBG4J","B0DBDM6G6H","3 Pairs of UV Protection Sleeves, Sun Protection Arm Sleeves for Men and Women, Protects Arms from Sun Exposure","New","2","0","0","2","0","0","0","0","0","GBP","1","6","10","12","Low traffic","4.89","0.0","4.89","0.0","CreateShippingPlan","0","0.0","0","0","10.53","1.85","0.03216","cubic feet","Apparel","0.06432","UK","gl_apparel","159407","33","0","1","2","4.89","4.07","24.42","40.88","49.2","0","0","2","0","0","0.01","0","0","0","0","0","0","","","","","","","","","","","","","61.5","6","2026-08-09","2026-08-09","23.3","61.5","2026-08-10","2","0","0","0","33","N","","",""
"2026-08-13","JJ250979","X002E78COV","B0FH1QRCPP","Slim Wallet for Men RFID Blocking Minimalist Credit Card Holder Lightweight with","New","26","0","0","21","6","0","0","0","0","GBP","3","11","16","25","Low traffic","4.99","0.0","4.99","0.0","NoRestockExcessActionRequired","26","0.0","0","0","0.0","1.04","0.002577","cubic feet","Standard","0.067002","UK","gl_luggage","225247","71","0","9","13","4.99","12.48","45.76","66.56","101.75","20","1","0","0","0","0.06","0","0","0","0","0","0","","","","","","","","","","","","","82.3","8","2026-08-14","2026-08-09","53.2","82.3","2026-08-10","26","0","0","0","71","N","","",""
"2026-08-13","JJ2510179","X002FQIG8X","B0DBVG3DCV","JYTDBCS 1 Pcs Beaded Phone Lanyard, Evil Eye Shape Mobile Phone String Strap, Fashion Accessories for Phone Hanging Key Chain, White Blue","New","28","0","0","32","0","0","0","0","0","GBP","5","11","28","32","","3.79","0.0","3.69","0.0","NoRestockExcessActionRequired","29","0.0","0","0","0.02","1.61","0.002184","cubic feet","Apparel","0.061152","UK","gl_jewelry","","100","0","10","11","3.79","15.8","34.76","88.56","100.84","32","0","0","0","0","0.04","1","0","0","1","4","0","","","","","","","","","","","","","73.1","0","","2026-08-09","73.1","54.4","2026-08-10","29","3","1","0","110","N","","",""
"2026-08-13","JJ2510174","X002FQKYBZ","B0DBDJ45L6","JYTDBCS 4 Pcs Sushi Mold Non-Stick Nigiri Sushi Maker Mould Onigiri Rice Shape DIY Tools for Kitchen","New","65","1","0","71","0","0","0","0","0","GBP","4","19","39","45","Low traffic","5.29","0.0","5.29","0.0","NoRestockExcessActionRequired","19","5.1","40","0","51.65","1.36","0.025427","cubic feet","Standard","1.652755","UK","gl_kitchen","201416","155","0","17","24","5.29","17.64","83.79","171.36","197.28","71","0","0","0","0","1.14","20","0","20","0","4","0","","","","","","","","","","","","","51.8","0","","2026-08-09","37.6","51.8","2026-08-10","86","4","0","0","164","N","","",""
"2026-08-13","JJ250944","X002E7CRVF","B0FPLSS3SR","Toenail Correction Kit 40 Pain-Free Straightening Strips with Lifter Easy-to-Use Ingrown Treatment Tools","New","24","0","0","0","24","0","0","0","0","GBP","0","6","10","11","Low traffic","6.89","0.0","7.09","0.0","NoRestockExcessActionRequired","24","0.0","0","0","0.0","0.35","0.003531","cubic feet","Standard","0.084744","UK","gl_drugstore","51159","126","0","16","28","7.09","0.0","35.46","59.1","65.01","0","0","0","0","0","0.05","0","0","0","0","0","0","","","","","","","","","","","","","233.5","0","","2026-08-09","132.0","233.5","2026-08-10","24","0","0","0","126","N","","",""
"2026-08-13","JJ2509197","X002E7JKTR","B0FJ7YZBDH","3 Pcs Slicer Kiwi Plastic Fruit Digging Spoon Divider Kitchen Gadget Accessories, Fruit Peeler and Slicer (Random Color)","New","21","0","0","1","21","0","0","0","0","GBP","1","2","2","3","Low traffic","3.59","4.99","4.99","0.0","NoRestockExcessActionRequired","0","0.0","0","0","90.7","0.12","0.003531","cubic feet","Standard","0.074151","UK","gl_kitchen","317751","302","21","42","91","4.99","4.16","8.32","8.32","12.48","0","0","1","0","0","0.05","0","0","0","0","0","0","","","","","","","","","","","","","1108.0","0","","2026-08-09","706.0","1108.0","2026-08-10","21","0","0","0","302","N","","",""
"2026-08-13","JJF2509321","X002EDYUGJ","B0FQC6SFQW","UMORDUP 2Pcs Satin Long Tail Big Bow Hair Clips, French Style Barrette White Navy Blue for Adult Hairstyling","New","18","0","0","18","0","0","0","0","0","GBP","1","1","6","11","Low traffic","5.79","0.0","5.59","0.0","NoRestockExcessActionRequired","0","0.0","0","0","35.67","0.88","0.003531","cubic feet","Standard","0.063558","UK","gl_beauty","83305","366","0","72","21","5.79","4.82","4.82","29.77","54.72","0","18","0","0","0","0.04","0","0","0","0","0","0","","","","","","","","","","","","","571.0","0","","2026-08-09","571.0","116.0","2026-08-10","18","0","0","0","366","N","","",""
"2026-08-13","JJ2509239","X002E7OJ4D","B0FMFB7XSF","4Pcs M6x18mm MTB Caliper Bolts Bike Hydraulic Disc Brake Adapter Bolts Compatible with Shimano Overall Length 25 mm Black","New","44","0","0","46","0","0","0","0","0","GBP","0","5","8","9","Low traffic","5.39","0.0","5.49","0.0","NoRestockExcessActionRequired","44","0.0","0","0","0.0","0.28","8.95E-4","cubic feet","Standard","0.03938","UK","gl_biss","","351","0","35","63","5.49","0.0","23.3","37.76","42.58","0","20","26","0","0","0.1","0","0","0","0","2","0","","","","","","","","","","","","","270.6","0","","2026-08-09","250.8","270.6","2026-08-10","44","2","0","0","366","N","","",""
"2026-08-13","JJ2509212","X002E7LX6Z","B0FJ81ZKQ3","Coffee Spoon Stainless Steel Measuring Spoon，Precision Measuring Spoon for Collagen Supplements, Approximate Measure Coffee Scoop","New","18","0","0","18","0","0","0","0","0","GBP","12","20","23","30","Low traffic","3.99","0.0","3.99","0.0","CreateShippingPlan","7","0.0","0","0","1.67","1.45","0.007063","cubic feet","Standard","0.127134","UK","gl_kitchen","","18","0","3","7","3.99","38.08","63.52","73.48","97.35","0","18","0","0","0","0.04","0","0","0","0","0","0","","","","","","","","","","","","","79.5","61","2026-08-11","2026-08-09","79.5","79.2","2026-08-10","18","0","0","0","18","N","","",""
"2026-08-13","JJ251070","X002FPM95F","B0DCVW5XXM","JYTDBCS Dart shafts and dart flights made of one piece, 6 stable, darts accessories (purple)","New","12","0","0","10","2","0","0","0","0","GBP","0","2","2","6","Low traffic","4.39","0.0","4.39","0.0","NoRestockExcessActionRequired","0","0.0","0","0","37.74","0.63","0.016145","cubic feet","Standard","0.19374","UK","gl_sports","192408","124","12","24","26","4.39","0.0","7.32","7.32","22.96","0","10","0","0","0","0.13","0","0","0","0","0","0","","","","","","","","","","","","","191.0","0","","2026-08-09","191.0","136.2","2026-08-10","12","0","0","0","124","N","","",""
"2026-08-13","JJ250958","X002E6HC8J","B0FGXYC2N4","Strongest Wall Door Handle Stopper 5 cm Set 6 Clear Rubber Door Knob Round Shield Cushion Quiet Protector Bumper Silencer Self Adhesive","New","11","0","0","11","0","0","0","0","0","GBP","0","4","5","14","Low traffic","4.59","0.0","4.79","0.0","NoRestockExcessActionRequired","11","0.0","0","0","0.0","2.31","0.010518","cubic feet","Standard","0.115698","UK","gl_home_improvement","329858","85","0","11","10","4.79","0.0","14.96","18.78","50.38","11","0","0","0","0","0.2","0","0","0","0","0","0","","","","","","","","","","","","","80.3","8","2026-08-15","2026-08-09","80.3","38.7","2026-08-10","11","0","0","0","85","N","","",""
"2026-08-13","JJ2510149","X002FQDU93","B0DBQHNSGZ","JYTDBCS Beaded Mobile Phone Charm Strap, Handmade Crushed Stone Pearl Phone Case Charm Jewelry Accessory, Mobile Phone Lanyard Key Chain Wristband，phone charm","New","12","0","0","1","11","0","0","0","0","GBP","2","2","2","2","","3.99","0.0","3.99","0.0","NoRestockExcessActionRequired","3","0.0","0","0","7.18","0.15","0.002825","cubic feet","Apparel","0.0339","UK","gl_jewelry","","101","9","24","78","3.99","6.64","6.64","6.64","6.64","0","0","1","0","0","0.02","0","0","0","0","0","0","","","","","","","","","","","","","1236.0","0","","2026-08-09","413.0","1236.0","2026-08-10","12","0","0","0","101","N","","",""
"2026-08-13","JJ250952","X002E6AJY3","B0FH4278PJ","Gold Head Chain Headband Hair Jewelry Accessories for Women","New","13","0","0","14","0","0","0","0","0","GBP","1","3","5","17","Low traffic","3.39","0.0","3.39","0.0","NoRestockExcessActionRequired","0","0.0","0","0","50.78","0.94","0.002759","cubic feet","Apparel","0.035867","UK","gl_jewelry","159563","89","0","17","9","3.39","2.82","8.3","13.62","46.5","0","14","0","0","0","0.03","0","0","0","0","0","0","","","","","","","","","","","","","118.6","5","2026-09-02","2026-08-09","118.6","93.1","2026-08-10","13","0","0","0","89","N","","",""
"2026-08-13","JJ2509226","X002E7RG89","B0FJ81KN9X","TRHDFW P21w 1156 Ba15s LED Bulb 6000K White 3W AC/DC 12-24V LED Light Bulbs, for RV Interior Lights, Backup Reverse Light, Position Lights, Rear fog lamp, Daytime Running Lights. (Pack of 3)","New","35","0","0","0","35","0","0","0","0","GBP","0","0","0","0","Low traffic","5.39","0.0","4.99","0.0","Lower price","8","0.0","0","0","70.78","0.0","0.003531","cubic feet","Standard","0.123585","UK","gl_automotive","104370","","27","","","4.99","0.0","0.0","0.0","0.0","0","0","0","0","0","0.08","0","0","0","0","0","0","","","","","","","","","","","","","","0","","","","","2026-08-10","35","0","0","0","","N","","",""
"2026-08-13","JJF2509327","X002EE2XQ7","B0FQC3FJG3","Crocodile Clips, 12pcs Professional Large Hair Clips for Styling, Sectioning Hair Clips, Women Girls Hairdressing Clips for Long Short Thick Fine Hair, No Crease, Anti-slip, Alligator Hairclips, Pink","New","45","0","0","32","13","0","0","0","0","GBP","0","1","2","5","Low traffic","5.49","0.0","5.49","0.0","Advertise listing","45","0.0","0","0","0.0","0.21","0.003531","cubic feet","Standard","0.158895","UK","gl_beauty","65580","366","0","180","117","5.49","0.0","4.74","9.65","25.03","30","1","1","0","0","0.11","0","0","0","0","0","0","","","","","","","","","","","","","611.0","0","","2026-08-09","611.0","327.0","2026-08-10","45","0","0","0","366","N","","",""
"2026-08-13","JJ250988","X002E77QW5","B0FH1QJFR5","False Eyelashes Fluffy Cat Eye Natural Faux Mink Dramatic Wispy Fox Eye 17MM Strip Look Like Eyelash Extensions 7 Pairs Pack","New","28","0","0","20","8","0","0","0","0","GBP","1","4","9","15","Low traffic","5.99","0.0","5.99","0.0","NoRestockExcessActionRequired","0","0.0","0","0","143.94","0.59","0.010624","cubic feet","Standard","0.297472","UK","gl_beauty","148004","133","28","28","24","5.99","4.99","19.96","44.91","74.85","0","20","0","0","0","0.07","0","0","0","0","0","0","","","","","","","","","","","","","222.0","0","","2026-08-09","222.0","147.7","2026-08-10","28","0","0","0","133","N","","",""
"2026-08-13","JJ251071","X002FQ5T3X","B0DBQ6LJ4P","JYTDBCS Golf Ball Suction Cup, Silicone Ball Pick Up Tool Suction Cup Grabber Retriever, Golf Ball Pick Up Training Accessories,Golf Ball Pick Up","New","24","0","0","26","0","0","0","0","0","GBP","8","35","44","58","Low traffic","4.39","0.0","4.39","0.0","NoRestockExcessActionRequired","24","0.0","0","0","0.47","2.31","0.00113","cubic feet","Standard","0.02712","UK","gl_sports","42987","57","0","6","12","4.39","29.28","128.1","162.03","217.89","21","5","0","0","0","0.01","30","30","0","0","0","0","","","","","","","","","","","","","39.3","0","","2026-08-09","27.8","39.3","2026-08-10","54","0","0","0","141","N","","",""
"2026-08-13","JJF2509342","X002EEX8M5","B0FQHXVQ9H","UMORDUP Vintage Wooden Flower Hair Stick for Women, Green Retro Hair Pin with Tassel, Hair Fork Styling Accessory for All Hair Types","New","7","0","0","7","0","0","0","0","0","GBP","2","5","14","22","Low traffic","5.69","0.0","5.69","0.0","NoRestockExcessActionRequired","7","0.0","0","0","0.0","2.2","0.003531","cubic feet","Standard","0.024717","UK","gl_beauty","128132","211","0","37","27","5.69","9.48","23.7","66.36","104.28","0","7","0","0","0","0.01","40","0","40","0","0","0","","","","","","","","","","","","","101.0","0","","2026-08-09","101.0","49.3","2026-08-10","47","0","0","0","211","N","","",""
"2026-08-13","JJ251101","X002FUX9Y5","B0FYM7T7SX","UMORDUP Vintage Party Masquerade Mask for Film Festivals, Christmas, Easter, and Halloween, Men's Masquerade Costume","New","30","0","0","31","0","0","0","0","0","GBP","3","10","48","74","Low traffic","7.09","0.0","7.09","0.0","NoRestockExcessActionRequired","30","0.0","0","0","0.0","3.67","0.106439","cubic feet","Standard","3.19317","UK","gl_toy","127220","258","0","52","22","7.09","17.73","59.1","278.07","422.89","26","5","0","0","0","1.62","100","0","100","0","0","0","","","","","","","","","","","","","64.8","0","","2026-08-09","64.8","22.9","2026-08-10","130","0","0","0","258","Y","Halloween","2026-09-26","2026-11-06"
"2026-08-13","JJF2509305","X002EDP8R9","B0FQBQWGNJ","UMORDUP Green Large Streamer Bow Hair Clip Solid Color Tassel Hair Barrette Spring Clip Hair Accessory for Women","New","32","0","0","0","20","12","0","0","0","GBP","0","0","0","4","Low traffic","3.49","0.0","3.39","0.0","Lower price","0","0.0","0","0","126.37","0.12","0.003531","cubic feet","Standard","0.112992","UK","gl_beauty","159761","","32","","104","3.39","0.0","0.0","0.0","11.96","0","0","0","12","0","0.08","0","0","0","0","0","0","","","","","","","","","","","","","","0","","","","738.5","2026-08-10","32","0","0","0","","N","","",""
"2026-08-13","JJ250951","X002E6F94N","B0FGPMC33Y","TRHDFW 2 Strong Cat Litter Scoops, Plastic Shovel Poop Sieve Cleaning Tools for Litter Tray Sand Sifter (Blue & Grey)","New","39","0","0","32","7","0","0","0","0","GBP","0","1","6","13","Low traffic","5.19","0.0","5.19","0.0","NoRestockExcessActionRequired","39","0.0","0","0","0.0","0.49","0.02276","cubic feet","Standard","0.88764","UK","gl_pet_products","48246","366","0","236","59","5.19","0.0","4.49","27.94","61.68","10","22","0","0","0","0.09","20","10","10","0","0","0","","","","","","","","","","","","","470.0","0","","2026-08-09","470.0","143.5","2026-08-10","59","0","0","0","366","N","","",""
"2026-08-13","JJ2509230","X002E7K0MN","B0FLJQSX57","2 Pcs Professional Dog Whistle 210.5, Plastic Dog Training Whistles with Lanyard, High Pitch Dog Whistles for Recall Bark Control","New","33","0","0","31","4","0","0","0","0","GBP","0","5","5","8","Low traffic","5.89","0.0","5.89","0.0","NoRestockExcessActionRequired","33","0.0","0","0","0.0","0.44","0.003531","cubic feet","Standard","0.116523","UK","gl_pet_products","47746","366","0","26","53","5.89","0.0","25.35","25.35","41.07","21","0","10","0","0","0.08","0","0","0","0","1","0","","","","","","","","","","","","","177.6","0","","2026-08-09","167.0","177.6","2026-08-10","33","1","0","0","366","N","","",""
"2026-08-13","JJ2509159","X002E7B4P5","B0FHKMN1SN","6pcs Automatic Chicken Water Supply Cup for Poultry, Bird, Duck","New","63","0","0","65","0","0","0","0","0","GBP","9","23","34","53","Low traffic","7.99","6.99","6.99","0.0","NoRestockExcessActionRequired","63","0.0","0","0","0.0","1.82","0.080856","cubic feet","Standard","5.093928","UK","gl_pet_products","20769","84","0","17","25","6.99","52.38","133.86","197.88","308.46","51","14","0","0","0","3.22","39","30","9","0","0","0","","","","","","","","","","","","","57.4","0","","2026-08-09","57.4","29.2","2026-08-10","102","0","0","0","125","N","","",""
"2026-08-13","JJ2509104","X002E7A5AF","B0FGQDGXJJ","TRHDFW Glasses Strap 4 Pcs, Adjustable for Men Women, Flexible Silicon Eyeglasses for Sports, Reusable Retainer for Fitness Fishing Running Cycling","New","14","0","0","0","14","0","0","0","0","GBP","0","0","0","0","Low traffic","6.79","0.0","6.79","0.0","Advertise listing","0","0.0","0","0","76.91","0.0","","","Other","","UK","gl_apparel","","366","14","","","7.19","0.0","0.0","0.0","0.0","0","0","0","0","0","0.03","0","0","0","0","0","0","","","","","","","","","","","","","","0","","","","","2026-08-10","14","0","0","0","366","N","","",""
"2026-08-13","JJ250906","X002E7BZU9","B0FPLP6TZF","UMORDUP 2Pcs White Body Measuring Tape, 150cm Retractable Tape with Lock, Dual Sided Inch & CM for Fitness Sewing Tailoring","New","31","0","0","25","6","0","0","0","0","GBP","0","0","0","4","Low traffic","4.99","0.0","4.49","0.0","NoRestockExcessActionRequired","0","0.0","0","0","91.32","0.18","0.003531","cubic feet","Standard","0.109461","UK","gl_biss","931535","","31","","100","4.49","0.0","0.0","0.0","16.96","0","15","10","0","0","0.08","0","0","0","0","0","0","","","","","","","","","","","","","","0","","","","693.7","2026-08-10","31","0","0","0","","N","","",""
"2026-08-13","JJF2603013","X002J0MNLV","B0GQZ4L1VN","UMORDUP 6Pcs Mini Self-Grip Hair Rollers, Small Plastic Hair Curlers for Root Volume & Fluffy Styling, DIY Hair Tools for All Hair Types","New","11","0","0","12","0","0","0","0","0","GBP","5","8","9","16","Low traffic","7.09","0.0","7.09","0.0","NoRestockExcessActionRequired","","","0","0","","1.88","0.003531","cubic feet","Standard","0.038841","UK","gl_beauty","96468","44","0","5","8","7.09","29.87","48.08","54.15","96.64","10","2","0","0","0","","0","0","0","0","1","0","","","","","","","","","","","","","128.5","0","","2026-08-09","128.5","56.2","2026-08-10","11","1","0","0","49","N","","",""
"2026-08-13","JJ250919","X002E7EA0V","B0FPLWZVMJ","10 PCS 50ml Aluminum Tin Jars Balm Containers Travel Jars with Screw Cap Lid for DIY Crafts Cosmetics Salve Cream Candle Lip Balm","New","47","0","0","49","0","0","0","0","0","GBP","11","24","39","61","Low traffic","6.89","0.0","6.89","0.0","NoRestockExcessActionRequired","47","0.0","0","0","0.0","1.88","0.072391","cubic feet","Standard","3.402377","UK","gl_home","115099","87","0","12","16","6.89","63.14","137.76","223.86","350.14","30","19","0","0","0","0.1","30","30","0","0","1","0","","","","","","","","","","","","","57.4","0","","2026-08-09","57.4","44.6","2026-08-10","77","1","0","0","147","N","","",""
"2026-08-13","JJ251026","X002FPZR2H","B0DB5V49DC","JYTDBCS 2 Pcs Korean Japanese BBQ Tongs, Stainless Steel Grill Tongs 9.4 Inch Self-Standing Tongs Silver BBQ Tongs Heat Resistant, for Camping, Barbecue, Buffet, Salad","New","24","0","0","25","0","0","0","0","0","GBP","1","13","18","22","Low traffic","5.89","0.0","5.89","0.0","NoRestockExcessActionRequired","24","0.0","0","0","0.0","1.04","0.012312","cubic feet","Standard","0.295488","UK","gl_kitchen","33044","238","0","16","31","5.99","4.91","63.83","88.38","108.34","0","25","0","0","0","0.19","30","0","30","0","0","0","","","","","","","","","","","","","102.4","0","","2026-08-09","81.0","102.4","2026-08-10","54","0","0","0","238","N","","",""
"2026-08-13","JJ2510131","X002FQF3XJ","B0DB5Q5SGY","JYTDBCS Pearl Hair Barrette Crystal Pearl,wedding hair accessories for women,pearl hair pins,pearl hair accessories,pearl hair barrettes for women,pearl hair pins","New","24","0","0","27","0","0","0","0","0","GBP","0","5","8","17","Low traffic","4.59","0.0","4.79","0.0","NoRestockExcessActionRequired","24","0.0","0","0","0.0","0.83","0.00275","cubic feet","Standard","0.066","UK","gl_beauty","179051","121","0","19","18","4.79","0.0","19.95","32.76","73.17","12","15","0","0","0","0.04","0","0","0","0","3","0","","","","","","","","","","","","","125.0","0","","2026-08-09","125.0","106.3","2026-08-10","24","3","0","0","138","N","","",""
"2026-08-13","JJ2509135","X002E79MI1","B0FG7RX1PR","Eyelash Curler Portable Lash Curler Mini Travel Eye Lashes Curlers Professional Eyelash Curling Clip Makeup Tools","New","10","0","0","10","0","0","0","0","0","GBP","0","4","7","10","Low traffic","3.39","0.0","3.39","0.0","NoRestockExcessActionRequired","3","0.0","0","0","11.75","1.74","0.004145","cubic feet","Standard","0.04145","UK","gl_personal_care_appliances","186167","161","0","10","13","3.39","0.0","10.96","19.18","27.4","10","0","0","0","0","0.01","0","0","0","0","0","0","","","","","","","","","","","","","80.3","5","2026-08-22","2026-08-09","80.3","59.3","2026-08-10","10","0","0","0","161","N","","",""
"2026-08-13","JJ2509185","X002E7PONX","B0FJ8LL1X1","10 Pcs Silicone Lash Lift Shields,Self Adhesive Glueless Reusable Lash Lift Pads with XS/S/M//L/XL,for Salon Professionals Home Use Beauty Enthusiasts (Orange)","New","37","0","0","39","0","0","0","0","0","GBP","1","16","25","35","Low traffic","5.29","0.0","5.29","0.0","NoRestockExcessActionRequired","38","0.0","0","0","0.0","1.06","0.001529","cubic feet","Standard","0.056573","UK","gl_beauty","54849","129","0","21","32","5.29","4.41","70.56","110.25","155.95","20","19","0","0","0","0.08","50","30","20","0","1","0","","","","","","","","","","","","","85.1","0","","2026-08-09","81.6","85.1","2026-08-10","87","1","0","0","203","N","","",""
"2026-08-13","JJ250901","X002E7EAJH","B0FPM2ZNT8","Bristle Slick Back Hair Brush for Sleek Ponytail Bun Smoothing Baby Hairs Flyaways Edge Control Backcombing Teasing Wide for Sectioning Parting","New","59","0","0","59","0","0","0","0","0","GBP","0","8","22","49","Low traffic","5.99","0.0","5.39","0.0","NoRestockExcessActionRequired","59","0.0","0","0","0.0","1.45","0.012104","cubic feet","Standard","0.714136","UK","gl_beauty","69657","366","0","49","26","5.39","0.0","40.6","108.76","226.25","40","19","0","0","0","0.47","40","0","40","0","0","0","","","","","","","","","","","","","118.6","0","","2026-08-09","118.6","53.8","2026-08-10","99","0","0","0","366","N","","",""
"2026-08-13","JJ2509196","X002E7JHK9","B0FJ81YXP5","2PIN FUEL PUMP CONNECTOR PLUG DIESEL HEATER FOR WEBASTO FOR EBERSPACHER 12V 24V","New","48","0","0","50","0","0","0","0","0","GBP","0","0","8","20","Low traffic","6.69","0.0","6.39","0.0","NoRestockExcessActionRequired","48","0.0","0","0","0.0","0.75","0.003531","cubic feet","Standard","0.169488","UK","gl_automotive","35217","","0","","31","6.39","0.0","0.0","45.92","114.8","0","50","0","0","0","0.11","0","0","0","0","1","0","","","","","","","","","","","","","","0","","","","98.7","2026-08-10","48","1","0","0","","N","","",""
"2026-08-13","JJF2509300","X002ECGK1D","B0FQ5N34HQ","2Pcs Hair Buns, Padding for Updos, Volume Hair Bump Inserts, Styling Clip Accessories for Women, Lady, Girl (Coffee)","New","2","0","0","6","0","0","0","0","0","GBP","16","40","78","101","Low traffic","4.79","0.0","4.79","0.0","NoRestockExcessActionRequired","3","0.0","0","0","0.0","9.85","0.014117","cubic feet","Standard","0.028234","UK","gl_beauty","35121","27","0","7","9","4.79","63.84","159.94","318.02","413.7","6","0","0","0","0","0.01","70","40","30","0","5","1","","","","","","","","","","","","","10.4","24","2026-08-14","2026-08-09","10.4","10.4","2026-08-10","72","5","0","0","71","N","","",""
"2026-08-13","JJF2509306","X002EDNPNN","B0FQBR57YK","UMORDUP Silver Bridal Hair Comb, Pearl & Rhinestone Wedding Hair Clip, Decorative Hair Slide Headpiece for Adult Women","New","79","0","0","89","0","0","0","0","0","GBP","0","9","41","67","Low traffic","6.39","0.0","6.39","0.0","NoRestockExcessActionRequired","22","3.76","22","0","110.42","2.16","0.003531","cubic feet","Standard","0.278949","UK","gl_beauty","160863","309","0","60","26","6.39","0.0","48.56","223.73","355.81","89","0","0","0","0","0.19","56","20","35","1","9","3","","","","","","","","","","","","","81.9","0","","2026-08-09","81.9","27.1","2026-08-10","135","9","0","0","366","N","","",""
"2026-08-13","JJ251008","X002FPYQKB","B0D8YF5F91","4 PackJYTDBCS Large Hair Claw Clip,large claw clips for thick hair Extra Large Claw Clip For Thick Hair Claw Clips, Hair Claw Clips For Women Thick Hair – Neutral Claw Clps","New","61","0","0","69","0","0","0","0","0","GBP","11","16","33","51","Low traffic","5.09","0.0","5.09","0.0","NoRestockExcessActionRequired","61","0.0","0","0","0.0","1.37","0.001766","cubic feet","Standard","0.107726","UK","gl_beauty","34181","128","0","23","23","5.09","46.64","67.84","139.52","214.4","30","39","0","0","0","0.55","31","30","0","1","4","0","","","","","","","","","","","","","208.8","0","","2026-08-09","208.8","68.9","2026-08-10","92","4","0","0","201","N","","",""
"2026-08-13","JJ251078","X002FQ5SVB","B0D9CY3L6F","5cm Diameter Half Sphere Silicone Mould Large 6-Cavity, Chocolate Ball Mould Baking Mold, Silicone Mould for Making Cake, Jelly, Dome,Silicone Chocolate Mould,Chocolate Moulds,Sphere Mould","New","39","0","0","15","24","0","0","0","0","GBP","2","5","6","9","Low traffic","6.19","0.0","6.19","0.0","NoRestockExcessActionRequired","38","0.0","0","0","0.0","0.25","0.037099","cubic feet","Standard","1.446861","UK","gl_kitchen","346482","111","0","31","56","6.19","10.32","25.8","30.96","46.44","0","15","0","0","0","0.92","0","0","0","0","0","0","","","","","","","","","","","","","334.9","0","","2026-08-09","254.4","334.9","2026-08-10","39","0","0","0","111","Y","Holiday Season","2026-11-07","2027-01-09"
"2026-08-13","JJ2509109","X002E78QQZ","B0FGPRPMJC","Eyeglass Nose Pads, Adhesive Anti-Slip Soft Silicone Cushion for Glasses, Sunglasses - 10 Black Pairs","New","8","0","0","0","8","0","0","0","0","GBP","0","2","4","4","Low traffic","3.09","0.0","3.09","0.0","NoRestockExcessActionRequired","0","0.0","0","0","28.73","0.38","0.003531","cubic feet","Standard","0.028248","UK","gl_drugstore","","95","8","16","26","3.09","0.0","5.14","10.28","10.28","0","0","0","0","0","0.03","0","0","0","0","0","0","","","","","","","","","","","","","237.5","0","","2026-08-09","128.0","237.5","2026-08-10","8","0","0","0","95","N","","",""
"2026-08-13","JJ2510138","X002FQBSI3","B0D9D4TCYJ","JYTDBCS Crystal Moon Necklace for Women Natural Healing Crystal Gemstone Pendant Necklace Adjustable Quartz Stone Tree of Life Jewellery Gift for Mum Wife Mothers Day","New","12","0","0","0","13","0","0","0","0","GBP","0","0","0","0","Low traffic","5.89","0.0","5.49","0.0","Lower price","2","0.0","0","0","18.79","0.0","0.001766","cubic feet","Apparel","0.021192","UK","gl_jewelry","659183","","10","","","5.49","0.0","0.0","0.0","0.0","0","0","0","0","0","0.01","0","0","0","0","0","0","","","","","","","","","","","","","","0","","","","","2026-08-10","12","0","0","0","","N","","",""
"2026-08-13","JJ2510140","X002FQEOKR","B0DBQGXVJL","JYTDBCS Light Pull Chain Extension with Ball Chain 100 cm Length Bathroom Toilet Light/Ceiling Light Fan Switch/Blind Cord Pull Handle Weight Pull Cord - Brushed Chrome with White Ceramic","New","15","0","0","9","7","0","0","0","0","GBP","0","0","0","1","Low traffic","5.79","0.0","5.49","0.0","NoRestockExcessActionRequired","15","0.0","0","0","0.21","0.07","0.003794","cubic feet","Standard","0.05691","UK","gl_home_improvement","290964","","0","","195","5.49","0.0","0.0","0.0","4.91","0","0","9","0","0","0.04","0","0","0","0","1","1","","","","","","","","","","","","","","0","","","","695.0","2026-08-10","15","1","0","0","","N","","",""
"2026-08-13","JJ2509129","X002E7AYVZ","B0FG74GRVY","TRHDFW Adjustable Cat Bathing Shower Wash, Puppy Dog Pet Cleaning Shower Net, Grooming Bag for, Anti-Bite and Anti-Scratch Restraint Bag for Bathing Nail Trimming","New","17","0","0","0","18","0","0","0","0","GBP","3","7","13","16","Low traffic","6.39","0.0","6.39","0.0","CreateShippingPlan","17","0.0","0","0","0.0","0.58","0.003531","cubic feet","Standard","0.060027","UK","gl_pet_products","","72","0","9","13","6.39","15.96","37.24","71.18","88.64","0","0","0","0","0","0.04","0","0","0","0","0","0","","","","","","","","","","","","","172.7","8","2026-09-06","2026-08-09","85.4","172.7","2026-08-10","17","0","0","0","72","N","","",""
"2026-08-13","JJ250907","X002E7FD4X","B0FPLTHCHY","UMORDUP 5PCS Large Red Pull Bows for Gift Wrapping, Wedding, Party, Birthday, Basket & Flower Decoration","New","29","0","0","0","20","9","0","0","0","GBP","0","2","8","8","Low traffic","5.59","0.0","5.39","0.0","NoRestockExcessActionRequired","1","0.0","0","0","357.24","0.24","0.08092","cubic feet","Standard","2.34668","UK","gl_home","543568","119","28","58","47","5.39","0.0","9.64","38.56","38.56","0","0","0","9","0","1.63","0","0","0","0","0","0","","","","","","","","","","","","","384.9","0","","2026-08-09","223.0","384.9","2026-08-10","29","0","0","0","119","N","","",""
"2026-08-13","JJ2509106","X002E74UMT","B0FGXSJF1P","Headwear for Women Head Scarves Turbans UK Cancer Bandanas Beanie Hat Headwrap Cap","New","16","0","0","0","16","0","0","0","0","GBP","1","1","2","5","Low traffic","4.69","0.0","4.69","0.0","NoRestockExcessActionRequired","16","0.0","0","0","0.0","0.28","","","Other","","UK","gl_apparel","165428","151","0","64","41","4.69","3.91","3.91","8.32","22.03","0","0","0","0","0","0.03","0","0","0","0","0","0","","","","","","","","","","","","","","0","","","","332.2","2026-08-10","16","0","0","0","151","N","","",""
"2026-08-13","JJ250401","X0029TS8ST","B0F3877HJB","Generic Double-Sided Exfoliating Mitt Body Scrubber, Loofah Bath Sponge for Adult Shower & Skin Cleansing (Beige & Gray)","New","10","0","0","0","10","0","0","0","0","GBP","","","","","Low traffic","8.59","0.0","8.59","0.0","Advertise listing","0","0.0","0","0","46.32","0.0","0.027122","cubic feet","Standard","0.27122","UK","gl_drugstore","","","10","","","8.59","","","","","0","0","0","0","0","0.19","0","0","0","0","0","0","","","","","","","","","","","","","","0","","","","","2026-08-10","10","0","0","0","","N","","",""
"2026-08-13","JJ2509210","X002E7LWTN","B0FJ83G3P3","2 PCS Mosquito Head Net,Midge Head Net,Insect Netting Midge Hood,Head Mesh Net Hat,Nylon Face Net Mesh with Storage Bag for Outdoor Hiking Camping Climbing Fishing and Walking","New","14","0","0","14","0","0","0","0","0","GBP","5","8","12","16","Low traffic","4.39","0.0","4.39","0.0","NoRestockExcessActionRequired","0","0.0","0","0","65.75","2.0","0.007063","cubic feet","Apparel","0.098882","UK","gl_apparel","74237","47","0","7","11","4.39","18.3","29.28","44.56","59.84","10","4","0","0","0","0.03","0","0","0","0","0","0","","","","","","","","","","","","","82.6","9","2026-08-24","2026-08-09","82.6","63.5","2026-08-10","14","0","0","0","47","N","","",""
"2026-08-13","JJF2509326","X002EDZC5R","B0FQC7H69S","UMORDUP 2Pcs Butterfly Hair Claw Clips Pearl Jewel Design Resin Hair Clips for Women Thick Thin Hair Styling Pink White","New","13","0","0","0","13","0","0","0","0","GBP","6","8","14","18","Low traffic","5.89","0.0","5.89","0.0","NoRestockExcessActionRequired","0","0.0","0","0","66.22","0.77","0.048955","cubic feet","Standard","0.636415","UK","gl_beauty","73190","51","0","6","9","5.89","29.46","39.28","69.7","90.66","0","0","0","0","0","0.43","0","0","0","0","0","0","","","","","","","","","","","","","132.9","0","","2026-08-09","85.6","132.9","2026-08-10","13","0","0","0","51","N","","",""
"2026-08-13","JJ250927","X002E7E4VB","B0FPLRCH1V","UMORDUP Sickle Eyeliner Brush Fine Precision Liner Brush for Gel Eyeliner Winged Eye Makeup Eyebrow Eyeshadow Tool","New","8","0","0","0","9","0","0","0","0","GBP","0","0","1","2","Low traffic","2.89","0.0","2.89","0.0","NoRestockExcessActionRequired","0","0.0","0","0","24.63","0.16","0.003531","cubic feet","Standard","0.028248","UK","gl_beauty","391355","163","8","","52","2.89","0.0","0.0","2.41","4.82","0","0","0","0","0","0.02","0","0","0","0","1","0","","","","","","","","","","","","","","0","","","","560.5","2026-08-10","8","1","0","0","186","N","","",""
"2026-08-13","JJF2603020","X002J0R85H","B0GQYVNL82","UMORDUP Satin Sleep Bonnet Red Adjustable with Tie Band for Curly Hair Braids Wigs Adult Women","New","15","0","0","0","15","0","0","0","0","GBP","","","","","Low traffic","5.59","0.0","5.59","0.0","Advertise listing","0","0.0","0","0","33.63","0.0","0.003531","cubic feet","Apparel","0.052965","UK","gl_apparel","","","15","","","","","","","","0","0","0","0","0","0.03","0","0","0","0","0","0","","","","","","","","","","","","","","0","","","","","2026-08-10","15","0","0","0","","N","","",""
"2026-08-13","JJF2509304","X002EDO5ZF","B0FQBQT3VZ","Green Hair Crystal Comb Accessories Wedding Pin Accessories for Women Girls Bridal Bridesmaid Guest Gold Emerald Green Rhinestone Vine Headpiece Hair Clips for Prom Wedding","New","22","0","0","26","0","0","0","0","0","GBP","7","23","26","37","Low traffic","6.48","0.0","6.48","0.0","NoRestockExcessActionRequired","21","0.0","0","0","0.0","2.18","0.003531","cubic feet","Standard","0.077682","UK","gl_beauty","58821","46","0","14","29","6.48","37.8","124.2","140.4","199.8","26","0","0","0","0","0.05","62","60","0","2","2","1","","","","","","","","","","","","","32.9","0","","2026-08-09","32.9","29.7","2026-08-10","84","1","1","0","166","N","","",""
"2026-08-13","JJ2509208","X002E7LSOH","B0FJ81HTJR","Glow in The Dark Stars and Moon Wall Decals for Ceiling - Kids Wall Decors for Boys Girls Nursery Bedroom - Perfect for Kids Room","New","28","0","0","25","3","0","0","0","0","GBP","1","2","4","6","Low traffic","4.69","0.0","4.49","0.0","NoRestockExcessActionRequired","5","0.0","0","0","53.0","0.32","0.014998","cubic feet","Standard","0.419944","UK","gl_home","88916","366","23","56","60","4.49","3.91","7.82","15.8","23.62","0","25","0","0","0","0.29","0","0","0","0","1","0","","","","","","","","","","","","","431.0","0","","2026-08-09","431.0","248.3","2026-08-10","28","1","0","0","366","N","","",""
"2026-08-13","JJF2603004","X002IZHPQP","B0GQTGVYQ6","UMORDUP 4 Pcs 6MM Gas Hob Knobs Silver Cooker Hob Knobs Universal Gas Stove Knobs Metal Gas Hob Switch for Kitchen Cooker Gas Stove Oven Cooktop","New","24","0","0","26","0","0","0","0","0","GBP","7","27","37","60","Low traffic","6.79","0.0","6.79","0.0","NoRestockExcessActionRequired","24","0.0","0","0","0.0","3.53","0.010383","cubic feet","Standard","0.249192","UK","gl_home_improvement","56332","67","0","8","11","6.79","39.62","152.82","209.42","337.03","26","0","0","0","0","0.15","30","0","30","0","1","1","","","","","","","","","","","","","31.5","32","2026-09-02","2026-08-09","31.5","24.9","2026-08-10","54","0","1","0","69","N","","",""
"2026-08-13","JJ251052","X002FPW3DX","B0DBDSG331","JYTDBCS 12 Pieces M5 Ring Nut，304 Stainless Steel Eye Nut Ring Round Eye Bolt Ring Bolt Rustproof for Roll of Fastening and Hanging(M5 Ring Nut)","New","22","0","0","22","0","0","0","0","0","GBP","0","4","4","7","Low traffic","5.89","0.0","5.89","0.0","NoRestockExcessActionRequired","2","0.0","0","0","31.15","0.44","0.003025","cubic feet","Standard","0.06655","UK","gl_biss","","221","0","22","40","5.89","0.0","19.64","19.64","34.61","0","14","8","0","0","0.04","0","0","0","0","0","0","","","","","","","","","","","","","175.3","0","","2026-08-09","175.3","161.1","2026-08-10","22","0","0","0","221","N","","",""
"2026-08-13","JJ2509166","X002E7DYN5","B0FHKQ8RBJ","TRHDFW 4.3 Inch 2 Pcs Heavy Duty Cleat Hooks, 304 Stainless Steel Blind Cord Cleat Hook with Mounting Screws, Flagpoler Rope Cleat Hook Boat Mooring Accessories for Boats Yachts, Flagpole","New","46","0","0","46","5","0","0","0","0","GBP","2","5","14","19","Low traffic","7.29","0.0","7.29","0.0","NoRestockExcessActionRequired","46","0.0","0","0","0.0","0.54","3.5E-5","cubic feet","Standard","0.00161","UK","gl_home_improvement","72589","153","0","60","52","7.29","12.14","30.35","87.7","119.75","30","0","16","0","0","0.1","30","30","0","0","4","0","","","","","","","","","","","","","232.3","0","","2026-08-09","232.3","144.7","2026-08-10","76","4","0","0","262","N","","",""
"2026-08-13","JJ2509216","X002E7M76F","B0FJ8LJP5P","Plant Fly Stickers, 30 Pack Dual-Sided Fly Paper for Indoor and Outdoor Use, Yellow Sticky Traps for Fungus Gnats and Other Insects, 20 X 15 Cm/7.88 X 5.9in Sticky Traps for Plants","New","21","0","0","36","0","0","0","0","0","GBP","15","51","65","88","Low traffic","6.19","0.0","5.99","0.0","NoRestockExcessActionRequired","18","0.0","0","0","0.0","3.43","0.013531","cubic feet","Standard","0.284151","UK","gl_biss","11957","23","0","4","9","6.19","77.4","263.16","334.55","449.32","36","0","0","0","0","0.14","41","30","11","0","7","0","","","","","","","","","","","","","19.7","49","2026-08-17","2026-08-09","19.7","16.3","2026-08-10","62","5","2","0","62","N","","",""
"2026-08-13","JJ250970","X002E78HZP","B0FGQ4L57T","3-Pack,Bathtub Sink Strainer, Stainless Steel Shower Drain Hair Catcher, Bathroom Sink Drain Strainer","New","30","0","0","21","12","0","0","0","0","GBP","2","4","10","15","Low traffic","4.19","0.0","4.19","0.0","NoRestockExcessActionRequired","0","0.0","0","0","115.62","0.52","0.007204","cubic feet","Standard","0.21612","UK","gl_home","433914","117","30","30","26","4.19","7.15","14.79","38.37","57.45","0","21","0","0","0","0.07","0","0","0","0","2","0","","","","","","","","","","","","","363.7","0","","2026-08-09","363.7","183.7","2026-08-10","30","2","0","0","124","N","","",""
"2026-08-13","JJ2509131","X002E6XHTR","B0FG82Y1RD","10 PCS Hair Bun Maker for Women Lazy Curler Clips Easy Magic Snap Roll Plastic Donut Maker for Women With Ties","New","14","0","0","1","16","0","0","0","0","GBP","0","0","0","1","Low traffic","5.09","0.0","5.09","0.0","NoRestockExcessActionRequired","14","0.0","0","0","0.0","0.06","0.016058","cubic feet","Standard","0.224812","UK","gl_beauty","80994","","0","","182","5.09","0.0","0.0","0.0","4.41","1","0","0","0","0","0.03","0","0","0","0","3","0","","","","","","","","","","","","","","0","","","","1473.0","2026-08-10","14","3","0","0","","N","","",""
"2026-08-13","JJ250994","X002E750SR","B0FH29SMVR","Cuticle Pusher Nail Art UV Gel Polish Remover Tool for Fingernail Manicure Pedicure Trimmer","New","18","0","0","0","18","0","0","0","0","GBP","0","0","0","0","Low traffic","3.59","4.33","3.63","0.0","Lower price","0","0.0","0","0","69.21","0.0","0.003628","cubic feet","Standard","0.065304","UK","gl_beauty","211208","","18","","","3.63","0.0","0.0","0.0","0.0","0","0","0","0","0","0.04","0","0","0","0","0","0","","","","","","","","","","","","","","0","","","","","2026-08-10","18","0","0","0","","N","","",""
"2026-08-13","JJ251081","X002FQ0FYL","B0DB5TYX3T","1 Half-Sphere Chocolate Mold, 6-Cavity Silicone Mold, Suitable for Making Chocolate, Baking, Dome Cakes, Mousse Desserts, Purple","New","13","0","0","0","13","0","0","0","0","GBP","1","2","4","4","Low traffic","6.29","0.0","6.29","0.0","NoRestockExcessActionRequired","13","0.0","0","0","0.0","0.19","0.035399","cubic feet","Standard","0.460187","UK","gl_kitchen","672580","80","0","26","42","6.29","5.24","10.48","21.3","21.3","0","0","0","0","0","0.27","0","0","0","0","0","0","","","","","","","","","","","","","481.3","0","","2026-08-09","444.0","481.3","2026-08-10","13","0","0","0","80","N","","",""
"2026-08-13","JJ2509204","X002E7OGMN","B0FJ81ZXYX","2 Pcs Sun Visor Hook Clip Bracket for Volkswagen Bora Caddy Golf Mk4 Sharan Passat Polo Amarok Transporter T5 Touran Seat Ibiza Leon Skoda Fabia Octavia Superb 3B0857561B","New","50","0","0","51","1","0","0","0","0","GBP","2","3","6","9","Low traffic","6.69","0.0","6.69","0.0","Advertise listing","0","0.0","0","0","244.22","0.34","0.002472","cubic feet","Standard","0.1236","UK","gl_automotive","93820","366","50","66","72","6.69","11.14","16.71","33.42","50.67","40","0","11","0","0","0.12","0","0","0","0","1","0","","","","","","","","","","","","","568.0","0","","2026-08-09","568.0","257.0","2026-08-10","50","1","0","0","366","N","","",""
"2026-08-13","JJ2510126","X002FQHMAB","B0D7V7LW3M","8PCS Universal Silent Feet Anti-Vibration Pads for Washing Machines Dryers Refrigerator Home Appliance","New","24","0","0","31","0","0","0","0","0","GBP","0","3","6","7","Low traffic","6.59","0.0","6.59","0.0","Advertise listing","0","0.0","0","0","187.09","0.58","0.022703","cubic feet","Standard","0.544872","UK","gl_major_appliances","682343","291","0","45","63","6.59","0.0","16.47","33.27","39.09","30","1","0","0","0","0.38","10","10","0","0","7","0","","","","","","","","","","","","","101.5","0","","2026-08-09","101.5","97.4","2026-08-10","34","7","0","0","366","Y","Holiday Season","2026-11-07","2027-04-10"
"2026-08-13","JJ251065","X002FQ1L8Z","B0DBDRTL2H","JYTDBCS Rhinestone Flower Hair Barrettes Jewelry Bow Crystal Hair Accessories for Bridal Wedding Girls Party Gift (Dark Blue) Blue Hair Accessories","New","29","0","0","20","11","0","0","0","0","GBP","1","2","10","19","Low traffic","5.99","0.0","5.99","0.0","NoRestockExcessActionRequired","29","0.0","0","0","0.0","0.65","0.004941","cubic feet","Standard","0.143289","UK","gl_beauty","","366","0","98","33","5.99","4.99","9.98","49.9","94.81","0","20","0","0","0","0.09","20","0","20","0","2","0","","","","","","","","","","","","","489.5","0","","2026-08-09","489.5","131.1","2026-08-10","49","2","0","0","366","N","","",""
"2026-08-13","JJF2509277","X002EC5O47","B0FQ5G2HPW","UMORDUP Silver Crystal Floral Leaf Bridal Hair Vine, 10cm Handmade Wedding Hair Piece for Women, Elegant Hair Accessory for Bride Bridesmaid","","0","0","0","0","0","2","0","0","0","GBP","0","0","3","4","","0.0","0.0","0.0","0.0","CreateShippingPlan","","","0","0","","0.29","0.003531","cubic feet","Apparel","0.0","UK","gl_jewelry","","0","0","","0","4.99","0.0","0.0","12.48","16.64","0","0","0","2","0","","0","0","0","0","0","0","","","","","","","","","","","","","","0","","","","345.5","2026-08-10","0","0","0","0","0","N","","",""
"2026-08-13","JJF2603001","X002IZJYEL","B0GQT91VCV","Handheld Spiralizer Vegetable Slicer, Upgrade 4 in 1 Adjustable Spiral Slicer, Veggie Spiral Cutter Pasta Maker for Carrot, Fruit, Cucumber, Potato, Pumpkin, Zucchini","New","50","0","0","54","0","0","0","0","0","GBP","10","32","52","63","Low traffic","7.29","0.0","7.29","0.0","NoRestockExcessActionRequired","","","0","0","","2.88","0.003531","cubic feet","Standard","0.17655","UK","gl_kitchen","148685","92","0","16","27","7.29","60.7","191.2","309.56","375.45","54","0","0","0","0","","85","30","55","0","0","1","","","","","","","","","","","","","21.2","0","","2026-08-09","19.7","21.2","2026-08-10","135","0","0","0","115","N","","",""
"2026-08-13","JJ2509133","X002E76UPJ","B0FGQ542H3","TRHDFW 2 Pcs 3D Car Eyelashes Sticker Black Headlights Decoration Funny Eyelashes Styling Decorative Lashes Big Long Eye Design for Women Lashes Decorative","New","21","0","0","20","9","0","0","0","0","GBP","5","7","10","14","Low traffic","3.99","0.0","3.99","0.0","NoRestockExcessActionRequired","0","0.0","0","0","67.98","0.54","0.054879","cubic feet","Standard","1.152459","UK","gl_automotive","","166","21","23","38","3.99","16.6","23.24","33.2","46.84","20","0","0","0","0","0.76","20","20","0","0","8","0","","","","","","","","","","","","","136.0","0","","2026-08-09","136.0","134.3","2026-08-10","41","8","0","0","366","N","","",""
"2026-08-13","JJ2510139","X002FQGQZD","B0DB21B9LP","JYTDBCS 6pcs Writable Blank Scoreboard Judges Scoreboard Dry Erase Answer Paddle Foam Voting Writing Scoreboard for Auctions Red","New","29","0","0","31","0","0","0","0","0","GBP","1","3","6","15","Low traffic","5.99","0.0","5.99","0.0","NoRestockExcessActionRequired","0","0.0","0","0","361.8","0.78","0.078711","cubic feet","Standard","2.282619","UK","gl_sports","90731","256","0","38","25","5.99","4.99","14.97","29.94","75.57","1","30","0","0","0","1.59","0","0","0","0","1","0","","","","","","","","","","","","","477.5","0","","2026-08-09","477.5","144.6","2026-08-10","29","1","0","0","264","N","","",""
"2026-08-13","JJF2509353","X002EESYGF","B0FQHDL7QD","Vintage Gold Feather Hair Clip Barrette - Metal Leaf Head Clips Decorative French Hair Accessories for Women and Girls","New","1","0","0","2","0","0","0","0","0","GBP","6","18","40","50","Low traffic","6.59","0.0","6.59","0.0","NoRestockExcessActionRequired","1","0.0","0","0","0.0","33.33","0.001413","cubic feet","Standard","0.001413","UK","gl_beauty","67039","48","0","9","10","6.59","32.94","98.82","221.81","276.71","2","0","0","0","0","0.0","40","0","40","0","1","0","","","","","","","","","","","","","15.8","32","2026-08-18","2026-08-09","15.8","10.6","2026-08-10","41","1","0","0","49","N","","",""
"2026-08-13","JJ251088","X002FQ1G1H","B0D93JCS9L","JYTDBCS Bedsheet retainer Anti-run sheet and quilt retainer clip clip pinless upgraded bedsheet clip bed sheet clips sheet clips for bedding","New","52","0","0","57","0","0","0","0","0","GBP","4","16","34","42","Low traffic","4.89","0.0","4.89","0.0","NoRestockExcessActionRequired","0","0.0","0","0","153.94","2.13","0.017302","cubic feet","Standard","0.899704","UK","gl_home","146102","347","0","18","22","4.89","16.28","65.12","138.83","172.11","57","0","0","0","0","0.63","20","0","20","0","4","0","","","","","","","","","","","","","30.1","0","","2026-08-09","30.1","22.7","2026-08-10","72","4","0","0","366","N","","",""
"2026-08-13","JJ2509141","X002E7B9RN","B0FGXY2XP6","2040 PCS Self Adhesive Photo Corners for DIY Craft Picture Clear Edge Stickers Decorative Mounting Albums Scrapbook Journal（20 sheets in total）","New","19","0","0","20","0","0","0","0","0","GBP","0","0","1","4","Low traffic","4.99","0.0","4.99","0.0","NoRestockExcessActionRequired","0","0.0","0","0","90.88","0.15","0.002617","cubic feet","Standard","0.049723","UK","gl_home","1081941","366","0","","61","4.99","0.0","0.0","4.16","16.64","15","5","0","0","0","0.05","0","0","0","0","1","0","","","","","","","","","","","","","","0","","","","626.8","2026-08-10","19","0","1","0","366","N","","",""
"2026-08-13","JJ250992","X002E75FXR","B0FH1QCSFT","10 x Cellulose Facial Sponges Natural Facial Cleansing Sponge Face Sponge","New","39","0","0","41","0","0","0","0","0","GBP","2","12","14","30","Low traffic","3.29","0.0","3.29","0.0","NoRestockExcessActionRequired","7","0.0","0","0","31.13","1.5","0.003531","cubic feet","Standard","0.137709","UK","gl_beauty","102639","121","0","13","16","3.29","5.48","32.88","38.7","82.54","41","0","0","0","0","0.09","0","0","0","0","2","0","","","","","","","","","","","","","90.0","0","","2026-08-09","90.0","65.1","2026-08-10","39","2","0","0","126","N","","",""
"2026-08-13","JJ2509179","X002E7BZD1","B0FHK11WKM","TRHDFW Snooker Chalk Holder, Billiards Cue Chalk Holder, Black PU Leather Pouch","New","14","0","0","0","14","0","0","0","0","GBP","0","0","3","5","Low traffic","4.89","0.0","4.89","0.0","NoRestockExcessActionRequired","0","0.0","0","0","64.86","0.28","0.011623","cubic feet","Standard","0.162722","UK","gl_sports","243585","278","14","","36","4.89","0.0","0.0","12.3","20.62","0","0","0","0","0","0.03","0","0","0","0","0","0","","","","","","","","","","","","","","0","","","","324.2","2026-08-10","14","0","0","0","278","N","","",""
"2026-08-13","JJ2510178","X002FQLGB7","B0DBVFCCS9","JYTDBCS 8-Pack Drink Pouches: Leak-Proof, Foldable, Reusable Flasks for Travel, Outdoor Sports, Hot & Cold Drinks","New","45","0","0","45","0","0","0","0","0","GBP","0","0","2","17","Low traffic","4.59","0.0","4.59","0.0","NoRestockExcessActionRequired","0","0.0","0","0","431.7","1.13","0.059796","cubic feet","Standard","2.69082","UK","gl_home","","366","0","","34","4.59","0.0","0.0","7.64","60.79","30","15","0","0","0","3.28","0","0","0","0","0","0","","","","","","","","","","","","","","0","","","","64.6","2026-08-10","45","0","0","0","366","N","","",""
"2026-08-13","JJ251090","X002FPMPYP","B0D7GY99Q5","JYTDBCS Adjustable Eyeglasses Strap 3 Pack Men Women Glasses Sports Strap Sunglasses Retainer Eyewear Holders","New","14","0","0","0","15","0","0","0","0","GBP","0","0","1","6","Low traffic","3.89","0.0","3.89","0.0","NoRestockExcessActionRequired","0","0.0","0","0","53.13","0.26","0.003748","cubic feet","Apparel","0.052472","UK","gl_apparel","207422","182","14","","30","3.89","0.0","0.0","3.32","19.92","0","0","0","0","0","0.03","0","0","0","0","0","0","","","","","","","","","","","","","","0","","","","344.5","2026-08-10","14","0","0","0","182","N","","",""
"2026-08-13","JJ250989","X002E6X701","B0FH1S5MPL","Self-Adhesive Oval Stainless Steel Door Stopper with Glue for Hard Floor Glass - Black, 1 Pc","New","2","0","0","0","5","0","0","0","0","GBP","0","0","1","2","Low traffic","4.39","0.0","4.39","0.0","CreateShippingPlan","0","0.0","0","0","8.95","0.11","0.003531","cubic feet","Standard","0.007062","UK","gl_home_improvement","515400","41","0","","13","4.39","0.0","0.0","3.66","7.4","0","0","0","0","0","0.0","0","0","0","0","3","0","","","","","","","","","","","","","","0","","","","912.0","2026-08-10","2","3","0","0","78","N","","",""
"2026-08-13","JJ2509243","X002E7N96R","B0FMFBKMDW","TRHDFW Skull Balaclava Skeleton Mask Ghost Death Mark Outdoor Riding Mask Halloween Cosplay","New","9","0","0","9","0","0","0","0","0","GBP","1","6","9","16","Low traffic","4.79","0.0","4.79","0.0","CreateShippingPlan","9","0.0","0","0","0.0","0.78","0.019051","cubic feet","Apparel","0.171459","UK","gl_toy","154272","44","0","6","7","4.79","3.99","23.94","36.42","65.54","0","9","0","0","0","0.1","0","0","0","0","0","0","","","","","","","","","","","","","114.2","7","2026-08-09","2026-08-09","114.2","113.3","2026-08-10","9","0","0","0","44","Y","Halloween","2026-09-26","2026-11-06"
"2026-08-13","JJ251077","X002FQ7FC1","B0DBQ4S312","JYTDBCS 3pcs Bathtub Drain Cover, Hair Catcher Shower Drain Stainless Steel Hair Catcher Hair Strainer Shower Drain Filter for Sink Strainer, Bathtub","","1","0","0","1","0","0","0","0","0","GBP","0","6","10","12","","0.0","0.0","0.0","0.0","GoToStranded","","","0","0","","1.14","0.027899","cubic feet","Standard","0.027899","UK","gl_home","768259","8","0","0","1","6.29","0.0","31.44","52.16","62.48","1","0","0","0","0","","0","0","0","0","3","0","","","","","","","","","","","","","70.5","7","2026-08-05","2026-08-09","23.1","70.5","2026-08-10","1","3","0","0","33","N","","",""
"2026-08-13","JJ2509139","X002E7ABLN","B0FGW21VD8","2Pcs Big Bowknot Hairpins for Women Girls, French Ribbon Solid Color Satin Silky Barrette Clips，Bow Hair Clip, (Black White)","New","36","0","0","30","6","0","0","0","0","GBP","0","3","7","18","Low traffic","3.89","0.0","3.89","0.0","NoRestockExcessActionRequired","0","0.0","0","0","123.81","0.72","0.001766","cubic feet","Standard","0.063576","UK","gl_beauty","","258","36","48","26","3.89","0.0","9.72","23.02","60.53","15","15","0","0","0","0.09","0","0","0","0","0","0","","","","","","","","","","","","","198.3","0","","2026-08-09","198.3","99.9","2026-08-10","36","0","0","0","258","N","","",""
"2026-08-13","JJ250904","X002E7HJO5","B0FPLTTTPN","Messy Bun Hair Piece Tousled Updo Elastic Synthetic Donut Scrunchies - Light Ash Blonde with Highlights","New","97","0","0","97","0","0","0","0","0","GBP","0","5","35","38","Low traffic","5.79","0.0","5.79","0.0","Advertise listing","29","5.4","19","0","58.11","1.09","0.003531","cubic feet","Standard","0.342507","UK","gl_beauty","119131","366","0","149","63","5.79","0.0","24.95","170.23","184.69","97","0","0","0","0","0.22","90","80","10","0","0","1","","","","","","","","","","","","","102.1","0","","2026-08-09","102.1","49.8","2026-08-10","187","0","0","0","366","N","","",""
"2026-08-13","JJ251085","X002FQ73PF","B0DBQY6KJ8","JYTDBCS Cat Grooming Comb, Moderately Bent Comfortable Grip Durable Cat Shell Comb Environmentally Friendly for Dog for Cat(blue)","New","9","0","0","1","8","0","0","0","0","GBP","0","4","11","14","Low traffic","3.89","0.0","3.89","0.0","NoRestockExcessActionRequired","0","0.0","0","0","38.62","0.9","0.02526","cubic feet","Standard","0.22734","UK","gl_beauty","117097","56","0","9","8","3.89","0.0","12.96","36.15","46.38","0","0","1","0","0","0.16","0","0","0","0","0","0","","","","","","","","","","","","","98.4","8","2026-07-30","2026-08-09","63.0","98.4","2026-08-10","9","0","0","0","56","N","","",""
"2026-08-13","JJF2509330","X002EE4GSF","B0FQC7P1CC","Bridal Hair Accessories - Wedding Hair Pins, Clips, and Flowers for Women, Bridesmaids, and Girls (Silver)","New","48","0","0","50","0","0","0","0","0","GBP","10","18","30","49","Low traffic","4.59","0.0","4.59","0.0","NoRestockExcessActionRequired","21","4.29","19","0","2.21","1.63","0.003531","cubic feet","Standard","0.169488","UK","gl_beauty","69427","76","0","10","12","4.59","38.2","68.76","115.7","184.53","20","30","0","0","0","0.11","0","0","0","0","1","0","","","","","","","","","","","","","92.3","13","2026-08-14","2026-08-09","92.3","52.8","2026-08-10","48","0","1","0","77","N","","",""
"2026-08-13","JJ250995","X002E7693R","B0FGQ9YXB2","Swivel Clip Heavy Duty Dog Leads Clasp Snaps Hooks Trigger 4pcs","New","46","0","0","20","27","0","0","0","0","GBP","0","0","0","5","Low traffic","6.29","0.0","5.99","0.0","Advertise listing","26","0.0","0","0","4.55","0.16","0.003805","cubic feet","Standard","0.17503","UK","gl_pet_products","110822","","20","","119","6.29","0.0","0.0","0.0","28.7","0","20","0","0","0","0.12","0","0","0","0","1","0","","","","","","","","","","","","","","0","","","","557.3","2026-08-10","46","1","0","0","","N","","",""
"2026-08-13","JJ2509156","X002E7DVRJ","B0FHK3FHH8","2 Pcs Fidget Controller Pad, Portable Stress Reducer Game Pad Hand Fidget Pad for Release Stress and Anxiety Fidget Pad Controller Fidgets","New","12","0","0","0","21","0","0","0","0","GBP","4","9","26","27","Low traffic","7.69","0.0","7.69","0.0","NoRestockExcessActionRequired","12","0.0","0","0","0.0","0.74","0.003531","cubic feet","Standard","0.042372","UK","gl_toy","","86","0","18","20","7.69","25.64","57.69","166.66","173.07","0","0","0","0","0","0.02","30","0","30","0","9","0","","","","","","","","","","","","","166.8","1","2026-09-06","2026-08-09","166.8","150.0","2026-08-10","42","9","0","0","102","N","","",""
"2026-08-13","JJ2509125","X002E6XHIX","B0FG6M8TW5","2psc Pill Boxes 7 Day 1 Times a Day - Weekly Tablet | Daily Organiser with Compartments | Conveniently Sized Portable Medicine Storage Box (White)","New","43","0","0","44","0","0","0","0","0","GBP","0","2","5","10","Low traffic","4.19","0.0","4.39","0.0","Advertise listing","0","0.0","0","0","140.39","0.55","0.010065","cubic feet","Standard","0.432795","UK","gl_drugstore","","366","0","86","55","4.39","0.0","7.32","18.46","36.76","30","14","0","0","0","0.02","0","0","0","0","1","0","","","","","","","","","","","","","484.5","0","","2026-08-09","484.5","115.5","2026-08-10","43","1","0","0","366","N","","",""
"2026-08-13","JJ2510168","X002FQBVL7","B0D964R7R2","2 Pairs Heel Pain, Heel pad, Silicone Heel pad, Insole, Bone Prick Relief, Heel pad, Thickened and Soft, Gel Heel Cups，Heel raisers，Heel Support,Heel Gel Pads,Silicone Heel","New","9","0","0","10","0","0","0","0","0","GBP","0","1","3","9","Low traffic","6.59","0.0","6.79","0.0","NoRestockExcessActionRequired","0","0.0","0","0","45.98","1.09","0.018491","cubic feet","Standard","0.166419","UK","gl_drugstore","","76","0","36","13","6.79","0.0","5.66","17.3","52.06","0","10","0","0","0","0.12","0","0","0","0","1","0","","","","","","","","","","","","","321.0","2","2026-08-27","2026-08-09","321.0","82.1","2026-08-10","9","1","0","0","84","Y","Holiday Season","2026-10-03","2026-12-18"
"2026-08-13","JJ250990","X002E74XC1","B0FH1RRQMB","Angled Blusher Brush by Quality Blush Contour Bronzer Makeup Tool","New","35","0","0","30","6","0","0","0","0","GBP","1","1","1","4","Low traffic","3.89","0.0","3.89","0.0","Advertise listing","27","3.75","8","0","1.8","0.2","0.018267","cubic feet","Standard","0.639345","UK","gl_beauty","204850","","8","140","113","3.89","3.24","3.24","3.24","13.2","20","0","10","0","0","0.43","0","0","0","0","1","0","","","","","","","","","","","","","","0","","","","597.0","2026-08-10","35","1","0","0","","N","","",""
"2026-08-13","JJ250908","X002E7E4B1","B0FPLRJL1H","UMORDUP 6 Pack Adhesive Wall & Ceiling Hooks, Heavy Duty No Drill Towel Hooks, Waterproof Self Adhesive Hangers for Bathroom Bedroom Kitchen Door, White, Max Load 5lbs","New","1","0","0","0","3","0","0","0","0","GBP","8","10","12","14","Low traffic","4.39","0.0","4.39","0.0","CreateShippingPlan","1","0.0","0","0","0.0","1.19","0.003531","cubic feet","Standard","0.003531","UK","gl_home_improvement","87920","4","0","0","0","4.39","29.28","36.6","43.92","51.24","0","0","0","0","0","0.0","0","0","0","0","0","0","","","","","","","","","","","","","110.2","20","2026-08-11","2026-08-09","59.3","110.2","2026-08-10","1","0","0","0","4","N","","",""
"2026-08-13","JJ250961","X002E6F9J3","B0FH435FG8","TRHDFW Wrap Around Sunglasses Y2K for Men Women Vintage Oval Sport Shades Cycling Driving Outdoor UV400 Protection","New","67","0","0","75","0","0","0","0","0","GBP","10","23","44","62","Low traffic","5.99","0.0","5.99","0.0","NoRestockExcessActionRequired","68","0.0","0","0","0.0","1.59","0.02763","cubic feet","Footwear","1.85121","UK","gl_shoes","15732","130","0","22","26","5.99","49.9","114.77","219.56","308.58","60","15","0","0","0","0.13","60","60","0","0","4","0","","","","","","","","","","","","","76.5","0","","2026-08-09","76.5","41.8","2026-08-10","127","4","0","0","294","N","","",""
"2026-08-13","JJF2509339","X002EETQ0D","B0FQHXZDQT","Hair Comb Pack of 2 Pearl Beads Side Hair Twist Comb French Twist Clips with Teeth for Fine Accessories for Women Girls","New","50","0","0","62","0","0","0","0","0","GBP","4","22","55","73","Low traffic","5.89","0.0","5.69","0.0","NoRestockExcessActionRequired","50","0.0","0","0","0.0","2.92","0.003531","cubic feet","Standard","0.17655","UK","gl_beauty","80894","118","0","23","23","5.89","19.64","108.02","270.05","358.43","62","0","0","0","0","0.11","80","40","40","0","9","0","","","","","","","","","","","","","33.4","0","","2026-08-09","33.4","22.9","2026-08-10","130","9","0","0","182","N","","",""
"2026-08-13","JJ250406","X0029U1VJ1","B0F38983BP","10 x Window Handle Striker Plate Wedges","New","22","0","0","0","24","0","0","0","0","GBP","0","0","0","1","Low traffic","7.39","0.0","7.39","0.0","Advertise listing","0","0.0","0","0","54.77","0.04","0.005085","cubic feet","Standard","0.11187","UK","gl_home_improvement","613616","366","22","","286","7.39","0.0","0.0","0.0","6.49","0","0","0","0","0","0.08","0","0","0","0","2","0","","","","","","","","","","","","","","0","","","","2190.0","2026-08-10","22","2","0","0","366","N","","",""
"2026-08-13","JJF2509282","X002EC10QN","B0FQ5B19JW","10 Pieces Ribbon Hair Bows Alligator Clips Hairbows Barrettes 3 Inch Red Ponytail Holder Cheerleading Hairpin Christmas Valentine's Day Accessories for Women Toddler Girls","New","22","0","0","27","0","0","0","0","0","GBP","1","2","8","15","Low traffic","3.59","0.0","3.59","0.0","NoRestockExcessActionRequired","14","0.0","0","0","3.86","0.85","0.003531","cubic feet","Standard","0.077682","UK","gl_beauty","173641","112","0","44","19","3.59","2.99","5.98","25.12","48.36","19","0","8","0","0","0.06","0","0","0","0","5","0","","","","","","","","","","","","","672.0","0","","2026-08-09","672.0","104.3","2026-08-10","22","4","1","0","127","N","","",""
"2026-08-13","JJ250936","X002E7TMDV","B0FPM8LMTV","UMORDUP Chrome Shower Head Holder, Adjustable 22‑25mm Slide Bar Bracket, 360° Rotation Hand Shower Replacement","New","9","0","0","0","9","0","0","0","0","GBP","0","2","5","11","Low traffic","4.49","0.0","4.49","0.0","NoRestockExcessActionRequired","0","0.0","0","0","37.65","0.81","0.003531","cubic feet","Standard","0.031779","UK","gl_home_improvement","","86","0","18","10","4.49","0.0","7.48","18.7","41.62","0","0","0","0","0","0.02","0","0","0","0","0","0","","","","","","","","","","","","","142.0","1","2026-08-09","2026-08-09","142.0","108.9","2026-08-10","9","0","0","0","86","N","","",""
"2026-08-13","JJ2509140","X002E7A8NT","B0FGQ1YBKM","Photo Corners for Scrapbook, 120 Pcs Self-Adhesive Photo Stick Corners, Mounting Corners, Picture Edge Stickers, Brown Albums DIY Craft","New","18","0","0","20","0","0","0","0","0","GBP","2","7","21","27","Low traffic","3.99","0.0","3.99","0.0","NoRestockExcessActionRequired","0","3.81","52","0","94.44","2.81","0.002768","cubic feet","Standard","0.049824","UK","gl_kitchen","412601","366","0","38","32","3.99","6.64","22.44","68.6","88.04","20","0","0","0","0","0.04","50","0","50","0","0","0","","","","","","","","","","","","","84.3","0","","2026-08-09","84.3","41.8","2026-08-10","68","0","0","0","366","N","","",""
"2026-08-13","JJ2509267","X002E74W8L","B0DCG2W6DC","JYTDBCS 6 Pack Bottle Top Sprinkler DIY Small Plastic Watering Can Plant Waterers Suitable for Drinking Bottles Seed Seedling Garden Irrigation Mini Watering Can","New","17","0","0","15","4","0","0","0","0","GBP","0","0","2","6","Low traffic","6.89","0.0","6.89","0.0","NoRestockExcessActionRequired","17","0.0","0","0","0.0","0.51","0.044852","cubic feet","Standard","0.762484","UK","gl_home","124629","366","0","","36","6.89","0.0","0.0","11.82","35.46","0","15","0","0","0","0.37","0","0","0","0","2","0","","","","","","","","","","","","","","0","","","","168.4","2026-08-10","17","2","0","0","366","N","","",""
"2026-08-13","JJ250942","X002E8I597","B0FPQ5H4L7","UMORDUP Nightmare Before Christmas Jack Sally Necklace Hypoallergenic Pendant Jewelry Women Gifts Wife Girlfriend Daughter","New","11","0","0","16","0","0","0","0","0","GBP","4","30","45","62","Low traffic","5.89","0.0","5.89","0.0","NoRestockExcessActionRequired","12","0.0","0","0","0.0","2.47","0.00134","cubic feet","Apparel","0.01474","UK","gl_jewelry","77351","50","0","5","8","5.89","19.64","147.3","220.95","304.42","1","15","0","0","0","0.01","30","0","30","0","5","0","","","","","","","","","","","","","36.6","30","2026-08-20","2026-08-09","36.6","34.1","2026-08-10","41","5","0","0","56","N","","",""
"2026-08-13","JJ2509236","X002E7QJAP","B0FMF98VDS","2-Piece Riveted Metal Punk Pointy Headband with Studs for Women's Party Supplies","New","6","0","0","7","0","0","0","0","0","GBP","2","7","14","22","Low traffic","5.86","0.0","5.86","0.0","NoRestockExcessActionRequired","0","0.0","0","0","14.31","2.05","0.020214","cubic feet","Standard","0.121284","UK","gl_beauty","","240","0","32","33","5.86","9.76","34.16","68.32","107.36","0","7","0","0","0","0.01","50","0","50","0","1","0","","","","","","","","","","","","","49.2","0","","2026-08-09","34.3","49.2","2026-08-10","56","1","0","0","244","N","","",""
"2026-08-13","JJ251038","X002FQ72ZV","B0DBQT458F","JYTDBCS Elf Ball Cufflinks, Cartoon Personalized Fashion Men's Shirt Cufflinks,Surroundings of Japanese Anime Cufflinks","New","24","0","0","24","0","0","0","0","0","GBP","4","17","31","43","Low traffic","4.59","0.0","4.59","0.0","NoRestockExcessActionRequired","24","0.0","0","0","0.0","3.37","0.00181","cubic feet","Apparel","0.04344","UK","gl_jewelry","110255","84","0","10","13","4.59","15.28","64.94","122.19","171.03","24","0","0","0","0","0.03","20","0","20","0","0","0","","","","","","","","","","","","","40.3","4","2026-08-14","2026-08-09","40.3","28.5","2026-08-10","44","0","0","0","84","N","","",""
"2026-08-13","JJ251084","X002FQ5UF5","B0DBDJ1GNT","JYTDBCS 2PCS Bowknot Hair Clip Hairnet Hairnets for Bun Bowknot Hair Clip Hair Nets for Women Bun Net for Nurse Bank Worker Air Hostess Professional Hair Bun Cover","New","19","0","0","20","0","0","0","0","0","GBP","0","14","18","21","Low traffic","4.79","0.0","4.89","0.0","NoRestockExcessActionRequired","20","0.0","0","0","0.0","1.42","0.024807","cubic feet","Standard","0.471333","UK","gl_beauty","14611","47","0","14","30","4.89","0.0","56.54","73.18","85.66","20","0","0","0","0","0.25","30","30","0","0","1","0","","","","","","","","","","","","","81.4","0","","2026-08-09","51.8","81.4","2026-08-10","49","1","0","0","127","N","","",""
"2026-08-13","JJ2509138","X002E7898F","B0FGXFLFHV","2-Pack Wall Mount Mobile Phone Charger Holder, Adhesive Remote Wall Stand for Kitchen Shower Bed, White","New","58","0","0","61","0","0","0","0","0","GBP","7","8","18","19","Low traffic","6.59","0.0","6.59","0.0","Advertise listing","0","0.0","0","0","119.48","1.14","0.025962","cubic feet","Standard","1.505796","UK","gl_wireless","","258","0","49","67","6.59","38.43","43.92","98.82","104.48","61","0","0","0","0","0.15","41","40","0","1","4","0","","","","","","","","","","","","","89.3","0","","2026-08-09","89.3","33.3","2026-08-10","99","4","0","0","366","N","","",""
"2026-08-13","JJ250973","X002E78C73","B0FGZW6JNG","Card Holder | Slim Wallet for Men Women | RFID NFC Blocking Minimalist Credit Card Holder | Small Front Pocket Wallet | Durable Stylish | Perfect Everyday Carry Accessory | Sparkle Pink","New","15","0","0","15","0","0","0","0","0","GBP","0","4","10","14","Low traffic","4.49","0.0","4.69","0.0","NoRestockExcessActionRequired","0","0.0","0","0","79.97","1.1","0.002124","cubic feet","Standard","0.03186","UK","gl_luggage","482253","72","0","15","13","4.69","0.0","15.64","39.18","55.14","1","14","0","0","0","0.04","0","0","0","0","0","0","","","","","","","","","","","","","82.2","6","2026-08-20","2026-08-09","82.2","56.1","2026-08-10","15","0","0","0","72","N","","",""
"2026-08-13","JJ2510187","X002FQO36R","B0D95WPW5V","JYTDBCS ben car key bag is suitable for glc260GLC300L buckle gla200e class c class tpu all-inclusive protective cover,mercedes key cover,mercedes a class key cover","New","22","0","0","15","7","0","0","0","0","GBP","0","2","6","9","Low traffic","4.39","0.0","4.39","0.0","NoRestockExcessActionRequired","0","0.0","0","0","67.17","0.46","0.005001","cubic feet","Standard","0.110022","UK","gl_automotive","147752","250","22","44","31","4.39","0.0","7.32","23.35","35.56","15","0","0","0","0","0.07","0","0","0","0","0","0","","","","","","","","","","","","","243.5","0","","2026-08-09","243.5","182.3","2026-08-10","22","0","0","0","250","N","","",""
"2026-08-13","JJ250408","X0029UFOJT","B0F3C82RVV","UMORDUP 3Pcs Multicolor Egg Topper Cutter, Boiled Egg Shell Opener, ABS & Stainless Steel Kitchen Tool","New","9","0","0","0","9","0","0","0","0","GBP","0","0","0","1","Low traffic","8.59","0.0","8.59","0.0","Advertise listing","0","0.0","0","0","23.17","0.11","0.008645","cubic feet","Standard","0.077805","UK","gl_kitchen","2800458","366","9","","117","8.59","0.0","0.0","0.0","7.49","0","0","0","0","0","0.05","0","0","0","0","0","0","","","","","","","","","","","","","","0","","","","819.0","2026-08-10","9","0","0","0","366","N","","",""
"2026-08-13","JJF2603014","X002J1K8AD","B0GR4DP1CJ","Silicone Chocolate Bar Sweet Moulds Candy Jelly Rectangle Baking Silicon Bakeware Shape Soap Wax Flexible Baking Mould (6 Cell 10 Section)","New","81","0","0","86","0","0","0","0","0","GBP","9","21","51","66","Low traffic","6.89","0.0","6.89","0.0","NoRestockExcessActionRequired","","","0","0","","2.78","0.028625","cubic feet","Standard","2.318625","UK","gl_kitchen","118640","41","0","15","15","6.89","51.66","120.54","290.34","375.24","86","0","0","0","0","","0","0","0","0","0","0","","","","","","","","","","","","","56.2","90","2026-08-12","2026-08-09","56.2","16.7","2026-08-10","81","0","0","0","41","N","","",""
"2026-08-13","JJ251092","X002FPMP59","B0DBZHVKZH","JYTDBCS Small Hair Clips Women, Claw Clips Mini Hair Clips Claw Non-Slip Matte Hair Clip For Girls Kids Mini Small Claw Clips For Fine Thick Thin Hair 12 Pcs","New","60","0","0","62","0","0","0","0","0","GBP","2","10","24","33","Low traffic","6.89","0.0","6.89","0.0","NoRestockExcessActionRequired","0","0.0","0","0","245.37","1.03","0.021189","cubic feet","Standard","1.27134","UK","gl_beauty","99530","209","0","24","23","6.89","11.48","57.4","137.76","189.93","50","12","0","0","0","0.89","0","0","0","0","2","0","","","","","","","","","","","","","130.3","0","","2026-08-09","130.3","78.3","2026-08-10","60","1","1","0","215","N","","",""
"2026-08-13","JJ2510132","X002FQHT13","B0DCFRKKF5","JYTDBCS 4pcs V Bicycle Brake Blocks Set 70 mm Road Bike Brake Pads,Bicycle V Brake Blocks Set,V Bike Brake Pads,for Mountain Bikes Bicycle, Hex Wrench Included","New","13","0","0","11","1","0","0","0","0","GBP","1","1","2","3","Low traffic","5.09","0.0","5.09","0.0","NoRestockExcessActionRequired","0","0.0","0","0","51.83","0.25","0.007735","cubic feet","Standard","0.100555","UK","gl_outdoors","254045","239","13","52","56","5.09","4.24","4.24","8.48","12.89","0","0","11","0","0","0.06","0","0","0","0","1","0","","","","","","","","","","","","","","0","","","","391.0","2026-08-10","13","1","0","0","264","N","","",""
"2026-08-13","JJ251054","X002FQ0CRL","B0D9NK6873","Colorful Flower Non-Slip Bathtub Strips, Bathtub Anti-Slip Adhesive Strips, Anti-Slip Tape Floor Safety Mat, With Scraper For Showering","New","8","0","0","10","0","0","0","0","0","GBP","0","8","12","20","Low traffic","4.49","0.0","4.49","0.0","NoRestockExcessActionRequired","0","0.0","0","0","38.92","1.6","0.010412","cubic feet","Standard","0.083296","UK","gl_home","562625","286","0","19","24","4.49","0.0","29.92","44.96","75.52","0","10","0","0","0","0.06","30","0","30","0","1","0","","","","","","","","","","","","","61.9","0","","2026-08-09","48.6","61.9","2026-08-10","38","1","0","0","294","N","","",""
"2026-08-13","JJF2603012","X002J0OUB7","B0GQZ52ZRW","UMORDUP 8Pcs Invisible Ring Size Reducers, Transparent Silicone Ring Size Adjusters for 1–10mm Wide Rings, Snug Fit for Adults","New","18","0","0","0","18","0","0","0","0","GBP","1","6","8","8","Low traffic","4.29","0.0","4.29","0.0","NoRestockExcessActionRequired","0","0.0","0","0","78.85","0.34","0.003531","cubic feet","Apparel","0.063558","UK","gl_jewelry","446531","136","18","12","29","4.29","3.57","21.42","28.65","28.65","0","0","0","0","0","0.04","0","0","0","0","0","0","","","","","","","","","","","","","271.0","0","","2026-08-09","106.0","271.0","2026-08-10","18","0","0","0","136","Y","Holiday Season","2026-09-19","2027-01-16"
"2026-08-13","JJ250939","X002E7BYEL","B0FPLR84QV","Exfoliating Mitt Body Scrubber, Double-Sided Glove, Shower Puff Loofah Sponge, Dual Action Gentle Scrub & Bath Sponge for Skin Cleaning","New","49","0","0","20","24","5","0","0","0","GBP","0","0","4","8","Low traffic","6.49","0.0","6.29","0.0","Lower price","49","0.0","0","0","0.0","0.24","0.003531","cubic feet","Standard","0.173019","UK","gl_drugstore","149659","","0","","112","6.29","0.0","0.0","21.64","43.28","20","0","0","5","0","0.11","20","20","0","0","0","0","","","","","","","","","","","","","","0","","","","329.4","2026-08-10","69","0","0","0","","N","","",""
"2026-08-13","JJ2509193","X002E7IO9T","B0FJ7ZHVFQ","USB Charger Compatible with Panasonic Shaver, 5.4V USB Cable for Panasonic ES-LV97, ES-LA63, ES-LA93, RE7-51, RE7-59, RE740, RE768, REGC20 etc.","New","12","0","0","0","12","0","0","0","0","GBP","0","1","1","2","Low traffic","8.69","0.0","8.89","0.0","Advertise listing","0","0.0","0","0","99.41","0.15","","","Other","","UK","gl_drugstore","","280","12","48","78","8.89","0.0","7.41","7.41","15.15","0","0","0","0","0","0.03","0","0","0","0","0","0","","","","","","","","","","","","","582.0","0","","2026-08-09","379.0","582.0","2026-08-10","12","0","0","0","280","N","","",""
"2026-08-13","JJ250950","X002E6B4AL","B0FGCZ1K2S","Flat Top Kabuki Foundation Brush - Premium Makeup for Liquid Foundation, Cream, and Powder - Buffing, Blending Brush, Face","New","44","0","0","1","44","0","0","0","0","GBP","0","0","0","2","Low traffic","5.29","0.0","4.96","0.0","NoRestockExcessActionRequired","0","0.0","0","0","213.05","0.04","0.001677","cubic feet","Standard","0.073788","UK","gl_beauty","140101","","44","","286","4.96","0.0","0.0","0.0","9.14","0","1","0","0","0","0.05","0","0","0","0","1","0","","","","","","","","","","","","","","0","","","","2040.0","2026-08-10","44","1","0","0","","N","","",""
"2026-08-13","JJ2509162","X002E7A6VN","B0FHKRSNJQ","Dog Training Lead Leash Extra Long Line, 2m Nylon Leash for Large, Medium & Small Dogs - Great for Pet Recall Training Obedience, Running, Camping, Backyard Strong lead with Metal Component (Red)","New","17","1","0","20","1","0","0","0","0","GBP","4","8","13","13","Low traffic","4.79","0.0","4.79","0.0","NoRestockExcessActionRequired","0","0.0","0","0","75.18","0.87","0.0","cubic feet","Standard","0.0","UK","gl_pet_products","59425","88","0","18","37","4.79","15.96","31.92","51.87","51.87","20","0","0","0","0","0.04","20","20","0","0","0","0","","","","","","","","","","","","","93.9","0","","2026-08-09","48.5","93.9","2026-08-10","38","0","0","0","216","N","","",""
"2026-08-13","JJ2509256","X002E7QQ6H","B0FMJD2D3T","Educational Reading Wall Decal for Kids - Hot Air Balloon and Book Design with Inspirational Quote - Removable Vinyl Sticker for Classroom, Reading Corner, Preschool, Library, or Homeschool Decor","New","57","0","0","66","0","0","0","0","0","GBP","1","9","22","27","Low traffic","5.99","0.0","5.9","0.0","NoRestockExcessActionRequired","57","0.0","0","0","1.96","1.08","0.065371","cubic feet","Standard","3.726147","UK","gl_home","","366","0","40","44","5.9","4.99","44.91","109.96","135.53","60","6","0","0","0","2.47","35","0","35","0","8","0","","","","","","","","","","","","","48.2","0","","2026-08-09","41.4","48.2","2026-08-10","92","8","0","0","366","N","","",""
"2026-08-13","JJ2509164","X002E7E295","B0FHJRSQFG","TRHDFW Fashion Sunflower Slim Business Ties for Men - Holiday Weddings & Formal Parties (8 cm wide)","New","56","0","0","41","22","0","0","0","0","GBP","0","6","13","27","Low traffic","6.59","0.0","6.79","0.0","NoRestockExcessActionRequired","28","0.0","0","0","156.61","0.61","0.010382","cubic feet","Apparel","0.581392","UK","gl_apparel","139905","291","28","37","26","6.79","0.0","33.96","74.06","155.54","41","0","0","0","0","0.11","0","0","0","0","6","0","","","","","","","","","","","","","241.0","0","","2026-08-09","241.0","141.4","2026-08-10","56","6","0","0","314","N","","",""
"2026-08-13","JJ2509218","X002E7OALF","B0FJ7ZTJ84","Anti Snore Chin Strap Devices, Comfortable Stop Snoring Solution for Sleep Chin Strap, Adjustable and Breathable Anti Snoring Devices, Suitable for Men and Women Universal Size","New","25","0","0","0","27","0","0","0","0","GBP","0","0","2","6","Low traffic","5.48","0.0","5.08","0.0","NoRestockExcessActionRequired","2","0.0","0","0","67.32","0.2","0.022887","cubic feet","Standard","0.572175","UK","gl_drugstore","","","23","","54","5.48","0.0","0.0","9.63","29.23","0","0","0","0","0","0.06","0","0","0","0","2","0","","","","","","","","","","","","","","0","","","","438.0","2026-08-10","25","2","0","0","","N","","",""
"2026-08-13","JJ2509100","X002E780F7","B0FH2HY5V1","TRHDFW Silk Bonnet for Sleeping Long Hair & Braids Extensions Hair, Satin Long Bonnet for Women, Adjustable Silk Scarf Night Cap with Tie Band, Black","New","25","0","0","29","0","0","0","0","0","GBP","5","21","41","64","Low traffic","5.09","0.0","5.09","0.0","NoRestockExcessActionRequired","21","0.0","0","0","0.0","7.54","0.041141","cubic feet","Apparel","1.028525","UK","gl_apparel","70748","46","0","10","11","5.09","21.2","87.17","168.57","260.42","29","0","0","0","0","0.04","30","30","0","0","2","0","","","","","","","","","","","","","18.8","0","","2026-08-09","18.8","14.6","2026-08-10","55","0","2","0","116","Y","Fall","2026-10-03","2027-01-16"
"2026-08-13","JJF2509352","X002EEV3JF","B0FQHGFPP4","Big Bow Barrettes 2 Pieces Soft Silky Satin Hair Clip Long Tail French Ribbon Hair Pins Metal Bowknot Clips 90's Accessories for Party Valentine's Day Women Girl (Green)","New","43","0","0","48","0","0","0","0","0","GBP","4","8","17","21","Low traffic","4.88","0.0","4.78","0.0","NoRestockExcessActionRequired","23","0.0","0","0","13.31","0.68","0.003531","cubic feet","Standard","0.151833","UK","gl_beauty","95750","236","0","21","26","4.88","16.28","32.56","69.19","85.47","0","48","0","0","0","0.1","0","0","0","0","4","0","","","","","","","","","","","","","179.4","0","","2026-08-09","179.4","129.3","2026-08-10","43","4","0","0","260","N","","",""
"2026-08-13","JJ2509130","X002E7BFRR","B0FG718MC6","2 pcs Dicer, Egg Salad Masher, Portable Breakfast Aid, Mirror Polished Hard and Durable Stainless Steel,Cut into Squares, Decorate The Meal.","New","17","0","0","0","17","0","0","0","0","GBP","1","5","8","10","Low traffic","4.39","0.0","4.39","0.0","NoRestockExcessActionRequired","3","0.0","0","0","18.48","0.44","0.005103","cubic feet","Standard","0.086751","UK","gl_kitchen","657969","72","0","13","22","4.39","3.66","18.3","29.28","36.76","0","0","0","0","0","0.03","0","0","0","0","0","0","","","","","","","","","","","","","209.6","0","","2026-08-09","83.6","209.6","2026-08-10","17","0","0","0","72","N","","",""
"2026-08-13","JJF2509293","X002EC4XML","B0FQ5HFPWZ","2 Pack French Hair Pin French Twist U Shaped Hair Pin Fork Updo Chignon HairPins For Women","New","17","0","0","15","4","0","0","0","0","GBP","1","4","6","6","Low traffic","3.79","0.0","3.79","0.0","NoRestockExcessActionRequired","0","0.0","0","0","65.97","0.3","0.003531","cubic feet","Standard","0.060027","UK","gl_beauty","110075","95","17","17","36","3.79","3.16","12.64","19.28","19.28","0","0","15","0","0","0.04","0","0","0","0","0","0","","","","","","","","","","","","","356.2","3","2026-09-04","2026-08-09","203.7","356.2","2026-08-10","17","0","0","0","95","N","","",""
"2026-08-13","JJ251055","X002FPM699","B0DBDNFZ9P","2 Pcs JYTDBCS Bow Hair Clips, Hair Bows for Women Girls, Large Bow Clips Hair Barrette Hair Accessories","New","5","0","0","5","0","0","0","0","0","GBP","0","4","8","12","Low traffic","3.59","0.0","3.59","0.0","CreateShippingPlan","0","0.0","0","0","28.4","1.37","0.011301","cubic feet","Standard","0.056505","UK","gl_beauty","196702","68","0","5","5","3.59","0.0","11.96","24.08","36.36","0","0","5","0","0","0.22","0","0","0","0","0","0","","","","","","","","","","","","","70.9","2","2026-08-27","2026-08-09","50.5","70.9","2026-08-10","5","0","0","0","68","Y","Holiday Season","2026-11-07","2027-01-16"
"2026-08-13","JJ2510173","X002FQIE5N","B0DBQHSV87","JYTDBCS Flower Birthday Candles, Number 1 Candles with Bee for Cake, Girls 1st Birthday Decorations, Yellow Glitter Birthday Candles, Honeybee Cake Candles Toppers for Girls Baby Birthday Party Decora","New","21","0","0","1","21","0","0","0","0","GBP","1","2","3","4","Low traffic","4.89","0.0","4.89","0.0","NoRestockExcessActionRequired","0","0.0","0","0","96.54","0.16","0.006241","cubic feet","Standard","0.131061","UK","gl_home","149066","239","21","42","68","4.89","4.07","8.14","12.55","16.96","0","0","1","0","0","0.09","0","0","0","0","1","0","","","","","","","","","","","","","442.6","0","","2026-08-09","351.0","442.6","2026-08-10","21","1","0","0","251","N","","",""
"2026-08-13","JJ251007","X002FPZBI7","B0DCHVGVLW","JYTDBCS Hair Donut Bun Maker, Ring Style Bun, Bun Rings for Hair Brown, 2PCS Chignon Hair Medium Doughnut Shaper for Short and Thin Hair (Medium, 3 Inch/Brown)","New","33","0","0","34","0","0","0","0","0","GBP","0","2","20","35","Low traffic","4.59","0.0","4.69","0.0","NoRestockExcessActionRequired","33","0.0","0","0","0.0","1.36","0.035865","cubic feet","Standard","1.183545","UK","gl_beauty","52333","366","0","186","34","4.69","0.0","7.98","78.36","138.77","20","0","14","0","0","0.71","60","0","60","0","1","0","","","","","","","","","","","","","401.5","0","","2026-08-09","401.5","57.2","2026-08-10","93","1","0","0","366","N","","",""
"2026-08-13","JJ2509160","X002E7B7ZR","B0FHKQKJ26","Car Panda shoulder protector Seat belt protector children's neck soft creative cartoon cute interior decoration","New","14","0","0","14","0","0","0","0","0","GBP","1","7","20","24","Low traffic","5.79","0.0","5.79","0.0","CreateShippingPlan","0","0.0","0","0","74.2","2.04","0.035754","cubic feet","Standard","0.500556","UK","gl_automotive","51729","42","0","8","7","5.79","4.82","33.26","94.8","114.08","14","0","0","0","0","0.03","0","0","0","0","0","1","","","","","","","","","","","","","47.6","13","2026-08-09","2026-08-09","39.5","47.6","2026-08-10","14","0","0","0","42","N","","",""
"2026-08-13","JJ250943","X002E7HJ2R","B0FPLWFTP4","UMORDUP 3Pcs Egg Topper Opener Set for Hard-Boiled Eggs Stainless Steel Blade ABS Shell Green Blue Yellow","New","29","0","0","0","30","0","0","0","0","GBP","0","0","0","0","Low traffic","7.29","0.0","6.89","0.0","Lower price","0","0.0","0","0","155.82","0.0","0.003531","cubic feet","Standard","0.102399","UK","gl_kitchen","960846","366","29","","","6.89","0.0","0.0","0.0","0.0","0","0","0","0","0","0.07","0","0","0","0","1","0","","","","","","","","","","","","","","0","","","","","2026-08-10","29","1","0","0","366","N","","",""
"2026-08-13","JJ251061","X002FPXK7V","B0DCG5NPPV","JYTDBCS 2 Pack Applicator Bottle for Hair, 8.5oz Hair Color Applicator Bottle Twist-On Top Tip Cap Hair Oil Applicator, Plastic Squeeze Bottle Root Hair Dye Bottle with Graduated Scale","New","28","0","0","29","0","0","0","0","0","GBP","1","6","13","20","Low traffic","5.59","0.0","5.59","0.0","NoRestockExcessActionRequired","0","4.97","52","0","115.69","1.21","0.0707","cubic feet","Standard","1.9796","UK","gl_home","139089","252","0","35","34","5.59","4.66","27.96","60.04","91.23","20","9","0","0","0","0.21","25","5","20","0","1","0","","","","","","","","","","","","","131.5","0","","2026-08-09","131.5","58.4","2026-08-10","53","0","1","0","285","N","","",""
"2026-08-13","JJ2509115","X002E6XU67","B0FG738NHW","2-Piece Cocktail Strainer Stainless Steel Sieves, Conical Strainer with Handle, Metal Fine Mesh Sieve for Filtering Cocktails, Tea, Juice, Coffee, Flour, Sugar","New","41","0","0","20","21","0","0","0","0","GBP","0","0","1","7","Low traffic","6.19","0.0","5.89","0.0","Lower price","41","0.0","0","0","0.68","0.21","0.003531","cubic feet","Standard","0.144771","UK","gl_kitchen","481963","","0","","76","5.89","0.0","0.0","5.32","38.38","0","20","0","0","0","0.07","0","0","0","0","0","0","","","","","","","","","","","","","","0","","","","371.0","2026-08-10","41","0","0","0","","N","","",""
"2026-08-13","JJ251053","X002FQ5P8R","B0D9D495C4","JYTDBCS Gamer matching keyring for husband and wife, 2PCs Funny Gamer Keyring Boyfriend Gifts from Girlfriend Matching Couple Gifts For Man Husband Gift from Wife Valentine Birthday Gifts Anniversary","New","7","0","0","0","7","0","0","0","0","GBP","0","1","2","2","Low traffic","3.59","0.0","3.59","0.0","NoRestockExcessActionRequired","0","0.0","0","0","28.25","0.13","2.54E-4","cubic feet","Apparel","0.001778","UK","gl_apparel","","120","7","28","45","3.59","0.0","2.99","5.98","5.98","0","0","0","0","0","0.0","0","0","0","0","0","0","","","","","","","","","","","","","747.5","0","","2026-08-09","364.0","747.5","2026-08-10","7","0","0","0","120","N","","",""
"2026-08-13","JJ2509206","X002E7CK6R","B0FJ8JYB5B","Artificial Fishing Worms Night Crawlers, Trout Worms, 10cm Worm Shaped Fishy Smell Soft Lure Baits with Box for Anglers Bait Earthworm","New","26","0","0","28","0","0","0","0","0","GBP","1","5","13","22","Low traffic","4.99","0.0","4.59","0.0","NoRestockExcessActionRequired","26","0.0","0","0","0.51","0.97","0.007063","cubic feet","Standard","0.183638","UK","gl_sports","35182","366","0","20","15","4.59","4.16","20.8","54.08","91.59","0","28","0","0","0","0.06","0","0","0","0","1","0","","","","","","","","","","","","","217.8","0","","2026-08-09","217.8","74.7","2026-08-10","26","1","0","0","366","N","","",""
"2026-08-13","JJF2509285","X002EBZWT5","B0FQ5GB92M","3 PCS Men's Sweat Bands - Sport Head Bands for Men - Workout Headbands for Women - Running Headband - Tennis Athletic Sweatband - Sports Headband Mens - Running Basketball","New","30","0","0","1","25","4","0","0","0","GBP","0","0","0","4","Low traffic","4.99","0.0","4.69","0.0","NoRestockExcessActionRequired","4","0.0","0","0","87.34","0.13","0.027513","cubic feet","Standard","0.82539","UK","gl_sports","268045","","26","","97","4.69","0.0","0.0","0.0","16.96","0","1","0","4","0","0.55","0","0","0","0","0","0","","","","","","","","","","","","","","0","","","","543.2","2026-08-10","30","0","0","0","","N","","",""
"2026-08-13","JJ2509189","X002E7IPYX","B0FJ846T5G","[Apple MFi Certified] iPhone SD Card Reader, Lightning to SD Card Camera Reader for iPhone/iPad Memory Card Adapter Camera Card Viewer Reader for iPhone 14/13/12/11/X/XS/XR/8/7 iPad, Plug and Play","New","49","0","0","49","0","0","0","0","0","GBP","0","3","3","10","Low traffic","9.09","0.0","9.29","0.0","Advertise listing","0","0.0","0","0","354.97","0.43","0.002472","cubic feet","Standard","0.121128","UK","gl_electronics","88099","366","0","65","63","9.29","0.0","23.22","23.22","79.71","20","20","9","0","0","0.12","0","0","0","0","0","0","","","","","","","","","","","","","433.7","0","","2026-08-09","433.7","159.1","2026-08-10","49","0","0","0","366","N","","",""
"2026-08-13","JJ2510155","X002FQGOR3","B0D7VWKBH7","JYTDBCS Makeup Bag Small Portable Protective Case Mini Cosmetic Bag Sundries Lipstick Storage Bag Black","New","16","0","0","0","16","0","0","0","0","GBP","0","0","0","0","Low traffic","6.49","0.0","5.89","0.0","Lower price","0","0.0","0","0","75.38","0.0","0.017905","cubic feet","Standard","0.28648","UK","gl_luggage","285385","","16","","","5.89","0.0","0.0","0.0","0.0","0","0","0","0","0","0.2","0","0","0","0","0","0","","","","","","","","","","","","","","0","","","","","2026-08-10","16","0","0","0","","N","","",""
"2026-08-13","JJ251083","X002FPVV1D","B0D7ZW3GBV","JYTDBCS Curved Barbell Eyebrow Lip Ring Rook Daith Helix Bars 8mm Stainless Steel 16G Piercing Banana Silver Gold Eyebrow Piercing Jewellery,stainless steel rook jewellery","","0","0","0","0","0","1","0","0","0","GBP","0","1","6","8","","0.0","0.0","0.0","0.0","CreateShippingPlan","","","0","0","","0.84","0.001022","cubic feet","Apparel","0.0","UK","gl_jewelry","480294","0","0","0","0","3.39","0.0","2.82","16.92","22.9","0","0","0","1","0","","0","0","0","0","1","0","","","","","","","","","","","","","93.2","7","2026-08-12","2026-08-09","30.5","93.2","2026-08-10","0","1","0","0","12","N","","",""
"2026-08-13","JJF2509333","X002EETS7J","B0FQHYWMP5","UMORDUP 10Pcs Black Bow Hair Clips, 3 Inch Solid Pinwheel Hair Slides for Women, Stylish Hair Accessories for Daily & Party Hairstyling","","0","0","0","2","0","0","0","0","0","GBP","3","8","18","24","Low traffic","0.0","0.0","3.09","0.0","CreateShippingPlan","","","0","0","","4.84","0.003531","cubic feet","Standard","0.0","UK","gl_beauty","106665","0","0","0","0","3.09","7.71","20.56","45.54","60.65","0","2","0","0","0","","0","0","0","0","1","0","","","","","","","","","","","","","33.2","18","2026-08-11","2026-08-09","33.2","15.2","2026-08-10","0","1","0","0","4","N","","",""
"2026-08-13","JJF2509278","X002EBYC6J","B0FQ58TX3V","Pearl Headbands for Women Elegant Headbands Pink Faux Pearl Headband Cute Fancy Head Band for Teen Girls Hair Styling Accessories for Birthday Wedding","New","14","0","0","17","0","0","0","0","0","GBP","3","14","24","32","Low traffic","5.99","0.0","5.99","0.0","NoRestockExcessActionRequired","14","0.0","0","0","0.0","3.28","0.003531","cubic feet","Standard","0.049434","UK","gl_beauty","134317","80","0","12","17","5.99","14.97","69.86","119.76","159.68","17","0","0","0","0","0.02","30","0","30","0","1","0","","","","","","","","","","","","","20.4","6","2026-08-14","2026-08-09","17.7","20.4","2026-08-10","44","1","0","0","82","N","","",""
"2026-08-13","JJ251057","X002FQ0AB9","B0D89ZRLK1","JYTDBCS Classic sunglasses Trend Sunglasses Men's sunglasses UV protection glasses,men's eyewear & accessories,sunglasses men","New","58","0","0","61","0","0","0","0","0","GBP","3","25","63","85","Low traffic","4.79","0.0","4.79","0.0","NoRestockExcessActionRequired","8","4.08","27","0","76.89","3.21","0.013832","cubic feet","Footwear","0.802256","UK","gl_shoes","196309","189","0","20","19","4.79","11.97","99.75","244.76","321.54","61","0","0","0","0","0.44","70","0","70","0","3","0","","","","","","","","","","","","","32.0","0","","2026-08-09","32.0","25.9","2026-08-10","128","3","0","0","194","N","","",""
"2026-08-13","JJ250407","X0029TYCI9","B0F389PJMM","2 Pieces Fish Bone Tweezers, Stainless Steel Flat and Slant Tweezers Pliers Remover Tool","New","14","0","0","0","14","0","0","0","0","GBP","","","","","Low traffic","7.59","0.0","7.59","0.0","Advertise listing","0","0.0","0","0","39.66","0.0","0.014126","cubic feet","Standard","0.197764","UK","gl_home_improvement","","","14","","","7.59","","","","","0","0","0","0","0","0.14","0","0","0","0","0","0","","","","","","","","","","","","","","0","","","","","2026-08-10","14","0","0","0","","N","","",""
"2026-08-13","JJ2509126","X002E76T4B","B0FG7GHX2X","2psc Ball Grabber and Body Piercing Tool - Jewelry Holder for Beads, Diamonds - Perfect for Piercings","New","3","0","0","0","2","0","0","0","0","GBP","12","20","20","21","Low traffic","3.59","0.0","3.59","0.0","CreateShippingPlan","0","0.0","0","0","11.43","1.18","0.004665","cubic feet","Other","0.013995","UK","gl_kitchen","57494","5","0","0","1","3.59","35.03","57.59","57.59","60.75","0","0","0","0","0","0.0","0","0","0","0","0","0","","","","","","","","","","","","","119.3","34","2026-08-11","2026-08-09","41.5","119.3","2026-08-10","3","0","0","0","5","N","","",""
"2026-08-13","JJ2510100","X002FQ6QGR","B0D7PF4JPL","Round sponge seal super absorbent sponge brush art painting diy tool gouache watercolor graffiti painting，paint sponges，art sponges，painting sponge","New","3","0","0","6","0","0","0","0","0","GBP","3","10","15","22","Low traffic","2.99","0.0","2.99","0.0","CreateShippingPlan","0","0.0","0","0","19.04","1.73","0.03235","cubic feet","Standard","0.09705","UK","gl_home","235424","8","0","1","1","2.99","7.47","24.9","37.86","56.48","6","0","0","0","0","0.07","0","0","0","0","1","0","","","","","","","","","","","","","56.6","19","2026-08-12","2026-08-09","25.8","56.6","2026-08-10","3","1","0","0","11","N","","",""
"2026-08-13","JJ2509213","X002E7M5JJ","B0FJ81NP7W","2Pcs Collapsible Paint Brush Washer, Silicone Water Pot for Painting, Foldable Washing Bucket for Watercolor Acrylic Oil Painting, Portable Brush Cleaner(pink and blue)","New","14","1","0","0","17","0","0","0","0","GBP","6","11","12","14","Low traffic","5.99","0.0","5.99","0.0","NoRestockExcessActionRequired","15","0.0","0","0","0.0","0.45","0.003531","cubic feet","Standard","0.049434","UK","gl_home","82249","62","0","5","13","5.99","29.94","54.89","59.88","70.36","0","0","0","0","0","0.03","0","0","0","0","1","0","","","","","","","","","","","","","317.4","10","2026-08-30","2026-08-09","155.8","317.4","2026-08-10","15","1","0","0","68","N","","",""
"2026-08-13","JJ251020","X002FPYSKT","B0DBDQ38SW","JYTDBCS Ladies Lace Floral Elegant Short Gloves","New","7","0","0","1","9","0","0","0","0","GBP","2","8","9","10","Low traffic","5.99","0.0","5.99","0.0","NoRestockExcessActionRequired","0","0.0","0","0","41.21","0.62","0.007063","cubic feet","Apparel","0.049441","UK","gl_apparel","245906","34","0","3","9","5.99","9.98","39.92","45.16","50.4","1","0","0","0","0","0.03","0","0","0","0","1","0","","","","","","","","","","","","","150.9","10","2026-08-12","2026-08-09","52.6","150.9","2026-08-10","7","1","0","0","40","N","","",""
"2026-08-13","JJ2509235","X002E7NFUH","B0FMFC2CP5","Chin Strap for Sleeping Reusable Lift Mask Jaw Support Breathable Comfortable Enhance Jawline Suitable Women Men Pink","New","77","0","0","80","0","0","0","0","0","GBP","0","3","16","45","Low traffic","6.29","0.0","6.49","0.0","NoRestockExcessActionRequired","77","0.0","0","0","0.0","0.99","0.011268","cubic feet","Standard","0.867636","UK","gl_beauty","139949","229","0","102","22","6.49","0.0","16.23","86.56","243.45","1","79","0","0","0","0.53","0","0","0","0","3","0","","","","","","","","","","","","","594.5","0","","2026-08-09","594.5","89.2","2026-08-10","77","2","1","0","237","N","","",""
"2026-08-13","JJF2509301","X002ECTSNZ","B0FQ5LLY55","Spiral Hairpin, Bride Hairpin Crystal Rhinestone Swirl Pearl Wedding Hair Accessory For Women Girls Wedding Bride Party (24 PCS)","New","23","0","0","26","0","0","0","0","0","GBP","2","5","25","42","Low traffic","3.89","0.0","3.89","0.0","NoRestockExcessActionRequired","7","0.0","0","0","4.81","4.97","0.058011","cubic feet","Standard","1.334253","UK","gl_beauty","125816","226","0","50","19","3.89","6.65","16.88","91.68","151.26","26","0","0","0","0","0.05","40","0","40","0","0","0","","","","","","","","","","","","","101.9","0","","2026-08-09","101.9","25.4","2026-08-10","63","0","0","0","226","N","","",""
"2026-08-13","JJ2509153","X002E7DTP3","B0FHPG5CGC","50pcs Curtain Track Rollers Twin Wheeled Curtain Track Rollers Pulleys Rail Gliders Silent Pulley For Ceiling(White)","New","26","0","0","21","7","0","0","0","0","GBP","0","1","2","10","Low traffic","7.29","0.0","7.19","0.0","NoRestockExcessActionRequired","26","0.0","0","0","0.0","0.51","0.023213","cubic feet","Standard","0.603538","UK","gl_home","125149","366","0","104","33","7.19","0.0","6.41","12.98","65.54","0","20","1","0","0","0.06","0","0","0","0","2","0","","","","","","","","","","","","","845.0","0","","2026-08-09","845.0","149.6","2026-08-10","26","2","0","0","366","N","","",""
"2026-08-13","JJ2510186","X002FQJF65","B0DCG36T93","JYTDBCS 5 in 1 Carbide Nail Drill Bit Fast Remove Acrylic Nails Professional 3/32"" Electric Nail Drill Tungsten Steel Bits Manicure Pedicure Professional Salon Tool","New","1","0","0","2","0","0","0","0","0","GBP","5","22","28","38","Low traffic","4.89","0.0","4.89","0.0","NoRestockExcessActionRequired","0","4.79","48","0","4.93","4.22","0.001766","cubic feet","Standard","0.001766","UK","gl_beauty","75652","64","0","9","17","4.89","20.35","87.62","111.24","151.14","0","2","0","0","0","0.0","50","30","20","0","0","0","","","","","","","","","","","","","31.7","0","","2026-08-09","25.1","31.7","2026-08-10","51","0","0","0","158","N","","",""
"2026-08-13","JJ2509249","X002E7OK1P","B0FMHX758C","Trangia Ultralight Stainless Steel Cross Rack Bracket for Tent Pot Outdoor Camping Use","New","40","0","0","40","0","0","0","0","0","GBP","0","1","2","9","Low traffic","5.19","0.0","4.99","0.0","NoRestockExcessActionRequired","40","0.0","0","0","0.0","0.29","1.02E-4","cubic feet","Standard","0.00408","UK","gl_kitchen","80636","366","0","160","57","4.99","0.0","4.49","8.98","42.72","3","37","0","0","0","0.09","0","0","0","0","0","0","","","","","","","","","","","","","1194.0","0","","2026-08-09","1194.0","207.3","2026-08-10","40","0","0","0","366","N","","",""
"2026-08-13","JJ2509147","X002E6XTZ9","B0FHGPX7ZS","TRHDFW Swimming Goggles Adult Unisex Swim Goggles, No Leaking Anti Fog UV Protection Soft Goggles swimming for Men, Women, Junior and Kids","New","56","1","0","63","0","0","0","0","0","GBP","6","15","20","35","Low traffic","6.09","0.0","6.09","0.0","NoRestockExcessActionRequired","26","4.94","20","0","7.19","0.83","0.003531","cubic feet","Standard","0.197736","UK","gl_sports","46249","165","0","14","20","6.09","30.42","76.05","102.42","178.35","20","43","0","0","0","0.14","0","0","0","0","5","0","","","","","","","","","","","","","207.7","0","","2026-08-09","207.7","110.9","2026-08-10","57","4","1","0","180","N","","",""
"2026-08-13","JJ251050","X002FQ0C4J","B0D9LRKMPY","JYTDBCS 10 PCS Plastic Sink Strainer,White Shower Drain Bath sink strainer,Plastic sink strainer，Shower Plughole Cover Protector Shower Drain Cover Sink Stopper Drain Filter for Kitchen Bathroom","New","45","0","0","45","0","0","0","0","0","GBP","3","23","31","42","Low traffic","4.99","0.0","4.99","0.0","NoRestockExcessActionRequired","14","4.66","22","0","2.41","1.33","0.021189","cubic feet","Standard","0.953505","UK","gl_home","282804","79","0","13","23","4.99","12.48","92.96","124.48","167.49","45","0","0","0","0","0.61","30","30","0","0","0","0","","","","","","","","","","","","","57.0","0","","2026-08-09","40.0","57.0","2026-08-10","75","0","0","0","139","N","","",""
"2026-08-13","JJ2510163","X002FQBUEP","B0DB1ZKKK1","JYTDBCS Silver Heart Bracelet Silver Bracelet for Women Layered Charm Bracelets for Women Ladies Silver Bracelets Friendship Bracelets Women's Jewellery","","0","0","0","0","1","0","0","0","0","GBP","0","0","1","2","","0.0","0.0","4.09","0.0","CreateShippingPlan","","","0","0","","0.2","3.81E-4","cubic feet","Apparel","0.0","UK","gl_jewelry","95538","","0","","0","4.09","0.0","0.0","3.41","6.9","0","0","0","0","0","","0","0","0","0","0","0","","","","","","","","","","","","","","1","2026-08-10","","","485.5","2026-08-10","0","0","0","0","","N","","",""
"2026-08-13","JJ2509203","X002E7DXTP","B0FJ7ZWVF9","2 Pairs Snap on Veneers Dentures Fake Teeth, Temporary Veneers Teeth Top and Bottom Set, False Teeth Clip in Veneers Kit Comfortable Dentures for Men and Women Regain Confident Smile","New","9","0","0","10","0","0","0","0","0","GBP","9","15","17","30","Low traffic","5.98","0.0","5.98","0.0","NoRestockExcessActionRequired","9","0.0","0","0","0.0","2.0","0.00574","cubic feet","Standard","0.05166","UK","gl_drugstore","44421","72","0","7","12","5.98","44.82","74.87","85.51","154.67","1","9","0","0","0","0.01","20","0","20","0","0","0","","","","","","","","","","","","","98.2","17","2026-08-30","2026-08-09","98.2","63.1","2026-08-10","29","0","0","0","72","N","","",""
"2026-08-13","JJ2509183","X002E77ORR","B0FHPVGRXJ","TRHDFW Golf Ball Suction Cup, Silicone Pick Up Tool Suction Cup Grabber Retriever, Training Accessories,","New","34","0","0","31","3","0","0","0","0","GBP","1","4","8","14","Low traffic","5.59","0.0","5.59","0.0","NoRestockExcessActionRequired","34","0.0","0","0","1.15","0.78","0.003531","cubic feet","Standard","0.120054","UK","gl_sports","61926","233","0","34","31","5.59","4.66","18.64","37.92","67.01","31","0","0","0","0","0.08","0","0","0","0","0","0","","","","","","","","","","","","","312.7","0","","2026-08-09","312.7","127.0","2026-08-10","34","0","0","0","233","N","","",""
"2026-08-13","JJF2603005","X002J0GUZV","B0GQYB4GQW","Face Hair Remover,Manual Portable Epilator, Threading Hair Removal,Beauty Epilator Beauty Tools, for Women Face Hair Removing (Purple)","New","4","0","0","11","0","0","0","0","0","GBP","17","66","76","89","Low traffic","6.59","0.0","6.59","0.0","CreateShippingPlan","","","0","0","","6.11","0.003531","cubic feet","Standard","0.014124","UK","gl_personal_care_appliances","30043","1","0","2","4","6.59","93.33","357.41","410.61","479.77","11","0","0","0","0","","30","30","0","0","5","1","","","","","","","","","","","","","11.7","114","2026-08-12","2026-08-09","9.6","11.7","2026-08-10","34","2","3","0","21","N","","",""
"2026-08-13","JJF2509337","X002EEPPJ9","B0FQJ6X75S","UMORDUP 2Pcs Satin Bow Hair Clips Elegant French Barrettes for Women Black & Beige","","0","0","0","1","0","0","0","0","0","GBP","0","0","6","6","","0.0","0.0","0.0","0.0","CreateShippingPlan","","","0","0","","0.3","0.003531","cubic feet","Standard","0.0","UK","gl_beauty","65083","0","0","","0","3.49","0.0","0.0","14.46","14.46","0","1","0","0","0","","0","0","0","0","0","0","","","","","","","","","","","","","348.3","8","2026-07-30","2026-08-09","94.0","348.3","2026-08-10","0","0","0","0","0","N","","",""
"2026-08-13","JJ2509121","X002E76QUX","B0FGNRDX9Q","TRHDFW Portable Billiard Chalk Holder Snooker Chalk Bag PU Pouch Accessory Black","New","32","0","0","32","0","0","0","0","0","GBP","3","7","12","15","Low traffic","4.79","0.0","4.79","0.0","NoRestockExcessActionRequired","32","0.0","0","0","0.0","0.69","0.003531","cubic feet","Standard","0.112992","UK","gl_sports","44897","125","0","18","27","4.79","11.97","27.93","48.46","60.67","22","0","10","0","0","0.07","0","0","0","0","0","0","","","","","","","","","","","","","145.5","0","","2026-08-09","145.5","128.2","2026-08-10","32","0","0","0","125","Y","Holiday Season","2026-11-07","2027-02-06"
"2026-08-13","JJ2509264-1","X002J5BOW5","B0GRV3NLH5","Universal Pram Accessory - Phone & Coffee Cup Holder for Pushchair, Stroller, Buggy","New","50","0","0","51","0","0","0","0","0","GBP","5","15","37","51","","7.59","0.0","7.59","0.0","NoRestockExcessActionRequired","50","0.0","0","0","0.0","2.82","0.014099","cubic feet","Standard","0.70495","UK","gl_automotive","12521","112","0","21","20","7.59","31.6","94.8","232.1","317.08","51","0","0","0","0","0.16","30","30","0","0","0","0","","","","","","","","","","","","","48.3","0","","2026-08-09","48.3","27.0","2026-08-10","80","0","0","0","184","N","","",""
"2026-08-13","JJ2509128","X002E798EJ","B0FG77HJ1N","Letter Openers, Retro Envelope Opener Knife Lightweight Hand-Made Envelope Cutter","New","10","0","0","10","0","0","0","0","0","GBP","1","7","11","14","Low traffic","4.79","0.0","4.79","0.0","NoRestockExcessActionRequired","10","0.0","0","0","0.0","1.13","0.002644","cubic feet","Standard","0.02644","UK","gl_kitchen","55584","69","0","22","37","4.79","3.99","27.93","43.89","55.86","0","10","0","0","0","0.01","30","30","0","0","0","0","","","","","","","","","","","","","88.9","0","","2026-08-09","62.3","88.9","2026-08-10","40","0","0","0","272","N","","",""
"2026-08-13","JJ2510201","X002FQLF3B","B0D9643F8G","JYTDBCS Anti-Vibration Lift Stand for Washing Machines, Bottom Raising, Soundproof/Vibration Proof, Washing Machine and Refrigerator Stand, Height Adjustment, Vibration Absorption, Noise Reduction,","New","21","0","0","21","0","0","0","0","0","GBP","1","7","15","21","Low traffic","7.29","0.0","7.29","0.0","NoRestockExcessActionRequired","0","0.0","0","0","281.17","0.98","0.072452","cubic feet","Standard","1.521492","UK","gl_home","234212","113","0","22","24","7.29","6.07","42.49","91.05","127.47","0","15","6","0","0","1.06","18","18","0","0","0","0","","","","","","","","","","","","","107.1","0","","2026-08-09","94.0","107.1","2026-08-10","39","0","0","0","227","N","","",""
"2026-08-13","JJ2509220","X002E7JYXJ","B0FJ8FSKDZ","Seal for DeLonghi Coffee Machine Sealing Ring for Dedica EC680 EC685 EC820 EC850 EC860 EC933","New","24","0","0","27","0","0","0","0","0","GBP","6","24","50","65","Low traffic","8.8","0.0","8.6","0.0","NoRestockExcessActionRequired","24","0.0","0","0","0.0","3.38","0.001766","cubic feet","Standard","0.042384","UK","gl_kitchen","","61","0","10","12","8.8","43.98","175.92","366.5","476.45","27","0","0","0","0","0.04","40","0","40","0","2","0","","","","","","","","","","","","","34.0","39","2026-09-02","2026-08-09","34.0","27.8","2026-08-10","64","1","1","0","62","N","","",""
"2026-08-13","JJ2509134","X002E78ZX9","B0FGPRZS16","4 Pcs Silicone Lids Food Covers, 10cm Drink Cup Anti Dust Mug, Reusable Silicone TeaLid, Round Universal Cover for Home Outdoors Tea Coffee Wine Glasses Mugs Drink","New","18","0","0","15","0","5","0","0","0","GBP","7","7","7","9","Low traffic","6.19","0.0","6.19","0.0","NoRestockExcessActionRequired","3","0.0","0","0","12.63","0.34","0.022515","cubic feet","Standard","0.40527","UK","gl_home","253524","366","15","10","26","6.19","36.12","36.12","36.12","46.6","0","0","15","5","0","0.26","0","0","0","0","0","0","","","","","","","","","","","","","511.8","0","","2026-08-09","372.5","511.8","2026-08-10","18","0","0","0","366","N","","",""
"2026-08-13","JJ250985","X002E74BXH","B0FH1NPHP9","Large Velvet Soft Self-Tanning Mitt | Double-Sided with Stain-Protection Lining | Streak-Free Tan Finish | Full-Body and Face Application | Machine-Washable and Reusable","New","14","0","0","17","0","0","0","0","0","GBP","2","14","24","35","Low traffic","4.49","0.0","4.49","0.0","NoRestockExcessActionRequired","0","0.0","0","0","101.77","2.09","0.0275","cubic feet","Standard","0.385","UK","gl_beauty","116600","107","0","12","16","4.49","7.48","52.36","89.76","130.9","16","1","0","0","0","0.31","30","15","15","0","3","0","","","","","","","","","","","","","35.0","0","","2026-08-09","24.7","35.0","2026-08-10","44","3","0","0","178","N","","",""
"2026-08-13","JJF2509324","X002EDZBCB","B0FQC6QMLL","UMORDUP 30 Pack Mini Hair Claw Clips, Plastic and Metal Non-Slip Small Hair Clamps, Black Hair Accessories for Women and Adults","New","61","0","0","64","0","0","0","0","0","GBP","4","14","32","42","Low traffic","3.89","0.0","3.89","0.0","NoRestockExcessActionRequired","13","0.0","0","0","105.47","1.85","0.003531","cubic feet","Standard","0.215391","UK","gl_beauty","125910","113","0","23","25","3.89","12.96","45.36","103.2","135.6","64","0","0","0","0","0.15","20","20","0","0","3","1","","","","","","","","","","","","","29.5","0","","2026-08-09","29.5","26.5","2026-08-10","81","3","0","0","173","N","","",""
"2026-08-13","JJ251032","X002FQ0SXT","B0D8HX3Q32","JYTDBCS Monochrome Side Decal Flower Headscarf hat Muslim bun hat Women's Monthly hat Chemo Headwear for Women UK,Chemo Hats for Women UK Head Wraps for Black Women Headscarf for Women's Hair Chemo","New","11","0","0","0","11","0","0","0","0","GBP","0","0","0","0","Low traffic","5.49","0.0","4.59","0.0","Lower price","0","4.99","52","0","56.85","0.0","0.007063","cubic feet","Apparel","0.077693","UK","gl_apparel","551771","","11","","","4.59","0.0","0.0","0.0","0.0","0","0","0","0","0","0.04","0","0","0","0","0","0","","","","","","","","","","","","","","0","","","","","2026-08-10","11","0","0","0","","N","","",""
"2026-08-13","JJ2509211","X002E7Q379","B0FJ7YYXNQ","5V Shaver Charger Converter Compatible with Philips One Blade QP2824/ QP2724/ QP2734/ QP2834/ S3145/ S5887/ S7887/ MG5950/ MG7950/, Type-C Shaver Power Replacement Adapter","","0","0","0","1","8","0","0","0","0","GBP","1","4","6","6","Low traffic","0.0","0.0","4.29","0.0","CreateShippingPlan","","","0","0","","0.25","0.003531","cubic feet","Standard","0.0","UK","gl_drugstore","","0","0","0","0","4.29","3.57","14.28","21.42","21.42","0","1","0","0","0","","0","0","0","0","9","0","","","","","","","","","","","","","456.2","0","","2026-08-09","186.7","456.2","2026-08-10","0","9","0","0","106","N","","",""
"2026-08-13","JJ2510162","X002FQI57F","B0D9JZX9VZ","JYTDBCS Rabbits Harness With Elastic Lead, Adjustable Rabbit Harness And Lead Set, Mesh Vest For Hamsters Small Cats Guinea Pig Walking, Rabbit Harness And Lead Set","New","15","0","0","0","15","0","0","0","0","GBP","0","0","0","1","Low traffic","5.79","0.0","5.69","0.0","Advertise listing","0","0.0","0","0","71.94","0.07","0.018364","cubic feet","Standard","0.27546","UK","gl_pet_products","66384","","15","","195","5.79","0.0","0.0","0.0","4.91","0","0","0","0","0","0.19","0","0","0","0","0","0","","","","","","","","","","","","","","0","","","","1365.0","2026-08-10","15","0","0","0","","N","","",""
"2026-08-13","JJ2509178","X002E7E8WB","B0FHK121JG","TRHDFW 3 Pack Aesthetic Phone Charms Cell Charms Cute Charm Pink Butterfly Heart Shape Charm for Bag Purse Backpack Camera Decor","New","15","0","0","15","0","0","0","0","0","GBP","3","6","7","14","Low traffic","4.89","0.0","4.89","0.0","NoRestockExcessActionRequired","0","0.0","0","0","62.93","1.21","0.005028","cubic feet","Apparel","0.07542","UK","gl_jewelry","","82","0","10","13","4.89","12.21","24.42","28.66","58.34","15","0","0","0","0","0.04","0","0","0","0","0","0","","","","","","","","","","","","","74.7","5","2026-08-14","2026-08-09","74.7","68.9","2026-08-10","15","0","0","0","82","N","","",""
"2026-08-13","JJ2509205","X002E7MVZ7","B0FJ8BXMB3","- Diamond Bit - Flame (Red Ring) I Attachment for Nail Cutters I Bits for Apparative Manicures and Pedicures I Grinding Attachment for Electric Grinders I Nail Drill Bit (FA10R023/10)","New","22","0","0","20","2","0","0","0","0","GBP","0","11","15","29","Low traffic","3.79","0.0","3.99","0.0","NoRestockExcessActionRequired","22","0.0","0","0","0.0","1.4","0.003573","cubic feet","Standard","0.078606","UK","gl_beauty","129213","61","0","18","23","3.99","0.0","36.52","50.16","97.9","20","0","0","0","0","0.05","30","30","0","0","0","0","","","","","","","","","","","","","66.8","0","","2026-08-09","66.2","66.8","2026-08-10","52","0","0","0","153","N","","",""
"2026-08-13","JJ2509187","X002E7LAB3","B0FJ8284FL","Self-Adhesive Wrap Tape, 5mX1cm Breathable Cohesive Bandage Wrap Tape for Securing a Variety of Catheters, for Thumb Protection, Splinting, Wrist Support, Goalkeeper Finger Tape","New","23","0","0","20","4","0","0","0","0","GBP","1","3","4","7","Low traffic","3.49","0.0","3.49","0.0","NoRestockExcessActionRequired","0","0.0","0","0","68.13","0.4","0.002118","cubic feet","Standard","0.048714","UK","gl_drugstore","","366","23","30","42","3.49","2.91","8.73","11.8","21.28","0","20","0","0","0","0.06","0","0","0","0","1","0","","","","","","","","","","","","","262.3","0","","2026-08-09","262.3","246.3","2026-08-10","23","1","0","0","366","N","","",""
"2026-08-13","JJ2509132","X002E7AYTR","B0FG83DY17","2psc 10mm Navy Blue Ribbon for Gift Packaging 22m Deep Blue Thin Fabric Ribbon for Gift Packaging Christmas Cake Bow Bouquet Flower Shop Making Wedding Car Decoration","New","24","0","0","20","4","0","0","0","0","GBP","0","11","14","15","Low traffic","3.39","0.0","3.39","0.0","NoRestockExcessActionRequired","0","0.0","0","0","83.71","0.78","0.001766","cubic feet","Standard","0.042384","UK","gl_office_product","","117","24","19","46","3.39","0.0","31.02","39.82","42.64","20","0","0","0","0","0.05","30","30","0","0","0","0","","","","","","","","","","","","","105.6","0","","2026-08-09","37.5","105.6","2026-08-10","54","0","0","0","285","N","","",""
"2026-08-13","JJ2509154","X002E7BSLF","B0FHK1PD6C","Multifunction Pill Cutter, 4 in 1 Pill Splitter Crusher Box Tablet Cutter Compact Portable Pill Crusher Grinder Perfect Pill Splitter for Tablets Small Pills Fine Powder Travel","New","27","0","0","0","27","0","0","0","0","GBP","0","2","8","11","Low traffic","5.49","0.0","5.59","0.0","NoRestockExcessActionRequired","27","0.0","0","0","0.13","0.34","0.008615","cubic feet","Standard","0.232605","UK","gl_drugstore","","208","0","54","31","5.59","0.0","9.48","38.94","53.83","0","0","0","0","0","0.06","0","0","0","0","0","0","","","","","","","","","","","","","428.0","0","","2026-08-09","428.0","267.2","2026-08-10","27","0","0","0","208","N","","",""
"2026-08-13","JJ250918","X002E8LVDT","B0FPQ49GZ9","UMORDUP Wide Tooth Comb Black, Detangling Hair Comb for Men Women, Salon & Home Hair Styling Texture Comb","New","34","0","0","0","36","0","0","0","0","GBP","0","0","0","0","Low traffic","3.89","0.0","3.59","0.0","Lower price","0","0.0","0","0","136.86","0.0","0.003531","cubic feet","Standard","0.120054","UK","gl_beauty","284903","366","34","","","3.59","0.0","0.0","0.0","0.0","0","0","0","0","0","0.08","0","0","0","0","2","0","","","","","","","","","","","","","","0","","","","","2026-08-10","34","2","0","0","366","Y","Holiday Season","2026-10-24","2027-02-20"
"2026-08-13","JJ250980","X002E7520D","B0FH42XR9T","Retro Pilot Double Bridge Rectangle Sunglasses for Women Men Classic Square Vintage Eyewear UV400 Protection Driving Outdoor","New","45","0","0","47","0","0","0","0","0","GBP","2","11","16","20","Low traffic","5.29","0.0","5.09","0.0","NoRestockExcessActionRequired","0","0.0","0","0","92.78","0.86","0.010641","cubic feet","Footwear","0.478845","UK","gl_shoes","86571","315","0","27","48","5.09","8.82","48.51","70.72","89.0","30","17","0","0","0","0.09","30","30","0","0","1","0","","","","","","","","","","","","","87.3","0","","2026-08-09","87.3","81.5","2026-08-10","75","0","1","0","366","N","","",""
"2026-08-13","JJ2510157","X002FQH62Z","B0DBDJP92J","JYTDBCS 5 PCS Sisal Soap Bag Exfoliating Soap Bag Natural Soap Pouch Shower Bath Sack with Drawstring for Bathing and Washing","New","8","0","0","9","0","0","0","0","0","GBP","1","1","3","5","Low traffic","3.99","0.0","3.99","0.0","NoRestockExcessActionRequired","0","0.0","0","0","44.31","0.57","0.008899","cubic feet","Standard","0.071192","UK","gl_drugstore","","75","0","32","20","3.99","3.32","3.32","10.3","17.44","0","0","9","0","0","0.05","0","0","0","0","1","0","","","","","","","","","","","","","299.0","1","2026-08-24","2026-08-09","299.0","162.0","2026-08-10","8","1","0","0","84","N","","",""
"2026-08-13","JJ250981","X002E71R0H","B0FH3QLXP4","Rimless Wrap Around Sunglasses for Women Men Retro Trendy Oversized Shades Cool Star Fashion Sun Glasses","New","16","0","0","21","7","0","0","0","0","GBP","9","17","19","19","Low traffic","4.89","0.0","4.89","0.0","NoRestockExcessActionRequired","19","0.0","0","0","0.05","0.59","0.02547","cubic feet","Footwear","0.40752","UK","gl_shoes","75574","36","0","8","24","4.89","36.63","69.19","77.67","77.67","20","1","0","0","0","0.03","20","20","0","0","9","0","","","","","","","","","","","","","209.7","0","","2026-08-09","85.6","209.7","2026-08-10","36","6","3","0","149","N","","",""
"2026-08-13","JJ2510145","X002FQ2JKT","B0D9K467ZX","JYTDBCS 2pcs Safety Tanning Goggles IPL Eye Patch Red Blue Light Eye Protection Sunbed Eyewear Eyepatch Eyeshields for Patients in IPL, UV, Infrared LED Light Therapy","New","26","0","0","20","6","0","0","0","0","GBP","0","1","2","5","Low traffic","4.49","0.0","4.69","0.0","NoRestockExcessActionRequired","0","0.0","0","0","94.56","0.28","0.007679","cubic feet","Standard","0.199654","UK","gl_sports","299377","250","26","104","67","4.69","0.0","4.07","8.14","20.35","0","20","0","0","0","0.14","0","0","0","0","0","0","","","","","","","","","","","","","805.0","0","","2026-08-09","805.0","390.0","2026-08-10","26","0","0","0","250","N","","",""
"2026-08-13","JJ2509214","X002E7E3YJ","B0FJ8915LL","Lashes 20MM Fluffy False Eyelashes Thick Dramatic Cat Eyelashes 10D Big Wispy Fake Lashes D Curl Volume Eye Lashes Long 7 Pairs Strip Lashes with Soft Cotton Band","New","57","0","0","57","0","0","0","0","0","GBP","0","2","10","21","Low traffic","6.29","0.0","6.29","0.0","NoRestockExcessActionRequired","57","0.0","0","0","0.0","0.86","0.011809","cubic feet","Standard","0.673113","UK","gl_beauty","128310","366","0","114","35","6.29","0.0","10.82","54.1","113.61","45","2","10","0","0","0.13","0","0","0","0","0","0","","","","","","","","","","","","","426.5","0","","2026-08-09","426.5","77.2","2026-08-10","57","0","0","0","366","N","","",""
"2026-08-13","JJ2510128","X002FQBP31","B0DB1X4XMW","JYTDBCS Baking Tray 2pcs, 9 Cavities Silicone Madeleine Tray, Non-Stick Mould for Baking Cake, Chocolate, Candy, Biscuits (Brown)","New","27","0","0","22","5","0","0","0","0","GBP","0","1","1","3","Low traffic","6.49","0.0","6.59","0.0","NoRestockExcessActionRequired","0","0.0","0","0","252.96","0.17","0.032998","cubic feet","Standard","0.890946","UK","gl_kitchen","515577","366","27","108","117","6.59","0.0","5.57","5.57","16.89","0","21","1","0","0","0.62","0","0","0","0","0","0","","","","","","","","","","","","","833.0","0","","2026-08-09","833.0","557.3","2026-08-10","27","0","0","0","366","N","","",""
"2026-08-13","JJ250935","X002E7EBNH","B0FPLSKYMX","8PCS Universal Dust Caps, Tyre Valve Stem Caps for Car Motorcycle Bike Tire Wheel Covers, Red","New","2","0","0","3","0","0","0","0","0","GBP","4","8","9","10","Low traffic","3.69","0.0","3.69","0.0","CreateShippingPlan","0","0.0","0","0","8.01","1.05","0.003531","cubic feet","Standard","0.007062","UK","gl_automotive","25340","12","0","1","2","3.69","12.28","24.56","27.63","31.04","0","3","0","0","0","0.0","0","0","0","0","0","0","","","","","","","","","","","","","129.8","12","2026-08-11","2026-08-09","68.2","129.8","2026-08-10","2","0","0","0","12","N","","",""
"2026-08-13","JJ250930","X002E7C1RP","B0FPLS2JLQ","20 Pcs Ball Inflation for Basketball Soccer Rugby Volleyball Football Pump Adapter Needle Valve","New","61","0","0","65","0","0","0","0","0","GBP","1","11","27","40","Low traffic","4.89","0.0","4.89","0.0","NoRestockExcessActionRequired","9","4.02","23","0","103.31","1.34","0.003531","cubic feet","Standard","0.215391","UK","gl_sports","48884","366","0","22","19","4.89","4.07","44.77","109.25","161.12","50","15","0","0","0","0.15","0","0","0","0","4","0","","","","","","","","","","","","","124.6","0","","2026-08-09","124.6","70.1","2026-08-10","61","4","0","0","366","N","","",""
"2026-08-13","JJ2510110","X002FQGFKJ","B0DBQBWWR3","JYTDBCS Stylish X-shaped Foldable Silicone Trivets Set of 2, Pot Pan Protector Silicone Non-Slip Worktop Protector Heat Resistant for Hot Pans/Dishes/Plates/Pots, Ideal for Camping/Caravan, Blue+Blue","New","24","0","0","15","9","0","0","0","0","GBP","0","0","0","1","Low traffic","6.09","0.0","6.09","0.0","NoRestockExcessActionRequired","0","0.0","0","0","107.71","0.06","0.013761","cubic feet","Standard","0.330264","UK","gl_home","1129520","366","24","","312","6.09","0.0","0.0","0.0","5.66","0","15","0","0","0","0.23","0","0","0","0","0","0","","","","","","","","","","","","","","0","","","","1263.0","2026-08-10","24","0","0","0","366","N","","",""
"2026-08-13","JJ2510182","X002FQJTFR","B0D9NNRB3H","JYTDBCS Wooden Cooking Basting Brush Set, 4 PCS Cooking Basting Brush, Natural Wood and Boar Bristle Culinary Pastry Brushes, Wooden Oil Brush for Bread Dough, BBQ Sauce, Cake Cooking","New","12","0","0","12","0","0","0","0","0","GBP","3","13","14","27","Low traffic","4.29","0.0","4.29","0.0","CreateShippingPlan","0","3.79","52","0","47.97","3.48","0.003531","cubic feet","Standard","0.042372","UK","gl_kitchen","63396","40","0","3","5","4.29","10.71","46.41","49.98","94.31","12","0","0","0","0","0.01","0","0","0","0","0","0","","","","","","","","","","","","","35.6","8","2026-08-30","2026-08-09","35.6","30.6","2026-08-10","12","0","0","0","40","N","","",""
"2026-08-13","JJ2509112","X002E76DI3","B0FGXSNWSK","Carbon Hair Comb for Men 19 cm Coarse Teeth Antistatic Shatterproof Wide Tooth Comb for Curls Texture Detangling Developed by Barbers Designed","New","17","0","0","19","0","0","0","0","0","GBP","7","10","11","14","Low traffic","3.19","0.0","3.19","0.0","NoRestockExcessActionRequired","0","0.0","0","0","54.27","0.89","0.009014","cubic feet","Standard","0.153238","UK","gl_beauty","62849","109","0","6","15","3.19","18.62","26.6","29.26","37.48","0","19","0","0","0","0.04","0","0","0","0","1","0","","","","","","","","","","","","","135.5","1","2026-08-27","2026-08-09","135.5","128.4","2026-08-10","17","0","1","0","116","N","","",""
"2026-08-13","JJF2509281","X002EC3GLF","B0FQ59VWDD","Double Layer Pearl Rhinestone Headband, Silver Plated Metal Hair Hoop, Shiny Decorative Hair Accessory for Women, Bridal Wedding Prom Formal Parties Daily Wear","New","29","0","0","29","0","0","0","0","0","GBP","2","12","22","42","Low traffic","4.69","0.0","4.59","0.0","NoRestockExcessActionRequired","29","0.0","0","0","0.0","1.67","0.003531","cubic feet","Standard","0.102399","UK","gl_beauty","90516","121","0","19","18","4.59","7.82","46.92","86.18","165.98","1","28","0","0","0","0.07","30","30","0","0","0","0","","","","","","","","","","","","","91.2","0","","2026-08-09","91.2","47.0","2026-08-10","59","0","0","0","249","N","","",""
"2026-08-13","JJ2510112","X002FPO92L","B0DCHGNJDZ","JYTDBCS FireWire IEEE 1394 Adapter, 400 to 800 Adapter Converter IEEE 1394a 6-Pin Female to 1394b 9-Pin Male","","0","0","0","1","0","0","0","0","0","GBP","0","0","3","4","","0.0","0.0","5.59","0.0","CreateShippingPlan","","","0","0","","0.38","0.003909","cubic feet","Standard","0.0","UK","gl_electronics","25975","0","0","","0","5.59","0.0","0.0","13.13","17.79","1","0","0","0","0","","0","0","0","0","0","0","","","","","","","","","","","","","","1","2026-08-12","","","194.6","2026-08-10","0","0","0","0","0","N","","",""
"2026-08-13","JJ2509227","X002E7NL6P","B0FJ829FS2","Anti Snore Devices, 6 PCS Magnetic Anti Snore Nose Clip, Nasal Dilators Snore Stopper Snoring Relief for Men/Women Comfortable Sleep Better Breathing","","0","0","0","0","0","1","0","0","0","GBP","0","0","0","0","","0.0","0.0","3.99","0.0","NoRestockExcessActionRequired","","","0","0","","0.0","0.003531","cubic feet","Standard","0.0","UK","gl_drugstore","","","0","","","3.99","0.0","0.0","0.0","0.0","0","0","0","1","0","","0","0","0","0","0","0","","","","","","","","","","","","","","0","","","","","2026-08-10","0","0","0","0","","N","","",""
"2026-08-13","JJ251031","X002FQ5PUP","B0DCHY3JW1","JYTDBCS Wooden Massage Comb, Sandalwood Scalp Massager Wide Tooth Comb for Head Scalp Stimulator Meridian Gua Sha Body Massage Tool for Men Women Relax Relieve","New","25","0","0","0","29","0","0","0","0","GBP","1","2","2","4","Low traffic","4.49","0.0","4.49","0.0","Advertise listing","0","0.0","0","0","99.61","0.1","0.003574","cubic feet","Standard","0.08935","UK","gl_personal_care_appliances","169518","366","25","50","81","4.49","3.74","7.65","7.65","15.79","0","0","0","0","0","0.06","0","0","0","0","3","0","","","","","","","","","","","","","908.0","0","","2026-08-09","891.0","908.0","2026-08-10","25","3","0","0","366","N","","",""
"2026-08-13","JJ250967","X002E6H5UJ","B0FGPX1J51","10M Hemming Tape for Trousers, Extra Strong Iron-On, Convenient Simple Use, Suitable for Pants, Clothes, Fabrics, Black 2.4CM Wide","New","29","0","0","20","9","0","0","0","0","GBP","0","1","1","3","Low traffic","4.69","0.0","4.89","0.0","NoRestockExcessActionRequired","29","0.0","0","0","1.26","0.12","","","Other","","UK","gl_biss","","245","0","116","125","4.89","0.0","4.07","4.07","12.39","0","0","20","0","0","0.07","0","0","0","0","0","0","","","","","","","","","","","","","884.0","0","","2026-08-09","884.0","799.7","2026-08-10","29","0","0","0","245","N","","",""
"2026-08-13","JJ250975","X002E78CCX","B0FGPNG7QK","No-Tail Adjustable Eyewear Retainer Cable Strap for Sunglasses, Eyeglasses, Glasses","New","37","0","0","37","0","0","0","0","0","GBP","0","6","14","21","Low traffic","4.39","0.0","4.5","0.0","NoRestockExcessActionRequired","8","0.0","0","0","39.82","1.02","0.020032","cubic feet","Apparel","0.741184","UK","gl_apparel","","366","0","25","23","4.5","0.0","22.92","53.48","80.22","20","15","2","0","0","0.07","1","0","0","1","0","0","","","","","","","","","","","","","109.6","0","","2026-08-09","109.6","81.2","2026-08-10","38","0","0","0","366","N","","",""
"2026-08-13","JJ2509103","X002E773B9","B0FGQ4GVSQ","TRHDFW Eyewear Genuine Leather Glasses Cord Lanyard","New","31","0","0","32","0","0","0","0","0","GBP","3","8","18","35","Low traffic","4.99","0.0","5.19","0.0","NoRestockExcessActionRequired","30","0.0","0","0","0.0","1.52","0.002291","cubic feet","Apparel","0.071021","UK","gl_apparel","99462","180","0","15","11","4.99","12.96","34.56","79.46","155.79","20","12","0","0","0","0.06","0","0","0","0","1","0","","","","","","","","","","","","","119.1","0","","2026-08-09","119.1","60.1","2026-08-10","31","1","0","0","186","N","","",""
"2026-08-13","JJF2509309","X002EDSPI3","B0FQBVF62B","UMORDUP Yellow Polka Dot Large Hair Bow Clip Vintage Ribbon Barrette Hair Accessory for Women","New","21","0","0","22","0","0","0","0","0","GBP","13","19","28","33","Low traffic","3.89","0.0","3.89","0.0","NoRestockExcessActionRequired","0","0.0","0","0","71.84","1.86","0.003531","cubic feet","Standard","0.074151","UK","gl_beauty","31187","53","0","4","8","3.89","42.12","61.56","92.33","109.78","20","2","0","0","0","0.05","0","0","0","0","1","0","","","","","","","","","","","","","74.1","17","2026-08-15","2026-08-09","74.1","64.9","2026-08-10","21","1","0","0","55","N","","",""
"2026-08-13","JJ251042","X002FPM4X7","B0DBQGR8NN","JYTDBCS Angel Cat Memorial Ornaments, angel cat memorial,Cat Decor Suncatcher Window Hanging,cat memorial, Pet Memorial Statue for Cat Lovers Cat Themed Gifts Ornaments(Orange)","New","19","0","0","19","0","0","0","0","0","GBP","0","2","4","10","Low traffic","4.89","0.0","4.89","0.0","NoRestockExcessActionRequired","19","0.0","0","0","0.41","0.54","0.001766","cubic feet","Standard","0.033554","UK","gl_pet_products","109962","151","0","38","24","4.89","0.0","8.14","16.28","41.24","0","19","0","0","0","0.05","0","0","0","0","0","0","","","","","","","","","","","","","250.3","0","","2026-08-09","250.3","113.4","2026-08-10","19","0","0","0","151","N","","",""
"2026-08-13","JJ250987","X002E77UYJ","B0FH1NK694","Hair Net for Wigs, Wig Caps to Hold in Place, Wig Net for Long Hair, Nude, 2 Pack","New","35","0","0","36","0","0","0","0","0","GBP","3","6","19","24","Low traffic","3.29","0.0","3.29","0.0","NoRestockExcessActionRequired","5","0.0","0","0","56.08","1.02","0.007421","cubic feet","Standard","0.259735","UK","gl_biss","","161","0","43","35","3.29","8.22","16.44","52.06","65.76","30","6","0","0","0","0.08","30","30","0","0","0","0","","","","","","","","","","","","","99.6","0","","2026-08-09","99.6","64.3","2026-08-10","65","0","0","0","327","N","","",""
"2026-08-13","JJ250933","X002E7HIYL","B0FPLP25XV","Double Barrel 3 in 1 Cosmetic Pencil Sharpener with Cover, Essential for Small and Extra Large Lip Liner, Eyeliner, Brow Pencils, Eye Liner Pencil Sharpeners, Make Up Sharpener","New","20","0","0","22","0","0","0","0","0","GBP","1","4","7","12","Low traffic","3.19","0.0","3.19","0.0","NoRestockExcessActionRequired","20","0.0","0","0","0.01","0.61","0.003531","cubic feet","Standard","0.07062","UK","gl_office_product","162253","86","0","20","21","3.19","2.66","10.64","19.44","33.54","0","15","7","0","0","0.05","0","0","0","0","0","0","","","","","","","","","","","","","251.7","3","2026-09-04","2026-08-09","251.7","149.5","2026-08-10","20","0","0","0","86","N","","",""
"2026-08-13","JJ251009","X002FPZ2DV","B0D97NM29J","JYTDBCS Rose hairpin Vintage red influencer headpiece photo hairpin side clip flower accessories for women red flower hair clip","New","95","0","0","103","0","0","0","0","0","GBP","18","57","81","103","Low traffic","6.39","0.0","6.39","0.0","NoRestockExcessActionRequired","95","0.0","0","0","0.0","2.81","0.015032","cubic feet","Standard","1.42804","UK","gl_beauty","40177","36","0","13","24","6.39","95.76","303.24","431.46","547.25","103","0","0","0","0","0.95","100","100","0","0","7","1","","","","","","","","","","","","","12.3","44","2026-08-17","2026-08-09","12.3","12.1","2026-08-10","195","6","1","0","83","N","","",""
"2026-08-13","JJ2509157","X002E7DNG3","B0FHK32QKS","TRHDFW Bike Saddle Bag, Seat Pack, Black, Reflective, Waterproof, Zippered, Adjustable Strap, Seat Mount, 15 x 11 x 7.5cm, Sports Style, Bicycle","New","17","0","0","17","0","0","0","0","0","GBP","5","8","9","18","Low traffic","7.79","0.0","7.79","0.0","NoRestockExcessActionRequired","17","0.0","0","0","0.0","1.36","0.08928","cubic feet","Standard","1.51776","UK","gl_automotive","41825","207","0","18","26","7.79","32.45","51.92","58.41","118.35","0","17","0","0","0","0.66","20","0","20","0","0","1","","","","","","","","","","","","","246.0","0","","2026-08-09","246.0","97.9","2026-08-10","37","0","0","0","207","N","","",""
"2026-08-13","JJ251003","X002FNISX9","B0FXGGVHRM","UMORDUP 6 Pack Perforated Tart Ring, Pastry Stainless Steel 8cm Heat-Resistant Porous Nonstick Round Cake Mousse, Round Tart, Porous Crumpet Baking Dessert for Making Tool","New","10","0","0","10","0","0","0","0","0","GBP","0","0","0","0","Low traffic","7.19","0.0","7.19","0.0","Advertise listing","0","0.0","0","0","60.09","0.0","0.015915","cubic feet","Standard","0.15915","UK","gl_kitchen","1680445","241","0","","","7.19","0.0","0.0","0.0","0.0","0","0","10","0","0","0.11","0","0","0","0","0","0","","","","","","","","","","","","","","0","","","","149.2","2026-08-10","10","0","0","0","241","N","","",""
"2026-08-13","JJ2509116","X002E7967X","B0FG7GHD49","2PCSKeychain with Snap Hook Carabiner Clips, Paracord Keychain Carabiner Clips with Locking D Ring Hooks Hangers, Heavy Duty Lanyard Key Chain for Car Keys, Backpack, Tools, Men, Women","New","46","0","0","46","0","0","0","0","0","GBP","2","4","15","23","Low traffic","5.19","0.0","5.19","0.0","NoRestockExcessActionRequired","43","0.0","0","0","0.0","0.84","0.004767","cubic feet","Apparel","0.219282","UK","gl_apparel","","238","0","66","37","5.19","8.64","17.28","64.8","99.36","20","26","0","0","0","0.05","20","20","0","0","0","0","","","","","","","","","","","","","343.7","0","","2026-08-09","343.7","81.0","2026-08-10","66","0","0","0","340","N","","",""
"2026-08-13","JJ2509113","X002E78RGT","B0FGQJ1Z5D","Flower Pot Tray Water Absorber, Large Pipette Dropper, Squeeze Plastic Transfer Pipettes 100ml with Scale for Cooking, Roasting, Basting, Cupcakes, Garden Plants","New","8","0","0","8","0","0","0","0","0","GBP","0","4","6","9","Low traffic","6.79","0.0","6.79","0.0","NoRestockExcessActionRequired","0","0.0","0","0","9.23","1.08","0.06014","cubic feet","Standard","0.48112","UK","gl_kitchen","58106","81","0","8","11","6.79","0.0","22.64","33.96","50.94","0","0","8","0","0","0.32","0","0","0","0","0","0","","","","","","","","","","","","","146.0","3","2026-09-04","2026-08-09","146.0","143.5","2026-08-10","8","0","0","0","81","N","","",""
"2026-08-13","JJ2509144","X002E6XTKT","B0FH49128K","Curtain Plastic Track Clip Buckle, 100Sliders Nylon Hanging Curtain Rail Gliders, Effortless Slider Hook Roller Mechanism for Car, White Multi-use Plastic Hooks for Windows Doors Shower Curtains","New","13","0","0","0","18","0","0","0","0","GBP","22","22","22","22","Low traffic","6.89","0.0","6.69","0.0","CreateShippingPlan","0","0.0","0","0","84.29","0.62","0.011362","cubic feet","Standard","0.147706","UK","gl_home","28278","20","0","2","7","6.89","122.71","122.71","122.71","122.71","0","0","0","0","0","0.03","0","0","0","0","2","0","","","","","","","","","","","","","387.3","34","2026-08-12","2026-08-09","127.3","387.3","2026-08-10","13","1","1","0","24","N","","",""
"2026-08-13","JJ2509266","X002E75UUF","B0D7S113X5","JYTDBCS Collaborative Development with Professional Breasts & Instruction Manual Included, Strong Adhesive, Silicone Bra, Putting Up, Bust Up, Swimsuit, Dress Beige","New","4","0","0","0","4","0","0","0","0","GBP","3","6","10","13","Low traffic","5.39","0.0","5.39","0.0","NoRestockExcessActionRequired","4","0.0","0","0","0.0","1.13","0.031064","cubic feet","Apparel","0.124256","UK","gl_apparel","205666","210","0","16","24","5.39","13.47","26.94","45.07","59.05","0","0","0","0","0","0.04","20","0","20","0","0","0","","","","","","","","","","","","","95.4","0","","2026-08-09","65.8","95.4","2026-08-10","24","0","0","0","210","N","","",""
"2026-08-13","JJ2509136","X002E7A7ZD","B0FGXNZ1W2","Euro Lock Escutcheon Round Keyhole Cover Stainless Steel Key Hole Lock Cover Suitable for Door Wooden Anti-Theft Door","New","45","0","0","51","1","0","0","0","0","GBP","8","16","20","29","Low traffic","5.59","0.0","5.59","0.0","NoRestockExcessActionRequired","2","0.0","0","0","91.11","0.77","0.005362","cubic feet","Standard","0.24129","UK","gl_home_improvement","","110","43","11","20","5.59","37.28","74.56","93.84","137.22","30","20","1","0","0","0.11","0","0","0","0","5","0","","","","","","","","","","","","","108.5","0","","2026-08-09","108.5","106.6","2026-08-10","45","5","0","0","124","N","","",""
"2026-08-13","JJ2509168","X002E79L8H","B0FHPSSD9R","Loose Leaf Tea Infusers, Silicone Infuser Fine Mesh Strainer Silicone Lid Cup Filter for Leaf or Herbal (1Pack, Green) Filter，Diffusers","New","17","0","0","17","4","0","0","0","0","GBP","1","3","5","10","Low traffic","5.99","0.0","5.99","0.0","NoRestockExcessActionRequired","17","0.0","0","0","0.0","0.47","0.003531","cubic feet","Standard","0.060027","UK","gl_kitchen","236353","84","0","22","22","5.99","4.99","14.97","25.29","51.89","0","1","16","0","0","0.04","0","0","0","0","3","0","","","","","","","","","","","","","341.0","0","","2026-08-09","341.0","229.3","2026-08-10","17","2","1","0","99","N","","",""
"2026-08-13","JJ250959","X002E6FAM9","B0FGQDNJSQ","Pack of 6 Blue 21mm Round Faux Horn Sew-On Plastic Buttons for Coats, Jackets, Cardigans - Flat 4 Holes 32L","New","13","0","0","0","15","0","0","0","0","GBP","0","0","1","2","Low traffic","3.99","0.0","3.39","0.0","NoRestockExcessActionRequired","2","0.0","0","0","10.81","0.11","0.00104","cubic feet","Standard","0.01352","UK","gl_office_product","378209","","11","","84","3.39","0.0","0.0","3.49","6.98","0","0","0","0","0","0.01","0","0","0","0","2","0","","","","","","","","","","","","","","0","","","","808.0","2026-08-10","13","2","0","0","","N","","",""
"2026-08-13","JJF2509291","X002EC3E0X","B0FQ5JWZ8P","Gold Wedding Hair Clip - Gold Fascinators for Weddings - Pearl Pins | Flower Bridal Hair Accessories for Women, Girl","New","43","0","0","49","0","0","0","0","0","GBP","17","25","101","132","","8.19","0.0","7.99","0.0","NoRestockExcessActionRequired","43","0.0","0","0","0.0","2.88","0.003531","cubic feet","Standard","0.151833","UK","gl_beauty","30984","227","0","29","18","7.99","115.94","170.5","679.06","885.52","2","47","0","0","0","0.06","140","0","140","0","0","3","","","","","","","","","","","","","120.9","0","","2026-08-09","120.9","22.2","2026-08-10","183","0","0","0","227","N","","",""
"2026-08-13","JJ2509198","X002E7JLG9","B0FJ8K62RV","10 Pin RCA Rear View Camera Wiring Harness Video Input for Android Car Radio Stereo Backup Camera Cable","New","48","0","0","49","0","0","0","0","0","GBP","0","4","11","30","Low traffic","6.59","0.0","6.79","0.0","NoRestockExcessActionRequired","48","0.0","0","0","0.0","0.82","0.001766","cubic feet","Standard","0.084768","UK","gl_electronics","","257","0","48","20","6.79","0.0","22.96","63.7","174.28","0","49","0","0","0","0.11","0","0","0","0","0","2","","","","","","","","","","","","","306.6","0","","2026-08-09","306.6","100.3","2026-08-10","48","0","0","0","257","N","","",""
"2026-08-13","JJ250922","X002E7F8O3","B0FPLRS19Y","Black Large Shower Cap for Women Long Hair, Reusable Waterproof Hat for Men, Double Layer Washable Bath Cap for Thick Curly Hair","New","12","0","0","12","0","0","0","0","0","GBP","1","11","16","18","Low traffic","4.39","0.0","4.59","0.0","NoRestockExcessActionRequired","12","0.0","0","0","0.0","0.91","0.033897","cubic feet","Standard","0.406764","UK","gl_beauty","80336","36","0","4","8","4.59","3.82","42.19","62.14","70.12","0","0","12","0","0","0.25","0","0","0","0","0","0","","","","","","","","","","","","","108.2","13","2026-08-17","2026-08-09","51.3","108.2","2026-08-10","12","0","0","0","36","N","","",""
"2026-08-13","JJF2509286","X002EC45BP","B0FQ5DDFS3","3 Pack Spa Facial Headband Makeup Hair Band Women Skincare Adjustable Microfibre Headband for Washing Face Sports Yoga Black","New","62","0","0","62","0","0","0","0","0","GBP","0","0","2","28","Low traffic","5.29","0.0","4.89","0.0","NoRestockExcessActionRequired","0","0.0","0","0","237.58","1.27","0.056794","cubic feet","Standard","3.521228","UK","gl_beauty","225700","","0","","28","4.89","0.0","0.0","9.48","96.72","40","20","2","0","0","0.15","0","0","0","0","0","0","","","","","","","","","","","","","","0","","","","58.6","2026-08-10","62","0","0","0","","N","","",""
"2026-08-13","JJ2509171","X002E79LDH","B0FHNVHKPZ","4PCS Men Women Shoe Stretchers Shaper Expander Width Extender Adjustable Mini Shoe Trees","New","45","0","0","40","7","0","0","0","0","GBP","0","0","4","10","Low traffic","6.79","0.0","6.59","0.0","NoRestockExcessActionRequired","45","0.0","0","0","0.0","0.39","0.026174","cubic feet","Footwear","1.17783","UK","gl_shoes","208701","366","0","","58","6.59","0.0","0.0","23.28","58.54","20","20","0","0","0","0.09","0","0","0","0","2","0","","","","","","","","","","","","","","0","","","","199.9","2026-08-10","45","2","0","0","366","N","","",""
"2026-08-13","JJ250948-1","X002MC6QR3","B0H5Q9P4F6","Carbon Fiber Car Key Fob with Zippered Anti-Theft Storage Bag","New","55","0","0","55","0","0","0","0","0","GBP","","","","","Low traffic","8.99","0.0","8.99","0.0","Advertise listing","","","0","0","","0.0","0.003531","cubic feet","Standard","0.194205","UK","gl_automotive","","310","0","","","","","","","","55","0","0","0","0","","0","0","0","0","1","0","","","","","","","","","","","","","","0","","","","","2026-08-10","55","1","0","0","315","N","","",""
"2026-08-13","JJF2509297","X002EC6CKR","B0FQ5LH57P","3 PCS Bride Wedding Hair Pins Clips Silver Crystal Leaf Flower Pearls Headpieces Bridal Hair Jewelry Accessories for Women, Girl, Lady, Party Wedding Prom (Pearls & Leaves)","New","8","0","0","8","0","0","0","0","0","GBP","0","0","1","4","Low traffic","5.39","0.0","4.89","0.0","NoRestockExcessActionRequired","8","0.0","0","0","0.0","0.67","0.003531","cubic feet","Standard","0.028248","UK","gl_beauty","214683","","0","","91","4.89","0.0","0.0","4.49","17.96","0","0","8","0","0","0.01","20","0","20","0","0","0","","","","","","","","","","","","","","0","","","","111.5","2026-08-10","28","0","0","0","","N","","",""
"2026-08-13","JJ2509108","X002E782FF","B0FGPXK12G","18Pcs 14G-4G Acrylic Pincher Tapers Septum C Shape Buffalo Stretcher Expander with Black O-Rings for Nose Ear Cartilage Piercing","New","32","0","0","32","0","0","0","0","0","GBP","6","16","26","36","Low traffic","4.79","0.0","4.79","0.0","NoRestockExcessActionRequired","32","0.0","0","0","0.0","2.41","0.001854","cubic feet","Apparel","0.059328","UK","gl_jewelry","119630","71","0","8","11","4.79","23.94","62.14","98.9","135.5","31","1","0","0","0","0.07","0","0","0","0","0","0","","","","","","","","","","","","","33.3","14","2026-08-17","2026-08-09","33.3","31.0","2026-08-10","32","0","0","0","71","N","","",""
"2026-08-13","JJ250971","X002E6WTPZ","B0FH18KQ1R","2 Pack French Hair Pin U Shaped Fork Updo Chignon Hairpins for Women","New","31","0","0","25","6","0","0","0","0","GBP","0","5","6","9","Low traffic","4.09","0.0","3.99","0.0","NoRestockExcessActionRequired","31","0.0","0","0","0.0","0.3","0.002575","cubic feet","Standard","0.079825","UK","gl_beauty","72233","321","0","24","44","4.29","0.0","17.85","21.42","32.64","0","0","25","0","0","0.07","0","0","0","0","0","0","","","","","","","","","","","","","329.6","0","","2026-08-09","201.4","329.6","2026-08-10","31","0","0","0","321","N","","",""
"2026-08-13","JJ250991","X002E762CZ","B0FGQ75ZGC","Drawstring Cord, Replacement Drawstrings with Bodkin, 63 Inch Cotton Metal Lock Ends, Hoodie String Threader for Joggers Sweatpants Hoodies, 160cm","New","20","0","0","20","0","0","0","0","0","GBP","0","0","2","6","Low traffic","4.69","0.0","4.69","0.0","NoRestockExcessActionRequired","0","0.0","0","0","86.84","0.86","0.005255","cubic feet","Standard","0.1051","UK","gl_home","1014063","251","0","","43","4.69","0.0","0.0","7.98","24.43","20","0","0","0","0","0.05","0","0","0","0","0","0","","","","","","","","","","","","","","0","","","","71.7","2026-08-10","20","0","0","0","251","N","","",""
"2026-08-13","JJ2509152","X002E7A5X7","B0FHKR52L5","Hose Tap Connector 3/4 inch and 1/2 inch BSP 2in1 Plastic Outdoor Graden Hose Tap Connector Threaded Faucet Adapter (2Pack)","New","17","0","0","10","7","0","0","0","0","GBP","3","7","10","14","Low traffic","4.19","0.0","4.19","0.0","NoRestockExcessActionRequired","17","0.0","0","0","0.0","0.63","0.005989","cubic feet","Standard","0.101813","UK","gl_home_improvement","62409","175","0","9","15","4.19","10.47","24.43","34.98","49.26","0","0","10","0","0","0.04","0","0","0","0","0","0","","","","","","","","","","","","","138.3","0","","2026-08-09","91.3","138.3","2026-08-10","17","0","0","0","175","N","","",""
"2026-08-13","JJ250941","X002E7KTRT","B0FPLQY4RX","UMORDUP Cake Sculpting Modeling Tools, Fondant Smoother & Icing Scraper, Buttercream Decorating Kit for Baking, Purple","New","15","0","0","15","0","0","0","0","0","GBP","0","0","3","6","Low traffic","5.69","0.0","5.69","0.0","Advertise listing","0","0.0","0","0","128.49","0.71","0.040822","cubic feet","Standard","0.61233","UK","gl_kitchen","1328598","366","0","","75","5.69","0.0","0.0","14.73","29.46","15","0","0","0","0","0.43","20","0","20","0","0","0","","","","","","","","","","","","","","0","","","","140.8","2026-08-10","35","0","0","0","366","N","","",""
"2026-08-13","JJF2603003","X002IZHJOD","B0GQTL562R","4 Pack Safe Cupboard Locks for Children,Baby Proof Corner Locks for Cabinet,Drawer,Cupboard,Refrigerator,Closet,Oven,Trash,Toilet,Oven,Easy Installation (White)","New","11","0","0","11","0","0","0","0","0","GBP","7","21","27","42","Low traffic","4.79","0.0","4.79","0.0","CreateShippingPlan","4","0.0","0","0","0.69","2.55","0.003531","cubic feet","Standard","0.038841","UK","gl_baby_product","12106","20","0","2","3","4.79","27.93","83.79","107.73","167.58","0","11","0","0","0","0.02","0","0","0","0","0","0","","","","","","","","","","","","","42.4","27","2026-08-10","2026-08-09","42.4","33.9","2026-08-10","11","0","0","0","20","N","","",""
"2026-08-13","JJF2509340","X002EETO9B","B0FQJ75YH9","UMORDUP Green Satin Bow Hair Clip French Style Hair Barrette for Women Elegant Bun Ponytail Hair Accessory","New","33","0","0","0","33","0","0","0","0","GBP","0","0","1","2","Low traffic","4.89","0.0","4.49","0.0","NoRestockExcessActionRequired","0","0.0","0","0","142.95","0.06","0.003885","cubic feet","Standard","0.128205","UK","gl_beauty","227936","288","33","","214","4.69","0.0","0.0","4.24","8.65","0","0","0","0","0","0.09","0","0","0","0","0","0","","","","","","","","","","","","","","0","","","","1527.0","2026-08-10","33","0","0","0","288","N","","",""
"2026-08-13","JJ2510200","X002FQK25N","B0D7VJSXS6","Industrial Dispensing Needle, Industrial Grade Blunt Needle, Stainless Steel Precision Applicator, 23G, Blue, 40pcs 23g Needles","New","1","0","0","0","2","0","0","0","0","GBP","0","0","0","0","Low traffic","2.99","0.0","2.99","0.0","Improve keywords","0","0.0","0","0","5.28","0.0","0.011195","cubic feet","Standard","0.011195","UK","gl_biss","","53","0","","","2.99","0.0","0.0","0.0","0.0","0","0","0","0","0","0.02","0","0","0","0","0","0","","","","","","","","","","","","","","1","2026-08-12","","","","2026-08-10","1","0","0","0","53","N","","",""
"2026-08-13","JJF2509336","X002EETMRF","B0FQH7NYMJ","Alloy Hairpin for Women, Costume Accessory, Props, Decoration for Maomao Cosplay from The Apothecary Diaries","New","66","0","0","68","0","0","0","0","0","GBP","1","19","33","64","Low traffic","6.39","0.0","6.39","0.0","NoRestockExcessActionRequired","9","0.0","0","0","140.24","1.87","0.001311","cubic feet","Standard","0.086526","UK","gl_beauty","95660","100","0","13","13","6.39","5.32","101.08","175.56","340.48","29","39","0","0","0","0.06","0","0","0","0","1","1","","","","","","","","","","","","","109.1","0","","2026-08-09","109.1","54.7","2026-08-10","66","0","1","0","102","N","","",""
"2026-08-13","JJ250956","X002E6JCF5","B0FGPPLL38","Eyeglass Nose Pads, Adhesive Anti-Slip Soft Silicone Cushions for Glasses, Sunglasses - 10 Clear Pairs","New","3","0","0","4","0","0","0","0","0","GBP","0","5","6","22","Low traffic","4.19","0.0","4.19","0.0","CreateShippingPlan","0","0.0","0","0","14.24","2.38","0.003531","cubic feet","Standard","0.010593","UK","gl_drugstore","","24","0","2","1","4.19","0.0","17.45","20.94","78.74","1","0","3","0","0","0.01","0","0","0","0","1","0","","","","","","","","","","","","","38.7","12","2026-06-05","2026-08-09","31.0","38.7","2026-08-10","3","1","0","0","32","N","","",""
"2026-08-13","JJ2509222","X002E7MBEX","B0FJ81TY9K","Dance Shoe Bag Portable Ballet Shoe Storage Pouch Lightweight Organizer for Dance Shoes Drawstring Closure Ideal for Ballet Pointe and Performance Shoes","New","25","0","0","28","0","0","0","0","0","GBP","2","5","15","20","Low traffic","5.89","0.0","5.79","0.0","NoRestockExcessActionRequired","25","0.0","0","0","0.0","0.84","0.009233","cubic feet","Standard","0.230825","UK","gl_luggage","146625","366","0","36","29","5.89","9.82","24.55","73.65","98.2","1","27","0","0","0","0.06","20","0","20","0","2","0","","","","","","","","","","","","","304.0","0","","2026-08-09","304.0","78.0","2026-08-10","45","2","0","0","366","N","","",""
"2026-08-13","JJ2509177","X002E7E3CL","B0FHHCBRVB","TRHDFW 16pcs Fishing Line Storage Foam Spools, Foam Winding Board, Spools Fly Gear for Organizer Storage Accessories","New","25","0","0","15","10","0","0","0","0","GBP","3","9","13","18","Low traffic","6.09","0.0","6.09","0.0","NoRestockExcessActionRequired","25","0.0","0","0","0.0","0.65","0.006003","cubic feet","Standard","0.150075","UK","gl_sports","48958","188","0","11","18","6.09","15.21","45.63","65.91","91.71","0","15","0","0","0","0.06","0","0","0","0","0","0","","","","","","","","","","","","","137.6","0","","2026-08-09","112.3","137.6","2026-08-10","25","0","0","0","188","N","","",""
"2026-08-13","JJ2509269","X002E757CV","B0D8FMD9Z1","Soft Non-Slip Bike Grips -Universal Kids Bike Grips for Boys and Girls","New","47","0","0","43","5","0","0","0","0","GBP","0","0","0","8","Low conversion","5.39","0.0","4.99","0.0","NoRestockExcessActionRequired","47","0.0","0","0","0.0","0.28","0.014257","cubic feet","Standard","0.670079","UK","gl_outdoors","26319","","0","","76","4.99","0.0","0.0","0.0","36.56","20","1","22","0","0","0.43","0","0","0","0","1","0","","","","","","","","","","","","","","0","","","","333.0","2026-08-10","47","1","0","0","","N","","",""
"2026-08-13","JJ251075","X002FQ7S2N","B0DB5T8H5P","JYTDBCS Lemon Zester & Cheese Grater - Parmesan Cheese, Lemon, Ginger, Garlic, Nutmeg, Chocolate, Vegetables, Fruits - Razor-Sharp Stainless Steel Blade,microplane,microplane zester,Garlic Grater","New","34","0","0","34","0","0","0","0","0","GBP","2","4","7","11","Low traffic","7.29","0.0","7.29","0.0","NoRestockExcessActionRequired","2","0.0","0","0","18.36","0.43","0.075602","cubic feet","Standard","2.570468","UK","gl_kitchen","351180","188","0","34","40","7.29","12.14","24.28","43.17","68.81","0","20","14","0","0","1.69","0","0","0","0","0","0","","","","","","","","","","","","","275.5","0","","2026-08-09","275.5","225.3","2026-08-10","34","0","0","0","188","Y","Holiday Season","2026-10-17","2027-02-06"
"2026-08-13","JJ250960","X002E6JM9V","B0FGXZ2D2L","No-Tail Adjustable Eyewear Retainer Cable Strap for Sunglasses, Eyeglasses, Glasses Cable Straps, Eye Glasses Holders Around Neck","New","21","0","0","15","6","0","0","0","0","GBP","0","0","4","7","Low traffic","3.4","4.7","4.69","0.0","NoRestockExcessActionRequired","9","0.0","0","0","15.1","0.51","0.002233","cubic feet","Apparel","0.046893","UK","gl_apparel","234190","","12","","39","4.69","0.0","0.0","15.68","27.42","15","0","0","0","0","0.04","0","0","0","0","0","0","","","","","","","","","","","","","","0","","","","137.4","2026-08-10","21","0","0","0","","N","","",""
"2026-08-13","JJF2509280","X002EC0VOZ","B0FQ582794","Wide Headbands For Women's Hair Headband Soft Head Bands Adult Women Hairband Turban Flower Cotton Head Band Everyday Yoga Sport Fitness","New","57","0","0","62","0","0","0","0","0","GBP","0","5","18","22","Low traffic","6.39","0.0","6.39","0.0","NoRestockExcessActionRequired","57","0.0","0","0","0.0","0.89","0.036479","cubic feet","Standard","2.079303","UK","gl_beauty","190635","251","0","69","51","6.39","0.0","26.6","96.27","118.23","62","0","0","0","0","0.13","30","30","0","0","4","0","","","","","","","","","","","","","85.0","0","","2026-08-09","85.0","65.9","2026-08-10","87","4","0","0","366","N","","",""
"2026-08-13","JJ250946","X002E7CTR7","B0FPLS5VPV","Stainless Steel Egg Cracker Opener Topper Cutter for Hard Soft Boiled Eggs Shell Cutter","New","33","0","0","20","13","0","0","0","0","GBP","0","4","6","11","Low traffic","8.39","0.0","8.09","0.0","NoRestockExcessActionRequired","33","0.0","0","0","1.19","0.47","0.025237","cubic feet","Standard","0.832821","UK","gl_kitchen","345616","179","0","33","39","8.09","0.0","27.96","41.94","76.89","20","0","0","0","0","0.57","0","0","0","0","0","0","","","","","","","","","","","","","227.8","0","","2026-08-09","227.8","195.6","2026-08-10","33","0","0","0","179","N","","",""
"2026-08-13","JJ2510165","X002FQI7AZ","B0DCG8LV96","JYTDBCS Sink Plug Replacement, Pop up basin plugs,Universal sink stopper, Stainless Steel Drain for Kitchen and Bathroom,Bath,Basin","New","3","0","0","0","4","0","0","0","0","GBP","2","8","11","12","Low traffic","4.59","0.0","4.59","0.0","NoRestockExcessActionRequired","4","0.0","0","0","8.56","1.02","0.001059","cubic feet","Standard","0.003177","UK","gl_home","236318","12","0","16","35","4.59","7.64","30.56","42.7","46.86","0","0","0","0","0","0.0","30","30","0","0","1","0","","","","","","","","","","","","","97.9","0","","2026-08-09","35.6","97.9","2026-08-10","33","0","1","0","130","N","","",""
"2026-08-13","JJF2509316","X002EDV0HL","B0FQBZ3KJ9","UMORDUP 2Pcs Large Banana Hair Clips Retro Vintage Claw Clips Black Amber for Thick Hair Styling for Women","New","1","0","0","0","1","0","0","0","0","GBP","0","5","9","9","Low traffic","3.89","0.0","4.09","0.0","NoRestockExcessActionRequired","0","0.0","0","0","4.07","1.29","0.003531","cubic feet","Standard","0.003531","UK","gl_beauty","125748","113","21","16","30","4.09","0.0","17.05","31.33","31.33","0","0","0","0","0","0.0","20","0","20","0","0","0","","","","","","","","","","","","","79.6","0","","2026-08-09","27.0","79.6","2026-08-10","21","0","0","0","113","N","","",""
"2026-08-13","JJF2509284","X002EC31UB","B0FQ5CGCC2","UMORDUP French Bow Hair Clip for Women, Solid Black Satin Hair Barrette, Lightweight Spring Barrette for Daily & Party Hairstyling","","0","0","0","0","0","0","1","0","0","GBP","0","0","2","3","","0.0","0.0","0.0","0.0","CreateShippingPlan","","","0","0","","0.4","0.003531","cubic feet","Standard","0.0","UK","gl_beauty","","0","0","","0","3.09","0.0","0.0","5.14","7.8","0","0","0","1","0","","0","0","0","0","0","0","0","0.0","0","0.0","1","0.01","0","0.0","0","0.0","0","0.0","","3","2026-07-15","","","250.0","2026-08-10","0","0","0","0","0","N","","",""
"2026-08-13","JJ2510137","X002FQ2K1R","B0D7VP4FY8","Women's Boat Socks Summer Ice Silk Thin Invisible Socks Cotton Sole High Heel Socks 5 Pack (White + Pink + Skin Color + Black + Gray)","New","28","0","0","29","0","0","0","0","0","GBP","1","2","5","15","Low traffic","4.99","0.0","4.99","0.0","NoRestockExcessActionRequired","8","0.0","0","0","28.65","0.68","0.004767","cubic feet","Apparel","0.133476","UK","gl_apparel","556915","181","0","56","24","4.99","4.16","8.48","22.29","68.89","0","29","0","0","0","0.03","0","0","0","0","1","0","","","","","","","","","","","","","912.0","0","","2026-08-09","912.0","102.1","2026-08-10","28","1","0","0","189","N","","",""
"2026-08-13","JJ250947","X002E6GYJR","B0FGCN7NL6","TRHDFW 2 Pack Squeeze Glasses Case Portable Leather Soft Sunglasses Case Anti-Scratch Eyeglasses Bag Goggles Sleeve with Cleaning Cloth for Women Men","New","9","0","0","0","9","0","0","0","0","GBP","2","2","2","2","Low traffic","3.79","0.0","3.79","0.0","NoRestockExcessActionRequired","0","0.0","0","0","33.57","0.1","0.009062","cubic feet","Apparel","0.081558","UK","gl_apparel","","101","9","18","58","3.79","6.32","6.32","6.32","6.32","0","0","0","0","0","0.05","0","0","0","0","0","0","","","","","","","","","","","","","","0","","","","","2026-08-10","9","0","0","0","101","N","","",""
"2026-08-13","JJ2509111","X002E79AN3","B0FGPXK126","TRHDFW Men's Midnight Black Venetian Masquerade Carnival Ball Party Eye Mask","","0","0","0","0","1","0","0","0","0","GBP","0","1","4","5","","0.0","0.0","5.39","0.0","CreateShippingPlan","","","0","0","","0.2","0.051533","cubic feet","Standard","0.0","UK","gl_toy","189516","0","0","0","0","5.39","0.0","4.66","18.64","23.3","0","0","0","0","0","","0","0","0","0","0","0","","","","","","","","","","","","","480.0","3","2026-08-12","2026-08-09","480.0","356.1","2026-08-10","0","0","0","0","0","Y","Halloween","2026-09-26","2026-11-06"
"2026-08-13","JJ2509127","X002E763Z1","B0FG843RRL","Titanium Lancet Needle Acne Blackhead Remover Pimple Extractor Popper Tool","New","19","0","0","0","19","0","0","0","0","GBP","0","0","1","2","Low traffic","3.99","0.0","3.79","0.0","NoRestockExcessActionRequired","19","0.0","0","0","0.0","0.1","0.002766","cubic feet","Standard","0.052554","UK","gl_personal_care_appliances","","","0","","123","3.79","0.0","0.0","3.49","6.98","0","0","0","0","0","0.0","0","0","0","0","0","0","","","","","","","","","","","","","","0","","","","924.0","2026-08-10","19","0","0","0","","N","","",""
"2026-08-13","JJ250965","X002E6BF3R","B0FGQ9VY6M","Slip Lead for Dogs, Black, 1.25m Lightweight Slip Leash with Sliding Rubber Stopper for Training - No Collar or Harness Required","New","26","0","0","1","27","0","0","0","0","GBP","3","3","3","9","Low traffic","5.69","0.0","5.09","0.0","CreateShippingPlan","26","0.0","0","0","0.94","0.26","0.018124","cubic feet","Standard","0.471224","UK","gl_pet_products","49761","182","0","34","37","5.09","14.22","14.22","14.22","43.68","1","0","0","0","0","0.06","0","0","0","0","5","0","","","","","","","","","","","","","341.4","0","","2026-08-09","336.0","341.4","2026-08-10","26","5","0","0","243","N","","",""
"2026-08-13","JJ2509124","X002E787H3","B0FG6LLG7P","2PSC Pill Boxes 7 Day 1 Times a Day - Pill Organiser Weekly Tablet | Daily Organiser with Dosset Compartments | Conveniently Sized Portable Medicine Storage (Pink)","New","1","0","0","2","0","0","0","0","0","GBP","1","20","24","34","Low traffic","3.89","0.0","4.09","0.0","CreateShippingPlan","2","0.0","0","0","0.0","2.96","0.017799","cubic feet","Standard","0.017799","UK","gl_drugstore","","50","0","4","8","4.09","3.41","64.97","78.61","112.71","0","2","0","0","0","0.0","20","0","20","0","1","0","","","","","","","","","","","","","38.6","16","2026-08-14","2026-08-09","24.5","38.6","2026-08-10","21","1","0","0","53","N","","",""
"2026-08-13","JJ2510158","X002FQEEYD","B0DB5TPC1F","JYTDBCS Floral Beaded Phone Lanyards w/ Stars, Butterfly & Flower Torque - Blue Cellphone Wrist Straps for Girls","New","25","0","0","0","26","0","0","0","0","GBP","0","0","1","1","Low traffic","4.99","0.0","4.59","0.0","Lower price","0","4.47","52","0","103.51","0.04","0.004924","cubic feet","Apparel","0.1231","UK","gl_jewelry","","","25","","325","4.59","0.0","0.0","4.32","4.32","0","0","0","0","0","0.09","0","0","0","0","1","0","","","","","","","","","","","","","","0","","","","2391.0","2026-08-10","25","1","0","0","","N","","",""
"2026-08-13","JJ2509260","X002E7RAF3","B0FMHX7QG9","TRHDFW Full Face Shield Ice Silk UV Protection, 4 Pcs Ladies Sunscreen Masks Cover, Multifunctional Breathable Women Sun Veil with Eye Protector Sheets for Hiking","New","14","0","0","14","0","0","0","0","0","GBP","0","6","22","31","Low traffic","6.19","0.0","6.39","0.0","CreateShippingPlan","5","4.98","4","0","6.4","1.77","0.022789","cubic feet","Standard","0.319046","UK","gl_biss","61789","56","0","9","5","6.54","0.0","31.92","122.31","173.25","0","0","14","0","0","0.09","0","0","0","0","0","0","","","","","","","","","","","","","74.9","11","2026-08-08","2026-08-09","74.9","45.0","2026-08-10","14","0","0","0","56","N","","",""
"2026-08-13","JJ2509163","X002E7BMZ7","B0FHKQLR22","Ice Cream Cone Headband - Kids & Adults Unisex Headband - Yellow Cotton Hair Accessory - 1 Count (Pack of 1)","New","42","0","0","42","0","0","0","0","0","GBP","11","35","40","58","Low traffic","6.09","0.0","6.09","0.0","NoRestockExcessActionRequired","2","3.7","3","0","148.63","3.23","0.069217","cubic feet","Standard","2.907114","UK","gl_beauty","217126","119","0","12","24","6.09","55.77","177.45","202.8","291.18","42","0","0","0","0","0.2","68","50","18","0","0","0","","","","","","","","","","","","","15.1","0","","2026-08-09","14.5","15.1","2026-08-10","110","0","0","0","219","N","","",""
"2026-08-13","JJF2603006","X002J0JZAN","B0GQY55MW5","False Eyelashes Wispy Lashes Natural Look Fake Eyelashes Cat Eye Lashes Faux Mink Fluffy Strip False Lashes Fox Eye Lashes","New","36","0","0","40","0","0","0","0","0","GBP","7","26","39","58","Low traffic","5.99","0.0","5.99","0.0","NoRestockExcessActionRequired","35","0.0","0","0","0.0","2.55","0.003531","cubic feet","Standard","0.127116","UK","gl_beauty","55940","41","0","10","14","5.99","34.08","125.66","188.32","279.9","30","10","0","0","0","0.08","30","30","0","0","0","2","","","","","","","","","","","","","41.9","14","2026-08-16","2026-08-09","41.9","25.9","2026-08-10","66","0","0","0","77","N","","",""
"2026-08-13","JJ250978","X002E71QM1","B0FH1HZ1MB","Credit Card Holder 20 Slots RFID Wallet for Men Women enuine Leather Protector","New","1","0","0","17","0","0","0","0","0","GBP","6","24","38","50","Low traffic","5.39","0.0","5.39","0.0","CreateShippingPlan","2","0.0","0","0","0.0","3.92","0.003531","cubic feet","Standard","0.003531","UK","gl_luggage","152525","0","0","0","0","5.59","26.94","107.76","170.06","222.98","17","0","0","0","0","0.0","0","0","0","0","15","0","","","","","","","","","","","","","31.2","60","2026-08-12","2026-08-09","31.2","20.9","2026-08-10","1","15","0","0","18","N","","",""
"2026-08-13","JJ2510198","X002FQLNIN","B0D7VJHK6T","2Pcs Sealing Wax Spoon with Wax Mixing Spoon, Retro Wax Spoon with Wooden Handle Copper Wax Melting Spoon for Sealing Stamp Dissolve Wax Melting Spoon","New","18","0","0","15","3","0","0","0","0","GBP","0","3","7","10","Low traffic","3.89","0.0","3.89","0.0","NoRestockExcessActionRequired","18","0.0","0","0","0.0","0.52","0.004284","cubic feet","Standard","0.077112","UK","gl_biss","","366","0","50","49","3.89","0.0","10.23","23.87","34.1","0","0","15","0","0","0.05","20","0","20","0","0","0","","","","","","","","","","","","","183.5","0","","2026-08-09","143.5","183.5","2026-08-10","38","0","0","0","366","N","","",""
"2026-08-13","JJ2509172","X002E7DY71","B0FHGG94DP","1PCS Bottle Opener Keyring Cute Drink Bottle Opener Keychain Game Car Keyring for Women Men Unique Bag Jewelry Love Beer Gift for Christmas and Birthday(Red","New","16","0","0","16","0","0","0","0","0","GBP","7","13","24","33","Low traffic","5.09","0.0","5.09","0.0","NoRestockExcessActionRequired","16","0.0","0","0","0.0","2.54","0.001159","cubic feet","Standard","0.018544","UK","gl_kitchen","152426","116","0","11","14","5.09","29.68","55.12","101.12","138.56","15","1","0","0","0","0.04","20","0","20","0","0","0","","","","","","","","","","","","","61.6","0","","2026-08-09","61.6","36.7","2026-08-10","36","0","0","0","116","N","","",""
"2026-08-13","JJF2509310","X002EDOKP5","B0FQBXKV27","Hair Donut Bun Maker, Ring Style Bun, 2PCS Chignon Hair Large Doughnut Shaper for Thick and Long (Large, 3.5 Inch/Brown)","New","26","0","0","28","0","0","0","0","0","GBP","1","2","3","5","Low traffic","6.29","0.0","6.29","0.0","NoRestockExcessActionRequired","27","0.0","0","0","0.03","0.32","0.00354","cubic feet","Standard","0.09204","UK","gl_beauty","268389","219","0","52","67","6.29","5.24","10.48","15.89","27.03","20","0","8","0","0","0.06","0","0","0","0","2","0","","","","","","","","","","","","","760.0","0","","2026-08-09","760.0","271.6","2026-08-10","26","2","0","0","236","N","","",""
"2026-08-13","JJ2509145","X002E78R6J","B0FHJMFM3Q","TRHDFW Polarised UV Cycling Sunglasses For Men and Women, Running Sunglasses Men Women, UV 400 Cycling Glasses, Wrapped Design, Lightweight, Stylish, Golf & Fishing, Cycle Glasses","New","153","0","0","155","0","0","0","0","0","GBP","1","5","69","83","","6.69","0.0","5.89","0.0","NoRestockExcessActionRequired","78","0.0","0","0","193.56","1.68","0.160187","cubic feet","Standard","24.508611","UK","gl_sports","11321","366","0","202","39","6.09","5.57","27.85","384.33","462.31","155","0","0","0","0","0.37","100","100","0","0","0","1","","","","","","","","","","","","","254.0","0","","2026-08-09","254.0","23.2","2026-08-10","253","0","0","0","366","N","","",""
"2026-08-13","JJ2509174","X002E7CDSR","B0FHPVCHRM","15Pcs Drink Pouches with 2pcs Funnels for Festivals,Clear Juice Flasks,Reusable Leak Proof Travel Liquor Bags with Spout for Picnic Camping Party Sports Christmas Beverage Drinks-250ml,420ml,500ml","New","10","0","0","10","0","0","0","0","0","GBP","5","15","20","35","Low traffic","5.39","0.0","5.39","0.0","NoRestockExcessActionRequired","0","0.0","0","0","29.29","2.75","0.076114","cubic feet","Standard","0.76114","UK","gl_home","62710","63","0","8","11","5.39","22.45","67.35","90.65","162.95","0","10","0","0","0","0.02","20","0","20","0","0","0","","","","","","","","","","","","","44.5","19","2026-08-18","2026-08-09","41.7","44.5","2026-08-10","30","0","0","0","63","N","","",""
"2026-08-13","JJ2509237","X002E7MOCH","B0FMF8CXJP","Basic Sunglasses Strap with Reliable Hold Adjustable Sports Glasses Strap for Men and Women","New","15","0","0","0","15","0","0","0","0","GBP","","","","","Low traffic","7.49","0.0","7.49","0.0","Advertise listing","0","0.0","0","0","34.33","0.0","","","Other","","UK","gl_apparel","","","15","","","","","","","","0","0","0","0","0","0.03","0","0","0","0","0","0","","","","","","","","","","","","","","0","","","","","2026-08-10","15","0","0","0","","N","","",""
