"sku","fnsku","asin","product-name","condition","your-price","mfn-listing-exists","mfn-fulfillable-quantity","afn-listing-exists","afn-warehouse-quantity","afn-fulfillable-quantity","afn-unsellable-quantity","afn-reserved-quantity","afn-total-quantity","per-unit-volume","afn-inbound-working-quantity","afn-inbound-shipped-quantity","afn-inbound-receiving-quantity","afn-researching-quantity","afn-reserved-future-supply","afn-future-supply-buyable","afn-fulfillable-quantity-local","afn-fulfillable-quantity-remote","afn-fc-transfer-quantity","afn-onhand-buyable-quantity","store"
"XJ250401","X0029UFORL","B0F3CPCQ1Y","AXNKDH Double-Sided Exfoliating Mitt, Natural Hemp Fibre Body Scrubber, Soft Shower Puff Loofah Sponge, Dual Action Bath Glove for Dead Skin Removal, Suitable for All Skin Types, Beige","New","7.29","No",,"Yes","14","14","0","0","14","768.06","0","0","0","0","0","0","14","0","0","14",
"XJ250402","X0029UL4ON","B0F3CRP3MP","6 Pieces Egg Spoons Set, Stainless Steel, Classic, Perfect for Soft Boiled Eggs","New","8.99","No",,"Yes","74","61","2","2","104","369.86","0","30","0","0","0","0","61","0","9","70",
"XJ250403","X0029UI22F","B0F3C45Q65","AXNKDH Radish Shaped Soap Box, Red Plastic Portable Travel Soap Dish with Drainage Tray, Non Slip Waterproof Bathroom Soap Holder Organiser for Shower Kitchen Sink Use","New","7.09","No",,"Yes","15","15","0","0","15","232.53","0","0","0","0","0","0","15","0","0","15",
"XJ250404","X0029UN8D3","B0F3CM16PY","Heavy Duty Cake Lifter with Comfort Grip Handle,Cake Lifter, Pink","New","7.79","No",,"Yes","0","0","0","0","0","974.37","0","0","0","0","0","0","0","0","0","0",
"XJ250406","X0029UHSGV","B0F3BSQVCF","AXNKDH 40 Pcs Toenail Correction Strips Set, Soft Gel Nail Straightener Patches with Lifter, Ultra-Thin Flexible Foot Nail Care Tools for Daily Toenail Grooming","New","7.29","No",,"Yes","19","19","0","0","19","207.95","0","0","0","0","0","0","19","0","0","19",
"XJ250801","X002DUI05P","B0FN47GCGJ","AXNKDH Oversized Polarised XL Sunglasses Over Glasses, TR90 Frame，9-Layer TAC Lenses UV400 Protection Category- Ideal for Driving & Outdoor​","New","5.29","No",,"Yes","31","31","0","0","31","99.96","0","0","0","0","0","0","31","0","0","31",
"XJ250803","X002DWVBC7","B0FND56BNJ","AXNKDH Unisex Polarised Sunglasses, Classic Square Full Rim UV400 Protection Eyewear, Champagne Frame Brown Lens, Lightweight PC Glasses for Golf Fishing Beach Travel Outdoor Daily Use","New","4.69","No",,"Yes","1","0","0","1","51","99.96","0","50","0","0","0","0","0","0","0","0",
"XJ250804","X002DWUJTX","B0FND83VXJ","AXNKDH Vintage Square Sunglasses for Women Men Retro Rectangle 90s Thick Frame UV400","New","5.99","No",,"Yes","72","69","0","3","72","99.96","0","0","0","0","0","0","69","0","0","69",
"XJ250805","X002DWVFQ9","B0FND6C5CJ","AXNKDH 6 Pcs Adjustable Glasses Straps, Non Slip Elastic Eyeglasses Cord, Solid Colour Sports Sunglasses Lanyards for Men Women, Universal Fit for Myopia Glasses Outdoor Running Cycling Hiking Fishing","New","4.19","No",,"Yes","1","0","0","1","1","99.96","0","0","0","0","0","0","0","0","0","0",
"XJ250806","X002DXAXLB","B0FNFL34J6","AXNKDH Retro Oval Polarised Sunglasses, Classic Metal Frame UV400 Protection Eyewear, Vintage Fashion Outdoor Driving Shopping Travel Sunglasses for Men Women","New","3.99","No",,"Yes","0","0","0","0","0","99.96","0","0","0","0","0","0","0","0","0","0",
"XJ250807","X002DWFYMP","B0FNBNDWZM","AXNKDH Sports Running Sunglasses for Women Men Polarised Wraparound Cycling Glasses with UV400 Protection Outdoor Activities","New","4.99","No",,"Yes","11","10","0","1","11","99.96","0","0","0","0","0","0","10","0","0","10",
"XJ250809","X002DX9MCR","B0FNFCQSVP","AXNKDH Hexagonal Sunglasses for Women and Men, Trendy Small Square Frame, Polarised UV Protection Sunnies","New","4.69","No",,"Yes","34","30","0","4","34","99.96","0","0","0","0","0","0","30","0","0","30",
"XJ250810","X002DWR6M1","B0FND5FJGZ","AXNKDH Retro Round Polarised Sunglasses for Men Women, Vintage Metal Frame Hippie Style","New","4.99","No",,"Yes","0","0","0","0","0","99.96","0","0","0","0","0","0","0","0","0","0",
"XJ250811","X002DX8IYF","B0FNJPKYP3","AXNKDH 2 Pairs Slim Reading Glasses, Pocket Metal Frame Blue Light Blocking Glasses with Portable Pen Cases, Lightweight Stylish Compact Rectangle Readers Glasses for Men Women","New","6.99","No",,"Yes","50","50","0","0","50","99.96","0","0","0","0","0","0","50","0","0","50",
"XJ250812","X002DX41TL","B0FNFWJVBW","AXNKDH Clip On Sunglasses for Men Women, Classic Polarised Clip-on for Driving, Clear Vision, Anti Glare","New","3.49","No",,"Yes","15","0","0","15","15","99.96","0","0","0","0","0","0","0","0","0","0",
"XJ250813","X002DX581L","B0FNF8664T","AXNKDH Polarised Sunglasses Womens Classic Retro Style UV400 Protection Fashion Sun Glasses for Outdoor","New","4.89","No",,"Yes","0","0","0","0","0","99.96","0","0","0","0","0","0","0","0","0","0",
"XJ250814","X002DWL64P","B0FND23GX5","AXNKDH Retro Cat Eye Polarised Sunglasses for Women, UV400 Anti-Glare Shades, Hypoallergenic Acetate Frame, Brown Frame Grey Gradient Lens, Fashion Eyewear for Driving Beach Outdoor Daily Wear","New","5.09","No",,"Yes","39","36","0","2","39","99.96","0","0","0","1","0","0","36","0","0","36",
"XJ250816","X002DX8EXZ","B0FNGQ87VZ","AXNKDH Oval Blue Light Glasses for Women Men Small Cat Eye Frame Anti Eye Strain Headache Clear Lens for Computer Gaming Reading","New","4.29","No",,"Yes","39","37","0","1","79","99.96","0","40","0","1","0","0","37","0","0","37",
"XJ250817","X002DXAXQV","B0FNFCPST7","AXNKDH Blue Light Blocking Glasses, Gaming Glasses for Computer Use, Lightweight Anti Glare Gamer Glasses with UV Protection for Screens, TVs, Mobile Phones, Professional Filter for Pro Gamers, Amber","New","5.79","No",,"Yes","34","34","0","0","34","99.96","0","0","0","0","0","0","34","0","0","34",
"XJ250818","X002DWMXL5","B0FNCXMWWX","AXNKDH Vintage Square Polarised Sunglasses for Men Women, UV400 Protection Lightweight Frame for Driving Outdoor Activities","New","4.39","No",,"Yes","0","0","0","0","0","99.96","0","0","0","0","0","0","0","0","0","0",
"XJ250819","X002DXBXLF","B0FNJ1MR94","AXNKDH Distance Glasses TR90 Blue Light Filtering Myopia, Light Myopia for Men and Women, Black 872","New","7.39","No",,"Yes","61","54","3","3","81","273.01","0","20","0","0","0","25","54","0","1","55",
"XJ250820","X002DX8KW5","B0FNJ33R23","AXNKDH 3 PCS Night Driving Glasses for Men Women, Anti Glare Glasses Set","New","4.19","No",,"Yes","33","31","0","0","34","99.96","0","1","0","0","0","0","31","0","2","33",
"XJ250821","X002DXCZQR","B0FNJJR6Q6","AXNKDH 2 pairs of sports sunglasses set, black frame gray film+blue frame blue film, men's and women's outdoor cycling, running, driving, sun shading sunglasses","New","6.49","No",,"Yes","35","35","0","0","35","99.96","0","0","0","0","0","0","35","0","0","35",
"XJ250823","X002DWTSHR","B0FND18KWG","AXNKDH Square Blue Light Blocking Glasses for Women Men Retro 70s Oversized Bluelight Filter Computer Screen Anti Glare Eyewear","New","3.49","No",,"Yes","11","11","0","0","11","99.96","0","0","0","0","0","0","11","0","0","11",
"XJ250824","X002DX3TGR","B0FNFT5PDR","AXNKDH Polarized Sunglasses Women Trendy Classic Sun Glasses Ladies Cateye Frame Retro Cute Shades UV400 Protection","New","4.19","No",,"Yes","55","55","0","0","55","99.96","0","0","0","0","0","0","55","0","0","55",
"XJ250826","X002DXCJ09","B0FNFVCC4W","AXNKDH Blue Light Blocking Glasses for Women Men Pilot Square Computer Screen Filter Anti Glare","New","4.59","No",,"Yes","20","19","0","1","50","99.96","0","30","0","0","0","0","19","0","0","19",
"XJ250827","X002DXDHL9","B0FNJ8PX8H","AXNKDH 2 Pairs Slim Pocket Reading Glasses, Blue Light Blocking Metal Frame Spring Hinge Mini Compact Skinny Rectangle Lightweight Unisex Magnifying Eyewear with Portable Pen Clip Case","New","4.79","No",,"Yes","19","16","0","1","49","99.96","0","30","0","0","0","15","16","0","2","18",
"XJ250828","X002DXCIUF","B0FNFXX6V1","AXNKDH Polarised Round Sunglasses for Men Women: Retro Circle Metal Sun Glasses Hippie Travelling Driving","New","4.29","No",,"Yes","30","24","0","1","30","99.96","0","0","0","0","0","0","24","0","5","29",
"XJ250829","X002DXAQ2R","B0FNJGHMK9","AXNKDH Ladies Blue Light Blocking Glasses, UV Protection Anti Glare Square Frame for Computer & Screen Use","New","4.69","No",,"Yes","0","0","0","0","0","99.96","0","0","0","0","0","0","0","0","0","0",
"XJ250830","X002DX8EPD","B0FNJJY2C1","AXNKDH Retro Pilot Sunglasses for Women Men 70s Square Vintage Oversized Double Bridge UV400 Protection","New","6.19","No",,"Yes","39","36","0","0","89","99.96","0","50","0","0","0","0","36","0","3","39",
"XJ250831","X002DX5F4B","B0FNFCY2CD","AXNKDH Women Vintage Leopard Print Sunglasses, 90s Retro Small Oval Full Rim Glasses, UV Protection Scratch Resistant Non-Polarised Brown Fashion Eyewear Gift for Ladies","New","2.99","No",,"Yes","1","0","0","1","1","99.96","0","0","0","0","0","20","0","0","0","0",
"XJ250832","X002DX31RJ","B0FNFNBLP6","AXNKDH Retro Oval Polarised Sunglasses for Men Women, Classic Metal Frame UV400 Protection Sunglasses","New","4.99","No",,"Yes","0","0","0","0","0","99.96","0","0","0","0","0","0","0","0","0","0",
"XJ250833","X002DX4M4F","B0FNFBRWH6","AXNKDH Polarised Sunglasses for Men and Women UV400 Protection Sports Outdoor Anti Glare Lightweight","New","4.69","No",,"Yes","0","0","0","0","0","99.96","0","0","0","0","0","0","0","0","0","0",
"XJ250834","X002DXAR17","B0FNJVFJS8","AXNKDH Blue Light Blocking Glasses for Women Men, Computer Gaming Eyewear Filter Transparent Frame Clear Lens Anti Eyestrain UV Lightweight","New","5.89","No",,"Yes","37","35","0","2","67","99.96","0","30","0","0","0","20","35","0","0","35",
"XJ250835","X002DXANED","B0FNJ5D8NY","AXNKDH Retro Pilot Sunglasses Women Men Polarised 70s Vintage Square Shades Double Bridge UV400","New","4.09","No",,"Yes","74","56","1","4","114","99.96","0","40","0","0","0","0","56","0","13","69",
"XJ250836","X002DXAMSP","B0FNJC6XDT","AXNKDH Retro Oval Sunglasses for Women Men Round Vintage Metal Frame UV400 Protection","New","4.59","No",,"Yes","39","37","0","2","59","99.96","0","20","0","0","0","0","37","0","0","37",
"XJ250837","X002DX6RMF","B0FNJJXVFS","AXNKDH Retro Pilot Sunglasses for Men Women Vintage 70s Oversized Driving Sun Glasses Night Vision Classic Double Bridge Style Shade UV400","New","4.79","No",,"Yes","19","12","0","2","59","227.45","0","40","0","0","0","0","12","0","5","17",
"XJ250838","X002DX31YH","B0FNFP8R2J","AXNKDH Polarised Over Glasses Sunglasses Women Anti-Glare Trendy Square Shades Wrap-Around Design UV400 Protection","New","6.89","No",,"Yes","52","52","0","0","52","99.96","0","0","0","0","0","0","52","0","0","52",
"XJ250839","X002DWVEA1","B0FND7SSYX","AXNKDH Blue Light Blocking Clip On Glasses, Computer and Gaming Eyewear for Better Night Sleep, Anti Eye Strain, Suitable for Screens, Games, TVs, Mobile Phones","New","7.79","No",,"Yes","63","62","0","1","63","99.96","0","0","0","0","0","0","62","0","0","62",
"XJ250840","X002DXCIW3","B0FNFLTX4C","AXNKDH Hexagonal Sunglasses for Men Women, Polarised Polygon Retro Square Glasses Metal Frame UV400 Protection","New","6.89","No",,"Yes","35","27","0","0","121","99.96","0","86","0","0","0","0","27","0","8","35",
"XJ250841","X002DXEKB5","B0FNJYXBXK","AXNKDH 3-Pack Blue Light Blocking Glasses - Women & Men Computer Gaming Glasses with Screen Filter, Anti-Headache & Eye Strain Protection, Lightweight Eyeglasses for TV & Phone","New","5.19","No",,"Yes","30","28","0","1","30","99.96","0","0","0","1","0","0","28","0","0","28",
"XJ250842","X002DWUYFH","B0FND7DK67","AXNKDH Retro Vintage Rimless UV Protection Slim Rectangular Sunglasses Men Women Unisex","New","5.89","No",,"Yes","29","27","0","2","29","99.96","0","0","0","0","0","0","27","0","0","27",
"XJ250843","X002DWNPRB","B0FND2717F","AXNKDH Ultra Thin Folding Reading Glasses Women Men Lightweight TR90 Blue Light Blocking Foldable Compact Computer Readers Portable Slim Flat Sturdy Case Black +1.50","New","4.89","No",,"Yes","3","2","0","0","3","99.96","0","0","0","1","0","0","2","0","0","2",
"XJ250844","X002DXCDYL","B0FNJHRMGV","AXNKDH Reading Glasses Half Frame Semi Rimless Metal Strong Eyewear Spring Hinge Clear Lens Lightweight Fashion Computer Readers for Men Women","New","5.39","No",,"Yes","9","7","2","0","69","99.96","0","60","0","0","0","0","7","0","0","7",
"XJ250845","X002DX6T7N","B0FNJTLZ3F","AXNKDH Retro Round Polarised Sunglasses Unisex, UV400 Vintage Mid-Century Modern Shades, Green Frame Grey Lens, Durable Plastic Eyewear for Men Women Driving Cycling Fishing Outdoor Daily Wear","New","5.39","No",,"Yes","18","18","0","0","18","99.96","0","0","0","0","0","0","18","0","0","18",
"XJ250847","X002DXD089","B0FNJCCVJY","AXNKDH Oversized Square Fit Over Glasses Sunglasses for Men Women, Polarised UV400 Protection Grey Lens, TR90 Flexible Frame TAC Lens, Black Full Coverage Shades for Driving Fishing Golf Outdoor","New","4.59","No",,"Yes","49","47","0","2","49","99.96","0","0","0","0","0","0","47","0","0","47",
"XJ250848","X002DX9M45","B0FNFWBJ79","AXNKDH Polarized Clip On Sunglasses, 180° Flip Up Design, UV400 Protection Anti-Glare Driving Glasses for Men and Women","New","3.79","No",,"Yes","0","0","0","0","0","99.96","0","0","0","0","0","0","0","0","0","0",
"XJ250849","X002DXAPO1","B0FNJLBLK2","AXNKDH Retro Chunky Square Sunglasses for Men Women, 80s Vintage Thick Frame Eyewear, UV400 Protection Orange Frame Yellow Lens, Mid-Century Modern Fashion Glasses for Outdoor Driving Travel","New","5.39","No",,"Yes","24","23","0","0","24","99.96","0","0","0","1","0","0","23","0","0","23",
"XJ250850","X002DXAXP7","B0FNFJV2WS","AXNKDH Polarised Sunglasses for Women Men, Trendy Square Shades, Ultralight Hexagon Metal Frame UV400 Protection Sun Glasses","New","4.69","No",,"Yes","36","32","0","4","36","99.96","0","0","0","0","0","0","32","0","0","32",
"XJ250852","X002DWU2HH","B0FND6KKQX","AXNKDH Rimless y2k Sunglasses Star for Women Men, Oversized Wrap Around Shades Unisex","New","6.89","No",,"Yes","34","2","1","7","34","99.96","0","0","0","0","0","0","2","0","24","26",
"XJ250853","X002DX6RRZ","B0FNJ1TMG1","AXNKDH Blue Light Blocking Glasses for Men Women, UV400 Protection Anti Glare Square Frame for Computer & Screen Use","New","4.69","No",,"Yes","0","0","0","0","0","99.96","0","0","0","0","0","0","0","0","0","0",
"XJ250854","X002DXCCE7","B0FNFGVHLN","AXNKDH Oversized Fun Sunglasses for Adults Women, Accessories for Parties and Hip-Hop Dance, Unique Stylish Design","New","4.59","No",,"Yes","14","14","0","0","74","99.96","0","60","0","0","0","0","14","0","0","14",
"XJ250855","X002DWVOX3","B0FNDB2JDZ","AXNKDH Unisex Blue Light Blocking Glasses, Clear Lens Square Full Rim Frame, Lightweight Anti Glare Eyewear for Computer Gaming Office Digital Screen Use, Adults Only Black Fashion Glasses 52-22-135","New","4.19","No",,"Yes","38","37","1","0","38","99.96","0","0","0","0","0","0","37","0","0","37",
"XJ250856","X002DX89S5","B0FNJCB1JT","AXNKDH Retro Narrow Rectangle Sunglasses for Women Men Vintage 90s Small Metal Frame Square Glasses","New","4.19","No",,"Yes","22","20","0","1","22","99.96","0","0","0","1","0","0","20","0","0","20",
"XJ250857","X002DWUYS9","B0FND72QVK","AXNKDH Round Sunglasses for Women Men Retro Circle Shades Classic Style","New","4.99","No",,"Yes","0","0","0","0","0","99.96","0","0","0","0","0","0","0","0","0","0",
"XJ250858","X002DXB081","B0FNFQ2366","AXNKDH Oval Sunglasses for Women Retro Cat Eye 90s Y2K Trendy Thin UV Protection Black Frame Lens","New","4.89","No",,"Yes","75","72","0","3","75","99.96","0","0","0","0","0","0","72","0","0","72",
"XJ250859","X002DX89RL","B0FNJC3JDF","AXNKDH Retro 70s Polarised Pilot Sunglasses for Women Men Oversized Double Bridge Aviation Shades UV400 Protection","New","4.19","No",,"Yes","51","50","1","0","81","99.96","0","30","0","0","0","0","50","0","0","50",
"XJ250860","X002DWU3QR","B0FND2YJCT","AXNKDH Trendy Polarized Pilot Sunglasses for Women Men, Vintage Rectangle Shades Sun Glasses UV400","New","5.39","No",,"Yes","14","14","0","0","14","99.96","0","0","0","0","0","0","14","0","0","14",
"XJ250861","X002DX3T9J","B0FNFG4HZF","AXNKDH Blue Light Glasses Kids Teens, Anti Blue Light with Black Frames Red Temples, Suitable for Games TV Mobile Phones","New","5.19","No",,"Yes","22","19","0","3","22","99.96","0","0","0","0","0","0","19","0","0","19",
"XJ250863","X002DXAR2V","B0FNJD8ZTH","AXNKDH 2Pcs Pinhole Glasses Anti-fatigue Grid Glasses Foldable Temples Unisex Eye Training Vision Relaxation Strengthen Children Adult Use","New","3.59","No",,"Yes","14","10","0","4","14","99.96","0","0","0","0","0","0","10","0","0","10",
"XJ250865","X002DWSYZT","B0FND8N339","AXNKDH Blue Light Blocking Clear Lens Glasses Anti Blue Ray Unisex for Women Girl and Men","New","4.79","No",,"Yes","29","27","0","2","59","99.96","0","30","0","0","0","30","27","0","0","27",
"XJ250866","X002DX9MD1","B0FNFNPZVQ","AXNKDH Blue Light Blocking Glasses Semi Rimless Eyewear For Women Men Classic Retro Square Metal Frame Anti Eye Strain Gaming Computer Glasses","New","6.69","No",,"Yes","17","16","0","0","47","99.96","0","30","0","1","0","0","16","0","0","16",
"XJ250868","X002DX8A9X","B0FNJKDBCT","AXNKDH Clip on Sunglasses, Blue Light Glasses & Driving Glasses, Fit Most Sizes","New","4.59","No",,"Yes","29","28","0","1","29","99.96","0","0","0","0","0","15","28","0","0","28",
"XJ250869","X002DXAXKR","B0FNFTNFHH","AXNKDH Fit Over Sunglasses for Men and Women, Polarized Wear Over Glasses, Sun Spectacles for Driving Walking Sport UV400 Protection","New","6.49","No",,"Yes","71","66","0","5","71","99.96","0","0","0","0","0","0","66","0","0","66",
"XJ250871","X002DXD6ZL","B0FNJ5DCLM","AXNKDH 3 Pack Blue Light Blocking, Round Frame, Light Weight Clear Lens Reading Glasses for Women & Men; Computer Glasses, Anti-Glare Eyeglasses","New","4.99","No",,"Yes","49","38","0","11","49","99.96","0","0","0","0","0","0","38","0","0","38",
"XJ250874","X002DXAQGD","B0FNJ5K6BY","AXNKDH Retro Round Polarised Sunglasses for Men Women, 70s Vintage Hippie Style, UV400 Protection","New","5.29","No",,"Yes","0","0","0","0","0","99.96","0","0","0","0","0","0","0","0","0","0",
"XJ250875","X002DWBLXL","B0FNC4W2LG","AXNKDH Women's Glasses Case Soft Portable PU Leather Glasses Bag","New","3.89","No",,"Yes","0","0","0","0","0","99.96","0","0","0","0","0","0","0","0","0","0",
"XJ250876","X002DWEPQ1","B0FNC3VCYH","AXNKDH 2 Pack Squeeze Closure Premium PU Leather Sunglasses Eyeglasses Storage Pouch","New","2.89","No",,"Yes","22","21","0","1","22","99.96","0","0","0","0","0","15","21","0","0","21",
"XJ250877","X002DWL7PN","B0FNCZC5YW","AXNKDH Vintage Narrow Rectangle Sunglasses for Women Men, Retro 90s Small Metal Frame Square Glasses","New","5.79","No",,"Yes","46","35","1","0","196","99.96","0","150","0","0","0","0","35","0","10","45",
"XJ250878","X002DWKUBF","B0FND19PVY","AXNKDH Women Sunglasses Retro Round Polarized Glasses with UV400 Protection Lens Trendy Vintage Style","New","5.09","No",,"Yes","27","25","0","2","47","99.96","0","20","0","0","0","0","25","0","0","25",
"XJ250879","X002DX4M13","B0FNFDN1P3","AXNKDH Oversized Sunglasses for Women Fashion Large Frame Designer Sun Glasses Polarised UV Protection Big Sunnies Ladies","New","6.09","No",,"Yes","15","14","0","1","185","99.96","0","170","0","0","0","0","14","0","0","14",
"XJ250880","X002DWQ5WN","B0FND54JS1","AXNKDH Slim Pen Reading Glasses Tube Reader Glasses Men Women Anti Blue Light Small Reader Spring Hinged Eyeglasses with Portable Clip Case","New","4.59","No",,"Yes","31","30","0","1","31","99.96","0","0","0","0","0","35","30","0","0","30",
"XJ250881","X002DWTA9X","B0FND5ZWKQ","AXNKDH Bifocal Reading Sunglasses, Oversized Sun Reader Glasses for Women UV Protection Outdoor","New","4.99","No",,"Yes","20","16","0","1","20","99.96","0","0","0","0","0","0","16","0","3","19",
"XJ250882","X002DWKEEN","B0FNCYNWRY","AXNKDH Polarised Sunglasses for Men Women UV400 Protection 80's Retro Style","New","4.89","No",,"Yes","56","53","0","1","106","99.96","0","50","0","2","0","0","53","0","0","53",
"XJ250883","X002DXB063","B0FNFVYCH8","AXNKDH Cute Strawberry Shape Sunglasses for Women Men Kids Metal Frame Fruit Funky Glasses Funny Party","New","6.29","No",,"Yes","20","18","0","1","100","99.96","0","80","0","0","0","10","18","0","1","19",
"XJ250884","X002DWKJMZ","B0FNCYN75J","AXNKDH Y2K Wrap-around Sunglasses Men's Women's Futuristic Outdoor Sports Parasol UV400 Glasses","New","5.99","No",,"Yes","32","28","1","3","62","99.96","0","30","0","0","0","0","28","0","0","28",
"XJ250885","X002DX8GXX","B0FNJ923YV","AXNKDH Retro Thick Rectangle Chunky Sunglasses Women Men Trendy Square Black Shades Tortie Frame Fashion 90s Glasses","New","6.79","No",,"Yes","86","75","0","0","156","99.96","0","70","0","0","0","15","75","0","11","86",
"XJ250886","X002DWUJXT","B0FND6MZ8M","AXNKDH Round Polarised Sunglasses for Men, Classic UV Protection Circle Glasses Women, Metal Frame","New","4.19","No",,"Yes","7","6","0","1","36","99.96","0","29","0","0","0","0","6","0","0","6",
"XJ250887","X002DX4PL5","B0FNFWHL6X","AXNKDH Polygon Rimless Sunglasses Trendy Vintage Rectangle Small Frame Retro Square Fashion Glasses for Women Men","New","3.98","No",,"Yes","0","0","0","0","0","99.96","0","0","0","0","0","0","0","0","0","0",
"XJ250888","X002DX8KT3","B0FNK1PJKB","AXNKDH Blue Light Blocking Glasses Computer Screen Gaming Reading TR90 Eyewear Frame Clear Lens Anti Eyestrain Anti UV Unisex Lightweight Fashion Accessories for PC Phone Game","New","4.99","No",,"Yes","25","24","0","1","85","175.18","0","60","0","0","0","40","24","0","0","24",
"XJ250889","X002DWGCWV","B0FNC9XG2J","AXNKDH Golden Glasses Chain for Men Women, Premium Brass Curb Chain Eyeglasses Lanyard, Anti-Loss Adjustable Retainer with Lobster Clasp, Fashion Decor Neck Strap for Sunglasses Reading Glasses","New","3.49","No",,"Yes","0","0","0","0","0","99.96","0","0","0","0","0","0","0","0","0","0",
"XJ250890","X002DWL51J","B0FNCX56FK","AXNKDH Vintage Round Metal Frame Retro Sunglasses Small Circle Hippie Oval Sunglasses for Men Women (Black)","New","5.39","No",,"Yes","31","29","0","2","51","99.96","0","20","0","0","0","15","29","0","0","29",
"XJ250891","X002DXEF6F","B0FNJPPJST","AXNKDH Retro Rimless Rectangle Sunglasses for Women Men Transparent Glasses Y2K Vintage Eyewear","New","6.49","No",,"Yes","52","51","0","1","52","99.96","0","0","0","0","0","0","51","0","0","51",
"XJ250892","X002DX9M8V","B0FNFWBRKH","AXNKDH Sunglasses That Clip Onto Glasses, Suitable For Both Men And Women, Round Polygonal Lens Flip-up Clip Sunglasses UV400.","New","5.19","No",,"Yes","57","57","0","0","57","99.96","0","0","0","0","0","0","57","0","0","57",
"XJ250893","X002DWBOW9","B0FNBT8YKN","AXNKDH Floating Sunglasses Strap, Adjustable Non Slip Silicone Eyewear Retainer, Universal Sports Glasses Lanyard for Men Women, Water Sports Accessory for Sailing Surfing Swimming Cycling Hiking","New","3.89","No",,"Yes","68","59","0","0","98","99.96","0","30","0","0","0","15","59","0","9","68",
"XJ250894","X002DX31UL","B0FNF97B6J","AXNKDH Polarised Fit-over Sunglasses Women Round Frame Over Glasses with UV Protection","New","5.19","No",,"Yes","44","42","0","2","44","99.96","0","0","0","0","0","0","42","0","0","42",
"XJ250895","X002DX9M5J","B0FNG1688G","AXNKDH Horn Rimmed Half Frame Polarised Sunglasses Mens Womens UV400 Protection","New","4.59","No",,"Yes","0","0","0","0","0","99.96","0","0","0","0","0","0","0","0","0","0",
"XJ250896","X002DX5F2N","B0FNFZX29C","AXNKDH Sunglasses for Men, Polarised Classic Black Shades Metal Frame with UV Protection","New","4.39","No",,"Yes","0","0","0","0","0","99.96","0","0","0","0","0","0","0","0","0","0",
"XJ250897","X002DX5F3R","B0FNFRKRBN","AXNKDH Polarized Clip-on Sunglasses for Women Men Flip Up UV400 Protection Glasses Driving Travelling Fishing","New","4.59","No",,"Yes","0","0","0","0","0","99.96","0","0","0","0","0","0","0","0","0","0",
"XJ250899","X002DX9M9Z","B0FNG4TZPX","AXNKDH Cat Eye Sunglasses Trendy Vintage Women Square Retro Style Anti-UV400 Fashion Cateye Sun Shades for Ladies","New","4.29","No",,"Yes","70","62","0","3","70","99.96","0","0","0","0","0","10","62","0","5","67",
"XJ250901","X002DX33XV","B0FNFH1GCY","AXNKDH Glasses 5 Pack - Lightweight Impact Resistant Scratch Resistant Bendy Flexible Anti-Slip Oval 150 degrees","New","3.99","No",,"Yes","24","21","0","2","24","99.96","0","0","0","1","0","0","21","0","0","21",
"XJ250903","X002DWGCXZ","B0FNBKG95X","AXNKDH Polarized Sports Sunglasses for Men Fishing Cycling Baseball Running Driving UV400 Protection","New","6.49","No",,"Yes","38","37","0","1","38","99.96","0","0","0","0","0","0","37","0","0","37",
"XJ250904","X002DWQ7OT","B0FND6RTF4","AXNKDH Sunglasses, anti-glare and anti-fatigue, made of TR90 material, suitable for travel and outdoor sports, amber lenses with black frame","New","4.59","No",,"Yes","20","20","0","0","20","99.96","0","0","0","0","0","0","20","0","0","20",
"XJ250905","X002DW9J8P","B0FNC1WBHJ","AXNKDH Glasses Strap Anti-Slip Silicone Eyeglass Strap Eyewear Retainers Sports Elastic Soft Sunglass Cord Holder for Men Women, 2PCS","New","2.99","No",,"Yes","1","0","0","1","1","99.96","0","0","0","0","0","15","0","0","0","0",
"XJ250907","X002DX4M1D","B0FNFZWPYV","AXNKDH Classic Style Sunglasses Retro UV400 Protection Unisex Sports","New","4.59","No",,"Yes","29","28","0","0","79","99.96","0","50","0","1","0","0","28","0","0","28",
"XJ250908","X002DX8CG9","B0FNGY5M7N","AXNKDH Women's Retro Cat Eye Sunglasses, UV400 Protection Stylish Eyewear for Outdoor & Daily Wear","New","4.69","No",,"Yes","0","0","0","0","0","99.96","0","0","0","0","0","0","0","0","0","0",
"XJ250909","X002DW9J4J","B0FNBYDN76","AXNKDH Polarized Sports Sunglasses for Outdoor Cycling Driving Golf Running Fishing, Superlight Frame Eyewear Sun Glasses UV400 Unisex","New","5.39","No",,"Yes","33","30","1","2","83","99.96","0","50","0","0","0","0","30","0","0","30",
"XJ250913","X002DX33W7","B0FNFHWTDD","AXNKDH Polarized Sunglasses - Men - Women - UV400 - Protective Rectangular Sunglasses Unisex Classic for Cycling Driving Fishing","New","4.09","No",,"Yes","46","40","0","0","46","99.96","0","0","0","1","0","0","40","0","5","45",
"XJ250915","X002DWSI69","B0FND6718M","AXNKDH Women's Men's Small Square Sunglasses Hexagonal Frame","New","4.29","No",,"Yes","26","24","0","0","26","99.96","0","0","0","1","0","0","24","0","1","25",
"XJ250916","X002DXCZTT","B0FNHTDJNJ","AXNKDH Rectangle Square Sunglasses for Women with UV400 Protection Trendy Frame 90s Sunglasses","New","4.39","No",,"Yes","34","32","0","2","34","99.96","0","0","0","0","0","0","32","0","0","32",
"XJ250917","X002DX3TC1","B0FNFMRQT5","AXNKDH Polarized Night Driving Glasses for Men Women - Anti Glare Night Vision Yellow Glasses for Driving at Night","New","4.09","No",,"Yes","33","31","0","2","33","99.96","0","0","0","0","0","20","31","0","0","31",
"XJ250919","X002DXB05T","B0FNFNXRC2","AXNKDH Polarised Cat Eye Sunglasses for Women, UV Protection Retro Small Narrow Pointy Cateye Sun Glasses","New","5.59","No",,"Yes","37","32","0","5","77","99.96","0","40","0","0","0","15","32","0","0","32",
"XJ250920","X002DWVEO7","B0FND6GF5Z","AXNKDH Rimless Rectangle Sunglasses UV400 Protection Antiglare Fashion Frameless Square Glasses for Women Men","New","5.79","No",,"Yes","42","41","1","0","72","99.96","0","30","0","0","0","0","41","0","0","41",
"XJ250921","X002DWNN2N","B0FNCXRVT8","Vintage Round Rivet Sunglasses UV400 Polarised Shatterproof Lenses Ultra-Light Frame Unisex Adult Brown for Outdoor & Daily Use","New","4.39","No",,"Yes","0","0","0","0","0","99.96","0","0","0","0","0","0","0","0","0","0",
"XJ250922","X002DXCIUZ","B0FNFNPWXH","AXNKDH Clip On Night Driving Glasses for Men Women, Polarised Anti Glare HD Vision for Low Light Conditions","New","3.59","No",,"Yes","20","19","0","1","20","99.96","0","0","0","0","0","0","19","0","0","19",
"XJ250923","X002DXAXLL","B0FNG17Y2B","AXNKDH Oversized Square Frame Sunglasses Womens Ladies Retro Vintage Trendy Shades UV400","New","4.99","No",,"Yes","31","31","0","0","71","99.96","0","40","0","0","0","0","31","0","0","31",
"XJ250924","X002DW9NPJ","B0FNBSD5B1","AXNKDH 2 Pack Silicone Glasses Retainer Strap, Adjustable Non Slip Eyewear Lanyard, Waterproof Elastic Sunglasses Chain Holder for Fishing Hiking Swimming Outdoor Sports Daily Use, Black One Size","New","3.39","No",,"Yes","3","3","0","0","23","99.96","0","20","0","0","0","0","3","0","0","3",
"XJ250925","X002DXCJ0J","B0FNG1CKZH","AXNKDH Polarised Semi-Rimless Sunglasses for Men Women, Classic Retro Half Frame Driving Sun Glasses UV400 Protection","New","4.79","No",,"Yes","105","91","0","3","105","99.96","0","0","0","0","0","0","91","0","11","102",
"XJ250928","X002DWFSXP","B0FNBK8HLZ","AXNKDH Squeeze Eyeglass Case (2 Pieces), Portable Leather Soft Sunglasses Case, Scratch-resistant Glasses Bag, Protective Eyewear Sleeve For Women And Men","New","4.99","No",,"Yes","14","14","0","0","44","99.96","0","30","0","0","0","0","14","0","0","14",
"XJ250929","X002DXD01B","B0FNJJ5XC7","AXNKDH Reading Glasses Clip On Flip Up Magnifying Lenses Readers Unisex (+2.0)","New","6.09","No",,"Yes","83","69","2","1","113","99.96","0","30","0","0","0","0","69","0","11","80",
"XJ250930","X002DX4M59","B0FNFQ4R59","AXNKDH Photochromic Polarised Driving Glasses, Yellow Anti Glare Night Vision Lens, Aluminium Magnesium Alloy Rectangular Frame, Day Night Eyewear for Low Light Rainy Foggy Outdoor Adult Use","New","3.49","No",,"Yes","0","0","0","0","0","99.96","0","0","0","0","0","0","0","0","0","0",
"XJ250932","X002DX4PUL","B0FNFR1QG8","AXNKDH Mens Photochromic Sunglasses Polarized for Driving Metal Frame with UVA UVB Protection","New","5.89","No",,"Yes","40","32","0","0","40","99.96","0","0","0","0","0","0","32","0","8","40",
"XJ250934","X002DX3403","B0FNFNPYWY","AXNKDH Photochromic Driving Glasses - Photochromism Polarization Adjustable Nose Pad Non-Slip Temple For Sunny Cloudy Day Driving Fishing Golf Reduce Glare UV400 Eyes Protection","New","6.29","No",,"Yes","8","8","0","0","8","99.96","0","0","0","0","0","0","8","0","0","8",
"XJ250935","X002DXAXOD","B0FNFZX7ZJ","AXNKDH Day Night Driving Glasses Anti-Glare Night Vision Polarized Sunglasses for Fishing Driving Filter Dazzling Glare from Headlights","New","3.89","No",,"Yes","0","0","0","0","0","99.96","0","0","0","0","0","0","0","0","0","0",
"XJ250936","X002DWBOY7","B0FNBV1L7M","AXNKDH Sports Polarized Sunglasses For Men Cycling Driving Fishing UV400 Protection, A1 Black Red Frame Red Mirrored Lens","New","5.99","No",,"Yes","19","19","0","0","19","99.96","0","0","0","0","0","0","19","0","0","19",
"XJ251008","X002FPZI2V","B0CWGH19B6","RSYHVG 4pcs 18cm/ 7 inch Diffuser Sock, Soft White Photography Diffuser Lamp Cover Diffuser Cover Cloth for Ring Light Flash Light","New","6.19","No",,"Yes","24","21","0","3","24","99.96","0","0","0","0","0","0","21","0","0","21",
"XJ251008-1","X002J7YK1P","B0GS5F8LV8","AXNKDH 4Pcs 7 Inch White Diffuser Sock, Soft Nylon Photography Lamp Cover, Adjustable Light Diffuser Cloth for Ring Light Flash Studio Portrait Product Shooting","New","6.29","No",,"Yes","9","9","0","0","9","99.96","0","0","0","0","0","0","9","0","0","9",
"XJ251009","X002FPZLYB","B0CTGVQ5JP","RSYHVG Sewing Machine Button Plate 2 Pcs Bulky Seam Jumper Hump Jumping Button Sewing Tool for Chunky Denim and Hemlines Compatible","New","3.99","No",,"Yes","0","0","0","0","0","209.26","0","0","0","0","0","0","0","0","0","0",
"XJ251010-1","X002LGTYK1","B0H29QWN16","4-Piece A4 Paper Cutter Replacement Blades, Titanium, Plastic, Manual-Retractable, Orange, Paper Cutter Head","New","3.99","No",,"Yes","1","0","0","1","1","99.96","0","0","0","0","0","0","0","0","0","0",
"XJ251012","X002FPY5TD","B0D2TNDRKG","24PCS False Nails- Black French Short False Nails Pattern false nails stick on nails for women impress nails press on - Fashion Nude Fake Nails Short with Nail Glue - stick on nails short - Artifi","New","3.49","No",,"Yes","0","0","0","0","0","102.58","0","0","0","0","0","0","0","0","0","0",
"XJ251019","X002FQ5RDZ","B0CTMFXBN7","RSYHVG Luggage Tags, Luggage Tags, Luggage ID Tags, Business Card Holders/Travel ID Bag Tags (Sun)","New","4.29","No",,"Yes","1","0","0","0","1","385.92","0","0","0","1","0","0","0","0","0","0",
"XJ251019-1","X002LGN9WF","B0H29Y6V97","Luggage Tags, Luggage Tags, Luggage ID Tags, Business Card Holders/Travel ID Bag Tags (Sun)","New","3.69","No",,"Yes","2","0","0","2","2","99.96","0","0","0","0","0","0","0","0","0","0",
"XJ251028","X002FPXKNP","B0CTT2VNRB","RSYHVG Hair pads for buns, hairstyle accessories, curl hair increase pads, hairpins, hair chucks, hair collet inserts, hair hairpins, making tools, women's women's hair braiding tools","New","6.39","No",,"Yes","0","0","0","0","0","526.68","0","0","0","0","0","0","0","0","0","0",
"XJ251038","X002FQ69MX","B0CWD5QNBV","RSYHVG 4 Pcs 6MM Gas Hob Knobs Silver Cooker Hob Knobs Universal Gas Stove Knobs Metal Gas Hob Switch for Kitchen Cooker Gas Stove Oven Cooktop","New","9.79","No",,"Yes","0","0","0","0","0","203.53","0","0","0","0","0","0","0","0","0","0",
"XJ251038-1","X002JDF7I9","B0GSR657K1","AXNKDH 4 Pcs 6MM Gas Hob Knobs Silver Cooker Hob Knobs Universal Gas Stove Knobs Metal Gas Hob Switch for Kitchen Cooker Gas Stove Oven Cooktop","New","9.19","No",,"Yes","34","33","1","0","34","99.96","0","0","0","0","0","0","33","0","0","33",
"XJ251039","X002FQ60A9","B0CTQ4V9ML","RSYHVG Professional Hair Dryer with Comb Attachment, Diffuser, Wind Cover & Nozzle","New","5.99","No",,"Yes","3","0","0","3","3","862.94","0","0","0","0","0","20","0","0","0","0",
"XJ251040-1","X002J6XE7H","B0GS21V85K","AXNKDH 4 Pcs Acrylic Crystal Ball Pedestals, Transparent Display Stand for Golf Ball Softball Baseball Marbles Egg Sphere Collections Desktop Ornament, Small","New","4.89","No",,"Yes","10","10","0","0","10","99.96","0","0","0","0","0","0","10","0","0","10",
"XJ251046","X002FU1WVH","B0FYFM851H","AXNKDH 3Pcs Cloud Silicone Straw Covers, Reusable Dustproof Straw Sleeves Fit Up to 10mm, Portable Multicolour Drinking Straw Protectors for Outdoor Daily Use","New","2.99","No",,"Yes","1","0","0","1","1","99.96","0","0","0","0","0","0","0","0","0","0",
"XJ251047","X002FU1PP5","B0FYFQNFJ3","AXNKDH Set Of 4 Small Spoons, Cat Food Fork Set, Dog Food Spoons, Stainless Steel, Perfect For Pet Feeding (Blue, Pink)","New","5.19","No",,"Yes","36","35","0","1","36","99.96","0","0","0","0","0","15","35","0","0","35",
"XJ251048-1","X002J7XGYH","B0GS5FCXX8","4 Pcs Heavy Duty Trigger Clips Clasp 360°Swivel Eye Bolt Snap Hook Up to 330KG, Zinc Alloy Clips Clasp Hook Spring Loaded Clip Lobster Claw Clasps for Dog Leashes, Camping, Keyring","New","4.79","No",,"Yes","34","30","0","1","74","99.96","0","40","0","0","0","0","30","0","3","33",
"XJ251051","X002FQ13PV","B0CWGHRP23","RSYHVG Shelf Support Pegs 20Pcs 5mm L Shape Metal Shelf Pegs for Kitchen Cabinet Bookcase Closet Wardrobe Cupboard Wood Glass Shelves Supports, Nickel Plated Shelf Bracket Pegs Pins","New","4.99","No",,"Yes","0","0","0","0","0","53.91","0","0","0","0","0","0","0","0","0","0",
"XJ251051-1","X002J6UQG9","B0GS251ZXJ","AXNKDH 20Pcs 5mm L-Shaped Metal Shelf Support Pegs, Nickel Plated Cold Rolled Steel Shelf Pins, Heavy Duty Anti-Rust Bracket Pegs for Kitchen Cabinet Wardrobe Bookcase Cupboard Wood Glass Shelving","New","3.89","No",,"Yes","0","0","0","0","0","99.96","0","0","0","0","0","0","0","0","0","0",
"XJ251054-1","X002J9F83H","B0GS9BNF1B","AXNKDH 3 Pairs Bra Straps 40cm Elastic Detachable Adjustable Non-Slip Sew Dress Straps Hanging Neck Swimsuit Replacement Band Black Beige White Multi Color for Strapless Bra","New","5.49","No",,"Yes","45","42","0","3","45","154.86","0","0","0","0","0","0","42","0","0","42",
"XJ251063","X002FQ73EB","B0CWCRKJ7T","RSYHVG 2Pcs Cuttlefish Holder Stand Bird Parrot Cuttlebone Holder for Feeding Pet Birds Parrots Parakeets Cockatoos Lovebirds Green Cheek Chicks and Finches Container to Place Various foods","New","5.49","No",,"Yes","17","1","0","16","17","99.96","0","0","0","0","0","0","1","0","0","1",
"XJ251066","X002FQ62OX","B0CTWX37PZ","RSYHVG Fake Cat Eyelashes Eyelashes Extensions Artificial Clustered Eyelashes Eggs Natural False Eyelashes","New","3.69","No",,"Yes","0","0","0","0","0",,"0","0","0","0","0","0","0","0","0","0",
"XJ251067-1","X002J7WDAF","B0GS59YLK4","2 Pieces Baking Cake Strips, Adjustable Baking Even Strips Absorbent Thick Cotton Tray Protection Strap Cake Pan; for Cake Decorating Baking Tools Baking Cake Strips","New","5.79","No",,"Yes","68","68","0","0","68","99.96","0","0","0","0","0","0","68","0","0","68",
"XJ251068","X002FQ7VBL","B0D29821F3","RSYHVG Car Tire Shine Brush, tyre dressing applicator Auto Tyre Cleaning Brush with Stand Cover Soft Tire Shine Applicator High-Density Detailing Brush for Auto Detail Vents Dash Trim Seats","New","5.39","No",,"Yes","0","0","0","0","0","263.34","0","0","0","0","0","15","0","0","0","0",
"XJ251070","X002FQ8F4X","B0CWD2F2T5","RSYHVG 2 Packs Round Rice Paddle Non Stick Potato Food Service Spoon Scoop Rice Spoon Sushi Molds Serving Rice Spatula Food Serving Spoons for Kitchen Use Kitchen Tool","New","6.09","No",,"Yes","0","0","0","0","0","1086.13","0","0","0","0","0","20","0","0","0","0",
"XJ251070-1","X002LNG0WT","B0H2RJS39V","2 Packs Round Rice Paddle Non Stick Potato Food Service Spoon Scoop Rice Spoon Sushi Molds Serving Rice Spatula Food Serving Spoons for Kitchen Use Kitchen Tool","New","5.49","No",,"Yes","0","0","0","0","0","99.96","0","0","0","0","0","0","0","0","0","0",
"XJ251071-1","X002J6KH9F","B0GS218L8R","AXNKDH Square Belt Buckle, Zinc Alloy Polished Replacement Buckle, Silver Solid Metal Belt Fastener Fits 38-40mm Strap, Universal DIY Accessory for Men Women Belts, Handbag Straps and Leather Crafts","New","4.89","No",,"Yes","50","49","0","0","50","99.96","0","0","0","1","0","0","49","0","0","49",
"XJ251073-1","X002J7WEK9","B0GS5J3PJL","AXNKDH Beaded Crystal Phone Charm Wrist Strap, Handmade Synthetic Crystal Bead Wristlet Lanyard, Universal Anti-drop Chain for Phone Case Keychain ID Card Bag Decoration, 1 Piece","New","6.09","No",,"Yes","0","0","0","0","0","99.96","0","0","0","0","0","0","0","0","0","0",
"XJ251074-1","X002J6UYGV","B0GS1ZTM8H","2 Pcs Mushroom Makeup Sponge, Long Handle Facial Cosmetic Foundation Sponge Powder Puff Blending Concealer Eyeshadow Liquid Creams Applicator Tool Beauty Blender Brush","New","4.99","No",,"Yes","13","12","0","1","63","99.96","0","50","0","0","0","0","12","0","0","12",
"XJ251077","X002FPW2NT","B0CW8LBS2T","Luggage Tags for Suitcases 6 PCS Aluminum Metal Travel Suitcase Bag Tag with Card Business Card Holder Luggage Baggage Identifier(Multicolor)","New","5.28","No",,"Yes","0","0","0","0","0","145.19","0","0","0","0","0","0","0","0","0","0",
"XJ251082","X002FPW5PJ","B0FXWHS869","AXNKDH Surgical Steel Belly Button Jewelry, Pack of 5, Body Piercing Jewelry","New","4.69","No",,"Yes","34","31","0","2","34","99.96","0","0","0","1","0","20","31","0","0","31",
"XJ251083","X002FQG3PL","B0FXWZT4HL","Bamboo Bristle Palm Brush for Gentle Grooming, for Dog, Cat, Puppy with Short Hair Smooth Coats, Handmade from Natural Sustainable Bamboo, Light wood color","New","6.19","No",,"Yes","0","0","0","0","0","99.96","0","0","0","0","0","20","0","0","0","0",
"XJ251084","X002FQFRI5","B0FXX1XKGV","AXNKDH Crystal Adjustable Rings Simulation Diamond Rings Girls Finger Ring Toys for Girl Pretend Play Dress up Party, 20Pcs (Random Color)","New","5.99","No",,"Yes","14","14","0","0","34","99.96","0","20","0","0","0","0","14","0","0","14",
"XJ251085","X002FQDE2V","B0FXX23SQQ","AXNKDH Boho Double Layer Anklet, Silver Beaded Pearl Foot Bracelet, Adjustable Extended Chain Adult Fashion Foot Jewellery for Beach Daily Holiday Gifting","New","3.99","No",,"Yes","0","0","0","0","0","99.96","0","0","0","0","0","0","0","0","0","0",
"XJ251086","X002FQAWET","B0FXWZGL14","AXNKDH 2 Silver Belly Bars 10mm Navel Ring Piercing Jewelry 14G Belly Button Bar Navel Ring, Abdominal Piercing, Belly Button Piercing Jewelry","New","3.79","No",,"Yes","31","24","0","2","61","99.96","0","30","0","1","0","20","24","0","4","28",
"XJ251087","X002FQFWHB","B0FXX2CXYZ","Stroller Cup Holder, Universal Stroller Bike Stroller Cup Holder, 360 Degree Swivel Adjustable Beverage Coffee Bottle Organizer For Baby Bottles, Bikes And Drink Bottles","New","6.19","No",,"Yes","28","28","0","0","74","99.96","0","46","0","0","0","10","28","0","0","28",
"XJ251088","X002FQB5MR","B0FXX864S3","AXNKDH 2Pcs Foldable Bag Holder, Non-Slip Silicone Base Food Prep Bag Rack, Adjustable Support Stand for Sandwich Freezer Storage Bags, Kitchen Organiser Gadget Green","New","5.79","No",,"Yes","27","27","0","0","27","3120.1","0","0","0","0","0","0","27","0","0","27",
"XJ251089","X002FQAYX3","B0FXX2GXG9","5 Pcs Mini Measuring Spoons Set, Stainless Steel Small Measuring Spoons - 1/4 TSP, 1/8 Dash, 1/16 Pinch, 1/32 Smidgen, 1/64 Drop for Home, Kitchen, Baking, Cooking, Gifts","New","5.49","No",,"Yes","1","0","0","0","1","99.96","0","0","0","1","0","0","0","0","0","0",
"XJ251091","X002FQDIJZ","B0FXWZV91C","AXNKDH Fashion Sunflower Slim Business Ties for Men - Holiday Weddings & Formal Parties (8 cm wide)","New","6.29","No",,"Yes","17","17","0","0","17","99.96","0","0","0","0","0","0","17","0","0","17",
"XJ251095","X002FQ2UWV","B0FXX5NV6V","AXNKDH Evil Eye Bracelets for Women Men Handmade Red String Blue Evil Eye Bracelet Lucky Jewellery Gift Couples Friendship Bracelets","New","5.09","No",,"Yes","88","80","0","0","88","99.96","0","0","0","0","0","0","80","0","8","88",
"XJ251096","X002FQ2RWJ","B0FXX5SV3D","AXNKDH Evil Eye Bracelet - Handmade Blue Charm and Lucky Friendship Bracelet - 1 Piece","New","4.89","No",,"Yes","2","1","0","0","52","99.96","0","50","0","1","0","0","1","0","0","1",
"XJ251097","X002FQNWHN","B0FXX58B39","AXNKDH 3 Button Flip Car Key Fob Cover, Grey Soft TPU Protective Key Case with Zinc Alloy Keychain, Anti-Scratch Waterproof Full Protection Key Shell Accessories","New","5.99","No",,"Yes","0","0","0","0","0","99.96","0","0","0","0","0","0","0","0","0","0",
"XJ251098","X002FQIDOF","B0FXX61DYR","3 Pcs Sealing Wax Melting Spoons Vintage Wax Spoon with Wooden Handle Wax Sticks Beads Spoon for Arts Crafts Wax Sealing Stamp","New","6.39","No",,"Yes","22","22","0","0","52","99.96","0","30","0","0","0","15","22","0","0","22",
"XJ251100","X002FQIBRJ","B0FXX7KDZW","Chocolate Shaker Stainless Steel Duster Dredges Cans Coffee Sprinkles Powder Set Cocoa Cinnamon Powder Can with 16 Coffee Molds Stencils for Kitchen Baking Cooking Cappuccino Coffee Latte Coffee","New","5.39","No",,"Yes","0","0","0","0","90","99.96","0","90","0","0","0","0","0","0","0","0",
"XJ251101","X002FQBZXL","B0FXXDYF41","AXNKDH 4PCS Men Women Shoe Stretchers Shaper Expander Width Extender Adjustable Mini Shoe Trees","New","4.99","No",,"Yes","52","52","0","0","52","99.96","0","0","0","0","0","30","52","0","0","52",
"XJ251104","X002FQC3XH","B0FXXDL64B","Sensory Chew Necklace, Soft Silicone Chew Toys for Kids with ADHD Autism, Anxiety, Chewy Teardrop Pendant Teething Necklace Sensory Toy for Boys Girls Adults Chewer (Pink)","New","6.89","No",,"Yes","28","27","0","1","28","99.96","0","0","0","0","0","0","27","0","0","27",
"XJ2511200","X002FQ2U5X","B0D7LXL6BK","2 Pcs Bottle Opener Durable Multi Purpose Butterfly can Opener Paint can Opener Can Opener Multi-Function Manual Tin Opener for Kitchen Dining Room and Bar","New","4.59","No",,"Yes","57","55","0","2","57","166.98","0","0","0","0","0","0","55","0","0","55",
"XJ2511201","X002FQNV65","B0DCG3SQLF","JYTDBCS Sterling Silver Infinity Anklet for Women Girls Anklet with Infinity Symbol Zirconia Endless Love Charm Anklet Bracelet Adjustable Jewelry Gift,Women's Anklets","New","3.59","No",,"Yes","8","7","0","1","8","215.65","0","0","0","0","0","0","7","0","0","7",
"XJ2511202","X002FQEDWV","B0D9N6L8TD","JYTDBCS 4 Pcs Silicone Drain Protector with Sucker, Sink Strainer Protector, shower plug hair trap，Shower Drain Covers Hair Catcher, Strainer Plug Trap Filter for Bathroom, silicone drain filter","New","3.89","No",,"Yes","0","0","0","0","0","36.38","0","0","0","0","0","0","0","0","0","0",
"XJ2511203","X002FQDJGR","B0CTKB9BGG","JYTDBCS 4 Pcs Gutter Guards - Aluminum Gutter Downspout Guard, Expandable Leaf Strainer Gutter Screen Covers Down Pipe Protectors, Keeps Gutter Clear of blockages from Leaves, Moss, muck, Gutter Ball","New","6.59","No",,"Yes","0","0","0","0","0","3429.98","0","0","0","0","0","0","0","0","0","0",
"XJ2511204","X002FQEY6V","B0F2XNGCWV","Unisex Polarized Uv-Protection Sports Sunglasses, Running Glasses, Lightweight And Stylish For Men And Women, Suitable For Golf, Fishing, And Cycling (Black Frame With Gray Lenses)","New","6.79","No",,"Yes","6","6","0","0","36","99.96","0","30","0","0","0","0","6","0","0","6",
"XJ2511206","X002FQ2W6F","B0DBDH4539","JYTDBCS 2 PCS Shower Cap Elastic Band Waterproof Bath Caps Double Layers Reusable With Ruffled Edge Covering Ears for Girls and Women","New","4.79","No",,"Yes","0","0","0","0","30","1386.18","0","30","0","0","0","0","0","0","0","0",
"XJ2511207","X002FQ2WWT","B0DBDHYWG4","8 PCS Exfoliating Gloves, Polyester Exfoliator Mitt, Body Exfoliating Wash Glove Dead Skin Remover Shower Body Scrub Gloves for Adults and Kids, Ingrown(Blue, White, Pink, Green）","New","4.19","No",,"Yes","0","0","0","0","0","3440.46","0","0","0","0","0","0","0","0","0","0",
"XJ2511211","X002FQDVU1","B0DBVDRLLW","JYTDBCS Absinthe Spoon Stainless Steel Absinthe Spoon Cocktail Bar Glass Cup Drinking Filter","New","3.59","No",,"Yes","0","0","0","0","0","54.57","0","0","0","0","0","0","0","0","0","0",
"XJ2511212","X002FQH5DP","B0DBVDN91W","JYTDBCS 10Pcs Camping Tent WanFengXue Stakes Pegs Tent Heavy Duty Tent Nail Plastic Screw Tent Pegs for Fixing Camping Tent Rain Tarps Outdoors Tent Nails","New","6.69","No",,"Yes","47","40","0","2","49","1765.71","0","2","0","0","0","15","40","0","5","45",
"XJ2511213","X002FQF4OR","B0D7VK958H","JYTDBCS Leather shoehorn home elderly portable folding shoe lift without bending thickening metal shoehorn","New","4.39","No",,"Yes","0","0","0","0","0","154.53","0","0","0","0","0","0","0","0","0","0",
"XJ2511214","X002FQI3EF","B0DBQDL2L8","JYTDBCS 45mm Air Filter Foam Cleaner Quad Scooter Dirt Pit Bike Black","New","8.99","No",,"Yes","5","5","0","0","55","99.96","0","50","0","0","0","15","5","0","0","5",
"XJ2511215","X002FQHZWL","B0DBQ9NWHR","JYTDBCS 6 Legged Race Bands for Adults Kids, Colorful Legged Race Bands Elastic Tie Rope with Magic Adhesives for Relay Race Game, Field Day, Backyard, Team Games","New","6.89","No",,"Yes","28","26","0","2","108","1949.9","0","80","0","0","0","0","26","0","0","26",
"XJ2511216","X002FQ318N","B0D7LXF3FT","JYTDBCS Guitar Strap,Guitar Straps,Guitar Strap Locks,Bass Guitar Strap,Personalised Guitar Strap,Suitable for Bass,Electric and Acoustic Guitars,Checkerboard Guitar Strap(Black And White Checkered)","New","4.19","No",,"Yes","35","34","0","1","35","408.2","0","0","0","0","0","0","34","0","0","34",
"XJ2511217","X002FQB009","B0DBQDJPSV","JYTDBCS Pink Daisy Silicone Mobile Phone Grip Stand, Cute 2d Flower Cell Phone Holder, Collapsible Expandable Cell Phone Accessory For Smartphone Tablet Cell Phone Accessory","New","4.39","No",,"Yes","49","48","0","1","49","99.96","0","0","0","0","0","0","48","0","0","48",
"XJ2511218","X002FQEPIN","B0DBZLJZNZ","JYTDBCS Volume and Shine Teasing Brush - Boar Bristle Brush - Slick back hair brush - Styling brush - Boar brush - 1pc","New","3.99","No",,"Yes","30","30","0","0","30","88.98","0","0","0","0","0","0","30","0","0","30",
"XJ2511219","X002FQ3043","B0D97PSWQ6","JYTDBCS Doorbell, Entrance Chime, Magnet, Wooden, Brass, Entrance Bell, Entrance Bell, Wall Hanging, Double Sided Tape, Easy Installation, for Home and Shops, Sliding Door, Gift (Beech)","New","5.69","No",,"Yes","0","0","0","0","0","207.46","0","0","0","0","0","0","0","0","0","0",
"XJ2511220","X002FQ304D","B0DBQY39DV","JYTDBCS Dog Shirts 2-Pack,Dog T-Shirt Vest Cotton Cat Dog Clothes Lightweight Breathable Animal Print Summer Pet Sleeveless Sports Shirts for Dogs Puppy Cats Indoor Outdoor Activities (XL)","New","4.89","No",,"Yes","32","31","0","1","32","969.62","0","0","0","0","0","0","31","0","0","31",
"XJ2511222","X002FQOBU5","B0DB21HJMX","JYTDBCS 30PCS Muslin Tea Bags with Drawstring Spice Bags for Cooking Reusable Empty Sachet Bags Cheese Cloth Bags for Spices 10×15cm/ 4x6 Inch,Tea Bags Empty","New","6.49","No",,"Yes","46","46","0","0","46","99.96","0","0","0","0","0","0","46","0","0","46",
"XJ2511223","X002FQI2SH","B0D7MCNCHL","Metal aluminum three-edge ruler size scale drawing 30cm scale Office stationery student ruler drawing Mitsubishi ruler ruler 30cm","New","4.89","No",,"Yes","0","0","0","0","0","272.19","0","0","0","0","0","0","0","0","0","0",
"XJ2511224","X002FQNXSL","B0D86PTRT7","JYTDBCS 2-Piece Silicone Cooking Rice Spoon, Non-Stick, Heat Resistant, Dishwasher Safe for Rice Cookers, Mashed Potatoes","New","3.09","No",,"Yes","4","0","0","4","4",,"0","0","0","0","0","0","0","0","0","0",
"XJ2511225","X002FQHKAX","B0DBQ7N1ZL","Small Dog Puppy Pet Cat Kitten Collar and Lead Set Pawprint Design Nylon with Bell Adjustable Quick Release Clip Leash Light Grey","New","4.59","No",,"Yes","42","37","0","5","42","247.12","0","0","0","0","0","0","37","0","0","37",
"XJ2511226","X002FQHXBJ","B0D97Y65P9","JYTDBCS Triple Meatball Maker - Multi-Functional Meatball & Rice Ball Shaped Plastic Ice Cream Scoop DIY Tool","New","5.09","No",,"Yes","41","41","0","0","41","99.96","0","0","0","0","0","0","41","0","0","41",
"XJ2511228","X002FQI8AT","B0D86T7YG4","Hair Claw Clips Girls Women Nonslip French Matte Claw Clip for Thin Hair Curly Straight Long Hair - 6 Packs/Set","New","6.39","No",,"Yes","0","0","0","0","0","627.95","0","0","0","0","0","0","0","0","0","0",
"XJ2511229","X002FQ33G3","B0D8HS5W6H","6PcsJYTDBCS Letter napkin rings Metal napkin buckle electroplated napkin ring Western restaurant cloth mouth ring，gold napkin rings","New","5.09","No",,"Yes","28","27","0","1","28","133.88","0","0","0","0","0","0","27","0","0","27",
"XJ2511230","X002FQJJYD","B0D8FQ21T7","JYTDBCS 4Pcs Finger Guard Bow Useful Archery Bowstring Finger Protector Soft Reusable Silicone Archery Finger Protector Bow Archery Finger Guard，finger protectors archery(Black Red)","New","3.79","No",,"Yes","0","0","0","0","0",,"0","0","0","0","0","0","0","0","0","0",
"XJ2511231","X002FQHPB7","B0D8HWGN88","JYTDBCS 20mm Silicone Watch Strap for Women Men, Quick Release Replacement Strap with Stainless Steel Buckle Sport Watchbands Wrist Straps, smart watch wristband","New","3.79","No",,"Yes","0","0","0","0","0","81.28","0","0","0","0","0","0","0","0","0","0",
"XJ2511232","X002FQIEFD","B0D981CM46","4PCS Plaque and Tartar Removal, Suitable for Dogs,Cats, Dental Care, Against Bad Breath, Teeth Cleaning Dogs Cats Dog Dental Care,plaque or tartar remover for teeth dogs,dog tartar remover for teeth","New","3.09","No",,"Yes","0","0","0","0","0",,"0","0","0","0","0","0","0","0","0","0",
"XJ2511233","X002FQ38VD","B0D9D76KTL","4Pcs Baby Headbands, Newborn Headbands Baby Girl Bows Newborn Baby Headbands Soft Baby Girl Bows Baby Headbands for Girls 6-12 Months","New","5.09","No",,"Yes","1","0","0","1","1","1256.56","0","0","0","0","0","0","0","0","0","0",
"XJ2511234","X002FQI8FT","B0D7GZM77P","JYTDBCS 4 Pcs Backpack Universal Chest Belt Adjustable Sternum Strap Support for Backpack,Nylon Rucksack Chest Strap with Quick Release Buckle for Outdoor Hiking,Jogging,Biking(Black)","New","4.79","No",,"Yes","14","14","0","0","14","99.96","0","0","0","0","0","0","14","0","0","14",
"XJ2511235","X002FQIET9","B0D9GQGSGH","Safety Locks Proofing Safety Guards Kit - Locks for Kitchen Cupboards - Easy to Install Fridge Drawer Lock - Safety Cupboard Locks - Cupboard Locks, Proofing","New","4.29","No",,"Yes","0","0","0","0","0","210.74","0","0","0","0","0","0","0","0","0","0",
"XJ2511236","X002FQIE3Z","B0DBDP9472","JYTDBCS M6 x 10mm Flanged Hex Bolts Fully Threaded Stainless Steel - Secure Fastening Solution for Various Applications (Pack of 10)","New","3.99","No",,"Yes","0","0","0","0","0",,"0","0","0","0","0","0","0","0","0","0",
"XJ2511237","X002FQI8PT","B0D8FLDZJF","Angel 18/0 4 PCE Table Fork Set","New","4.19","No",,"Yes","16","14","0","2","16","870.32","0","0","0","0","0","0","14","0","0","14",
"XJ2511238","X002FQJKAV","B0D7TCXW11","JYTDBCS 4pcs V Bicycle Brake Blocks Set, 70 mm Road Bike Brake Pads, V Bike Brake Pads, Mountain Bike, Black, Rubber+Metal, Hex Wrench Included","New","4.99","No",,"Yes","21","20","0","1","41","193.2","0","20","0","0","0","0","20","0","0","20",
"XJ2511239","X002FQHZZX","B0DBQ7F1LY","JYTDBCS Universal Aluminum Alloy Bread Maker Machine Kneading Mixing Blade Paddle Parts Universal Kneading Paddle","New","5.59","No",,"Yes","54","53","0","1","54","148.14","0","0","0","0","0","0","53","0","0","53",
"XJ2511240","X002FQJLGT","B0D7Q2LDG4","JYTDBCS Bear Pill Pulverizer - Portable Pill Grinder, Medicine Tablet Crusher, Storage Box (Green)","New","6.19","No",,"Yes","0","0","0","0","0","722.67","0","0","0","0","0","0","0","0","0","0",
"XJ2511241","X002FQI9QH","B0D9D9TJ4K","2Pcs JYTDBCS Disposable Plastic Tweezers First aid kit Accessory Plastic Tweezers","New","4.69","No",,"Yes","26","24","0","2","56","357.73","0","30","0","0","0","0","24","0","0","24",
"XJ2511242","X002FQI8XV","B0D8HSJMMV","JYTDBCS 4Pcs Battery Terminal Insulator Covers, Red and Black Positive Negative Insulating Stud Covers Battery Terminal Protector Soft Rubber Insulator Post Cap for Automotive Motorcycle Truck","New","4.89","No",,"Yes","30","11","0","2","30","58.5","0","0","0","0","0","0","11","0","17","28",
"XJ2511243","X002FQJLLJ","B0D7Q38T7Q","3 Pack Nail Grinding Bits, Electric Manicure Set Manicure Pedicure Diamond Nail Bits Set Electric Manicure Set with Sanding Bands for Electric Nail Files Drill Machine","New","4.79","No",,"Yes","27","22","0","2","27","80.95","0","0","0","0","0","0","22","0","3","25",
"XJ2511244","X002FQRGON","B0D7C1NBXB","JYTDBCS Polarised UV Sunglasses for Men and Women - UV 400 Cycling Glasses, Wrapped Design, Lightweight, Stylish for Golf, Fishing and Sports","New","6.79","No",,"Yes","11","11","0","0","11","884.9","0","0","0","0","0","0","11","0","0","11",
"XJ2511245","X002FR5R1V","B0DBZKRLM5","Bamboo Bristle Hand Brush, Gentle For Grooming, Suitable For Personal Care, Handmade, Made From Natural And Sustainable Bamboo, Brown","New","5.99","No",,"Yes","0","0","0","0","0","567.16","0","0","0","0","0","0","0","0","0","0",
"XJ2511246","X002FRH9C1","B0DBV8CRQR","JYTDBCS Squeeze Bottles 2 Pack 200 ML Refillable Plastic Travel Containers Empty Bottles With Disc Top Flip Cap Travel Accessories for Shampoo Creams Lotion Conditioner","New","5.49","No",,"Yes","69","58","0","0","179","1366.03","0","110","0","0","0","0","58","0","11","69",
"XJ2511247","X002FRMSIB","B0DBV9TDZP","JYTDBCS 12 Pcs Limpets for Caravan Awning, Van Side Fix Pads Kit, High Grip Suction Cups Glass Suction Pads PVC for Motorhome Campervan Van Canopy and Hanging Organiser","New","9.99","No",,"Yes","63","59","1","2","162","1154.8","0","99","0","0","0","0","59","0","1","60",
"XJ2511248","X002FRJQOP","B0D9H5KCVV","JYTDBCS 50pcs Twin Wheeled Curtain Track Rollers and Silent Rail Pulleys for Ceiling Track Gliders (White)","New","6.99","No",,"Yes","9","8","0","1","39","624.18","0","30","0","0","0","0","8","0","0","8",
"XJ2511249","X002FRGG1V","B0D7S4YBGB","JYTDBCS Anti-Static Bracelet Bangle Magnetic Sports Silicone Bracelet Waterproof Anti-Static Goods Static Reduction Size Adjustable Bangle Black (black1)","New","5.39","No",,"Yes","26","23","0","3","26","53.59","0","0","0","0","0","0","23","0","0","23",
"XJ2511250","X002FRJR71","B0D7T9PTQ1","JYTDBCS Stainless Steel Key Tags with Ring 10 pcs, 23mm Hollowed Number ID Tags Key Chain, Numbered Key Rings - 1 to 10","New","4.89","No",,"Yes","17","17","0","0","137","56.37","0","120","0","0","0","0","17","0","0","17",
"XJ2511251","X002FREXX9","B0DCG8BVYX","JYTDBCS Multifunction Pill Cutter, 4 in 1 Pill Splitter Crusher Box Tablet Cutter Compact Portable Pill Crusher Grinder Perfect Pill Splitter for Tablets Small Pills Fine Powder Travel","New","6.09","No",,"Yes","39","36","0","3","39","185.83","0","0","0","0","0","0","36","0","0","36",
"XJ2511252","X002FRF8GF","B0D7TGLSNR","JYTDBCS Cross Necklace for Men Women, Stainless Steel Cross Pendant Necklace with Chain | Silver Cross Chain Necklaces Easter Gifts for Birthday Christmas Thanksgiving Day","New","4.79","No",,"Yes","28","28","0","0","58","80.3","0","30","0","0","0","0","28","0","0","28",
"XJ2511253","X002FRJ07N","B0DB5RCG7F","JYTDBCS Asthma Inhaler Holder PU Leather Protective Travel Handy Mini Holster, Lightweight Carrying Case with Carabiner Clip, Inhaler Not Included (Case Only),Inhaler Holder","New","5.39","No",,"Yes","45","45","0","0","45","194.84","0","0","0","0","0","0","45","0","0","45",
"XJ2511254","X002FQS3N1","B0D93Q34Q6","JYTDBCS Bath Loofah Kids Shower Puff With Cartoon Body Scrubber - Soft Exfoliating Sponge for Children","New","5.99","No",,"Yes","0","0","0","0","0","3441.12","0","0","0","0","0","0","0","0","0","0",
"XJ2511255","X002FQS4T9","B0D7H68TQR","JYTDBCS 4 Pairs UV Protection Cooling Arm Sleeves Compression Arm Sleeve UPF 50 Sun Sleeves with Thumb Hole Tattoo Cover Up Sports Sleeve for Cycling Driving Golf Hiking","New","5.29","No",,"Yes","29","28","0","1","29","1015.51","0","0","0","0","0","0","28","0","0","28",
"XJ2511257","X002FRF1SZ","B0DB5TN1DH","JYTDBCS After Surgery Recovery Collars for Dogs Cats, Soft Dog & Cat Cones, Prevent Licking, Scratching & Biting, Adjustable Plastic Transparent Collar","New","7.49","No",,"Yes","36","30","0","0","36","913.74","0","0","0","0","0","0","30","0","6","36",
"XJ2511258","X002FRI5I3","B0F3GYVSFL","Unisex polarized UV-protection sports sunglasses, running glasses, lightweight stylish model for men and women, golf and fishing cycling sports sunglasses (black frame with black lenses)","New","7.29","No",,"Yes","20","15","1","4","80","911.78","0","60","0","0","0","0","15","0","0","15",
"XJ2511259","X002FRIK3X","B0D97VXM4W","JYTDBCS BBQ Tongs - Stainless Steel Heavy Duty Tongs for Charcoal, Fireplace, Camping & Kitchen Use","New","6.49","No",,"Yes","47","37","0","0","77","310.04","0","30","0","1","0","0","37","0","9","46",
"XJ2511260","X002FRGJN1","B0DCG76XQG","JYTDBCS Contact Lens Cases 12 Pack. One Year Supply. Protect Your Eyes by Changing Your Contact Lens Case Monthly","New","5.79","No",,"Yes","31","29","0","2","71","99.96","0","40","0","0","0","0","29","0","0","29",
"XJ2511261","X002FRIL5P","B0DBV9STWZ","Bike Saddle Bag, Seat Pack, Black, Reflective, Waterproof, Zippered, Adjustable Strap, Seat Mount, 20 x 8 x 6cm, Sports Style, Bicycle","New","8.79","No",,"Yes","51","46","0","4","81","3652.51","0","30","0","1","0","0","46","0","0","46",
"XJ2511262","X002FQRQHF","B0D8FBC9H8","Childrens Handlebar Grips Soft Non-Slip Bicycle Handle Grips Children's Bike Handlebars Scooter Motorbike Grips Rubber Handle Cover Universal Kids Bike Grips for Kids Boys Girls (green)","New","5.29","No",,"Yes","24","20","0","4","94","334.62","0","70","0","0","0","0","20","0","0","20",
"XJ2511263","X002FRJTID","B0DCG36MKH","JYTDBCS Bangs Curling iron Simple Hand Curl 50mm (2 sets) Hand Curl Curling Iron Simple Thick Korean Style Extra large Easy Curl Hook Hair Aluminum core Fashion small face Effect Fluffy Hair dryer Sho","New","6.89","No",,"Yes","42","42","0","0","57","49.98","0","15","0","0","0","0","42","0","0","42",
"XJ2511264","X002FRMQ3N","B0D9Y9DDXD","JYTDBCS Silicone Baking Mat - Pink, Rectangular, 30 cm x 30 cm, Non-Stick, Heat Resistant, Portable","New","4.19","No",,"Yes","0","0","0","0","0","407.05","0","0","0","0","0","0","0","0","0","0",
"XJ2511266","X002FRMG5V","B0D9GQ6ZNX","JYTDBCS 60th Birthday Sash Tiara - Rose Gold Birthday Queen Tiara and Sash for Women, Rhinestone Crowns Kit for 60th Birthday Gifts, Crystal Tiara Satin Sash for 60th Birthday Party","New","6.99","No",,"Yes","25","23","0","1","25","1410.43","0","0","0","1","0","0","23","0","0","23",
"XJ2511267","X002FRK207","B0DBQ8P99K","2Pcs Bike Grips, Non-Slip Handlebar Grips, Professional Mountain Bicycle Grips with Soft Anti-Slip Rubber, Ideal for Long Rides","New","8.49","No",,"Yes","26","26","0","0","66","99.96","0","40","0","0","0","0","26","0","0","26",
"XJ2511268","X002FRJX2Z","B0D9B5Z1B6","JYTDBCS 100% Boar Bristle Beard Brush with Storage Bag for Daily Men's Care and Travel","New","5.29","No",,"Yes","0","0","0","0","0","364.45","0","0","0","0","0","0","0","0","0","0",
"XJ2511269","X002FRJAS7","B0DBQGRP9H","JYTDBCS Rhinestone Dangle Earrings Drop Earrings Wedding Bridesmaids Gift Drop Dangle Tear Drop Earrings Long Tear Drop Earings for Party Festival Wedding Black Earrings","New","6.99","No",,"Yes","75","71","0","4","77","62.27","0","2","0","0","0","0","71","0","0","71",
"XJ2511270","X002FRJGK9","B0DBDLLS6X","JYTDBCS Bandana 3 Pack Multi-Purpose Cotton Paisley Bandanas Scarf Headband Face Mask Neckerchief Handkerchief union jack Camouflage For Men Women Kids","New","5.59","No",,"Yes","7","3","0","4","37","534.05","0","30","0","0","0","0","3","0","0","3",
"XJ2511272","X002FRJG3L","B0D8J3GC64","100 Pcs Curtain Track Gliders, Plastic White Curtain Hooks, Effortless Gliding Curtain Rail Slider Hooks Rollers for Window Door Shower Curtains","New","6.39","No",,"Yes","49","49","0","0","49","201.89","0","0","0","0","0","0","49","0","0","49",
"XJ2511273","X002FRMG2T","B0D7BHM29D","JYTDBCS Bicycle Reflector, 14 PCS Bike Reflectors Front and Back, Bicycle Wheel Spoke Reflectors Bracket with 8 m Reflector Band for Motorcycle Mountain Bike MTB Bicycle Children White Red Yellow","New","8.19","No",,"Yes","43","43","0","0","43","1285.24","0","0","0","0","0","0","43","0","0","43",
"XJ2511274","X002FRMH73","B0D7H77HD7","1 PCS Architectural Triangular Scale Ruler for Architects, Students, Draftsman and Engineers, Standard 30 CM,Architect Scale Ruler","New","5.29","No",,"Yes","47","42","0","5","47","204.35","0","0","0","0","0","0","42","0","0","42",
"XJ2511275","X002FRMK43","B0D7ZXCTHH","28-Piece Shoe Accessories Set, Crystal Rhinestone Shoe Decorations Charms, Women'S Sparkling Chain Shoe Pendants, Suitable For Crocs, Diy Crocs Accessories, Sparkling Ornaments, Charms","New","6.79","No",,"Yes","33","30","0","1","33","99.96","0","0","0","2","0","0","30","0","0","30",
"XJ2511276","X002FRJGZ9","B0DBDTSJ6L","JYTDBCS Ice Cream Cone Headband - Kids & Adults Unisex Headband - Yellow Cotton Hair Accessory - 1 Count (Pack of 1)","New","6.09","No",,"Yes","0","0","0","0","30","1482.54","0","30","0","0","0","0","0","0","0","0",
"XJ2511277","X002FRQTF9","B0CTHLRTM4","JYTDBCS 2pcs Valve Lapping Grinding Stick Tool, Double Ended Valve Hand Lapping Grinding Stick with Suction Cup, Manual Grinding Stick Valve Lapper Tool Dual-End Suction Cup Lap Stick for Car Vehicle","New","7.29","No",,"Yes","37","37","0","0","67","468.51","0","30","0","0","0","0","37","0","0","37",
"XJ2511278","X002FRIRVX","B0D97HVM4F","Baby Nasal Aspirator - 3 PCS Bulb Syringe Nose Sucker for Newborn & Toddler Mucus Removal, Blue/Yellow/Pink","New","6.49","No",,"Yes","25","5","0","0","25","501.77","0","0","0","0","0","0","5","0","20","25",
"XJ2511279","X002FRI0XD","B0D8KH8CK2","JYTDBCS Pack of 2 Pipes Radiator Pipe Covers Sleeve 15 mm Collar Cut Fit Bathroom Chrome Modern Aesthetics Easy to Clean Home Decoration Home Decor，Radiator Pipe Covers,Pipe Cover White Collar(White)","New","5.29","No",,"Yes","29","9","0","1","29","267.11","0","0","0","0","0","0","9","0","19","28",
"XJ2511281","X002FRJBKT","B0DB88YYMY","JYTDBCS Sandalwood Wide Tooth Comb for Curls, Handmade, Wooden","New","6.19","No",,"Yes","15","14","0","1","15","156.33","0","0","0","0","0","0","14","0","0","14",
"XJ2511283","X002FRJLIV","B0D7TBZDDQ","JYTDBCS 8Pcs Black Acrylic Ear Stretchers Gauges Piercing Stretching Kit - Spiral Ear Taper","New","5.59","No",,"Yes","23","22","0","1","83","55.06","0","60","0","0","0","0","22","0","0","22",
"XJ2511284","X002FRJZ87","B0D7MBFJ3N","Stainless Steel Hanging Single Pole Towel Rack - No Punch Cabinet Door Back Rag Hanging Rack - Over the Door Towel Rail","New","6.29","No",,"Yes","8","8","0","0","38","3648.91","0","30","0","0","0","0","8","0","0","8",
"XJ2511287","X002FRGCI3","B0CTJVN6NV","JYTDBCS 6Pcs Piping Nozzles Coupler, Reusable Plastic Icing Piping Tip Converter Nozzle in 3 Sizes, Coupler Birthday Cake Decorating Tool for Cupcakes Cookies DIY Cream Jelly Mashed Potatoes","New","6.89","No",,"Yes","31","31","0","0","31","466.38","0","0","0","0","0","0","31","0","0","31",
"XJ2511288","X002FRJ569","B0DBQDN6DZ","JYTDBCS Cast Iron Universal Mocha Pot Stand Reducer Ring Holder Base Trivet for Moka Expresso Coffee Heavy Duty Thick Metal Trivits Extender for Gas Hob Stoves","New","4.69","No",,"Yes","26","20","0","5","26","275.47","0","0","0","1","0","0","20","0","0","20",
"XJ2511289","X002FRL6U7","B0DCG6GWZC","JYTDBCS Adjustable Shower Head Holder Removable Suction Cup Shower Head Bracket No Drill Shower Head Bracket with Chrome Polished for Bathroom","New","5.69","No",,"Yes","6","6","0","0","6","99.96","0","0","0","0","0","0","6","0","0","6",
"XJ2511290","X002FRNCI1","B0DB86QT14","Massage Towel -4 Colors, Scrub Towel, Can Be Cleaned Without Bending Over，Essential Tools for Bathing in the Bathroom","New","6.29","No",,"Yes","1","0","1","0","31","3998.61","0","30","0","0","0","0","0","0","0","0",
"XJ2511291","X002FRMV5B","B0D93XSLK2","JYTDBCS Nano Glass Foot File for Hard Skin,Foot File，Wet Dry Pedicure Foot Grater for Grater Dead/Hard/Cracked/Thick/Dry Skin","New","6.69","No",,"Yes","3","0","0","1","3",,"0","0","0","2","0","0","0","0","0","0",
"XJ2511292","X002FRMCMX","B0D8F8Y5KF","Non-Slip Bicycle Handle Grips Children's Bike Handlebars Scooter Handle Grips Rubber Handle Cover Universal Kids Bike Grips for Kids Boys Girls，kids handlebar grips，pink handlebar grips","New","5.69","No",,"Yes","13","13","0","0","43","249.08","0","30","0","0","0","0","13","0","0","13",
"XJ2511293","X002FRLBL1","B0DBQLWRDG","JYTDBCS Motorcycle Fuel Filter, Universal Motorcycle Small Gasoline Fuel Filter Kit With Tubing Clips Gas Tubing Set fuel filter mini moto","New","4.99","No",,"Yes","45","43","0","2","75","99.96","0","30","0","0","0","0","43","0","0","43",
"XJ2511294","X002FRLB93","B0D9H447NN","JYTDBCS 4.3 Inch 2 Pcs Heavy Duty Cleat Hooks, 304 Stainless Steel Blind Cord Cleat Hook with Mounting Screws, Flagpoler Rope Cleat Hook Boat Mooring Accessories for Boats Yachts, Flagpole","New","5.49","No",,"Yes","37","32","0","0","37","158.46","0","0","0","0","0","0","32","0","5","37",
"XJ2511295","X002FRIQCN","B0D8FH1TBF","Soft Non-Slip Children's Cycling Grips - Universal Blue Rubber Handle Cover for Kids Boys Girls","New","6.09","No",,"Yes","44","39","0","5","44","205.82","0","0","0","0","0","0","39","0","0","39",
"XJ2511298","X002FQSCTB","B0D91L1ZP2","JYTDBCS Hair Nets for Buns, 20Pcs Hair Bun Nets Blonde with 20Pcs U Shaped Hair Pins for Buns, Hair Bun Net Set Elastic Edge Mesh Invisible Ballet Hair Net，bun nets，hair bun pins，hair bun net","New","4.49","No",,"Yes","66","53","0","5","96","329.22","0","30","0","1","0","0","53","0","7","60",
"XJ2511300","X002FRLBAR","B0D9D7X3XB","JYTDBCS Pet dog toys Voice relief artifacts alone interactive bite resistant molar Corgi teddy puppy supplies puzzle","New","5.89","No",,"Yes","0","0","0","0","0","2117.21","0","0","0","0","0","0","0","0","0","0",
"XJ2511301","X002FRNQ37","B0D9NR82LL","JYTDBCS 3Pcs Stainless Steel Ceramic Pointed Tweezers for Electronic Repair,Jewelry Making,Laboratory Work,High Temperature Resistant Insulated Clamping Tools","New","5.99","No",,"Yes","14","14","0","0","14","99.96","0","0","0","0","0","0","14","0","0","14",
"XJ2511302","X002FRNFFB","B0DB5RBB32","JYTDBCS Natural Wispy Lashes Cat Eye Lashes that Look Like Extension Eyelashes Clear Band False Lashes Natural Look Fake Eyelashes 10 Pairs Pack","New","4.49","No",,"Yes","0","0","0","0","0","413.45","0","0","0","0","0","0","0","0","0","0",
"XJ2511303","X002FQSBO7","B0D9NFRT4H","JYTDBCS 8 Pack Pet Hair Remover for Washing Machine, Lint Catcher, Dissolves Fur and Lint, Yellow and Gray, Manual Operation, Nylon and Plastic Material","New","6.79","No",,"Yes","0","0","0","0","0","411.97","0","0","0","0","0","0","0","0","0","0",
"XJ2511304","X002FRNBD7","B0D7T8X54L","25 Pieces Cable Clips The Adhesive Cable Ties, cable tie sticky pads,Adjustable Nylon Cable Zip Ties and Adhesive Cable Clips with Optional Screw Mount","New","5.59","No",,"Yes","17","16","0","1","37","1740.96","0","20","0","0","0","0","16","0","0","16",
"XJ2511306","X002FRQD7D","B0D8HNPX7K","JYTDBCS Zinc Alloy Western Denim Vintage Cyan Eagle Belt Buckle, Cowboy Belt Buckle, Fashion Accessory, Blue, Classic Style","New","5.39","No",,"Yes","14","14","0","0","14","245.31","0","0","0","0","0","0","14","0","0","14",
"XJ2511307","X002FRK6DZ","B0D7VD72QC","2pcs Necklace Clasps and Closures, Double Round Necklace Clasp Mental Double Round Necklace Clasp Necklaces Bracelet Safety Clasp for Jewelry Making Necklaces Bracelet，Clasp，Double Clasp(Gold)","New","4.99","No",,"Yes","30","28","0","2","60","13.93","0","30","0","0","0","0","28","0","0","28",
"XJ2511308","X002FRQF85","B0D813S12Q","JYTDBCS Mini Bells,Set of 6,Copper Chime,Door Chime,Soprano,Wind Chime,Bell,Doorbell,Copper Wind Chime,mini bells","New","6.09","No",,"Yes","32","31","0","0","49","383.95","0","17","0","0","0","0","31","0","1","32",
"XJ2511309","X002FRMQ3D","B0DB21B9D5","JYTDBCS Phone Pouch With Zipper, Neck Lanyard Straps, Black - Cell Sleeve Mobile Bag, Sock for Phones","New","6.09","No",,"Yes","45","41","0","4","45","504.39","0","0","0","0","0","0","41","0","0","41",
"XJ2511310","X002FRLGQL","B0D83FWQ3J","JYTDBCS Garters for Brides,Elasticated Bridal Lace Garter Blue Lace Stretch Lace Bow Tie Leg Ring Bridal Wedding Dress Flower Lace Elastic Bridal Garters for Bridal Bridesmaid","New","4.29","No",,"Yes","29","27","0","2","29","99.96","0","0","0","0","0","0","27","0","0","27",
"XJ2511311","X002FRRIYZ","B0DBQGW67C","JYTDBCS 6 Pack Perforated Tart Ring, Pastry Rings Stainless Steel 8Cm Heat-Resistant Porous Nonstick Round Cake Mousse Ring,Round Tart Ring, Porous Crumpet Rings Baking Dessert Ring for Making Tool.","New","6.49","No",,"Yes","12","11","0","0","12","954.71","0","0","0","1","0","0","11","0","0","11",
"XJ2511312","X002FRRINL","B0DB1YZDQB","JYTDBCS Stainless Steel Tea Strainer and Bowl, Ultra Fine Mesh Tea, Traditional Shape, Stainless Steel Arm, Includes: [1 Single Arm Tea Strainer, 1 Bowl], Safe, Durable","New","5.19","No",,"Yes","28","27","0","1","28","340.2","0","0","0","0","0","0","27","0","0","27",
"XJ2511313","X002FRK8I3","B0D7PT8CVW","2 Pcs Portable Pill Taker,Portable Pill Taker Remover,Pills Pack Opener Assistance Tool,pill popper, Tablet Pill Blister Pack Opener Assistance Tool,No Touch Easy to Take Pill Out,Portable Tablet Disp","New","6.09","No",,"Yes","30","28","0","2","110","286.77","0","80","0","0","0","0","28","0","0","28",
"XJ2511315","X002FRKF77","B0DBVFLY7J","JYTDBCS Strawberry Beaded Phone Charm Cute Case Lanyard Aesthetic Cell String Delicate Mobile Straps for Women Girls","New","4.89","No",,"Yes","10","10","0","0","10","107.66","0","0","0","0","0","0","10","0","0","10",
"XJ2511316","X002FROWNP","B0DBVGXB7B","JYTDBCS 4 Pcs Stainless Steel Swizzle Sticks Coffee Drink Stirrer Cocktail Alcohol Stirrers Beverage Stirring Rod with Heart Shape Paddle","New","5.89","No",,"Yes","22","22","0","0","42","140.11","0","20","0","0","0","0","22","0","0","22",
"XJ2511317","X002FRLHUV","B0DBKL93P7","JYTDBCS Golf Ball Retriever Suction Cup Picker Grip Pick Up Tool Value, Golf Ball Retriever Sucker Grabber Back Saver Put On Putter Grip for Golfers","New","6.39","No",,"Yes","60","60","0","0","60","736.11","0","0","0","0","0","0","60","0","0","60",
"XJ2511318","X002FRR6SD","B0DBQKMZ8R","JYTDBCS Jean Chain Pants Chain Wallet Chain, Hip Hop Gothic Punk Trousers Chain, Double Layers Belt Chain Trousers Chain for Men Women, Pants Chain Keyring Wallet Chain Hip-hop Chains","New","5.09","No",,"Yes","28","28","0","0","28","268.26","0","0","0","0","0","0","28","0","0","28",
"XJ2511319","X002FRKBIZ","B0D7HKKSV2","JYTDBCS 16 Pcs Nose Bleed Stopper Plastic Foam Nosebleed Plugs Swimming Nose Clip for Kids Adults in Emergency Accidents(Blue)","New","6.49","No",,"Yes","63","63","0","0","63","675.15","0","0","0","0","0","0","63","0","0","63",
"XJ2511320","X002FQS8OF","B0D8FPKKNB","Soft Non-Slip Bike Handle Grips - Universal Kids Bike Grips for Boys & Girls, Scooter Handlebars (Purple)","New","5.79","No",,"Yes","26","19","0","7","26","302.51","0","0","0","0","0","0","19","0","0","19",
"XJ2511321","X002FR94PL","B0D963ZFDV","Pet Pill Plunger for Small Cats Dogs Pill Gun Dispenser Pet Piller Reusable Cat Pill Dispenser Tip Tablet Syringe Pusher Animal Medicine Feeder Feeding cat and dog pill giver,animal pill dispenser,","New","5.59","No",,"Yes","72","54","0","0","72","224.34","0","0","0","0","0","0","54","0","18","72",
"XJ2511322","X002FRR7VJ","B0DBVFPJGH","JYTDBCS 100 Pack Retro Cocktail Sword Picks Sticks Plastic Pirate Swords Party Cocktail Swords Plastic Plastic Cocktail Stick Sword Cocktail stickscocktail Picks","New","8.69","No",,"Yes","73","71","0","2","73","1039.1","0","0","0","0","0","0","71","0","0","71",
"XJ2511323","X002FRKDL5","B0DBZCWDW8","JYTDBCS False Eyelashes with Clear Band Half Lashes Natural Look 10 Pairs Cat Eye Wispy Corner Lashes Reusable 3/4 Transparent Fake Lashes","New","5.69","No",,"Yes","30","30","0","0","60","344.46","0","30","0","0","0","0","30","0","0","30",
"XJ2511324","X002FRMHC3","B0DBDMP3JM","JYTDBCS Ghost Skull Balaclava Skeleton Costume Full Head Ski Snood Mask Knitted Windproof Warmer Headwear for Bike Skateboard Motorcycle Snowboard Outdoor Sport Skull Mask Balaclava Black","New","7.29","No",,"Yes","13","12","0","1","43","1809.95","0","30","0","0","0","0","12","0","0","12",
"XJ2511325","X002FRQHND","B0DBDJ65S6","JYTDBCS Bath Loofah Sponge for Kids, Cute Body Scrubber Mesh Pouf Shower Ball Toddler Bath Loofahs Balls Shower Puff Loofah Sponge Pouf Exfoliating (2 Pack)","New","6.59","No",,"Yes","35","33","0","2","35","2148.34","0","0","0","0","0","0","33","0","0","33",
"XJ2511326","X002FR97ZX","B0D9LDZPM1","JYTDBCS 5-Piece Cork Table Football Set, Table Football Balls, Cork Balls, Giggle Balls","New","9.09","No",,"Yes","62","33","0","0","62","99.96","0","0","0","0","0","0","33","0","29","62",
"XJ2511328","X002FRQBR5","B0D8BGLY1Z","Pack of 2 Salad Servers, Stainless Steel Salad Serving Set, Salad Servers, Salad Spoon, Salad Fork,Salad Spoons","New","7.19","No",,"Yes","82","82","0","0","112","294.8","0","30","0","0","0","0","82","0","0","82",
"XJ2511330","X002FRLK9J","B0DBPDYQC6","JYTDBCS 2 Pcs Hand Clappers 9 Inch Large Hand Clappers Noisemakers Cheer Noise Makers Finger Noise Makers for Sporting Events Basketball Football Game Party Favors (Random color) Football Clapper","New","5.79","No",,"Yes","21","20","0","1","21","2633.24","0","0","0","0","0","0","20","0","0","20",
"XJ2511332","X002FRYE47","B0D8FHJXV2","4pcs Metal Sewing Thimbles for Finger, Metal Fingertip Protectors Thimbles,Quilting Accessories for Hand Quilting Embroidery Fingertip Shield thimbles Sewing Knitting DIY Tools(4 Colors)","New","4.29","No",,"Yes","41","37","0","4","41","50.64","0","0","0","0","0","0","37","0","0","37",
"XJ2511333","X002FRPSD3","B0D8W2HQ6J","JYTDBCS Polygon BathBrush Home Portable Soft Fin Massage Brush BathBrush Silicone Scrubber Silicone Shower Scrubber jytdbcs Polygon bathbrush Home Portable Soft fin Sud Scrub","New","4.79","No",,"Yes","0","0","0","0","0","459.98","0","0","0","0","0","0","0","0","0","0",
"XJ2511334","X002FR9S61","B0DB5SQDSQ","JYTDBCS 4-Piece Silicone Tart Tins - Round Pie Molds, Fluted Flan Baking Molds, Small Quiche Dishes (4.3 Inch)","New","6.79","No",,"Yes","28","26","0","2","28","99.96","0","0","0","0","0","0","26","0","0","26",
"XJ2511335","X002FRL5BH","B0DBR3JVDZ","JYTDBCS Dog Harness Medium Breathable Vest, Step-in Cat Puppy and Lead Set","New","7.79","No",,"Yes","1","1","0","0","1","1773.57","0","0","0","0","0","0","1","0","0","1",
"XJ2511336","X002FRKKKJ","B0DBQJ7ZQY","JYTDBCS Flowers Cell Phone Charm Pendant, Flowerdecoration Lanyard Cute Pocket Keychain Hanging Decor for PhoneCar Key Purse (Purple)","New","7.19","No",,"Yes","33","33","0","0","63","184.52","0","30","0","0","0","0","33","0","0","33",
"XJ2511337","X002FRN52J","B0D83GP7XF","4 Pcs Finger Chopsticks, Snack Chopsticks Reusable Tweezer Tongs Food Clips, Plastic Finger Chopsticks for Gamers Keep Clean Game Accessories Home Gadgets (Black)","New","4.59","No",,"Yes","11","8","0","3","11","843.11","0","0","0","0","0","0","8","0","0","8",
"XJ2511338","X002FRMUUH","B0D93TPSNH","JYTDBCS 2-in-1 Hair Trimmer Comb,Tail Comb,Split End Removal & Hair Styling Tool, Mini Portable Hair Breakage Tool, Dual-Sided Design with Cover, for Thinning Hair Cutting","New","4.09","No",,"Yes","0","0","0","0","0","140.76","0","0","0","0","0","0","0","0","0","0",
"XJ2511339","X002FRYT8D","B0DBDDBQ2K","JYTDBCS 8pcs Interspace Toothbrush Heads, Compatible Electric Toothbrushes for Cleaning Crevices, Toothbrush Interspace Head，Bridges and Implants.","New","5.89","No",,"Yes","24","22","0","2","24","255.8","0","0","0","0","0","0","22","0","0","22",
"XJ2511340","X002FRQ35Z","B0DCG2M4D4","JYTDBCS Duvet Clips, 12Pcs Mushroom Duvet Cover Clips, Bedroom Bed Sheet Clips, Non Slip Duvet Cover Clips to Keep Duvet in Place, Quilt Clips for Comforter Mattress Covers Curtain Blanket Soc","New","3.79","No",,"Yes","1","0","0","0","1",,"0","0","0","1","0","0","0","0","0","0",
"XJ2511341","X002FRLZI5","B0DBV9RTG4","JYTDBCS 2Pcs Disc Holder, 3 in 1 Disc Holder Tax Insurance PVC Holder For Car Van Truck Bike Windscreen (Black)","New","6.89","No",,"Yes","105","99","0","6","105","264.65","0","0","0","0","0","0","99","0","0","99",
"XJ2511343","X002FRLTKT","B0DBQD8HGY","JYTDBCS 30 Pairs Earplugs for Noise Cancelling Ultra Soft Foam Ear Plugs for Sleeping Snoring Noise Cancel Reusable Earplugs","New","5.09","No",,"Yes","18","17","0","1","18","1500.4","0","0","0","0","0","0","17","0","0","17",
"XJ2511346","X002G2KL4X","B0CTSYVTW4","2 Pack Car Side Window Sunshades Universal Harmful UV Rays Sun Glare Heat Blocking for Baby Kids Pets, 44cm*36cm (Suction cup Stick)","New","6.29","No",,"Yes","64","59","0","5","64","1369.47","0","0","0","0","0","0","59","0","0","59",
"XJ2511347","X002G2QXH7","B0CZJMFSCR","2Pcs Travel Soap Case Soap Bar Travel Soap Dish with Lid Waterproof Leakproof Soap Box Container Holder Closable Soap Holder Portable Soap Dish Travel for Shower Travel","New","6.99","No",,"Yes","48","40","0","1","128","1312.77","0","80","0","0","0","0","40","0","7","47",
"XJ2511349","X002G2MVPZ","B0CTPZ25ZH","12 Pcs Replacement Silicone Gasket Seals for Jars, Glass Jar Rubber Seals Leak Proof Gasket Airtight Seals Ring Jar Rubber Seals for Mason Jar Lid Regular Wide Mouth Glass Jars Glass Clip Top Jars","New","4.09","No",,"Yes","35","34","0","1","35","48.01","0","0","0","0","0","0","34","0","0","34",
"XJ2511350","X002G2OF7R","B0CZ3S4M5D","sink stopper","New","4.39","No",,"Yes","0","0","0","0","0","129.13","0","0","0","0","0","0","0","0","0","0",
"XJ2511352","X002G2N217","B0CTSX8D4G","TRHDFW Low Back Bra Converter Straps,3 Pack Women Backless Bra Extension Adjustable Deep V Neck Strap for Lady Girl Backless Dress Wedding Party 1.9CM","New","4.79","No",,"Yes","40","37","0","3","40","390.01","0","0","0","0","0","0","37","0","0","37",
"XJ2511352-1","X002J7Y0KB","B0GS5FHML5","AXNKDH 3 Pack Low Back Bra Converter Straps, Adjustable Deep V Backless Bra Extender, Polyester Cotton 1.9cm Width Hook and Eye Strap for Women Dress Wedding Party Daily Wear","New","4.79","No",,"Yes","33","30","0","2","63","99.96","0","30","0","1","0","0","30","0","0","30",
"XJ2511353","X002G2LTQR","B0CTTBTQ8Q","Funny Bookmark for Women Men Metal Bookmarks with Interesting Rude Words 'F… Im Reading' Stainless Stell Book Marks Present for Book Lovers Readers Best Friends Birthday Graduation Christmas Gifts…","New","4.29","No",,"Yes","113","90","0","3","193","88.98","0","80","0","1","0","0","90","0","19","109",
"XJ2511354","X002G2MN3P","B0CTTG2F4J","TRHDFW Vintage Satin Choker Plain Black Leather Collar Short Velvet Punk Necklace Chain for Women and Girls (5cm)","New","3.04","No",,"Yes","11","9","0","2","11","48.01","0","0","0","0","0","30","9","0","0","9",
"XJ2511357","X002G2LMF5","B0CTQJWP2F","2 Pieces Facial Hair Remover Spring Eyebrow Face Epilator Threading Tool Remove Hair from Upper Lip, Chin, Cheeks and Neck for Women Girls or Men (Black, Rose Red)","New","4.49","No",,"Yes","27","27","0","0","27","194.35","0","0","0","0","0","0","27","0","0","27",
"XJ2511357-1","X002J6SDG9","B0GS28KPF7","AXNKDH 2Pcs Spring Facial Hair Remover, Manual Eyebrow Face Threading Epilator Tool, Portable Hair Removal Device for Upper Lip Chin Cheek Neck, Black & Rose Red for Home Travel Use","New","3.09","No",,"Yes","0","0","0","0","0","99.96","0","0","0","0","0","0","0","0","0","0",
"XJ2511358","X002G2MUZB","B0CTMPVQBP","2 Pieces Baking Cake Strips, Adjustable Baking Even Strips Absorbent Thick Cotton Tray Protection Strap Cake Pan Strips with 1 Cake Piping Bag; for Cake Decorating Baking Tools Baking Cake Strips","New","5.29","No",,"Yes","1","0","1","0","1","96.03","0","0","0","0","0","15","0","0","0","0",
"XJ2511358-1","X002M0P8PL","B0H4F1P6WP","1 Pieces Baking Cake, Adjustable Even Absorbent Thick Cotton Tray Protection Strap Pan Strips with ; for Cake Decorating Baking Tools Strips","New","5.39","No",,"Yes","40","40","0","0","45","99.96","0","5","0","0","0","0","40","0","0","40",
"XJ2511360","X002G2QZ1V","B0CTWWRCWV","TRHDFW Cat Toy 4 Sponge Balls, Diameter-4.2 cm, Assorted Colours Sponge Balls, 4-Piece","New","4.49","No",,"Yes","7","7","0","0","7","31.95","0","0","0","0","0","20","7","0","0","7",
"XJ2511361","X002G2MV7D","B0CZ3NQGN6","TRHDFW scrub daddy caddy Funny Face Sponge Holder 1 Pack Suction Holder for Kitchen Bathroom Sink Designed for Round Funny Sponges with Suction Cup Installation Dishwasher Safe(Sponges Not Included)","New","6.49","No",,"Yes","16","15","0","1","16","140.6","0","0","0","0","0","0","15","0","0","15",
"XJ2511363","X002G2OMXT","B0CTT3J1X1","TRHDFW 2Pcs Bag Extender Chains Alloy Purse Chain Strap 12cm Golden Crossbody Shoulder Bag Strap Extender Chains with Connector Ring for Bag Straps Replacement Accessories","New","3.19","No",,"Yes","0","0","0","0","0","48.01","0","0","0","0","0","0","0","0","0","0",
"XJ2511365","X002G2SJS3","B0D11J6V7T","TRHDFW 100m Flying Kite Line String Kite Winder String Handle with Winding Board Outdoor Sports Tool Kite String Black","New","4.99","No",,"Yes","16","16","0","0","16","107.99","0","0","0","0","0","0","16","0","0","16",
"XJ2511366","X002G2OR6L","B0D22NG7FW","TRHDFW 1 Pcs 3 Way Shower Diverter Valve M22 X M24 Tap Adapter for Dishwashers Washing Machines Shower Nozzles in Kitchen Sink Tap and Bathroom Ordinary Shower Hoses or Water Supply Hoses","New","6.09","No",,"Yes","33","29","3","1","33","211.72","0","0","0","0","0","15","29","0","0","29",
"XJ2511367","X002G2ROVV","B0D2CXTT69","TRHDFW Meat Tenderizer Hammer, Stainless Steel Meat Mallet Kitchen Tool, Double Sided Heavy Duty Teeth Mallet for Steak Chicken Pork Cook Cooking Enthusiasts","New","5.75","No",,"Yes","0","0","0","0","0","577.64","0","0","0","0","0","0","0","0","0","0",
"XJ2511368","X002G2OLU3","B0D1Y8FLC7","TRHDFW 3pcs Egg Boiler Egg Poachers Cups, Non Stick Silicone Egg Boiler Cups Egg Cooker for Kitchen, Easy to Clean, Fast Cooking Egg for Breakfast","New","5.69","No",,"Yes","0","0","0","0","0","639.26","0","0","0","0","0","0","0","0","0","0",
"XJ2511369","X002G2QYIP","B0D1G949WQ","TRHDFW 3 Pcs Sushi Onigiri Mould Triangle Sushi Mold Rice Ball Maker Sushi Press Mold Sushi Onigiri Maker for DIY Cooking","New","5.49","No",,"Yes","38","36","0","1","38","209.92","0","0","0","0","0","35","36","0","1","37",
"XJ2511369-1","X002J7ZH3Z","B0GS5NXFN2","AXNKDH 3 Pcs Triangle Sushi Onigiri Mold Set, Reusable Plastic Rice Ball Maker with Rice Spoon, 2 Different Sizes Non-Stick Sushi Press Mould for Home Kitchen DIY Japanese Food Making, Yellow","New","4.69","No",,"Yes","29","29","0","0","29","99.96","0","0","0","0","0","0","29","0","0","29",
"XJ2511373","X002G2NB2H","B0CTMKZ4XB","Replacement Tips for slab Pencil 2nd Generation/ 1st Generation tips, iPencil Nibs Accessories for iPad Pro Pencil 2/1 Gen(4 Pack)","New","3.29","No",,"Yes","23","23","0","0","53","49.98","0","30","0","0","0","30","23","0","0","23",
"XJ2511375","X002G2P8GJ","B0CZJKDLHC","TRHDFW Sink Overflow Ring, 4 Pcs Sink Overflow Cover, Round Overflow Hole Cover, Basin Trim Drain Cap Cover, Sink Hole Overflow Cover, for Sink, Bathroom, Kitchen","New","4.49","No",,"Yes","51","50","0","0","51","603.37","0","0","0","1","0","0","50","0","0","50",
"XJ2511376","X002G2P9K9","B0CZRWL5KR","TRHDFWMobile Phone Charms Beaded Phone Lanyard Cell Phone Strap Charm Pearl Phone Charm Wrist Strap Beaded Mobile Phone Pendant for Women Girls","New","3.99","No",,"Yes","45","42","0","0","45","15.08","0","0","0","0","0","0","42","0","3","45",
"XJ2511376-1","X002JAZBT7","B0GSFPHM34","AXNKDH Mobile Phone Charms Beaded Lanyard Cell Strap Charm Pearl Charm Wrist Strap Beaded Mobile Phone Pendant for Women Girls","New","3.49","No",,"Yes","12","12","0","0","12","99.96","0","0","0","0","0","0","12","0","0","12",
"XJ2511377","X002G2PE8L","B0D3C1MRYD","TRHDFW 4 Food Bag Holders Silicone Shopping Bag Handles Food Bag Carrier Multi-Purpose Shopping Bag Holder Kitchen Tool Handles (Pink + Blue + Green)","New","4.99","No",,"Yes","27","27","0","0","77","48.01","0","50","0","0","0","0","27","0","0","27",
"XJ2511378","X002G2OYZP","B0D12LX15R","TRHDFW 8PCS Elastic Boot Bands, Military Boot Straps, Elastic Boot Straps Trouser Twists Leg Ties Blousing Garters with Metal Hooks, for Navy, Army, Air Force, Outdoor Hiking Military (Black & Green)","New","3.89","No",,"Yes","9","8","0","0","9","7.87","0","0","0","1","0","0","8","0","0","8",
"XJ2511380","X002G2Q5MP","B0D1426D6F","100pcs Bullet Clutch Earring Backs with Pad Earring Safety Backs,Hypo-Allergenic Bullet Clutch Comfort Earring Backs,Bullet Clutch Ear Nuts Secure Locking Replacement for Women Stud Earrings Jewelry","New","4.69","No",,"Yes","48","41","0","0","48","234.01","0","0","0","1","0","30","41","0","6","47",
"XJ2511380-1","X002J82XR7","B0GS5NY1NG","100Pcs Bullet Clutch Earring Backs, Gold & Silver Padded Plastic Earring Safety Stoppers, 10.1x6.1mm Hypoallergenic Secure Locking Replacement Backs for Women Jewellery Stud Earrings，earring backs for","New","3.99","No",,"Yes","16","16","0","0","36","99.96","0","20","0","0","0","0","16","0","0","16",
"XJ2511381","X002G2RPYR","B0CTHGDNMK","6pcs Silicone Faucet Extender, Faucet Connector Kitchen Water Tap Extension,Tooth Brushing Gargle Hand Washing Extender Bathroom Kitchen Sink Faucet Silicone Extender Accessories(3 Blue+3 Green)","New","4.99","No",,"Yes","40","40","0","0","80","1141.2","0","40","0","0","0","0","40","0","0","40",
"XJ2511382","X002G2SDVL","B0D3GDR3ZY","Milk Frother Handheld, Automatic Milk Foam Maker for Coffee, Matcha, Mini Stainless Steel Whisk, Mixer, Blender (Black)","New","4.39","No",,"Yes","24","23","0","0","44","207.46","0","20","0","1","0","50","23","0","0","23",
"XJ2511383","X002G2RK0B","B0D17SNDN1","TRHDFW 2 Pcs Onigiri Mould, Sushi Onigiri Mold with Spatula, Sushi Press Mold Triangle Shaped Onigiri Mold Sushi Making Kit, Sushi Gadgets Riceball Molder","New","5.17","No",,"Yes","48","46","0","2","48","28.02","0","0","0","0","0","15","46","0","0","46",
"XJ2511383-1","X002J9F41X","B0GS8ZSZNQ","AXNKDH 2 Pcs Triangle Onigiri Mould Set, Pink Reusable Plastic Sushi Press Mold with Spatula, Non-Stick Rice Ball Maker for Home Kitchen DIY Japanese Food Making","New","5.27","No",,"Yes","24","24","0","0","24","645.49","0","0","0","0","0","0","24","0","0","24",
"XJ2511385","X002G2PMW9","B0CTSF2PJB","TRHDFW Lug Ring Camera Strap Triangle Split Ring Hook","New","3.59","No",,"Yes","0","0","0","0","0","48.01","0","0","0","0","0","0","0","0","0","0",
"XJ2511387","X002G2QN3V","B0D119DK5C","TRHDFW Silky Satin Hair Bows for Women, 3 Pack Big Black, White, Pink Bowknot Metal Spring Clip Oversized Long Tail Hair Ribbons Ponytail Holder French Barrettes","New","5.29","No",,"Yes","10","10","0","0","70","179.93","0","60","0","0","0","15","10","0","0","10",
"XJ2511387-1","X002J70UWD","B0GS27XBK3","AXNKDH 3 Pack Satin Hair Bows Clips, Oversized Long Tail Bow Barrettes Metal Spring Clip, Black White Pink Silky Ribbon Ponytail Holder Hair Accessories for Daily Party Wedding","New","4.89","No",,"Yes","23","23","0","0","23","99.96","0","0","0","0","0","0","23","0","0","23",
"XJ2511388","X002G2R713","B0D2QV77TQ","TRHDFW Summer Fresh Beach Shoe Charms, Cute Boys and Girls Bracelet Diy Decorations, With Crabs, Starfish, Seagulls, Drift Bottles, Fish Bones and Other Accessories Party Gifts","New","5.09","No",,"Yes","0","0","0","0","0","287.92","0","0","0","0","0","10","0","0","0","0",
"XJ2511388-1","X002J9RIWV","B0GS9CKCCW","AXNKDH Summer Fresh Beach Shoe Charms, Cute Boys and Girls Bracelet Diy Decorations, With Crabs, Starfish, Seagulls, Drift Bottles, Fish Bones and Other Accessories Party Gifts","New","5.19","No",,"Yes","0","0","0","0","0","99.96","0","0","0","0","0","0","0","0","0","0",
"XJ2511389","X002G2R6Y1","B0D117NJHM","TRHDFW 2Pcs Cuttlefish Holder Stand Bird Parrot Cuttlebone Holder for Feeding Pet Birds Parrots Parakeets Cockatoos Lovebirds Green Cheek Chicks and Finches Container to Place Various foods","New","5.89","No",,"Yes","26","24","0","2","26","67.68","0","0","0","0","0","0","24","0","0","24",
"XJ2511391","X002G2SDZR","B0D2XQCFQX","TRHDFW Integrated form non-slip cat claw shape stainless steel clip Hotel outdoor meeting leaf tablecloth clamp adjustable,tablecloth clips,table cloth clip","New","5.49","No",,"Yes","55","55","0","0","55","215.98","0","0","0","0","0","0","55","0","0","55",
"XJ2511393","X002G2PC33","B0D31BJDW6","TRHDFW Beaded Phone Chain Charm Crystal Natural Gemstone Phone Charm Wrist Strap Handmade Wristlet String for Phone Strap Keychain ID Card Holder","New","6.29","No",,"Yes","31","30","0","1","31","43.43","0","0","0","0","0","35","30","0","0","30",
"XJ2511394","X002G2QNDL","B0CTMB9RVY","TRHDFW Button Hook & Zipper Pull, Zipper Pull Helper, Easy Grip Button Hook & Clothes Zip Puller, Dress Clothes Tool, Button Shirts Aid, One Hand, Disability, Handicapped and Seniors (Black)","New","4.49","No",,"Yes","8","8","0","0","8","8.03","0","0","0","0","0","15","8","0","0","8",
"XJ2511398","X002G2PCBP","B0D1R512Z2","TRHDFW 2 Pack Applicator Bottle for Hair, 8.5oz Hair Color Applicator Bottle Twist-On Top Tip Cap Hair Oil Applicator, Plastic Squeeze Bottle Root Hair Dye Bottle with Graduated Scale","New","5.39","No",,"Yes","21","21","0","0","21","94.06","0","0","0","0","0","15","21","0","0","21",
"XJ2511398-1","X002J6LUS7","B0GS22SMQ3","AXNKDH 2-pack Hair Dye Bottle, 8.5oz Capacity, Screw Cap, Plastic, Graduated Measuring Cup","New","5.69","No",,"Yes","48","43","0","0","68","99.96","0","20","0","0","0","0","43","0","5","48",
"XJ2511399-1","X002J6TOYT","B0GS1QW1N1","AXNKDH 2 Pcs Multifunctional Cleaning Brush with Liquid Storage Box, Soft Fibre Shoe Laundry Scrub Brush, Ergonomic Long Handle Hangable Cleaning Tool for Shoes Clothes Kitchen Bathroom Green White","New","4.99","No",,"Yes","5","5","0","0","115","1029.44","0","110","0","0","0","0","5","0","0","5",
"XJ2511401","X002G2RQZZ","B0D1X436NG","TRHDFW Weekly Pill Organiser 7 Day, Pills Box Organiser, Travel Friendly Daily Pill Containers to Hold Medicine Vitamins Fish Oil Supplements (Black)","New","3.49","No",,"Yes","24","23","0","1","24","266.95","0","0","0","0","0","0","23","0","0","23",
"XJ2511402","X002G2PJ8L","B0D2L4M9TZ","TRHDFW 4 Pcs Nail Scrubbing Brush, Plastic Handle Scrubbing Cleaning Brush Fingernail Brushes, Nail Manicure Dust Brush for DIY Home & Salon Use","New","4.29","No",,"Yes","0","0","0","0","20","85.21","0","20","0","0","0","20","0","0","0","0",
"XJ2511403","X002G2SHAD","B0D2SM1YFW","TRHDFW Vintage Sweater Clips, Retro Cardigan Clips,Rhinestone Pearl Shawl Clip,Collar Clip,Back Cinch Clips,Dress Shawl ClipSweaters Connection Brooches for Women Girls Clothing Decoration(2Pcs)","New","4.29","No",,"Yes","17","16","0","1","17","49.98","0","0","0","0","0","0","16","0","0","16",
"XJ2511404","X002G2P0OT","B0D1BPNNBD","TRHDFW Rice Ball Mold with Mini Rice Scoop, DIY Sticky Rice Molds Large Ball Mold Kitchen Tool Rice Ball Maker Shake, Rice Roll Shaker Ball Maker for Kids","New","3.69","No",,"Yes","26","24","0","2","65","129.46","0","39","0","0","0","0","24","0","0","24",
"XJ2511405","X002G2PLHZ","B0D2D71QD7","TRHDFW 2 Pcs Multifunctional Fish Clean Scales, Fish Scales Brush Peeler, Fish Descaler Tool with Cover, Fish Skin Scaler with Cover, Remove Fish Skin Scraping Brush, Kitchen Cooking Tools(Blue/Green)","New","4.99","No",,"Yes","1","0","1","0","1","255.8","0","0","0","0","0","20","0","0","0","0",
"XJ2511407","X002G2R1L9","B0D2HQ5ZBQ","TRHDFW 4 Pack Large Satin Scrunchies for Women Thick Hair, Oversized Scrunchy Extra Big Ponytail Holders Hair Accessories","New","4.39","No",,"Yes","0","0","0","0","60","215.98","0","60","0","0","0","20","0","0","0","0",
"XJ2511408","X002G2PJEF","B0D2NZ87W7","TRHDFW 2PCS Phone Charm Strap Beaded Phone Lanyard LOVE Letter Phone Wrist Strap Soft Pottery Mobile Phone Bracelet Anti-Lost Chain Hand Lanyard Black & White","New","3.49","No",,"Yes","0","0","0","0","0","123.07","0","0","0","0","0","0","0","0","0","0",
"XJ2511408-1","X002JEIHDF","B0GSVYB5LJ","AXNKDH 2 Pcs Beaded Phone Charm Strap, LOVE Letter Soft Pottery Wrist Lanyard, Anti-Lost Hand Chain, Black White Universal Decorative Strap for Phone Case Keychain Bag Accessories","New","4.19","No",,"Yes","31","28","0","3","31","99.96","0","0","0","0","0","0","28","0","0","28",
"XJ2511409","X002G2PIS7","B0D2L7NL1Q","TRHDFW Heavy Duty Long Handled Professional Toenail Clippers for Thick & Ingrown Nails - Men & Seniors - Pedicure Clippers - Super Sharp Curved Blade Professional Nail Clippers","New","4.19","No",,"Yes","0","0","0","0","0","82.92","0","0","0","0","0","0","0","0","0","0",
"XJ2511412","X002G2PFRB","B0D3BT47L4","TRHDFW Yellow duck cartoon non-slip sticker, children bath non-slip sticker baby duck bathroom non-slip sticker，non slip bath stickers，anti slip bath stickers","New","5.29","No",,"Yes","0","0","0","0","0","187.14","0","0","0","0","0","15","0","0","0","0",
"XJ2511412-1","X002J9QYFN","B0GS942TH5","AXNKDH 12 Pcs Yellow Duck Non Slip Bath Stickers, PEVA Self-Adhesive Anti-Slip Floor Stickers with Scraper, Waterproof Safety Grip Pads for Bathroom Bathtub Kitchen Stairs","New","5.29","No",,"Yes","44","43","0","0","44","99.96","0","0","0","1","0","0","43","0","0","43",
"XJ2511413","X002G2UJOZ","B0D39LRB1L","TRHDFW Silicone swimming nose clip competition training special nose clip anti-stripping anti-choking steel wire nose clip professional adult nose clip,nose clips swimming,swimming nose clip adult","New","3.79","No",,"Yes","9","9","0","0","59","28.19","0","50","0","0","0","0","9","0","0","9",
"XJ2511415","X002G2RKBZ","B0D14LBR87","TRHDFW 4 Pack Clear Travel Tottles, 60ml Portable Leak Proof Travel Containers for Toiletries Travel Toiletry Bottles Refillable Squeeze Bottles for Shampoo Body Lotion Bath Shower Gel","New","6.39","No",,"Yes","62","59","0","2","102","36.22","0","40","0","0","0","10","59","0","1","60",
"XJ2511415-1","X002J81A8P","B0GS5MDGJD","AXNKDH 4 Pack Clear Travel Tottles, 60ml Portable Leak Proof Travel Containers for Toiletries Travel Toiletry Bottles Refillable Squeeze Bottles for Shampoo Body Lotion Bath Shower Gel","New","5.49","No",,"Yes","22","20","0","1","67","99.96","0","45","0","0","0","0","20","0","1","21",
"XJ2511416","X002G2PHR9","B0D3DRQFKL","TRHDFW Colored Plastic Bookmark Guide with Reading aid Highlighter PVC Transparent Effect Bookmark,Dyslexia Overlays,Overlays for Reading Dyslexia,Overlay Dyslexia","New","2.99","No",,"Yes","0","0","0","0","0","106.35","0","0","0","0","0","20","0","0","0","0",
"XJ2511417","X002G2RAW9","B0D31J7846","TRHDFW Tablespoon Measuring Spoon 2 Pieces 1 Tablespoon Scoops with Long Handle, 15 ml Stainless Steel Coffee Measuring Spoon 15ml Measuring Tablespoon for Coffee Milk Fruit Powder","New","5.79","No",,"Yes","26","25","0","1","26","336.59","0","0","0","0","0","0","25","0","0","25",
"XJ2511419","X002G2PLW5","B0D1CB147S","TRHDFW 4PCS Mini Sauce Containers,25ML Squeezy Sauce Bottles,Honey/soy sauce/Ketchup/Salad Squeezable Sauce Containers,Portable Mini Ketchup Bottle to Go with Screw Cap for Picnic,Work,School","New","4.69","No",,"Yes","14","13","0","0","14","55.39","0","0","0","1","0","0","13","0","0","13",
"XJ2511419-1","X002J7Y2JP","B0GS5R3N58","AXNKDH 4 Pack 25ml Mini Squeezy Sauce Bottles, Transparent Polypropylene Portable Condiment Containers with Screw Lid, Leak-Proof Refillable Dispenser for Ketchup Honey Salad Dressing Picnic","New","3.89","No",,"Yes","38","37","0","1","38","99.96","0","0","0","0","0","0","37","0","0","37",
"XJ2511420-1","X002J7WSMX","B0GS5C12KL","AXNKDH 3 Pcs Tyre Tread Depth Gauge 0-25mm/1 Inch, Colour Coded Precise Depth Measuring Tool, Durable ABS & Stainless Steel Portable Tyre Wear Checker for Cars, Trucks, Motorcycles and Buses","New","3.79","No",,"Yes","10","10","0","0","10","99.96","0","0","0","0","0","0","10","0","0","10",
"XJ2511421","X002G2NCB7","B0D2CXY73X","TRHDFW Dumpling Press Pie Machine Mold Kitchen Stainless Steel Dumpling Dough Mold Making Fruit Pie Pressing Pastry Tools Large Size","New","4.79","No",,"Yes","0","0","0","0","0","382.47","0","0","0","0","0","0","0","0","0","0",
"XJ2511423","X002G2OAC7","B0CTSTTJM1","TRHDFW No Buckle Ladies Elastic Belt for Women Mens Invisible Jeans Pants Dress Stretch Waist Belt up to 64""","New","3.69","No",,"Yes","36","36","0","0","36","48.01","0","0","0","0","0","25","36","0","0","36",
"XJ2511424-1","X002J6S8LT","B0GS1V4Z8V","2 Pairs Sneaker Crease Protectors Shoe Creases Protector Against Toe Box Shoe Creases Anti Guard for Air Force Shoes Toe Box & Wrinkles Running Casual Shoes - White (S)","New","4.89","No",,"Yes","58","54","0","4","58","99.96","0","0","0","0","0","0","54","0","0","54",
"XJ2511425","X002G2S5F5","B0D31JF85L","TRHDFW Coffee Measuring Spoon Stainless Steel Coffee Scoop Set: Measuring Spoons for Ground Coffee, Espresso, Tea, Sugar & Milk Powder - 2 Sizes","New","4.39","No",,"Yes","0","0","0","0","0","68.01","0","0","0","0","0","0","0","0","0","0",
"XJ2511427","X002G2SEXD","B0D25X55GX","TRHDFW 2pcs Silicone Breast Pump, 17mm Silicone Breastpump Flange Insert Wearable Breast Pump Accessories Compatible with Medela/Spectra/TSRETE/Momcozy S9/S12/S9Pro/S12Pro","New","5.29","No",,"Yes","60","56","0","4","60","37.53","0","0","0","0","0","0","56","0","0","56",
"XJ2511427-1","X002J81599","B0GS5MS87Y","2pcs Silicone Breast Pump, 17mm Silicone Breastpump Flange Insert Wearable Breast Pump Accessories Compatible with Medela/Spectra/TSRETE/Momcozy S9/S12/S9Pro/S12Pro","New","4.99","No",,"Yes","13","10","0","2","43","99.96","0","30","0","1","0","0","10","0","0","10",
"XJ2511428","X002G2OACH","B0CTTF5NVT","TRHDFW Clear for iPhone 13 Case/iPhone 14 Case, [Never Yellow] [Shockproof Mil-grade Protection] Protective Bumper Hard PC Phone Cases, Anti-Fingerprint Thin Slim Fit Cover,Clear","New","3.69","No",,"Yes","22","21","0","1","22","48.01","0","0","0","0","0","30","21","0","0","21",
"XJ2511429","X002G2UKM1","B0D14GGJT8","TRHDFW Silicone Soap Dish, Double Anti-Slip Self Draining Soap Holder, Portable Soap Drainer Dish Tray for Shower, Bathroom, Kitchen, Counter Top, Keep Soap Bars Dry, Easy Cleaning","New","3.39","No",,"Yes","22","21","0","1","22","107.99","0","0","0","0","0","30","21","0","0","21",
"XJ2511436-1","X002KKRIRJ","B0GY48BZ7L","AXNKDH Nylon Football Studs, Plastic Studs for Football Boots - Black","New","3.29","No",,"Yes","27","24","2","1","27","99.96","0","0","0","0","0","0","24","0","0","24",
"XJ251144","X002FQG10N","B0DBQF9WDC","JYTDBCS Adjustable Escape Proof Cat Kitten Harness for Walking, Breathable Vest for Small Cats, Comes with Leash Set","New","5.49","No",,"Yes","11","10","1","0","61","441.47","0","50","0","0","0","0","10","0","0","10",
"XJ2511448","X002G2PU49","B0CTQ9XNTB","IUFDGHN Sunglasses Case,3Pcs Soft Leather Sunglasses Bag Portable Glasses Case Sunglasses Pouch Eyeglass Bags with Lanyard Sunglasses Storage Holder for Women Men","New","5.29","No",,"Yes","0","0","0","0","0","119.95","0","0","0","0","0","0","0","0","0","0",
"XJ2511448-1","X002KKQ98X","B0GY48KDDV","AXNKDH Sunglasses Case,3Pcs Soft Leather Sunglasses Bag Portable Glasses Case Sunglasses Pouch Eyeglass Bags with Lanyard Sunglasses Storage Holder for Women Men","New","5.19","No",,"Yes","0","0","0","0","0","99.96","0","0","0","0","0","0","0","0","0","0",
"XJ251145","X002FQDZX9","B0CTK57V2H","JYTDBCS Puppy Teething Toy Dog Teething Dental Chew Bone Gentle Rubber With Nubs And Ridge Extreme Lightweight Reusable Puppy Chew Toy For Cleaning Teeth Outdoor Pet Supplies","New","6.49","No",,"Yes","15","15","0","0","85","382.31","0","70","0","0","0","0","15","0","0","15",
"XJ251146","X002FQG1AD","B0DB5VC61V","JYTDBCS Oktoberfest Funny Apron - Sexy & Novelty Design for Women - Perfect for Beer Festivals & Barbecues","New","5.09","No",,"Yes","33","33","0","0","33","891.13","0","0","0","0","0","0","33","0","0","33",
"XJ2511465","X002G2ULX9","B0CTSPWKGR","IUFDGHN Ceramic Thank You Keepsake Gift Sentimental Gift For Best Friend | Mentor | Family | Female Gift For Her | Friendship Present","New","4.19","No",,"Yes","1","0","0","0","1","56.04","0","0","0","1","0","0","0","0","0","0",
"XJ2511467-1","X002JOT48R","B0GV41GNGF","AXNKDH 2 Pack Disposable Sterile Nose Piercing Kit Tool with Stud Painless Self Ear Gun for Kit, and Supplies (White)","New","4.79","No",,"Yes","51","41","0","2","51","39.98","0","0","0","0","0","0","41","0","8","49",
"XJ251147","X002FQD65V","B0D9B75SC8","JYTDBCS 6pcs Automatic Chicken Water Supply Cup for Poultry, Bird, Duck","New","6.49","No",,"Yes","0","0","0","0","0","1739.65","0","0","0","0","0","0","0","0","0","0",
"XJ2511475","X002G2TJH3","B0CT84R38Z","IUFDGHN Wallpaper Seam Roller - Wood Handle Paint Roller Heavy Duty Hand Press Roller Home Decor DIY Tool","New","7.49","No",,"Yes","1","0","0","1","1","144.04","0","0","0","0","0","0","0","0","0","0",
"XJ2511477","X002G2RAK1","B0CTXB5DB5","IUFDGHN Vacuum perfume evaporator - mini empty perfume bottle refillable from the bottom, leak proof perfume atomizer with protective cap, suitable for travel, women and men","New","2.79","No",,"Yes","0","0","0","0","0","36.05","0","0","0","0","0","0","0","0","0","0",
"XJ2511479-1","X002JPCL95","B0GV3SZ5Y3","sports headband, 8-piece ultra-thin fitness headband, elastic headband anti slip,black, white, blue, gray","New","6.09","No",,"Yes","24","21","0","3","24","99.96","0","0","0","0","0","0","21","0","0","21",
"XJ251149","X002FQGOAP","B0D8DMMDQS","2 Pcs Durable Wood Salad Spoon and Fork Set - Long Handle Server With Mixing and Dinner Utensils for Serving","New","6.69","No",,"Yes","0","0","0","0","0","1991.52","0","0","0","0","0","0","0","0","0","0",
"XJ251150","X002FQGO7X","B0CTJFKP14","JYTDBCS 2Pcs Bicycle Quick Release Lever Nut Bike Wheel Hub Axle Nut Cycling Components for Mountain Bike","New","4.89","No",,"Yes","8","8","0","0","158","51.78","0","150","0","0","0","0","8","0","0","8",
"XJ251152","X002FQDE4T","B0DBQF7F6M","JYTDBCS - Faucet Adapter, External Thread M16to External Thread M22 Faucet Converter, Faucet Aerator Adapter, Suitable for Connecting Aerators to Kitchen Faucets, (M16-M22),Thread Converter","New","4.59","No",,"Yes","29","28","0","1","79","41.95","0","50","0","0","0","0","28","0","0","28",
"XJ251153","X002FQBI6Z","B0DCG5326T","JYTDBCS 4PCS Mini Sauce Containers,25ML Squeezy Sauce Bottles,Honey/soy sauce/Ketchup/Salad Squeezable Sauce Containers,Portable Mini Ketchup Bottle to Go with Screw Cap for Picnic,Work,School","New","4.89","No",,"Yes","17","17","0","0","66","99.96","0","49","0","0","0","0","17","0","0","17",
"XJ251154","X002FQE1CD","B0D8FBRHT2","Stainless Steel Orange Peeler, Long Handle Serrated Citrus Peeler Orange Slicer Easy Fruit Opener Peeling Tool Multifunctional Kitchen Gadget for Lemon, Pomegranate, Grapefruit","New","5.09","No",,"Yes","28","27","0","1","28","99.96","0","0","0","0","0","0","27","0","0","27",
"XJ251155","X002FQAVAT","B0D8FK5MJC","JYTDBCS Silicone finger pullers Grip strengtheners Finger stretchers flexion vein trainers gripster finger grip strengthener","New","6.79","No",,"Yes","11","11","0","0","31","780.84","0","20","0","0","0","0","11","0","0","11",
"XJ251156","X002FQD6VZ","B0D7T8JCYF","JYTDBCS 4-Way Multi-Functional Utilities Zinc Alloy Key Radiator Key Bleed Triangle/Square Universal Cross Triangle Key for Train Elevator Cabinet Valve Opening Utility Key Radiator Key","New","3.49","No",,"Yes","0","0","0","0","0","75.05","0","0","0","0","0","0","0","0","0","0",
"XJ251157","X002FQDGSN","B0DBZHNB67","JYTDBCS 4 Pcs Nail Brushes, Nail Cleaning Brush Plastic Handle Scrubbing Brush Eco Friendly Fingernail Brush with Soft Bristles Nail Manicure Dust Brush for Hand Toes Nail Home Garden Salon use","New","4.89","No",,"Yes","17","17","0","0","17","577.48","0","0","0","0","0","0","17","0","0","17",
"XJ251158","X002FQEY3J","B0D7VGY1VS","Wiggle Eyes, Googly Eyes self Adhesive 2Pieces Giant Self Adhesive Large Googly Eyes for Xmas Party Handmade DIY Crafts(76mm/3 Inch)","New","3.49","No",,"Yes","6","5","0","1","26","104.71","0","20","0","0","0","0","5","0","0","5",
"XJ251159","X002FPO9WB","B0D7PSMKC3","2 Pcs Multifunctional Fish Clean Scales, Fish Scales Brush Peeler, Fish Descaler Tool with Cover, Fish Skin Scaler with Cover, Remove Fish Skin Scraping Brush, Kitchen Cooking Tools(Blue/Green)","New","7.29","No",,"Yes","37","32","0","5","72","959.63","0","35","0","0","0","0","32","0","0","32",
"XJ251160","X002FQFVWR","B0D9RPD5DC","JYTDBCS 30pcs Baby Toothbrushes & Tongue Cleaners - Disposable Mouth Swabs for Toddlers & Infants","New","5.99","No",,"Yes","10","10","0","0","10","936.36","0","0","0","0","0","0","10","0","0","10",
"XJ251162","X002FQGAR7","B0DBQ53DKQ","JYTDBCS Foldable Plastic Golf Ball Pick Up Retriever Grabber Claw Suction Cup Sucker Accessories Golf Ball Picker Upper for Putter Grip Back Saver Tool for Golfer 6 Pack","New","5.49","No",,"Yes","0","0","0","0","0","344.13","0","0","0","0","0","0","0","0","0","0",
"XJ251163","X002FQGBJ9","B0DB5Q9S29","JYTDBCS Natural Stone Beaded Phone Charm Crystal Lanyard for Women - Handmade Crystal Strap","New","5.79","No",,"Yes","10","9","0","0","70","99.96","0","60","0","1","0","0","9","0","0","9",
"XJ251164","X002FQDH8R","B0D7Z64S9D","2pcs Stainless Steel Fruit and Vegetable Cup Slicer - Handheld Egg Strawberry Banana Cutter for Making Quick Salads","New","7.39","No",,"Yes","0","0","0","0","0","989.45","0","0","0","0","0","0","0","0","0","0",
"XJ251165","X002FQDH87","B0D8HWKCX3","JYTDBCS Pant Chains Emo Style Accessories With Gothic Moon Multi Layer Wallet Chain Belts Belt Chains Gothic Body Chain Gifts For Men Goth Punk Accessories","New","5.69","No",,"Yes","35","34","1","0","55","99.96","0","20","0","0","0","0","34","0","0","34",
"XJ251166","X002FQDI4F","B0DBVJWD2M","JYTDBCS Anklet Bracelet - Beach Foot String Jewellery - Waterproof & Adjustable Ankle Bracelets for Women - Beaded Wax Rope Festival Accessories","New","4.09","No",,"Yes","0","0","0","0","0","61.45","0","0","0","0","0","0","0","0","0","0",
"XJ251167","X002FQDKHF","B0DB5TG7BC","JYTDBCS 2 Pcs Large Hair Barrettes for Women Retro French Design Vintage Elegant Ponytail Hair Clips for Fine Thick Hair","New","6.39","No",,"Yes","24","19","0","0","44","412.95","0","20","0","0","0","0","19","0","5","24",
"XJ251168","X002FQEYVV","B0D9YDC26B","JYTDBCS Women Leather Belt for Jeans Trousers Dresses Ladies Fashion Belt with Gold Buckle","New","5.59","No",,"Yes","15","15","0","0","15","1692.29","0","0","0","0","0","0","15","0","0","15",
"XJ251169","X002FPOFED","B0DCVK89XZ","JYTDBCS Martingale Half Check Dog Collars, Strong Dog Collar with Safe Buckle, Adjustable Reflective Half Check Dog Collar Medium (M: 50CM, Dark blue)","New","6.09","No",,"Yes","7","7","0","0","7","497.84","0","0","0","0","0","0","7","0","0","7",
"XJ251171","X002FPO3OP","B0D81R8J17","JYTDBCS Tins Container, Metal Rectangular Tin Can,Mini Portable Box Small Storage Basic Necessities Home Storage Organizer Empty Hinged Household Storage Box with Lid for Candy Key Earring (Silver)","New","3.99","No",,"Yes","30","1","0","0","30","99.96","0","0","0","0","0","0","1","0","29","30",
"XJ251173","X002FQ26QB","B0D7VQSXCX","JYTDBCS 4 pair half-cut invisible socks Socks for women Spring summer thin shallow mouth half-drag half-foot socks non-slip front foot socks High heel socks","New","6.29","No",,"Yes","0","0","0","0","0","757.41","0","0","0","0","0","0","0","0","0","0",
"XJ251174","X002FQBPRH","B0DBQJBC29","JYTDBCS Bearded Dragon Leash Harness 3 Sizes Reptile Leather Harness Bearded Dragon Rope with Bat Wings Adjustable Reptiles Animals Harness for Small Medium and Large Reptiles Animals(S,M,L)","New","7.39","No",,"Yes","16","15","1","0","56","277.43","0","40","0","0","0","0","15","0","0","15",
"XJ251175","X002FQB0LN","B0D8353DN3","JYTDBCS Emotional Support Pickle, Positive Pickle Valentines Gifts for Her Him, Pocket Hug Worry Doll with Positive Affirmation Cards, Weird Good Luck Cute Romantic Funny Gifts for Women (cucumber)","Unknown",,,,,"1","0","0","1","1","255.47","0","0","0","0","0","0","0","0","0","0",
"XJ251176","X002FQ29PT","B0D837G8FV","JYTDBCS Emotional Support Pickle, Positive Pickle Valentines Gifts for Her Him, Pocket Hug Worry Doll with Positive Affirmation Cards, Good Luck Gifts For Women (penguin)","Unknown",,,,,"0","0","0","0","0","211.72","0","0","0","0","0","0","0","0","0","0",
"XJ251177","X002FQH9K9","B0DBQFGYY2","JYTDBCS Bridal Green Gold Crystal Hair Comb,Wedding Rhinestone Hair Side Comb Fashion Hair Clip Handmade Hair Accessories for Bride Wedding Prom Girl Headpieces","New","5.09","No",,"Yes","0","0","0","0","0",,"0","0","0","0","0","0","0","0","0","0",
"XJ251178","X002FPOGER","B0D8KRDVP6","10Pcs Dog Toothbrush, 360º Dog Finger Toothbrush, Silicone Pets Teeth Cleaning Toothbrush Kit for Dogs Puppies, Dog Teeth Cleaning Products for Care Dog Toothbrush and Paste(Blue)","New","4.99","No",,"Yes","11","9","0","1","11","99.96","0","0","0","0","0","0","9","0","1","10",
"XJ251180","X002FQGYK5","B0D93GFLSH","Embroidery Fabric Patches - Iron-On/Seam-Fastened, British Style Decorative Stickers for DIY Upcycling on Clothing, Backpacks, Hats, and More","New","3.49","No",,"Yes","13","13","0","0","13","53.91","0","0","0","0","0","0","13","0","0","13",
"XJ251181","X002FQBQ5N","B0D7LT91PQ","10Pcs Small Stainless Steel Carabiner 304 Stainless Steel Heavy Duty Carabiners M3.5 Locking Carabiners Quick Chain Link Key Ring Clips with Screw for Camping Hiking Swing Hammock","New","6.59","No",,"Yes","32","32","0","0","32","99.96","0","0","0","0","0","0","32","0","0","32",
"XJ251182","X002FQ2B9D","B0DB5SG8JL","JYTDBCS 4 Pieces Hair Combs for Women Accessories, Elastic Hair Clip Combs Bandette Comb with Elastic Band Double Comb Hair Clip Hair Styling Tool for Women Thick Curly Thin Hair (Black, Brown)","New","5.99","No",,"Yes","0","0","0","0","0","99.96","0","0","0","0","0","0","0","0","0","0",
"XJ251183","X002FQHS2N","B0D7V9PCGP","Antique Brass Heavy Duty Single Slider Zip - Size #5 Open End Zips - Sewing Accessory (Black, 70cm (27.5''))","New","5.19","No",,"Yes","31","29","0","2","31","263.34","0","0","0","0","0","0","29","0","0","29",
"XJ251184","X002FQB3PL","B0DBDJD8SF","JYTDBCS 3 Pcs French Barrette Clips for Women, Tortoise Shell Hair Clips, Medium Size, Perfect for Thin, Fine, Thick Hair, 3 Count, Unisex, All Hair Types","New","4.39","No",,"Yes","11","11","0","0","11","155.68","0","0","0","0","0","0","11","0","0","11",
"XJ251185","X002FQ2ICX","B0D9CRKLLF","JYTDBCS Pearl flower brooch flower corsage brooch Brooch Premium imitation fritiri Pin Pearl Tulip Delicate Flowers Luxury style suit coat accessory corsage,flower corsage brooch","New","3.79","No",,"Yes","13","11","1","0","43","58.99","0","30","0","1","0","0","11","0","0","11",
"XJ251186","X002FQB4CX","B0DBVMN1R2","JYTDBCS Tie Clips for Men Business Tie Clip Personalised Tie Clip Pin Short Style Necktie Clips Tie Bar Clip","New","2.99","No",,"Yes","0","0","0","0","0",,"0","0","0","0","0","0","0","0","0","0",
"XJ251187","X002FQGTYL","B0D8J3VD5G","JYTDBCS Portable Metal Beard & Hair Comb, 2 Pack Stainless Steel Credit Card Size Steel Combs Anti-Static Dual Action Fine & Wide Teeth Mustache Comb for Men Mini Hair Comb","New","4.39","No",,"Yes","0","0","0","0","0","53.59","0","0","0","0","0","0","0","0","0","0",
"XJ251188","X002FQ2IFP","B0D8BC7X6L","25PCS JYTDBCS Applicable, Vwv, Aode, Door interior door clamp Automotive door clamp fixed expansion clamp buckle,car trim clips,t5 accessories,caddy accessories","New","3.79","No",,"Yes","0","0","0","0","0","746.59","0","0","0","0","0","0","0","0","0","0",
"XJ251189","X002FQHPQR","B0DBT845N3","JYTDBCS Set of 2 Pot Handle Replacement, Sauce Pots Handle Pot Replacement Short Side Handles, Metal Pressure Pan Cooker Spares, Short Side Handle for Home Kitchen Soup Pots, Steamers, Milk Pot(Black","New","3.99","No",,"Yes","0","0","0","0","0","412.3","0","0","0","0","0","0","0","0","0","0",
"XJ251190","X002FQGRT3","B0D93ZLCXV","JYTDBCS 1 Pair Moisturizing Silicone Sock, Full Length Moisturizing Socks Cracked Feet Care Protector Soft Silicone Gel Spa Deep Moisturizing Full Foot Socks,Silicone Socks for blisters.","New","5.39","No",,"Yes","15","13","1","1","15","710.71","0","0","0","0","0","0","13","0","0","13",
"XJ251191","X002FQHQ7P","B0D9D6QRTH","JYTDBCS Slip Collar Dog Training Choke Collar, Round Nylon Rope Collar No Pull P-Collar for Small Medium Large Dogs","New","3.89","No",,"Yes","0","0","0","0","0","691.04","0","0","0","0","0","0","0","0","0","0",
"XJ251193","X002FQHIMX","B0CTH78V7K","JYTDBCS 2Pack Hose Nozzles,Garden Hose Nozzles & Spray Guns,Garden Hose Gun to Adjust The Water Flow for Watering Plants Car Washing Shower Pet","New","5.09","No",,"Yes","15","15","0","0","15","99.96","0","0","0","0","0","0","15","0","0","15",
"XJ251194","X002FQ2LQL","B0DB5NVGLM","JYTDBCS 8 pcs Multifunction Beer Bottle Starter Oral Liquid Vial Manual Can Opener Tool, Vial Opener,Silver","New","5.19","No",,"Yes","49","49","0","0","49","124.71","0","0","0","0","0","0","49","0","0","49",
"XJ251195","X002FQ2PXF","B0DBDH3STM","8 Replacement Brush Heads for Children's Electric Toothbrush, Children's Toothbrush Replacement Heads, Extra Soft Bristles, Ideal Choice for Kids.","New","4.39","No",,"Yes","0","0","0","0","0","99.96","0","0","0","0","0","0","0","0","0","0",
"XJ251196","X002FQ2TT5","B0CTJZ1X6H","JYTDBCS Security Camera Mount - 2pcs Adjustable Brackets for Indoor/Outdoor Installation","New","5.79","No",,"Yes","0","0","0","0","0","936.85","0","0","0","0","0","0","0","0","0","0",
"XJ251197","X002FQHQY3","B0DBDJPR7B","JYTDBCS Exfoliating Cloth Premium Viscose Japanese Scrubber Cloth Ideal for Back, Legs, Arms - Gentle Exfoliation - Dead Skin Removal - Soft and Smooth Skin (White)","New","3.89","No",,"Yes","0","0","0","0","0",,"0","0","0","0","0","0","0","0","0","0",
"XJ251198","X002FQDR4B","B0D93SM4ZB","JYTDBCS 10ML Perfume Atomiser Spray Bottle,perfume atomiser,mini perfume refill bottles，travel perfume atomiser refillable,3 Pieces Refillable Travel Size Perfume Bottles in Pocket & Handbag","New","4.59","No",,"Yes","0","0","0","0","0","278.58","0","0","0","0","0","0","0","0","0","0",
"XJ251199","X002FQHRFB","B0DBQH7H59","JYTDBCS 3Pcs White Set Whip Cream Dispenser Head Whipped Nozzle Mounting Mouth Base Tips Dinning Bar Whip Cream Special Head Cream Chargers and Whippers Kitchen Utensils and Gadgets","New","4.29","No",,"Yes","9","9","0","0","39","134.37","0","30","0","0","0","0","9","0","0","9",
"XJ251201","X002GOBOGF","B0G4R3RQFT","Silk Hair Bonnet Black - Cap for Sleeping, Nets for in, Cover, Silk Head Scarf for - Comfortable Night Sleep Cap Wrap for Curly, Adjustable Tie Band Included","New","4.59","No",,"Yes","35","35","0","0","35","99.96","0","0","0","0","0","20","35","0","0","35",
"XJ2512011","X002GP82RD","B0G4TXVS3M","AXNKDH Polarized Sunglasses For Men, Suitable For Sports, Driving, Cycling","New","5.59","No",,"Yes","9","9","0","0","9","99.96","0","0","0","0","0","15","9","0","0","9",
"XJ260101","X002HZVJ45","B0GJSJBJ2Q","Gaming Mouse Pad Custom,Periodic Table by Chemistry Elements for Classroom Geek Science Lovers Non-Slip Thick Rubber Large Mousepad","New","5.69","No",,"Yes","19","18","0","1","19","422.62","0","0","0","0","0","0","18","0","0","18",
"XJ260102","X002HZWPVV","B0GJSJTYR8","2pcs Premium Hard Denture Brush Toothbrush, Cleaning Brush, Portable Denture Double Sided Brush, Denture Care","New","4.22","No",,"Yes","11","10","0","1","41","99.96","0","30","0","0","0","0","10","0","0","10",
"XJ260103","X002I04D6Z","B0GJSK88LQ","Knitting Needle Gauge Crochet Needle Measure Knitting Needle Measure Knitting Tool Ruler Wooden Gauge 2-15mm for Measuring Knitting Grade 15x15cm","New","4.59","No",,"Yes","31","30","0","1","31","99.96","0","0","0","0","0","0","30","0","0","30",
"XJ260104","X002I04XO7","B0GJSL7FCC","Car Door Edge Protector, Clear Edging Car Door Protectors Edge Guards (16.4FT) with U Shape Guard for Maximum Protection, Waterproof, Scratch-Proof, Universal Fit for Most Cars, Can Be Freely Cut","New","5.69","No",,"Yes","32","31","0","1","131","99.96","0","99","0","0","0","0","31","0","0","31",
"XJ260105","X002I02VGT","B0GJSGCK9L","2 Pcs Desk Grommet 60mm Grey Desk Cable Grommet, Reusable Plastic Desks Hole Cover, Detachable Cable Grommets for Wire Tidy, CablesTidy, Cord Organizer for Office Home Table","New","4.99","No",,"Yes","11","11","0","0","61","99.96","0","50","0","0","0","0","11","0","0","11",
"XJ260107","X002I07ACT","B0GJTK5W8W","Pink Stapler Removal Tool, Stapler Removals Puller Tool, Wear-Resistant Remover with Non-Slip Handle, Staple Puller Supplies for Students, School, Home, Teachers Staple Removers","New","5.19","No",,"Yes","48","45","0","3","48","99.96","0","0","0","0","0","5","45","0","0","45",
"XJ260108","X002I0H82B","B0GJZ4KDY7","Sink Reinforcement 36mm 2 Pack -Plastic Faucet Stabiliser for Stainless Steel Sinks｜Reduce Wobbling, Enhance Tap Stability｜Kitchen Sink Brace Fittings Accessories Stop Tap Wobble","New","3.99","No",,"Yes","27","27","0","0","27","99.96","0","0","0","0","0","0","27","0","0","27",
"XJ260109","X002I07B2X","B0GJTF2ZVJ","AXNKDH 4 Pack Silicone Lip Exfoliating Brushes, Double Sided Soft Lip Scrub Tool, Reusable Portable Lip Care Applicator in Pink Red Green Yellow, Gentle Daily Lip Smoothing Beauty Accessories","New","2.99","No",,"Yes","39","39","0","0","39","99.96","0","0","0","0","0","5","39","0","0","39",
"XJ260110","X002I0C0G5","B0GJTNFDK5","4 Pcs Star Hairpins,Five Pointed,Rhinestone Hair Clips Elegant Duckbill Clips,Bride Wedding Hair Clips for Women Girls,Elegant Duckbill Clips Star Hairpins","New","4.39","No",,"Yes","53","39","0","0","53","99.96","0","0","0","0","0","0","39","0","14","53",
"XJ260111","X002I0K08P","B0GJX69QWJ","AXNKDH 3 Pairs White Cotton Gloves, Soft and Resuable Safety Works Glove, Thickened Stretchable Lining for Eczema,","New","3.89","No",,"Yes","17","15","0","2","47","99.96","0","30","0","0","0","0","15","0","0","15",
"XJ260112","X002I0C191","B0GJTKMQ2X","AXNKDH Western Cowboy Keychain, Creative Western Country Cowgirl Key Chain with Hat & Boot Charms Cowboy Accessories Car Keyring Gifts for Men Women (Silver)","New","3.54","No",,"Yes","32","31","0","0","32","99.96","0","0","0","1","0","0","31","0","0","31",
"XJ260113","X002I1RR1H","B0GK6WS6CH","Keyboard Cleaning Brush, Round Window Groove Cleaning Brush, for Laptop Computer Keyboard Window Red","New","4.59","No",,"Yes","20","20","0","0","40","99.96","0","20","0","0","0","0","20","0","0","20",
"XJ260114","X002I1QOP7","B0GK66PYVX","Plastic Empty Reusable Puff Case, Empty Refillable Loose Powder Box, Portable Makeup Setting Powder Blush Case Container with Puff for Travel Daily Use","New","4.79","No",,"Yes","47","46","0","1","47","99.96","0","0","0","0","0","5","46","0","0","46",
"XJ260116","X002I1RPE1","B0GK69YN35","AXNKDH House Keyring, 2Pcs Home Keychain, Zinc Alloy, Matching, New Home Gift for Friends, Couples and Family","New","3.79","No",,"Yes","19","15","0","4","19","99.96","0","0","0","0","0","0","15","0","0","15",
"XJ260118","X002I1RQ77","B0GK5P2FHH","AXNKDH Cute Cleaning Lady Keychain Pendant Zinc Alloy Accessories for Cleaners Work Bag Cleaner Keyring","New","2.69","No",,"Yes","0","0","0","0","0","99.96","0","0","0","0","0","0","0","0","0","0",
"XJ260119","X002I1RXOX","B0GK6MBC32","Barber Enhancement Card, T Shape Hairline Shaping Tool with Measurement Indicators Reusable Color Spray Edge Hair Liner Card for Precise Edge Ups & Beard Line Up Tools Cutting Guide for Men","New","5.29","No",,"Yes","48","46","0","2","48","99.96","0","0","0","0","0","0","46","0","0","46",
"XJ260121","X002I1QXZN","B0GK6BP2Q5","Mini Brayer Roller for Crafts, Small Rubber Brayer for Ink Roller for Printmaking, Craft Paint for Stamping and Scrapbooks (Blue)","New","4.29","No",,"Yes","27","20","0","7","27","99.96","0","0","0","0","0","5","20","0","0","20",
"XJ260123","X002I1VE7F","B0GK8BSKW2","10PCS Black Necklace Cord, 1.5 mm Diameter, 19.69 in/50 cm Long Necklace String, Adjustable Waxed Cord with Buckle for DIY Jewellery Making","New","4.09","No",,"Yes","15","12","0","3","15","99.96","0","0","0","0","0","0","12","0","0","12",
"XJ260124","X002I21VBN","B0GK8RR5F4","10 Pcs Eyeshadow Brushes Eyebrow Brush Set Makeup Eyeshadow Applicator Flat Angle Eye Liner Eyebrow Brush for Blending Defining Smudging Shading","New","3.89","No",,"Yes","30","30","0","0","30","99.96","0","0","0","0","0","0","30","0","0","30",
"XJ260125","X002I254X9","B0GK869M4H","Toiletry Bags Cat Makeup Bag for Women | Waterproof Toiletry Pouch with Secure Zipper | Cute Design Cosmetic Bag | Gift for Cat Lovers & Travel Essentials","New","3.79","No",,"Yes","18","18","0","0","18","99.96","0","0","0","0","0","0","18","0","0","18",
"XJ260127","X002I22E4V","B0GK8BTB9W","AXNKDH 30 Pcs Silver Sparkly Snap Hair Clips, Non-slip Strong Hold Hair Barrettes, Lightweight 10g Hair Accessories for All Hair Types, Daily Styling, DIY Craft & Gifting","New","4.29","No",,"Yes","44","44","0","0","74","99.96","0","30","0","0","0","0","44","0","0","44",
"XJ260128","X002I23UBR","B0GK8SKG4J","Black Modern Hates Brims Bender, Hat Shaper for Baseball Caps Plastic Dual Slots Design Perfect Hates Curving Band, Practical Convenient,Brim Bender,Hat Brim Shaper，Head Protection","New","4.69","No",,"Yes","44","44","0","0","44","99.96","0","0","0","0","0","0","44","0","0","44",
"XJ260129","X002I22FJF","B0GK8LW1HY","Hair Bows - Pink Mesh Clips for Styling, Lightweight Girls Accessories for Thin & Thick Hair, Big Barrettes for Everyday Wear & Special Occasions","New","3.69","No",,"Yes","25","23","0","2","25","99.96","0","0","0","0","0","0","23","0","0","23",
"XJ260130","X002I1SYV9","B0GK86RB35","AXNKDH Thank You Rainbow Keyring, Stainless Steel Engraved Appreciation Keychain, Unisex Leaving Gifts for Colleague Boss Teacher, Birthday Christmas Thanksgiving Farewell Present with Velvet Gift Bag","New","2.69","No",,"Yes","0","0","0","0","0","99.96","0","0","0","0","0","5","0","0","0","0",
"XJ260131","X002I1YB2P","B0GK8PL56F","Gold Ice Tongs, 14 Grams, Stainless Steel, Serving, Ice Tongs, 1 Piece","New","3.59","No",,"Yes","48","40","0","2","48","99.96","0","0","0","0","0","0","40","0","6","46",
"XJ260132","X002I21JU1","B0GK8HZ92P","AXNKDH You're My Boo Metal Keyring, Unisex Engraved Halloween Keychain, Romantic Gift for Couples Boyfriend Husband Wife Valentines Anniversary","New","2.29","No",,"Yes","0","0","0","0","0","99.96","0","0","0","0","0","0","0","0","0","0",
"XJ260134","X002I1ZPSJ","B0GK7R1Z13","AXNKDH Clear Pencil Case, PVC Zipper Pencil Bag Makeup Pouch, Big Capacity Toiletry Bag for Travel Home Office Makeup Brushes Storage (Black)","New","3.29","No",,"Yes","0","0","0","0","0","99.96","0","0","0","0","0","5","0","0","0","0",
"XJ260135","X002I1XD6P","B0GK7H31TK","2 Pcs Black Knotted Bow Satin Hair Scrunchie, Bows for Women with Tail Hair Scrunchies, Silk Ties Satin Hairs Ribbon Scrunchy for Women and Girls Thick Thin Long Hairs","New","4.29","No",,"Yes","0","0","0","0","0","99.96","0","0","0","0","0","0","0","0","0","0",
"XJ260136","X002I1K45D","B0GK6T6PNY","Professional Expert Diamond Drill Bit Flame Red Head 2.1mm Nail Cutters Bits for Manicure Pedicure Grinding Pro Nail Drill Bit Flame 2.1 RedDrill Machine Staleks","New","5.35","No",,"Yes","50","36","0","0","80","99.96","0","30","0","0","0","5","36","0","14","50",
"XJ260137","X002I1XT7N","B0GK6STHXG","AXNKDH 2 Pieces Plastic Wallet Insert Credit Card Holder with 20 Pages 20 Slots, 9.7 x 7.5 cm, Transparent","New","3.46","No",,"Yes","30","25","0","5","30","99.96","0","0","0","0","0","0","25","0","0","25",
"XJ260139","X002I0KR29","B0GK112PVM","AXNKDH Auntie & Niece Stainless Steel Keyring, Silver Fashion Keychain, Durable Tarnish Resistant Metal Key Charm, Ideal Keepsake Gift for Birthday Christmas Mother’s Day","New","2.09","No",,"Yes","0","0","0","0","0","99.96","0","0","0","0","0","5","0","0","0","0",
"XJ260140","X002I0P7OR","B0GJZ91B8Y","Car Windshield Washer Fluid Cap,Windscreen Washer Bottle Caps,Windshield Wiper Reservoir Fluid Tank Cap,Car Wiper Reservoir Caps Cover 3Q0955455,Universal Wash Bottle Replacement Cover for Most Cars","New","4.29","No",,"Yes","47","43","0","0","47","99.96","0","0","0","0","0","5","43","0","4","47",
"XJ260141","X002I0QI2H","B0GJZJ1L3W","Travel Cable Organizer Bag, Waterproof Charger Bag for Electronics Accessories, Portable Charging Cable Storage Pouch for Backpack, All-in-One Gadget Organizer for Women and Men, Perfect for Travel","New","4.89","No",,"Yes","1","0","0","1","1","99.96","0","0","0","0","0","0","0","0","0","0",
"XJ260142","X002I0RH1X","B0GJZGC961","6 PCS Car Door Bumper Protection Pads, Door Sill Protectors Anti Collision Strip Edge Protector Suitable for General Car Doors, Bumpers (Black)","New","4.79","No",,"Yes","7","5","0","2","37","99.96","0","30","0","0","0","0","5","0","0","5",
"XJ260144","X002I0TPFJ","B0GJZTD4NC","2 x 90 cm Scooter Spiral Cable Protection Tube Cable Protector Tool Cable Tidy Tube E-Bike Cable Organizer Pipe Protection Spiral Wrap Winding Cable Wire Protector Cover Tube Black","New","6.09","No",,"Yes","53","39","0","0","53","99.96","0","0","0","0","0","0","39","0","14","53",
"XJ260145","X002I0V2AZ","B0GK12C921","4 Sets Parcel Shelf Clips, Fit for Nissan Juke F15 2010-2023 799161KA2A Compatible with Nissan Infiniti ESQ 2010-2023, Black Rear Luggage Fastening Bracket Clips","New","5.99","No",,"Yes","39","39","0","0","39","99.96","0","0","0","0","0","0","39","0","0","39",
"XJ260146","X002I1X44L","B0GK5R6KWZ","2 PCS Adjustable Elastic Fastening Straps for Luggage, Bag Straps for Crossbody, Bag Strap, Durable Luggage Strap for Suitcases, Attach Bags, Portable Travel Accessory for Easy Movement (2 Black)","New","4.73","No",,"Yes","18","16","0","1","18","99.96","0","0","0","1","0","0","16","0","0","16",
"XJ260147","X002I0XQJP","B0GJZXX7JY","AXNKDH Stroller Storage Bag, Universal Under Baby Stroller Organizer Basket for Pushchair, Pram, and Buggy, Bottom Hanging Storage Case for Shopping","New","7.20","No",,"Yes","74","65","3","6","94","973.23","0","20","0","0","0","10","65","0","0","65",
"XJ260148","X002I0VETT","B0GK1CQDXN","AXNKDH Red Tartan Neck Tie for Men, Women, and Kids - Traditional Scottish Check Plaid Necktie for Hen Party Costume","New","4.99","No",,"Yes","21","21","0","0","21","99.96","0","0","0","0","0","10","21","0","0","21",
"XJ260149","X002I13KDV","B0GK1CG68Z","2PCS Baby on Board Badge, Travel Badges, Iconic London Underground TFL Design, Children Pin Button Badge, Perfect for Travel Bag or Tote Bag, Show Off Bold Pregnancy Style","New","4.99","No",,"Yes","0","0","0","0","0","99.96","0","0","0","0","0","0","0","0","0","0",
"XJ260150","X002I0YMW5","B0GK1D14FV","AXNKDH Novelty Guitar Shaped Spoon, Premium Stainless Steel Silver Teaspoon, Multi-Purpose Cutlery for Coffee Milk Ice Cream Dessert Candy, Ideal for Home Kitchen Bar Daily Use","New","4.09","No",,"Yes","24","23","0","0","24","99.96","0","0","0","1","0","0","23","0","0","23",
"XJ260151","X002I0YQ85","B0GK1TPW3M","Music Themed Birthday Gifts for Musicians – Rap Music Tie Clip Pin, Ideal for Music Lovers, Teachers, Men, Boyfriends & Students, Cute Music Note Cufflinks Gift Set","New","6.19","No",,"Yes","53","51","0","2","53","99.96","0","0","0","0","0","0","51","0","0","51",
"XJ260153","X002I1PQP1","B0GK5WB8F7","AXNKDH Pumpkin Shaped Pin Cushion, Soft Fabric Sewing Needle Holder with Elastic Wrist Strap, Portable Handmade Pincushion for Craft DIY Embroidery Sewing Supplies","New","6.49","No",,"Yes","35","35","0","0","35","99.96","0","0","0","0","0","0","35","0","0","35",
"XJ260155","X002I1R2R1","B0GK5PGVM8","2 Rolls Price Labels Sale Paper Stickers Self Adhesive Round Red Price Retail Stickers for Shop Store Waterproof 500 Labels Per Roll","New","7.29","No",,"Yes","36","35","0","1","36","99.96","0","0","0","0","0","0","35","0","0","35",
"XJ260156","X002I1RVH7","B0GK6PDTNN","Braid Headband Stretchable Plaited Headband Adjustable Braided Twist Hair Bands Hairband Braided Fashion Plait Hair Accessories Dark Brown","New","4.79","No",,"Yes","40","38","0","2","40","99.96","0","0","0","0","0","5","38","0","0","38",
"XJ260157","X002I1U5JX","B0GK7B4BF2","AXNKDH 2 Pack Buckle Free Elastic Waist Belts, Invisible Adjustable Nylon Hook and Loop Lazy Belt, Comfort No Buckle Waistband for Men Jeans Trousers Daily Work Travel Casual Wear","New","2.99","No",,"Yes","0","0","0","0","0","99.96","0","0","0","0","0","0","0","0","0","0",
"XJ260158","X002I1IMF7","B0GK6HGKD1","AXNKDH 2 Pcs Pencil Case Large Capacity,Clear Pencil for Girls Boys Exams(Black/Gray","New","3.89","No",,"Yes","7","7","0","0","37","633.69","0","30","0","0","0","0","7","0","0","7",
"XJ260159","X002I0DWS5","B0GJSQ9S6F","Funnel Mesh Food Filter 300 Mesh Fine Strainers Jam Filters Sieves Filter Kitchen Funnel Filters for Frying Oil, Juices, Wine 13 cm","New","6.09","No",,"Yes","39","38","0","1","39","99.96","0","0","0","0","0","0","38","0","0","38",
"XJ260160","X002I04B3P","B0GJSTR1Q8","Eyebrow Tattoos Stickers, Waterproof Peel Off Eyebrow Transfers Sticker, Temporary Brow Tattoo","New","5.39","No",,"Yes","3","3","0","0","3","99.96","0","0","0","0","0","0","3","0","0","3",
"XJ260162","X002I0E6PN","B0GJSPTDCR","AXNKDH 8 Bed Cover Clips To Keep The Comforter In Place, Buckle-style Fastening, Easy To Remove","New","3.90","No",,"Yes","8","7","0","1","8","99.96","0","0","0","0","0","0","7","0","0","7",
"XJ260163","X002I04GU3","B0GJSRLNPZ","Zipper Pull Helper for Dress and Boots, Zipper Puller with Hook and Clip, Clothing Assistant Aid Tool, Back Button Zip Up Dress","New","5.99","No",,"Yes","34","28","0","3","204","99.96","0","170","0","0","0","0","28","0","3","31",
"XJ260165","X002I043A1","B0GJSH7Q4M","2PCS Exfoliating Gloves,Exfoliating Glove For Dead Skin Shower Glove Body Scrubber For Women And Men(Pink, Gray)","New","4.29","No",,"Yes","48","48","0","0","48","99.96","0","0","0","0","0","5","48","0","0","48",
"XJ260166","X002HZYJZB","B0GJSKYGCY","AXNKDH Stainless Steel Keyring Engraved I Can't Even Think Straight Funny Unisex Keychain Novelty Gift for Birthday Christmas Valentine Anniversary Secret Santa","New","2.59","No",,"Yes","0","0","0","0","0","99.96","0","0","0","0","0","5","0","0","0","0",
"XJ260167","X002HZTFFF","B0GJSBDZ6T","AXNKDH Dog Mum Keyring, Stainless Steel Funny Engraved Keychain, Silver Pet Lover Keepsake Charm, Novelty Gift for Dog Owner Women Daily Bag Key Decor","New","3.09","No",,"Yes","0","0","0","0","0","99.96","0","0","0","0","0","5","0","0","0","0",
"XJ260168","X002HZZDWT","B0GJSP335Y","6 Pcs French Hair Combs Slides for Women, Plastic Twist Decorative Comb Clip, Colorful Hair Combs Accessories for Girls Women Bridal Wedding Gift(Black, Dark Brown, Light Brown)","New","4.09","No",,"Yes","4","3","0","1","64","99.96","0","60","0","0","0","0","3","0","0","3",
"XJ260169","X002I00MI3","B0GJS9J5YH","AXNKDH 12 Pack Zipper Pull Replacements, Detachable Metal Plastic Zip Repair Tags #3#5#8 Size, Universal Black Zip Extension Pulls, Sewing Accessories for Clothes Jacket Backpack Luggage Boots","New","3.46","No",,"Yes","0","0","0","0","0","99.96","0","0","0","0","0","0","0","0","0","0",
"XJ260170","X002HZWKN9","B0GJSGBW2V","AXNKDH 4 Rolls Of Double-sided Tape, Multi-purpose, Suitable For Office Crafts, DIY Photos, Wallpaper, Scrapbooking, Sewing, And Handmade Decorations","New","3.99","No",,"Yes","21","12","0","2","51","99.96","0","30","0","0","0","0","12","0","7","19",
"XJ260171","X002HZWD8B","B0GJSJKDP5","AXNKDH 3D Metal Motor Bike Keyring, Motorcycle Keychain Mini Motorbike Key Rings Gift Fathers Day Christmas","New","4.29","No",,"Yes","23","16","0","7","23","99.96","0","0","0","0","0","10","16","0","0","16",
"XJ260172","X002HZX867","B0GJSGG48V","AXNKDH Stepson Keyring, Stainless Steel Double Sided Engraved Keychain, Meaningful Bonus Son Keepsake Gift for Birthday Christmas Graduation from Stepmum Stepdad","New","3.49","No",,"Yes","15","13","0","2","15","99.96","0","0","0","0","0","0","13","0","0","13",
"XJ260173","X002HZVBZH","B0GJS2MPVC","AXNKDH Double-Sided Velvet Wig Band, C-Shaped Earless Painless Wig Melting Band, Non-Slip Secure Wig Fixing Strap, Black Soft Comfortable Hair Accessory for Daily Party Cosplay Use","New","4.39","No",,"Yes","0","0","0","0","0","99.96","0","0","0","0","0","0","0","0","0","0",
