"snapshot-date","sku","fnsku","asin","product-name","condition","available","fc-transfer","pending-removal-quantity","inv-age-0-to-90-days","inv-age-91-to-180-days","inv-age-181-to-270-days","inv-age-271-to-365-days","inv-age-366-to-455-days","inv-age-456-plus-days","currency","units-shipped-t7","units-shipped-t30","units-shipped-t60","units-shipped-t90","alert","your-price","sales-price","lowest-price-new-plus-shipping","lowest-price-used","recommended-action","healthy-inventory-level","recommended-sales-price","recommended-sale-duration-days","recommended-removal-quantity","estimated-cost-savings-of-recommended-actions","sell-through","item-volume","volume-unit-measurement","storage-type","storage-volume","marketplace","product-group","sales-rank","days-of-supply","estimated-excess-quantity","weeks-of-cover-t30","weeks-of-cover-t90","featuredoffer-price","sales-shipped-last-7-days","sales-shipped-last-30-days","sales-shipped-last-60-days","sales-shipped-last-90-days","inv-age-0-to-30-days","inv-age-31-to-60-days","inv-age-61-to-90-days","inv-age-181-to-330-days","inv-age-331-to-365-days","estimated-storage-cost-next-month","inbound-quantity","inbound-working","inbound-shipped","inbound-received","Total Reserved Quantity","unfulfillable-quantity","quantity-to-be-charged-ais-241-270-days","estimated-ais-241-270-days","quantity-to-be-charged-ais-271-300-days","estimated-ais-271-300-days","quantity-to-be-charged-ais-301-330-days","estimated-ais-301-330-days","quantity-to-be-charged-ais-331-365-days","estimated-ais-331-365-days","quantity-to-be-charged-ais-366-455-days","estimated-ais-366-455-days","quantity-to-be-charged-ais-456-plus-days","estimated-ais-456-plus-days","historical-days-of-supply","Recommended ship-in quantity","Recommended ship-in date","Last updated date for Historical Days of Supply","Short term historical days of supply","Long term historical days of supply","Inventory age snapshot date","Inventory Supply at FBA","Reserved FC Processing","Reserved Customer Order","Reserved Staging","Total Days of Supply (including units from open shipments)","is-seasonal-in-next-3-months","season-name","season-start-date","season-end-date"
"2026-08-13","XJ2511417","X002G2RAW9","B0D31J7846","TRHDFW Tablespoon Measuring Spoon 2 Pieces 1 Tablespoon Scoops with Long Handle, 15 ml Stainless Steel Coffee Measuring Spoon 15ml Measuring Tablespoon for Coffee Milk Fruit Powder","New","25","0","0","25","0","1","0","0","0","GBP","0","2","5","8","Low traffic","5.79","0.0","5.79","0.0","NoRestockExcessActionRequired","25","0.0","0","0","0.19","0.42","0.011889","cubic feet","Standard","0.297225","UK","gl_kitchen","543373","79","0","50","40","5.79","0.0","9.64","24.27","36.99","0","10","15","1","0","0.2","0","0","0","0","1","0","","","","","","","","","","","","","415.0","3","2026-09-04","2026-08-09","415.0","194.6","2026-08-10","25","1","0","0","82","N","","",""
"2026-08-13","XJ250807","X002DWFYMP","B0FNBNDWZM","AXNKDH Sports Running Sunglasses for Women Men Polarised Wraparound Cycling Glasses with UV400 Protection Outdoor Activities","New","10","0","0","14","0","0","0","0","0","GBP","3","7","9","14","Low traffic","4.99","0.0","4.99","0.0","NoRestockExcessActionRequired","10","0.0","0","0","0.0","0.98","0.003531","cubic feet","Standard","0.03531","UK","gl_sports","51900","98","0","5","9","4.99","12.48","29.12","37.85","59.9","14","0","0","0","0","0.02","0","0","0","0","2","0","","","","","","","","","","","","","119.5","2","2026-08-12","2026-08-09","89.8","119.5","2026-08-10","10","1","1","0","142","N","","",""
"2026-08-13","XJ260105","X002I02VGT","B0GJSGCK9L","2 Pcs Desk Grommet 60mm Grey Desk Cable Grommet, Reusable Plastic Desks Hole Cover, Detachable Cable Grommets for Wire Tidy, CablesTidy, Cord Organizer for Office Home Table","New","11","0","0","12","0","0","0","0","0","GBP","1","12","27","34","Low traffic","4.99","0.0","4.99","0.0","NoRestockExcessActionRequired","0","4.49","9","0","26.39","3.89","0.003531","cubic feet","Standard","0.038841","UK","gl_electronics","105594","133","0","20","23","4.99","4.16","49.92","112.32","139.69","10","2","0","0","0","0.03","50","0","50","0","1","0","","","","","","","","","","","","","43.2","0","","2026-08-09","43.2","35.7","2026-08-10","61","1","0","0","136","N","","",""
"2026-08-13","XJ2511243","X002FQJLLJ","B0D7Q38T7Q","3 Pack Nail Grinding Bits, Electric Manicure Set Manicure Pedicure Diamond Nail Bits Set Electric Manicure Set with Sanding Bands for Electric Nail Files Drill Machine","New","23","3","0","27","0","0","0","0","0","GBP","3","13","24","34","Low traffic","4.79","0.0","4.79","0.0","NoRestockExcessActionRequired","26","0.0","0","0","0.0","4.53","0.002858","cubic feet","Standard","0.065734","UK","gl_beauty","61377","54","0","7","8","4.79","11.97","51.87","94.33","133.43","27","0","0","0","0","0.05","0","0","0","0","1","0","","","","","","","","","","","","","26.9","19","2026-08-16","2026-08-09","26.9","13.9","2026-08-10","26","0","1","0","56","N","","",""
"2026-08-13","XJ2511387","X002G2QN3V","B0D119DK5C","TRHDFW Silky Satin Hair Bows for Women, 3 Pack Big Black, White, Pink Bowknot Metal Spring Clip Oversized Long Tail Hair Ribbons Ponytail Holder French Barrettes","New","10","0","0","11","0","0","0","0","0","GBP","1","14","20","28","Low traffic","5.29","0.0","5.29","0.0","NoRestockExcessActionRequired","10","0.0","0","0","0.0","2.38","0.006357","cubic feet","Standard","0.06357","UK","gl_beauty","87387","240","0","20","32","5.29","4.41","61.74","88.02","122.58","0","11","0","0","0","0.03","60","0","60","0","0","0","","","","","","","","","","","","","40.1","0","","2026-08-09","34.3","40.1","2026-08-10","70","0","0","0","240","N","","",""
"2026-08-13","XJ251067-1","X002J7WDAF","B0GS59YLK4","2 Pieces Baking Cake Strips, Adjustable Baking Even Strips Absorbent Thick Cotton Tray Protection Strap Cake Pan Strips with 1 Cake Piping Bag; for Cake Decorating Baking Tools Baking Cake Strips","New","68","0","0","68","0","0","0","0","0","GBP","2","10","18","36","Low traffic","5.79","0.0","5.79","0.0","NoRestockExcessActionRequired","0","0.0","0","0","147.25","1.01","0.003531","cubic feet","Standard","0.240108","UK","gl_kitchen","210402","149","0","27","24","5.79","9.64","48.2","89.48","182.36","50","18","0","0","0","0.17","0","0","0","0","0","0","","","","","","","","","","","","","221.9","0","","2026-08-09","221.9","97.8","2026-08-10","68","0","0","0","149","N","","",""
"2026-08-13","XJ250401","X0029UFORL","B0F3CPCQ1Y","AXNKDH Double-Sided Exfoliating Mitt, Natural Hemp Fibre Body Scrubber, Soft Shower Puff Loofah Sponge, Dual Action Bath Glove for Dead Skin Removal, Suitable for All Skin Types, Beige","New","14","0","0","0","14","0","0","0","0","GBP","","","","","Low traffic","7.29","0.0","7.29","0.0","Advertise listing","0","0.0","0","0","65.95","0.0","0.027122","cubic feet","Standard","0.379708","UK","gl_personal_care_appliances","","","14","","","7.29","","","","","0","0","0","0","0","0.26","0","0","0","0","0","0","","","","","","","","","","","","","","0","","","","","2026-08-10","14","0","0","0","","N","","",""
"2026-08-13","XJ250839","X002DWVEA1","B0FND7SSYX","AXNKDH Blue Light Blocking Clip On Glasses, Computer and Gaming Eyewear for Better Night Sleep, Anti Eye Strain, Suitable for Screens, Games, TVs, Mobile Phones","New","62","0","0","61","3","0","0","0","0","GBP","2","8","17","32","Low traffic","7.79","0.0","7.79","0.0","NoRestockExcessActionRequired","62","0.0","0","0","0.0","0.89","0.003531","cubic feet","Footwear","0.218922","UK","gl_shoes","129114","173","0","31","25","7.79","12.98","51.92","110.84","210.74","46","15","0","0","0","0.12","0","0","0","0","2","0","","","","","","","","","","","","","300.0","0","","2026-08-09","300.0","115.2","2026-08-10","62","1","1","0","179","N","","",""
"2026-08-13","XJ250821","X002DXCZQR","B0FNJJR6Q6","AXNKDH 2 pairs of sports sunglasses set, black frame gray film+blue frame blue film, men's and women's outdoor cycling, running, driving, sun shading sunglasses","New","35","0","0","36","0","0","0","0","0","GBP","3","6","10","25","Low traffic","6.49","0.0","6.49","0.0","NoRestockExcessActionRequired","35","0.0","0","0","0.0","0.93","0.003531","cubic feet","Apparel","0.123585","UK","gl_apparel","","250","0","23","18","6.49","16.23","32.62","56.4","147.45","0","36","0","0","0","0.06","0","0","0","0","0","0","","","","","","","","","","","","","404.0","0","","2026-08-09","404.0","109.4","2026-08-10","35","0","0","0","250","N","","",""
"2026-08-13","XJ251038-1","X002JDF7I9","B0GSR657K1","AXNKDH 4 Pcs 6MM Gas Hob Knobs Silver Cooker Hob Knobs Universal Gas Stove Knobs Metal Gas Hob Switch for Kitchen Cooker Gas Stove Oven Cooktop","New","33","0","0","31","2","0","0","0","0","GBP","0","3","7","13","Low traffic","9.19","0.0","9.39","0.0","NoRestockExcessActionRequired","0","0.0","0","0","73.76","0.56","0.003531","cubic feet","Standard","0.116523","UK","gl_home_improvement","322380","188","33","44","33","9.39","0.0","23.46","56.1","105.06","1","30","0","0","0","0.08","0","0","0","0","0","1","","","","","","","","","","","","","328.0","0","","2026-08-09","328.0","122.2","2026-08-10","33","0","0","0","188","N","","",""
"2026-08-13","XJ2511380","X002G2Q5MP","B0D1426D6F","100pcs Bullet Clutch Earring Backs with Pad Earring Safety Backs,Hypo-Allergenic Bullet Clutch Comfort Earring Backs,Bullet Clutch Ear Nuts Secure Locking Replacement for Women Stud Earrings Jewelry","New","26","21","0","18","0","0","0","0","0","GBP","1","3","11","15","Low traffic","4.69","0.0","4.69","0.0","NoRestockExcessActionRequired","0","0.0","0","0","193.62","0.98","0.008264","cubic feet","Standard","0.214864","UK","gl_office_product","316113","187","0","34","22","4.69","3.91","11.73","43.65","59.61","0","18","0","0","0","0.27","0","0","0","0","0","0","","","","","","","","","","","","","180.7","0","","2026-08-09","180.7","81.4","2026-08-10","47","0","0","0","187","N","","",""
"2026-08-13","XJ2511413","X002G2UJOZ","B0D39LRB1L","TRHDFW Silicone swimming nose clip competition training special nose clip anti-stripping anti-choking steel wire nose clip professional adult nose clip,nose clips swimming,swimming nose clip adult","New","9","0","0","9","0","0","0","0","0","GBP","2","18","27","35","Low traffic","3.79","0.0","3.79","0.0","NoRestockExcessActionRequired","9","0.0","0","0","0.0","2.15","9.93E-4","cubic feet","Standard","0.008937","UK","gl_sports","39509","252","0","13","21","3.79","6.32","56.88","84.87","107.94","1","8","0","0","0","0.01","50","0","50","0","0","0","","","","","","","","","","","","","47.3","0","","2026-08-09","31.2","47.3","2026-08-10","59","0","0","0","252","N","","",""
"2026-08-13","XJ250826","X002DXCJ09","B0FNFVCC4W","AXNKDH Blue Light Blocking Glasses for Women Men Pilot Square Computer Screen Filter Anti Glare","New","19","0","0","20","0","0","0","0","0","GBP","7","15","21","30","Low traffic","4.59","0.0","4.59","0.0","NoRestockExcessActionRequired","19","0.0","0","0","0.0","1.13","0.003531","cubic feet","Footwear","0.067089","UK","gl_shoes","61119","108","0","13","21","4.59","26.74","57.3","81.24","118.68","0","20","0","0","0","0.03","30","0","30","0","1","0","","","","","","","","","","","","","85.7","3","2026-09-04","2026-08-09","66.6","85.7","2026-08-10","49","1","0","0","110","N","","",""
"2026-08-13","XJ2511369","X002G2QYIP","B0D1G949WQ","TRHDFW 3 Pcs Sushi Onigiri Mould Triangle Sushi Mold Rice Ball Maker Sushi Press Mold Sushi Onigiri Maker for DIY Cooking","New","35","2","0","38","0","0","0","0","0","GBP","2","7","9","22","Low traffic","5.49","0.0","5.29","0.0","NoRestockExcessActionRequired","37","0.0","0","0","0.0","2.04","0.007416","cubic feet","Standard","0.25956","UK","gl_kitchen","276428","150","0","20","20","5.29","9.14","31.99","41.47","100.34","38","0","0","0","0","0.18","0","0","0","0","1","0","","","","","","","","","","","","","93.7","0","","2026-08-09","93.7","37.5","2026-08-10","37","1","0","0","154","N","","",""
"2026-08-13","XJ2511222","X002FQOBU5","B0DB21HJMX","JYTDBCS 30PCS Muslin Tea Bags with Drawstring Spice Bags for Cooking Reusable Empty Sachet Bags Cheese Cloth Bags for Spices 10×15cm/ 4x6 Inch,Tea Bags Empty","New","46","0","0","46","0","0","0","0","0","GBP","3","11","15","21","Low traffic","6.49","0.0","6.49","0.0","NoRestockExcessActionRequired","26","0.0","0","0","17.03","0.8","0.012184","cubic feet","Standard","0.560464","UK","gl_kitchen","454221","171","0","16","28","6.49","16.23","59.51","82.79","117.71","31","15","0","0","0","0.37","0","0","0","0","0","0","","","","","","","","","","","","","117.6","0","","2026-08-09","117.6","103.1","2026-08-10","46","0","0","0","171","N","","",""
"2026-08-13","XJ251154","X002FQE1CD","B0D8FBRHT2","Stainless Steel Orange Peeler, Long Handle Serrated Citrus Peeler Orange Slicer Easy Fruit Opener Peeling Tool Multifunctional Kitchen Gadget for Lemon, Pomegranate, Grapefruit","New","27","0","0","30","0","0","0","0","0","GBP","3","8","10","13","Low traffic","5.09","0.0","5.09","0.0","NoRestockExcessActionRequired","27","0.0","0","0","0.0","0.49","0.003531","cubic feet","Standard","0.095337","UK","gl_kitchen","220966","104","0","13","27","5.09","12.72","33.92","42.4","55.87","0","20","10","0","0","0.06","0","0","0","0","1","0","","","","","","","","","","","","","247.7","0","","2026-08-09","174.8","247.7","2026-08-10","27","1","0","0","107","N","","",""
"2026-08-13","XJ251190","X002FQGRT3","B0D93ZLCXV","JYTDBCS 1 Pair Moisturizing Silicone Sock, Full Length Moisturizing Socks Cracked Feet Care Protector Soft Silicone Gel Spa Deep Moisturizing Full Foot Socks,Silicone Socks for blisters.","New","13","0","0","16","0","0","0","0","0","GBP","2","7","13","18","Low traffic","5.39","0.0","5.39","0.0","NoRestockExcessActionRequired","13","0.0","0","0","0.0","1.6","0.025096","cubic feet","Standard","0.326248","UK","gl_drugstore","","44","0","7","9","5.39","8.98","31.43","59.71","83.41","16","0","0","0","0","0.2","0","0","0","0","1","1","","","","","","","","","","","","","52.9","12","2026-08-17","2026-08-09","38.6","52.9","2026-08-10","13","1","0","0","48","N","","",""
"2026-08-13","XJ2511251","X002FREXX9","B0DCG8BVYX","JYTDBCS Multifunction Pill Cutter, 4 in 1 Pill Splitter Crusher Box Tablet Cutter Compact Portable Pill Crusher Grinder Perfect Pill Splitter for Tablets Small Pills Fine Powder Travel","New","36","0","0","41","0","0","0","0","0","GBP","2","8","10","21","Low traffic","6.09","0.0","6.09","0.0","NoRestockExcessActionRequired","36","0.0","0","0","0.0","0.76","0.00656","cubic feet","Standard","0.23616","UK","gl_drugstore","79925","118","0","18","22","6.09","10.14","40.56","51.12","109.64","10","20","11","0","0","0.14","0","0","0","0","3","0","","","","","","","","","","","","","216.8","0","","2026-08-09","216.8","132.1","2026-08-10","36","3","0","0","127","N","","",""
"2026-08-13","XJ2511393","X002G2PC33","B0D31BJDW6","TRHDFW Beaded Phone Chain Charm Crystal Natural Gemstone Phone Charm Wrist Strap Handmade Wristlet String for Phone Strap Keychain ID Card Holder","New","30","0","0","31","0","0","0","0","0","GBP","1","5","15","19","Low traffic","6.29","0.0","6.29","0.0","NoRestockExcessActionRequired","30","0.0","0","0","0.0","0.94","0.001536","cubic feet","Apparel","0.04608","UK","gl_jewelry","","79","0","24","20","6.29","5.24","26.2","78.6","100.24","21","0","10","0","0","0.03","0","0","0","0","1","0","","","","","","","","","","","","","129.2","9","2026-09-06","2026-08-09","129.2","97.9","2026-08-10","30","0","1","0","82","N","","",""
"2026-08-13","XJ2511225","X002FQHKAX","B0DBQ7N1ZL","Small Dog Puppy Pet Cat Kitten Collar and Lead Set Pawprint Design Nylon with Bell Adjustable Quick Release Clip Leash Light Grey","New","37","0","0","42","0","0","0","0","0","GBP","0","6","10","17","Low traffic","4.59","0.0","4.79","0.0","NoRestockExcessActionRequired","37","0.0","0","0","0.0","0.84","0.008728","cubic feet","Standard","0.322936","UK","gl_pet_products","89935","123","0","24","28","4.79","0.0","23.94","42.22","74.21","20","21","1","0","0","0.21","0","0","0","0","5","0","","","","","","","","","","","","","169.0","0","","2026-08-09","169.0","87.8","2026-08-10","37","5","0","0","134","N","","",""
"2026-08-13","XJ2511326","X002FR97ZX","B0D9LDZPM1","JYTDBCS 5-Piece Cork Table Football Set, Table Football Balls, Cork Balls, Giggle Balls","New","33","29","0","62","0","0","0","0","0","GBP","2","10","24","37","Low traffic","9.09","0.0","9.09","0.0","NoRestockExcessActionRequired","62","0.0","0","0","0.0","1.58","0.010488","cubic feet","Standard","0.346104","UK","gl_sports","112775","163","0","13","11","9.09","15.14","75.7","181.2","278.57","51","11","0","0","0","0.43","0","0","0","0","0","0","","","","","","","","","","","","","98.6","0","","2026-08-09","98.6","41.3","2026-08-10","62","0","0","0","163","N","","",""
"2026-08-13","XJ250876","X002DWEPQ1","B0FNC3VCYH","AXNKDH 2 Pack Squeeze Closure Premium PU Leather Sunglasses Eyeglasses Storage Pouch","New","21","0","0","18","6","0","0","0","0","GBP","4","8","8","18","Low traffic","2.89","0.0","2.89","0.0","NoRestockExcessActionRequired","0","0.0","0","0","60.31","0.76","0.003531","cubic feet","Apparel","0.074151","UK","gl_apparel","148454","125","21","10","15","2.89","9.64","19.28","19.28","47.01","2","16","0","0","0","0.04","0","0","0","0","2","0","","","","","","","","","","","","","157.4","0","","2026-08-09","157.4","115.0","2026-08-10","21","2","0","0","141","N","","",""
"2026-08-13","XJ2511354","X002G2MN3P","B0CTTG2F4J","TRHDFW Vintage Satin Choker Plain Black Leather Collar Short Velvet Punk Necklace Chain for Women and Girls (5cm)","New","9","0","0","13","0","0","0","0","0","GBP","2","12","17","28","Low traffic","3.04","0.0","3.04","0.0","CreateShippingPlan","9","0.0","0","0","0.0","1.8","0.001695","cubic feet","Apparel","0.015255","UK","gl_jewelry","388274","33","0","3","4","3.04","5.06","30.36","43.1","71.92","0","13","0","0","0","0.01","0","0","0","0","2","0","","","","","","","","","","","","","55.0","13","2026-08-12","2026-08-09","55.0","52.7","2026-08-10","9","2","0","0","40","N","","",""
"2026-08-13","XJ250919","X002DXB05T","B0FNFNXRC2","AXNKDH Polarised Cat Eye Sunglasses for Women, UV Protection Retro Small Narrow Pointy Cateye Sun Glasses","New","35","0","0","41","0","0","0","0","0","GBP","7","30","48","71","Low traffic","5.59","0.0","5.59","0.0","NoRestockExcessActionRequired","33","0.0","0","0","0.0","1.96","0.003531","cubic feet","Footwear","0.123585","UK","gl_shoes","127576","99","0","10","13","5.59","32.62","139.8","223.0","323.72","21","20","0","0","0","0.05","40","0","40","0","3","0","","","","","","","","","","","","","55.5","6","2026-08-25","2026-08-09","55.5","43.9","2026-08-10","75","3","0","0","104","N","","",""
"2026-08-13","XJ250844","X002DXCDYL","B0FNJHRMGV","AXNKDH Reading Glasses Half Frame Semi Rimless Metal Strong Eyewear Spring Hinge Clear Lens Lightweight Fashion Computer Readers for Men Women","New","7","0","0","7","0","0","0","0","0","GBP","1","6","22","29","Low traffic","5.39","0.0","5.39","0.0","NoRestockExcessActionRequired","7","0.0","0","0","0.0","2.04","0.003531","cubic feet","Apparel","0.024717","UK","gl_apparel","125272","195","0","44","30","5.39","4.49","27.79","100.46","131.33","1","1","5","0","0","0.01","60","0","60","0","0","2","","","","","","","","","","","","","55.1","0","","2026-08-09","46.1","55.1","2026-08-10","67","0","0","0","195","N","","",""
"2026-08-13","XJ2511340","X002FRQ35Z","B0DCG2M4D4","JYTDBCS Duvet Clips, 12Pcs Mushroom Duvet Cover Clips, Bedroom Bed Sheet Clips, Non Slip Duvet Cover Clips to Keep Duvet in Place, Quilt Clips for Comforter Mattress Covers Curtain Blanket Soc","","0","0","0","0","1","0","0","0","0","GBP","0","0","1","5","","0.0","0.0","0.0","0.0","CreateShippingPlan","","","0","0","","1.05","0.002966","cubic feet","Standard","0.0","UK","gl_home","977697","0","0","","0","3.79","0.0","0.0","3.16","17.44","0","0","0","0","0","","0","0","0","0","0","0","","","","","","","","","","","","","","0","","","","80.0","2026-08-10","0","0","0","0","0","N","","",""
"2026-08-13","XJ250817","X002DXAXQV","B0FNFCPST7","AXNKDH Blue Light Blocking Glasses, Gaming Glasses for Computer Use, Lightweight Anti Glare Gamer Glasses with UV Protection for Screens, TVs, Mobile Phones, Professional Filter for Pro Gamers, Amber","New","34","0","0","34","0","0","0","0","0","GBP","4","10","18","26","Low traffic","5.79","0.0","5.79","0.0","NoRestockExcessActionRequired","34","0.0","0","0","0.0","1.86","0.003531","cubic feet","Footwear","0.120054","UK","gl_shoes","65279","118","0","13","17","5.79","19.28","48.2","85.63","120.91","34","0","0","0","0","0.06","0","0","0","0","0","0","","","","","","","","","","","","","123.0","0","","2026-08-09","123.0","65.1","2026-08-10","34","0","0","0","118","Y","Holiday Season","2026-10-24","2027-02-13"
"2026-08-13","XJ2511274","X002FRMH73","B0D7H77HD7","1 PCS Architectural Triangular Scale Ruler for Architects, Students, Draftsman and Engineers, Standard 30 CM,Architect Scale Ruler","New","42","0","0","48","0","0","0","0","0","GBP","2","6","44","58","Low traffic","5.29","0.0","5.29","0.0","NoRestockExcessActionRequired","42","0.0","0","0","0.0","3.17","0.006886","cubic feet","Standard","0.289212","UK","gl_home_improvement","60926","111","0","28","9","5.29","8.82","26.46","190.84","249.08","48","0","0","0","0","0.21","0","0","0","0","5","0","","","","","","","","","","","","","101.5","0","","2026-08-09","101.5","29.6","2026-08-10","42","5","0","0","121","N","","",""
"2026-08-13","XJ250881","X002DWTA9X","B0FND5ZWKQ","AXNKDH Bifocal Reading Sunglasses, Oversized Sun Reader Glasses for Women UV Protection Outdoor","New","16","3","0","17","0","0","0","0","0","GBP","1","7","16","26","Low traffic","4.99","0.0","4.99","0.0","CreateShippingPlan","19","0.0","0","0","0.0","2.31","0.003531","cubic feet","Footwear","0.056496","UK","gl_shoes","202101","95","0","9","8","4.99","4.16","29.12","68.51","113.41","10","7","0","0","0","0.03","0","0","0","0","1","0","","","","","","","","","","","","","62.3","4","2026-08-25","2026-08-09","62.3","49.0","2026-08-10","19","1","0","0","103","N","","",""
"2026-08-13","XJ260114","X002I1QOP7","B0GK66PYVX","Plastic Empty Reusable Puff Case, Empty Refillable Loose Powder Box, Portable Makeup Setting Powder Blush Case Container with Puff for Travel Daily Use","New","46","0","0","47","0","0","0","0","0","GBP","8","12","26","32","Low traffic","4.79","0.0","4.79","0.0","NoRestockExcessActionRequired","0","4.46","52","0","204.61","1.94","0.003531","cubic feet","Standard","0.162426","UK","gl_beauty","54780","96","0","15","18","4.79","31.92","47.88","104.14","128.42","47","0","0","0","0","0.11","0","0","0","0","2","0","","","","","","","","","","","","","137.3","8","2026-09-06","2026-08-09","137.3","57.0","2026-08-10","46","2","0","0","100","N","","",""
"2026-08-13","XJ2511284","X002FRJZ87","B0D7MBFJ3N","Stainless Steel Hanging Single Pole Towel Rack - No Punch Cabinet Door Back Rag Hanging Rack - Over the Door Towel Rail","New","8","0","0","9","0","0","0","0","0","GBP","0","8","15","20","Low traffic","6.29","0.0","6.29","0.0","NoRestockExcessActionRequired","8","0.0","0","0","0.0","1.29","0.057315","cubic feet","Standard","0.45852","UK","gl_home","243430","121","0","19","24","6.29","0.0","41.92","78.77","105.82","1","0","8","0","0","0.22","30","0","30","0","0","0","","","","","","","","","","","","","75.5","0","","2026-08-09","45.3","75.5","2026-08-10","38","0","0","0","121","N","","",""
"2026-08-13","XJ2511252","X002FRF8GF","B0D7TGLSNR","JYTDBCS Cross Necklace for Men Women, Stainless Steel Cross Pendant Necklace with Chain | Silver Cross Chain Necklaces Easter Gifts for Birthday Christmas Thanksgiving Day","New","28","0","0","29","0","0","0","0","0","GBP","2","13","18","23","Low traffic","4.79","0.0","4.79","0.0","NoRestockExcessActionRequired","28","0.0","0","0","0.0","1.4","0.002834","cubic feet","Apparel","0.079352","UK","gl_jewelry","256288","116","0","17","32","4.79","7.98","51.87","72.83","94.43","20","9","0","0","0","0.05","30","0","30","0","1","0","","","","","","","","","","","","","72.5","0","","2026-08-09","72.1","72.5","2026-08-10","58","1","0","0","117","N","","",""
"2026-08-13","XJ251160","X002FQFVWR","B0D9RPD5DC","JYTDBCS 30pcs Baby Toothbrushes & Tongue Cleaners - Disposable Mouth Swabs for Toddlers & Infants","New","10","0","0","10","0","0","0","0","0","GBP","0","2","4","7","Low traffic","5.99","0.0","6.19","0.0","NoRestockExcessActionRequired","0","0.0","0","0","68.41","0.74","0.033067","cubic feet","Standard","0.33067","UK","gl_personal_care_appliances","136247","131","0","20","18","6.19","0.0","10.32","20.8","36.76","0","6","4","0","0","0.23","0","0","0","0","0","0","","","","","","","","","","","","","161.0","0","","2026-08-09","161.0","124.7","2026-08-10","10","0","0","0","131","N","","",""
"2026-08-13","XJ260102","X002HZWPVV","B0GJSJTYR8","2pcs Premium Hard Denture Brush Toothbrush, Cleaning Brush, Portable Denture Double Sided Brush, Denture Care","New","10","0","0","13","0","0","0","0","0","GBP","5","12","21","30","Low traffic","4.22","0.0","4.22","0.0","NoRestockExcessActionRequired","10","0.0","0","0","0.0","2.52","0.003531","cubic feet","Standard","0.03531","UK","gl_personal_care_appliances","45440","91","0","13","17","4.22","17.6","42.24","75.36","108.48","0","13","0","0","0","0.01","30","0","30","0","2","0","","","","","","","","","","","","","86.4","0","","2026-08-09","86.4","45.6","2026-08-10","40","2","0","0","96","N","","",""
"2026-08-13","XJ2511358-1","X002M0P8PL","B0H4F1P6WP","","New","40","0","0","40","0","0","0","0","0","GBP","","","","","Low traffic","5.39","0.0","5.39","0.0","Advertise listing","","","0","0","","0.0","0.003531","cubic feet","Standard","0.14124","UK","","","366","0","","","5.39","","","","","40","0","0","0","0","","5","0","5","0","0","0","","","","","","","","","","","","","","0","","","","","2026-08-10","45","0","0","0","366","N","","",""
"2026-08-13","XJ250803","X002DWVBC7","B0FND56BNJ","AXNKDH Unisex Polarised Sunglasses, Classic Square Full Rim UV400 Protection Eyewear, Champagne Frame Brown Lens, Lightweight PC Glasses for Golf Fishing Beach Travel Outdoor Daily Use","","0","0","0","2","0","0","0","0","0","GBP","10","24","35","40","","0.0","0.0","0.0","0.0","NoRestockExcessActionRequired","","","0","0","","8.94","0.003531","cubic feet","Footwear","0.0","UK","gl_shoes","","134","0","8","16","4.69","39.1","93.84","136.4","155.02","2","0","0","0","0","","50","0","50","0","1","0","","","","","","","","","","","","","31.1","0","","2026-08-09","21.7","31.1","2026-08-10","50","1","0","0","139","N","","",""
"2026-08-13","XJ2511279","X002FRI0XD","B0D8KH8CK2","JYTDBCS Pack of 2 Pipes Radiator Pipe Covers Sleeve 15 mm Collar Cut Fit Bathroom Chrome Modern Aesthetics Easy to Clean Home Decoration Home Decor，Radiator Pipe Covers,Pipe Cover White Collar(White)","New","8","20","0","29","0","0","0","0","0","GBP","2","5","12","23","Low traffic","5.29","0.0","5.29","0.0","CreateShippingPlan","5","0.0","0","0","9.14","1.64","0.009433","cubic feet","Standard","0.075464","UK","gl_home_improvement","70876","117","0","6","4","5.29","8.82","22.05","53.08","102.07","20","9","0","0","0","0.17","0","0","0","0","1","0","","","","","","","","","","","","","59.0","0","","2026-08-09","59.0","44.2","2026-08-10","28","1","0","0","120","N","","",""
"2026-08-13","XJ2511357","X002G2LMF5","B0CTQJWP2F","2 Pieces Facial Hair Remover Spring Eyebrow Face Epilator Threading Tool Remove Hair from Upper Lip, Chin, Cheeks and Neck for Women Girls or Men (Black, Rose Red)","New","27","0","0","15","12","0","0","0","0","GBP","0","0","5","6","Low traffic","4.49","0.0","4.09","0.0","NoRestockExcessActionRequired","27","0.0","0","0","0.0","0.32","0.006864","cubic feet","Standard","0.185328","UK","gl_beauty","96572","366","0","","58","4.09","0.0","0.0","19.55","23.46","15","0","0","0","0","0.12","0","0","0","0","0","0","","","","","","","","","","","","","","0","","","","248.7","2026-08-10","27","0","0","0","366","N","","",""
"2026-08-13","XJ2511381","X002G2RPYR","B0CTHGDNMK","6pcs Silicone Faucet Extender, Faucet Connector Kitchen Water Tap Extension,Tooth Brushing Gargle Hand Washing Extender Bathroom Kitchen Sink Faucet Silicone Extender Accessories(3 Blue+3 Green)","New","40","0","0","40","0","0","0","0","0","GBP","2","13","24","31","Low traffic","4.99","0.0","4.99","0.0","NoRestockExcessActionRequired","40","0.0","0","0","0.0","1.88","0.040299","cubic feet","Standard","1.61196","UK","gl_home_improvement","138162","194","0","24","33","4.99","8.32","54.08","100.16","128.09","40","0","0","0","0","1.03","40","0","40","0","0","0","","","","","","","","","","","","","72.7","0","","2026-08-09","72.7","52.6","2026-08-10","80","0","0","0","194","N","","",""
"2026-08-13","XJ250863","X002DXAR2V","B0FNJD8ZTH","AXNKDH 2Pcs Pinhole Glasses Anti-fatigue Grid Glasses Foldable Temples Unisex Eye Training Vision Relaxation Strengthen Children Adult Use","New","12","0","0","16","0","0","0","0","0","GBP","10","16","20","21","Low traffic","3.59","0.0","3.59","0.0","CreateShippingPlan","0","0.0","0","0","32.44","1.79","0.003531","cubic feet","Apparel","0.042372","UK","gl_apparel","70718","63","0","3","7","3.59","29.9","47.84","59.8","63.12","16","0","0","0","0","0.02","0","0","0","0","3","0","","","","","","","","","","","","","99.8","7","2026-08-30","2026-08-09","99.8","93.9","2026-08-10","12","3","0","0","81","N","","",""
"2026-08-13","XJ260121","X002I1QXZN","B0GK6BP2Q5","Mini Brayer Roller for Crafts, Small Rubber Brayer for Ink Roller for Printmaking, Craft Paint for Stamping and Scrapbooks (Blue)","New","20","0","0","27","0","0","0","0","0","GBP","0","1","5","11","Low traffic","4.29","0.0","4.49","0.0","NoRestockExcessActionRequired","0","0.0","0","0","82.84","0.54","0.003531","cubic feet","Standard","0.07062","UK","gl_kitchen","847764","147","0","80","23","4.49","0.0","3.74","20.13","45.09","0","11","16","0","0","0.05","0","0","0","0","7","0","","","","","","","","","","","","","415.0","0","","2026-08-09","415.0","171.0","2026-08-10","20","7","0","0","199","N","","",""
"2026-08-13","XJ251146","X002FQG1AD","B0DB5VC61V","JYTDBCS Oktoberfest Funny Apron - Sexy & Novelty Design for Women - Perfect for Beer Festivals & Barbecues","New","33","0","0","0","0","34","0","0","0","GBP","0","1","2","4","Low traffic","5.09","0.0","5.09","0.0","Advertise listing","8","0.0","0","0","178.87","0.11","0.03147","cubic feet","Apparel","1.03851","UK","gl_apparel","130226","202","25","132","107","5.09","0.0","4.24","8.9","18.22","0","0","0","34","0","0.57","0","0","0","0","1","0","","","","","","","","","","","","","1042.0","0","","2026-08-09","1042.0","799.8","2026-08-10","33","1","0","0","213","N","","",""
"2026-08-13","XJ260124","X002I21VBN","B0GK8RR5F4","10 Pcs Eyeshadow Brushes Eyebrow Brush Set Makeup Eyeshadow Applicator Flat Angle Eye Liner Eyebrow Brush for Blending Defining Smudging Shading","New","30","0","0","32","0","0","0","0","0","GBP","5","13","21","29","Low traffic","3.89","0.0","3.89","0.0","NoRestockExcessActionRequired","30","0.0","0","0","0.17","1.74","0.003531","cubic feet","Standard","0.10593","UK","gl_beauty","102088","74","0","9","13","3.89","16.2","42.12","68.36","92.52","29","3","0","0","0","0.07","0","0","0","0","0","0","","","","","","","","","","","","","101.1","10","2026-08-25","2026-08-09","101.1","53.3","2026-08-10","30","0","0","0","74","N","","",""
"2026-08-13","XJ251008","X002FPZI2V","B0CWGH19B6","RSYHVG 4pcs 18cm/ 7 inch Diffuser Sock, Soft White Photography Diffuser Lamp Cover Diffuser Cover Cloth for Ring Light Flash Light","New","21","0","0","24","0","0","0","0","0","GBP","0","2","6","10","Low traffic","6.19","0.0","6.39","0.0","NoRestockExcessActionRequired","0","0.0","0","0","95.27","0.58","0.003531","cubic feet","Standard","0.074151","UK","gl_electronics","","243","0","42","27","6.39","0.0","10.64","33.28","55.92","0","20","4","0","0","0.05","0","0","0","0","3","0","","","","","","","","","","","","","369.0","0","","2026-08-09","369.0","125.6","2026-08-10","21","3","0","0","290","N","","",""
"2026-08-13","XJ2511318","X002FRR6SD","B0DBQKMZ8R","JYTDBCS Jean Chain Pants Chain Wallet Chain, Hip Hop Gothic Punk Trousers Chain, Double Layers Belt Chain Trousers Chain for Men Women, Pants Chain Keyring Wallet Chain Hip-hop Chains","New","28","0","0","28","0","0","0","0","0","GBP","0","2","10","25","Low traffic","5.09","0.0","5.29","0.0","NoRestockExcessActionRequired","0","0.0","0","0","85.72","1.64","0.009471","cubic feet","Apparel","0.265188","UK","gl_jewelry","464622","163","0","56","14","5.29","0.0","8.82","45.38","110.43","28","0","0","0","0","0.18","0","0","0","0","0","0","","","","","","","","","","","","","295.0","0","","2026-08-09","295.0","51.9","2026-08-10","28","0","0","0","163","N","","",""
"2026-08-13","XJ250858","X002DXB081","B0FNFQ2366","AXNKDH Oval Sunglasses for Women Retro Cat Eye 90s Y2K Trendy Thin UV Protection Black Frame Lens","New","72","0","0","77","0","0","0","0","0","GBP","7","9","17","35","Low traffic","4.89","0.0","4.89","0.0","NoRestockExcessActionRequired","72","0.0","0","0","0.0","0.99","0.003531","cubic feet","Footwear","0.254232","UK","gl_shoes","194152","210","0","32","26","4.89","28.49","36.63","68.87","133.64","72","5","0","0","0","0.14","0","0","0","0","3","0","","","","","","","","","","","","","374.4","0","","2026-08-09","374.4","104.8","2026-08-10","72","3","0","0","221","N","","",""
"2026-08-13","XJ251167","X002FQDKHF","B0DB5TG7BC","JYTDBCS 2 Pcs Large Hair Barrettes for Women Retro French Design Vintage Elegant Ponytail Hair Clips for Fine Thick Hair","New","19","5","0","4","0","0","0","0","0","GBP","3","12","26","35","Low traffic","6.39","0.0","6.39","0.0","NoRestockExcessActionRequired","24","0.0","0","0","0.0","10.0","0.014581","cubic feet","Standard","0.277039","UK","gl_beauty","95220","101","0","13","14","6.39","15.96","63.84","137.76","184.92","4","0","0","0","0","0.23","20","0","20","0","0","0","","","","","","","","","","","","","21.2","0","","2026-08-09","21.2","15.0","2026-08-10","44","0","0","0","101","N","","",""
"2026-08-13","XJ2511322","X002FRR7VJ","B0DBVFPJGH","JYTDBCS 100 Pack Retro Cocktail Sword Picks Sticks Plastic Pirate Swords Party Cocktail Swords Plastic Plastic Cocktail Stick Sword Cocktail stickscocktail Picks","New","71","0","0","74","0","0","0","0","0","GBP","2","17","32","54","Low traffic","8.69","0.0","8.69","0.0","NoRestockExcessActionRequired","71","0.0","0","0","0.0","1.98","0.036695","cubic feet","Standard","2.605345","UK","gl_kitchen","402957","111","0","16","17","8.69","14.48","123.08","229.58","385.12","74","0","0","0","0","1.71","0","0","0","0","2","0","","","","","","","","","","","","","113.5","0","","2026-08-09","113.5","56.9","2026-08-10","71","2","0","0","113","N","","",""
"2026-08-13","XJ251150","X002FQGO7X","B0CTJFKP14","JYTDBCS 2Pcs Bicycle Quick Release Lever Nut Bike Wheel Hub Axle Nut Cycling Components for Mountain Bike","New","8","0","0","9","0","0","0","0","0","GBP","12","44","66","85","Low traffic","4.89","0.0","4.89","0.0","NoRestockExcessActionRequired","8","0.0","0","0","0.0","14.17","0.001916","cubic feet","Standard","0.015328","UK","gl_sports","30427","185","0","14","24","4.89","48.84","179.08","266.7","336.18","9","0","0","0","0","0.0","150","0","150","0","0","0","","","","","","","","","","","","","11.8","0","","2026-08-09","11.2","11.8","2026-08-10","158","0","0","0","185","N","","",""
"2026-08-13","XJ2511330","X002FRLK9J","B0DBPDYQC6","JYTDBCS 2 Pcs Hand Clappers 9 Inch Large Hand Clappers Noisemakers Cheer Noise Makers Finger Noise Makers for Sporting Events Basketball Football Game Party Favors (Random color) Football Clapper","New","20","0","0","24","0","0","0","0","0","GBP","0","4","11","12","Low traffic","5.79","0.0","5.79","0.0","NoRestockExcessActionRequired","20","0.0","0","0","0.46","0.8","0.092991","cubic feet","Standard","1.85982","UK","gl_toy","179322","95","0","20","21","5.79","0.0","19.28","54.04","59.03","15","0","9","0","0","1.18","0","0","0","0","1","0","","","","","","","","","","","","","107.1","0","","2026-08-09","100.2","107.1","2026-08-10","20","1","0","0","101","N","","",""
"2026-08-13","XJ2511311","X002FRRIYZ","B0DBQGW67C","JYTDBCS 6 Pack Perforated Tart Ring, Pastry Rings Stainless Steel 8Cm Heat-Resistant Porous Nonstick Round Cake Mousse Ring,Round Tart Ring, Porous Crumpet Rings Baking Dessert Ring for Making Tool.","New","11","0","0","13","0","0","0","0","0","GBP","0","5","6","10","Low traffic","6.49","0.0","6.49","0.0","NoRestockExcessActionRequired","11","0.0","0","0","0.0","0.93","0.033716","cubic feet","Standard","0.370876","UK","gl_kitchen","646814","61","0","8","14","6.49","0.0","26.37","31.86","53.82","0","11","2","0","0","0.21","0","0","0","0","1","0","","","","","","","","","","","","","88.8","7","2026-08-29","2026-08-09","88.8","83.2","2026-08-10","11","1","0","0","68","N","","",""
"2026-08-13","XJ260141","X002I0QI2H","B0GJZJ1L3W","Travel Cable Organizer Bag, Waterproof Charger Bag for Electronics Accessories, Portable Charging Cable Storage Pouch for Backpack, All-in-One Gadget Organizer for Women and Men, Perfect for Travel","","0","0","0","1","0","0","0","0","0","GBP","2","16","17","18","Low traffic","0.0","0.0","4.89","0.0","CreateShippingPlan","","","0","0","","1.6","0.003531","cubic feet","Standard","0.0","UK","gl_luggage","44107","0","0","0","0","4.89","8.14","65.12","69.36","73.77","0","0","1","0","0","","0","0","0","0","1","0","","","","","","","","","","","","","83.5","55","2026-08-09","2026-08-09","29.2","83.5","2026-08-10","0","1","0","0","2","N","","",""
"2026-08-13","XJ251185","X002FQ2ICX","B0D9CRKLLF","JYTDBCS Pearl flower brooch flower corsage brooch Brooch Premium imitation fritiri Pin Pearl Tulip Delicate Flowers Luxury style suit coat accessory corsage,flower corsage brooch","New","11","0","0","2","10","0","0","0","0","GBP","2","11","19","20","Low traffic","3.79","0.0","3.79","0.0","NoRestockExcessActionRequired","11","0.0","0","0","0.0","0.84","0.002788","cubic feet","Apparel","0.030668","UK","gl_jewelry","141529","135","0","14","26","3.79","6.32","34.76","60.52","63.84","0","0","2","0","0","0.02","30","0","30","0","0","1","","","","","","","","","","","","","101.7","0","","2026-08-09","41.4","101.7","2026-08-10","41","0","0","0","135","N","","",""
"2026-08-13","XJ250882","X002DWKEEN","B0FNCYNWRY","AXNKDH Polarised Sunglasses for Men Women UV400 Protection 80's Retro Style","New","54","0","0","58","0","0","0","0","0","GBP","9","20","51","70","Low traffic","4.89","0.0","4.89","0.0","NoRestockExcessActionRequired","0","0.0","0","0","118.42","2.67","0.003531","cubic feet","Footwear","0.190674","UK","gl_shoes","24911","214","0","20","19","4.89","36.63","82.08","209.28","280.33","50","8","0","0","0","0.11","50","0","50","0","4","0","","","","","","","","","","","","","132.3","0","","2026-08-09","132.3","45.0","2026-08-10","104","2","2","0","222","N","","",""
"2026-08-13","XJ251165","X002FQDH87","B0D8HWKCX3","JYTDBCS Pant Chains Emo Style Accessories With Gothic Moon Multi Layer Wallet Chain Belts Belt Chains Gothic Body Chain Gifts For Men Goth Punk Accessories","New","34","0","0","36","0","0","0","0","0","GBP","7","14","30","43","Low traffic","5.69","0.0","5.69","0.0","NoRestockExcessActionRequired","34","0.0","0","0","0.0","2.38","0.003531","cubic feet","Apparel","0.120054","UK","gl_jewelry","118199","118","0","15","16","5.69","33.18","66.53","145.09","207.22","31","5","0","0","0","0.08","20","0","20","0","1","1","","","","","","","","","","","","","94.2","0","","2026-08-09","94.2","55.8","2026-08-10","54","1","0","0","120","N","","",""
"2026-08-13","XJ250834","X002DXAR17","B0FNJVFJS8","AXNKDH Blue Light Blocking Glasses for Women Men, Computer Gaming Eyewear Filter Transparent Frame Clear Lens Anti Eyestrain UV Lightweight","New","36","0","0","38","0","0","0","0","0","GBP","1","18","32","42","Low traffic","5.89","0.0","5.89","0.0","NoRestockExcessActionRequired","36","0.0","0","0","0.0","0.98","0.003531","cubic feet","Footwear","0.127116","UK","gl_shoes","94764","94","0","14","20","5.89","4.91","88.38","157.12","206.22","1","31","6","0","0","0.06","30","0","30","0","1","0","","","","","","","","","","","","","85.5","0","","2026-08-09","66.9","85.5","2026-08-10","66","1","0","0","95","Y","Holiday Season","2026-10-03","2027-03-20"
"2026-08-13","XJ260131","X002I1YB2P","B0GK8PL56F","Gold Ice Tongs, 14 Grams, Stainless Steel, Serving, Ice Tongs, 1 Piece","New","37","9","0","20","0","0","0","0","0","GBP","0","7","24","30","Low traffic","3.59","0.0","3.59","0.0","NoRestockExcessActionRequired","22","2.91","15","0","15.29","3.64","0.003531","cubic feet","Standard","0.130647","UK","gl_kitchen","711673","214","0","21","16","3.59","0.0","20.93","69.23","86.15","20","0","0","0","0","0.11","0","0","0","0","3","0","","","","","","","","","","","","","20.0","0","","2026-08-09","4.7","20.0","2026-08-10","46","3","0","0","229","N","","",""
"2026-08-13","XJ2511420-1","X002J7WSMX","B0GS5C12KL","AXNKDH 3 Pcs Tyre Tread Depth Gauge 0-25mm/1 Inch, Colour Coded Precise Depth Measuring Tool, Durable ABS & Stainless Steel Portable Tyre Wear Checker for Cars, Trucks, Motorcycles and Buses","New","10","0","0","0","10","0","0","0","0","GBP","1","3","4","5","Low traffic","3.79","0.0","3.79","0.0","NoRestockExcessActionRequired","0","0.0","0","0","22.52","0.3","0.003531","cubic feet","Standard","0.03531","UK","gl_biss","600896","217","10","13","26","3.79","3.16","9.48","12.97","16.46","0","0","0","0","0","0.02","0","0","0","0","0","0","","","","","","","","","","","","","296.5","0","","2026-08-09","176.0","296.5","2026-08-10","10","0","0","0","217","N","","",""
"2026-08-13","XJ251048-1","X002J7XGYH","B0GS5FCXX8","4 Pcs Heavy Duty Trigger Clips Clasp 360°Swivel Eye Bolt Snap Hook Up to 330KG, Zinc Alloy Clips Clasp Hook Spring Loaded Clip Lobster Claw Clasps for Dog Leashes, Camping, Keyring","New","28","5","0","37","0","0","0","0","0","GBP","7","26","29","36","Low traffic","4.79","0.0","4.79","0.0","NoRestockExcessActionRequired","0","0.0","0","0","144.03","1.5","0.003531","cubic feet","Standard","0.098868","UK","gl_home","111366","105","0","10","24","4.79","27.93","103.74","115.71","146.8","31","6","0","0","0","0.08","40","0","40","0","1","0","","","","","","","","","","","","","64.2","2","2026-08-12","2026-08-09","31.4","64.2","2026-08-10","73","0","1","0","106","N","","",""
"2026-08-13","XJ250877","X002DWL7PN","B0FNCZC5YW","AXNKDH Vintage Narrow Rectangle Sunglasses for Women Men, Retro 90s Small Metal Frame Square Glasses","New","32","11","0","15","0","0","0","0","0","GBP","3","36","71","89","Low traffic","5.79","0.0","5.79","0.0","NoRestockExcessActionRequired","45","0.0","0","0","0.0","4.38","0.003531","cubic feet","Footwear","0.112992","UK","gl_shoes","116985","294","0","20","26","5.79","14.46","173.52","340.68","418.02","2","13","0","0","0","0.08","150","0","150","0","0","1","","","","","","","","","","","","","26.3","0","","2026-08-09","20.9","26.3","2026-08-10","193","0","0","0","294","N","","",""
"2026-08-13","XJ2511401","X002G2RQZZ","B0D1X436NG","TRHDFW Weekly Pill Organiser 7 Day, Pills Box Organiser, Travel Friendly Daily Pill Containers to Hold Medicine Vitamins Fish Oil Supplements (Black)","New","23","0","0","26","0","0","0","0","0","GBP","1","3","4","23","Low traffic","3.49","0.0","3.49","0.0","NoRestockExcessActionRequired","0","0.0","0","0","124.86","1.26","0.009428","cubic feet","Standard","0.216844","UK","gl_drugstore","68859","115","0","30","13","3.49","2.91","8.39","11.55","76.34","10","15","1","0","0","0.15","0","0","0","0","1","0","","","","","","","","","","","","","381.0","0","","2026-08-09","381.0","69.6","2026-08-10","23","1","0","0","119","N","","",""
"2026-08-13","XJ2511307","X002FRK6DZ","B0D7VD72QC","2pcs Necklace Clasps and Closures, Double Round Necklace Clasp Mental Double Round Necklace Clasp Necklaces Bracelet Safety Clasp for Jewelry Making Necklaces Bracelet，Clasp，Double Clasp(Gold)","New","28","0","0","32","0","0","0","0","0","GBP","1","14","22","33","Low traffic","4.99","0.0","4.99","0.0","NoRestockExcessActionRequired","28","0.0","0","0","0.0","1.39","0.020439","cubic feet","Standard","0.572292","UK","gl_office_product","283764","118","0","16","22","4.99","4.16","58.24","91.52","136.97","2","30","0","0","0","0.35","30","0","30","0","2","0","","","","","","","","","","","","","92.1","0","","2026-08-09","92.1","55.5","2026-08-10","58","2","0","0","121","N","","",""
"2026-08-13","XJ260116","X002I1RPE1","B0GK69YN35","AXNKDH House Keyring, 2Pcs Home Keychain, Zinc Alloy, Matching, New Home Gift for Friends, Couples and Family","New","15","0","0","19","0","0","0","0","0","GBP","0","5","5","8","Low traffic","3.79","0.0","3.79","0.0","NoRestockExcessActionRequired","0","0.0","0","0","30.48","0.57","0.003531","cubic feet","Apparel","0.052965","UK","gl_apparel","520513","159","0","12","24","3.79","0.0","15.8","15.8","27.53","0","19","0","0","0","0.03","0","0","0","0","4","0","","","","","","","","","","","","","124.2","0","","2026-08-09","124.2","109.9","2026-08-10","15","4","0","0","203","N","","",""
"2026-08-13","XJ250890","X002DWL51J","B0FNCX56FK","AXNKDH Vintage Round Metal Frame Retro Sunglasses Small Circle Hippie Oval Sunglasses for Men Women (Black)","New","29","0","0","30","1","0","0","0","0","GBP","3","8","19","25","Low traffic","5.39","0.0","5.39","0.0","NoRestockExcessActionRequired","29","0.0","0","0","0.01","1.07","0.003531","cubic feet","Footwear","0.102399","UK","gl_shoes","192095","125","0","24","25","5.39","13.47","35.92","86.19","114.45","30","0","0","0","0","0.05","20","0","20","0","2","0","","","","","","","","","","","","","138.3","0","","2026-08-09","138.3","92.9","2026-08-10","49","1","1","0","128","N","","",""
"2026-08-13","XJ2511408","X002G2PJEF","B0D2NZ87W7","TRHDFW 2PCS Phone Charm Strap Beaded Phone Lanyard LOVE Letter Phone Wrist Strap Soft Pottery Mobile Phone Bracelet Anti-Lost Chain Hand Lanyard Black & White","","0","0","0","1","0","0","0","0","0","GBP","0","2","2","3","","0.0","0.0","0.0","0.0","CreateShippingPlan","","","0","0","","0.3","0.004344","cubic feet","Apparel","0.0","UK","gl_apparel","","0","0","0","0","3.49","0.0","5.82","5.82","9.48","0","0","1","0","0","","0","0","0","0","1","0","","","","","","","","","","","","","358.7","0","","2026-08-09","131.0","358.7","2026-08-10","0","1","0","0","46","N","","",""
"2026-08-13","XJ2511201","X002FQNV65","B0DCG3SQLF","JYTDBCS Sterling Silver Infinity Anklet for Women Girls Anklet with Infinity Symbol Zirconia Endless Love Charm Anklet Bracelet Adjustable Jewelry Gift,Women's Anklets","New","7","0","0","0","6","3","0","0","0","GBP","2","15","16","20","Low traffic","3.59","0.0","3.59","0.0","CreateShippingPlan","0","0.0","0","0","25.43","0.82","0.007374","cubic feet","Apparel","0.051618","UK","gl_jewelry","261709","28","0","1","4","3.59","5.98","43.66","46.48","60.44","0","0","0","3","0","0.04","0","0","0","0","2","0","","","","","","","","","","","","","136.1","13","2026-08-10","2026-08-09","42.3","136.1","2026-08-10","7","1","1","0","36","N","","",""
"2026-08-13","XJ251104","X002FQC3XH","B0FXXDL64B","Sensory Chew Necklace, Soft Silicone Chew Toys for Kids with ADHD Autism, Anxiety, Chewy Teardrop Pendant Teething Necklace Sensory Toy for Boys Girls Adults Chewer (Pink)","New","27","0","0","28","0","0","0","0","0","GBP","0","3","7","8","Low traffic","6.89","0.0","7.09","0.0","NoRestockExcessActionRequired","27","0.0","0","0","0.0","0.82","0.003531","cubic feet","Standard","0.095337","UK","gl_baby_product","34036","129","0","36","43","7.09","0.0","17.73","41.85","47.92","20","8","0","0","0","0.06","0","0","0","0","1","0","","","","","","","","","","","","","177.3","0","","2026-08-09","177.3","102.5","2026-08-10","27","1","0","0","134","N","","",""
"2026-08-13","XJ260168","X002HZZDWT","B0GJSP335Y","6 Pcs French Hair Combs Slides for Women, Plastic Twist Decorative Comb Clip, Colorful Hair Combs Accessories for Girls Women Bridal Wedding Gift(Black, Dark Brown, Light Brown)","New","3","0","0","3","0","0","0","0","0","GBP","4","15","20","24","Low traffic","4.09","0.0","4.09","0.0","NoRestockExcessActionRequired","3","0.0","0","0","0.0","1.88","0.003531","cubic feet","Standard","0.010593","UK","gl_beauty","102004","188","0","16","34","4.09","13.64","49.79","66.65","80.93","0","0","3","0","0","0.0","60","0","60","0","1","0","","","","","","","","","","","","","66.0","0","","2026-08-09","26.5","66.0","2026-08-10","63","1","0","0","191","N","","",""
"2026-08-13","XJ250903","X002DWGCXZ","B0FNBKG95X","AXNKDH Polarized Sports Sunglasses for Men Fishing Cycling Baseball Running Driving UV400 Protection","New","37","0","0","42","0","0","0","0","0","GBP","4","14","16","25","Low traffic","6.49","0.0","6.49","0.0","NoRestockExcessActionRequired","37","0.0","0","0","0.0","0.65","0.003531","cubic feet","Standard","0.130647","UK","gl_sports","95612","243","0","10","19","6.49","21.64","75.74","86.72","136.85","2","31","9","0","0","0.08","0","0","0","0","1","0","","","","","","","","","","","","","124.4","0","","2026-08-09","124.4","120.7","2026-08-10","37","1","0","0","248","N","","",""
"2026-08-13","XJ260162","X002I0E6PN","B0GJSPTDCR","AXNKDH 8 Bed Cover Clips To Keep The Comforter In Place, Buckle-style Fastening, Easy To Remove","New","7","0","0","8","0","0","0","0","0","GBP","2","5","6","7","Low traffic","3.9","0.0","3.9","0.0","NoRestockExcessActionRequired","1","0.0","0","0","5.03","0.59","0.003531","cubic feet","Standard","0.024717","UK","gl_home","473841","30","0","5","13","3.9","6.5","16.25","19.67","23.42","0","0","8","0","0","0.02","0","0","0","0","1","0","","","","","","","","","","","","","171.0","12","2026-08-11","2026-08-09","90.8","171.0","2026-08-10","7","1","0","0","35","N","","",""
"2026-08-13","XJ250924","X002DW9NPJ","B0FNBSD5B1","AXNKDH 2 Pack Silicone Glasses Retainer Strap, Adjustable Non Slip Eyewear Lanyard, Waterproof Elastic Sunglasses Chain Holder for Fishing Hiking Swimming Outdoor Sports Daily Use, Black One Size","New","3","0","0","0","3","0","0","0","0","GBP","2","9","11","11","Low traffic","3.39","0.0","3.39","0.0","NoRestockExcessActionRequired","0","0.0","0","0","10.36","1.02","0.003531","cubic feet","Apparel","0.010593","UK","gl_apparel","273603","124","23","10","27","3.39","5.64","25.72","31.7","31.7","0","0","0","0","0","0.01","20","0","20","0","0","0","","","","","","","","","","","","","110.2","0","","2026-08-09","33.8","110.2","2026-08-10","23","0","0","0","124","N","","",""
"2026-08-13","XJ251178","X002FPOGER","B0D8KRDVP6","10Pcs Dog Toothbrush, 360º Dog Finger Toothbrush, Silicone Pets Teeth Cleaning Toothbrush Kit for Dogs Puppies, Dog Teeth Cleaning Products for Care Dog Toothbrush and Paste(Blue)","New","9","1","0","11","0","0","0","0","0","GBP","1","6","12","19","Low traffic","4.99","0.0","4.99","0.0","CreateShippingPlan","0","0.0","0","0","64.23","1.55","0.003531","cubic feet","Standard","0.031779","UK","gl_personal_care_appliances","72669","77","0","6","6","4.99","4.16","24.96","49.92","79.04","10","0","1","0","0","0.03","0","0","0","0","1","0","","","","","","","","","","","","","59.0","6","2026-08-09","2026-08-09","50.8","59.0","2026-08-10","10","0","1","0","84","N","","",""
"2026-08-13","XJ251168","X002FQEYVV","B0D9YDC26B","JYTDBCS Women Leather Belt for Jeans Trousers Dresses Ladies Fashion Belt with Gold Buckle","New","15","0","0","0","15","0","0","0","0","GBP","0","0","2","5","Low traffic","5.59","0.0","5.59","0.0","NoRestockExcessActionRequired","15","0.0","0","0","0.0","0.35","0.059765","cubic feet","Apparel","0.896475","UK","gl_apparel","680077","112","0","","39","5.59","0.0","0.0","9.32","23.7","0","0","0","0","0","0.45","0","0","0","0","0","0","","","","","","","","","","","","","","0","","","","250.3","2026-08-10","15","0","0","0","112","N","","",""
"2026-08-13","XJ251047","X002FU1PP5","B0FYFQNFJ3","AXNKDH Set Of 4 Small Spoons, Cat Food Fork Set, Dog Food Spoons, Stainless Steel, Perfect For Pet Feeding (Blue, Pink)","New","35","0","0","36","0","0","0","0","0","GBP","0","7","15","23","Low traffic","5.19","0.0","5.19","0.0","NoRestockExcessActionRequired","35","0.0","0","0","0.0","1.35","0.003531","cubic feet","Standard","0.123585","UK","gl_home","89905","130","0","20","19","5.19","0.0","30.24","64.4","98.32","21","15","0","0","0","0.08","0","0","0","0","1","0","","","","","","","","","","","","","104.9","0","","2026-08-09","104.9","64.7","2026-08-10","35","1","0","0","133","N","","",""
"2026-08-13","XJ2511283","X002FRJLIV","B0D7TBZDDQ","JYTDBCS 8Pcs Black Acrylic Ear Stretchers Gauges Piercing Stretching Kit - Spiral Ear Taper","New","23","0","0","23","0","0","0","0","0","GBP","4","21","39","48","Low traffic","5.59","0.0","5.59","0.0","NoRestockExcessActionRequired","23","0.0","0","0","0.0","2.74","0.001944","cubic feet","Apparel","0.044712","UK","gl_jewelry","178286","133","0","15","22","5.59","18.64","97.86","179.58","218.46","23","0","0","0","0","0.03","60","0","60","0","0","0","","","","","","","","","","","","","28.6","0","","2026-08-09","25.0","28.6","2026-08-10","83","0","0","0","133","N","","",""
"2026-08-13","XJ250838","X002DX31YH","B0FNFP8R2J","AXNKDH Polarised Over Glasses Sunglasses Women Anti-Glare Trendy Square Shades Wrap-Around Design UV400 Protection","New","52","0","0","52","0","0","0","0","0","GBP","0","4","6","15","Low traffic","6.89","0.0","7.09","0.0","NoRestockExcessActionRequired","19","0.0","0","0","83.75","0.6","0.003531","cubic feet","Footwear","0.183612","UK","gl_shoes","540290","366","0","52","45","7.09","0.0","23.64","35.46","91.62","30","11","11","0","0","0.1","0","0","0","0","0","0","","","","","","","","","","","","","289.2","0","","2026-08-09","289.2","177.1","2026-08-10","52","0","0","0","366","N","","",""
"2026-08-13","XJ2511337","X002FRN52J","B0D83GP7XF","4 Pcs Finger Chopsticks, Snack Chopsticks Reusable Tweezer Tongs Food Clips, Plastic Finger Chopsticks for Gamers Keep Clean Game Accessories Home Gadgets (Black)","New","9","0","0","0","16","0","0","0","0","GBP","11","17","23","29","Low traffic","4.59","0.0","4.59","0.0","CreateShippingPlan","10","0.0","0","0","0.0","0.76","0.029777","cubic feet","Standard","0.267993","UK","gl_kitchen","85331","32","0","2","4","4.59","42.02","64.94","88.03","111.97","0","0","0","0","0","0.16","0","0","0","0","2","0","","","","","","","","","","","","","158.9","12","2026-08-12","2026-08-09","137.5","158.9","2026-08-10","9","1","1","0","39","Y","Holiday Season","2026-11-07","2027-01-09"
"2026-08-13","XJ250884","X002DWKJMZ","B0FNCYN75J","AXNKDH Y2K Wrap-around Sunglasses Men's Women's Futuristic Outdoor Sports Parasol UV400 Glasses","New","30","1","0","37","0","0","0","0","0","GBP","16","36","53","58","Low traffic","5.99","0.0","5.99","0.0","NoRestockExcessActionRequired","31","0.0","0","0","0.0","1.84","0.003531","cubic feet","Footwear","0.10593","UK","gl_shoes","21016","70","0","6","13","5.99","79.84","179.64","264.47","289.42","37","0","0","0","0","0.06","30","0","30","0","1","0","","","","","","","","","","","","","55.5","25","2026-08-22","2026-08-09","32.1","55.5","2026-08-10","61","1","0","0","71","N","","",""
"2026-08-13","XJ2511427-1","X002J81599","B0GS5MS87Y","2pcs Silicone Breast Pump, 17mm Silicone Breastpump Flange Insert Wearable Breast Pump Accessories Compatible with Medela/Spectra/TSRETE/Momcozy S9/S12/S9Pro/S12Pro","New","10","0","0","14","0","0","0","0","0","GBP","5","15","20","23","Low traffic","4.99","0.0","4.99","0.0","NoRestockExcessActionRequired","10","0.0","0","0","0.0","2.1","0.003531","cubic feet","Standard","0.03531","UK","gl_personal_care_appliances","12110","104","0","10","22","4.99","20.8","62.4","83.78","97.01","14","0","0","0","0","0.02","30","0","30","0","2","0","","","","","","","","","","","","","53.1","4","2026-09-02","2026-08-09","36.2","53.1","2026-08-10","40","2","0","0","108","N","","",""
"2026-08-13","XJ251184","X002FQB3PL","B0DBDJD8SF","JYTDBCS 3 Pcs French Barrette Clips for Women, Tortoise Shell Hair Clips, Medium Size, Perfect for Thin, Fine, Thick Hair, 3 Count, Unisex, All Hair Types","New","11","0","0","11","0","0","0","0","0","GBP","1","4","5","11","Low traffic","4.39","0.0","4.39","0.0","NoRestockExcessActionRequired","11","0.0","0","0","0.0","0.98","0.005598","cubic feet","Standard","0.061578","UK","gl_beauty","151376","52","0","11","13","4.39","3.66","14.64","18.46","41.38","0","0","11","0","0","0.04","0","0","0","0","0","0","","","","","","","","","","","","","111.1","8","2026-08-12","2026-08-09","106.5","111.1","2026-08-10","11","0","0","0","52","N","","",""
"2026-08-13","XJ250816","X002DX8EXZ","B0FNGQ87VZ","AXNKDH Oval Blue Light Glasses for Women Men Small Cat Eye Frame Anti Eye Strain Headache Clear Lens for Computer Gaming Reading","New","37","0","0","3","36","0","0","0","0","GBP","1","11","17","24","Low traffic","4.29","0.0","4.29","0.0","NoRestockExcessActionRequired","38","0.0","0","0","0.0","0.47","0.003531","cubic feet","Apparel","0.130647","UK","gl_apparel","103323","240","0","28","41","4.29","3.57","39.27","60.86","88.23","0","1","2","0","0","0.07","40","0","40","0","1","0","","","","","","","","","","","","","178.0","0","","2026-08-09","122.2","178.0","2026-08-10","77","1","0","0","244","N","","",""
"2026-08-13","XJ2511238","X002FQJKAV","B0D7TCXW11","JYTDBCS 4pcs V Bicycle Brake Blocks Set, 70 mm Road Bike Brake Pads, V Bike Brake Pads, Mountain Bike, Black, Rubber+Metal, Hex Wrench Included","New","20","0","0","15","6","0","0","0","0","GBP","0","1","11","14","Low traffic","4.99","0.0","4.99","0.0","NoRestockExcessActionRequired","7","0.0","0","0","20.75","0.85","0.006823","cubic feet","Standard","0.13646","UK","gl_outdoors","153495","223","33","160","37","4.99","0.0","4.16","45.76","58.24","15","0","0","0","0","0.09","20","0","20","0","1","0","","","","","","","","","","","","","187.5","0","","2026-08-09","187.5","93.5","2026-08-10","40","0","1","0","230","N","","",""
"2026-08-13","XJ2511239","X002FQHZZX","B0DBQ7F1LY","Universal Aluminum Alloy Bread Maker Machine Kneading Mixing Blade Paddle","New","53","0","0","53","0","0","0","0","0","GBP","3","4","10","28","Low traffic","5.59","0.0","5.59","0.0","NoRestockExcessActionRequired","53","0.0","0","0","0.0","0.75","0.001822","cubic feet","Standard","0.096566","UK","gl_kitchen","196965","114","0","53","24","5.59","13.98","18.64","49.06","140.32","2","33","18","0","0","0.06","0","0","0","0","1","0","","","","","","","","","","","","","1726.0","0","","2026-08-09","1726.0","149.9","2026-08-10","53","1","0","0","116","N","","",""
"2026-08-13","XJ2511261","X002FRIL5P","B0DBV9STWZ","Bike Saddle Bag, Seat Pack, Black, Reflective, Waterproof, Zippered, Adjustable Strap, Seat Mount, 20 x 8 x 6cm, Sports Style, Bicycle","New","43","3","0","51","0","0","0","0","0","GBP","1","13","37","46","","8.79","0.0","8.79","0.0","NoRestockExcessActionRequired","0","7.1","8","0","550.84","2.75","0.128989","cubic feet","Standard","5.546527","UK","gl_automotive","62841","274","0","22","20","8.79","7.32","95.16","265.13","326.51","51","0","0","0","0","3.94","30","0","30","0","4","0","","","","","","","","","","","","","46.7","0","","2026-08-09","46.7","25.6","2026-08-10","76","4","0","0","281","N","","",""
"2026-08-13","XJ250845","X002DX6T7N","B0FNJTLZ3F","AXNKDH Retro Round Polarised Sunglasses Unisex, UV400 Vintage Mid-Century Modern Shades, Green Frame Grey Lens, Durable Plastic Eyewear for Men Women Driving Cycling Fishing Outdoor Daily Wear","New","18","0","0","16","2","0","0","0","0","GBP","0","2","5","8","Low traffic","5.39","0.0","5.59","0.0","NoRestockExcessActionRequired","9","0.0","0","0","6.0","0.45","0.003531","cubic feet","Footwear","0.063558","UK","gl_shoes","444022","188","9","36","29","5.59","0.0","9.32","24.05","38.78","0","0","16","0","0","0.03","0","0","0","0","0","0","","","","","","","","","","","","","288.0","0","","2026-08-09","288.0","232.9","2026-08-10","18","0","0","0","188","N","","",""
"2026-08-13","XJ260160","X002I04B3P","B0GJSTR1Q8","Eyebrow Tattoos Stickers, Waterproof Peel Off Eyebrow Transfers Sticker, Temporary Brow Tattoo","New","3","0","0","3","0","0","0","0","0","GBP","0","9","13","20","Low traffic","5.39","0.0","5.59","0.0","CreateShippingPlan","3","0.0","0","0","0.0","2.35","0.003531","cubic feet","Standard","0.010593","UK","gl_beauty","230414","27","0","1","1","5.59","0.0","41.94","60.58","94.11","0","0","3","0","0","0.0","0","0","0","0","0","0","","","","","","","","","","","","","43.0","9","2026-08-08","2026-08-09","20.2","43.0","2026-08-10","3","0","0","0","27","N","","",""
"2026-08-13","XJ250880","X002DWQ5WN","B0FND54JS1","AXNKDH Slim Pen Reading Glasses Tube Reader Glasses Men Women Anti Blue Light Small Reader Spring Hinged Eyeglasses with Portable Clip Case","New","31","0","0","31","0","0","0","0","0","GBP","1","6","14","27","Low traffic","4.59","0.0","4.59","0.0","NoRestockExcessActionRequired","31","0.0","0","0","0.0","1.2","0.003531","cubic feet","Apparel","0.109461","UK","gl_apparel","82397","102","0","20","14","4.59","3.82","22.92","53.48","100.28","0","31","0","0","0","0.06","0","0","0","0","0","0","","","","","","","","","","","","","170.8","0","","2026-08-09","170.8","77.2","2026-08-10","31","0","0","0","102","N","","",""
"2026-08-13","XJ251008-1","X002J7YK1P","B0GS5F8LV8","AXNKDH 4Pcs 7 Inch White Diffuser Sock, Soft Nylon Photography Lamp Cover, Adjustable Light Diffuser Cloth for Ring Light Flash Studio Portrait Product Shooting","New","9","0","0","0","9","0","0","0","0","GBP","1","1","1","1","Low traffic","6.29","0.0","6.29","0.0","Advertise listing","0","0.0","0","0","21.02","0.1","0.003531","cubic feet","Standard","0.031779","UK","gl_camera","","253","9","36","117","6.29","5.24","5.24","5.24","5.24","0","0","0","0","0","0.02","0","0","0","0","0","0","","","","","","","","","","","","","","0","","","","","2026-08-10","9","0","0","0","253","N","","",""
"2026-08-13","XJ2511419","X002G2PLW5","B0D1CB147S","TRHDFW 4PCS Mini Sauce Containers,25ML Squeezy Sauce Bottles,Honey/soy sauce/Ketchup/Salad Squeezable Sauce Containers,Portable Mini Ketchup Bottle to Go with Screw Cap for Picnic,Work,School","New","13","0","0","14","0","0","0","0","0","GBP","0","8","15","26","Low traffic","4.69","0.0","4.89","0.0","CreateShippingPlan","13","0.0","0","0","0.0","2.04","0.001957","cubic feet","Standard","0.025441","UK","gl_home","511620","52","0","6","6","4.89","0.0","32.56","61.39","108.03","1","13","0","0","0","0.01","0","0","0","0","0","0","","","","","","","","","","","","","51.9","9","2026-08-11","2026-08-09","51.9","45.0","2026-08-10","13","0","0","0","52","N","","",""
"2026-08-13","XJ2511215","X002FQHZWL","B0DBQ9NWHR","JYTDBCS 6 Legged Race Bands for Adults Kids, Colorful Legged Race Bands Elastic Tie Rope with Magic Adhesives for Relay Race Game, Field Day, Backyard, Team Games","New","28","0","0","40","0","0","0","0","0","GBP","30","76","122","152","Low traffic","6.89","0.0","6.89","0.0","NoRestockExcessActionRequired","0","0.0","0","0","113.68","13.27","0.068861","cubic feet","Standard","1.928108","UK","gl_sports","9850","61","0","5","9","6.89","172.2","436.24","693.9","859.56","40","0","0","0","0","0.11","80","0","80","0","6","0","","","","","","","","","","","","","17.6","77","2026-08-23","2026-08-09","17.6","10.5","2026-08-10","108","6","0","0","65","N","","",""
"2026-08-13","XJ260119","X002I1RXOX","B0GK6MBC32","Barber Enhancement Card, T Shape Hairline Shaping Tool with Measurement Indicators Reusable Color Spray Edge Hair Liner Card for Precise Edge Ups & Beard Line Up Tools Cutting Guide for Men","New","48","0","0","49","0","0","0","0","0","GBP","3","7","14","19","Low traffic","5.29","0.0","5.29","0.0","NoRestockExcessActionRequired","46","0.0","0","0","0.0","1.09","0.003531","cubic feet","Standard","0.169488","UK","gl_personal_care_appliances","66810","164","0","27","32","5.29","13.23","30.87","62.46","83.81","49","0","0","0","0","0.11","0","0","0","0","0","0","","","","","","","","","","","","","180.8","0","","2026-08-09","180.8","72.7","2026-08-10","48","0","0","0","164","N","","",""
"2026-08-13","XJ260113","X002I1RR1H","B0GK6WS6CH","Keyboard Cleaning Brush, Round Window Groove Cleaning Brush, for Laptop Computer Keyboard Window Red","New","20","0","0","20","0","0","0","0","0","GBP","0","4","8","11","Low traffic","4.59","0.0","4.79","0.0","NoRestockExcessActionRequired","20","0.0","0","0","0.0","0.74","0.003531","cubic feet","Standard","0.07062","UK","gl_office_product","206038","159","0","40","47","4.79","0.0","15.96","32.92","45.64","0","11","9","0","0","0.04","20","0","20","0","0","0","","","","","","","","","","","","","165.3","0","","2026-08-09","165.3","113.0","2026-08-10","40","0","0","0","159","N","","",""
"2026-08-13","XJ2511335","X002FRL5BH","B0DBR3JVDZ","JYTDBCS Dog Harness Medium Breathable Vest, Step-in Cat Puppy and Lead Set","New","1","0","0","1","0","0","0","0","0","GBP","0","2","6","7","Low traffic","7.79","0.0","7.79","0.0","CreateShippingPlan","0","0.0","0","0","12.14","1.87","0.062632","cubic feet","Standard","0.062632","UK","gl_pet_products","94603","22","0","2","1","7.79","0.0","12.98","39.35","46.01","0","0","1","0","0","0.24","0","0","0","0","0","0","","","","","","","","","","","","","73.9","5","2026-07-22","2026-08-09","42.5","73.9","2026-08-10","1","0","0","0","22","N","","",""
"2026-08-13","XJ250828","X002DXCIUF","B0FNFXX6V1","AXNKDH Polarised Round Sunglasses for Men Women: Retro Circle Metal Sun Glasses Hippie Travelling Driving","New","23","6","0","11","0","0","0","0","0","GBP","1","3","6","14","Low traffic","4.29","0.0","4.29","0.0","NoRestockExcessActionRequired","0","3.15","52","0","92.14","1.33","0.003531","cubic feet","Footwear","0.081213","UK","gl_shoes","275226","268","0","30","21","4.29","3.57","11.05","21.94","49.86","0","11","0","0","0","0.06","0","0","0","0","1","0","","","","","","","","","","","","","120.0","0","","2026-08-09","120.0","45.4","2026-08-10","29","1","0","0","277","N","","",""
"2026-08-13","XJ2511288","X002FRJ569","B0DBQDN6DZ","JYTDBCS Cast Iron Universal Mocha Pot Stand Reducer Ring Holder Base Trivet for Moka Expresso Coffee Heavy Duty Thick Metal Trivits Extender for Gas Hob Stoves","New","20","0","0","27","0","0","0","0","0","GBP","8","8","11","13","Low traffic","4.69","0.0","4.69","0.0","NoRestockExcessActionRequired","20","0.0","0","0","0.0","0.7","0.009726","cubic feet","Standard","0.19452","UK","gl_home","114153","75","0","10","20","4.69","31.28","31.28","44.67","53.99","21","0","6","0","0","0.12","0","0","0","0","5","0","","","","","","","","","","","","","633.0","3","2026-09-06","2026-08-09","633.0","377.8","2026-08-10","20","4","1","0","91","N","","",""
"2026-08-13","XJ2511419-1","X002J7Y2JP","B0GS5R3N58","AXNKDH 4 Pack 25ml Mini Squeezy Sauce Bottles, Transparent Polypropylene Portable Condiment Containers with Screw Lid, Leak-Proof Refillable Dispenser for Ketchup Honey Salad Dressing Picnic","New","37","0","0","37","0","0","0","0","0","GBP","9","22","22","37","Low traffic","3.89","0.0","3.89","0.0","NoRestockExcessActionRequired","0","0.0","0","0","79.65","2.32","0.003531","cubic feet","Standard","0.130647","UK","gl_home","122173","42","0","6","13","3.89","29.16","71.28","71.28","121.08","37","0","0","0","0","0.09","0","0","0","0","1","0","","","","","","","","","","","","","80.2","39","2026-08-11","2026-08-09","80.2","54.9","2026-08-10","37","1","0","0","43","N","","",""
"2026-08-13","XJ260108","X002I0H82B","B0GJZ4KDY7","Sink Reinforcement 38mm 2 Pack -Plastic Faucet Stabiliser for Stainless Steel Sinks｜Reduce Wobbling, Enhance Tap Stability｜Kitchen Sink Brace Fittings Accessories Stop Tap Wobble","New","27","0","0","29","0","0","0","0","0","GBP","4","10","12","18","Low traffic","3.99","0.0","3.99","0.0","NoRestockExcessActionRequired","27","0.0","0","0","0.05","1.19","0.003531","cubic feet","Standard","0.095337","UK","gl_home_improvement","160842","90","0","10","19","3.99","13.28","33.37","41.01","63.93","29","0","0","0","0","0.06","0","0","0","0","2","0","","","","","","","","","","","","","118.3","1","2026-08-25","2026-08-09","118.3","81.3","2026-08-10","27","2","0","0","96","N","","",""
"2026-08-13","XJ2511378","X002G2OYZP","B0D12LX15R","TRHDFW 8PCS Elastic Boot Bands, Military Boot Straps, Elastic Boot Straps Trouser Twists Leg Ties Blousing Garters with Metal Hooks, for Navy, Army, Air Force, Outdoor Hiking Military (Black & Green)","New","8","0","0","9","0","0","0","0","0","GBP","1","4","7","10","Low traffic","3.89","0.0","3.89","0.0","NoRestockExcessActionRequired","0","3.47","52","0","30.18","1.05","2.75E-4","cubic feet","Apparel","0.0022","UK","gl_apparel","440522","47","0","8","10","3.89","3.24","12.79","22.0","32.71","0","0","9","0","0","0.0","0","0","0","0","0","0","","","","","","","","","","","","","92.3","5","2026-08-07","2026-08-09","86.8","92.3","2026-08-10","8","0","0","0","47","N","","",""
"2026-08-13","XJ2511387-1","X002J70UWD","B0GS27XBK3","AXNKDH 3 Pack Satin Hair Bows Clips, Oversized Long Tail Bow Barrettes Metal Spring Clip, Black White Pink Silky Ribbon Ponytail Holder Hair Accessories for Daily Party Wedding","New","23","0","0","22","1","0","0","0","0","GBP","0","4","4","12","Low traffic","4.89","0.0","4.89","0.0","NoRestockExcessActionRequired","0","0.0","0","0","49.98","0.94","0.003531","cubic feet","Standard","0.081213","UK","gl_beauty","186700","189","23","23","24","4.89","0.0","16.45","16.45","54.54","21","0","1","0","0","0.06","0","0","0","0","0","0","","","","","","","","","","","","","161.5","0","","2026-08-09","161.5","102.0","2026-08-10","23","0","0","0","189","N","","",""
"2026-08-13","XJ2511234","X002FQI8FT","B0D7GZM77P","JYTDBCS 4 Pcs Backpack Universal Chest Belt Adjustable Sternum Strap Support for Backpack,Nylon Rucksack Chest Strap with Quick Release Buckle for Outdoor Hiking,Jogging,Biking(Black)","New","14","0","0","14","0","0","0","0","0","GBP","3","8","9","11","Low traffic","4.79","0.0","4.79","0.0","NoRestockExcessActionRequired","0","0.0","0","0","41.12","0.75","0.010594","cubic feet","Apparel","0.148316","UK","gl_apparel","162772","76","0","7","16","4.79","11.97","31.92","36.24","44.88","0","0","14","0","0","0.08","0","0","0","0","0","0","","","","","","","","","","","","","180.0","2","2026-08-23","2026-08-09","87.6","180.0","2026-08-10","14","0","0","0","76","N","","",""
"2026-08-13","XJ251183","X002FQHS2N","B0D7V9PCGP","Antique Brass Heavy Duty Single Slider Zip - Size #5 Open End Zips - Sewing Accessory (Black, 70cm (27.5''))","New","29","0","0","20","11","0","0","0","0","GBP","1","5","8","13","Low traffic","5.19","0.0","5.19","0.0","NoRestockExcessActionRequired","0","0.0","0","0","1.73","0.5","0.009298","cubic feet","Standard","0.269642","UK","gl_home","390665","124","29","23","29","5.19","4.32","21.6","34.69","56.94","0","20","0","0","0","0.17","0","0","0","0","2","0","","","","","","","","","","","","","244.3","0","","2026-08-09","244.3","154.6","2026-08-10","29","2","0","0","131","N","","",""
"2026-08-13","XJ2511308","X002FRQF85","B0D813S12Q","JYTDBCS Mini Bells,Set of 6,Copper Chime,Door Chime,Soprano,Wind Chime,Bell,Doorbell,Copper Wind Chime,mini bells","New","31","1","0","33","0","0","0","0","0","GBP","1","12","25","39","Low traffic","6.09","0.0","6.09","0.0","NoRestockExcessActionRequired","7","4.95","9","0","42.1","2.0","0.008605","cubic feet","Standard","0.266755","UK","gl_home","234710","180","0","16","16","6.09","5.07","60.84","125.79","195.65","33","0","0","0","0","0.18","17","0","17","0","0","0","","","","","","","","","","","","","24.3","0","","2026-08-09","11.9","24.3","2026-08-10","49","0","0","0","180","N","","",""
"2026-08-13","XJ260150","X002I0YMW5","B0GK1D14FV","AXNKDH Novelty Guitar Shaped Spoon, Premium Stainless Steel Silver Teaspoon, Multi-Purpose Cutlery for Coffee Milk Ice Cream Dessert Candy, Ideal for Home Kitchen Bar Daily Use","New","23","0","0","25","0","0","0","0","0","GBP","0","2","4","5","Low traffic","4.09","0.0","4.09","0.0","Advertise listing","0","0.0","0","0","76.68","0.53","0.003531","cubic feet","Standard","0.081213","UK","gl_kitchen","731146","261","0","46","59","4.09","0.0","6.82","14.8","18.79","25","0","0","0","0","0.05","0","0","0","0","0","0","","","","","","","","","","","","","236.5","0","","2026-08-09","236.5","146.2","2026-08-10","23","0","0","0","261","N","","",""
"2026-08-13","XJ250842","X002DWUYFH","B0FND7DK67","AXNKDH Retro Vintage Rimless UV Protection Slim Rectangular Sunglasses Men Women Unisex","New","27","0","0","31","0","0","0","0","0","GBP","4","7","18","25","Low traffic","5.89","0.0","5.89","0.0","NoRestockExcessActionRequired","10","0.0","0","0","36.88","1.39","0.003531","cubic feet","Footwear","0.095337","UK","gl_shoes","120832","116","0","15","14","5.89","19.64","34.37","90.14","125.63","31","0","0","0","0","0.05","0","0","0","0","2","0","","","","","","","","","","","","","118.4","0","","2026-08-09","118.4","79.3","2026-08-10","27","2","0","0","126","N","","",""
"2026-08-13","XJ2511218","X002FQEPIN","B0DBZLJZNZ","JYTDBCS Volume and Shine Teasing Brush - Boar Bristle Brush - Slick back hair brush - Styling brush - Boar brush - 1pc","New","30","0","0","31","0","0","0","0","0","GBP","1","6","15","28","Low traffic","3.99","0.0","3.99","0.0","NoRestockExcessActionRequired","30","0.0","0","0","0.0","1.64","0.003142","cubic feet","Standard","0.09426","UK","gl_beauty","147877","119","0","20","13","3.99","3.32","20.09","51.58","94.99","21","10","0","0","0","0.09","0","0","0","0","0","0","","","","","","","","","","","","","130.3","0","","2026-08-09","130.3","66.3","2026-08-10","30","0","0","0","119","N","","",""
"2026-08-13","XJ260144","X002I0TPFJ","B0GJZTD4NC","2 x 90 cm Scooter Spiral Cable Protection Tube Cable Protector Tool Cable Tidy Tube E-Bike Cable Organizer Pipe Protection Spiral Wrap Winding Cable Wire Protector Cover Tube Black","New","31","22","0","53","0","0","0","0","0","GBP","1","3","9","14","Low traffic","6.09","0.0","6.09","0.0","NoRestockExcessActionRequired","53","0.0","0","0","0.0","0.77","0.003531","cubic feet","Standard","0.109461","UK","gl_electronics","60649","246","0","41","28","6.09","5.07","15.21","47.5","74.55","45","8","0","0","0","0.12","0","0","0","0","0","0","","","","","","","","","","","","","169.3","0","","2026-08-09","169.3","71.7","2026-08-10","53","0","0","0","246","N","","",""
"2026-08-13","XJ2511321","X002FR94PL","B0D963ZFDV","Pet Pill Plunger for Small Cats Dogs Pill Gun Dispenser Pet Piller Reusable Cat Pill Dispenser Tip Tablet Syringe Pusher Animal Medicine Feeder Feeding cat and dog pill giver,animal pill dispenser,","New","45","27","0","72","0","0","0","0","0","GBP","2","8","22","29","Low traffic","5.59","0.0","5.59","0.0","NoRestockExcessActionRequired","72","0.0","0","0","0.0","0.85","0.007925","cubic feet","Standard","0.356625","UK","gl_pet_products","90870","132","0","22","20","5.59","9.32","37.28","102.52","136.26","71","0","1","0","0","0.38","0","0","0","0","0","0","","","","","","","","","","","","","79.0","0","","2026-08-09","79.0","74.3","2026-08-10","72","0","0","0","132","Y","Holiday Season","2026-09-26","2027-01-30"
"2026-08-13","XJ2511212","X002FQH5DP","B0DBVDN91W","JYTDBCS 10Pcs Camping Tent WanFengXue Stakes Pegs Tent Heavy Duty Tent Nail Plastic Screw Tent Pegs for Fixing Camping Tent Rain Tarps Outdoors Tent Nails","New","41","5","0","43","4","0","0","0","0","GBP","0","4","9","14","Low traffic","6.69","0.0","6.89","0.0","NoRestockExcessActionRequired","2","0.0","0","0","440.79","0.56","0.062357","cubic feet","Standard","2.556637","UK","gl_lawn_and_garden","158785","305","46","43","39","6.89","0.0","22.96","51.66","80.36","30","13","0","0","0","1.95","2","0","2","0","1","0","","","","","","","","","","","","","110.1","0","","2026-08-09","108.6","110.1","2026-08-10","48","1","0","0","312","N","","",""
"2026-08-13","XJ260165","X002I043A1","B0GJSH7Q4M","2PCS Exfoliating Gloves,Exfoliating Glove For Dead Skin Shower Glove Body Scrubber For Women And Men(Pink, Gray)","New","48","0","0","48","0","0","0","0","0","GBP","0","1","1","7","Low traffic","4.29","0.0","4.49","0.0","Advertise listing","0","0.0","0","0","99.66","0.5","0.003531","cubic feet","Standard","0.169488","UK","gl_beauty","295039","285","0","192","89","4.49","0.0","3.74","3.74","29.1","45","0","3","0","0","0.12","0","0","0","0","0","0","","","","","","","","","","","","","526.0","0","","2026-08-09","526.0","103.9","2026-08-10","48","0","0","0","285","N","","",""
"2026-08-13","XJ260155","X002I1R2R1","B0GK5PGVM8","2 Rolls Price Labels Sale Paper Stickers Self Adhesive Round Red Price Retail Stickers for Shop Store Waterproof 500 Labels Per Roll","New","35","0","0","37","0","0","0","0","0","GBP","1","8","18","23","Low traffic","7.29","0.0","7.29","0.0","NoRestockExcessActionRequired","0","0.0","0","0","76.5","1.15","0.003531","cubic feet","Standard","0.123585","UK","gl_office_product","191412","159","0","17","19","7.29","6.07","48.56","108.78","138.33","30","7","0","0","0","0.09","0","0","0","0","1","0","","","","","","","","","","","","","106.0","0","","2026-08-09","106.0","64.5","2026-08-10","35","1","0","0","164","N","","",""
"2026-08-13","XJ2511226","X002FQHXBJ","B0D97Y65P9","JYTDBCS Triple Meatball Maker - Multi-Functional Meatball & Rice Ball Shaped Plastic Ice Cream Scoop DIY Tool","New","41","0","0","32","9","0","0","0","0","GBP","2","7","11","16","Low traffic","5.09","0.0","5.09","0.0","NoRestockExcessActionRequired","8","0.0","0","0","69.83","0.58","0.012713","cubic feet","Standard","0.521233","UK","gl_kitchen","348504","225","33","23","33","5.09","8.48","29.68","48.22","72.49","32","0","0","0","0","0.35","0","0","0","0","0","0","","","","","","","","","","","","","134.7","0","","2026-08-09","125.1","134.7","2026-08-10","41","0","0","0","225","N","","",""
"2026-08-13","XJ2511467-1","X002JOT48R","B0GV41GNGF","AXNKDH 2 Pack Disposable Sterile Nose Piercing Kit Tool with Stud Painless Self Ear Gun for Kit, and Supplies (White)","New","38","12","0","57","0","0","0","0","0","GBP","3","22","40","41","Low traffic","4.79","0.0","4.79","0.0","NoRestockExcessActionRequired","","","0","0","","1.54","0.001413","cubic feet","Apparel","0.053694","UK","gl_jewelry","324986","61","0","6","12","4.79","11.97","87.78","161.58","165.65","57","0","0","0","0","","0","0","0","0","2","0","","","","","","","","","","","","","11.8","15","2026-08-22","2026-08-09","4.1","11.8","2026-08-10","50","1","1","0","64","N","","",""
"2026-08-13","XJ2511479-1","X002JPCL95","B0GV3SZ5Y3","sports headband, 8-piece ultra-thin fitness headband, elastic headband anti slip,black, white, blue, gray","New","21","0","0","0","24","0","0","0","0","GBP","0","2","5","6","Low traffic","6.09","0.0","6.29","0.0","NoRestockExcessActionRequired","0","0.0","0","0","48.76","0.22","0.003531","cubic feet","Standard","0.074151","UK","gl_sports","838545","366","21","42","45","6.29","0.0","10.48","26.95","32.44","0","0","0","0","0","0.05","0","0","0","0","3","0","","","","","","","","","","","","","404.2","0","","2026-08-09","364.5","404.2","2026-08-10","21","3","0","0","366","N","","",""
"2026-08-13","XJ2511257","X002FRF1SZ","B0DB5TN1DH","JYTDBCS After Surgery Recovery Collars for Dogs Cats, Soft Dog & Cat Cones, Prevent Licking, Scratching & Biting, Adjustable Plastic Transparent Collar","New","29","7","0","30","6","0","0","0","0","GBP","1","6","7","9","Low traffic","7.49","0.0","7.49","0.0","NoRestockExcessActionRequired","36","0.0","0","0","0.23","0.47","0.032269","cubic feet","Standard","0.935801","UK","gl_pet_products","72605","137","0","19","41","7.49","6.24","37.44","44.1","57.74","30","0","0","0","0","0.77","0","0","0","0","0","0","","","","","","","","","","","","","119.8","0","","2026-08-09","45.3","119.8","2026-08-10","36","0","0","0","137","N","","",""
"2026-08-13","XJ2511220","X002FQ304D","B0DBQY39DV","JYTDBCS Dog Shirts 2-Pack,Dog T-Shirt Vest Cotton Cat Dog Clothes Lightweight Breathable Animal Print Summer Pet Sleeveless Sports Shirts for Dogs Puppy Cats Indoor Outdoor Activities (XL)","New","31","0","0","31","0","0","0","0","0","GBP","1","2","3","9","Low traffic","4.89","0.0","4.89","0.0","NoRestockExcessActionRequired","18","0.0","0","0","8.15","0.51","0.034244","cubic feet","Standard","1.061564","UK","gl_pet_products","56243","304","0","62","44","4.89","4.07","8.31","13.05","41.49","15","1","15","0","0","0.24","0","0","0","0","1","0","","","","","","","","","","","","","816.0","0","","2026-08-09","816.0","232.8","2026-08-10","31","1","0","0","320","N","","",""
"2026-08-13","XJ2511319","X002FRKBIZ","B0D7HKKSV2","JYTDBCS 16 Pcs Nose Bleed Stopper Plastic Foam Nosebleed Plugs Swimming Nose Clip for Kids Adults in Emergency Accidents(Blue)","New","63","0","0","63","0","0","0","0","0","GBP","6","15","30","52","Low traffic","6.49","0.0","6.49","0.0","NoRestockExcessActionRequired","62","0.0","0","0","0.0","1.53","0.023841","cubic feet","Standard","1.501983","UK","gl_sports","54335","182","0","16","15","6.49","32.46","81.15","160.57","275.85","30","33","0","0","0","0.98","0","0","0","0","0","0","","","","","","","","","","","","","165.3","0","","2026-08-09","165.3","69.7","2026-08-10","63","0","0","0","182","N","","",""
"2026-08-13","XJ2511287","X002FRGCI3","B0CTJVN6NV","JYTDBCS 6Pcs Piping Nozzles Coupler, Reusable Plastic Icing Piping Tip Converter Nozzle in 3 Sizes, Coupler Birthday Cake Decorating Tool for Cupcakes Cookies DIY Cream Jelly Mashed Potatoes","New","31","0","0","0","32","0","0","0","0","GBP","3","5","7","9","Low traffic","6.89","0.0","6.89","0.0","NoRestockExcessActionRequired","31","0.0","0","0","0.0","0.19","0.01647","cubic feet","Standard","0.51057","UK","gl_kitchen","365608","107","0","24","44","6.89","17.22","28.7","40.18","52.0","0","0","0","0","0","0.34","0","0","0","0","0","0","","","","","","","","","","","","","473.4","0","","2026-08-09","343.0","473.4","2026-08-10","31","0","0","0","107","N","","",""
"2026-08-13","XJ2511415-1","X002J81A8P","B0GS5MDGJD","AXNKDH 4 Pack Clear Travel Tottles, 60ml Portable Leak Proof Travel Containers for Toiletries Travel Toiletry Bottles Refillable Squeeze Bottles for Shampoo Body Lotion Bath Shower Gel","New","19","2","0","22","0","0","0","0","0","GBP","12","32","39","53","Low traffic","5.49","0.0","5.49","0.0","NoRestockExcessActionRequired","0","5.19","9","0","46.03","2.79","0.003531","cubic feet","Standard","0.067089","UK","gl_home","54240","54","0","8","15","5.49","54.04","142.24","172.66","234.5","20","2","0","0","0","0.05","45","0","45","0","1","0","","","","","","","","","","","","","35.6","51","2026-08-15","2026-08-09","26.6","35.6","2026-08-10","66","1","0","0","55","N","","",""
"2026-08-13","XJ250804","X002DWUJTX","B0FND83VXJ","AXNKDH Vintage Square Sunglasses for Women Men Retro Rectangle 90s Thick Frame UV400","New","69","0","0","73","0","0","0","0","0","GBP","5","21","42","56","Low traffic","5.99","0.0","5.99","0.0","NoRestockExcessActionRequired","16","4.55","15","0","138.24","1.71","0.003531","cubic feet","Footwear","0.243639","UK","gl_shoes","200234","133","0","13","16","5.99","24.95","104.79","208.27","271.13","62","11","0","0","0","0.13","0","0","0","0","3","0","","","","","","","","","","","","","83.7","0","","2026-08-09","83.7","44.5","2026-08-10","69","3","0","0","142","N","","",""
"2026-08-13","XJ250855","X002DWVOX3","B0FNDB2JDZ","AXNKDH Unisex Blue Light Blocking Glasses, Clear Lens Square Full Rim Frame, Lightweight Anti Glare Eyewear for Computer Gaming Office Digital Screen Use, Adults Only Black Fashion Glasses 52-22-135","New","37","0","0","30","7","0","0","0","0","GBP","2","5","7","8","Low traffic","4.19","0.0","4.39","0.0","NoRestockExcessActionRequired","0","0.0","0","0","126.75","0.41","0.003531","cubic feet","Footwear","0.130647","UK","gl_shoes","126623","175","37","29","60","4.39","7.32","18.3","26.28","30.44","30","0","0","0","0","0.07","0","0","0","0","0","1","","","","","","","","","","","","","239.6","0","","2026-08-09","213.8","239.6","2026-08-10","37","0","0","0","175","N","","",""
"2026-08-13","XJ2511352-1","X002J7Y0KB","B0GS5FHML5","AXNKDH 3 Pack Low Back Bra Converter Straps, Adjustable Deep V Backless Bra Extender, Polyester Cotton 1.9cm Width Hook and Eye Strap for Women Dress Wedding Party Daily Wear","New","30","0","0","35","0","0","0","0","0","GBP","5","20","28","53","Low traffic","4.79","0.0","4.79","0.0","NoRestockExcessActionRequired","0","4.39","9","0","66.1","1.81","0.003531","cubic feet","Apparel","0.10593","UK","gl_apparel","184791","145","0","12","14","4.79","19.95","77.76","108.32","200.06","0","35","0","0","0","0.06","30","0","30","0","2","0","","","","","","","","","","","","","65.8","0","","2026-08-09","65.8","51.5","2026-08-10","60","2","0","0","151","N","","",""
"2026-08-13","XJ250827","X002DXDHL9","B0FNJ8PX8H","AXNKDH 2 Pairs Slim Pocket Reading Glasses, Blue Light Blocking Metal Frame Spring Hinge Mini Compact Skinny Rectangle Lightweight Unisex Magnifying Eyewear with Portable Pen Clip Case","New","16","2","0","20","0","0","0","0","0","GBP","4","18","32","37","Low traffic","4.79","0.0","4.79","0.0","NoRestockExcessActionRequired","18","0.0","0","0","0.0","3.52","0.003531","cubic feet","Apparel","0.056496","UK","gl_apparel","52622","92","0","10","16","4.79","15.96","71.82","127.26","145.96","20","0","0","0","0","0.03","30","0","30","0","1","0","","","","","","","","","","","","","27.6","5","2026-08-24","2026-08-09","26.2","27.6","2026-08-10","48","1","0","0","95","N","","",""
"2026-08-13","XJ250824","X002DX3TGR","B0FNFT5PDR","AXNKDH Polarized Sunglasses Women Trendy Classic Sun Glasses Ladies Cateye Frame Retro Cute Shades UV400 Protection","New","55","0","0","55","0","0","0","0","0","GBP","2","4","8","14","Low traffic","4.19","0.0","4.19","0.0","NoRestockExcessActionRequired","2","2.59","7","0","102.42","0.82","0.003531","cubic feet","Footwear","0.194205","UK","gl_shoes","140859","366","0","55","51","4.19","6.98","13.96","27.67","46.61","55","0","0","0","0","0.11","0","0","0","0","0","0","","","","","","","","","","","","","269.8","0","","2026-08-09","269.8","88.4","2026-08-10","55","0","0","0","366","N","","",""
"2026-08-13","XJ2511394","X002G2QNDL","B0CTMB9RVY","TRHDFW Button Hook & Zipper Pull, Zipper Pull Helper, Easy Grip Button Hook & Clothes Zip Puller, Dress Clothes Tool, Button Shirts Aid, One Hand, Disability, Handicapped and Seniors (Black)","New","8","0","0","8","0","0","0","0","0","GBP","0","1","1","2","Low traffic","4.49","0.0","4.49","0.0","NoRestockExcessActionRequired","0","4.19","52","0","33.91","0.31","2.83E-4","cubic feet","Standard","0.002264","UK","gl_home_improvement","210758","197","0","32","52","4.49","0.0","3.74","3.74","7.73","0","0","8","0","0","0.0","0","0","0","0","0","0","","","","","","","","","","","","","371.0","0","","2026-08-09","246.0","371.0","2026-08-10","8","0","0","0","197","N","","",""
"2026-08-13","XJ2511403","X002G2SHAD","B0D2SM1YFW","TRHDFW Vintage Sweater Clips, Retro Cardigan Clips,Rhinestone Pearl Shawl Clip,Collar Clip,Back Cinch Clips,Dress Shawl ClipSweaters Connection Brooches for Women Girls Clothing Decoration(2Pcs)","New","16","0","0","18","0","0","0","0","0","GBP","2","11","15","23","Low traffic","4.29","0.0","4.29","0.0","NoRestockExcessActionRequired","2","3.31","7","0","19.33","1.96","0.001766","cubic feet","Apparel","0.028256","UK","gl_jewelry","296249","53","0","5","9","4.29","7.14","38.15","51.79","77.94","17","1","0","0","0","0.02","0","0","0","0","1","0","","","","","","","","","","","","","52.2","12","2026-08-14","2026-08-09","52.2","49.8","2026-08-10","16","0","1","0","56","N","","",""
"2026-08-13","XJ2511436-1","X002KKRIRJ","B0GY48BZ7L","AXNKDH Nylon Football Studs, Plastic Studs for Football Boots - Black","New","24","0","0","26","0","0","0","0","0","GBP","6","19","24","30","Low traffic","3.29","0.0","3.29","0.0","NoRestockExcessActionRequired","","","0","0","","2.31","0.003531","cubic feet","Footwear","0.084744","UK","gl_shoes","237098","40","0","5","10","3.29","16.44","52.06","66.08","82.04","26","0","0","0","0","","0","0","0","0","1","2","","","","","","","","","","","","","54.8","29","2026-08-12","2026-08-09","54.8","39.0","2026-08-10","24","0","1","0","41","N","","",""
"2026-08-13","XJ251193","X002FQHIMX","B0CTH78V7K","JYTDBCS 2Pack Hose Nozzles,Garden Hose Nozzles & Spray Guns,Garden Hose Gun to Adjust The Water Flow for Watering Plants Car Washing Shower Pet","New","15","0","0","15","0","0","0","0","0","GBP","0","7","7","10","Low traffic","5.09","0.0","5.09","0.0","NoRestockExcessActionRequired","0","0.0","0","0","60.77","0.86","0.003531","cubic feet","Standard","0.052965","UK","gl_home_improvement","140867","139","0","8","19","5.09","0.0","28.66","28.66","42.13","0","10","5","0","0","0.04","0","0","0","0","0","0","","","","","","","","","","","","","96.7","9","2026-08-22","2026-08-09","80.7","96.7","2026-08-10","15","0","0","0","139","N","","",""
"2026-08-13","XJ2511427","X002G2SEXD","B0D25X55GX","TRHDFW 2pcs Silicone Breast Pump, 17mm Silicone Breastpump Flange Insert Wearable Breast Pump Accessories Compatible with Medela/Spectra/TSRETE/Momcozy S9/S12/S9Pro/S12Pro","New","57","0","0","58","0","0","0","0","0","GBP","3","12","18","35","Low traffic","5.29","0.0","5.29","0.0","NoRestockExcessActionRequired","12","0.0","0","0","13.25","0.85","0.001326","cubic feet","Standard","0.075582","UK","gl_personal_care_appliances","14522","169","0","19","21","5.29","13.23","52.92","80.34","158.03","0","58","0","0","0","0.05","0","0","0","0","3","0","","","","","","","","","","","","","218.4","0","","2026-08-09","218.4","105.9","2026-08-10","57","2","1","0","179","N","","",""
"2026-08-13","XJ2511376-1","X002JAZBT7","B0GSFPHM34","AXNKDH Mobile Phone Charms Beaded Lanyard Cell Strap Charm Pearl Charm Wrist Strap Beaded Mobile Phone Pendant for Women Girls","New","12","0","0","12","0","0","0","0","0","GBP","3","17","20","22","Low traffic","3.49","0.0","3.49","0.0","CreateShippingPlan","0","0.0","0","0","27.75","1.83","0.003531","cubic feet","Apparel","0.042372","UK","gl_jewelry","","36","0","2","7","3.49","8.73","49.47","59.43","66.07","12","0","0","0","0","0.03","0","0","0","0","0","0","","","","","","","","","","","","","61.0","17","2026-08-10","2026-08-09","35.9","61.0","2026-08-10","12","0","0","0","36","N","","",""
"2026-08-13","XJ2511291","X002FRMV5B","B0D93XSLK2","JYTDBCS Nano Glass Foot File for Hard Skin,Foot File，Wet Dry Pedicure Foot Grater for Grater Dead/Hard/Cracked/Thick/Dry Skin","","0","0","0","0","0","2","0","0","0","GBP","0","0","0","1","","0.0","0.0","0.0","0.0","CreateShippingPlan","","","0","0","","0.15","0.0084","cubic feet","Standard","0.0","UK","gl_personal_care_appliances","202138","","0","","0","6.89","0.0","0.0","0.0","5.74","0","0","0","2","0","","0","0","0","0","1","0","2","0.02","0","0.0","0","0.0","0","0.0","0","0.0","0","0.0","","0","","","","470.0","2026-08-10","0","1","0","0","","N","","",""
"2026-08-13","XJ2511353","X002G2LTQR","B0CTTBTQ8Q","Funny Bookmark for Women Men Metal Bookmarks with Interesting Rude Words 'F… Im Reading' Stainless Stell Book Marks Present for Book Lovers Readers Best Friends Birthday Graduation Christmas Gifts…","New","89","22","0","118","0","0","0","0","0","GBP","29","94","128","173","","4.29","0.0","4.29","0.0","NoRestockExcessActionRequired","5","2.98","52","0","258.71","3.46","0.003141","cubic feet","Standard","0.279549","UK","gl_office_product","12049","54","0","7","12","4.29","103.53","335.58","456.15","609.8","118","0","0","0","0","0.1","80","0","80","0","1","0","","","","","","","","","","","","","16.9","116","2026-08-22","2026-08-09","15.4","16.9","2026-08-10","191","1","0","0","54","N","","",""
"2026-08-13","XJ250888","X002DX8KT3","B0FNK1PJKB","AXNKDH Blue Light Blocking Glasses Computer Screen Gaming Reading TR90 Eyewear Frame Clear Lens Anti Eyestrain Anti UV Unisex Lightweight Fashion Accessories for PC Phone Game","New","24","0","0","25","0","0","0","0","0","GBP","1","17","39","59","Low traffic","4.99","0.0","4.99","0.0","NoRestockExcessActionRequired","24","0.0","0","0","0.0","2.36","0.006186","cubic feet","Apparel","0.148464","UK","gl_apparel","100768","167","0","19","18","4.99","4.16","70.72","162.24","245.44","0","25","0","0","0","0.07","60","0","60","0","1","0","","","","","","","","","","","","","52.0","0","","2026-08-09","52.0","39.2","2026-08-10","84","1","0","0","169","N","","",""
"2026-08-13","XJ251088","X002FQB5MR","B0FXX864S3","AXNKDH 2Pcs Foldable Bag Holder, Non-Slip Silicone Base Food Prep Bag Rack, Adjustable Support Stand for Sandwich Freezer Storage Bags, Kitchen Organiser Gadget Green","New","27","0","0","0","27","0","0","0","0","GBP","3","3","3","3","Low traffic","5.79","0.0","5.79","0.0","Advertise listing","0","0.0","0","0","475.89","0.1","0.103512","cubic feet","Standard","2.794824","UK","gl_home","163811","180","27","36","117","5.79","14.46","14.46","14.46","14.46","0","0","0","0","0","1.95","0","0","0","0","0","0","","","","","","","","","","","","","2698.0","0","","2026-08-09","898.0","2698.0","2026-08-10","27","0","0","0","180","N","","",""
"2026-08-13","XJ2511325","X002FRQHND","B0DBDJ65S6","JYTDBCS Bath Loofah Sponge for Kids, Cute Body Scrubber Mesh Pouf Shower Ball Toddler Bath Loofahs Balls Shower Puff Loofah Sponge Pouf Exfoliating (2 Pack)","New","33","0","0","35","0","0","0","0","0","GBP","2","7","15","19","Low traffic","6.59","0.0","6.59","0.0","NoRestockExcessActionRequired","34","0.0","0","0","1.87","1.31","0.066491","cubic feet","Standard","2.194203","UK","gl_drugstore","68473","106","0","18","22","6.59","10.98","38.43","84.35","107.31","35","0","0","0","0","1.5","0","0","0","0","2","0","","","","","","","","","","","","","118.0","0","","2026-08-09","118.0","64.1","2026-08-10","33","2","0","0","111","N","","",""
"2026-08-13","XJ250878","X002DWKUBF","B0FND19PVY","AXNKDH Women Sunglasses Retro Round Polarized Glasses with UV400 Protection Lens Trendy Vintage Style","New","26","0","0","28","0","0","0","0","0","GBP","4","21","33","50","Low traffic","5.09","0.0","5.09","0.0","NoRestockExcessActionRequired","14","4.54","9","0","4.79","2.51","0.003531","cubic feet","Footwear","0.091806","UK","gl_shoes","121238","128","0","8","11","5.09","16.96","89.04","139.28","208.98","2","26","0","0","0","0.05","20","0","20","0","1","0","","","","","","","","","","","","","58.9","0","","2026-08-09","58.9","40.4","2026-08-10","46","1","0","0","132","N","","",""
"2026-08-13","XJ250925","X002DXCJ0J","B0FNG1CKZH","AXNKDH Polarised Semi-Rimless Sunglasses for Men Women, Classic Retro Half Frame Driving Sun Glasses UV400 Protection","New","65","37","0","56","0","0","0","0","0","GBP","7","33","74","97","Low traffic","4.79","0.0","4.79","0.0","NoRestockExcessActionRequired","23","3.99","15","0","133.3","2.89","0.003531","cubic feet","Footwear","0.229515","UK","gl_shoes","144612","148","0","7","8","4.79","27.93","131.67","288.82","371.84","18","38","0","0","0","0.19","0","0","0","0","2","0","","","","","","","","","","","","","70.2","0","","2026-08-09","70.2","33.0","2026-08-10","102","1","1","0","152","N","","",""
"2026-08-13","XJ2511249","X002FRGG1V","B0D7S4YBGB","JYTDBCS Anti-Static Bracelet Bangle Magnetic Sports Silicone Bracelet Waterproof Anti-Static Goods Static Reduction Size Adjustable Bangle Black (black1)","New","24","0","0","26","0","0","0","0","0","GBP","4","11","18","29","Low traffic","5.39","0.0","5.39","0.0","NoRestockExcessActionRequired","0","0.0","0","0","86.5","1.49","0.001889","cubic feet","Apparel","0.045336","UK","gl_jewelry","55742","83","0","8","10","5.39","17.96","49.39","80.99","130.38","0","26","0","0","0","0.03","0","0","0","0","2","0","","","","","","","","","","","","","90.8","8","2026-08-24","2026-08-09","90.8","84.3","2026-08-10","24","2","0","0","91","N","","",""
"2026-08-13","XJ250923","X002DXAXLL","B0FNG17Y2B","AXNKDH Oversized Square Frame Sunglasses Womens Ladies Retro Vintage Trendy Shades UV400","New","31","0","0","31","0","0","0","0","0","GBP","2","11","23","30","Low traffic","4.99","0.0","4.99","0.0","NoRestockExcessActionRequired","31","0.0","0","0","0.0","1.47","0.003531","cubic feet","Footwear","0.109461","UK","gl_shoes","296780","256","0","25","30","4.99","8.32","45.76","95.23","124.35","10","21","0","0","0","0.06","40","0","40","0","0","0","","","","","","","","","","","","","71.8","0","","2026-08-09","71.8","70.7","2026-08-10","71","0","0","0","256","N","","",""
"2026-08-13","XJ250830","X002DX8EPD","B0FNJJY2C1","AXNKDH Retro Pilot Sunglasses for Women Men 70s Square Vintage Oversized Double Bridge UV400 Protection","New","32","7","0","21","0","0","0","0","0","GBP","4","26","38","43","Low traffic","6.19","0.0","6.19","0.0","NoRestockExcessActionRequired","39","0.0","0","0","0.0","1.83","0.003531","cubic feet","Footwear","0.112992","UK","gl_shoes","142989","155","0","12","24","6.19","20.64","134.16","196.08","221.88","21","0","0","0","0","0.07","50","0","50","0","0","0","","","","","","","","","","","","","51.5","0","","2026-08-09","28.0","51.5","2026-08-10","89","0","0","0","155","N","","",""
"2026-08-13","XJ2511383","X002G2RK0B","B0D17SNDN1","TRHDFW 2 Pcs Onigiri Mould, Sushi Onigiri Mold with Spatula, Sushi Press Mold Triangle Shaped Onigiri Mold Sushi Making Kit, Sushi Gadgets Riceball Molder","New","48","0","0","48","0","0","0","0","0","GBP","0","2","11","25","Low traffic","5.17","0.0","5.29","0.0","NoRestockExcessActionRequired","46","0.0","0","0","0.0","1.0","9.89E-4","cubic feet","Standard","0.047472","UK","gl_kitchen","83785","366","0","96","24","5.29","0.0","8.94","50.3","114.3","30","15","3","0","0","0.03","0","0","0","0","0","0","","","","","","","","","","","","","161.3","0","","2026-08-09","161.3","62.2","2026-08-10","48","0","0","0","366","N","","",""
"2026-08-13","XJ2511313","X002FRK8I3","B0D7PT8CVW","2 Pcs Portable Pill Taker,Portable Pill Taker Remover,Pills Pack Opener Assistance Tool,pill popper, Tablet Pill Blister Pack Opener Assistance Tool,No Touch Easy to Take Pill Out,Portable Tablet Disp","New","30","0","0","30","0","0","0","0","0","GBP","0","0","34","45","Low traffic","6.09","0.0","6.09","0.0","NoRestockExcessActionRequired","30","0.0","0","0","0.1","3.23","0.01013","cubic feet","Standard","0.3039","UK","gl_drugstore","","366","0","","31","6.09","0.0","0.0","167.04","220.06","30","0","0","0","0","0.2","80","0","80","0","0","0","","","","","","","","","","","","","","0","","","","16.9","2026-08-10","110","0","0","0","366","N","","",""
"2026-08-13","XJ251201","X002GOBOGF","B0G4R3RQFT","Silk Hair Bonnet Black - Cap for Sleeping, Nets for in, Cover, Silk Head Scarf for - Comfortable Night Sleep Cap Wrap for Curly, Adjustable Tie Band Included","New","35","0","0","20","15","0","0","0","0","GBP","0","0","0","0","Low traffic","4.59","0.0","4.59","0.0","Advertise listing","4","0.0","0","0","73.7","0.0","0.003531","cubic feet","Apparel","0.123585","UK","gl_apparel","383619","366","31","","","4.59","0.0","0.0","0.0","0.0","20","0","0","0","0","0.07","0","0","0","0","0","0","","","","","","","","","","","","","","0","","","","1878.0","2026-08-10","35","0","0","0","366","N","","",""
"2026-08-13","XJ260159","X002I0DWS5","B0GJSQ9S6F","Funnel Mesh Food Filter 300 Mesh Fine Strainers Jam Filters Sieves Filter Kitchen Funnel Filters for Frying Oil, Juices, Wine 13 cm","New","38","0","0","39","0","0","0","0","0","GBP","1","5","6","16","Low traffic","6.09","0.0","6.09","0.0","NoRestockExcessActionRequired","1","0.0","0","0","113.9","0.62","0.003531","cubic feet","Standard","0.134178","UK","gl_biss","521570","195","0","30","30","6.09","5.07","25.35","30.42","83.79","0","39","0","0","0","0.09","0","0","0","0","1","0","","","","","","","","","","","","","207.3","0","","2026-08-09","207.3","137.3","2026-08-10","38","1","0","0","201","N","","",""
"2026-08-13","XJ251153","X002FQBI6Z","B0DCG5326T","JYTDBCS 4PCS Mini Sauce Containers,25ML Squeezy Sauce Bottles,Honey/soy sauce/Ketchup/Salad Squeezable Sauce Containers,Portable Mini Ketchup Bottle to Go with Screw Cap for Picnic,Work,School","New","17","0","0","17","0","0","0","0","0","GBP","8","23","47","55","Low traffic","4.89","0.0","4.89","0.0","NoRestockExcessActionRequired","17","0.0","0","0","0.0","3.79","0.002075","cubic feet","Standard","0.035275","UK","gl_home","217134","111","0","11","15","4.89","32.56","93.61","190.09","222.01","17","0","0","0","0","0.02","49","0","49","0","0","0","","","","","","","","","","","","","28.0","10","2026-09-02","2026-08-09","26.6","28.0","2026-08-10","66","0","0","0","111","N","","",""
"2026-08-13","XJ250886","X002DWUJXT","B0FND6MZ8M","AXNKDH Round Polarised Sunglasses for Men, Classic UV Protection Circle Glasses Women, Metal Frame","New","6","0","0","10","0","0","0","0","0","GBP","5","15","24","29","Low traffic","4.19","0.0","4.19","0.0","NoRestockExcessActionRequired","6","0.0","0","0","0.0","1.51","0.003531","cubic feet","Footwear","0.021186","UK","gl_shoes","257762","96","0","9","15","4.19","17.45","52.35","82.58","100.43","0","0","10","0","0","0.01","29","0","29","0","1","0","","","","","","","","","","","","","76.7","11","2026-09-04","2026-08-09","41.0","76.7","2026-08-10","35","0","1","0","100","N","","",""
"2026-08-13","XJ2511373","X002G2NB2H","B0CTMKZ4XB","Replacement Tips for slab Pencil 2nd Generation/ 1st Generation tips, iPencil Nibs Accessories for iPad Pro Pencil 2/1 Gen(4 Pack)","New","23","0","0","24","0","0","0","0","0","GBP","0","2","9","16","Low traffic","3.29","0.0","3.29","0.0","NoRestockExcessActionRequired","0","0.0","0","0","76.33","1.73","0.001765","cubic feet","Standard","0.040595","UK","gl_pc","","329","0","106","43","3.29","0.0","5.48","23.47","41.46","20","4","0","0","0","0.01","30","0","30","0","1","0","","","","","","","","","","","","","214.7","0","","2026-08-09","214.7","59.6","2026-08-10","53","0","1","0","336","N","","",""
"2026-08-13","XJ250934","X002DX3403","B0FNFNPYWY","AXNKDH Photochromic Driving Glasses - Photochromism Polarization Adjustable Nose Pad Non-Slip Temple For Sunny Cloudy Day Driving Fishing Golf Reduce Glare UV400 Eyes Protection","New","8","0","0","9","0","0","0","0","0","GBP","3","6","11","14","Low traffic","6.29","0.0","6.29","0.0","CreateShippingPlan","8","0.0","0","0","0.01","1.93","0.003531","cubic feet","Footwear","0.028248","UK","gl_shoes","308915","34","0","5","7","6.29","15.72","31.44","57.48","73.44","9","0","0","0","0","0.01","0","0","0","0","0","0","","","","","","","","","","","","","88.5","12","2026-08-12","2026-08-09","88.5","67.0","2026-08-10","8","0","0","0","34","N","","",""
"2026-08-13","XJ250932","X002DX4PUL","B0FNFR1QG8","AXNKDH Mens Photochromic Sunglasses Polarized for Driving Metal Frame with UVA UVB Protection","New","27","13","0","1","0","0","0","0","0","GBP","1","6","21","25","Low traffic","5.89","0.0","5.89","0.0","NoRestockExcessActionRequired","18","4.07","11","0","32.37","2.22","0.003531","cubic feet","Footwear","0.095337","UK","gl_shoes","307153","263","0","18","14","5.89","4.91","29.46","101.79","121.07","1","0","0","0","0","0.08","0","0","0","0","0","0","","","","","","","","","","","","","46.6","0","","2026-08-09","16.4","46.6","2026-08-10","40","0","0","0","263","N","","",""
"2026-08-13","XJ250836","X002DXAMSP","B0FNJC6XDT","AXNKDH Retro Oval Sunglasses for Women Men Round Vintage Metal Frame UV400 Protection","New","37","0","0","40","0","0","0","0","0","GBP","3","6","14","20","Low traffic","4.59","0.0","4.59","0.0","NoRestockExcessActionRequired","0","0.0","0","0","112.01","0.75","0.003531","cubic feet","Footwear","0.130647","UK","gl_shoes","640355","366","0","38","37","4.59","11.46","23.09","55.01","78.95","0","40","0","0","0","0.07","20","0","20","0","2","0","","","","","","","","","","","","","324.8","0","","2026-08-09","324.8","118.7","2026-08-10","57","2","0","0","366","N","","",""
"2026-08-13","XJ251145","X002FQDZX9","B0CTK57V2H","JYTDBCS Puppy Teething Toy Dog Teething Dental Chew Bone Gentle Rubber With Nubs And Ridge Extreme Lightweight Reusable Puppy Chew Toy For Cleaning Teeth Outdoor Pet Supplies","New","15","0","0","17","0","0","0","0","0","GBP","6","29","46","64","Low traffic","6.49","0.0","6.49","0.0","NoRestockExcessActionRequired","16","0.0","0","0","0.0","2.98","0.013503","cubic feet","Standard","0.202545","UK","gl_pet_products","20897","95","0","11","17","6.49","32.46","156.89","249.26","348.08","0","17","0","0","0","0.11","70","0","70","0","1","0","","","","","","","","","","","","","30.3","0","","2026-08-09","30.3","28.3","2026-08-10","85","1","0","0","96","N","","",""
"2026-08-13","XJ2511399-1","X002J6TOYT","B0GS1QW1N1","AXNKDH 2 Pcs Multifunctional Cleaning Brush with Liquid Storage Box, Soft Fibre Shoe Laundry Scrub Brush, Ergonomic Long Handle Hangable Cleaning Tool for Shoes Clothes Kitchen Bathroom Green White","New","5","0","0","6","0","0","0","0","0","GBP","13","47","64","75","Low traffic","4.99","0.0","4.99","0.0","NoRestockExcessActionRequired","0","4.39","9","0","11.28","3.89","0.036353","cubic feet","Standard","0.181765","UK","gl_home","92432","83","0","9","19","4.99","54.08","195.52","263.35","303.61","6","0","0","0","0","0.01","110","0","110","0","0","0","","","","","","","","","","","","","28.9","60","2026-09-06","2026-08-09","10.7","28.9","2026-08-10","115","0","0","0","83","N","","",""
"2026-08-13","XJ2511424-1","X002J6S8LT","B0GS1V4Z8V","2 Pairs Sneaker Crease Protectors Shoe Creases Protector Against Toe Box Shoe Creases Anti Guard for Air Force Shoes Toe Box & Wrinkles Running Casual Shoes - White (S)","New","54","0","0","50","8","0","0","0","0","GBP","2","6","14","23","Low traffic","4.89","0.0","4.89","0.0","NoRestockExcessActionRequired","12","3.75","21","0","76.55","0.59","0.003531","cubic feet","Standard","0.190674","UK","gl_sports","140275","218","42","36","30","4.89","8.14","24.42","56.66","91.38","20","30","0","0","0","0.13","0","0","0","0","4","0","","","","","","","","","","","","","292.3","0","","2026-08-09","292.3","121.4","2026-08-10","54","3","1","0","238","N","","",""
"2026-08-13","XJ250866","X002DX9MD1","B0FNFNPZVQ","AXNKDH Blue Light Blocking Glasses Semi Rimless Eyewear For Women Men Classic Retro Square Metal Frame Anti Eye Strain Gaming Computer Glasses","New","16","0","0","2","16","0","0","0","0","GBP","1","9","17","24","Low traffic","6.69","0.0","6.69","0.0","NoRestockExcessActionRequired","16","0.0","0","0","0.0","0.83","0.003531","cubic feet","Footwear","0.056496","UK","gl_shoes","120884","147","0","20","24","6.69","5.57","50.13","94.69","133.68","1","0","1","0","0","0.03","30","0","30","0","0","0","","","","","","","","","","","","","103.6","0","","2026-08-09","67.0","103.6","2026-08-10","46","0","0","0","147","N","","",""
"2026-08-13","XJ2511259","X002FRIK3X","B0D97VXM4W","JYTDBCS BBQ Tongs - Stainless Steel Heavy Duty Tongs for Charcoal, Fireplace, Camping & Kitchen Use","New","33","13","0","17","0","0","0","0","0","GBP","6","27","56","72","Low traffic","6.49","0.0","6.49","0.0","NoRestockExcessActionRequired","46","0.0","0","0","0.0","9.0","0.010948","cubic feet","Standard","0.361284","UK","gl_kitchen","38665","115","0","9","11","6.49","32.46","146.07","297.9","376.86","17","0","0","0","0","0.31","30","0","30","0","0","0","","","","","","","","","","","","","19.4","0","","2026-08-09","19.4","16.2","2026-08-10","76","0","0","0","115","N","","",""
"2026-08-13","XJ250811","X002DX8IYF","B0FNJPKYP3","AXNKDH 2 Pairs Slim Reading Glasses, Pocket Metal Frame Blue Light Blocking Glasses with Portable Pen Cases, Lightweight Stylish Compact Rectangle Readers Glasses for Men Women","New","50","0","0","51","0","0","0","0","0","GBP","7","17","28","43","Low traffic","6.99","0.0","6.99","0.0","NoRestockExcessActionRequired","50","0.0","0","0","0.0","0.96","0.003531","cubic feet","Apparel","0.17655","UK","gl_apparel","54055","78","0","11","15","6.99","40.74","98.94","162.96","250.26","24","27","0","0","0","0.09","0","0","0","0","0","0","","","","","","","","","","","","","154.1","11","2026-08-25","2026-08-09","154.1","109.0","2026-08-10","50","0","0","0","78","N","","",""
"2026-08-13","XJ260140","X002I0P7OR","B0GJZ91B8Y","Car Windshield Washer Fluid Cap,Windscreen Washer Bottle Caps,Windshield Wiper Reservoir Fluid Tank Cap,Car Wiper Reservoir Caps Cover 3Q0955455,Universal Wash Bottle Replacement Cover for Most Cars","New","41","6","0","47","0","0","0","0","0","GBP","2","25","37","53","","4.29","0.0","4.29","0.0","NoRestockExcessActionRequired","47","0.0","0","0","0.0","2.12","0.003531","cubic feet","Standard","0.144771","UK","gl_automotive","54927","71","0","6","10","4.29","7.14","89.25","131.45","186.01","31","16","0","0","0","0.11","0","0","0","0","0","0","","","","","","","","","","","","","33.9","20","2026-08-22","2026-08-09","33.9","32.4","2026-08-10","47","0","0","0","71","N","","",""
"2026-08-13","XJ2511347","X002G2QXH7","B0CZJMFSCR","2Pcs Travel Soap Case Soap Bar Travel Soap Dish with Lid Waterproof Leakproof Soap Box Container Holder Closable Soap Holder Portable Soap Dish Travel for Shower Travel","New","40","7","0","48","0","0","0","0","0","GBP","6","35","98","123","Low traffic","6.99","0.0","6.99","0.0","NoRestockExcessActionRequired","0","6.27","47","0","483.02","1.62","0.046359","cubic feet","Standard","1.85436","UK","gl_home","163315","159","0","13","12","6.99","34.92","198.51","530.6","658.54","48","0","0","0","0","1.51","80","0","80","0","1","0","","","","","","","","","","","","","49.2","0","","2026-08-09","12.6","49.2","2026-08-10","127","0","1","0","160","N","","",""
"2026-08-13","XJ251054-1","X002J9F83H","B0GS9BNF1B","AXNKDH 3 Pairs Bra Straps 40cm Elastic Detachable Adjustable Non-Slip Sew Dress Straps Hanging Neck Swimsuit Replacement Band Black Beige White Multi Color for Strapless Bra","New","42","0","0","45","0","0","0","0","0","GBP","0","10","22","33","Low traffic","5.49","0.0","5.69","0.0","NoRestockExcessActionRequired","0","5.29","9","0","87.48","1.86","0.005468","cubic feet","Apparel","0.229656","UK","gl_apparel","369225","178","0","16","16","5.69","0.0","47.4","103.77","153.56","45","0","0","0","0","0.08","0","0","0","0","3","0","","","","","","","","","","","","","111.8","0","","2026-08-09","111.8","57.6","2026-08-10","42","3","0","0","191","N","","",""
"2026-08-13","XJ2511398","X002G2PCBP","B0D1R512Z2","TRHDFW 2 Pack Applicator Bottle for Hair, 8.5oz Hair Color Applicator Bottle Twist-On Top Tip Cap Hair Oil Applicator, Plastic Squeeze Bottle Root Hair Dye Bottle with Graduated Scale","New","22","0","0","22","0","0","0","0","0","GBP","1","7","10","13","Low traffic","5.39","0.0","5.39","0.0","NoRestockExcessActionRequired","21","0.0","0","0","0.0","0.67","0.00332","cubic feet","Standard","0.07304","UK","gl_home","160782","76","0","12","22","5.39","4.49","31.43","44.9","59.36","0","16","6","0","0","0.04","0","0","0","0","0","0","","","","","","","","","","","","","144.4","3","2026-08-14","2026-08-09","134.0","144.4","2026-08-10","22","0","0","0","76","N","","",""
"2026-08-13","XJ251096","X002FQ2RWJ","B0FXX5SV3D","AXNKDH Evil Eye Bracelet - Handmade Blue Charm and Lucky Friendship Bracelet - 1 Piece","New","1","0","0","2","0","0","0","0","0","GBP","4","17","33","42","Low traffic","4.89","0.0","4.89","0.0","NoRestockExcessActionRequired","0","4.79","48","0","4.77","2.16","0.003531","cubic feet","Apparel","0.003531","UK","gl_jewelry","183537","118","0","12","15","4.89","16.28","69.19","133.19","169.1","0","2","0","0","0","0.0","50","0","50","0","0","0","","","","","","","","","","","","","44.9","0","","2026-08-09","22.6","44.9","2026-08-10","51","0","0","0","118","N","","",""
"2026-08-13","XJ2511343","X002FRLTKT","B0DBQD8HGY","JYTDBCS 30 Pairs Earplugs for Noise Cancelling Ultra Soft Foam Ear Plugs for Sleeping Snoring Noise Cancel Reusable Earplugs","New","17","0","0","0","19","0","0","0","0","GBP","2","17","21","23","Low traffic","5.09","0.0","5.09","0.0","NoRestockExcessActionRequired","0","0.0","0","0","174.21","0.64","0.052986","cubic feet","Standard","0.900762","UK","gl_drugstore","103834","58","0","4","9","5.09","8.48","70.72","88.18","97.0","0","0","0","0","0","0.63","0","0","0","0","1","0","","","","","","","","","","","","","154.8","9","2026-08-14","2026-08-09","57.5","154.8","2026-08-10","17","1","0","0","61","N","","",""
"2026-08-13","XJ2511301","X002FRNQ37","B0D9NR82LL","JYTDBCS 3Pcs Stainless Steel Ceramic Pointed Tweezers for Electronic Repair,Jewelry Making,Laboratory Work,High Temperature Resistant Insulated Clamping Tools","New","14","0","0","10","4","0","0","0","0","GBP","0","2","3","5","Low traffic","5.99","0.0","6.19","0.0","NoRestockExcessActionRequired","0","0.0","0","0","67.25","0.43","0.001377","cubic feet","Standard","0.019278","UK","gl_home_improvement","56394","84","0","28","36","6.19","0.0","10.32","15.64","27.12","0","10","0","0","0","0.01","0","0","0","0","0","0","","","","","","","","","","","","","180.2","2","2026-09-02","2026-08-09","157.7","180.2","2026-08-10","14","0","0","0","84","N","","",""
"2026-08-13","XJ250835","X002DXANED","B0FNJ5D8NY","AXNKDH Retro Pilot Sunglasses Women Men Polarised 70s Vintage Square Shades Double Bridge UV400","New","53","17","0","74","0","0","0","0","0","GBP","0","7","33","43","Low traffic","4.09","0.0","4.29","0.0","NoRestockExcessActionRequired","46","0.0","0","0","32.28","1.21","0.003531","cubic feet","Footwear","0.187143","UK","gl_shoes","361056","366","0","53","28","4.29","0.0","24.99","114.42","146.82","31","43","0","0","0","0.14","40","0","40","0","4","1","","","","","","","","","","","","","155.1","0","","2026-08-09","155.1","52.1","2026-08-10","110","4","0","0","366","N","","",""
"2026-08-13","XJ2511258","X002FRI5I3","B0F3GYVSFL","Unisex polarized UV-protection sports sunglasses, running glasses, lightweight stylish model for men and women, golf and fishing cycling sports sunglasses (black frame with black lenses)","New","16","0","0","20","0","0","0","0","0","GBP","2","8","31","44","Low traffic","7.29","0.0","7.29","0.0","NoRestockExcessActionRequired","16","0.0","0","0","0.0","2.2","0.032201","cubic feet","Footwear","0.515216","UK","gl_shoes","116015","316","0","38","22","7.29","12.14","48.73","187.89","263.55","0","20","0","0","0","0.01","60","0","60","0","3","1","","","","","","","","","","","","","77.1","0","","2026-08-09","77.1","33.6","2026-08-10","76","2","1","0","326","N","","",""
"2026-08-13","XJ260172","X002HZX867","B0GJSGG48V","AXNKDH Stepson Keyring, Stainless Steel Double Sided Engraved Keychain, Meaningful Bonus Son Keepsake Gift for Birthday Christmas Graduation from Stepmum Stepdad","New","13","0","0","15","0","0","0","0","0","GBP","0","4","5","5","Low traffic","3.49","0.0","3.69","0.0","NoRestockExcessActionRequired","0","0.0","0","0","48.55","0.34","0.003531","cubic feet","Apparel","0.045903","UK","gl_apparel","507333","238","0","13","33","3.69","0.0","12.28","15.94","15.94","0","0","15","0","0","0.03","0","0","0","0","2","0","","","","","","","","","","","","","313.6","0","","2026-08-09","130.3","313.6","2026-08-10","13","2","0","0","283","N","","",""
"2026-08-13","XJ2512011","X002GP82RD","B0G4TXVS3M","AXNKDH Polarized Sunglasses For Men, Suitable For Sports, Driving, Cycling","New","9","0","0","9","0","0","0","0","0","GBP","1","2","2","4","Low traffic","5.59","0.0","5.59","0.0","NoRestockExcessActionRequired","3","0.0","0","0","5.48","0.36","0.003531","cubic feet","Footwear","0.031779","UK","gl_shoes","161615","144","0","18","29","5.59","4.66","9.32","9.32","20.3","1","0","8","0","0","0.02","0","0","0","0","0","0","","","","","","","","","","","","","299.0","1","2026-08-09","2026-08-09","299.0","215.6","2026-08-10","9","0","0","0","144","N","","",""
"2026-08-13","XJ2511352","X002G2N217","B0CTSX8D4G","TRHDFW Low Back Bra Converter Straps,3 Pack Women Backless Bra Extension Adjustable Deep V Neck Strap for Lady Girl Backless Dress Wedding Party 1.9CM","New","37","0","0","41","0","0","0","0","0","GBP","1","9","14","24","Low traffic","4.79","0.0","4.79","0.0","NoRestockExcessActionRequired","37","0.0","0","0","0.0","1.35","0.013771","cubic feet","Apparel","0.509527","UK","gl_apparel","303454","185","0","16","20","4.79","3.99","35.91","56.37","97.97","40","0","1","0","0","0.27","0","0","0","0","3","0","","","","","","","","","","","","","330.0","0","","2026-08-09","330.0","103.4","2026-08-10","37","3","0","0","196","N","","",""
"2026-08-13","XJ2511375","X002G2P8GJ","B0CZJKDLHC","TRHDFW Sink Overflow Ring, 4 Pcs Sink Overflow Cover, Round Overflow Hole Cover, Basin Trim Drain Cap Cover, Sink Hole Overflow Cover, for Sink, Bathroom, Kitchen","New","50","0","0","51","0","0","0","0","0","GBP","0","0","4","11","Low traffic","4.49","0.0","4.49","0.0","Advertise listing","7","0.0","0","0","124.32","0.44","0.021306","cubic feet","Standard","1.0653","UK","gl_home","929937","366","0","","59","4.69","0.0","0.0","15.64","44.13","30","1","20","0","0","0.72","0","0","0","0","0","0","","","","","","","","","","","","","1129.0","0","","2026-08-09","1129.0","223.5","2026-08-10","50","0","0","0","366","N","","",""
"2026-08-13","XJ250819","X002DXBXLF","B0FNJ1MR94","AXNKDH Distance Glasses TR90 Blue Light Filtering Myopia, Light Myopia for Men and Women, Black 872","New","54","0","0","58","0","0","0","0","0","GBP","4","12","35","67","Low traffic","7.39","7.79","7.79","0.0","NoRestockExcessActionRequired","54","0.0","0","0","0.0","2.06","0.009642","cubic feet","Footwear","0.520668","UK","gl_shoes","73502","124","0","24","14","7.79","25.96","77.88","227.15","434.83","2","56","0","0","0","0.09","20","0","20","0","4","3","","","","","","","","","","","","","129.7","0","","2026-08-09","129.7","50.9","2026-08-10","74","4","0","0","127","N","","",""
"2026-08-13","XJ2511275","X002FRMK43","B0D7ZXCTHH","28-Piece Shoe Accessories Set, Crystal Rhinestone Shoe Decorations Charms, Women'S Sparkling Chain Shoe Pendants, Suitable For Crocs, Diy Crocs Accessories, Sparkling Ornaments, Charms","New","30","0","0","33","0","0","0","0","0","GBP","3","12","24","34","Low traffic","6.79","0.0","6.79","0.0","NoRestockExcessActionRequired","30","0.0","0","0","0.0","1.62","0.003531","cubic feet","Apparel","0.10593","UK","gl_jewelry","137503","85","0","10","11","6.79","16.98","67.92","135.3","191.0","21","12","0","0","0","0.06","0","0","0","0","1","0","","","","","","","","","","","","","93.7","13","2026-09-06","2026-08-09","93.7","49.3","2026-08-10","30","1","0","0","89","N","","",""
"2026-08-13","XJ2511429","X002G2UKM1","B0D14GGJT8","TRHDFW Silicone Soap Dish, Double Anti-Slip Self Draining Soap Holder, Portable Soap Drainer Dish Tray for Shower, Bathroom, Kitchen, Counter Top, Keep Soap Bars Dry, Easy Cleaning","New","22","0","0","22","0","0","0","0","0","GBP","1","7","8","9","Low traffic","3.39","0.0","3.39","0.0","NoRestockExcessActionRequired","0","0.0","0","0","70.81","0.44","0.003814","cubic feet","Standard","0.083908","UK","gl_home","351871","161","0","12","31","3.39","2.82","19.74","22.81","26.38","0","0","22","0","0","0.06","0","0","0","0","0","0","","","","","","","","","","","","","257.2","0","","2026-08-09","115.7","257.2","2026-08-10","22","0","0","0","161","N","","",""
"2026-08-13","XJ251199","X002FQHRFB","B0DBQH7H59","JYTDBCS 3Pcs White Set Whip Cream Dispenser Head Whipped Nozzle Mounting Mouth Base Tips Dinning Bar Whip Cream Special Head Cream Chargers and Whippers Kitchen Utensils and Gadgets","New","9","0","0","9","0","0","0","0","0","GBP","2","9","20","33","Low traffic","4.29","0.0","4.29","0.0","NoRestockExcessActionRequired","9","0.0","0","0","0.0","4.25","0.004746","cubic feet","Standard","0.042714","UK","gl_kitchen","354192","157","0","17","15","4.29","7.14","32.13","70.68","117.09","9","0","0","0","0","0.02","30","0","30","0","0","0","","","","","","","","","","","","","39.0","0","","2026-08-09","39.0","26.2","2026-08-10","39","0","0","0","157","N","","",""
"2026-08-13","XJ2511346","X002G2KL4X","B0CTSYVTW4","2 Pack Car Side Window Sunshades Universal Harmful UV Rays Sun Glare Heat Blocking for Baby Kids Pets, 44cm*36cm (Suction cup Stick)","New","56","3","0","64","0","0","0","0","0","GBP","5","19","59","94","","6.29","0.0","6.29","0.0","CreateShippingPlan","0","4.99","52","0","523.16","3.32","0.048363","cubic feet","Standard","2.708328","UK","gl_automotive","22753","230","0","11","7","6.29","26.2","99.56","305.2","480.41","41","23","0","0","0","1.99","0","0","0","0","5","0","","","","","","","","","","","","","55.6","0","","2026-08-09","55.6","17.2","2026-08-10","59","5","0","0","241","N","","",""
"2026-08-13","XJ2511266","X002FRMG5V","B0D9GQ6ZNX","JYTDBCS 60th Birthday Sash Tiara - Rose Gold Birthday Queen Tiara and Sash for Women, Rhinestone Crowns Kit for 60th Birthday Gifts, Crystal Tiara Satin Sash for 60th Birthday Party","New","23","0","0","10","15","0","0","0","0","GBP","0","1","4","5","Low traffic","6.99","0.0","7.19","0.0","NoRestockExcessActionRequired","2","0.0","0","0","170.98","0.2","0.049806","cubic feet","Apparel","1.145538","UK","gl_jewelry","185734","194","21","92","59","7.19","0.0","5.99","24.95","31.61","0","0","10","0","0","0.8","0","0","0","0","1","0","","","","","","","","","","","","","770.0","0","","2026-08-09","770.0","482.6","2026-08-10","23","1","0","0","202","N","","",""
"2026-08-13","XJ2511312","X002FRRINL","B0DB1YZDQB","JYTDBCS Stainless Steel Tea Strainer and Bowl, Ultra Fine Mesh Tea, Traditional Shape, Stainless Steel Arm, Includes: [1 Single Arm Tea Strainer, 1 Bowl], Safe, Durable","New","27","0","0","15","12","0","0","0","0","GBP","1","3","4","17","Low traffic","5.19","0.0","5.19","0.0","NoRestockExcessActionRequired","27","0.0","0","0","0.09","0.65","0.012013","cubic feet","Standard","0.324351","UK","gl_kitchen","237886","145","0","36","20","5.19","4.32","12.64","17.38","79.51","0","15","0","0","0","0.21","0","0","0","0","1","0","","","","","","","","","","","","","444.0","0","","2026-08-09","444.0","153.5","2026-08-10","27","1","0","0","149","N","","",""
"2026-08-13","XJ2511278","X002FRIRVX","B0D97HVM4F","Baby Nasal Aspirator - 3 PCS Bulb Syringe Nose Sucker for Newborn & Toddler Mucus Removal, Blue/Yellow/Pink","New","5","20","0","25","0","0","0","0","0","GBP","0","3","10","17","Low traffic","6.49","0.0","6.69","0.0","CreateShippingPlan","25","0.0","0","0","0.0","1.33","0.017721","cubic feet","Standard","0.088605","UK","gl_personal_care_appliances","26131","93","0","6","3","6.69","0.0","16.71","56.89","97.07","20","5","0","0","0","0.29","0","0","0","0","0","0","","","","","","","","","","","","","56.0","0","","2026-08-09","56.0","43.3","2026-08-10","25","0","0","0","93","N","","",""
"2026-08-13","XJ2511334","X002FR9S61","B0DB5SQDSQ","JYTDBCS 4-Piece Silicone Tart Tins - Round Pie Molds, Fluted Flan Baking Molds, Small Quiche Dishes (4.3 Inch)","New","26","0","0","28","0","0","0","0","0","GBP","2","6","16","25","Low traffic","6.79","0.0","6.79","0.0","NoRestockExcessActionRequired","26","0.0","0","0","0.0","1.49","0.008546","cubic feet","Standard","0.222196","UK","gl_kitchen","288691","85","0","17","13","6.79","11.32","34.12","92.32","143.26","28","0","0","0","0","0.14","0","0","0","0","2","0","","","","","","","","","","","","","113.9","1","2026-08-25","2026-08-09","113.9","68.7","2026-08-10","26","2","0","0","91","N","","",""
"2026-08-13","XJ2511273","X002FRMG2T","B0D7BHM29D","JYTDBCS Bicycle Reflector, 14 PCS Bike Reflectors Front and Back, Bicycle Wheel Spoke Reflectors Bracket with 8 m Reflector Band for Motorcycle Mountain Bike MTB Bicycle Children White Red Yellow","New","43","0","0","43","0","0","0","0","0","GBP","1","9","18","30","Low traffic","8.19","0.0","8.19","0.0","NoRestockExcessActionRequired","12","0.0","0","0","159.67","1.41","0.045386","cubic feet","Standard","1.951598","UK","gl_sports","112148","100","0","19","18","8.19","6.82","61.38","122.76","204.6","21","22","0","0","0","1.31","0","0","0","0","0","0","","","","","","","","","","","","","123.2","0","","2026-08-09","123.2","68.7","2026-08-10","43","0","0","0","100","N","","",""
"2026-08-13","XJ250916","X002DXCZTT","B0FNHTDJNJ","AXNKDH Rectangle Square Sunglasses for Women with UV400 Protection Trendy Frame 90s Sunglasses","New","32","0","0","34","0","0","0","0","0","GBP","4","12","25","29","Low traffic","4.39","0.0","4.39","0.0","NoRestockExcessActionRequired","19","0.0","0","0","6.41","1.84","0.003531","cubic feet","Footwear","0.112992","UK","gl_shoes","234892","188","0","10","14","4.39","14.64","44.56","92.86","107.5","34","0","0","0","0","0.06","0","0","0","0","2","0","","","","","","","","","","","","","106.1","0","","2026-08-09","106.1","69.4","2026-08-10","32","2","0","0","201","N","","",""
"2026-08-13","XJ251082","X002FPW5PJ","B0FXWHS869","AXNKDH Surgical Steel Belly Button Jewelry, Pack of 5, Body Piercing Jewelry","New","31","0","0","34","0","0","0","0","0","GBP","0","3","11","20","Low traffic","4.69","0.0","4.89","0.0","NoRestockExcessActionRequired","0","0.0","0","0","99.56","0.87","0.003531","cubic feet","Apparel","0.109461","UK","gl_jewelry","378514","144","0","41","20","4.89","0.0","12.38","46.3","84.46","0","34","0","0","0","0.08","0","0","0","0","2","0","","","","","","","","","","","","","256.5","0","","2026-08-09","256.5","86.5","2026-08-10","31","2","0","0","154","N","","",""
"2026-08-13","XJ2511244","X002FQRGON","B0D7C1NBXB","JYTDBCS Polarised UV Sunglasses for Men and Women - UV 400 Cycling Glasses, Wrapped Design, Lightweight, Stylish for Golf, Fishing and Sports","New","11","0","0","1","10","0","0","0","0","GBP","1","5","8","9","Low traffic","6.79","0.0","6.79","0.0","NoRestockExcessActionRequired","0","0.0","0","0","77.87","0.55","0.031249","cubic feet","Standard","0.343739","UK","gl_sports","111139","79","0","8","15","6.79","5.66","28.3","45.69","51.93","0","0","1","0","0","0.24","0","0","0","0","0","0","","","","","","","","","","","","","172.7","12","2026-08-06","2026-08-09","61.9","172.7","2026-08-10","11","0","0","0","79","N","","",""
"2026-08-13","XJ251086","X002FQAWET","B0FXWZGL14","AXNKDH 2 Silver Belly Bars 10mm Navel Ring Piercing Jewelry 14G Belly Button Bar Navel Ring, Abdominal Piercing, Belly Button Piercing Jewelry","New","23","5","0","13","0","0","0","0","0","GBP","5","15","33","36","Low traffic","3.79","0.0","3.79","0.0","NoRestockExcessActionRequired","28","0.0","0","0","0.0","5.14","0.003531","cubic feet","Apparel","0.081213","UK","gl_jewelry","224957","123","0","14","19","3.79","15.8","47.4","102.45","111.42","13","0","0","0","0","0.06","30","0","30","0","3","0","","","","","","","","","","","","","21.3","0","","2026-08-09","21.3","20.6","2026-08-10","58","3","0","0","126","N","","",""
"2026-08-13","XJ260147","X002I0XQJP","B0GJZXX7JY","AXNKDH Stroller Storage Bag, Universal Under Baby Stroller Organizer Basket for Pushchair, Pram, and Buggy, Bottom Hanging Storage Case for Shopping","New","64","1","0","71","0","0","0","0","0","GBP","1","13","53","67","Low traffic","7.2","0.0","7.2","0.0","NoRestockExcessActionRequired","65","0.0","0","0","0.0","2.62","0.03437","cubic feet","Standard","2.19968","UK","gl_luggage","31267","239","0","25","16","7.2","6.0","78.0","313.54","395.16","70","1","0","0","0","1.33","20","0","20","0","6","3","","","","","","","","","","","","","63.2","0","","2026-08-09","63.2","23.8","2026-08-10","85","6","0","0","257","N","","",""
"2026-08-13","XJ250901","X002DX33XV","B0FNFH1GCY","AXNKDH Glasses 5 Pack - Lightweight Impact Resistant Scratch Resistant Bendy Flexible Anti-Slip Oval 150 degrees","New","21","0","0","24","0","0","0","0","0","GBP","0","3","6","12","Low traffic","3.99","0.0","4.19","0.0","NoRestockExcessActionRequired","0","0.0","0","0","53.05","0.79","0.003531","cubic feet","Apparel","0.074151","UK","gl_apparel","180089","198","0","28","22","3.99","0.0","10.64","22.45","44.89","0","22","2","0","0","0.04","0","0","0","0","2","0","","","","","","","","","","","","","239.0","0","","2026-08-09","239.0","116.1","2026-08-10","21","2","0","0","220","N","","",""
"2026-08-13","XJ250814","X002DWL64P","B0FND23GX5","AXNKDH Retro Cat Eye Polarised Sunglasses for Women, UV400 Anti-Glare Shades, Hypoallergenic Acetate Frame, Brown Frame Grey Gradient Lens, Fashion Eyewear for Driving Beach Outdoor Daily Wear","New","36","0","0","36","5","0","0","0","0","GBP","2","5","13","17","Low traffic","5.09","0.0","5.09","0.0","NoRestockExcessActionRequired","17","3.9","11","0","20.55","0.71","0.003531","cubic feet","Footwear","0.127116","UK","gl_shoes","159911","343","19","28","27","5.09","8.48","21.54","55.96","72.6","36","0","0","0","0","0.07","0","0","0","0","2","0","","","","","","","","","","","","","312.3","0","","2026-08-09","312.3","127.5","2026-08-10","36","2","0","0","366","N","","",""
"2026-08-13","XJ2511428","X002G2OACH","B0CTTF5NVT","TRHDFW Clear for iPhone 13 Case/iPhone 14 Case, [Never Yellow] [Shockproof Mil-grade Protection] Protective Bumper Hard PC Phone Cases, Anti-Fingerprint Thin Slim Fit Cover,Clear","New","21","0","0","15","7","0","0","0","0","GBP","2","5","7","11","Low traffic","3.69","0.0","3.69","0.0","NoRestockExcessActionRequired","0","0.0","0","0","71.09","0.67","0.001695","cubic feet","Standard","0.035595","UK","gl_electronics","","74","0","16","24","3.69","6.14","15.35","22.08","35.72","15","0","0","0","0","0.02","0","0","0","0","1","0","","","","","","","","","","","","","173.5","7","2026-08-25","2026-08-09","173.5","159.9","2026-08-10","21","1","0","0","77","N","","",""
"2026-08-13","XJ2511272","X002FRJG3L","B0D8J3GC64","100 Pcs Curtain Track Gliders, Plastic White Curtain Hooks, Effortless Gliding Curtain Rail Slider Hooks Rollers for Window Door Shower Curtains","New","49","0","0","34","15","0","0","0","0","GBP","1","6","12","21","Low traffic","6.39","0.0","6.39","0.0","NoRestockExcessActionRequired","17","0.0","0","0","13.87","0.5","0.007127","cubic feet","Standard","0.349223","UK","gl_home","449670","215","32","32","30","6.39","5.32","31.92","64.69","114.27","2","31","1","0","0","0.23","0","0","0","0","0","0","","","","","","","","","","","","","252.8","0","","2026-08-09","252.8","142.0","2026-08-10","49","0","0","0","215","N","","",""
"2026-08-13","XJ2511360","X002G2QZ1V","B0CTWWRCWV","TRHDFW Cat Toy 4 Sponge Balls, Diameter-4.2 cm, Assorted Colours Sponge Balls, 4-Piece","New","7","0","0","8","0","0","0","0","0","GBP","1","5","7","12","Low traffic","4.49","0.0","4.49","0.0","CreateShippingPlan","2","0.0","0","0","0.94","1.3","0.00113","cubic feet","Standard","0.00791","UK","gl_pet_products","56121","39","0","5","7","4.49","3.74","18.7","26.18","45.73","0","0","8","0","0","0.0","0","0","0","0","1","0","","","","","","","","","","","","","93.9","9","2026-08-10","2026-08-09","61.4","93.9","2026-08-10","7","1","0","0","45","N","","",""
"2026-08-13","XJ2511339","X002FRYT8D","B0DBDDBQ2K","JYTDBCS 8pcs Interspace Toothbrush Heads, Compatible Electric Toothbrushes for Cleaning Crevices, Toothbrush Interspace Head，Bridges and Implants.","New","22","0","0","25","0","0","0","0","0","GBP","3","11","15","25","Low traffic","5.89","0.0","5.89","0.0","NoRestockExcessActionRequired","22","0.0","0","0","0.0","2.53","0.009036","cubic feet","Standard","0.198792","UK","gl_drugstore","49255","84","0","8","11","5.89","14.73","54.01","73.73","123.63","25","0","0","0","0","0.13","0","0","0","0","3","0","","","","","","","","","","","","","90.4","0","","2026-08-09","90.4","55.0","2026-08-10","22","2","1","0","96","N","","",""
"2026-08-13","XJ251152","X002FQDE4T","B0DBQF7F6M","JYTDBCS - Faucet Adapter, External Thread M16to External Thread M22 Faucet Converter, Faucet Aerator Adapter, Suitable for Connecting Aerators to Kitchen Faucets, (M16-M22),Thread Converter","New","28","0","0","30","0","0","0","0","0","GBP","2","16","33","53","Low traffic","4.59","0.0","4.59","0.0","NoRestockExcessActionRequired","28","0.0","0","0","0.0","4.0","0.002848","cubic feet","Standard","0.079744","UK","gl_home_improvement","97642","203","0","19","19","4.59","7.64","61.12","124.54","191.01","30","0","0","0","0","0.05","50","0","50","0","2","0","","","","","","","","","","","","","49.2","0","","2026-08-09","49.2","28.8","2026-08-10","78","2","0","0","208","N","","",""
"2026-08-13","XJ250856","X002DX89S5","B0FNJCB1JT","AXNKDH Retro Narrow Rectangle Sunglasses for Women Men Vintage 90s Small Metal Frame Square Glasses","New","21","0","0","23","0","0","0","0","0","GBP","2","8","15","29","Low traffic","4.19","0.0","4.19","0.0","NoRestockExcessActionRequired","21","0.0","0","0","0.0","1.49","0.003531","cubic feet","Footwear","0.074151","UK","gl_shoes","280203","98","0","10","9","4.19","6.98","27.92","52.35","99.06","0","23","0","0","0","0.04","0","0","0","0","0","0","","","","","","","","","","","","","71.3","1","2026-08-11","2026-08-09","71.3","69.2","2026-08-10","21","0","0","0","98","N","","",""
"2026-08-13","XJ260142","X002I0RH1X","B0GJZGC961","6 PCS Car Door Bumper Protection Pads, Door Sill Protectors Anti Collision Strip Edge Protector Suitable for General Car Doors, Bumpers (Black)","New","5","0","0","7","0","0","0","0","0","GBP","4","13","18","21","","4.79","0.0","4.79","0.0","NoRestockExcessActionRequired","5","0.0","0","0","0.0","1.68","0.003531","cubic feet","Standard","0.017655","UK","gl_automotive","18172","183","0","10","21","4.79","15.96","51.87","71.98","85.12","0","7","0","0","0","0.0","30","0","30","0","2","0","","","","","","","","","","","","","71.8","0","","2026-08-09","37.5","71.8","2026-08-10","35","2","0","0","194","N","","",""
"2026-08-13","XJ251071-1","X002J6KH9F","B0GS218L8R","AXNKDH Square Belt Buckle, Zinc Alloy Polished Replacement Buckle, Silver Solid Metal Belt Fastener Fits 38-40mm Strap, Universal DIY Accessory for Men Women Belts, Handbag Straps and Leather Crafts","New","45","0","0","50","0","0","0","0","0","GBP","2","6","13","19","Low traffic","4.89","0.0","4.89","0.0","NoRestockExcessActionRequired","0","0.0","0","0","102.62","0.77","0.003531","cubic feet","Apparel","0.158895","UK","gl_apparel","383353","162","0","30","30","4.89","8.14","24.42","53.94","78.9","50","0","0","0","0","0.1","0","0","0","0","4","0","","","","","","","","","","","","","195.0","0","","2026-08-09","195.0","100.4","2026-08-10","45","4","0","0","177","N","","",""
"2026-08-13","XJ250915","X002DWSI69","B0FND6718M","AXNKDH Women's Men's Small Square Sunglasses Hexagonal Frame","New","24","1","0","21","0","5","0","0","0","GBP","3","8","14","17","Low traffic","4.29","0.0","4.29","0.0","NoRestockExcessActionRequired","0","0.0","0","0","76.17","0.79","0.003531","cubic feet","Footwear","0.084744","UK","gl_shoes","349836","135","25","12","18","4.29","10.71","28.56","51.0","62.89","20","1","0","5","0","0.05","0","0","0","0","0","0","","","","","","","","","","","","","98.4","0","","2026-08-09","37.8","98.4","2026-08-10","25","0","0","0","135","N","","",""
"2026-08-13","XJ2511349","X002G2MVPZ","B0CTPZ25ZH","12 Pcs Replacement Silicone Gasket Seals for Jars, Glass Jar Rubber Seals Leak Proof Gasket Airtight Seals Ring Jar Rubber Seals for Mason Jar Lid Regular Wide Mouth Glass Jars Glass Clip Top Jars","New","34","0","0","35","0","0","0","0","0","GBP","0","3","5","19","Low traffic","4.09","0.0","4.29","0.0","NoRestockExcessActionRequired","1","3.29","44","0","58.22","0.83","0.001695","cubic feet","Standard","0.05763","UK","gl_home","717896","210","0","45","23","4.29","0.0","10.71","18.69","58.3","0","30","5","0","0","0.04","0","0","0","0","1","0","","","","","","","","","","","","","364.3","0","","2026-08-09","364.3","113.7","2026-08-10","34","1","0","0","217","N","","",""
"2026-08-13","XJ2511294","X002FRLB93","B0D9H447NN","JYTDBCS 4.3 Inch 2 Pcs Heavy Duty Cleat Hooks, 304 Stainless Steel Blind Cord Cleat Hook with Mounting Screws, Flagpoler Rope Cleat Hook Boat Mooring Accessories for Boats Yachts, Flagpole","New","31","6","0","0","17","0","0","0","0","GBP","1","5","14","22","Low traffic","5.49","0.0","5.49","0.0","NoRestockExcessActionRequired","1","0.0","0","0","75.28","0.77","0.004137","cubic feet","Standard","0.128247","UK","gl_home_improvement","128770","256","36","24","18","5.49","4.57","23.02","65.84","105.12","0","0","0","0","0","0.1","0","0","0","0","0","0","","","","","","","","","","","","","121.3","0","","2026-08-09","104.8","121.3","2026-08-10","37","0","0","0","256","N","","",""
"2026-08-13","XJ260111","X002I0K08P","B0GJX69QWJ","AXNKDH 3 Pairs White Cotton Gloves, Soft and Resuable Safety Works Glove, Thickened Stretchable Lining for Eczema,","New","15","0","0","17","0","0","0","0","0","GBP","4","22","28","43","Low traffic","3.89","0.0","3.89","0.0","NoRestockExcessActionRequired","0","0.0","0","0","34.04","3.02","0.003531","cubic feet","Standard","0.052965","UK","gl_biss","129273","66","0","8","13","3.89","12.96","71.28","90.72","133.77","0","17","0","0","0","0.04","30","0","30","0","2","0","","","","","","","","","","","","","36.7","17","2026-08-20","2026-08-09","36.7","26.8","2026-08-10","45","2","0","0","69","N","","",""
"2026-08-13","XJ250402","X0029UL4ON","B0F3CRP3MP","6 Pieces Egg Spoons Set, Stainless Steel, Classic, Perfect for Soft Boiled Eggs","New","61","9","0","77","0","0","0","0","0","GBP","8","28","61","73","Low traffic","8.99","0.0","8.99","0.0","NoRestockExcessActionRequired","70","0.0","0","0","5.54","2.41","0.013061","cubic feet","Standard","0.796721","UK","gl_kitchen","182695","106","0","13","16","8.99","59.92","209.72","456.89","546.77","77","0","0","0","0","0.58","30","0","30","0","3","2","","","","","","","","","","","","","36.3","0","","2026-08-09","36.3","30.1","2026-08-10","100","3","0","0","110","N","","",""
"2026-08-13","XJ2511267","X002FRK207","B0DBQ8P99K","2Pcs Bike Grips, Non-Slip Handlebar Grips, Professional Mountain Bicycle Grips with Soft Anti-Slip Rubber, Ideal for Long Rides","New","26","0","0","31","0","0","0","0","0","GBP","7","20","31","40","Low traffic","8.49","0.0","8.49","0.0","NoRestockExcessActionRequired","26","0.0","0","0","0.02","3.72","0.003531","cubic feet","Standard","0.091806","UK","gl_home_improvement","28049","117","0","13","21","8.49","49.49","141.4","217.57","279.76","31","0","0","0","0","0.14","40","0","40","0","0","0","","","","","","","","","","","","","84.9","1","2026-08-12","2026-08-09","84.9","47.8","2026-08-10","66","0","0","0","117","N","","",""
"2026-08-13","XJ251087","X002FQFWHB","B0FXX2CXYZ","Stroller Cup Holder, Universal Stroller Bike Stroller Cup Holder, 360 Degree Swivel Adjustable Beverage Coffee Bottle Organizer For Baby Bottles, Bikes And Drink Bottles","New","28","0","0","29","0","0","0","0","0","GBP","2","12","25","35","Low traffic","6.19","0.0","6.19","0.0","NoRestockExcessActionRequired","26","0.0","0","0","0.0","1.63","0.003531","cubic feet","Standard","0.098868","UK","gl_automotive","21904","159","0","24","27","6.19","10.32","62.08","131.75","186.65","0","29","0","0","0","0.06","46","0","46","0","0","0","","","","","","","","","","","","","83.7","0","","2026-08-09","83.7","62.2","2026-08-10","74","0","0","0","159","N","","",""
"2026-08-13","XJ2511328","X002FRQBR5","B0D8BGLY1Z","Pack of 2 Salad Servers, Stainless Steel Salad Serving Set, Salad Servers, Salad Spoon, Salad Fork,Salad Spoons","New","82","0","0","84","0","0","0","0","0","GBP","9","39","60","90","Low traffic","7.19","0.0","7.19","0.0","NoRestockExcessActionRequired","82","0.0","0","0","0.26","1.97","0.010412","cubic feet","Standard","0.853784","UK","gl_kitchen","108935","134","0","11","16","7.19","53.91","233.61","357.74","532.34","41","43","0","0","0","0.58","30","0","30","0","0","0","","","","","","","","","","","","","65.0","0","","2026-08-09","65.0","38.5","2026-08-10","112","0","0","0","134","N","","",""
"2026-08-13","XJ250868","X002DX8A9X","B0FNJKDBCT","AXNKDH Clip on Sunglasses, Blue Light Glasses & Driving Glasses, Fit Most Sizes","New","28","0","0","29","0","0","0","0","0","GBP","1","2","3","9","Low traffic","4.59","0.0","4.59","0.0","NoRestockExcessActionRequired","11","0.0","0","0","18.97","0.6","0.003531","cubic feet","Apparel","0.098868","UK","gl_apparel","275866","276","0","56","40","4.59","3.82","7.81","12.05","37.97","29","0","0","0","0","0.05","0","0","0","0","1","0","","","","","","","","","","","","","661.0","0","","2026-08-09","661.0","142.7","2026-08-10","28","1","0","0","285","N","","",""
"2026-08-13","XJ2511332","X002FRYE47","B0D8FHJXV2","4pcs Metal Sewing Thimbles for Finger, Metal Fingertip Protectors Thimbles,Quilting Accessories for Hand Quilting Embroidery Fingertip Shield thimbles Sewing Knitting DIY Tools(4 Colors)","New","37","0","0","42","0","0","0","0","0","GBP","3","10","23","43","Low traffic","4.29","0.0","4.29","0.0","NoRestockExcessActionRequired","37","0.0","0","0","0.0","1.66","0.00179","cubic feet","Standard","0.06623","UK","gl_kitchen","351380","81","0","14","11","4.29","10.71","35.87","83.26","150.51","21","21","0","0","0","0.04","0","0","0","0","4","0","","","","","","","","","","","","","136.9","11","2026-09-06","2026-08-09","136.9","58.1","2026-08-10","37","4","0","0","91","N","","",""
"2026-08-13","XJ2511341","X002FRLZI5","B0DBV9RTG4","JYTDBCS 2Pcs Disc Holder, 3 in 1 Disc Holder Tax Insurance PVC Holder For Car Van Truck Bike Windscreen (Black)","New","99","0","0","105","0","0","0","0","0","GBP","2","7","30","63","Low traffic","6.89","0.0","6.89","0.0","NoRestockExcessActionRequired","99","0.0","0","0","0.0","1.4","0.020393","cubic feet","Standard","2.018907","UK","gl_automotive","69960","183","0","56","20","6.89","11.48","40.18","171.4","347.98","62","43","0","0","0","1.32","0","0","0","0","6","0","","","","","","","","","","","","","909.3","0","","2026-08-09","909.3","472.9","2026-08-10","99","6","0","0","194","N","","",""
"2026-08-13","XJ251174","X002FQBPRH","B0DBQJBC29","JYTDBCS Bearded Dragon Leash Harness 3 Sizes Reptile Leather Harness Bearded Dragon Rope with Bat Wings Adjustable Reptiles Animals Harness for Small Medium and Large Reptiles Animals(S,M,L)","New","15","0","0","15","0","0","0","0","0","GBP","2","7","15","30","Low traffic","7.39","0.0","7.39","0.0","NoRestockExcessActionRequired","15","0.0","0","0","0.0","3.08","0.060554","cubic feet","Standard","0.90831","UK","gl_pet_products","29815","195","0","31","23","7.39","12.32","43.12","92.04","181.38","0","15","0","0","0","0.59","40","0","40","0","0","1","","","","","","","","","","","","","67.9","0","","2026-08-09","67.9","42.4","2026-08-10","55","0","0","0","195","N","","",""
"2026-08-13","XJ260103","X002I04D6Z","B0GJSK88LQ","Knitting Needle Gauge Crochet Needle Measure Knitting Needle Measure Knitting Tool Ruler Wooden Gauge 2-15mm for Measuring Knitting Grade 15x15cm","New","30","0","0","25","7","0","0","0","0","GBP","1","1","1","2","Low traffic","4.59","0.0","4.59","0.0","Advertise listing","30","0.0","0","0","0.0","0.06","0.003531","cubic feet","Standard","0.10593","UK","gl_home_improvement","1404894","366","0","120","195","4.59","3.82","3.82","3.82","8.23","20","0","5","0","0","0.07","0","0","0","0","1","0","","","","","","","","","","","","","","0","","","","1457.0","2026-08-10","30","1","0","0","366","N","","",""
"2026-08-13","XJ2511229","X002FQ33G3","B0D8HS5W6H","6PcsJYTDBCS Letter napkin rings Metal napkin buckle electroplated napkin ring Western restaurant cloth mouth ring，gold napkin rings","New","27","0","0","28","0","0","0","0","0","GBP","3","8","11","23","Low traffic","5.09","0.0","5.09","0.0","NoRestockExcessActionRequired","0","0.0","0","0","54.79","1.2","0.004727","cubic feet","Standard","0.127629","UK","gl_home","395886","119","0","13","15","5.09","12.72","33.92","47.23","99.41","20","8","0","0","0","0.09","0","0","0","0","1","0","","","","","","","","","","","","","138.3","0","","2026-08-09","138.3","72.8","2026-08-10","27","1","0","0","121","N","","",""
"2026-08-13","XJ260156","X002I1RVH7","B0GK6PDTNN","Braid Headband Stretchable Plaited Headband Adjustable Braided Twist Hair Bands Hairband Braided Fashion Plait Hair Accessories Dark Brown","New","38","0","0","44","0","0","0","0","0","GBP","3","10","21","32","Low traffic","4.79","0.0","4.79","0.0","NoRestockExcessActionRequired","0","0.0","0","0","165.31","1.73","0.003531","cubic feet","Standard","0.134178","UK","gl_beauty","107815","107","0","15","15","4.79","11.97","39.9","84.19","126.28","44","0","0","0","0","0.09","0","0","0","0","2","0","","","","","","","","","","","","","140.3","0","","2026-08-09","140.3","62.0","2026-08-10","38","2","0","0","112","N","","",""
"2026-08-13","XJ251144","X002FQG10N","B0DBQF9WDC","JYTDBCS Adjustable Escape Proof Cat Kitten Harness for Walking, Breathable Vest for Small Cats, Comes with Leash Set","New","10","0","0","11","0","0","0","0","0","GBP","6","9","14","15","Low traffic","5.49","0.0","5.49","0.0","Advertise listing","0","0.0","0","0","38.76","1.44","0.016541","cubic feet","Standard","0.16541","UK","gl_pet_products","40353","283","0","26","52","5.49","27.42","41.98","66.61","71.93","11","0","0","0","0","0.12","50","0","50","0","0","1","","","","","","","","","","","","","97.1","0","","2026-08-09","61.3","97.1","2026-08-10","60","0","0","0","283","N","","",""
"2026-08-13","XJ250904","X002DWQ7OT","B0FND6RTF4","AXNKDH Sunglasses, anti-glare and anti-fatigue, made of TR90 material, suitable for travel and outdoor sports, amber lenses with black frame","New","20","0","0","21","0","0","0","0","0","GBP","1","2","9","11","Low traffic","4.59","0.0","4.59","0.0","NoRestockExcessActionRequired","0","0.0","0","0","39.68","1.13","0.003531","cubic feet","Footwear","0.07062","UK","gl_shoes","123170","209","0","40","23","4.59","3.82","7.64","36.31","44.45","20","0","1","0","0","0.04","0","0","0","0","0","0","","","","","","","","","","","","","104.7","0","","2026-08-09","104.7","63.7","2026-08-10","20","0","0","0","209","N","","",""
"2026-08-13","XJ260146","X002I1X44L","B0GK5R6KWZ","2 PCS Adjustable Elastic Fastening Straps for Luggage, Bag Straps for Crossbody, Bag Strap, Durable Luggage Strap for Suitcases, Attach Bags, Portable Travel Accessory for Easy Movement (2 Black)","New","16","0","0","18","0","0","0","0","0","GBP","3","5","6","7","Low traffic","4.73","0.0","4.73","0.0","NoRestockExcessActionRequired","0","0.0","0","0","36.78","0.51","0.003531","cubic feet","Standard","0.056496","UK","gl_automotive","238069","71","0","12","29","4.73","11.82","19.7","24.06","28.42","0","11","7","0","0","0.04","0","0","0","0","1","0","","","","","","","","","","","","","226.8","9","2026-09-02","2026-08-09","161.5","226.8","2026-08-10","16","0","1","0","76","N","","",""
"2026-08-13","XJ2511214","X002FQI3EF","B0DBQDL2L8","JYTDBCS 45mm Air Filter Foam Cleaner Quad Scooter Dirt Pit Bike Black","New","5","0","0","5","0","0","0","0","0","GBP","2","11","18","24","Low traffic","8.99","0.0","8.99","0.0","NoRestockExcessActionRequired","5","0.0","0","0","0.0","6.86","0.02231","cubic feet","Standard","0.11155","UK","gl_automotive","33127","258","0","20","29","8.99","14.98","82.39","134.82","179.76","5","0","0","0","0","0.05","50","0","50","0","0","0","","","","","","","","","","","","","26.2","0","","2026-08-09","26.2","19.2","2026-08-10","55","0","0","0","258","N","","",""
"2026-08-13","XJ2511336","X002FRKKKJ","B0DBQJ7ZQY","JYTDBCS Flowers Cell Phone Charm Pendant, Flowerdecoration Lanyard Cute Pocket Keychain Hanging Decor for PhoneCar Key Purse (Purple)","New","33","0","0","34","0","0","0","0","0","GBP","4","12","26","38","","7.19","0.0","7.19","0.0","NoRestockExcessActionRequired","33","0.0","0","0","0.0","1.29","0.006519","cubic feet","Apparel","0.215127","UK","gl_jewelry","","174","0","21","21","7.19","23.96","72.39","158.63","232.55","2","32","0","0","0","0.14","30","0","30","0","0","0","","","","","","","","","","","","","109.7","0","","2026-08-09","109.7","68.6","2026-08-10","63","0","0","0","174","N","","",""
"2026-08-13","XJ251163","X002FQGBJ9","B0DB5Q9S29","JYTDBCS Natural Stone Beaded Phone Charm Crystal Lanyard for Women - Handmade Crystal Strap","New","9","0","0","10","0","0","0","0","0","GBP","9","31","47","66","","5.79","0.0","5.79","0.0","NoRestockExcessActionRequired","9","0.0","0","0","0.0","4.64","0.003531","cubic feet","Apparel","0.031779","UK","gl_jewelry","","97","0","8","13","5.79","43.38","149.42","226.54","318.12","2","8","0","0","0","0.01","60","0","60","0","0","0","","","","","","","","","","","","","31.4","8","2026-08-20","2026-08-09","31.4","25.5","2026-08-10","69","0","0","0","97","N","","",""
"2026-08-13","XJ2511242","X002FQI8XV","B0D8HSJMMV","JYTDBCS 4Pcs Battery Terminal Insulator Covers, Red and Black Positive Negative Insulating Stud Covers Battery Terminal Protector Soft Rubber Insulator Post Cap for Automotive Motorcycle Truck","New","9","19","0","23","0","0","0","0","0","GBP","1","3","9","19","Low traffic","4.89","0.0","5.09","0.0","CreateShippingPlan","28","0.0","0","0","0.0","1.43","0.002064","cubic feet","Standard","0.018576","UK","gl_biss","","213","0","12","6","5.09","4.24","12.72","38.32","81.52","13","10","0","0","0","0.04","0","0","0","0","2","0","","","","","","","","","","","","","176.5","0","","2026-08-09","176.5","47.8","2026-08-10","28","2","0","0","228","N","","",""
"2026-08-13","XJ2511241","X002FQI9QH","B0D9D9TJ4K","2Pcs JYTDBCS Disposable Plastic Tweezers First aid kit Accessory Plastic Tweezers","New","24","0","0","20","6","0","0","0","0","GBP","3","9","11","12","Low traffic","4.69","0.0","4.69","0.0","NoRestockExcessActionRequired","8","0.0","0","0","6.71","0.39","0.012633","cubic feet","Standard","0.303192","UK","gl_home_improvement","38918","303","46","24","58","4.69","11.73","35.19","43.09","47.41","0","0","20","0","0","0.2","30","0","30","0","2","0","","","","","","","","","","","","","331.7","0","","2026-08-09","131.0","331.7","2026-08-10","54","2","0","0","318","N","","",""
"2026-08-13","XJ251157","X002FQDGSN","B0DBZHNB67","JYTDBCS 4 Pcs Nail Brushes, Nail Cleaning Brush Plastic Handle Scrubbing Brush Eco Friendly Fingernail Brush with Soft Bristles Nail Manicure Dust Brush for Hand Toes Nail Home Garden Salon use","New","17","0","0","18","0","0","0","0","0","GBP","20","34","37","44","Low traffic","4.89","0.0","4.89","0.0","CreateShippingPlan","4","0.0","0","0","14.13","3.57","0.017145","cubic feet","Standard","0.291465","UK","gl_beauty","34637","29","0","2","5","4.89","81.4","138.38","150.93","180.61","18","0","0","0","0","0.18","0","0","0","0","0","0","","","","","","","","","","","","","37.1","31","2026-08-11","2026-08-09","31.4","37.1","2026-08-10","17","0","0","0","29","N","","",""
"2026-08-13","XJ2511247","X002FRMSIB","B0DBV9TDZP","JYTDBCS 12 Pcs Limpets for Caravan Awning, Van Side Fix Pads Kit, High Grip Suction Cups Glass Suction Pads PVC for Motorhome Campervan Van Canopy and Hanging Organiser","New","58","3","0","62","0","0","0","0","0","GBP","11","50","72","98","","9.99","0.0","9.99","0.0","NoRestockExcessActionRequired","61","0.0","0","0","0.0","3.73","0.033295","cubic feet","Standard","1.93111","UK","gl_automotive","11289","215","0","12","20","9.99","91.52","416.0","597.84","812.08","62","0","0","0","0","0.54","99","0","99","0","1","1","","","","","","","","","","","","","33.8","0","","2026-08-09","33.8","24.5","2026-08-10","160","1","0","0","216","N","","",""
"2026-08-13","XJ250907","X002DX4M1D","B0FNFZWPYV","AXNKDH Classic Style Sunglasses Retro UV400 Protection Unisex Sports","New","28","0","0","29","0","0","0","0","0","GBP","1","19","41","67","Low traffic","4.59","0.0","4.59","0.0","NoRestockExcessActionRequired","0","3.09","52","0","96.75","4.62","0.003531","cubic feet","Footwear","0.098868","UK","gl_shoes","137344","231","0","16","15","4.59","3.82","72.58","154.02","241.59","29","0","0","0","0","0.06","50","0","50","0","0","0","","","","","","","","","","","","","41.5","0","","2026-08-09","41.5","28.7","2026-08-10","78","0","0","0","231","N","","",""
"2026-08-13","XJ250909","X002DW9J4J","B0FNBYDN76","AXNKDH Polarized Sports Sunglasses for Outdoor Cycling Driving Golf Running Fishing, Superlight Frame Eyewear Sun Glasses UV400 Unisex","New","31","0","0","32","0","0","0","0","0","GBP","8","29","52","64","Low traffic","5.39","0.0","5.39","0.0","NoRestockExcessActionRequired","30","0.0","0","0","0.0","2.29","0.003531","cubic feet","Standard","0.109461","UK","gl_sports","29129","163","0","11","16","5.39","35.92","130.21","233.48","287.36","0","32","0","0","0","0.07","50","0","50","0","1","1","","","","","","","","","","","","","44.4","0","","2026-08-09","44.4","41.0","2026-08-10","81","1","0","0","166","N","","",""
"2026-08-13","XJ251155","X002FQAVAT","B0D8FK5MJC","JYTDBCS Silicone finger pullers Grip strengtheners Finger stretchers flexion vein trainers gripster finger grip strengthener","New","11","0","0","0","12","0","0","0","0","GBP","1","4","10","12","Low traffic","6.79","0.0","6.79","0.0","NoRestockExcessActionRequired","0","0.0","0","0","75.4","0.65","0.027088","cubic feet","Standard","0.297968","UK","gl_sports","55087","366","31","31","33","6.79","5.66","22.64","57.35","69.33","0","0","0","0","0","0.21","20","0","20","0","1","0","","","","","","","","","","","","","218.0","0","","2026-08-09","106.5","218.0","2026-08-10","31","1","0","0","366","Y","Holiday Season","2026-09-26","2027-01-01"
"2026-08-13","XJ251194","X002FQ2LQL","B0DB5NVGLM","JYTDBCS 8 pcs Multifunction Beer Bottle Starter Oral Liquid Vial Manual Can Opener Tool, Vial Opener,Silver","New","49","0","0","49","0","0","0","0","0","GBP","0","1","6","16","Low traffic","5.19","0.0","5.39","0.0","NoRestockExcessActionRequired","49","0.0","0","0","0.0","0.59","0.004406","cubic feet","Standard","0.215894","UK","gl_kitchen","710521","366","0","196","39","5.39","0.0","4.49","27.35","73.95","21","19","9","0","0","0.14","0","0","0","0","0","0","","","","","","","","","","","","","639.0","0","","2026-08-09","639.0","159.9","2026-08-10","49","0","0","0","366","N","","",""
"2026-08-13","XJ251181","X002FQBQ5N","B0D7LT91PQ","10Pcs Small Stainless Steel Carabiner 304 Stainless Steel Heavy Duty Carabiners M3.5 Locking Carabiners Quick Chain Link Key Ring Clips with Screw for Camping Hiking Swing Hammock","New","32","0","0","32","0","0","0","0","0","GBP","9","27","33","48","Low traffic","6.59","0.0","6.59","0.0","NoRestockExcessActionRequired","32","0.0","0","0","0.0","2.21","8.0E-4","cubic feet","Standard","0.0256","UK","gl_sports","","56","0","4","8","6.59","49.41","148.23","181.17","266.07","20","12","0","0","0","0.02","0","0","0","0","0","0","","","","","","","","","","","","","72.3","26","2026-08-16","2026-08-09","72.3","53.4","2026-08-10","32","0","0","0","56","N","","",""
"2026-08-13","XJ2511369-1","X002J7ZH3Z","B0GS5NXFN2","AXNKDH 3 Pcs Triangle Sushi Onigiri Mold Set, Reusable Plastic Rice Ball Maker with Rice Spoon, 2 Different Sizes Non-Stick Sushi Press Mould for Home Kitchen DIY Japanese Food Making, Yellow","New","29","0","0","20","9","0","0","0","0","GBP","0","1","1","4","Low traffic","4.69","0.0","4.89","0.0","Advertise listing","0","0.0","0","0","63.34","0.2","0.003531","cubic feet","Standard","0.102399","UK","gl_kitchen","1370301","366","29","116","94","4.89","0.0","4.07","4.07","18.8","5","15","0","0","0","0.07","0","0","0","0","0","0","","","","","","","","","","","","","857.0","0","","2026-08-09","857.0","390.8","2026-08-10","29","0","0","0","366","N","","",""
"2026-08-13","XJ2511324","X002FRMHC3","B0DBDMP3JM","JYTDBCS Ghost Skull Balaclava Skeleton Costume Full Head Ski Snood Mask Knitted Windproof Warmer Headwear for Bike Skateboard Motorcycle Snowboard Outdoor Sport Skull Mask Balaclava Black","New","11","0","0","12","0","0","0","0","0","GBP","4","8","24","32","Low traffic","7.29","0.0","7.29","0.0","NoRestockExcessActionRequired","0","5.83","52","0","135.8","3.64","0.06392","cubic feet","Apparel","0.70312","UK","gl_apparel","187945","88","0","20","16","7.29","24.28","48.56","145.07","192.99","12","0","0","0","0","0.4","30","0","30","0","1","0","","","","","","","","","","","","","58.0","14","2026-09-02","2026-08-09","58.0","29.3","2026-08-10","41","1","0","0","91","Y","Halloween","2026-09-26","2026-11-06"
"2026-08-13","XJ260137","X002I1XT7N","B0GK6STHXG","AXNKDH 2 Pieces Plastic Wallet Insert Credit Card Holder with 20 Pages 20 Slots, 9.7 x 7.5 cm, Transparent","New","25","0","0","30","0","0","0","0","0","GBP","0","2","6","10","Low traffic","3.46","0.0","3.66","0.0","NoRestockExcessActionRequired","25","0.0","0","0","0.0","0.51","0.003531","cubic feet","Standard","0.088275","UK","gl_luggage","651904","205","0","50","32","3.66","0.0","6.1","18.46","30.98","0","20","10","0","0","0.06","0","0","0","0","5","0","","","","","","","","","","","","","302.0","0","","2026-08-09","302.0","180.5","2026-08-10","25","5","0","0","247","N","","",""
"2026-08-13","XJ260110","X002I0C0G5","B0GJTNFDK5","4 Pcs Star Hairpins,Five Pointed,Rhinestone Hair Clips Elegant Duckbill Clips,Bride Wedding Hair Clips for Women Girls,Elegant Duckbill Clips Star Hairpins","New","29","24","0","53","0","0","0","0","0","GBP","1","2","13","17","Low traffic","4.39","0.0","4.39","0.0","NoRestockExcessActionRequired","0","4.22","9","0","108.47","0.91","0.003531","cubic feet","Standard","0.102399","UK","gl_beauty","112270","314","0","58","22","4.39","3.66","7.32","46.68","60.96","50","0","3","0","0","0.13","0","0","0","0","0","0","","","","","","","","","","","","","633.0","0","","2026-08-09","633.0","78.0","2026-08-10","53","0","0","0","314","Y","Holiday Season","2026-10-31","2027-01-09"
"2026-08-13","XJ2511262","X002FQRQHF","B0D8FBC9H8","Childrens Handlebar Grips Soft Non-Slip Bicycle Handle Grips Children's Bike Handlebars Scooter Motorbike Grips Rubber Handle Cover Universal Kids Bike Grips for Kids Boys Girls (green)","New","20","0","0","25","0","0","0","0","0","GBP","1","30","47","65","","5.29","0.0","5.29","0.0","NoRestockExcessActionRequired","4","4.49","9","0","48.95","2.83","0.009764","cubic feet","Standard","0.19528","UK","gl_outdoors","46256","152","0","12","18","5.29","4.41","132.3","207.27","283.59","3","22","0","0","0","0.08","70","0","70","0","5","0","","","","","","","","","","","","","34.3","0","","2026-08-09","34.3","31.9","2026-08-10","90","4","1","0","163","N","","",""
"2026-08-13","XJ2511323","X002FRKDL5","B0DBZCWDW8","JYTDBCS False Eyelashes with Clear Band Half Lashes Natural Look 10 Pairs Cat Eye Wispy Corner Lashes Reusable 3/4 Transparent Fake Lashes","New","29","0","0","30","0","0","0","0","0","GBP","4","8","24","36","Low traffic","5.69","0.0","5.69","0.0","NoRestockExcessActionRequired","29","0.0","0","0","0.0","2.48","0.012164","cubic feet","Standard","0.352756","UK","gl_beauty","59468","175","0","29","21","5.69","18.96","38.09","115.52","170.36","30","0","0","0","0","0.22","30","0","30","0","1","0","","","","","","","","","","","","","265.0","0","","2026-08-09","265.0","56.3","2026-08-10","59","0","1","0","179","N","","",""
"2026-08-13","XJ251063","X002FQ73EB","B0CWCRKJ7T","RSYHVG 2Pcs Cuttlefish Holder Stand Bird Parrot Cuttlebone Holder for Feeding Pet Birds Parrots Parakeets Cockatoos Lovebirds Green Cheek Chicks and Finches Container to Place Various foods","","1","0","0","20","0","0","0","0","0","GBP","0","0","3","9","","0.0","0.0","0.0","0.0","GoToStranded","","","0","0","","0.84","0.003531","cubic feet","Standard","0.003531","UK","gl_pet_products","145138","81","0","","1","5.69","0.0","0.0","14.46","43.55","20","0","0","0","0","","0","0","0","0","17","0","","","","","","","","","","","","","","0","","","","129.6","2026-08-10","1","17","0","0","366","N","","",""
"2026-08-13","XJ2511298","X002FQSCTB","B0D91L1ZP2","JYTDBCS Hair Nets for Buns, 20Pcs Hair Bun Nets Blonde with 20Pcs U Shaped Hair Pins for Buns, Hair Bun Net Set Elastic Edge Mesh Invisible Ballet Hair Net，bun nets，hair bun pins，hair bun net","New","50","10","0","31","5","0","0","0","0","GBP","0","1","21","33","Low traffic","4.49","0.0","4.69","0.0","NoRestockExcessActionRequired","60","0.0","0","0","0.0","0.95","0.0076","cubic feet","Standard","0.38","UK","gl_beauty","69767","334","0","320","31","4.69","0.0","3.91","87.35","137.27","1","30","0","0","0","0.3","30","0","30","0","5","0","","","","","","","","","","","","","364.3","0","","2026-08-09","364.3","83.7","2026-08-10","90","5","0","0","359","N","","",""
"2026-08-13","XJ2511277","X002FRQTF9","B0CTHLRTM4","JYTDBCS 2pcs Valve Lapping Grinding Stick Tool, Double Ended Valve Hand Lapping Grinding Stick with Suction Cup, Manual Grinding Stick Valve Lapper Tool Dual-End Suction Cup Lap Stick for Car Vehicle","New","37","0","0","37","0","0","0","0","0","GBP","1","10","29","46","Low traffic","7.29","0.0","7.29","0.0","NoRestockExcessActionRequired","37","0.0","0","0","0.85","2.53","0.016546","cubic feet","Standard","0.612202","UK","gl_biss","64474","176","0","26","18","7.47","6.07","60.7","174.03","273.06","30","7","0","0","0","0.4","30","0","30","0","0","0","","","","","","","","","","","","","114.8","0","","2026-08-09","114.8","42.4","2026-08-10","67","0","0","0","176","N","","",""
"2026-08-13","XJ2511295","X002FRIQCN","B0D8FH1TBF","Soft Non-Slip Children's Cycling Grips - Universal Blue Rubber Handle Cover for Kids Boys Girls","New","41","0","0","45","0","0","0","0","0","GBP","4","13","27","38","Low traffic","6.09","0.0","6.09","0.0","NoRestockExcessActionRequired","39","0.0","0","0","0.0","1.25","0.006551","cubic feet","Standard","0.268591","UK","gl_outdoors","41677","63","0","12","14","6.09","20.29","65.92","136.1","190.99","31","14","0","0","0","0.14","0","0","0","0","3","0","","","","","","","","","","","","","121.4","27","2026-08-29","2026-08-09","121.4","72.3","2026-08-10","41","3","0","0","69","N","","",""
"2026-08-13","XJ2511263","X002FRJTID","B0DCG36MKH","JYTDBCS Bangs Curling iron Simple Hand Curl 50mm (2 sets) Hand Curl Curling Iron Simple Thick Korean Style Extra large Easy Curl Hook Hair Aluminum core Fashion small face Effect Fluffy Hair dryer Sho","New","42","0","0","42","0","0","0","0","0","GBP","8","22","47","70","Low traffic","6.89","0.0","6.89","0.0","NoRestockExcessActionRequired","42","0.0","0","0","0.0","4.06","8.55E-4","cubic feet","Standard","0.03591","UK","gl_beauty","38413","67","0","10","10","6.89","45.92","126.28","274.03","409.96","42","0","0","0","0","0.02","15","0","15","0","0","0","","","","","","","","","","","","","49.9","23","2026-08-20","2026-08-09","49.9","24.3","2026-08-10","57","0","0","0","67","N","","",""
"2026-08-13","XJ250920","X002DWVEO7","B0FND6GF5Z","AXNKDH Rimless Rectangle Sunglasses UV400 Protection Antiglare Fashion Frameless Square Glasses for Women Men","New","41","0","0","41","0","0","0","0","0","GBP","3","18","32","53","Low traffic","5.79","0.0","5.79","0.0","NoRestockExcessActionRequired","41","0.0","0","0","0.0","1.96","0.003531","cubic feet","Footwear","0.144771","UK","gl_shoes","238214","114","0","15","17","5.79","14.46","86.76","154.24","248.81","0","41","0","0","0","0.07","30","0","30","0","0","1","","","","","","","","","","","","","77.2","0","","2026-08-09","77.2","44.6","2026-08-10","71","0","0","0","114","N","","",""
"2026-08-13","XJ250922","X002DXCIUZ","B0FNFNPWXH","AXNKDH Clip On Night Driving Glasses for Men Women, Polarised Anti Glare HD Vision for Low Light Conditions","New","19","0","0","20","0","0","0","0","0","GBP","0","0","0","1","Low traffic","3.59","0.0","3.59","0.0","Advertise listing","0","0.0","0","0","51.35","0.1","0.003531","cubic feet","Footwear","0.067089","UK","gl_shoes","1467924","366","0","","247","3.59","0.0","0.0","0.0","3.74","19","1","0","0","0","0.04","0","0","0","0","1","0","","","","","","","","","","","","","","0","","","","762.0","2026-08-10","19","1","0","0","366","Y","Winter","2026-10-31","2027-03-13"
"2026-08-13","XJ2511200","X002FQ2U5X","B0D7LXL6BK","2 Pcs Bottle Opener Durable Multi Purpose Butterfly can Opener Paint can Opener Can Opener Multi-Function Manual Tin Opener for Kitchen Dining Room and Bar","New","55","0","0","57","0","0","0","0","0","GBP","0","3","12","25","Low traffic","4.59","0.0","4.79","0.0","NoRestockExcessActionRequired","0","3.06","52","0","171.33","0.68","0.005898","cubic feet","Standard","0.32439","UK","gl_kitchen","143956","288","0","73","28","4.79","0.0","11.97","47.16","94.74","0","57","0","0","0","0.23","0","0","0","0","2","0","","","","","","","","","","","","","585.3","0","","2026-08-09","585.3","136.6","2026-08-10","55","2","0","0","301","N","","",""
"2026-08-13","XJ2511317","X002FRLHUV","B0DBKL93P7","JYTDBCS Golf Ball Retriever Suction Cup Picker Grip Pick Up Tool Value, Golf Ball Retriever Sucker Grabber Back Saver Put On Putter Grip for Golfers","New","60","0","0","60","0","0","0","0","0","GBP","1","10","17","28","Low traffic","6.39","0.0","6.39","0.0","NoRestockExcessActionRequired","8","6.08","21","0","11.49","0.88","0.040853","cubic feet","Standard","2.45118","UK","gl_sports","90663","202","0","24","27","6.39","5.32","53.2","90.44","147.2","31","29","0","0","0","1.6","0","0","0","0","0","0","","","","","","","","","","","","","168.5","0","","2026-08-09","168.5","98.3","2026-08-10","60","0","0","0","202","N","","",""
"2026-08-13","XJ260145","X002I0V2AZ","B0GK12C921","4 Sets Parcel Shelf Clips, Fit for Nissan Juke F15 2010-2023 799161KA2A Compatible with Nissan Infiniti ESQ 2010-2023, Black Rear Luggage Fastening Bracket Clips","New","39","0","0","39","0","0","0","0","0","GBP","2","12","31","49","Low traffic","5.99","0.0","5.99","0.0","NoRestockExcessActionRequired","39","0.0","0","0","0.0","2.76","0.003531","cubic feet","Standard","0.137709","UK","gl_biss","30242","90","0","13","10","5.99","9.98","59.88","154.69","244.51","39","0","0","0","0","0.09","0","0","0","0","0","0","","","","","","","","","","","","","115.8","15","2026-08-25","2026-08-09","115.8","40.6","2026-08-10","39","0","0","0","90","N","","",""
"2026-08-13","XJ2511269","X002FRJAS7","B0DBQGRP9H","JYTDBCS Rhinestone Dangle Earrings Drop Earrings Wedding Bridesmaids Gift Drop Dangle Tear Drop Earrings Long Tear Drop Earings for Party Festival Wedding Black Earrings","New","70","1","0","76","0","0","0","0","0","GBP","5","13","38","65","","6.99","0.0","6.99","0.0","NoRestockExcessActionRequired","72","0.0","0","0","0.0","2.0","0.002198","cubic feet","Apparel","0.15386","UK","gl_jewelry","213168","118","0","22","14","6.99","29.1","75.66","221.16","378.3","59","17","0","0","0","0.1","2","0","2","0","5","0","","","","","","","","","","","","","108.2","0","","2026-08-09","108.2","40.1","2026-08-10","73","5","0","0","121","N","","",""
"2026-08-13","XJ251098","X002FQIDOF","B0FXX61DYR","3 Pcs Sealing Wax Melting Spoons Vintage Wax Spoon with Wooden Handle Wax Sticks Beads Spoon for Arts Crafts Wax Sealing Stamp","New","22","0","0","20","3","0","0","0","0","GBP","2","11","19","29","Low traffic","6.39","0.0","6.39","0.0","NoRestockExcessActionRequired","23","0.0","0","0","0.0","1.03","0.003531","cubic feet","Standard","0.077682","UK","gl_biss","347627","124","0","18","23","6.39","10.64","58.52","101.08","154.28","0","20","0","0","0","0.05","30","0","30","0","0","0","","","","","","","","","","","","","88.8","0","","2026-08-09","67.2","88.8","2026-08-10","52","0","0","0","124","N","","",""
"2026-08-13","XJ260101","X002HZVJ45","B0GJSJBJ2Q","Gaming Mouse Pad Custom,Periodic Table by Chemistry Elements for Classroom Geek Science Lovers Non-Slip Thick Rubber Large Mousepad","New","18","0","0","19","0","0","0","0","0","GBP","2","4","5","7","Low traffic","5.69","0.0","5.69","0.0","NoRestockExcessActionRequired","18","0.0","0","0","0.11","0.35","0.014927","cubic feet","Standard","0.268686","UK","gl_electronics","59837","141","0","18","33","5.69","9.48","18.96","24.12","34.76","0","0","19","0","0","0.04","0","0","0","0","1","0","","","","","","","","","","","","","312.0","0","","2026-08-09","210.3","312.0","2026-08-10","18","1","0","0","149","Y","Holiday Season","2026-10-31","2027-01-09"
"2026-08-13","XJ250936","X002DWBOY7","B0FNBV1L7M","AXNKDH Sports Polarized Sunglasses For Men Cycling Driving Fishing UV400 Protection, A1 Black Red Frame Red Mirrored Lens","New","19","0","0","20","0","0","0","0","0","GBP","3","14","23","35","Low traffic","5.99","0.0","5.99","0.0","CreateShippingPlan","19","0.0","0","0","0.08","1.97","0.003531","cubic feet","Standard","0.067089","UK","gl_sports","60821","76","0","5","7","5.99","14.97","69.86","114.29","173.21","0","20","0","0","0","0.04","0","0","0","0","0","0","","","","","","","","","","","","","75.8","7","2026-08-14","2026-08-09","75.8","43.0","2026-08-10","19","0","0","0","76","N","","",""
"2026-08-13","XJ2511292","X002FRMCMX","B0D8F8Y5KF","Non-Slip Bicycle Handle Grips Children's Bike Handlebars Scooter Handle Grips Rubber Handle Cover Universal Kids Bike Grips for Kids Boys Girls，kids handlebar grips，pink handlebar grips","New","13","0","0","16","0","0","0","0","0","GBP","4","13","16","24","Low traffic","5.69","0.0","5.69","0.0","NoRestockExcessActionRequired","13","0.0","0","0","0.0","1.76","0.008797","cubic feet","Standard","0.114361","UK","gl_outdoors","62282","122","0","13","23","5.69","18.96","61.62","75.84","114.4","1","15","0","0","0","0.06","30","0","30","0","1","0","","","","","","","","","","","","","69.3","3","2026-09-04","2026-08-09","69.3","49.4","2026-08-10","43","1","0","0","124","N","","",""
"2026-08-13","XJ2511289","X002FRL6U7","B0DCG6GWZC","JYTDBCS Adjustable Shower Head Holder Removable Suction Cup Shower Head Bracket No Drill Shower Head Bracket with Chrome Polished for Bathroom","New","6","0","0","6","0","0","0","0","0","GBP","2","10","15","19","Low traffic","5.69","0.0","5.69","0.0","CreateShippingPlan","0","0.0","0","0","31.1","2.71","0.002207","cubic feet","Standard","0.013242","UK","gl_home_improvement","","23","0","2","4","5.69","9.48","47.4","71.1","90.06","0","6","0","0","0","0.01","0","0","0","0","0","0","","","","","","","","","","","","","40.8","16","2026-08-10","2026-08-09","40.8","36.9","2026-08-10","6","0","0","0","23","Y","Fall","2026-08-29","2026-11-27"
"2026-08-13","XJ250861","X002DX3T9J","B0FNFG4HZF","AXNKDH Blue Light Glasses Kids Teens, Anti Blue Light with Black Frames Red Temples, Suitable for Games TV Mobile Phones","New","19","0","0","16","6","0","0","0","0","GBP","1","6","10","17","Low traffic","5.19","0.0","5.19","0.0","NoRestockExcessActionRequired","19","0.0","0","0","0.0","0.62","0.003531","cubic feet","Footwear","0.067089","UK","gl_shoes","104473","68","0","12","14","5.19","4.32","25.92","44.38","78.75","0","0","16","0","0","0.03","0","0","0","0","3","0","","","","","","","","","","","","","141.4","7","2026-09-04","2026-08-09","99.6","141.4","2026-08-10","19","3","0","0","77","Y","Holiday Season","2026-11-07","2027-04-17"
"2026-08-13","XJ251091","X002FQDIJZ","B0FXWZV91C","AXNKDH Fashion Sunflower Slim Business Ties for Men - Holiday Weddings & Formal Parties (8 cm wide)","New","17","0","0","17","1","0","0","0","0","GBP","1","3","6","10","Low traffic","6.29","0.0","6.29","0.0","NoRestockExcessActionRequired","17","0.0","0","0","44.76","0.57","0.003531","cubic feet","Apparel","0.060027","UK","gl_apparel","584801","68","0","22","22","6.29","5.24","15.72","31.44","52.4","2","0","15","0","0","0.03","0","0","0","0","1","0","","","","","","","","","","","","","288.5","0","","2026-08-09","288.5","198.6","2026-08-10","17","1","0","0","70","N","","",""
"2026-08-13","XJ251180","X002FQGYK5","B0D93GFLSH","Embroidery Fabric Patches - Iron-On/Seam-Fastened, British Style Decorative Stickers for DIY Upcycling on Clothing, Backpacks, Hats, and More","New","13","0","0","0","13","0","0","0","0","GBP","2","4","5","6","Low traffic","3.49","0.0","3.49","0.0","NoRestockExcessActionRequired","0","0.0","0","0","47.69","0.34","0.001905","cubic feet","Standard","0.024765","UK","gl_office_product","215643","105","13","13","28","3.49","5.82","11.64","14.55","17.96","0","0","0","0","0","0.02","0","0","0","0","0","0","","","","","","","","","","","","","313.6","0","","2026-08-09","156.7","313.6","2026-08-10","13","0","0","0","105","N","","",""
"2026-08-13","XJ2511391","X002G2SDZR","B0D2XQCFQX","TRHDFW Integrated form non-slip cat claw shape stainless steel clip Hotel outdoor meeting leaf tablecloth clamp adjustable,tablecloth clips,table cloth clip","New","55","0","0","55","0","0","0","0","0","GBP","2","5","26","36","Low traffic","5.49","0.0","5.49","0.0","NoRestockExcessActionRequired","0","3.82","52","0","197.77","2.15","0.007628","cubic feet","Standard","0.41954","UK","gl_lawn_and_garden","45830","251","0","44","19","5.49","9.14","22.85","112.35","147.24","55","0","0","0","0","0.29","0","0","0","0","0","0","","","","","","","","","","","","","74.5","0","","2026-08-09","74.5","19.7","2026-08-10","55","0","0","0","251","N","","",""
"2026-08-13","XJ2511389","X002G2R6Y1","B0D117NJHM","TRHDFW 2Pcs Cuttlefish Holder Stand Bird Parrot Cuttlebone Holder for Feeding Pet Birds Parrots Parakeets Cockatoos Lovebirds Green Cheek Chicks and Finches Container to Place Various foods","New","24","0","0","15","11","0","0","0","0","GBP","0","0","2","4","Low traffic","5.89","0.0","5.89","0.0","NoRestockExcessActionRequired","24","0.0","0","0","0.0","0.17","0.002387","cubic feet","Standard","0.057288","UK","gl_pet_products","135537","231","0","","78","5.89","0.0","0.0","10.64","21.45","0","0","15","0","0","0.04","0","0","0","0","2","0","","","","","","","","","","","","","","0","","","","572.3","2026-08-10","24","2","0","0","251","N","","",""
"2026-08-13","XJ250871","X002DXD6ZL","B0FNJ5DCLM","AXNKDH 3 Pack Blue Light Blocking, Round Frame, Light Weight Clear Lens Reading Glasses for Women & Men; Computer Glasses, Anti-Glare Eyeglasses","New","38","0","0","40","10","0","0","0","0","GBP","0","2","5","11","Low traffic","4.99","0.0","5.19","0.0","NoRestockExcessActionRequired","38","0.0","0","0","0.0","0.44","0.003531","cubic feet","Apparel","0.134178","UK","gl_apparel","147768","186","0","76","44","4.99","0.0","8.64","22.35","50.11","40","0","0","0","0","0.07","0","0","0","0","11","0","","","","","","","","","","","","","666.5","0","","2026-08-09","666.5","206.6","2026-08-10","38","11","0","0","276","N","","",""
"2026-08-13","XJ250885","X002DX8GXX","B0FNJ923YV","AXNKDH Retro Thick Rectangle Chunky Sunglasses Women Men Trendy Square Black Shades Tortie Frame Fashion 90s Glasses","New","75","11","0","86","0","0","0","0","0","GBP","6","34","59","83","Low traffic","6.79","0.0","6.79","0.0","NoRestockExcessActionRequired","86","0.0","0","0","0.0","1.92","0.003531","cubic feet","Footwear","0.264825","UK","gl_shoes","145761","235","0","17","22","6.79","33.96","192.44","333.94","469.78","61","25","0","0","0","0.16","70","0","70","0","0","0","","","","","","","","","","","","","37.2","0","","2026-08-09","37.2","33.7","2026-08-10","156","0","0","0","235","N","","",""
"2026-08-13","XJ2511270","X002FRJGK9","B0DBDLLS6X","JYTDBCS Bandana 3 Pack Multi-Purpose Cotton Paisley Bandanas Scarf Headband Face Mask Neckerchief Handkerchief union jack Camouflage For Men Women Kids","New","3","0","0","7","0","0","0","0","0","GBP","2","9","14","18","Low traffic","5.59","0.0","5.59","0.0","NoRestockExcessActionRequired","3","0.0","0","0","0.0","1.66","0.032094","cubic feet","Apparel","0.096282","UK","gl_apparel","415916","161","0","14","23","5.59","9.32","41.94","65.24","84.2","7","0","0","0","0","0.02","30","0","30","0","4","0","","","","","","","","","","","","","66.4","0","","2026-08-09","33.0","66.4","2026-08-10","33","4","0","0","180","N","","",""
"2026-08-13","XJ2511361","X002G2MV7D","B0CZ3NQGN6","TRHDFW scrub daddy caddy Funny Face Sponge Holder 1 Pack Suction Holder for Kitchen Bathroom Sink Designed for Round Funny Sponges with Suction Cup Installation Dishwasher Safe(Sponges Not Included)","New","15","0","0","16","0","0","0","0","0","GBP","0","2","3","4","Low traffic","6.49","0.0","6.29","0.0","CreateShippingPlan","15","0.0","0","0","0.0","0.34","0.004966","cubic feet","Standard","0.07449","UK","gl_home","486796","54","0","30","48","6.29","0.0","11.14","17.13","23.12","0","0","16","0","0","0.05","0","0","0","0","1","0","","","","","","","","","","","","","256.0","10","2026-08-31","2026-08-09","256.0","238.5","2026-08-10","15","1","0","0","56","N","","",""
"2026-08-13","XJ2511366","X002G2OR6L","B0D22NG7FW","TRHDFW 1 Pcs 3 Way Shower Diverter Valve M22 X M24 Tap Adapter for Dishwashers Washing Machines Shower Nozzles in Kitchen Sink Tap and Bathroom Ordinary Shower Hoses or Water Supply Hoses","New","29","0","0","31","0","0","0","0","0","GBP","7","15","21","29","Low traffic","6.09","0.0","6.09","0.0","NoRestockExcessActionRequired","29","0.0","0","0","0.0","0.92","0.007474","cubic feet","Standard","0.216746","UK","gl_home_improvement","54357","40","0","7","13","6.09","35.49","76.05","107.82","153.74","0","30","1","0","0","0.01","0","0","0","0","1","3","","","","","","","","","","","","","132.2","34","2026-08-11","2026-08-09","130.1","132.2","2026-08-10","29","1","0","0","41","N","","",""
"2026-08-13","XJ250850","X002DXAXP7","B0FNFJV2WS","AXNKDH Polarised Sunglasses for Women Men, Trendy Square Shades, Ultralight Hexagon Metal Frame UV400 Protection Sun Glasses","New","32","0","0","41","0","0","0","0","0","GBP","6","15","27","43","Low traffic","4.69","0.0","4.69","0.0","NoRestockExcessActionRequired","32","0.0","0","0","0.18","1.46","0.003531","cubic feet","Footwear","0.112992","UK","gl_shoes","183321","94","0","8","9","4.69","23.46","58.65","105.03","163.59","1","40","0","0","0","0.06","0","0","0","0","4","0","","","","","","","","","","","","","139.7","5","2026-08-12","2026-08-09","139.7","59.8","2026-08-10","32","4","0","0","110","N","","",""
"2026-08-13","XJ250849","X002DXAPO1","B0FNJLBLK2","AXNKDH Retro Chunky Square Sunglasses for Men Women, 80s Vintage Thick Frame Eyewear, UV400 Protection Orange Frame Yellow Lens, Mid-Century Modern Fashion Glasses for Outdoor Driving Travel","New","23","0","0","25","0","0","0","0","0","GBP","1","3","8","13","Low traffic","5.39","0.0","5.39","0.0","NoRestockExcessActionRequired","0","0.0","0","0","104.71","1.07","0.003531","cubic feet","Footwear","0.081213","UK","gl_shoes","644663","222","0","30","23","5.39","4.49","13.47","36.77","60.87","20","5","0","0","0","0.05","0","0","0","0","0","0","","","","","","","","","","","","","175.5","0","","2026-08-09","175.5","93.7","2026-08-10","23","0","0","0","222","N","","",""
"2026-08-13","XJ2511380-1","X002J82XR7","B0GS5NY1NG","AXNKDH 100Pcs Bullet Clutch Earring Backs, Gold & Silver Padded Plastic Earring Safety Stoppers, 10.1x6.1mm Hypoallergenic Secure Locking Replacement Backs for Women Jewellery Stud Earrings","New","16","0","0","16","0","0","0","0","0","GBP","1","4","12","19","Low traffic","3.99","0.0","3.99","0.0","NoRestockExcessActionRequired","0","3.89","9","0","36.96","1.8","0.003531","cubic feet","Standard","0.056496","UK","gl_office_product","444783","145","0","36","24","3.99","3.32","13.28","39.04","59.41","16","0","0","0","0","0.04","20","0","20","0","0","0","","","","","","","","","","","","","104.0","1","2026-08-11","2026-08-09","104.0","46.7","2026-08-10","36","0","0","0","145","N","","",""
"2026-08-13","XJ2511398-1","X002J6LUS7","B0GS22SMQ3","AXNKDH 2-pack Hair Dye Bottle, 8.5oz Capacity, Screw Cap, Plastic, Graduated Measuring Cup","New","27","21","0","34","0","0","0","0","0","GBP","3","22","38","51","Low traffic","5.69","0.0","5.69","0.0","NoRestockExcessActionRequired","0","5.49","9","0","100.8","3.85","0.003531","cubic feet","Standard","0.095337","UK","gl_home","104129","86","0","8","11","5.69","14.22","104.28","179.03","238.61","34","0","0","0","0","0.12","20","0","20","0","0","0","","","","","","","","","","","","","24.5","14","2026-08-24","2026-08-09","24.5","23.4","2026-08-10","68","0","0","0","86","N","","",""
"2026-08-13","XJ250894","X002DX31UL","B0FNF97B6J","AXNKDH Polarised Fit-over Sunglasses Women Round Frame Over Glasses with UV Protection","New","42","0","0","46","0","0","0","0","0","GBP","5","7","9","18","Low traffic","5.19","0.0","5.19","0.0","NoRestockExcessActionRequired","42","0.0","0","0","0.0","0.41","0.003531","cubic feet","Footwear","0.148302","UK","gl_shoes","589925","366","0","24","30","5.19","21.6","30.24","39.22","79.63","0","32","14","0","0","0.07","0","0","0","0","2","0","","","","","","","","","","","","","777.0","0","","2026-08-09","777.0","218.1","2026-08-10","42","2","0","0","366","N","","",""
"2026-08-13","XJ2511306","X002FRQD7D","B0D8HNPX7K","JYTDBCS Zinc Alloy Western Denim Vintage Cyan Eagle Belt Buckle, Cowboy Belt Buckle, Fashion Accessory, Blue, Classic Style","New","14","0","0","15","0","1","0","0","0","GBP","1","2","6","12","Low traffic","5.39","0.0","5.39","0.0","NoRestockExcessActionRequired","0","0.0","0","0","2.96","1.22","0.008666","cubic feet","Apparel","0.121324","UK","gl_apparel","493127","120","14","28","15","5.39","4.49","8.81","26.34","53.76","15","0","0","1","0","0.06","0","0","0","0","0","0","","","","","","","","","","","","","347.0","0","","2026-08-09","347.0","69.2","2026-08-10","14","0","0","0","120","N","","",""
"2026-08-13","XJ260125","X002I254X9","B0GK869M4H","Toiletry Bags Cat Makeup Bag for Women | Waterproof Toiletry Pouch with Secure Zipper | Cute Design Cosmetic Bag | Gift for Cat Lovers & Travel Essentials","New","18","0","0","18","0","0","0","0","0","GBP","0","0","0","2","Low traffic","3.79","0.0","3.79","0.0","Advertise listing","0","0.0","0","0","40.28","0.18","0.003531","cubic feet","Standard","0.063558","UK","gl_luggage","369616","366","0","","117","3.79","0.0","0.0","0.0","7.82","0","10","8","0","0","0.04","0","0","0","0","0","0","","","","","","","","","","","","","","0","","","","409.7","2026-08-10","18","0","0","0","366","N","","",""
"2026-08-13","XJ2511250","X002FRJR71","B0D7T9PTQ1","JYTDBCS Stainless Steel Key Tags with Ring 10 pcs, 23mm Hollowed Number ID Tags Key Chain, Numbered Key Rings - 1 to 10","New","17","0","0","20","0","0","0","0","0","GBP","8","43","70","84","Low traffic","4.89","0.0","4.89","0.0","NoRestockExcessActionRequired","17","0.0","0","0","0.0","2.97","0.001993","cubic feet","Standard","0.033881","UK","gl_office_product","72509","128","0","12","21","4.89","32.56","175.01","281.46","334.94","1","19","0","0","0","0.01","120","0","120","0","0","0","","","","","","","","","","","","","35.4","0","","2026-08-09","28.5","35.4","2026-08-10","137","0","0","0","128","N","","",""
"2026-08-13","XJ251074-1","X002J6UYGV","B0GS1ZTM8H","2 Pcs Mushroom Makeup Sponge, Long Handle Facial Cosmetic Foundation Sponge Powder Puff Blending Concealer Eyeshadow Liquid Creams Applicator Tool Beauty Blender Brush","New","12","0","0","13","0","0","0","0","0","GBP","3","4","11","25","Low traffic","4.99","0.0","4.99","0.0","NoRestockExcessActionRequired","0","4.45","52","0","54.9","1.89","0.003531","cubic feet","Standard","0.042372","UK","gl_beauty","106878","179","0","62","32","4.99","12.48","16.64","46.88","104.67","0","13","0","0","0","0.03","50","0","50","0","1","0","","","","","","","","","","","","","166.3","0","","2026-08-09","166.3","58.6","2026-08-10","62","1","0","0","182","N","","",""
"2026-08-13","XJ250879","X002DX4M13","B0FNFDN1P3","AXNKDH Oversized Sunglasses for Women Fashion Large Frame Designer Sun Glasses Polarised UV Protection Big Sunnies Ladies","New","16","0","0","19","0","0","0","0","0","GBP","23","93","146","171","Low traffic","6.09","0.0","6.09","0.0","NoRestockExcessActionRequired","15","0.0","0","0","-1.28","17.44","0.003531","cubic feet","Footwear","0.056496","UK","gl_shoes","33554","73","0","8","14","6.09","116.61","471.51","734.7","857.45","19","0","0","0","0","0.03","170","0","170","0","1","0","","","","","","","","","","","","","11.1","116","2026-09-04","2026-08-09","11.1","9.2","2026-08-10","186","0","1","0","74","N","","",""
"2026-08-13","XJ2511304","X002FRNBD7","B0D7T8X54L","25 Pieces Cable Clips The Adhesive Cable Ties, cable tie sticky pads,Adjustable Nylon Cable Zip Ties and Adhesive Cable Clips with Optional Screw Mount","New","16","0","0","17","0","0","0","0","0","GBP","1","9","16","23","Low traffic","5.59","0.0","5.59","0.0","NoRestockExcessActionRequired","0","0.0","0","0","22.19","2.0","0.061481","cubic feet","Standard","0.983696","UK","gl_home_improvement","190419","130","0","16","20","5.59","4.66","41.94","74.56","107.18","17","0","0","0","0","0.61","20","0","20","0","1","0","","","","","","","","","","","","","48.2","0","","2026-08-09","48.2","47.9","2026-08-10","36","1","0","0","135","N","","",""
"2026-08-13","XJ260123","X002I1VE7F","B0GK8BSKW2","10PCS Black Necklace Cord, 1.5 mm Diameter, 19.69 in/50 cm Long Necklace String, Adjustable Waxed Cord with Buckle for DIY Jewellery Making","New","12","0","0","21","0","0","0","0","0","GBP","8","15","18","19","Low traffic","4.09","0.0","4.09","0.0","NoRestockExcessActionRequired","13","0.0","0","0","0.0","0.96","0.003531","cubic feet","Standard","0.042372","UK","gl_home","442774","33","0","3","8","4.09","27.28","51.15","61.46","64.95","20","0","1","0","0","0.02","0","0","0","0","3","0","","","","","","","","","","","","","93.5","16","2026-08-11","2026-08-09","61.1","93.5","2026-08-10","12","1","2","0","42","N","","",""
"2026-08-13","XJ251171","X002FPO3OP","B0D81R8J17","JYTDBCS Tins Container, Metal Rectangular Tin Can,Mini Portable Box Small Storage Basic Necessities Home Storage Organizer Empty Hinged Household Storage Box with Lid for Candy Key Earring (Silver)","New","28","2","0","30","0","0","0","0","0","GBP","1","9","11","12","Low traffic","3.99","0.0","3.99","0.0","NoRestockExcessActionRequired","30","0.0","0","0","0.0","0.77","0.003531","cubic feet","Standard","0.098868","UK","gl_home","301409","112","0","12","30","3.99","3.32","29.88","37.52","41.51","30","0","0","0","0","0.08","0","0","0","0","0","0","","","","","","","","","","","","","71.1","0","","2026-08-09","18.3","71.1","2026-08-10","30","0","0","0","112","N","","",""
"2026-08-13","XJ260104","X002I04XO7","B0GJSL7FCC","Car Door Edge Protector, Clear Edging Car Door Protectors Edge Guards (16.4FT) with U Shape Guard for Maximum Protection, Waterproof, Scratch-Proof, Universal Fit for Most Cars, Can Be Freely Cut","New","31","0","0","36","0","0","0","0","0","GBP","18","47","59","70","","5.69","0.0","5.69","0.0","NoRestockExcessActionRequired","0","0.0","0","0","67.04","3.43","0.003531","cubic feet","Standard","0.109461","UK","gl_automotive","38190","98","0","11","24","5.69","85.32","222.78","280.46","333.48","36","0","0","0","0","0.08","99","0","99","0","1","0","","","","","","","","","","","","","33.9","37","2026-09-06","2026-08-09","33.9","26.2","2026-08-10","130","1","0","0","99","N","","",""
"2026-08-13","XJ2511255","X002FQS4T9","B0D7H68TQR","JYTDBCS 4 Pairs UV Protection Cooling Arm Sleeves Compression Arm Sleeve UPF 50 Sun Sleeves with Thumb Hole Tattoo Cover Up Sports Sleeve for Cycling Driving Golf Hiking","New","28","0","0","29","0","0","0","0","0","GBP","3","5","13","24","Low traffic","5.29","0.0","5.29","0.0","NoRestockExcessActionRequired","5","0.0","0","0","4.8","1.13","0.035862","cubic feet","Apparel","1.004136","UK","gl_apparel","226320","116","0","22","15","5.29","13.23","22.05","59.97","112.11","12","17","0","0","0","0.52","0","0","0","0","1","0","","","","","","","","","","","","","158.3","0","","2026-08-09","158.3","83.6","2026-08-10","28","0","1","0","118","N","","",""
"2026-08-13","XJ260148","X002I0VETT","B0GK1CQDXN","AXNKDH Red Tartan Neck Tie for Men, Women, and Kids - Traditional Scottish Check Plaid Necktie for Hen Party Costume","New","21","0","0","1","20","0","0","0","0","GBP","1","1","3","6","Low traffic","4.99","0.0","5.19","0.0","NoRestockExcessActionRequired","0","0.0","0","0","103.59","0.25","0.003531","cubic feet","Apparel","0.074151","UK","gl_apparel","494180","229","21","84","45","5.19","4.32","4.32","13.72","28.45","0","0","1","0","0","0.04","0","0","0","0","0","0","","","","","","","","","","","","","656.0","0","","2026-08-09","656.0","357.7","2026-08-10","21","0","0","0","229","N","","",""
"2026-08-13","XJ2511377","X002G2PE8L","B0D3C1MRYD","TRHDFW 4 Food Bag Holders Silicone Shopping Bag Handles Food Bag Carrier Multi-Purpose Shopping Bag Holder Kitchen Tool Handles (Pink + Blue + Green)","New","27","0","0","27","0","0","0","0","0","GBP","1","4","23","39","Low traffic","4.99","0.0","4.99","0.0","NoRestockExcessActionRequired","0","0.0","0","0","91.2","3.9","0.001695","cubic feet","Standard","0.045765","UK","gl_luggage","307044","279","0","77","25","4.99","4.16","16.64","96.64","163.2","27","0","0","0","0","0.03","50","0","50","0","0","0","","","","","","","","","","","","","122.2","0","","2026-08-09","122.2","33.3","2026-08-10","77","0","0","0","279","N","","",""
"2026-08-13","XJ250892","X002DX9M8V","B0FNFWBRKH","AXNKDH Sunglasses That Clip Onto Glasses, Suitable For Both Men And Women, Round Polygonal Lens Flip-up Clip Sunglasses UV400.","New","58","0","0","58","0","0","0","0","0","GBP","2","6","23","34","Low traffic","5.19","0.0","5.19","0.0","NoRestockExcessActionRequired","26","3.17","8","0","53.39","1.58","0.003531","cubic feet","Footwear","0.204798","UK","gl_shoes","272644","297","0","38","22","5.19","8.64","25.92","95.06","134.46","58","0","0","0","0","0.11","0","0","0","0","0","0","","","","","","","","","","","","","152.6","0","","2026-08-09","152.6","51.1","2026-08-10","58","0","0","0","297","N","","",""
"2026-08-13","XJ260170","X002HZWKN9","B0GJSGBW2V","AXNKDH 4 Rolls Of Double-sided Tape, Multi-purpose, Suitable For Office Crafts, DIY Photos, Wallpaper, Scrapbooking, Sewing, And Handmade Decorations","New","8","13","0","22","0","0","0","0","0","GBP","5","11","14","17","Low traffic","3.99","0.0","3.99","0.0","NoRestockExcessActionRequired","0","0.0","0","0","46.02","1.14","0.003531","cubic feet","Standard","0.028248","UK","gl_biss","175573","210","0","13","29","3.99","16.6","35.88","45.84","57.57","20","0","2","0","0","0.05","30","0","30","0","1","0","","","","","","","","","","","","","88.3","0","","2026-08-09","48.0","88.3","2026-08-10","51","1","0","0","216","N","","",""
"2026-08-13","XJ2511415","X002G2RKBZ","B0D14LBR87","TRHDFW 4 Pack Clear Travel Tottles, 60ml Portable Leak Proof Travel Containers for Toiletries Travel Toiletry Bottles Refillable Squeeze Bottles for Shampoo Body Lotion Bath Shower Gel","New","59","1","0","64","0","0","0","0","0","GBP","10","40","96","127","Low traffic","6.39","0.0","6.39","0.0","NoRestockExcessActionRequired","60","0.0","0","0","0.0","6.22","0.001277","cubic feet","Standard","0.075343","UK","gl_home","75176","72","0","9","10","6.39","53.2","208.96","491.07","643.28","64","0","0","0","0","0.05","40","0","40","0","4","0","","","","","","","","","","","","","42.8","41","2026-09-06","2026-08-09","42.8","18.8","2026-08-10","100","3","1","0","75","N","","",""
"2026-08-13","XJ250860","X002DWU3QR","B0FND2YJCT","AXNKDH Trendy Polarized Pilot Sunglasses for Women Men, Vintage Rectangle Shades Sun Glasses UV400","New","14","0","0","15","0","0","0","0","0","GBP","1","6","12","20","Low traffic","5.39","0.0","5.39","0.0","NoRestockExcessActionRequired","0","3.58","4","0","20.34","1.7","0.003531","cubic feet","Footwear","0.049434","UK","gl_shoes","442424","269","0","9","9","5.39","4.49","26.94","53.96","87.88","0","15","0","0","0","0.03","0","0","0","0","0","0","","","","","","","","","","","","","86.5","0","","2026-08-09","86.5","55.1","2026-08-10","14","0","0","0","269","N","","",""
"2026-08-13","XJ250913","X002DX33W7","B0FNFHWTDD","AXNKDH Polarized Sunglasses - Men - Women - UV400 - Protective Rectangular Sunglasses Unisex Classic for Cycling Driving Fishing","New","39","6","0","26","0","0","0","0","0","GBP","0","13","24","32","Low traffic","4.09","0.0","4.29","0.0","NoRestockExcessActionRequired","20","3.39","15","0","27.42","1.45","0.003531","cubic feet","Footwear","0.137709","UK","gl_shoes","366726","150","0","12","15","4.29","0.0","44.65","82.96","109.63","0","26","0","0","0","0.09","0","0","0","0","0","0","","","","","","","","","","","","","63.6","0","","2026-08-09","63.6","52.2","2026-08-10","45","0","0","0","150","N","","",""
"2026-08-13","XJ2511376","X002G2P9K9","B0CZRWL5KR","TRHDFWMobile Phone Charms Beaded Phone Lanyard Cell Phone Strap Charm Pearl Phone Charm Wrist Strap Beaded Mobile Phone Pendant for Women Girls","New","42","3","0","46","0","0","0","0","0","GBP","2","11","13","19","Low traffic","3.99","0.0","3.99","0.0","NoRestockExcessActionRequired","31","0.0","0","0","4.43","1.1","5.3E-4","cubic feet","Apparel","0.02226","UK","gl_jewelry","","145","0","15","28","3.99","6.64","36.52","43.83","66.27","46","0","0","0","0","0.02","0","0","0","0","1","0","","","","","","","","","","","","","57.9","0","","2026-08-09","46.0","57.9","2026-08-10","45","1","0","0","149","N","","",""
"2026-08-13","XJ251089","X002FQAYX3","B0FXX2GXG9","5 Pcs Mini Measuring Spoons Set, Stainless Steel Small Measuring Spoons - 1/4 TSP, 1/8 Dash, 1/16 Pinch, 1/32 Smidgen, 1/64 Drop for Home, Kitchen, Baking, Cooking, Gifts","","0","0","0","0","0","1","0","0","0","GBP","0","0","0","1","","0.0","0.0","0.0","0.0","CreateShippingPlan","","","0","0","","0.07","0.003531","cubic feet","Standard","0.0","UK","gl_kitchen","","0","0","","0","5.49","0.0","0.0","0.0","5.41","0","0","0","1","0","","0","0","0","0","0","0","","","","","","","","","","","","","","0","","","","1472.0","2026-08-10","0","0","0","0","0","N","","",""
"2026-08-13","XJ2511260","X002FRGJN1","B0DCG76XQG","JYTDBCS Contact Lens Cases 12 Pack. One Year Supply. Protect Your Eyes by Changing Your Contact Lens Case Monthly","New","29","0","0","31","0","0","0","0","0","GBP","3","15","20","32","Low traffic","5.79","0.0","5.79","0.0","NoRestockExcessActionRequired","29","0.0","0","0","0.0","1.65","0.010171","cubic feet","Standard","0.294959","UK","gl_luggage","53127","188","0","18","28","5.79","14.46","71.18","95.13","149.52","31","0","0","0","0","0.19","40","0","40","0","3","0","","","","","","","","","","","","","64.1","0","","2026-08-09","64.1","62.1","2026-08-10","69","3","0","0","197","N","","",""
"2026-08-13","XJ250854","X002DXCCE7","B0FNFGVHLN","AXNKDH Oversized Fun Sunglasses for Adults Women, Accessories for Parties and Hip-Hop Dance, Unique Stylish Design","New","14","0","0","16","0","0","0","0","0","GBP","8","26","36","54","Low traffic","4.59","0.0","4.59","0.0","NoRestockExcessActionRequired","14","0.0","0","0","0.0","3.14","0.003531","cubic feet","Footwear","0.049434","UK","gl_shoes","110831","122","0","11","17","4.59","30.56","99.32","137.04","204.36","1","15","0","0","0","0.02","60","0","60","0","0","0","","","","","","","","","","","","","37.4","0","","2026-08-09","37.4","32.5","2026-08-10","74","0","0","0","122","N","","",""
"2026-08-13","XJ2511281","X002FRJBKT","B0DB88YYMY","JYTDBCS Sandalwood Wide Tooth Comb for Curls, Handmade, Wooden","New","14","0","0","15","0","0","0","0","0","GBP","3","5","12","16","Low traffic","6.19","0.0","6.19","0.0","NoRestockExcessActionRequired","14","0.0","0","0","0.0","1.4","0.010564","cubic feet","Standard","0.147896","UK","gl_beauty","79528","70","0","11","11","6.19","15.48","25.8","63.04","84.32","0","15","0","0","0","0.09","0","0","0","0","1","0","","","","","","","","","","","","","188.0","2","2026-08-20","2026-08-09","188.0","62.4","2026-08-10","14","1","0","0","76","N","","",""
"2026-08-13","XJ250403","X0029UI22F","B0F3C45Q65","AXNKDH Radish Shaped Soap Box, Red Plastic Portable Travel Soap Dish with Drainage Tray, Non Slip Waterproof Bathroom Soap Holder Organiser for Shower Kitchen Sink Use","New","15","0","0","0","15","0","0","0","0","GBP","","","","","Low traffic","7.09","0.0","7.09","0.0","Advertise listing","0","0.0","0","0","39.57","0.0","0.008211","cubic feet","Standard","0.123165","UK","gl_home","","","15","","","7.09","","","","","0","0","0","0","0","0.09","0","0","0","0","0","0","","","","","","","","","","","","","","0","","","","","2026-08-10","15","0","0","0","","N","","",""
"2026-08-13","XJ250929","X002DXD01B","B0FNJJ5XC7","AXNKDH Reading Glasses Clip On Flip Up Magnifying Lenses Readers Unisex (+2.0)","New","62","19","0","39","0","0","0","0","0","GBP","27","68","116","150","","6.09","0.0","6.09","0.0","CreateShippingPlan","81","0.0","0","0","0.0","6.09","0.003531","cubic feet","Apparel","0.218922","UK","gl_apparel","22250","53","0","5","7","6.09","136.89","344.76","581.88","748.82","39","0","0","0","0","0.15","30","0","30","0","3","2","","","","","","","","","","","","","22.5","77","2026-08-24","2026-08-09","22.5","17.4","2026-08-10","111","2","1","0","55","N","","",""
"2026-08-13","XJ250809","X002DX9MCR","B0FNFCQSVP","AXNKDH Hexagonal Sunglasses for Women and Men, Trendy Small Square Frame, Polarised UV Protection Sunnies","New","30","0","0","34","0","0","0","0","0","GBP","4","8","19","27","Low traffic","4.69","0.0","4.69","0.0","NoRestockExcessActionRequired","31","0.0","0","0","0.0","0.98","0.003531","cubic feet","Footwear","0.10593","UK","gl_shoes","216558","134","0","15","14","4.69","15.64","31.28","76.05","110.13","0","33","1","0","0","0.06","0","0","0","0","4","0","","","","","","","","","","","","","149.3","0","","2026-08-09","149.3","83.8","2026-08-10","30","4","0","0","159","N","","",""
"2026-08-13","XJ2511465","X002G2ULX9","B0CTSPWKGR","IUFDGHN Ceramic Thank You Keepsake Gift Sentimental Gift For Best Friend | Mentor | Family | Female Gift For Her | Friendship Present","","0","0","0","0","1","0","0","0","0","GBP","0","1","9","20","","0.0","0.0","0.0","0.0","CreateShippingPlan","","","0","0","","2.05","0.001978","cubic feet","Standard","0.0","UK","gl_home","","0","0","0","0","4.19","0.0","3.49","30.66","65.42","0","0","0","0","0","","0","0","0","0","0","0","","","","","","","","","","","","","41.4","19","2026-07-07","2026-08-09","4.0","41.4","2026-08-10","0","0","0","0","0","N","","",""
"2026-08-13","XJ2511412-1","X002J9QYFN","B0GS942TH5","AXNKDH 12 Pcs Yellow Duck Non Slip Bath Stickers, PEVA Self-Adhesive Anti-Slip Floor Stickers with Scraper, Waterproof Safety Grip Pads for Bathroom Bathtub Kitchen Stairs","New","43","0","0","44","0","0","0","0","0","GBP","4","8","15","21","Low traffic","5.29","0.0","5.29","0.0","NoRestockExcessActionRequired","0","0.0","0","0","91.25","0.92","0.003531","cubic feet","Standard","0.151833","UK","gl_home","389030","148","0","21","26","5.29","17.64","35.28","66.15","92.61","33","11","0","0","0","0.11","0","0","0","0","0","0","","","","","","","","","","","","","139.6","0","","2026-08-09","139.6","99.0","2026-08-10","43","0","0","0","148","N","","",""
"2026-08-13","XJ260109","X002I07B2X","B0GJTF2ZVJ","AXNKDH 4 Pack Silicone Lip Exfoliating Brushes, Double Sided Soft Lip Scrub Tool, Reusable Portable Lip Care Applicator in Pink Red Green Yellow, Gentle Daily Lip Smoothing Beauty Accessories","New","39","0","0","39","0","0","0","0","0","GBP","0","1","1","2","Low traffic","2.99","0.0","2.99","0.0","Advertise listing","0","0.0","0","0","108.86","0.13","0.003531","cubic feet","Standard","0.137709","UK","gl_beauty","397025","366","0","156","253","2.99","0.0","2.49","2.49","5.65","30","0","9","0","0","0.1","0","0","0","0","0","0","","","","","","","","","","","","","1058.0","0","","2026-08-09","1058.0","796.0","2026-08-10","39","0","0","0","366","N","","",""
"2026-08-13","XJ251019","X002FQ5RDZ","B0CTMFXBN7","RSYHVG Luggage Tags, Luggage Tags, Luggage ID Tags, Business Card Holders/Travel ID Bag Tags (Sun)","","0","0","0","1","0","0","0","0","0","GBP","0","0","2","4","","0.0","0.0","0.0","0.0","CreateShippingPlan","","","0","0","","1.78","0.01363","cubic feet","Standard","0.0","UK","gl_office_product","855121","","0","","0","4.29","0.0","0.0","7.14","14.28","0","0","1","0","0","","0","0","0","0","0","0","","","","","","","","","","","","","","7","2026-06-19","","","30.0","2026-08-10","0","0","0","0","","N","","",""
"2026-08-13","XJ260163","X002I04GU3","B0GJSRLNPZ","Zipper Pull Helper for Dress and Boots, Zipper Puller with Hook and Clip, Clothing Assistant Aid Tool, Back Button Zip Up Dress","New","26","5","0","41","0","0","0","0","0","GBP","26","75","119","146","Low traffic","5.99","0.0","5.99","0.0","NoRestockExcessActionRequired","3","5.39","9","0","62.28","6.89","0.003531","cubic feet","Standard","0.091806","UK","gl_personal_care_appliances","24125","86","0","10","17","5.99","129.74","374.25","590.77","723.34","41","0","0","0","0","0.08","170","0","170","0","4","0","","","","","","","","","","","","","15.7","9","2026-08-20","2026-08-09","15.7","13.4","2026-08-10","201","3","1","0","88","N","","",""
"2026-08-13","XJ250928","X002DWFSXP","B0FNBK8HLZ","AXNKDH Squeeze Eyeglass Case (2 Pieces), Portable Leather Soft Sunglasses Case, Scratch-resistant Glasses Bag, Protective Eyewear Sleeve For Women And Men","New","14","0","0","0","14","0","0","0","0","GBP","1","6","8","11","Low traffic","4.99","0.0","4.99","0.0","NoRestockExcessActionRequired","14","0.0","0","0","0.0","0.51","0.003531","cubic feet","Apparel","0.049434","UK","gl_apparel","418937","293","0","29","52","4.99","4.16","24.96","33.78","47.01","0","0","0","0","0","0.02","30","0","30","0","0","0","","","","","","","","","","","","","177.1","0","","2026-08-09","103.0","177.1","2026-08-10","44","0","0","0","293","N","","",""
"2026-08-13","XJ260171","X002HZWD8B","B0GJSJKDP5","AXNKDH 3D Metal Motor Bike Keyring, Motorcycle Keychain Mini Motorbike Key Rings Gift Fathers Day Christmas","New","16","0","0","16","7","0","0","0","0","GBP","0","1","4","5","Low traffic","4.29","0.0","4.49","0.0","NoRestockExcessActionRequired","0","0.0","0","0","69.95","0.42","0.003531","cubic feet","Apparel","0.056496","UK","gl_apparel","186239","202","16","64","41","4.49","0.0","3.74","16.22","20.38","15","0","1","0","0","0.03","0","0","0","0","7","0","","","","","","","","","","","","","440.0","0","","2026-08-09","440.0","156.3","2026-08-10","16","7","0","0","329","N","","",""
"2026-08-13","XJ250843","X002DWNPRB","B0FND2717F","AXNKDH Ultra Thin Folding Reading Glasses Women Men Lightweight TR90 Blue Light Blocking Foldable Compact Computer Readers Portable Slim Flat Sturdy Case Black +1.50","New","2","0","0","3","0","0","0","0","0","GBP","3","12","22","30","Low traffic","4.89","0.0","4.89","0.0","CreateShippingPlan","2","0.0","0","0","0.0","2.45","0.003531","cubic feet","Apparel","0.007062","UK","gl_apparel","60392","7","0","0","0","4.89","12.21","48.84","89.3","121.9","0","0","3","0","0","0.0","0","0","0","0","0","0","","","","","","","","","","","","","49.7","22","2026-08-11","2026-08-09","29.6","49.7","2026-08-10","2","0","0","0","7","N","","",""
"2026-08-13","XJ2511216","X002FQ318N","B0D7LXF3FT","JYTDBCS Guitar Strap,Guitar Straps,Guitar Strap Locks,Bass Guitar Strap,Personalised Guitar Strap,Suitable for Bass,Electric and Acoustic Guitars,Checkerboard Guitar Strap(Black And White Checkered)","New","34","0","0","36","0","0","0","0","0","GBP","2","6","10","17","Low traffic","4.19","0.0","4.19","0.0","NoRestockExcessActionRequired","34","0.0","0","0","0.0","0.64","0.010816","cubic feet","Apparel","0.367744","UK","gl_apparel","10002","116","0","22","26","4.19","6.98","20.94","34.9","58.82","0","30","6","0","0","0.19","0","0","0","0","2","0","","","","","","","","","","","","","235.8","0","","2026-08-09","235.8","151.2","2026-08-10","34","2","0","0","120","N","","",""
"2026-08-13","XJ250899","X002DX9M9Z","B0FNG4TZPX","AXNKDH Cat Eye Sunglasses Trendy Vintage Women Square Retro Style Anti-UV400 Fashion Cateye Sun Shades for Ladies","New","62","5","0","43","0","0","0","0","0","GBP","5","13","37","48","Low traffic","4.29","0.0","4.29","0.0","NoRestockExcessActionRequired","67","0.0","0","0","0.0","2.41","0.003531","cubic feet","Footwear","0.218922","UK","gl_shoes","118719","170","0","19","16","4.29","17.85","46.41","126.05","160.84","32","11","0","0","0","0.13","0","0","0","0","4","0","","","","","","","","","","","","","80.2","0","","2026-08-09","80.2","30.3","2026-08-10","67","4","0","0","181","N","","",""
"2026-08-13","XJ251158","X002FQEY3J","B0D7VGY1VS","Wiggle Eyes, Googly Eyes self Adhesive 2Pieces Giant Self Adhesive Large Googly Eyes for Xmas Party Handmade DIY Crafts(76mm/3 Inch)","New","6","0","0","6","0","0","0","0","0","GBP","2","8","10","12","Low traffic","3.49","0.0","3.49","0.0","NoRestockExcessActionRequired","0","0.0","0","0","24.18","1.02","0.003696","cubic feet","Standard","0.022176","UK","gl_kitchen","293688","118","0","13","28","3.49","5.82","23.76","30.4","37.38","0","0","6","0","0","0.02","20","0","20","0","0","0","","","","","","","","","","","","","129.0","0","","2026-08-09","51.3","129.0","2026-08-10","26","0","0","0","118","N","","",""
"2026-08-13","XJ260158","X002I1IMF7","B0GK6HGKD1","AXNKDH 2 Pcs Pencil Case Large Capacity,Clear Pencil for Girls Boys Exams(Black/Gray","New","7","0","0","7","0","0","0","0","0","GBP","4","10","10","14","Low traffic","3.89","0.0","3.89","0.0","NoRestockExcessActionRequired","7","0.0","0","0","0.02","1.82","0.022377","cubic feet","Footwear","0.156639","UK","gl_shoes","82829","155","0","14","34","3.89","12.96","32.4","32.4","48.12","0","7","0","0","0","0.07","30","0","30","0","0","0","","","","","","","","","","","","","56.4","10","2026-09-04","2026-08-09","50.6","56.4","2026-08-10","37","0","0","0","155","N","","",""
"2026-08-13","XJ2511320","X002FQS8OF","B0D8FPKKNB","Soft Non-Slip Bike Handle Grips - Universal Kids Bike Grips for Boys & Girls, Scooter Handlebars (Purple)","New","19","0","0","26","0","0","0","0","0","GBP","3","9","13","17","Low traffic","5.79","0.0","5.79","0.0","NoRestockExcessActionRequired","19","0.0","0","0","0.0","0.93","0.010686","cubic feet","Standard","0.203034","UK","gl_outdoors","80920","60","0","8","14","5.79","14.46","43.38","63.34","83.3","21","0","5","0","0","0.12","0","0","0","0","7","0","","","","","","","","","","","","","95.6","10","2026-09-06","2026-08-09","68.8","95.6","2026-08-10","19","7","0","0","85","N","","",""
"2026-08-13","XJ260153","X002I1PQP1","B0GK5WB8F7","AXNKDH Pumpkin Shaped Pin Cushion, Soft Fabric Sewing Needle Holder with Elastic Wrist Strap, Portable Handmade Pincushion for Craft DIY Embroidery Sewing Supplies","New","35","0","0","35","0","0","0","0","0","GBP","1","4","4","6","Low traffic","6.49","0.0","6.49","0.0","Advertise listing","0","0.0","0","0","181.64","0.4","0.003531","cubic feet","Standard","0.123585","UK","gl_kitchen","315580","262","0","35","75","6.49","5.41","21.64","21.64","34.46","34","0","1","0","0","0.09","0","0","0","0","0","0","","","","","","","","","","","","","276.3","0","","2026-08-09","276.3","272.4","2026-08-10","35","0","0","0","262","N","","",""
"2026-08-13","XJ251095","X002FQ2UWV","B0FXX5NV6V","AXNKDH Evil Eye Bracelets for Women Men Handmade Red String Blue Evil Eye Bracelet Lucky Jewellery Gift Couples Friendship Bracelets","New","77","11","0","88","0","0","0","0","0","GBP","2","17","30","45","Low traffic","5.09","0.0","5.09","0.0","NoRestockExcessActionRequired","49","0.0","0","0","7.67","1.27","0.003531","cubic feet","Apparel","0.271887","UK","gl_jewelry","226820","167","0","18","22","5.09","8.48","72.08","126.16","188.56","81","7","0","0","0","0.21","0","0","0","0","0","0","","","","","","","","","","","","","57.9","0","","2026-08-09","57.9","45.5","2026-08-10","88","0","0","0","167","N","","",""
"2026-08-13","XJ2511404","X002G2P0OT","B0D1BPNNBD","TRHDFW Rice Ball Mold with Mini Rice Scoop, DIY Sticky Rice Molds Large Ball Mold Kitchen Tool Rice Ball Maker Shake, Rice Roll Shaker Ball Maker for Kids","New","23","1","0","28","0","0","0","0","0","GBP","4","19","28","38","Low traffic","3.69","0.0","3.69","0.0","NoRestockExcessActionRequired","24","0.0","0","0","0.0","2.64","0.004573","cubic feet","Standard","0.105179","UK","gl_kitchen","159762","123","0","13","21","3.69","12.28","58.5","87.82","119.37","20","8","0","0","0","0.06","39","0","39","0","2","0","","","","","","","","","","","","","41.5","0","","2026-08-09","41.5","31.2","2026-08-10","63","2","0","0","125","N","","",""
"2026-08-13","XJ251159","X002FPO9WB","B0D7PSMKC3","2 Pcs Multifunctional Fish Clean Scales, Fish Scales Brush Peeler, Fish Descaler Tool with Cover, Fish Skin Scaler with Cover, Remove Fish Skin Scraping Brush, Kitchen Cooking Tools(Blue/Green)","New","33","0","0","39","0","0","0","0","0","GBP","8","24","50","70","Low traffic","7.29","0.0","7.29","0.0","NoRestockExcessActionRequired","32","0.0","0","0","0.0","3.64","0.035332","cubic feet","Standard","1.165956","UK","gl_kitchen","115417","84","0","11","12","7.29","48.56","145.68","297.7","410.8","39","0","0","0","0","0.67","35","0","35","0","4","0","","","","","","","","","","","","","23.0","5","2026-08-20","2026-08-09","23.0","22.0","2026-08-10","68","4","0","0","90","N","","",""
"2026-08-13","XJ2511365","X002G2SJS3","B0D11J6V7T","TRHDFW 100m Flying Kite Line String Kite Winder String Handle with Winding Board Outdoor Sports Tool Kite String Black","New","16","0","0","18","0","0","0","0","0","GBP","5","11","14","20","Low traffic","4.99","0.0","4.99","0.0","NoRestockExcessActionRequired","16","0.0","0","0","0.0","1.36","0.003814","cubic feet","Standard","0.061024","UK","gl_sports","51574","41","0","5","10","4.99","20.8","45.76","58.4","82.82","18","0","0","0","0","0.04","0","0","0","0","0","0","","","","","","","","","","","","","85.8","19","2026-08-12","2026-08-09","85.3","85.8","2026-08-10","16","0","0","0","41","N","","",""
"2026-08-13","XJ2511309","X002FRMQ3D","B0DB21B9D5","JYTDBCS Phone Pouch With Zipper, Neck Lanyard Straps, Black - Cell Sleeve Mobile Bag, Sock for Phones","New","41","0","0","45","0","0","0","0","0","GBP","4","11","29","45","Low traffic","6.09","0.0","6.09","0.0","NoRestockExcessActionRequired","41","0.0","0","0","0.0","1.89","0.017814","cubic feet","Standard","0.730374","UK","gl_electronics","","79","0","14","11","6.09","20.28","55.77","146.23","226.07","25","20","0","0","0","0.44","0","0","0","0","4","0","","","","","","","","","","","","","116.7","16","2026-09-06","2026-08-09","116.7","41.2","2026-08-10","41","4","0","0","89","N","","",""
"2026-08-13","XJ260129","X002I22FJF","B0GK8LW1HY","Hair Bows - Pink Mesh Clips for Styling, Lightweight Girls Accessories for Thin & Thick Hair, Big Barrettes for Everyday Wear & Special Occasions","New","23","0","0","26","0","0","0","0","0","GBP","0","6","11","19","Low traffic","3.69","0.0","3.89","0.0","NoRestockExcessActionRequired","0","0.0","0","0","49.94","1.31","0.003531","cubic feet","Standard","0.081213","UK","gl_beauty","163742","92","0","15","15","3.89","0.0","19.44","35.64","62.7","20","0","6","0","0","0.06","0","0","0","0","2","0","","","","","","","","","","","","","133.8","0","","2026-08-09","133.8","84.6","2026-08-10","23","2","0","0","99","N","","",""
"2026-08-13","XJ2511315","X002FRKF77","B0DBVFLY7J","JYTDBCS Strawberry Beaded Phone Charm Cute Case Lanyard Aesthetic Cell String Delicate Mobile Straps for Women Girls","New","10","0","0","10","0","0","0","0","0","GBP","1","6","15","24","Low traffic","4.89","0.0","5.09","0.0","CreateShippingPlan","10","0.0","0","0","0.0","3.25","0.003805","cubic feet","Apparel","0.03805","UK","gl_jewelry","","42","0","6","5","5.09","4.24","25.44","63.2","100.64","10","0","0","0","0","0.02","0","0","0","0","0","0","","","","","","","","","","","","","42.9","16","2026-08-06","2026-08-09","42.9","33.5","2026-08-10","10","0","0","0","42","N","","",""
"2026-08-13","XJ2511310","X002FRLGQL","B0D83FWQ3J","JYTDBCS Garters for Brides,Elasticated Bridal Lace Garter Blue Lace Stretch Lace Bow Tie Leg Ring Bridal Wedding Dress Flower Lace Elastic Bridal Garters for Bridal Bridesmaid","New","27","0","0","23","6","0","0","0","0","GBP","0","0","0","2","Low traffic","4.29","0.0","4.29","0.0","Advertise listing","0","0.0","0","0","101.99","0.14","0.003531","cubic feet","Apparel","0.095337","UK","gl_apparel","743608","366","27","","175","4.29","0.0","0.0","0.0","7.98","23","0","0","0","0","0.05","0","0","0","0","2","0","","","","","","","","","","","","","","0","","","","549.5","2026-08-10","27","2","0","0","366","N","","",""
"2026-08-13","XJ250917","X002DX3TC1","B0FNFMRQT5","AXNKDH Polarized Night Driving Glasses for Men Women - Anti Glare Night Vision Yellow Glasses for Driving at Night","New","31","0","0","33","0","0","0","0","0","GBP","0","4","7","12","Low traffic","4.09","0.0","4.29","0.0","NoRestockExcessActionRequired","5","0.0","0","0","38.53","0.48","0.003531","cubic feet","Footwear","0.109461","UK","gl_shoes","449699","129","0","31","33","4.29","0.0","14.28","25.74","45.29","0","20","13","0","0","0.06","0","0","0","0","2","0","","","","","","","","","","","","","270.0","0","","2026-08-09","270.0","180.6","2026-08-10","31","2","0","0","137","Y","Fall-Winter","2026-10-24","2027-03-06"
"2026-08-13","XJ251084","X002FQFRI5","B0FXX1XKGV","AXNKDH Crystal Adjustable Rings Simulation Diamond Rings Girls Finger Ring Toys for Girl Pretend Play Dress up Party, 20Pcs (Random Color)","New","14","0","0","1","13","0","0","0","0","GBP","1","3","12","13","Low traffic","5.99","0.0","5.99","0.0","NoRestockExcessActionRequired","14","0.0","0","0","0.0","0.64","0.003531","cubic feet","Apparel","0.049434","UK","gl_jewelry","155213","126","0","45","34","5.99","4.99","14.97","60.05","65.21","1","0","0","0","0","0.03","20","0","20","0","0","0","","","","","","","","","","","","","161.9","0","","2026-08-09","157.3","161.9","2026-08-10","34","0","0","0","126","N","","",""
"2026-08-13","XJ250859","X002DX89RL","B0FNJC3JDF","AXNKDH Retro 70s Polarised Pilot Sunglasses for Women Men Oversized Double Bridge Aviation Shades UV400 Protection","New","50","0","0","54","0","0","0","0","0","GBP","1","13","24","38","Low traffic","4.19","0.0","4.19","0.0","NoRestockExcessActionRequired","51","0.0","0","0","0.0","1.48","0.003531","cubic feet","Footwear","0.17655","UK","gl_shoes","269102","198","0","24","27","4.19","3.49","45.37","85.09","133.63","40","14","0","0","0","0.1","30","0","30","0","2","1","","","","","","","","","","","","","112.9","0","","2026-08-09","112.9","72.9","2026-08-10","80","2","0","0","203","N","","",""
"2026-08-13","XJ250801","X002DUI05P","B0FN47GCGJ","AXNKDH Oversized Polarised XL Sunglasses Over Glasses, TR90 Frame，9-Layer TAC Lenses UV400 Protection Category- Ideal for Driving & Outdoor​","New","32","0","0","34","0","0","0","0","0","GBP","3","9","15","19","Low traffic","5.29","0.0","5.29","0.0","NoRestockExcessActionRequired","0","0.0","0","0","101.0","0.82","0.003531","cubic feet","Footwear","0.112992","UK","gl_shoes","253839","175","0","14","21","5.29","13.23","39.69","66.15","82.6","1","33","0","0","0","0.06","0","0","0","0","0","0","","","","","","","","","","","","","159.1","0","","2026-08-09","159.1","113.5","2026-08-10","32","0","0","0","175","N","","",""
"2026-08-13","XJ260128","X002I23UBR","B0GK8SKG4J","Black Modern Hates Brims Bender, Hat Shaper for Baseball Caps Plastic Dual Slots Design Perfect Hates Curving Band, Practical Convenient,Brim Bender,Hat Brim Shaper，Head Protection","New","44","0","0","45","0","0","0","0","0","GBP","2","12","29","46","Low traffic","4.69","0.0","4.69","0.0","NoRestockExcessActionRequired","44","0.0","0","0","0.0","2.83","0.003531","cubic feet","Apparel","0.155364","UK","gl_apparel","127484","98","0","14","12","4.69","7.82","46.92","110.11","168.42","45","0","0","0","0","0.08","0","0","0","0","0","0","","","","","","","","","","","","","99.2","5","2026-09-02","2026-08-09","99.2","37.2","2026-08-10","44","0","0","0","98","N","","",""
"2026-08-13","XJ250865","X002DWSYZT","B0FND8N339","AXNKDH Blue Light Blocking Clear Lens Glasses Anti Blue Ray Unisex for Women Girl and Men","New","27","0","0","22","0","7","0","0","0","GBP","5","12","20","35","Low traffic","4.79","0.0","4.79","0.0","NoRestockExcessActionRequired","27","0.0","0","0","0.0","0.93","0.003531","cubic feet","Footwear","0.095337","UK","gl_shoes","43175","95","0","19","21","4.79","19.95","47.88","81.64","146.44","1","21","0","7","0","0.05","30","0","30","0","3","0","","","","","","","","","","","","","99.0","0","","2026-08-09","96.5","99.0","2026-08-10","57","3","0","0","99","N","","",""
"2026-08-13","XJ260151","X002I0YQ85","B0GK1TPW3M","Music Themed Birthday Gifts for Musicians – Rap Music Tie Clip Pin, Ideal for Music Lovers, Teachers, Men, Boyfriends & Students, Cute Music Note Cufflinks Gift Set","New","51","0","0","53","0","0","0","0","0","GBP","0","2","14","28","Low traffic","6.19","0.0","6.19","0.0","NoRestockExcessActionRequired","9","4.99","18","0","75.32","1.29","0.003531","cubic feet","Apparel","0.180081","UK","gl_jewelry","588582","240","0","102","23","6.19","0.0","10.64","74.95","146.1","41","12","0","0","0","0.12","0","0","0","0","2","0","","","","","","","","","","","","","237.8","0","","2026-08-09","237.8","64.3","2026-08-10","51","2","0","0","251","N","","",""
"2026-08-13","XJ2511237","X002FQI8PT","B0D8FLDZJF","Angel 18/0 4 PCE Table Fork Set","New","14","0","0","16","0","0","0","0","0","GBP","1","4","7","19","Low traffic","4.19","0.0","4.19","0.0","NoRestockExcessActionRequired","0","3.31","4","0","38.64","2.24","0.030732","cubic feet","Standard","0.430248","UK","gl_kitchen","436185","71","0","14","9","4.19","3.49","13.96","24.51","65.59","16","0","0","0","0","0.27","0","0","0","0","2","0","","","","","","","","","","","","","115.5","3","2026-08-24","2026-08-09","115.5","41.2","2026-08-10","14","2","0","0","82","N","","",""
"2026-08-13","XJ2511293","X002FRLBL1","B0DBQLWRDG","JYTDBCS Motorcycle Fuel Filter, Universal Motorcycle Small Gasoline Fuel Filter Kit With Tubing Clips Gas Tubing Set fuel filter mini moto","New","45","0","0","46","0","0","0","0","0","GBP","6","28","51","69","","4.99","0.0","4.99","0.0","NoRestockExcessActionRequired","45","0.0","0","0","0.0","2.97","0.004097","cubic feet","Standard","0.184365","UK","gl_automotive","23684","189","0","10","14","4.99","24.96","116.48","212.16","287.04","46","0","0","0","0","0.11","30","0","30","0","0","0","","","","","","","","","","","","","28.0","0","","2026-08-09","28.0","25.5","2026-08-10","75","0","0","0","189","N","","",""
"2026-08-13","XJ2511204","X002FQEY6V","B0F2XNGCWV","Unisex Polarized Uv-Protection Sports Sunglasses, Running Glasses, Lightweight And Stylish For Men And Women, Suitable For Golf, Fishing, And Cycling (Black Frame With Gray Lenses)","New","6","0","0","7","0","0","0","0","0","GBP","4","6","9","12","Low traffic","6.79","0.0","6.79","0.0","NoRestockExcessActionRequired","6","0.0","0","0","0.06","1.0","0.003531","cubic feet","Footwear","0.021186","UK","gl_shoes","35329","366","0","24","39","6.79","22.64","33.96","51.1","68.32","1","0","6","0","0","0.01","30","0","30","0","0","0","","","","","","","","","","","","","235.0","0","","2026-08-09","111.7","235.0","2026-08-10","36","0","0","0","366","N","","",""
"2026-08-13","XJ2511253","X002FRJ07N","B0DB5RCG7F","JYTDBCS Asthma Inhaler Holder PU Leather Protective Travel Handy Mini Holster, Lightweight Carrying Case with Carabiner Clip, Inhaler Not Included (Case Only),Inhaler Holder","New","45","0","0","46","0","0","0","0","0","GBP","4","6","13","24","Low traffic","5.39","0.0","5.39","0.0","NoRestockExcessActionRequired","45","0.0","0","0","0.0","1.41","0.006882","cubic feet","Standard","0.30969","UK","gl_drugstore","","155","0","30","24","5.39","17.96","26.94","58.2","104.12","46","0","0","0","0","0.21","0","0","0","0","1","0","","","","","","","","","","","","","204.0","0","","2026-08-09","204.0","68.4","2026-08-10","45","1","0","0","159","N","","",""
"2026-08-13","XJ2511382","X002G2SDVL","B0D3GDR3ZY","Milk Frother Handheld, Automatic Milk Foam Maker for Coffee, Matcha, Mini Stainless Steel Whisk, Mixer, Blender (Black)","New","23","0","0","25","0","0","0","0","0","GBP","8","21","35","64","Low traffic","4.39","0.0","4.39","0.0","NoRestockExcessActionRequired","23","0.0","0","0","0.05","6.4","0.007327","cubic feet","Standard","0.168521","UK","gl_kitchen","109952","49","0","8","8","4.39","29.28","76.86","126.71","224.52","25","0","0","0","0","0.11","20","0","20","0","0","0","","","","","","","","","","","","","53.2","35","2026-08-12","2026-08-09","53.2","28.3","2026-08-10","43","0","0","0","49","N","","",""
"2026-08-13","XJ250841","X002DXEKB5","B0FNJYXBXK","AXNKDH 3-Pack Blue Light Blocking Glasses - Women & Men Computer Gaming Glasses with Screen Filter, Anti-Headache & Eye Strain Protection, Lightweight Eyeglasses for TV & Phone","New","28","0","0","30","0","0","0","0","0","GBP","2","2","6","12","Low traffic","5.19","0.0","5.19","0.0","NoRestockExcessActionRequired","28","0.0","0","0","0.0","0.53","0.003531","cubic feet","Footwear","0.098868","UK","gl_shoes","50702","191","0","56","30","5.19","8.64","8.64","26.68","54.1","0","20","10","0","0","0.05","0","0","0","0","1","0","","","","","","","","","","","","","","0","","","","207.4","2026-08-10","28","1","0","0","201","Y","Holiday Season","2026-10-24","2027-01-09"
"2026-08-13","XJ2511248","X002FRJQOP","B0D9H5KCVV","JYTDBCS 50pcs Twin Wheeled Curtain Track Rollers and Silent Rail Pulleys for Ceiling Track Gliders (White)","New","8","0","0","9","0","0","0","0","0","GBP","1","8","10","13","Low traffic","6.99","0.0","6.99","0.0","NoRestockExcessActionRequired","8","0.0","0","0","6.58","1.08","0.022044","cubic feet","Standard","0.176352","UK","gl_home","205720","146","0","19","38","6.99","5.82","46.56","58.45","76.66","0","0","9","0","0","0.09","30","0","30","0","1","0","","","","","","","","","","","","","99.3","0","","2026-08-09","49.9","99.3","2026-08-10","38","1","0","0","149","N","","",""
"2026-08-13","XJ260107","X002I07ACT","B0GJTK5W8W","Pink Stapler Removal Tool, Stapler Removals Puller Tool, Wear-Resistant Remover with Non-Slip Handle, Staple Puller Supplies for Students, School, Home, Teachers Staple Removers","New","44","1","0","48","0","0","0","0","0","GBP","3","12","24","42","Low traffic","5.19","0.0","5.19","0.0","NoRestockExcessActionRequired","0","4.39","52","0","186.07","2.75","0.003531","cubic feet","Standard","0.155364","UK","gl_office_product","49822","95","0","14","13","5.19","12.96","51.84","102.0","172.63","48","0","0","0","0","0.11","0","0","0","0","3","0","","","","","","","","","","","","","125.1","1","2026-08-30","2026-08-09","125.1","44.5","2026-08-10","45","2","1","0","102","N","","",""
"2026-08-13","XJ2511217","X002FQB009","B0DBQDJPSV","JYTDBCS Pink Daisy Silicone Mobile Phone Grip Stand, Cute 2d Flower Cell Phone Holder, Collapsible Expandable Cell Phone Accessory For Smartphone Tablet Cell Phone Accessory","New","49","0","0","51","0","0","0","0","0","GBP","0","5","15","24","Low traffic","4.39","0.0","4.39","0.0","NoRestockExcessActionRequired","49","0.0","0","0","0.0","1.39","0.003531","cubic feet","Standard","0.173019","UK","gl_wireless","","192","0","39","26","4.39","0.0","18.78","58.34","94.25","50","1","0","0","0","0.11","0","0","0","0","1","0","","","","","","","","","","","","","226.8","0","","2026-08-09","226.8","79.1","2026-08-10","49","1","0","0","196","N","","",""
"2026-08-13","XJ250823","X002DWTSHR","B0FND18KWG","AXNKDH Square Blue Light Blocking Glasses for Women Men Retro 70s Oversized Bluelight Filter Computer Screen Anti Glare Eyewear","New","11","0","0","13","0","0","0","0","0","GBP","3","4","7","12","Low traffic","3.49","0.0","3.49","0.0","NoRestockExcessActionRequired","0","0.0","0","0","36.2","1.52","0.003531","cubic feet","Footwear","0.038841","UK","gl_shoes","100228","65","0","11","11","3.49","8.73","11.47","20.85","36.45","13","0","0","0","0","0.02","0","0","0","0","0","0","","","","","","","","","","","","","134.5","9","2026-09-01","2026-08-09","134.5","63.1","2026-08-10","11","0","0","0","65","N","","",""
"2026-08-13","XJ250820","X002DX8KW5","B0FNJ33R23","AXNKDH 3 PCS Night Driving Glasses for Men Women, Anti Glare Glasses Set","New","31","2","0","19","2","12","0","0","0","GBP","0","5","7","11","Low traffic","4.19","0.0","4.19","0.0","NoRestockExcessActionRequired","15","0.0","0","0","22.63","0.48","0.003531","cubic feet","Footwear","0.109461","UK","gl_shoes","451858","199","19","25","37","4.19","0.0","17.45","24.43","39.39","19","0","0","12","0","0.06","1","0","1","0","0","0","","","","","","","","","","","","","148.7","0","","2026-08-09","95.4","148.7","2026-08-10","34","0","0","0","199","N","","",""
"2026-08-13","XJ251169","X002FPOFED","B0DCVK89XZ","JYTDBCS Martingale Half Check Dog Collars, Strong Dog Collar with Safe Buckle, Adjustable Reflective Half Check Dog Collar Medium (M: 50CM, Dark blue)","New","7","0","0","7","0","0","0","0","0","GBP","1","3","3","3","Low traffic","6.09","0.0","6.09","0.0","NoRestockExcessActionRequired","7","0.0","0","0","0.08","0.44","0.017583","cubic feet","Standard","0.123081","UK","gl_pet_products","56187","106","0","9","30","6.09","5.07","15.21","15.21","15.21","0","0","7","0","0","0.05","0","0","0","0","0","0","","","","","","","","","","","","","395.0","0","","2026-08-09","137.5","395.0","2026-08-10","7","0","0","0","106","N","","",""
"2026-08-13","XJ251101","X002FQBZXL","B0FXXDYF41","AXNKDH 4PCS Men Women Shoe Stretchers Shaper Expander Width Extender Adjustable Mini Shoe Trees","New","52","0","0","53","0","0","0","0","0","GBP","1","4","12","27","Low traffic","4.99","0.0","4.99","0.0","NoRestockExcessActionRequired","52","0.0","0","0","0.0","1.05","0.003531","cubic feet","Footwear","0.183612","UK","gl_shoes","330724","180","0","52","25","4.99","4.16","16.64","49.92","112.32","22","30","1","0","0","0.1","0","0","0","0","1","0","","","","","","","","","","","","","522.0","0","","2026-08-09","522.0","89.0","2026-08-10","52","1","0","0","183","N","","",""
"2026-08-13","XJ260112","X002I0C191","B0GJTKMQ2X","AXNKDH Western Cowboy Keychain, Creative Western Country Cowgirl Key Chain with Hat & Boot Charms Cowboy Accessories Car Keyring Gifts for Men Women (Silver)","New","31","0","0","32","0","0","0","0","0","GBP","2","6","8","16","Low traffic","3.54","0.0","3.54","0.0","NoRestockExcessActionRequired","0","0.0","0","0","103.25","0.79","0.003531","cubic feet","Apparel","0.109461","UK","gl_apparel","312080","221","0","20","25","3.54","5.9","17.7","23.68","48.64","0","32","0","0","0","0.06","0","0","0","0","0","0","","","","","","","","","","","","","150.4","0","","2026-08-09","150.4","96.4","2026-08-10","31","0","0","0","221","N","","",""
"2026-08-13","XJ2511383-1","X002J9F41X","B0GS8ZSZNQ","AXNKDH 2 Pcs Triangle Onigiri Mould Set, Pink Reusable Plastic Sushi Press Mold with Spatula, Non-Stick Rice Ball Maker for Home Kitchen DIY Japanese Food Making","New","24","0","0","21","3","0","0","0","0","GBP","1","3","5","12","Low traffic","5.27","0.0","5.27","0.0","NoRestockExcessActionRequired","0","0.0","0","0","53.73","0.66","0.022793","cubic feet","Standard","0.547032","UK","gl_kitchen","239155","186","24","32","26","5.27","4.39","13.17","22.29","56.52","1","20","0","0","0","0.06","0","0","0","0","0","0","","","","","","","","","","","","","188.8","0","","2026-08-09","188.8","143.6","2026-08-10","24","0","0","0","186","N","","",""
"2026-08-13","XJ250406","X0029UHSGV","B0F3BSQVCF","AXNKDH 40 Pcs Toenail Correction Strips Set, Soft Gel Nail Straightener Patches with Lifter, Ultra-Thin Flexible Foot Nail Care Tools for Daily Toenail Grooming","New","19","0","0","0","19","0","0","0","0","GBP","0","1","1","5","Low traffic","7.29","0.0","7.49","0.0","NoRestockExcessActionRequired","0","0.0","0","0","49.46","0.24","0.007345","cubic feet","Standard","0.139555","UK","gl_beauty","490566","309","19","76","49","7.49","0.0","6.24","6.24","35.2","0","0","0","0","0","0.1","0","0","0","0","0","0","","","","","","","","","","","","","591.0","0","","2026-08-09","591.0","372.2","2026-08-10","19","0","0","0","309","N","","",""
"2026-08-13","XJ2511423","X002G2OAC7","B0CTSTTJM1","TRHDFW No Buckle Ladies Elastic Belt for Women Mens Invisible Jeans Pants Dress Stretch Waist Belt up to 64""","New","36","0","0","39","0","0","0","0","0","GBP","2","4","11","35","Low traffic","3.69","0.0","3.69","0.0","NoRestockExcessActionRequired","6","2.49","8","0","51.39","1.35","0.001695","cubic feet","Apparel","0.06102","UK","gl_apparel","561573","217","0","36","13","3.69","6.14","12.28","33.77","89.45","25","14","0","0","0","0.03","0","0","0","0","1","0","","","","","","","","","","","","","353.7","0","","2026-08-09","353.7","70.0","2026-08-10","36","0","1","0","222","N","","",""
"2026-08-13","XJ250883","X002DXB063","B0FNFVYCH8","AXNKDH Cute Strawberry Shape Sunglasses for Women Men Kids Metal Frame Fruit Funky Glasses Funny Party","New","18","0","0","20","0","0","0","0","0","GBP","2","13","33","51","Low traffic","6.29","0.0","6.29","0.0","NoRestockExcessActionRequired","19","0.0","0","0","0.0","4.26","0.003531","cubic feet","Footwear","0.063558","UK","gl_shoes","191689","259","0","30","24","6.29","10.48","68.12","172.92","264.35","20","0","0","0","0","0.03","80","0","80","0","2","0","","","","","","","","","","","","","41.2","0","","2026-08-09","41.2","23.9","2026-08-10","98","1","1","0","265","N","","",""
"2026-08-13","XJ251040-1","X002J6XE7H","B0GS21V85K","AXNKDH 4 Pcs Acrylic Crystal Ball Pedestals, Transparent Display Stand for Golf Ball Softball Baseball Marbles Egg Sphere Collections Desktop Ornament, Small","New","10","0","0","14","0","0","0","0","0","GBP","7","14","17","24","Low traffic","4.89","0.0","4.89","0.0","CreateShippingPlan","0","0.0","0","0","23.15","1.61","0.003531","cubic feet","Standard","0.03531","UK","gl_home","161278","21","0","2","5","4.89","28.49","56.98","69.37","98.49","14","0","0","0","0","0.02","0","0","0","0","0","0","","","","","","","","","","","","","77.0","25","2026-08-12","2026-08-09","66.9","77.0","2026-08-10","10","0","0","0","21","N","","",""
"2026-08-13","XJ250891","X002DXEF6F","B0FNJPPJST","AXNKDH Retro Rimless Rectangle Sunglasses for Women Men Transparent Glasses Y2K Vintage Eyewear","New","52","0","0","52","0","0","0","0","0","GBP","2","10","21","26","Low traffic","6.49","0.0","6.49","0.0","NoRestockExcessActionRequired","24","0.0","0","0","46.71","1.22","0.003531","cubic feet","Footwear","0.183612","UK","gl_shoes","358526","303","0","20","26","6.49","10.82","54.1","113.61","140.66","47","5","0","0","0","0.1","0","0","0","0","0","0","","","","","","","","","","","","","142.1","0","","2026-08-09","142.1","81.0","2026-08-10","52","0","0","0","303","N","","",""
"2026-08-13","XJ250847","X002DXD089","B0FNJCCVJY","AXNKDH Oversized Square Fit Over Glasses Sunglasses for Men Women, Polarised UV400 Protection Grey Lens, TR90 Flexible Frame TAC Lens, Black Full Coverage Shades for Driving Fishing Golf Outdoor","New","47","0","0","49","0","0","0","0","0","GBP","3","10","21","31","Low traffic","4.59","0.0","4.59","0.0","NoRestockExcessActionRequired","0","0.0","0","0","186.36","1.08","0.003531","cubic feet","Footwear","0.165957","UK","gl_shoes","259378","294","0","18","19","4.59","11.46","38.2","79.9","117.3","0","49","0","0","0","0.1","0","0","0","0","2","0","","","","","","","","","","","","","180.1","0","","2026-08-09","180.1","76.9","2026-08-10","47","2","0","0","304","N","","",""
"2026-08-13","XJ2511316","X002FROWNP","B0DBVGXB7B","JYTDBCS 4 Pcs Stainless Steel Swizzle Sticks Coffee Drink Stirrer Cocktail Alcohol Stirrers Beverage Stirring Rod with Heart Shape Paddle","New","22","0","0","23","0","0","0","0","0","GBP","0","8","21","28","Low traffic","5.89","0.0","6.09","0.0","NoRestockExcessActionRequired","22","0.0","0","0","0.0","1.47","0.004946","cubic feet","Standard","0.108812","UK","gl_kitchen","475196","170","0","21","19","6.09","0.0","40.56","106.47","141.96","1","20","2","0","0","0.06","20","0","20","0","1","0","","","","","","","","","","","","","112.7","0","","2026-08-09","112.7","78.3","2026-08-10","42","1","0","0","174","N","","",""
"2026-08-13","XJ2511408-1","X002JEIHDF","B0GSVYB5LJ","AXNKDH 2 Pcs Beaded Phone Charm Strap, LOVE Letter Soft Pottery Wrist Lanyard, Anti-Lost Hand Chain, Black White Universal Decorative Strap for Phone Case Keychain Bag Accessories","New","28","0","0","19","12","0","0","0","0","GBP","0","1","2","3","Low traffic","4.19","0.0","4.39","0.0","Advertise listing","0","0.0","0","0","59.95","0.16","0.003531","cubic feet","","0.098868","UK","gl_jewelry","","366","28","112","121","4.39","0.0","3.66","7.65","11.81","19","0","0","0","0","0.07","0","0","0","0","3","0","","","","","","","","","","","","","766.0","0","","2026-08-09","766.0","543.0","2026-08-10","28","3","0","0","366","N","","",""
"2026-08-13","XJ260127","X002I22E4V","B0GK8BTB9W","AXNKDH 30 Pcs Silver Sparkly Snap Hair Clips, Non-slip Strong Hold Hair Barrettes, Lightweight 10g Hair Accessories for All Hair Types, Daily Styling, DIY Craft & Gifting","New","44","0","0","44","0","0","0","0","0","GBP","4","12","18","32","Low traffic","4.29","0.0","4.49","0.0","NoRestockExcessActionRequired","0","0.0","0","0","91.16","1.2","0.003531","cubic feet","Standard","0.155364","UK","gl_beauty","136973","154","0","24","30","4.49","14.96","44.88","66.74","110.97","1","43","0","0","0","0.11","30","0","30","0","0","0","","","","","","","","","","","","","123.3","0","","2026-08-09","123.3","56.1","2026-08-10","74","0","0","0","154","N","","",""
"2026-08-13","XJ260136","X002I1K45D","B0GK6T6PNY","Professional Expert Diamond Drill Bit Flame Red Head 2.1mm Nail Cutters Bits for Manicure Pedicure Grinding Pro Nail Drill Bit Flame 2.1 RedDrill Machine Staleks","New","31","20","0","50","0","0","0","0","0","GBP","0","0","23","26","Low traffic","5.35","0.0","5.35","0.0","NoRestockExcessActionRequired","50","0.0","0","0","0.0","1.33","0.003531","cubic feet","Standard","0.109461","UK","gl_beauty","213557","222","0","","30","5.35","0.0","0.0","101.41","114.52","50","0","0","0","0","0.11","30","0","30","0","0","0","","","","","","","","","","","","","48.4","0","","2026-08-09","48.4","42.1","2026-08-10","81","0","0","0","222","N","","",""
"2026-08-13","XJ2511246","X002FRH9C1","B0DBV8CRQR","JYTDBCS Squeeze Bottles 2 Pack 200 ML Refillable Plastic Travel Containers Empty Bottles With Disc Top Flip Cap Travel Accessories for Shampoo Creams Lotion Conditioner","New","58","11","0","71","0","0","0","0","0","GBP","5","39","51","68","Low traffic","5.49","0.0","5.49","0.0","NoRestockExcessActionRequired","70","0.0","0","0","0.0","3.22","0.012431","cubic feet","Standard","0.720998","UK","gl_home","111431","214","0","17","32","5.49","22.85","178.23","233.07","310.01","71","0","0","0","0","0.51","110","0","110","0","1","0","","","","","","","","","","","","","10.7","0","","2026-08-09","8.5","10.7","2026-08-10","179","1","0","0","215","N","","",""
"2026-08-13","XJ250869","X002DXAXKR","B0FNFTNFHH","AXNKDH Fit Over Sunglasses for Men and Women, Polarized Wear Over Glasses, Sun Spectacles for Driving Walking Sport UV400 Protection","New","66","0","0","72","0","0","0","0","0","GBP","7","12","19","37","Low traffic","6.49","0.0","6.49","0.0","NoRestockExcessActionRequired","0","3.74","52","0","233.65","0.88","0.003531","cubic feet","Footwear","0.233046","UK","gl_shoes","191690","147","0","22","23","6.49","37.87","64.92","103.91","195.73","3","69","0","0","0","0.13","0","0","0","0","5","0","","","","","","","","","","","","","200.7","0","","2026-08-09","200.7","102.4","2026-08-10","66","5","0","0","160","N","","",""
"2026-08-13","XJ250852","X002DWU2HH","B0FND6KKQX","AXNKDH Rimless y2k Sunglasses Star for Women Men, Oversized Wrap Around Shades Unisex","New","3","24","0","30","14","0","0","0","0","GBP","12","18","24","28","Low traffic","6.89","0.0","6.89","0.0","CreateShippingPlan","31","0.0","0","0","0.0","0.57","0.003531","cubic feet","Footwear","0.010593","UK","gl_shoes","75952","57","0","0","1","6.89","68.88","103.32","138.1","161.9","30","0","0","0","0","0.05","0","0","0","0","6","0","","","","","","","","","","","","","173.1","12","2026-08-24","2026-08-09","117.1","173.1","2026-08-10","27","5","1","0","70","N","","",""
"2026-08-13","XJ250893","X002DWBOW9","B0FNBT8YKN","AXNKDH Floating Sunglasses Strap, Adjustable Non Slip Silicone Eyewear Retainer, Universal Sports Glasses Lanyard for Men Women, Water Sports Accessory for Sailing Surfing Swimming Cycling Hiking","New","59","9","0","69","0","0","0","0","0","GBP","2","25","35","41","Low traffic","3.89","0.0","3.89","0.0","NoRestockExcessActionRequired","2","0.0","0","0","131.57","1.23","0.003531","cubic feet","Apparel","0.208329","UK","gl_apparel","149914","366","0","14","28","3.89","6.48","81.0","113.4","131.59","69","0","0","0","0","0.14","30","0","30","0","0","0","","","","","","","","","","","","","29.5","0","","2026-08-09","9.0","29.5","2026-08-10","98","0","0","0","366","N","","",""
"2026-08-13","XJ250840","X002DXCIW3","B0FNFLTX4C","AXNKDH Hexagonal Sunglasses for Men Women, Polarised Polygon Retro Square Glasses Metal Frame UV400 Protection","New","23","12","0","5","0","0","0","0","0","GBP","4","17","53","70","Low traffic","6.89","0.0","6.89","0.0","NoRestockExcessActionRequired","35","0.0","0","0","0.0","9.66","0.003531","cubic feet","Footwear","0.081213","UK","gl_shoes","79053","292","0","25","20","6.89","22.96","97.58","304.23","401.81","5","0","0","0","0","0.06","86","0","86","0","0","0","","","","","","","","","","","","","15.0","0","","2026-08-09","11.3","15.0","2026-08-10","121","0","0","0","292","N","","",""
