"sku","fnsku","asin","product-name","condition","your-price","mfn-listing-exists","mfn-fulfillable-quantity","afn-listing-exists","afn-warehouse-quantity","afn-fulfillable-quantity","afn-unsellable-quantity","afn-reserved-quantity","afn-total-quantity","per-unit-volume","afn-inbound-working-quantity","afn-inbound-shipped-quantity","afn-inbound-receiving-quantity","afn-researching-quantity","afn-reserved-future-supply","afn-future-supply-buyable","afn-fulfillable-quantity-local","afn-fulfillable-quantity-remote","afn-fc-transfer-quantity","afn-onhand-buyable-quantity","store"
"31-UW2W-QIQJ","X002MLDE2T","B0H699DDZ4","KSEWJP 2 Stück 4 Wege Multifunktionale Utilities Schlüssel für Wasser Gas Strom Zähler Schrank Schaltschrank Ventile, Universeller Kreuzschlüssel Silber","New","7.59","No",,"Yes","0","0","0","0","0","99.96","0","0","0",,"0","0","0","0","0","0",
"3D-HKYW-3JR8","X002ML9T9L","B0H6BHX16Y","Großer Aufbügel-Patch Totenkopf mit Flügeln und Schwert, mehrfarbig bestickt aus Polyesterfaden, ca. 30 x 28 cm, zum Dekorieren von Jacke, Weste, Jeans und Rucksäcken, 1 Stück, Marke KSEWJP","New","9.69","No",,"Yes","0","0","0","0","0","99.96","0","0","0",,"0","0","0","0","0","0",
"3W-KF4F-CE2T","X002M8XG4N","B0H4VZDPZ5","KSEWJP 3 Wege Umschaltventil Wasserhahn M22 x M24 Massives Messing Chrom Poliert T Adapter Dusche Umschalter für Küche Bad Duschsystem Waschbeckenbrause","New","8.79","No",,"Yes","0","0","0","0","0","99.96","0","0","0",,"0","0","0","0","0","0",
"5B-N9JQ-8IRL","X002MO86H9","B0H6J1VVJK","KSEWJP Edelstahl Pizzaroller, 21 cm Professioneller Pizzaschneider mit rutschfestem Silikongriff, 7,6 cm Schneidrad für Pizza, Teig, Kuchen und Käse, spülmaschinenfest","New","699.00","No",,"Yes","0","0","0","0","0","99.96","0","0","0",,"0","0","0","0","0","0",
"65-Y8UQ-QRLB","X002M8CZO5","B0H513NQ92","KSEWJP Konisches Cocktailsieb aus lebensmittelechtem Edelstahl, feinmaschiger Barfilter spülmaschinenfest für Cocktail, Tee, Saft, Kaffee und Mehl, silber","New","9.49","No",,"Yes","0","0","0","0","0","99.96","0","0","0",,"0","0","0","0","0","0",
"6U-AOEH-A3VB","X002MDE88B","B0H5T7M99W","KSEWJP 2er-Set Helmkinnclip mit Steckverschluss, Universeller Kinnriemen-Verschluss für Fahrradhelm Motorrad E-Bike, Sicherheitsverschluss für Standard-Helmriemen","New","4.99","No",,"Yes","0","0","0","0","0","99.96","0","0","0",,"0","0","0","0","0","0",
"7U-SQVG-NGBR","X002MGO2OX","B0H5YKSFRJ","KSEWJP 5 Stück Taktischer Gürtel Clip Karabiner Schlüsselanhänger Gürtelschnallen mit Haken für Outdoor Camping Rucksack Polizei Zubehör","New","5.79","No",,"Yes","0","0","0","0","0","99.96","0","0","0",,"0","0","0","0","0","0",
"97-NAMB-8YD8","X002MGKNIR","B0H5WYL7MJ","KSEWJP 2 Stück 60MM Dellenzieher, Extra-Starke Saugheber, Beulenzieher Auto, Saugnäpfe für Auto Dellen, Handy, Glasscheiben, Computer-Bildschirme","New","5.99","No",,"Yes","0","0","0","0","0","99.96","0","0","0",,"0","0","0","0","0","0",
"DEJM0601","X002LWQQDD","B0H3ST2VC4","KSEWJP Totenkopf Münze Schlüsselanhänger aus Edelstahl, Silber, Piraten Design, Für Schlüssel, Taschen & Autos, Für Erwachsene","New","5.99","No",,"Yes","0","0","0","0","0","99.96","0","0","0",,"0","0","0","0","0","0",
"DJM26601","X002M9S3OF","B0H4Z177QB","KSEWJP 6 Stück Schwarze Kunststoff Haarkrallen, Modische Haarspangen Klaue für Damen, Starke Haarklammern zur Haarbefestigung","New","7.29","No",,"Yes","29","29","0","0","29","99.96","0","0","0","0","0","0","29","0","0","29",
"DJM26602","X002M9HO9P","B0H4YTR781","KSEWJP Strass Haarkamm Rosa Metall Kristall Haarschmuck für Braut Brautjungfern Hochzeit Party Verlobung 13x6,5cm","New","9.59","No",,"Yes","30","30","0","0","30","99.96","0","0","0","0","0","30","30","0","0","30",
"DJM26603","X002M8IMSD","B0H4Z2QV48","KSEWJP 3 Stück Strass Metall Haarspangen Pferdeschwanz Klaue Clips rutschfest Gold Schwarz Silber für dickes Haar Damen","New","6.99","No",,"Yes","30","30","0","0","30","99.96","0","0","0","0","0","30","30","0","0","30",
"DJM26604","X002MD89P9","B0H4Z6YMWC","KSEWJP Leere Puderdosen mit Spiegel und Puderquasten, 2 Stück wiederverwendbarer Lose-Puder-Behälter aus Kunststoff in Rosa & Silber für Reise und tägliche Make-up-Anwendung","New","6.39","No",,"Yes","29","29","0","0","29","99.96","0","0","0","0","0","0","29","0","0","29",
"DJM26605","X002MCYV1V","B0H4Z26MH8","KSEWJP Eierstecher aus Edelstahl, Manueller Eieröffner, Spülmaschinenfest Eierköpfer, Praktischer Küchenhelfer für rohe, weiche und hart gekochte Eier","New","7.99","No",,"Yes","30","30","0","0","30","99.96","0","0","0","0","0","30","30","0","0","30",
"DJM26606","X002M9RVDT","B0H4ZDL8R1","KSEWJP 4-in-1 Tablettenteiler und Mörser grün, tragbar Tablettenzerkleinerer mit Aufbewahrungsfach und Trinkbecher für Zuhause und Reise","New","6.99","No",,"Yes","30","30","0","0","30","99.96","0","0","0","0","0","0","30","0","0","30",
"DJM26607","X002M9RZS5","B0H4Z9NQ16","KSEWJP 2 Stück Haardonut Duttformer, Ringförmiger Chignon Maker Braun, Einfacher Frisur Helfer für dickes langes Haar, Haardonut für Erwachsene","New","8.00","No",,"Yes","30","30","0","0","30","99.96","0","0","0","0","0","0","30","0","0","30",
"DJM26608","X002M8IN3R","B0H4Z876QV","KSEWJP Retro Quadrat Sonnenbrille Doppelbrücke 70er Vintage Unisex UV400 Schutz Vollrand Braun Gläser Schwarz Rahmen","New","14.99","No",,"Yes","30","30","0","0","30","99.96","0","0","0","0","0","0","30","0","0","30",
"DJM26610","X002MD7X1F","B0H4ZDZ7MZ","KSEWJP Duttformer 4 Stück Vintage Haargummi mit Perlen & Blumen Dekor flexibel Haardreher für mittellange und lange Haare DIY Frisur Zubehör für Alltag Feier Hochzeit","New","8.55","No",,"Yes","30","30","0","0","30","99.96","0","0","0","0","0","0","30","0","0","30",
"DJM266100","X002MFORRL","B0H5QLP65T","KSEWJP Haarknotenformer 2 Stück, Einfacher Donut-Dutt-Maker, Französisches Twist-Faltband für DIY-Frisuren, Ballett-Styling-Zubehör für Damen","New","4.99","No",,"Yes","30","30","0","0","30","784.12","0","0","0","0","0","0","30","0","0","30",
"DJM266101","X002MO6AU9","B0H6FVN3TW","KSEWJP A127 Radio Ausbauwerkzeug 2 Stück Set, Kompatibel mit Opel Corsa C D Agila Astra Meriva Vectra Omega Insignia Zafira, Metall Autoradio Entriegelungswerkzeug","New","6.16","No",,"Yes","29","28","0","0","29","99.96","0","0","0","0","0","0","28","0","1","29",
"DJM266102","X002MI1CML","B0H6B8C5KW","KSEWJP Katzenfutter Löffel 2 Stück, multifunktionaler Drück-Löffel für Katzenleckerlis, Nassfutter, Püree und Flüssigkeit, praktisches Fütterungszubehör für Kätzchen und Katzen","New","6.25","No",,"Yes","30","30","0","0","30","954.38","0","0","0","0","0","0","30","0","0","30",
"DJM266103","X002MFMHHX","B0H5QQDCKM","KSEWJP Überlaufring Waschbecken, 4 Stück Rund Waschbeckenüberlauf Abdeckung, ABS Kunststoff Verchromt, Durchmesser 38mm, Passend für 22-24mm Überlaufloch, Silber","New","7.99","No",,"Yes","30","22","0","0","30","99.96","0","0","0","0","0","0","22","0","8","30",
"DJM266104","X002MFORSZ","B0H5QZDQMV","KSEWJP Edelstahl Eisportionierer, Eiskugelformer Eislöffel Schneeballzange, Vielseitig für Eiscreme Keksteig Falafel, Spülmaschinenfest Küchenwerkzeug","New","6.86","No",,"Yes","30","30","0","0","30","381.65","0","0","0","0","0","0","30","0","0","30",
"DJM266106","X002MO5RU3","B0H6G4DFGP","KSEWJP Weißer Eierpochierer, Mikrowellen-Eierkocher mit 2 Mulden, Antihaftbeschichtung, Deckel und Doppeltem Abfluss, Kompakt für Schnelles Frühstück","New","6.99","No",,"Yes","30","30","0","0","30","99.96","0","0","0","0","0","0","30","0","0","30",
"DJM266107","X002MO5RW1","B0H6MDNZXY","KSEWJP PU Leder Münzbörse Mini Geldbörse Klein Geldbeutel Minimalistisch Münzbeutel Schlüsseltasche für Damen und Herren - Schwarz","New","6.99","No",,"Yes","31","24","0","0","31","99.96","0","0","0","0","0","30","24","0","7","31",
"DJM266108","X002MNYEXP","B0H6FWPJ3L","KSEWJP 6 Stück Abteilklammern Friseur, No-Trace Haarklammern Damen, Rutschfeste Haar Clips für Friseurbedarf & Heimgebrauch, Schwarz","New","4.99","No",,"Yes","31","30","0","0","31","99.96","0","0","0","0","0","0","30","0","1","31",
"DJM266109","X002MI18B1","B0H6BJ133L","KSEWJP 30 Stück Malpinsel Set, 15 Flache & 15 runde Künstlerpinsel, Nylonborsten Malbürsten für Acryl Aquarell Ölfarben, Detailmalerei, Kinder Kunst, Modellieren","New","9.99","No",,"Yes","30","29","0","0","30","99.96","0","0","0","1","0","30","29","0","0","29",
"DJM266110","X002MI1OZB","B0H6B8FPDF","KSEWJP XL Duschhaube für langes dickes Haar, doppellagig wasserdichte Duschkappe, wiederverwendbar waschbar Duschhaube mit elastischem orangen Rand, Schwarz Haarkappe für Damen Herren","New","9.99","No",,"Yes","30","30","0","0","30","99.96","0","0","0","0","0","0","30","0","0","30",
"DJM266111","X002MHVSWL","B0H6BJ3JXC","KSEWJP 300cm Flexible Reinigungsbürste, extra Langer Schiebedach Abflussreiniger, weiche Drahtbürste für Auto Schiebedach, Kraftstofftank, Kühlschrank, Rohrverstopfungen","New","5.59","No",,"Yes","29","29","0","0","30","99.96","0","0","1","0","0","0","29","0","0","29",
"DJM266112","X002MO0F5F","B0H6G187MS","KSEWJP Kleine Haarklammern für Damen und Mädchen, zweireihige Zähne Haarspangen für feines dünnes Haar, rutschfeste quadratische Mini Haarklammern, 8 Stück in 4 Farben","New","9.99","No",,"Yes","31","30","0","0","31","99.96","0","0","0","1","0","0","30","0","0","30",
"DJM266114","X002MO5RV7","B0H6FTYWGC","KSEWJP 2 Stück Selbstklebende Vorhang-Raffhalter L-förmig Ohne Bohren Schwarz Wandmontage Haken für Heimdekoration Wohnzimmer Schlafzimmer","New","10.99","No",,"Yes","30","0","0","0","30","99.96","0","0","0","0","0","30","0","0","30","30",
"DJM266116","X002MFTBN1","B0H5TDKS3X","KSEWJP Multi Kalibrierer Entgrater 16–20–25mm für Mehrschichtverbundrohre, Präzises Kalibrierwerkzeug für PEX-AL-PEX Aluverbundrohr, Sanitär Heizungsbau Installationswerkzeug","New","6.79","No",,"Yes","31","30","0","0","31","99.96","0","0","0","0","0","0","30","0","1","31",
"DJM266118","X002MGKHOR","B0H5VYG3G1","KSEWJP Große Schleife Haarspange mit langem Schwanz Französisches Band Weiche Seidige Satin Haarnadel Metall Bogenknoten Clip 90er Retro Accessoire für Damen (Marineblau)","New","6.09","No",,"Yes","30","30","0","0","30","99.96","0","0","0","0","0","30","30","0","0","30",
"DJM266119","X002MGKR15","B0H5VRKCY9","KSEWJP 10 Stück SS49E Linear Hall-Effekt Sensor IC, Magnetfeldsensor TO-92 Gehäuse, elektronisches Bauteil für Hobby-Elektronik und Magnetfeldmessung, NICHT für E-Bike-Umrüstungen","New","6.99","No",,"Yes","30","30","0","0","30","99.96","0","0","0","0","0","0","30","0","0","30",
"DJM26612","X002MDBFIH","B0H55SKQKN","KSEWJP Wiederverwendbare Damen-Duschhaube Schwarz 33cm Durchmesser dreilagig mit Mikrofaser-Futter für alle Haarlängen","New","9.99","No",,"Yes","30","30","0","0","30","99.96","0","0","0","0","0","0","30","0","0","30",
"DJM266120","X002MJ1TO1","B0H6G1P4B8","KSEWJP 8 Stück Wiederverwendbare Plastik Strohhalme, Hawaii Tropisch Lockige Trinkhalme, Bunte Geburtstagsfeier Dekorationen für Poolparty Sommer Cocktail Partybedarf","New","9.99","No",,"Yes","30","23","0","0","30","99.96","0","0","0","0","0","0","23","0","7","30",
"DJM266121","X002MO86SN","B0H6G6B6SF","KSEWJP Saugnapf Haken, Verbesserter Extra Stark Saughaken, Saugnapfanker für Auto Camping Wohnmobil, 10kg Tragkraft, Wiederverwendbar, Rot Linie, 2 Stück","New","10.64","No",,"Yes","32","1","0","1","32","99.96","0","0","0","0","0","30","1","0","30","31",
"DJM266122","X002MHUCEB","B0H6BRMW8M","KSEWJP 2 Stück Messing Blindstopfen M10, Warm- und Kaltwassereinlass Verschlussstopfen mit Gummidichtringen, Rohrendkappe für Küche Bad Mischbatterie Armaturen","New","7.99","No",,"Yes","30","30","0","0","30","99.96","0","0","0","0","0","0","30","0","0","30",
"DJM266124","X002MO0K3R","B0H6G4SQRT","KSEWJP 2 Stück Nano-Zahnbürste, Ultraweiche Micro-Nano-Borsten, 20.000 Borsten, Sanfte Reinigung für Empfindliches Zahnfleisch, Integrierter Zungenreiniger","New","18.15","No",,"Yes","31","2","0","0","31","99.96","0","0","0","0","0","30","2","0","29","31",
"DJM266126","X002MO5VIV","B0H6MJMCXH","KSEWJP Katzenaugen Vintage Sonnenbrille Damen Retro 90er Jahre Mode Cat Eye Brille UV400 Schutz für Erwachsene Frauen","New","11.99","No",,"Yes","30","23","0","0","30","99.96","0","0","0","0","0","30","23","0","7","30",
"DJM266127","X002MEBURH","B0H5WNN3X3","KSEWJP Große Polarisierte Sonnenbrille Damen Übergroß UV400 Klassische Trendy Brille für Reisen Fahren und Outdoor","New","16.99","No",,"Yes","30","30","0","0","30","99.96","0","0","0","0","0","0","30","0","0","30",
"DJM266128","X002MGKR8N","B0H5WHQZYM","KSEWJP Damen PU Ledergürtel Schwarz mit Goldener Vintage Schnalle, Modischer Damengürtel für Jeans Hosen Kleider, Taillenumfang 68.6-100 cm","New","12.99","No",,"Yes","30","30","0","0","30","99.96","0","0","0","0","0","30","30","0","0","30",
"DJM266129","X002MNYDMR","B0H6FX69TX","KSEWJP Retro Rechteckige Sonnenbrille Dicker Rahmen UV400 Schutz Unisex Vintage Klobige Quadratische Brillen für Damen Herren","New","13.99","No",,"Yes","30","0","0","0","30","99.96","0","0","0","0","0","30","0","0","30","30",
"DJM266130","X002MHVSPD","B0H6BZDSSP","KSEWJP 2 Stück Silikon Reiseflaschen 200ml, nachfüllbar Kosmetik Behälter mit Klappdeckel, auslaufsicher Reise Flaschen für Shampoo Duschgel Gesichtsreiniger","New","7.19","No",,"Yes","28","28","0","0","28","1573.32","0","0","0","0","0","0","28","0","0","28",
"DJM266131","X002MGO2HP","B0H5W5V87B","KSEWJP Retro Randlose Rechteckige Sonnenbrille für Damen und Herren, Y2K Vintage Transparente Brille mit UV400 Schutz, Blaues Gestell Grüne Linsen","New","10.92","No",,"Yes","30","23","0","0","30","99.96","0","0","0","0","0","0","23","0","7","30",
"DJM266132","X002MGKRFV","B0H5WGKDCC","KSEWJP 4-in-1 Multifunktionaler Eierschneider aus Edelstahl, Dunkelblau 20×7×2 cm, Manueller Lebensmittelschneider für Eier, Erdbeeren, Kirschen, Oliven und Datteln","New","11.63","No",,"Yes","30","30","0","0","30","99.96","0","0","0","0","0","0","30","0","0","30",
"DJM266133","X002MO0FHN","B0H6BNRKNQ","KSEWJP Haustier Tablettenfütterer, Pillen Feeder für Hunde und Katzen, Einhand Medikamentenverabreicher, Tabletten Injektor zur stressfreien Medikamentengabe","New","6.99","No",,"Yes","30","30","0","0","30","99.96","0","0","0","0","0","0","30","0","0","30",
"DJM266134","X002MGN1SB","B0H5WFSGNJ","KSEWJP Verstellbarer Elisabethanischer Kragen für Hunde und Katzen, Anti-Biss Anti-Leck Postoperativer Schutzkragen, Hundekegel zur Wundschutz (Halsumfang: 26-29 cm)","New","10.99","No",,"Yes","30","30","0","0","30","99.96","0","0","0","0","0","0","30","0","0","30",
"DJM266136","X002MO5RWB","B0H6MN9PB5","KSEWJP Vintage Polarisiert Sonnenbrille Herren Damen Retro Pilot 70er UV400 Schutz Klassisch Unisex Sonnenbrille","New","16.99","No",,"Yes","29","29","0","0","29","99.96","0","0","0","0","0","30","29","0","0","29",
"DJM266137","X002MISJRH","B0H6FTZWVP","KSEWJP Polarisiert Sonnenbrille Damen Herren, Sechseckige Metallrahmen Sonnenbrille, Ultraleicht 100% UV400 Schutz für Fahren Outdoor Lifestyle","New","19.99","No",,"Yes","30","23","0","0","30","99.96","0","0","0","0","0","0","23","0","7","30",
"DJM266138","X002MO0GIB","B0H6G4631Z","KSEWJP Klassische Rechteckige Sonnenbrille Retro Schlanke Metallrahmen UV400 Schutz Unisex Vintage Sonnenbrille für Damen und Herren","New","16.99","No",,"Yes","30","25","0","0","30","99.96","0","0","0","0","0","30","25","0","5","30",
"DJM266139","X002MI1UI7","B0H6B36WJG","KSEWJP 4 Stück Metall Nähfingerhüte, Fingerschutz zum Nähen Quilten Stickerei, DIY Nähwerkzeug für Handnähen Handarbeiten,","New","4.89","No",,"Yes","30","30","0","0","30","99.96","0","0","0","0","0","0","30","0","0","30",
"DJM26614","X002MC7D2Z","B0H55VKBS5","KSEWJP Wildschweinborsten Haarbürste mit Holzgriff, oval mit Rattenschwanzspitze zum Glätten, Linienausarbeitung und Zurückkämmen","New","6.66","No",,"Yes","30","30","0","0","30","99.96","0","0","0","0","0","0","30","0","0","30",
"DJM266140","X002M9OFF1","B0H4ZM97PD","KSEWJP Fahrradgriffe 2 mm, rutschfeste Gummi Lenkergriffe mit Prallschutz, Fahrradgriffe für Roller Laufrad Dreirad Kinderfahrrad","New","5.51","No",,"Yes","30","30","0","0","30","99.96","0","0","0","0","0","0","30","0","0","30",
"DJM266141","X002M9HPSZ","B0H4ZBF6YX","KSEWJP Gummirollen-Brayer 3,5cm, Andrückrolle Gummiwalze für Linoldruck, Stempeln, Drucken, Tapeten, Scrapbooking und Kunsthandwerk","New","8.19","No",,"Yes","30","30","0","0","30","99.96","0","0","0","0","0","30","30","0","0","30",
"DJM266144","X002M7YBWP","B0H4Z7FSST","KSEWJP Überzieh Sonnenbrillen polarisiert für Damen, Quadratische Groß-Überbrille für Brillenträger UV400 für Autofahren & Outdoor","New","19.99","No",,"Yes","30","30","0","0","30","607.63","0","0","0","0","0","0","30","0","0","30",
"DJM266145","X002MHY8MX","B0H6B752VQ","KSEWJP Gasherd Wok Ring aus Eisen, Rutschfester Mokka Topf Halter, Herdbrenner Reduzierstück, 13,3 x 13,3 x 0,3 cm, für Gasherde & Campingkocher, Schwarz","New","6.99","No",,"Yes","30","30","0","0","30","526.68","0","0","0","0","0","0","30","0","0","30",
"DJM266146","X002MHVACJ","B0H6BGHMSH","KSEWJP Doppellagige Satin Schlafmütze für Damen, rutschfeste Nachtmütze mit verstellbarem Bindeband, Haarhaube für lockiges Haar zum Haarschutz, Tiefschwarz","New","13.99","No",,"Yes","30","30","0","0","30","99.96","0","0","0","0","0","30","30","0","0","30",
"DJM266148","X002MBXAUP","B0H55V5ZCS","KSEWJP Motorrad Schlüsselanhänger mit Motorradhelm Silber, Schlüsselanhänger für Biker Motorradfahrer Männer","New","9.99","No",,"Yes","30","30","0","0","30","99.96","0","0","0","0","0","0","30","0","0","30",
"DJM26615","X002MD078L","B0H4ZD25MD","KSEWJP 5 Stück fertige XXL Rot Schleifen mit Glitzer Netz & Goldfolie, 42cm große Geschenkschleifen für Auto, Hochzeit, Party & Einweihung","New","6.97","No",,"Yes","30","30","0","0","30","1099.9","0","0","0","0","0","0","30","0","0","30",
"DJM266150","X002M9HVL1","B0H4WBBXL4","KSEWJP Ravioliformer Emilia, Ø 7,5 cm Durchmesser, Rostfreier Edelstahl, Mit Praktischen Griffen, Für Ravioli Maultaschen Mini-Calzonen, Spülmaschinengeeignet, Silber, 1 Stück","New","9.99","No",,"Yes","0","0","0","0","0","99.96","0","0","0",,"0","0","0","0","0","0",
"DJM266152","X002MD80RB","B0H4ZPDCRL","KSEWJP 2 Stück Gürtel Ohne Schnalle, Elastischer Unisex Gürtel Mit Klettverschluss, Unsichtbarer Mehrzweck Stretchgürtel Für Freizeit Und Arbeit, Schwarz","New","5.99","No",,"Yes","30","30","0","0","30","99.96","0","0","0","0","0","0","30","0","0","30",
"DJM266153","X002MC2BM7","B0H55L37ZZ","KSEWJP Handzahnbürsten Set 3 Stück ultraweiche Nylonborsten Rechteckkopf in Rosa Orange Grün ergonomischer Kunststoffgriff für Kleinkinder ab 0 bis 3 Jahre","New","7.99","No",,"Yes","30","27","0","3","30","1278.85","0","0","0","0","0","0","27","0","0","27",
"DJM266154","X002M9PWBR","B0H4ZP9C2W","KSEWJP Trockenbürste für Lymphdrainage & Peeling, Natürliches Bambus & Borsten, Ovale Form 12x6,5cm, Manuelle Körperbürste für Dusche & Bad, Geeignet für Alle Hauttypen","New","8.99","No",,"Yes","30","30","0","0","30","99.96","0","0","0","0","0","0","30","0","0","30",
"DJM266155","X002MHUCTL","B0H6B9VXKC","KSEWJP 4 Stück Zahnsteinentferner, Zahnpolierer zur Entfernung von Zahnbelag & Zahnverfärbungen, Sanfte Zahnreinigungsstifte für die häusliche Zahnpflege","New","5.99","No",,"Yes","30","30","0","0","30","99.96","0","0","0","0","0","0","30","0","0","30",
"DJM266156","X002MHYMB5","B0H6BNRX3G","KSEWJP 2 Stück Feder-Gesichtshaarentferner, Manueller Epilierer für Gesichtshaare, Einfädelwerkzeug für Oberlippe, Kinn, Wangen & Hals, für Erwachsene, Schwarz & Rosenrot","New","6.59","No",,"Yes","30","30","0","0","30","399.84","0","0","0","0","0","0","30","0","0","30",
"DJM266157","X002MJ84NZ","B0H6D4QZCL","KSEWJP 2 Stück Elastische Gepäckgurte, Verstellbare Kofferbänder Bungee-Gurte, Robuste Befestigungsgurte für Koffer & Rucksack, Praktisches Reisezubehör, Größe L, Schwarz","New","6.99","No",,"Yes","30","27","0","0","30","99.96","0","0","0","0","0","0","27","0","3","30",
"DJM266160","X002M81NR5","B0H4ZJVBDJ","KSEWJP Polarisierte Halbrahmen Sonnenbrille Unisex für Herren Damen Klassische Retro Rechteckige Sonnenbrille UV400 Schutz Metallrahmen für Autofahren Reisen","New","16.14","No",,"Yes","29","29","0","0","29","99.96","0","0","0","0","0","0","29","0","0","29",
"DJM266161","X002M9PVTP","B0H4ZL7Z9B","KSEWJP Welpen Katzen Geschirr und Leine Set Ausbruchsicher Weich Mesh Verstellbare Weste Atmungsaktiv Gurt für Outdoor Training Gehen","New","10.99","No",,"Yes","30","30","0","0","30","99.96","0","0","0","0","0","0","30","0","0","30",
"DJM266163","X002M7XO1J","B0H4Z1W82S","KSEWJP Polarisiert Sonnenbrille Herren Damen Vintage Eckig Unisex Sonnenbrille mit UV400 Schutz Klassisch Rechteckig 9082","New","12.74","No",,"Yes","28","28","0","0","28","99.96","0","0","0","0","0","0","28","0","0","28",
"DJM266164","X002M9RZMB","B0H4YXP2CS","KSEWJP 2 Stück U-förmige Französische Haarnadeln, flexible French Twist Haarspangen für Damen Frisur Styling Alltag & Festlichkeiten","New","9.99","No",,"Yes","30","30","0","0","30","99.96","0","0","0","0","0","0","30","0","0","30",
"DJM266165","X002M9PZ5Z","B0H4YYBRJB","KSEWJP 12 Stück Saugnäpfe mit Gewinde 45mm, Starke Transparente PVC Saugnäpfe mit Rändelmutter für Camping Wohnwagen Wohnmobil Vorzelte Aquarium Auto Zubehör","New","10.39","No",,"Yes","30","30","0","0","30","99.96","0","0","0","0","0","0","30","0","0","30",
"DJM266166","X002M9SQWJ","B0H4ZM7Z7Y","KSEWJP Flaschenhalter Fahrrad, 360 Grad Rotation Ohne Werkzeug Universeller Getränkehalter für Trinkflasche, Fahrräder, Mountainbike, Kinderwagen, Rollstuhl, Schwarz","New","8.35","No",,"Yes","30","30","0","0","30","99.96","0","0","0","0","0","0","30","0","0","30",
"DJM266167","X002MO6AYZ","B0H6DCY1ZX","KSEWJP 2 Stück Auto Seitenfenster Sonnenschutz, UV-Schutz Mesh Netz aus Polyester, Universal Passform für Heckfenster von PKW SUV Kombi, Schwarz","New","6.99","No",,"Yes","30","26","0","0","30","99.96","0","0","0","0","0","30","26","0","4","30",
"DJM266168","X002MO51D1","B0H6G7CK15","KSEWJP 3 Stück PU Leder Soft Brillenetui Squeeze Top Tragbare Sonnenbrille Tasche Brillentasche für Damen Herren Schwarz One Size","New","6.99","No",,"Yes","30","25","0","1","30","99.96","0","0","0","0","0","30","25","0","4","29",
"DJM266171","X002MI18JN","B0H6DGPM98","KSEWJP 2 Stück Durchsichtige PVC Kosmetiktasche, wasserdichte Kulturtasche mit Reißverschluss, Transparente Reise Kosmetikbeutel für Damen, 20 x 8 x 4 cm","New","6.29","No",,"Yes","30","30","0","0","30","99.96","0","0","0","0","0","30","30","0","0","30",
"DJM266172","X002MO5RMB","B0H6F1BQ3C","KSEWJP 8 Stück L-förmiger Eckenschutz, Transparenter PVC Kantenschutz für Möbel, Stoßdämpfender Ecken-Schutz für Tische, Schränke & scharfe Kanten, 41 x 41 x 14 mm","New","5.99","No",,"Yes","30","30","0","0","30","99.96","0","0","0","0","0","0","30","0","0","30",
"DJM266173","X002MO0F8H","B0H6HD46GS","KSEWJP 2 Stück Saucenkelle Suppenlöffel aus Edelstahl, 16,6 cm robuster Esslöffel, kratzfest & formstabil, Spülmaschinengeeignet für Haushalt und Restaurant","New","11.99","No",,"Yes","30","30","0","0","30","99.96","0","0","0","0","0","30","30","0","0","30",
"DJM266174","X002MGMRS1","B0H63P9M6K","KSEWJP 2-teiliges Möbel-Kolbenschloss Nickel, Schreibtisch Schubladenschloss mit Schlüssel, Universal Schrankverschluss für Aktenschränke, Garderoben, Vitrinen, Schreibtische, Werkzeugschränke","New","6.63","No",,"Yes","30","30","0","0","30","99.96","0","0","0","0","0","0","30","0","0","30",
"DJM266175","X002MG7FSX","B0H679FNX7","KSEWJP Brillenetui Sonnenbrille, EVA Kratzfeste Sonnenbrillen Etui Hardcase mit Karabiner Groß Brillen Etui für Damen Herren Outdoor Sportbrille Fahrradbrille","New","8.99","No",,"Yes","33","30","0","0","33","1462.22","0","0","0","0","0","0","30","0","3","33",
"DJM266176","X002MNYEX5","B0H6JJTK7W","KSEWJP Rechteck Sonnenbrille Unisex Retro 90er Jahre Vintage UV400 Schutz Sonnenbrille für Damen und Herren mit Metallrahmen","New","14.99","No",,"Yes","30","0","0","0","30","99.96","0","0","0","0","0","30","0","0","30","30",
"DJM266177","X002MNYEXZ","B0H6JT5X1Y","KSEWJP Salatbesteck aus massivem Akazienholz 2-teilig 30,5cm Salatgabel und Salatlöffel langgriffiges Servierbesteck für Küche und Restaurant","New","15.98","No",,"Yes","32","25","0","2","32","1910.73","0","0","0","0","0","30","25","0","5","30",
"DJM266178","X002MO86MT","B0H67NHG3Y","KSEWJP Ohrenwärmer für Damen und Herren, Einheitsgröße S-XXL, Winter-Ohrenschützer aus 100% Polyester-Mikrofleece, Hinter-dem-Kopf Design für Ski Snowboard Wintersport","New","14.95","No",,"Yes","30","0","0","0","30","99.96","0","0","0","0","0","30","0","0","30","30",
"DJM266179","X002MO86PB","B0H6M9R5W4","KSEWJP Pilot Nachtfahrbrille für Damen und Herren, Orange Tönung Blaulichtfilter Brille, Anti Blendung Fahrbrille, Brille mit klassischem Fliegerdesign für Autofahren und Computer","New","6.59","No",,"Yes","30","26","0","0","30","99.96","0","0","0","0","0","30","26","0","4","30",
"DJM26618","X002M9QHMZ","B0H4ZHKMKP","KSEWJP Handy Wandhalterung 2 Stück Weiß aus ABS-Kunststoff, Selbstklebende Smartphone Halterung bis 6,5 Zoll mit Kabeldurchlass für Wohnzimmer Schlafzimmer","New","5.99","No",,"Yes","31","31","0","0","31","99.96","0","0","0","0","0","0","31","0","0","31",
"DJM266180","X002MGCBAZ","B0H5WV3J4S","KSEWJP 2 Stück Sattelklemme 31.8mm, Schnellspanner Sattelstütze aus Aluminiumlegierung, Fahrrad Sattelstützenklemme für Rennrad Mountainbike Faltrad, Schwarz","New","4.95","No",,"Yes","29","29","0","0","29","99.96","0","0","0","0","0","30","29","0","0","29",
"DJM266181","X002MGANUP","B0H67LS5Z2","KSEWJP 5-Punkt-Sicherheitsgurt, Universal Ersatz-Sicherheitsgurt für Hochstühle Transportwagen Sitze, Verstellbarer Gurt aus Reißfestem Nylon","New","6.99","No",,"Yes","28","28","0","0","28","99.96","0","0","0","0","0","0","28","0","0","28",
"DJM266182","X002MHUFV1","B0H6DHJGZB","KSEWJP 2 Stück Kegelförmiges Cocktailsieb aus Edelstahl, 2 Größen Feinmaschiges Küchensieb mit Griff, Teesieb für Cocktails, Tee, Mehl, Gewürze & Kräuter","New","10.99","No",,"Yes","30","30","0","0","30","2197.18","0","0","0","0","0","0","30","0","0","30",
"DJM266183","X002MBR07J","B0H55DZ1SP","KSEWJP Runde Haarbürste, Professionelle Friseurbürste zum Entwirren Glätten Föhnen, Antistatische Frizz-Kamm für Lockiges Gewelltes Haar, Gelbe Spitze","New","6.99","No",,"Yes","30","30","0","0","30","253.02","0","0","0","0","0","0","30","0","0","30",
"DJM266184","X002MCWLN1","B0H54ZBL3V","KSEWJP Avocadoschneider 3 in 1, Grün Edelstahl Obstschneider Küchenhelfer zum Schneiden Entkernen und Schöpfen von Frischen Avocados","New","7.99","No",,"Yes","30","29","0","0","30","99.96","0","0","0","1","0","0","29","0","0","29",
"DJM266185","X002MD2YHD","B0H54Z5SF7","KSEWJP 2 Stück Seiden Durag Unisex Langschwanz Kopftuch mit breiten Gurten Hip-Hop Piraten Bandana Schwarz-Weiß Einheitsgröße","New","6.89","No",,"Yes","30","30","0","0","30","636.47","0","0","0","0","0","30","30","0","0","30",
"DJM266186","X002MDQGY5","B0H5BR5VJY","KSEWJP Seifenkiste für Reisen, Wasserdicht Auslaufsicher Versiegelt Tragbar, Rechteckige Reise Seifenbox aus PP für Outdoor Wandern Camping, Schwarz","New","7.99","No",,"Yes","30","30","0","0","30","99.96","0","0","0","0","0","0","30","0","0","30",
"DJM266187","X002MCYIMN","B0H55L343Y","KSEWJP 2 Stück Chiffon Haargummis mit Schleife, Elastische Bowknot Scrunchies Rot, Kaninchenohren Form Haaraccessoires für Damen, Weiche Haargummis für Alle Haartypen","New","4.98","No",,"Yes","30","30","0","0","30","99.96","0","0","0","0","0","0","30","0","0","30",
"DJM266188","X002MC3YVJ","B0H54X5QZZ","KSEWJP 3-in-1 Gitarren-Saitenwerkzeug Saitenschneider Saitenkurbel Bridgepin-Abzieher Multifunktionales Reparaturwerkzeug für Gitarre Bass Ukulele Mandoline Edelstahl Schwarz","New","6.29","No",,"Yes","30","30","0","0","30","99.96","0","0","0","0","0","0","30","0","0","30",
"DJM266189","X002MC40Z3","B0H553X6W1","KSEWJP Christophorus Schlüsselanhänger Silber 30 mm Einheitsgröße, Praktischer Medaillen-Anhänger aus Metall, Vielseitiger Reiseanhänger für Schlüssel Tasche und Gepäck, Unisex Klassischer Accessoire","New","6.79","No",,"Yes","30","30","0","0","30","22.29","0","0","0","0","0","0","30","0","0","30",
"DJM26619","X002M9QJ9L","B0H4ZV7PF2","KSEWJP Bräunungshandschuh mit Daumenausschnitt, waschbarer Selbstbräuner Applikator für Gesicht & Körper, geeignet für Lotion Spray Mousse, wasser- und ölabweisend, 1 Stück in Braun Schwarz Pink verfü","New","4.19","No",,"Yes","30","30","0","0","30","99.96","0","0","0","0","0","0","30","0","0","30",
"DJM266190","X002MHYSDH","B0H6DSBNLX","KSEWJP 2 Stück Verstellbare Lätzchenhalter für Erwachsene, Serviettenhalter mit Metallclips & Kette, Schwarz, für Zuhause und Professionellen Einsatz","New","6.99","No",,"Yes","30","30","0","0","30","99.96","0","0","0","0","0","0","30","0","0","30",
"DJM266191","X002M9I1AV","B0H4YVQQVN","KSEWJP Maulkorb für Hunde Verstellbar Atmungsaktiv Sicher Schneller Sitz Verhindert Beißen Kauen Bellen für Kleine Mittlere Große Hunde (Rot)","New","9.38","No",,"Yes","30","30","0","0","30","99.96","0","0","0","0","0","0","30","0","0","30",
"DJM266192","X002M9UIMZ","B0H4YZLMTB","KSEWJP Maulkorb für Hunde, Verstellbarer Hundemaulkorb mit Atmungsaktivem Netzdesign, Erlaubt Trinken, Verhindert Beißen, Bellen & Überfressen, Robuster Nylon, Größe XS, Schwarz","New","8.59","No",,"Yes","29","29","0","0","29","99.96","0","0","0","0","0","0","29","0","0","29",
"DJM266194","X002MC39ZP","B0H55S5DBP","KSEWJP Hundeleine mit gepolsterter Handschlaufe, reflektierende Führleine aus reißfestem Nylon für kleine, mittlere und große Hunde sowie Welpen, 1.8m x 2.0cm, Schwarz","New","8.99","No",,"Yes","30","30","0","0","30","99.96","0","0","0","0","0","0","30","0","0","30",
"DJM266195","X002MC7C2B","B0H54Z39B9","KSEWJP Nachfüllbarer Parfümzerstäuber aus Metall, 5ml Reiseparfümflasche ohne Trichter befüllbar, zylindrische Sprühflasche Schwarz 1,9x1,9x8,8cm für Handtasche Reise","New","9.99","No",,"Yes","30","30","0","0","30","99.96","0","0","0","0","0","0","30","0","0","30",
"DJM266196","X002MBR16J","B0H55NCGFH","KSEWJP Mini Geldbeutel, PU Leder Portemonnaie mit Kartenhalter und Quaste, Reißverschluss Geldbörse für Frauen und Teenager (Lichtrosa)","New","6.59","No",,"Yes","30","30","0","0","30","99.96","0","0","0","0","0","30","30","0","0","30",
"DJM266198","X002MD03YT","B0H55H4WN4","KSEWJP 5 Stück Unsichtbare Reißverschlüsse 40cm, Nylon Nähreißverschlüsse Weiß mit Metallteil, Nicht Teilbar für Kleidung Hosen Kissen Taschen Kissenbezüge Nähzubehör","New","5.49","No",,"Yes","28","28","0","0","28","99.96","0","0","0","0","0","0","28","0","0","28",
"DJM266199","X002MD6K41","B0H54CVPNR","KSEWJP Haarspange mit Schleife für Damen, Französische Große Satinschleife Haarklammer, Elegante Metall Haarschleife für Erwachsene, Gelb","New","7.39","No",,"Yes","30","30","0","0","30","99.96","0","0","0","0","0","0","30","0","0","30",
"DJM26620","X002MBR3UX","B0H55LDKQS","KSEWJP 24 Stück Spirale Haarnadeln mit Strass und Perlen, silberne elegante Hochzeit Haarspangen für Damen Frisursteckung","New","6.99","No",,"Yes","30","30","0","0","30","1016.65","0","0","0","0","0","0","30","0","0","30",
"DJM266200","X002M8JTWB","B0H54MBVBR","KSEWJP Unisex Vintage Rechteckige Sonnenbrille 90er Retro Schmale Brille UV400 Schutz für Damen Herren Outdoor Fahren Reisen","New","8.99","No",,"Yes","30","30","0","0","30","99.96","0","0","0","0","0","0","30","0","0","30",
"DJM266202","X002MD8DOB","B0H555Z82X","KSEWJP Federmäppchen, Federtasche Pencil Case mit 4 Fächern, Stifte Etui für Schule & Büro, Beige","New","7.99","No",,"Yes","30","0","0","0","30","99.96","0","0","0","0","0","30","0","0","30","30",
"DJM266204","X002MO5PPZ","B0H6F2WC29","KSEWJP 6 Stück Transparente Türklinken-Puffer, 18 mm Innendurchmesser, elastischer Türgriff Stoßdämpfer, bohrfrei wiederverwendbar, Schutz für Wände und Möbel","New","5.09","No",,"Yes","30","1","0","0","30","99.96","0","0","0","0","0","30","1","0","29","30",
"DJM266209","X002MO0JBZ","B0H6M2HBKM","KSEWJP Hitzeschutzhandschuhe Hitzebeständig Feuerfest, Schwarz Kochhandschuhe für Backen Küche Grillen Schweißen, Fünf-Finger-Design Neopren Einheitsgröße","New","5.99","No",,"Yes","33","0","0","3","33","99.96","0","0","0","0","0","30","0","0","30","30",
"DJM266210","X002MG6XX1","B0H67PJ86Z","KSEWJP 2 Paar Fingerlose Baumwollhandschuhe, UV-Schutzhandschuhe für Gel-Nagellampen, Touchscreen-Tauglich, Atmungsaktiv, Weiß, Einheitsgröße für Damen und Herren","New","5.99","No",,"Yes","30","30","0","0","30","99.96","0","0","0","0","0","0","30","0","0","30",
"DJM266211","X002MNYEZD","B0H67PTBV3","KSEWJP Retro Ovale Sonnenbrille für Damen Trendige Leichte Schmale Cat-Eye Sonnenbrille mit 100% UV400 Schutz","New","15.99","No",,"Yes","30","0","0","0","30","99.96","0","0","0","0","0","30","0","0","30","30",
"DJM266212","X002MG6ODF","B0H67SP93R","KSEWJP Schwarze Vintage Flat Top Sonnenbrille, Oversized Quadratische Unisex Sonnenbrille UV400 für Fahren Street Style Outdoor Zubehör","New","6.99","No",,"Yes","30","30","0","0","30","99.96","0","0","0","0","0","0","30","0","0","30",
"DJM266213","X002MNYDOZ","B0H6DVZG6D","KSEWJP 2 Stück Lochabdeckung für Küchenspüle, 50mm Edelstahl & ABS Wasserhahn Lochstopfen, Auslaufsicher Blanking Platte für Spüle & Waschbecken, Weiß","New","9.99","No",,"Yes","30","30","0","0","30","99.96","0","0","0","0","0","30","30","0","0","30",
"DJM266214","X002MO60LN","B0H6PSK7CP","KSEWJP 20 Stück Blond Haarnetze mit Elastischem Rand, Unsichtbare Haarknotenhalter für Ballett Tanz Krankenschwester Koch, Inklusive 20 U-förmigen Haarnadeln","New","5.88","No",,"Yes","30","0","0","0","30","99.96","0","0","0","0","0","30","0","0","30","30",
"DJM266215","X002MC2CFD","B0H58LW5BH","KSEWJP 2 Stück Foundation Make-up Pinsel, Premium Kabuki Pinsel, Doppelendiger Konturpinsel für flüssiges Puder, Concealer, Creme, Rouge","New","9.99","No",,"Yes","30","30","0","0","30","99.96","0","0","0","0","0","0","30","0","0","30",
"DJM266217","X002M8Z1OL","B0H58766LB","KSEWJP 2 Stück Auto Detailingbürste, Weiche Nylonborsten Innenraum Reinigungsbürste, Kratzfrei Staubbürste für Lüftungsschlitze & Armaturenbrett, für Auto & Haushalt, Schwarz","New","6.99","No",,"Yes","30","30","0","0","30","99.96","0","0","0","0","0","0","30","0","0","30",
"DJM266219","X002MD7KOP","B0H58K4S93","KSEWJP Rote Haarschleife Große Französische Haarspange Damen Seidige Satinbänder Langschwanz Retro Haarschmuck Pferdeschwanz Halter","New","6.39","No",,"Yes","31","30","0","0","31","99.96","0","0","0","0","0","0","30","0","1","31",
"DJM26622","X002MDKA0L","B0H5BDTWX2","KSEWJP 2 Stück Holz Haarkamm glatt poliert Naturholz, lustiges Scherzgeschenk für glatzköpfige Erwachsene Männer braun Tischdekoration","New","6.50","No",,"Yes","30","30","0","0","30","99.96","0","0","0","0","0","0","30","0","0","30",
"DJM266220","X002MCXRHF","B0H58FS3FT","KSEWJP Große Satin Schleife Haarspangen Langer Schwanz Französisches Band Metall Bogenknoten Clips 90er Jahre Retro Haarschmuck für Frauen Mädchen (Rot)","New","5.29","No",,"Yes","30","30","0","0","30","527.83","0","0","0","0","0","0","30","0","0","30",
"DJM266221","X002MD8823","B0H589B8RC","KSEWJP Y2K Stern & Mond Taillenkette für Frauen, Metall Chunky Kette Gürtel, Verstellbar, Silber, 105 cm","New","9.34","No",,"Yes","30","30","0","0","30","99.96","0","0","0","0","0","30","30","0","0","30",
"DJM266223","X002MDAMUJ","B0H588MZT6","KSEWJP Große Haarschleife für Erwachsene Damen, Glitzer Stoff Haarnadel mit Schleife, blau, 20x15cm, Für Alle Haartypen, Geeignet für Formelle Anlässe & Alltag","New","6.99","No",,"Yes","30","30","0","0","30","99.96","0","0","0","0","0","0","30","0","0","30",
"DJM266224","X002MM5LLZ","B0H6B6LVZ6","KSEWJP Breiter elastischer Taillengürtel für Damen, Stretch Cinch Gürtel mit Metallverschluss, modischer Stretchbund für Kleider, Mäntel und Jacken","New","10.99","No",,"Yes","30","30","0","0","30","99.96","0","0","0","0","0","0","30","0","0","30",
"DJM266225","X002MC7G6D","B0H5896GS5","KSEWJP 2er-Pack Abflusssieb Edelstahl, Verstopfungsschutz für Küchenspüle Waschbecken, Spülensieb mit Griff, 11 x 7 x 2 cm","New","8.59","No",,"Yes","30","30","0","0","30","99.96","0","0","0","0","0","30","30","0","0","30",
"DJM266226","X002MC5ABB","B0H5896RJH","KSEWJP 4 Stück Abflusssieb Silikon, Haarfänger Dusche Abflussabdeckung, 13,5x13,5cm Duschabflussfilter für Badewanne, Küche, Waschbecken, Grau & Weiß","New","6.99","No",,"Yes","30","30","0","0","30","99.96","0","0","0","0","0","0","30","0","0","30",
"DJM266227","X002MBQZW5","B0H58D22JD","KSEWJP Knopf Anziehhilfe mit Einhandbedienung, Knopfhaken mit Drahtschlaufe & Zipper Pull Helper, Anziehhilfe für Senioren & Menschen mit Arthritis, ABS Edelstahl PVC","New","7.04","No",,"Yes","30","30","0","0","30","99.96","0","0","0","0","0","0","30","0","0","30",
"DJM266228","X002MI108R","B0H6CZRRS1","KSEWJP Sonnenblume Katzenhalskrause, weiches Flauschiges Erholungshalsband mit verstellbarem Zugband, hautfreundlicher Schutzkragen nach Operationen für Katzen und kleine Hunde, Größe S Gelb","New","5.79","No",,"Yes","30","30","0","0","30","873.59","0","0","0","0","0","30","30","0","0","30",
"DJM266229","X002MBR32V","B0H587RW2W","KSEWJP 2 Stück Hand-Gesichtshaarentferner, Feder-Epilierer für Gesichtshaare, Manuelles Einfädelwerkzeug für Frauen, Tragbare Beauty-Werkzeuge, Zufällige Farbe","New","5.59","No",,"Yes","29","29","0","0","29","99.96","0","0","0","0","0","0","29","0","0","29",
"DJM26623","X002MCJIAZ","B0H4ZRJW1T","KSEWJP Teigschneider aus Edelstahl, Manuelle Nudelmaschine, Pasta Maker für die Herstellung von Spaghetti und Nudeln, Küchenwerkzeug","New","7.88","No",,"Yes","30","24","0","6","30","99.96","0","0","0","0","0","0","24","0","0","24",
"DJM266230","X002MNYERV","B0H6JPV9F4","KSEWJP 3 Stück Flaschenöffner Edelstahl, Bierflaschenöffner mit rutschfestem Gummi-Griff, Flaschenöffner für Küche, Bars, Restaurants & Outdoor, Schwarz","New","7.99","No",,"Yes","33","29","0","3","33","99.96","0","0","0","1","0","0","29","0","0","29",
"DJM266234","X002MHXGHV","B0H6DFR6PG","KSEWJP 2 schwarze Schaumstoffverpackungen, Aluminium-Kletterverschlüsse, Multifunktions-Schnellhanger im Freien","New","8.99","No",,"Yes","30","30","0","0","30","99.96","0","0","0","0","0","0","30","0","0","30",
"DJM266235","X002MD166D","B0H58FJT4B","KSEWJP Edelstahl Eierköpfer, Manueller Eierschneider für Weich- und Hartgekochte Eier, Tragbar, Geeignet für Hühner- und Enteneier","New","7.99","No",,"Yes","30","30","0","0","30","99.96","0","0","0","0","0","0","30","0","0","30",
"DJM266236","X002M9LXUV","B0H588LCQM","KSEWJP Kompass Outdoor Stoßfest Wasserdicht Tragbar mit Leuchtfunktion für Camping Wandern Bergsteigen Outdoor Aktivitäten","New","6.99","No",,"Yes","30","30","0","0","30","99.96","0","0","0","0","0","0","30","0","0","30",
"DJM266237","X002M8X7VZ","B0H587DYH3","KSEWJP Silikon Fingerspitzen 16 Stück, 4 Größen Fingerschutz Pads, Anti-Rutsch Fingerhüte für Geldzählen, Nähen, Stricken, Gitarrenspielen, Blau & Aquamarin","New","12.99","No",,"Yes","30","29","0","0","30","99.96","0","0","0","0","0","0","29","0","1","30",
"DJM26624","X002MO6AZT","B0H6JQ933R","KSEWJP Wandhaken 5er Set massives Gusseisen Garderobenhaken rustikales Vintage Antik Design schwarz rostbraun für Flur Bad Küche Werkstatt mit passenden Schrauben","New","14.99","No",,"Yes","51","5","0","21","51","99.96","0","0","0","0","0","30","5","0","25","30",
"DJM266240","X002M8YR6J","B0H583XGGW","KSEWJP Bakelit-Topfgriff Ersatz, Verbrühungssicher Langer Griff mit Schraube, Universeller Einheitsgriff für Töpfe und Pfannen, Küchenkochgeschirr Ersatzteil","New","6.88","No",,"Yes","24","23","0","1","24","99.96","0","0","0","0","0","0","23","0","0","23",
"DJM266241","X002MO0JHJ","B0H6D4Q3SZ","KSEWJP Hand-Fruchtschneider hellblau, ergonomischer Hebel-Schneider für kleine Früchte, zum Schneiden von Trauben, Kirschtomaten, praktisches Küchenwerkzeug","New","10.99","No",,"Yes","21","21","0","0","21","99.96","0","0","0","0","0","0","21","0","0","21",
"DJM266243","X002MSAJXT","B0H6PQW484","KSEWJP 5 Stück Edelstahl-Fingerschutz, Sichere Schneideschutz, Küchenfingerschutz zum Schneiden, Würfeln und Hacken","New","7.49","No",,"Yes","30","25","0","0","30","99.96","0","0","0","0","0","30","25","0","5","30",
"DJM266244","X002MCXP5T","B0H58FXCFR","KSEWJP Gestrickte Skimaske Winter Sturmhaube mit 2 Löchern, Elastische Ski Gesichtsabdeckung für Erwachsene, Ideal für Outdoor Aktivitäten wie Skifahren & Radfahren","New","6.99","No",,"Yes","30","30","0","0","30","2524.43","0","0","0","0","0","0","30","0","0","30",
"DJM266245","X002M8YNZJ","B0H58C444D","KSEWJP Polarisiert Clip-On Nachtfahrbrille Gelb PC Gläser Blendfrei Halbrahmen Autofahrerbrille für Brillenträger Unisex","New","4.99","No",,"Yes","30","24","0","0","30","99.96","0","0","0","0","0","0","24","0","6","30",
"DJM266246","X002MD7IVF","B0H586YL78","KSEWJP 2 Stück Große Französische Haarspangen mit Schleife, Für Dickes & Feines Haar, Damen & Mädchen Haarschmuck Accessoires, Schwarz+Beige","New","10.99","No",,"Yes","30","30","0","0","30","99.96","0","0","0","0","0","0","30","0","0","30",
"DJM266247","X002M8YDM7","B0H587R3BY","KSEWJP Große Gelbe Haarschleife 39cm, Übergroße Tüll Haarklammer mit Seidigem Schleifenschwanz, Klassische Haar-Accessoires für Damen Mädchen Teenager","New","13.64","No",,"Yes","30","30","0","0","30","99.96","0","0","0","0","0","30","30","0","0","30",
"DJM266248","X002MHXTOV","B0H6D81D7D","KSEWJP Billard Kreidehalter,Chalk Bag Billard,Snooker Kreidehalter,Kreidehalter Billard,Snooker Pool Billard Queue Kreidehalter,Snooker Billard Kreidehalter Tasche Pu Leder Portable Pouch","New","7.59","No",,"Yes","30","30","0","0","30","99.96","0","0","0","0","0","0","30","0","0","30",
"DJM266249","X002MI182Z","B0H6DNRWC6","Lenkradbezug, Ethno-Stil, Mikrofaser, atmungsaktiv, rutschfest, 37-38 cm, universell","New","6.47","No",,"Yes","0","0","0","0","0","99.96","0","0","0",,"0","0","0","0","0","0",
"DJM26625","X002MC2C0X","B0H55LYKW4","KSEWJP 5 Stück Gesichtsmaske Pinsel Set, Make-up Pinsel mit transparentem Kunststoffgriff, Kosmetik Werkzeuge für die Gesichtsmaske Anwendung","New","6.99","No",,"Yes","30","30","0","0","30","250.39","0","0","0","0","0","0","30","0","0","30",
"DJM266250","X002MNYDGN","B0H6DQWJZZ","KSEWJP Zahlenkerze Zahl 1, gelbe Glitzer Geburtstagskerze mit Biene und Gänseblümchen, Kuchenkerze Deko für Mädchen 1. Geburtstag, Honigbiene Party Kuchentopper","New","5.99","No",,"Yes","30","26","0","0","30","99.96","0","0","0","0","0","30","26","0","4","30",
"DJM266251","X002MFPCEN","B0H5PT7R9H","KSEWJP 4 Stück 70mm Cantilever Fahrrad Bremsbeläge, Bremsgummi Bremsbacken mit Muttern und Distanzstücken für Fahrradbremsen","New","7.99","No",,"Yes","30","30","0","0","30","99.96","0","0","0","0","0","0","30","0","0","30",
"DJM266253","X002MFTBMH","B0H5PRH8HX","KSEWJP 100 Stück Gardinengleiter aus Kunststoff weiß 17.8 mm Gardinenrollen Gleithaken für Fenster Tür Duschvorhangschienen","New","6.49","No",,"Yes","30","23","0","0","30","99.96","0","0","0","0","0","30","23","0","7","30",
"DJM266257","X002MNYDTF","B0H6J7PDP1","KSEWJP Große Haarspange mit Schleife, Französische Satin Haarschleife Damen, Lila Haarclips mit langem Band, Elegante Schmetterlingsform Haarbarrette für Erwachsene","New","6.39","No",,"Yes","30","0","0","0","30","99.96","0","0","0","0","0","30","0","0","30","30",
"DJM266258","X002MGMUF1","B0H5X3VFH6","Haspenschloss mit Schlüssel, 2,5 Zoll Silber Drehknopf Schloss, Zinklegierung & Eisen, für Schrank Schublade Briefkasten Möbel Türriegel Sicherheitsverriegelung","New","7.99","No",,"Yes","31","29","0","2","31","99.96","0","0","0","0","0","30","29","0","0","29",
"DJM26626","X002MC1ZLF","B0H556DDXC","KSEWJP 2 Stück Volumen Haarclips braun aus Nylon & Metall, unsichtbar Bump-Up Clip für mehr Haarvolumen, Haar Accessoire für alle Haartypen","New","5.99","No",,"Yes","30","30","0","0","30","99.96","0","0","0","0","0","0","30","0","0","30",
"DJM266260","X002MR9KFX","B0H6PS29CJ","KSEWJP Lockpfeife Entenlockpfeife für Entenjagd Outdoor Aktivitäten Vielseitiger Jagdlock mit Seil Ideal für Enten Hühner und Gänse","New","7.99","No",,"Yes","30","20","0","1","30","99.96","0","0","0","0","0","30","20","0","9","29",
"DJM266261","X002MO5VFT","B0H67BW74H","KSEWJP Seidenhaube für Männer und Frauen, Verstellbare Satin Schlafmütze mit Elastischem Band, Weiche Haarkappe zum Schlafen für Haarpflege, Schwarz","New","5.68","No",,"Yes","30","21","0","1","30","99.96","0","0","0","0","0","30","21","0","8","29",
"DJM266262","X002MO0GL3","B0H66ZZ81Y","KSEWJP 12 Stück Satin Scrunchies schwarz, kleine elastische Haargummis, seidige Haarbänder, schonend für dünnes & dickes Haar, Pferdeschwanz Haaraccessoires","New","6.99","No",,"Yes","30","22","0","0","30","99.96","0","0","0","0","0","30","22","0","8","30",
"DJM266263","X002MO5V9F","B0H66TL33V","KSEWJP 2 Stück Schuppenkamm Läusekamm Extra Fein Kunststoff Flohkamm Dandruff Kamm für Frauen Männer Kinder Haustiere Alle Haartypen Grün","New","5.99","No",,"Yes","31","0","0","1","31","99.96","0","0","0","0","0","30","0","0","30","30",
"DJM266267","X002MG8M67","B0H672H6J4","KSEWJP Rahmenlose rechteckige Sonnenbrille Vintage Retro für Damen Herren, Diamantschliff Gläser 100% UVA UVB Schutz, klassische quadratische Brille mit Brillenband & Zubehör","New","11.89","No",,"Yes","30","0","0","0","30","99.96","0","0","0","0","0","30","0","0","30","30",
"DJM266269","X002MGCBP5","B0H63CD3YQ","KSEWJP 2 Stück Gold Kupfer Metall Waschbecken Überlaufring, Überlauf Abdeckung für Badezimmer Küche, Passend für 22-24 mm Überlauflöcher","New","5.59","No",,"Yes","30","30","0","0","30","99.96","0","0","0","0","0","0","30","0","0","30",
"DJM26627","X002MC41RP","B0H5562MP6","KSEWJP 4 Stück Perlen-Sicherheitsnadeln 7,9 cm Gold Kunstperlen-Brosche aus Metall Kunststoff, dekorative Hosenbundspanner für Pullover Schal Rock Kleidung Tasche","New","5.29","No",,"Yes","30","30","0","0","30","99.96","0","0","0","0","0","0","30","0","0","30",
"DJM266270","X002M9UXPR","B0H4ZMRPL6","KSEWJP Harzknöpfe rund 21mm flach mit 4 Löchern, dunkelblau Hornoptik, 6 Stück zum Aufnähen für Jacken Mäntel Strickjacken und Handarbeiten","New","4.19","No",,"Yes","30","29","0","0","30","99.96","0","0","0","1","0","0","29","0","0","29",
"DJM266271","X002MC2Q27","B0H55F7V25","KSEWJP 30 Stück Mini Haarspangen, 3 cm Kleine Haarclips, Bunte Haarspangen für Feines Haar, Haar Klammern mit Aufbewahrungsbox","New","6.99","No",,"Yes","30","30","0","0","30","99.96","0","0","0","0","0","0","30","0","0","30",
"DJM266272","X002MBR2IL","B0H55GVCW4","KSEWJP Tierhaarentfernerbürste, Wiederverwendbarer Gummibürste für Tierhaare, Hundehaarentferner für Teppich, Kleidung, Möbel, Sofa, Autoinnenräume, Katzenhaarentfernerkamm","New","5.79","No",,"Yes","30","30","0","0","30","99.96","0","0","0","0","0","0","30","0","0","30",
"DJM266273","X002MCXRAH","B0H4ZNP7XL","KSEWJP Sport Stirnbänder 5 Stück, Dünne elastische Haarband mit Anti-Rutsch Silikon, Atmungsaktive Sportkopfband für Laufen, Yoga, Fitness, Tennis, Herren & Damen","New","6.99","No",,"Yes","30","30","0","0","30","99.96","0","0","0","0","0","0","30","0","0","30",
"DJM266274","X002M9KRZN","B0H4ZLHCYK","KSEWJP Goldene Haarspange Metall, Minimalistische Schnappspange, Elegant Haarclip für Damen, Stabiler Haargummi Ersatz für Dutt & Halblange Haare, Boho Haargummi Ersatz für Alltag Büro Feier","New","8.99","No",,"Yes","30","30","0","0","30","99.96","0","0","0","0","0","0","30","0","0","30",
"DJM266275","X002M9HVJD","B0H4ZGYZ24","KSEWJP 5 Stück U-förmige Haarnadeln für Dutt, Große Haarnadeln für Dickes Haar, Extra Halt, Französische Haarnadeln, Retro Bobby-Pins für Frauen, 5 Farben, Haarsicherung & Dekoration","New","14.42","No",,"Yes","0","0","0","0","0","99.96","0","0","0",,"0","0","0","0","0","0",
"DJM266276","X002M9PYV5","B0H4ZC5QNY","KSEWJP 20 Paar Ohrstöpsel mit Schnur, Wiederverwendbare Silikon Gehörschutzstöpsel, 25 dB Lärmreduzierung, Wasserdicht Gehörschutz für Schwimmen, Schlafen, Arbeiten, Reisen & Konzerte, Blau-Orange","New","5.99","No",,"Yes","29","29","0","0","29","99.96","0","0","0","0","0","0","29","0","0","29",
"DJM266278","X002MJBTBJ","B0H66Y96JW","KSEWJP Sparschäler 304 Edelstahl Kartoffelschäler Gemüseschäler Spargelschäler, für Gemüse & Obst Kartoffel Gurke Karotte Apfel Tomate Birne Schäler","New","5.99","No",,"Yes","30","30","0","0","30","500.3","0","0","0","0","0","0","30","0","0","30",
"DJM26628","X002MC3TWN","B0H5539638","KSEWJP Große Pull Schleife Blau 5 Stück Riesengeschenkschleife aus Polypropylen für Geschenkverpackung Auto Hochzeit Party Dekoration","New","10.99","No",,"Yes","0","0","0","0","0","99.96","0","0","0",,"0","0","0","0","0","0",
"DJM266280","X002MJBVDF","B0H66W78HC","KSEWJP 2 Stück Latte Macchiato Löffel, 17 cm Edelstahl 304 Eislöffel Lang, Longdrinklöffel Rührlöffel für Cocktail Kaffee Tee Milchshake Eisbecher Dessert, Minimalistisch Silber","New","5.39","No",,"Yes","30","30","0","0","30","99.96","0","0","0","0","0","0","30","0","0","30",
"DJM266281","X002MO7NSR","B0H6DZX433","KSEWJJP Handy Signal Schirmtasche, Kohlefaser Textur Abschirmhülle, Antimagnetische Tasche mit Klettverschluss und Metallring, Abschirmung für NFC & Handysignale, geeignet für Smartphones bis 7,8 Zoll","New","9.99","No",,"Yes","29","29","0","0","30","387.06","0","0","1","0","0","0","29","0","0","29",
"DJM266283","X002MG7RJP","B0H675QS5Z","KSEWJP Fahrradgriffe 22 mm, Weiche TPR Gummi Lenkergriffe mit Prallschutz, rutschfeste Griff für Fahrrad Roller Laufrad Dreirad","New","7.59","No",,"Yes","0","0","0","0","0","99.96","0","0","0",,"0","0","0","0","0","0",
"DJM266285","X002MO5PY1","B0H6G42QHW","KSEWJP 4 Stück Elastische Stirnbänder mit Schleife, Weiche Spandex Haarband für Damen, Modische Kopfbänder für Alltag, Pflege, Fotoshooting & Geschenk, 4 Farben","New","8.81","No",,"Yes","29","0","0","0","29","99.96","0","0","0","0","0","0","0","0","29","29",
"DJM266286","X002MKX993","B0H6LZKLVH","KSEWJP Diamantbit Flamme (Roter Ring) Nagelfräser Aufsatz, Maniküre Pediküre Schleifaufsatz für Elektrische Nagelfräser, Fein Abrasion, Passend für 2.35mm Geräte, FA10R023/10","New","4.75","No",,"Yes","30","22","0","0","30","99.96","0","0","0","0","0","0","22","0","8","30",
"DJM266287","X002MJOZQP","B0H6JS4T3C","KSEWJP 6er Pack Haarkämme für Damen, Französische Haarschmuck, Kunststoff Seitenkamm mit Twist Design für Hochzeit und Alltag (Schwarz, Dunkelbraun, Kaffee)","New","5.89","No",,"Yes","30","24","0","0","30","99.96","0","0","0","0","0","30","24","0","6","30",
"DJM266288","X002MNYEW1","B0H6J64JGL","KSEWJP Kosmetiktasche aus Leinen, Niedliche Katzen Make-up Tasche mit Reißverschluss, Vielseitige Aufbewahrungstasche für Katzenliebhaber Damen, Reise Tasche für Toilettenartikel","New","5.79","No",,"Yes","29","29","0","0","29","99.96","0","0","0","0","0","0","29","0","0","29",
"DJM26629","X002MHYX2X","B0H69S352Y","KSEWJP Wasserhahn Luftsprudler Matt, 360° drehbar Strahlregler mit 2 Strahlarten, Ersatz Brausekopf für Küchenarmaturen, Wassersparender Wasserhahn Aufsatz M22 Innengewinde, Spritzschutz Perlator für","New","10.99","No",,"Yes","30","30","0","0","30","99.96","0","0","0","0","0","0","30","0","0","30",
"DJM266290","X002MO7NVT","B0H6M5FLYL","KSEWJP 8 Stück Bettdeckenhalter, nadelfreie Bettbezug Clips, rutschfeste Steppdeckenspangen zum Befestigen von Bettwäsche, Vorhängen und Kleidung","New","8.49","No",,"Yes","30","0","0","0","30","99.96","0","0","0","0","0","30","0","0","30","30",
"DJM266291","X002MJRCID","B0H6J7JZ41","KSEWJP Kleine Runde Polarisierte Sonnenbrille, Vintage Metallrahmen Retro Brille, Steampunk Stil Unisex Sonnenbrille für Männer Frauen, Strandbrille für Outdoor Alltag(Schwarz)","New","4.69","No",,"Yes","30","23","0","0","30","99.96","0","0","0","0","0","0","23","0","7","30",
"DJM266292","X002MO7VEN","B0H6HN1F7F","KSEWJP Brieföffner aus Zinklegierung, Retro Baum-des-Lebens Gravur Umschlagöffner, dekorativer Briefmesser für Büro, Haushalt, ideal als Geschenk","New","5.89","No",,"Yes","30","23","0","0","30","99.96","0","0","0","0","0","30","23","0","7","30",
"DJM266293","X002MJSGBZ","B0H6JHKDFF","KSEWJP 10 Stück 360° Fingerzahnbürste aus Silikon, Zahnbürste für Hund Katze Welpen Kleine Haustiere, Zahnreinigungs-Set für Haustier Zahnpflege","New","7.49","No",,"Yes","30","24","0","0","30","99.96","0","0","0","0","0","0","24","0","6","30",
"DJM266294","X002MJW5IP","B0H6JQWWLG","KSEWJP Tapetennahtroller, Flache Andrückroller Kantenroller Hand Druckwalze, Nahtrolle für Tapete Naht Dekoration Werkzeug, Geeignet für Normale & Verdickte Tapeten Vliesstoffe Stofftapeten","New","12.99","No",,"Yes","30","0","0","1","30","99.96","0","0","0","0","0","30","0","0","29","29",
"DJM266295","X002MO7V93","B0H6LSKNYP","KSEWJP Leere Puderdose mit Sieb & Spiegel, nachfüllbare Lose-Puder Box mit Puderquaste und Löffel, tragbare Make-up Aufbewahrung für Fixierpuder, Rouge, ideal für Reisen","New","7.49","No",,"Yes","30","30","0","0","30","99.96","0","0","0","0","0","30","30","0","0","30",
"DJM266296","X002MNYDF9","B0H6JR7KY7","KSEWJP Retro Polygon Sonnenbrille für Damen & Herren, Vintage Achteck Modebrille mit Metallrahmen, UV400 Schutz, leicht","New","14.59","No",,"Yes","30","0","0","0","30","99.96","0","0","0","0","0","30","0","0","30","30",
"DJM266297","X002MO5RLH","B0H6M6QFSV","KSEWJP Hülle für iPhone 13/14, Magnetische Militärische Fallschutz Handyhülle Anti-Vergilbung, Stoßfest Robuste Schutzhülle für 6,1 Zoll iPhone 13/14","New","5.99","No",,"Yes","30","30","0","0","30","99.96","0","0","0","0","0","30","30","0","0","30",
"DJM266298","X002MJMYDB","B0H6JBR3BN","KSEWJP 60. Geburtstag Deko für Frauen, Roségoldene Geburtstagsschärpe und Tiara Krone mit Strass, Geburtstagsgürtel Set mit Perlennadel, Geburtstagsgeschenk für 60-jährige Damen","New","7.49","No",,"Yes","30","30","0","0","30","99.96","0","0","0","0","0","0","30","0","0","30",
"DJM266299","X002MI2I1Z","B0H6DZMVTR","Tablettenbox 7 Tage, Großen Medikamentenbox Pillendose Deutsch, BPA-freier tragbarer Pillenbox für Fischöl, Medikamente, Vitamine,Nahrungsergänzungsmittel (Schwarz)","New","5.43","No",,"Yes","30","30","0","0","30","99.96","0","0","0","0","0","0","30","0","0","30",
"DJM26630","X002MCZB51","B0H5591SM8","KSEWJP Polyester Nähgarn Schwarz 2 Spulen je 100m insgesamt 200m, Hand- und Maschinennähfaden für Jeans Segeltuch Quilten Reparatur","New","3.99","No",,"Yes","28","28","0","0","28","99.96","0","0","0","0","0","0","28","0","0","28",
"DJM266300","X002MO0JID","B0H6F9MWLL","KSEWJP 2 Stück Haartrockner Kammaufsatz, Schwarz Ausblaskappe, Profi Haartrockner Düse, Friseur Styling Aufsatz für die meisten Standard Haartrockner","New","6.88","No",,"Yes","33","30","0","0","33","99.96","0","0","0","3","0","30","30","0","0","30",
"DJM266301","X002MNYDJ5","B0H6F2NS6B","KSEWJP 2 Stück Topf-Seitengriffe, Einloch Ersatzgriffe aus Bakelit, hitzebeständig Verbrühungsschutz Griff für Töpfe und Pfannen, schwarz","New","8.99","No",,"Yes","30","30","0","0","30","99.96","0","0","0","0","0","0","30","0","0","30",
"DJM266302","X002MO0F8R","B0H6JH6T31","KSEWJP 2 Stück Festmacherklampfe, 112 mm 316 Edelstahl Bootsklampfe, Seilklammer mit Schrauben, korrosionsbeständig für Boote, Yachten, Planen und Fahnenmasten","New","11.99","No",,"Yes","28","27","0","0","28","99.96","0","0","0","0","0","0","27","0","1","28",
"DJM266303","X002MI4CWX","B0H6FC9S67","30 Einweg Wellenkopf Mundreinigung Baumwolle Stäbe, weiche Mundpflege Schwamm Bürste","New","7.12","No",,"Yes","30","26","0","1","30","99.96","0","0","0","0","0","30","26","0","3","29",
"DJM266304","X002MG69TT","B0H67HG57L","KSEWJP 2 Stück Abflussstopfen Gummi mit 10cm Metallkette, Ø 40-45mm Waschbeckenstöpsel Schwarz, Universalstöpsel für Küchenspüle Badewanne Bad","New","4.99","No",,"Yes","30","30","0","0","30","99.96","0","0","0","0","0","0","30","0","0","30",
"DJM266305","X002MO86SX","B0H67BWQNV","KSEWJP 4 Stück Große Batterie Polabdeckungen, PVC Isolierabdeckungen Rot & Schwarz, IP67, für Autos E-Bikes LKWs Motorräder Marineboote Haushaltsgeräte","New","6.49","No",,"Yes","30","0","0","0","30","99.96","0","0","0","0","0","30","0","0","30","30",
"DJM266306","X002MO0GOP","B0H67G9QWR","KSEWJP Retro Quadratische Sonnenbrille Damen Herren 70er Jahre Vintage Doppelbrücke UV400 Schutz Polarisiert B2835","New","19.99","No",,"Yes","30","30","0","0","30","99.96","0","0","0","0","0","0","30","0","0","30",
"DJM266307","X002MO5VLD","B0H67F6VBR","KSEWJP #8 teilbarer Metallreißverschluss 70 cm schwarz, abtrennbarer Offen-End Reißverschluss für Jacken, Mäntel, Näharbeiten & Handwerk","New","9.24","No",,"Yes","0","0","0","0","0","99.96","0","0","0",,"0","0","0","0","0","0",
"DJM266309","X002MO6B21","B0H67SH3TR","KSEWJP 2 Stück Applikatorflaschen 250 ml, transparente Quetschflasche mit Spitze und Milliliterskala, Dosierflasche für Haarfärbemittel, Haaröl, Friseur & Heimgebrauch","New","7.49","No",,"Yes","30","30","0","0","30","99.96","0","0","0","0","0","0","30","0","0","30",
"DJM26631","X002M8JT9T","B0H4ZS7JF1","KSEWJP 8-Form Widerstandsband aus TPE & Naturlatex, mittlerer Zugkraft, elastisches Trainingsseil für Yoga Pilates Heimtraining","New","7.59","No",,"Yes","30","30","0","0","30","99.96","0","0","0","0","0","0","30","0","0","30",
"DJM266311","X002MGAWF1","B0H67HYLPN","KSEWJP Tragbares Türschloss Rot, Sicherheitsschloss für Hotels Reisen Zuhause Wohnungen Büros, Zusätzliche Privatsphäre und Türsicherung","New","9.77","No",,"Yes","29","29","0","0","29","99.96","0","0","0","0","0","0","29","0","0","29",
"DJM266312","X002MKKHKR","B0H6JFF3S8","KSEWJP 10 Stück Seifensäckchen, Natürliche Sisal Seifentaschen, Bio Seifenbeutel mit Kordelzug zum Aufhängen, Schaumbildung und Trocknung, 9 x 14 cm, Beige","New","9.99","No",,"Yes","30","30","0","0","30","99.96","0","0","0","0","0","0","30","0","0","30",
"DJM266313","X002MO0JB5","B0H6JN1TM9","KSEWJP Damen Taillenkette, runde Ring Metall Hüftkette, verstellbare Gliederkette mit Verlängerung, modischer Metallgürtel für Kleider und Jeans, gold","New","14.99","No",,"Yes","30","22","0","0","30","99.96","0","0","0","0","0","30","22","0","8","30",
"DJM266314","X002MO51GD","B0H67D3GDY","KSEWJP Akupressurstift Sandelholz Massagestift Akupunkturstift für Körper Hände Füße zur Entspannung & Verspannungslösung","New","4.99","No",,"Yes","30","29","0","1","30","99.96","0","0","0","0","0","0","29","0","0","29",
"DJM266315","X002MO0GMR","B0H67CLRLY","KSEWJP Yoga Stretch Gurt, Widerstandsbänder mit 8 Schlaufen, Elastische Fitnessbänder für Yoga Tanztraining Gymnastik Krafttraining, Rot","New","6.79","No",,"Yes","30","30","0","0","30","99.96","0","0","0","0","0","0","30","0","0","30",
"DJM266316","X002MR9RRT","B0H6PMQVQG","KSEWJP 10 Stück Französische Seitenkämme aus Eisen Kleine Goldene Haarkämme für Frauen Zuverlässiger Griff Vielseitiges Haaraccessoire für Haarstyling und Basteln","New","8.06","No",,"Yes","0","0","0","0","0","99.96","0","0","0",,"0","0","0","0","0","0",
"DJM266318","X002MO7NXH","B0H67LC5Y9","KSEWJP Hochleistungs-Metallvorhanghaken 50er Pack Silber, Robuste Vorhanghaken für Gardinen, Verdunkelungsvorhänge, Bleistiftfalten, Biegefest & Rostbeständig","New","7.99","No",,"Yes","30","30","0","0","30","99.96","0","0","0","0","0","0","30","0","0","30",
"DJM266319","X002MO0JND","B0H67PVZG4","KSEWJP 12 Stück Silikon Ersatz Dichtungen 70x96mm, Gummiringe für Weckgläser, Weich Glasdichtungen für Normale Weithalsgläser Klammer Deckel Einmachglasdeckel, Weiß","New","7.79","No",,"Yes","32","21","0","2","32","99.96","0","0","0","0","0","30","21","0","9","30",
"DJM26632","X002MO6TKZ","B0H6PQ7LF4","KSEWJP Ovale Polyester Schnürsenkel 120cm, 1 Paar Hellgrau Ersatz-Schnürbänder für Sport-, Lauf- und Freizeitschuhe","New","5.99","No",,"Yes","30","0","0","0","30","99.96","0","0","0","0","0","30","0","0","30","30",
"DJM266320","X002MNYDN1","B0H67DVQ7H","KSEWJP Spiralhaargummis für Frauen, Faltenfrei & Abdruckfrei Haargummis ohne Haarschäden, Flexibel & Strapazierfähig, Tägliche Nutzung, Brünette, 8 Stück","New","6.99","No",,"Yes","29","29","0","0","29","99.96","0","0","0","0","0","0","29","0","0","29",
"DJM266321","X002MGCHSB","B0H675SD5B","KSEWJP Sektverschluss 2 Stück Silber, Edelstahl Champagner Verschluss, Wiederverwendbarer Flaschenverschluss für Schaumweine","New","11.99","No",,"Yes","30","30","0","0","30","99.96","0","0","0","0","0","0","30","0","0","30",
"DJM266322","X002MO5VKT","B0H67MPCR5","KSEWJP Fahrradgriffe 22mm, Weiche TPR Gummi Lenkergriffe mit Prallschutz Anti-Rutsch Dämpfung für Fahrrad Roller Laufrad Dreirad","New","7.99","No",,"Yes","30","1","0","0","30","99.96","0","0","0","0","0","30","1","0","29","30",
"DJM266323","X002MG83JN","B0H67LBSJB","KSEWJP Maßband Körper 150 cm (2er Set) Doppelseitiges Körper- und Schneidermaßband Flexibles Glasfaser-Maßband mit cm & Zoll Skala","New","5.99","No",,"Yes","30","30","0","0","30","99.96","0","0","0","0","0","0","30","0","0","30",
"DJM266324","X002MNYEWL","B0H67GQFNZ","KSEWJP 2 Stück Schablonen-Set aus Kunststoff, transparente grüne Kreisschablone & geometrische Zeichenschablone zum Zeichnen und Messen","New","6.39","No",,"Yes","30","16","0","0","30","213.52","0","0","0","0","0","30","16","0","14","30",
"DJM266325","X002MO0FC3","B0H67CH36H","KSEWJP Geometrische Metallbrosche, Unregelmäßige Runde Vintage Brosche für Damen Herren, Stilvolle Anstecknadel für Mantel Abendkleid, Schmuck für Hochzeit Geburtstagsfeier","New","5.59","No",,"Yes","26","26","0","0","26","99.96","0","0","0","0","0","30","26","0","0","26",
"DJM266326","X002MGAIDR","B0H67KCK18","KSEWJP 4 Stück Verstellbare Bettlakenspanner, Bettlakenclips Schwarz, Bügelbezugsspanner Bügeltischspanner für Bettlaken Sofabezug Bügelbrett","New","5.99","No",,"Yes","30","30","0","0","30","99.96","0","0","0","0","0","0","30","0","0","30",
"DJM266327","X002MHYGM5","B0H67NDMRD","KSEWJP 2 Stück Braun Leopard Scrunchies, Leopardenmuster Haargummi, Elastisch Stoff Haarband ohne Haarbruch, für Damen und Mädchen, für dickes und dünnes Haar","New","4.99","No",,"Yes","29","29","0","0","29","99.96","0","0","0","0","0","0","29","0","0","29",
"DJM26633","X002MO5POL","B0H69R4MY9","KSEWJP Flache Schnürsenkel 8mm Breit, Hochwertige Ersatz Schuhbänder für Turnschuhe, Sneaker, Sport- und Freizeitschuhe, Mehrere Längen & Farben erhältlich","New","5.99","No",,"Yes","27","25","0","1","27","99.96","0","0","0","0","0","30","25","0","1","26",
"DJM266331","X002MJBGQ7","B0H6FTRJVT","Edelstahl Langgriff Suppenlöffel 2 Stück Zuhause Suppenlöffel","New","9.59","No",,"Yes","0","0","0","0","0","99.96","0","0","0",,"0","0","0","0","0","0",
"DJM266332","X002MNYDFT","B0H67LXTJ1","KSEWJP 2 Stück Selbstklebende Gardinenhaken L-förmig, Gardinenhalter Ohne Bohren Raffhalter für Vorhänge, Vorhanghalterung für Wohnzimmer Schlafzimmer Büro","New","10.99","No",,"Yes","30","0","0","0","30","99.96","0","0","0","0","0","30","0","0","30","30",
"DJM266335","X002MG0BD9","B0H673YLXV","KSEWJP Oval Foundation Pinsel 2 Stück Schwarz aus Nylon & Kunststoff, Make-up Pinsel mit Schutzkappe für Flüssigfoundation, Rouge und Concealer","New","5.59","No",,"Yes","30","30","0","0","30","99.96","0","0","0","0","0","0","30","0","0","30",
"DJM266336","X002MNYDC7","B0H6J9WN9S","KSEWJP Haarspange mit Großer Pailletten-Schleife, Glitzernde Festliche Haarschleife mit Langem Schwanz für Damen, Elegantes Haarschmuck für Alle Haartypen (Gold)","New","6.99","No",,"Yes","30","30","0","0","30","99.96","0","0","0","0","0","30","30","0","0","30",
"DJM266337","X002MJPREJ","B0H6JH2XXL","KSEWJP 3 Stück DC 5,5 x 2,1 mm Buchse auf Buchse Adapter, DC Kupplungsadapter für CCTV, Elektronikgeräte, Auto-Audio und Tragbare Geräte","New","5.99","No",,"Yes","30","23","0","0","30","99.96","0","0","0","0","0","0","23","0","7","30",
"DJM266338","X002MJ9CHH","B0H6JFLYMV","KSEWJP Hitzebeständiges Bügelnetz-Pad 40 x 60 cm, Antihaftbeschichtet, Kratzfester Stoffschutz für Zuhause & Professionelles Bügeln, Kein Schmelzen, Langlebiges Presstuch (Zufällige Farbe)","New","5.59","No",,"Yes","0","0","0","0","0","99.96","0","0","0",,"0","0","0","0","0","0",
"DJM266339","X002MJTN03","B0H6JCXB3P","KSEWJP Geldbörse Slim Carbon Fiber Leder, Portmonee für Damen und Herren, Brieftasche Kartenetui mit Visitenkarten und Ausweisfenster (Schwarz)","New","4.99","No",,"Yes","30","23","0","0","30","99.96","0","0","0","0","0","0","23","0","7","30",
"DJM26634","X002MHVMLD","B0H69P5XBN","KSEWJP Lange fingerlose Armstulpen für Damen, dehnbarer Strick Handstulpen mit Daumenloch, Ellenbogenlange Thermo Handschützer, warm Winter Armwärmer für Alltag, Büro und Outdoor","New","8.99","No",,"Yes","30","30","0","0","30","99.96","0","0","0","0","0","0","30","0","0","30",
"DJM266340","X002MO61PD","B0H6M1YX5J","KSEWJP 2er Set Kabeldurchführungen Ø60mm aus Metall, für Schreibtische und Möbel, mit Bürsten- und Gummieinsatz, Silberfarben, Kabelorganisation für Büro und Zuhause","New","8.99","No",,"Yes","0","0","0","0","0","99.96","0","0","0",,"0","0","0","0","0","0",
"DJM266342","X002MI2H5R","B0H699VB6V","KSEWJP Mechanischer Küchentimer 60 Minuten, Quadratischer Countdown Timer mit Lautem Alarm, Tragbares Zeitmanagement-Tool für Küche Kochen Backen Büro Sport, Weiß","New","7.59","No",,"Yes","30","30","0","0","30","99.96","0","0","0","0","0","0","30","0","0","30",
"DJM266343","X002MBR1Q9","B0H55NTNTX","KSEWJP 7 Tage Pillendose 14 Fächer, Morgens & Abends Tablettenbox, Wöchentlicher Medikamenten Organizer, Dicht gegen Feuchtigkeit, Tragbar Pillenbox für Medikamente, Nahrungsergänzungsmittel","New","7.99","No",,"Yes","30","30","0","0","30","99.96","0","0","0","0","0","0","30","0","0","30",
"DJM266344","X002MNYDJF","B0H6LQ6FSJ","KSEWJP Silberne Maskerade Maske Erwachsene, Klassischer Venezianischer Halbgesichtsmaske Unisex, Elegante Augenmaske für Halloween Karneval Cosplay Party Kostüm Zubehör","New","5.21","No",,"Yes","30","30","0","0","30","99.96","0","0","0","0","0","0","30","0","0","30",
"DJM266345","X002MJJ1PF","B0H6J4TF4B","KSEWJP 2 Stück Flohkamm für Katzen und Hunde, Doppelseitiger Edelstahl Flohkamm mit Feinen Abgerundeten Zinken, Effektiv gegen Flöhe und Läuse für Kurzes und Langes Fell","New","6.99","No",,"Yes","30","1","0","1","30","99.96","0","0","0","0","0","30","1","0","28","29",
"DJM266349","X002MO6USL","B0H6GCPT9L","KSEWJP Leopardenmuster Brillenetui Hardcase, Unisex Brillenhülle für Damen und Herren, Tragbare Aufbewahrungstasche für Brillen und Kleine Accessoires","New","7.99","No",,"Yes","30","0","0","0","30","99.96","0","0","0","0","0","30","0","0","30","30",
"DJM26635","X002MC2BUT","B0H555L8M2","KSEWJP 4 Stück Perlen-Sicherheitsnadeln Silber 7,9cm Metall-Broschennadeln zum Verstellen von Kleidung, Schals und Röcken","New","5.29","No",,"Yes","29","0","0","0","29","99.96","0","0","0","0","0","29","0","0","29","29",
"DJM266350","X002MO7V0H","B0H6FWQTSQ","KSEWJP Zickzack Stirnband, 2 Stück Kunststoff Stirnbänder mit Zahnmuster, Elastische Haarkämme für Erwachsene, Schwarz+Braun für Alltag, Schminken, Gesichtsbehandlung, Reisen","New","5.99","No",,"Yes","30","30","0","0","30","99.96","0","0","0","0","0","0","30","0","0","30",
"DJM266351","X002MO6AY5","B0H6LQL4YF","KSEWJP 2 Stück Geflochtenes Kunstleder Schlüsselanhänger, Kurz Schlüsselband für Auto Motorrad Fahrrad Haus Schlüssel, Robuster Zinklegierung Schlüsselring für Männer und Frauen","New","4.99","No",,"Yes","30","30","0","0","30","99.96","0","0","0","0","0","0","30","0","0","30",
"DJM266354","X002MO7NQT","B0H6FMZFRV","KSEWJP 2 Stück Tablettenteiler mit integriertem Tablettenausdrücker, Tragbarer Tablettenschneider für Kleine Tabletten, Präziser Pillenteiler Schluckhilfe für Medikamente","New","5.89","No",,"Yes","24","23","0","1","24","99.96","0","0","0","0","0","0","23","0","0","23",
"DJM266355","X002MO6VAD","B0H6FVM5SW","KSEWJP 2 Stück Blaulichtbrille Unisex, Blaulichtfilter Brille mit UV400 Schutz, Leichtgewichtige Blaufilterbrille für Computer Handy TV, Schwarz Quadratisch Vollrand","New","6.45","No",,"Yes","30","0","0","0","30","99.96","0","0","0","0","0","30","0","0","30","30",
"DJM266356","X002MOG5MH","B0H6PPS684","KSEWJP Universal Schraubendreher-Set, Magnetisch, Präzisionswerkzeuge für Reparaturen","New","7.99","No",,"Yes","0","0","0","0","0","99.96","0","0","0",,"0","0","0","0","0","0",
"DJM266357","X002MO86LP","B0H6FS7QPP","KSEWJP 2 Stück Autoschlüsselanhänger, Leder Schlüsselanhänger mit Zinklegierung Schnalle, Multifunktionaler Tragbarer Schlüsselanhänger Ring Clip für Erwachsene","New","5.99","No",,"Yes","30","20","0","0","30","99.96","0","0","0","0","0","30","20","0","10","30",
"DJM266358","X002MNYD9Z","B0H6FMC7N2","KSEWJP BMI Maßband 150cm, Einziehbares Körpermaßband für Fitness Gewichtsverlust, Körperfettmessung Sport Messwerkzeug","New","7.61","No",,"Yes","30","0","0","0","30","99.96","0","0","0","0","0","30","0","0","30","30",
"DJM26636","X002MC3XX3","B0H5566YBX","KSEWJP Duschvorhangringe Schwarz 24 Stück Metall mit Kugel-Gleitsystem 72x41mm passend für Stangen bis Ø4cm für Badezimmer Wohnwagen Dusche","New","10.99","No",,"Yes","30","30","0","0","30","99.96","0","0","0","0","0","0","30","0","0","30",
"DJM266361","X002MJQ8XX","B0H6J5LXVB","KSEWJP 12 Duschvorhangringe Edelstahl mit 5 Gleitkugeln, Einzelschnapphaken 69x39mm rostfrei, geräuschlose Aufhängeringe für Duschstangen & Badewannenvorhänge","New","5.45","No",,"Yes","30","30","0","0","30","99.96","0","0","0","0","0","30","30","0","0","30",
"DJM266362","X002MR5F57","B0H6PR88DY","KSEWJP 2 Stück Mini Duschabzieher Upgrade Fensterabzieher Scheibenabzieher Kleines Profi Reinigungswerkzeug für Dusche Glas Waschbecken Küche Badezimmer Haushalt","New","7.99","No",,"Yes","0","0","0","0","0","99.96","0","0","0",,"0","0","0","0","0","0",
"DJM266363","X002MJPYW9","B0H6J8BFBQ","KSEWJP 2 Stücke Feder Gesichtshaarentferner, Augenbrauen Epilierer Einfädeln Werkzeug für Oberlippe Kinn Wangen Hals, Gesichtshaar Entferner für Frauen Männer (Schwarz, Rosenrot)","New","6.59","No",,"Yes","30","30","0","0","30","99.96","0","0","0","0","0","30","30","0","0","30",
"DJM266364","X002MOB51N","B0H6PS44VF","KSEWJP 8 Stück Reißverschlussclip Schwarz Zinklegierung Diebstahlsicherung für Rucksäcke Taschen Koffer Zelte","New","6.55","No",,"Yes","0","0","0","0","0","99.96","0","0","0",,"0","0","0","0","0","0",
"DJM266365","X002MO6V3P","B0H6FRQD4H","KSEWJP Haarkrallen Haarspangen 4er Set matt Metall-Kunststoff Haarklammern rutschfest für dickes dünnes lockiges Haar Damen Alltag Styling","New","14.99","No",,"Yes","30","0","0","0","30","99.96","0","0","0","0","0","30","0","0","30","30",
"DJM266366","X002MJCDYB","B0H6FQ6KZ2","KSEWJP 2 Stück Edelstahl Teebeutelklemme, Multifunktionale Teebeutelhalter mit Sieb, Spülmaschinenfest Rostfrei, Teebeutelzange für Tee, Eiswürfel & Kleine Lebensmittel, 17x3,5cm","New","8.99","No",,"Yes","30","30","0","0","30","99.96","0","0","0","0","0","0","30","0","0","30",
"DJM266368","X002MI0XHV","B0H6922DH2","KSEWJP 3er Set Retro Haarreifen mit Punkten & Schleife, rutschfester breiter Stirnband mit Metallkern aus Polyester-Schaumstoff für Damen und Teenager, Schwarz-Weiß-Rot Vintage Kopfbänder im 1920er St","New","9.19","No",,"Yes","30","30","0","0","30","99.96","0","0","0","0","0","0","30","0","0","30",
"DJM266369","X002MO51DV","B0H6FPHKKC","KSEWJP 20 Stück Kunststoff Zeltheringe 14,5cm Gelbe Robuste Langlebige Camping Heringe Wiederverwendbare Zeltnagel für Zelte Camping Garten Outdoor","New","6.99","No",,"Yes","26","26","0","0","26","99.96","0","0","0","0","0","0","26","0","0","26",
"DJM26637","X002MI1VFJ","B0H6B2V9SP","KSEWJP Groß Schaumstoff Mikrofon Windschutz, Popschutz für Blue Yeti & Yeti Pro Kondensatormikrofon, Hochdichter Schaum Mikrofonabdeckung Schwarz, Größe 7.3× 6cm","New","6.99","No",,"Yes","27","26","0","1","27","99.96","0","0","0","0","0","0","26","0","0","26",
"DJM266370","X002MK6A8P","B0H6JT3BR1","KSEWJP 6 Stück WC Aufkleber Schwarz Cartoon Wandaufkleber Wasserdicht Kratzfest Hitzebeständig Selbstklebende Toilettenaufkleber für Glas Fliesen Holz Metall Innenbereich Dekoration","New","5.99","No",,"Yes","30","23","0","0","30","99.96","0","0","0","0","0","0","23","0","7","30",
"DJM266371","X002MO6UR7","B0H6FQBDT3","KSEWJP 24 Stück Wiederverwendbare Silikon Cupcake Förmchen, Bunte Muffinförmchen aus BPA-freiem Silikon, Ofen Mikrowelle Spülmaschine Geeignet","New","7.49","No",,"Yes","30","30","0","0","30","99.96","0","0","0","0","0","0","30","0","0","30",
"DJM266373","X002MO0JIN","B0H6FDH5P7","KSEWJP Doppel-Kugelformer 2 Stück, Doppelseitig Aushöhllöffel Ø 25/30mm, Edelstahl Melonenausstecher Obstentkerner Kugelausstecher für Obst Gemüse Eis","New","6.89","No",,"Yes","30","21","0","0","30","99.96","0","0","0","0","0","30","21","0","9","30",
"DJM266374","X002MIBJ1Z","B0H6FN8MWZ","KSEWJP Schmetterlingskamm Faltbarer Edelstahl Haarkamm Bartkamm Flipping Trick Übungskamm für Anfänger Salon Beauty Tool","New","19.28","No",,"Yes","29","29","0","0","30","99.96","0","0","1","0","0","0","29","0","0","29",
"DJM266375","X002MO5PZZ","B0H6JQ2T4R","KSEWJP Griechenland Wimpelkette mit 30 Stück Griechischen Flaggen 14x21cm Beidseitig Rechteck Stoff Fahne für WM 2026 Euro Fußball Restaurant Bar Zaun Deko","New","7.99","No",,"Yes","30","0","0","0","30","99.96","0","0","0","0","0","30","0","0","30","30",
"DJM266376","X002MO86Y7","B0H6JGNRPQ","KSEWJP Doppellagige Satin Schlafhaube mit verstellbarem Bindeband, Einheitsgröße Kopfumfang 57,1cm Nachtmütze für lange Locken Zöpfe Perücken Damen Alltag","New","9.99","No",,"Yes","30","30","0","0","30","99.96","0","0","0","0","0","0","30","0","0","30",
"DJM266377","X002MO0GNV","B0H6JRWW6X","KSEWJP 4 Stück Bunte Nagelbürsten mit Griff, Sanfte Handwaschbürste für Hand- und Nagelreinigung, Effektive Badebürste für Bad, Küche und Haushaltsreinigung","New","7.49","No",,"Yes","30","26","0","0","30","99.96","0","0","0","0","0","30","26","0","4","30",
"DJM266378","X002MO5VBD","B0H6JW3PDC","KSEWJP Herren Lederportemonnaie mit RFID-Schutz, Extra-Fassungsvermögen, Bifold-Design und Münzfach (A-Schwarz)","New","22.79","No",,"Yes","30","23","0","0","30","99.96","0","0","0","0","0","0","23","0","7","30",
"DJM266380","X002MO0GDV","B0H6JQ1QWX","KSEWJP Schnallenloser elastischer Gürtel, dehnbarer unsichtbarer Gürtel für Herren und Damen, verstellbarer Schlankgürtel für Jeans und Hosen, Alltagskomfort, Schwarz, 2 Größen verfügbar","New","11.58","No",,"Yes","30","20","0","0","30","99.96","0","0","0","0","0","30","20","0","10","30",
"DJM266381","X002MO6V1H","B0H6JSFM3R","KSEWJP 3er Pack Verstellbare Spa Stirnbänder, Weiches Polyester Handtuch Stirnband für Gesichtswäsche, Make-up, Hautpflege, Yoga, Sport, Selbstklebend, Schwarz","New","4.99","No",,"Yes","0","0","0","0","0","99.96","0","0","0",,"0","0","0","0","0","0",
"DJM266382","X002MO5VH7","B0H6JXQ28Z","KSEWJP Hundepfeife 2 Stück, Hochfrequenz Hundepfeife Rückruf mit Gratis Pfeifenband, Laut & Weitreichend für Effektives Hundetraining, Schwarz/Rot","New","7.21","No",,"Yes","30","26","0","0","30","99.96","0","0","0","0","0","30","26","0","4","30",
"DJM266384","X002MO0FDR","B0H6G2RYM3","KSEWJP 2 Stück Wimpernkamm Lash Lift Tool Kit Edelstahl Wimpernlifting Seperator Professionelles Wimpernbürste Lash Lift Zubehör Metall Wimperntrenn Werkzeug Gold und Silber","New","6.99","No",,"Yes","31","29","0","0","31","99.96","0","0","0","0","0","0","29","0","2","31",
"DJM266385","X002MO86UV","B0H6FL5TG1","KSEWJP Anschnallgurt Hund Auto 3 in 1 mit Isofix und Schnalle, Hundegurt Auto mit Stoßdämpfung, Verstellbar 54-90 cm, Bissfest für Kleine Mittlere Große Hunde, Autos Rücksitzgurte","New","9.99","No",,"Yes","25","23","0","0","25","99.96","0","0","0","0","0","30","23","0","2","25",
"DJM266387","X002MO0GMH","B0H6FMXVQL","KSEWJP 120 Stück Selbstklebende Fotoecken, Rindslederfarbe Foto Klebepads für Bilder, Alben, Scrapbook, DIY Basteln, Randaufkleber für Kunstwerke Karten Fotowand Dekoration","New","4.99","No",,"Yes","30","21","0","0","30","99.96","0","0","0","0","0","30","21","0","9","30",
"DJM266388","X002MO6B6H","B0H6FKK6M5","KSEWJP 100 Stück Gardinengleiter Weiß Kunststoff Vorhanggleiter für innere Schienen Gardinenrollen Faltengleiter für Vorhanghaken Duschvorhang Türvorhänge","New","6.99","No",,"Yes","30","28","0","0","30","99.96","0","0","0","0","0","30","28","0","2","30",
"DJM266389","X002MO0JLZ","B0H6FWKFX5","KSEWJP Ganzmetall Faltbares Golf Pitchgabel mit Pop-up Taste & Magnetkugel Markierung, Schwarz & Blau, 2 Stück","New","8.99","No",,"Yes","30","30","0","0","30","99.96","0","0","0","0","0","0","30","0","0","30",
"DJM266390","X002MRD8G5","B0H6PZ8DQC","KSEWJP Grüner Kristall Haarkamm Gold Weinblatt Design Strass Brautschmuck, Elegant Strass Haarspange Haarschmuck für Hochzeit, Party, Abendball und Festliche Anlässe für Frauen Mädchen","New","9.99","No",,"Yes","30","0","0","1","30","99.96","0","0","0","0","0","30","0","0","29","29",
"DJM266392","X002MO5RQ7","B0H6LSPSXY","KSEWJP Signature Retrieverleine 125cm Leichte Trainingsleine für Hunde, Kein Halsband oder Geschirr Erforderlich, 5mm Englisches Geflochtenes Seil, Für Alle Hunderassen (Schwarz)","New","16.18","No",,"Yes","0","0","0","0","0","99.96","0","0","0",,"0","0","0","0","0","0",
"DJM266393","X002MO0F87","B0H6G61QM2","KSEWJP Breitzinkiger Kohlefaser Kamm, Antistatischer Herren Haarkamm Hitzebeständig, Großer Zahnkamm für Friseursalon & Hausgebrauch, Geeignet für Alle Haartypen","New","5.49","No",,"Yes","30","30","0","0","30","100.12","0","0","0","0","0","0","30","0","0","30",
"DJM266394","X002MR8XI3","B0H6PJR2M6","KSEWJP Handgeschmiedete Nagelhautzange, Professioneller Nagelhautschneider aus Chirurgischem Edelstahl, Doppelfeder, Beidhändig, Exklusiv für Nagelstudios","New","9.99","No",,"Yes","37","16","0","7","37","99.96","0","0","0","0","0","30","16","0","14","30",
"DJM266396","X002MO0F3H","B0H6JQSBCK","KSEWJP Maiskolbenhalter 4 Stück, Edelstahl Maiskolben Spieße mit Holzgriff, Wiederverwendbare BBQ Grillgabeln für Fleisch Obst, Leichtes Grill Zubehör für Familienfeiern & Picknicks","New","13.11","No",,"Yes","30","30","0","0","30","99.96","0","0","0","0","0","0","30","0","0","30",
"DJM266397","X002MO5V8B","B0H6JQDZ1S","KSEWJP 4,0 mm Häkelnadel mit Buchenholzgriff, ergonomisch leicht für empfindliche Hände, glatter langer warmer Handgriff","New","9.99","No",,"Yes","30","30","0","0","30","99.96","0","0","0","0","0","0","30","0","0","30",
"DJM266399","X002MO6UWR","B0H6JVNJGY","KSEWJP 6 Stück Türstopper Wand 5cm Transparent Gummi Selbstklebend Leiser Türgriffschutz Rund Wandprotektor Stoßdämpfer für Türknauf","New","5.99","No",,"Yes","30","0","0","0","30","99.96","0","0","0","0","0","30","0","0","30","30",
"DJM26640","X002MC1ZGF","B0H55BRG5D","KSEWJP 2 Stück transparente PVC Kartenhüllen, Brieftascheneinsatz Kreditkartenhalter mit 10 Seiten, passend für Personalausweis Führerschein Versicherungs- und EC-Karten, Unisex","New","6.59","No",,"Yes","28","28","0","0","28","99.96","0","0","0","0","0","0","28","0","0","28",
"DJM266400","X002MO7V75","B0H6JQJC53","KSEWJP Auto Schlüsseltasche RFID Diebstahlschutz, PU Leder Autoschlüssel Signal Abschirmbox Schlüsseletui mit Haken und Schlüsselring für Damen Herren","New","26.99","No",,"Yes","30","30","0","0","30","99.96","0","0","0","0","0","0","30","0","0","30",
"DJM266401","X002MO7NWD","B0H6JKGJZ3","KSEWJP Kleine Haarspangen für Damen, Rutschfeste Matte Mini-Haarklammern für Feines, Dickes und Dünnes Haar, 12 Stück","New","8.99","No",,"Yes","30","0","0","0","30","99.96","0","0","0","0","0","30","0","0","30","30",
"DJM266403","X002MO0GDB","B0H6G3RRR4","10 Stück M8 Edelstahl Handfestziehen Flügelschrauben (16 mm)","New","10.09","No",,"Yes","31","30","0","1","31","18.03","0","0","0","0","0","0","30","0","0","30",
"DJM266405","X002MO0JFL","B0H6JHFRNY","KSEWJP Pillenspender für Hunde 2 Stück weiß, Haustier Pilleninjektor für mittelgroße und große Hunde bis 20,4 kg sowie große Katzen","New","6.64","No",,"Yes","30","30","0","0","30","99.96","0","0","0","0","0","0","30","0","0","30",
"DJM266406","X002MR0EAD","B0H6PQM3GD","KSEWJP 3-stelliges Zahlenschloss Schwarz Ersatz Kofferschloss Kombinationsschloss für Reisekoffer Taschen Werkzeugkisten mit Zinklegierung & ABS","New","7.40","No",,"Yes","0","0","0","0","0","99.96","0","0","0",,"0","0","0","0","0","0",
"DJM266407","X002MR6MVD","B0H6PYLF3V","KSEWJP Weit gezahnter Lockenkamm Schwarz 23.5cm Griffkamm aus PP-Kunststoff für langes lockiges krauses Haar, Strähnen- und Afro Styling Kamm","New","7.08","No",,"Yes","30","0","0","0","30","99.96","0","0","0","0","0","30","0","0","30","30",
"DJM266408","X002MR9RCJ","B0H6Q5RHN3","KSEWJP Grobzinkiger Kunststoffkamm Schwarz Breitgezahnter Stylingkamm für Männer Frauen alle Haartypen trocken nass Haar","New","6.56","No",,"Yes","30","1","0","0","30","99.96","0","0","0","0","0","30","1","0","29","30",
"DJM266409","X002MR0FRF","B0H6PTR1KF","KSEWJP Carbon Stylingkamm Schwarz antistatisch hitzebeständig Professioneller Haarkamm für alle Haartypen Maße 19,3x5x1cm","New","5.69","No",,"Yes","30","0","0","0","30","99.96","0","0","0","0","0","30","0","0","30","30",
"DJM26641","X002MD4S6N","B0H55F1L11","KSEWJP Obstschneider für Trauben, Kirschtomaten & Oliven, manueller Viertelschneider aus 304-Edelstahl und BPA-freiem ABS, spülmaschinenfest, kompakter Küchenhelfer in Grün","New","10.99","No",,"Yes","30","30","0","0","30","99.96","0","0","0","0","0","30","30","0","0","30",
"DJM266410","X002MSEUHZ","B0H6PZRR79","KSEWJP 2 Stück 3-in-1 Kunststoffkämme antistatisch Doppelzahn Detangling Stylingkamm für nasses lockiges langes Haar","New","5.69","No",,"Yes","30","22","0","0","30","99.96","0","0","0","0","0","30","22","0","8","30",
"DJM266411","X002MSF9ZR","B0H6Q43GMQ","KSEWJP LSA Auflegewerkzeug Schwarz mit Mini-Drahtabisolierer für Cat5-Cat7 Netzwerkdosen Patchfelder LAN Kabel","New","7.59","No",,"Yes","30","25","0","0","30","99.96","0","0","0","0","0","30","25","0","5","30",
"DJM266412","X002MSF0PV","B0H6Q3DHX4","KSEWJP 6er Set transparente Türklinkenpuffer Ø18mm elastischer Türgriffstopper Wand- und Möbelschutz","New","5.69","No",,"Yes","31","20","0","1","31","99.96","0","0","0","0","0","30","20","0","10","30",
"DJM266413","X002MR8NUL","B0H6Q2352L","KSEWJP 5 Stück Metall Ventilkappen Gold für Sclaverandventil Französisches Ventil Rennrad MTB Staubschutz","New","6.64","No",,"Yes","30","2","0","0","30","99.96","0","0","0","0","0","30","2","0","28","30",
"DJM266414","X002MR7DYN","B0H6Q7C412","KSEWJP 10 Stück Weiße Ventilkappen für Presta Französisch & Dunlop Ventile MTB Rennrad Staubschutz Abdeckung","New","5.69","No",,"Yes","31","25","0","1","31","99.96","0","0","0","0","0","30","25","0","5","30",
"DJM26642","X002MCZZP7","B0H55NWTSF","KSEWJP 2 Stück 3D Blumen Schuhclips Schwarz aus Polyester, abnehmbare Metallclip Schuhdekoration für Schuhe Taschen Hüte Schals","New","17.39","No",,"Yes","30","30","0","0","30","99.96","0","0","0","0","0","0","30","0","0","30",
"DJM26643","X002MHYSS7","B0H6B1SVD1","KSEWJP Rauchverbot Aufkleber 10×5cm, Selbstklebendes Vinyl Warnschild „Rauchen & Dampfen verboten“, No Smoking No Vaping Aufkleber für Innen und Außen, 10 Stück","New","6.99","No",,"Yes","30","29","0","0","30","99.96","0","0","0","1","0","0","29","0","0","29",
"DJM26644","X002MC4157","B0H559KHP1","KSEWJP Flohkamm aus rostfreiem Stahl für Katzen und Hunde, Profi Läuse- und Staubkamm für dickes sowie glattes Haustierfell, rote Griffausführung, 1 Stück","New","3.99","No",,"Yes","30","30","0","0","30","99.96","0","0","0","0","0","0","30","0","0","30",
"DJM26645","X002MHYBWF","B0H6B6WHHW","KSEWJP Lange Tüll Handschuhe für Damen, durchscheinende elastische Netz Handschuhe, elegante lange Armhandschuhe für Hochzeit, Braut, Abendparty, Halloween und Tanzkostüm, Schwarz & Beige erhältlich","New","6.99","No",,"Yes","30","29","0","0","30","51.29","0","0","0","1","0","0","29","0","0","29",
"DJM26646","X002MD0ZSN","B0H5589MN4","KSEWJP 2 Stück Verstellbarer Rucksack Brustgurt, 2,5 cm Nylon Rucksackgurt mit Schnellverschluss, Universell für alle Rucksäcke, Ideal für Wandern, Radfahren, Pendeln und Reisen","New","6.49","No",,"Yes","30","30","0","0","30","99.96","0","0","0","0","0","0","30","0","0","30",
"DJM26648","X002MC3ZZJ","B0H557GG2X","KSEWJP 2 Stück Textur Kamm für Locken und Volumen Styling, Haarkamm für Frauen und Männer, Ideal für Textureffekte in Kurzen bis Mittellangen Haaren, Rosa und Grau","New","6.59","No",,"Yes","30","24","0","6","30","755.61","0","0","0","0","0","0","24","0","0","24",
"DJM26649","X002MI1G3L","B0H6B19H68","KSEWJP Duschkopfhalterung 25 mm verstellbar, universale Handbrause Halterung für Duschstangen, glänzend polierter Kunststoff Brausehalter Ersatz für Badezimmer","New","8.79","No",,"Yes","30","30","0","0","30","99.96","0","0","0","0","0","0","30","0","0","30",
"DJM26650","X002MC472T","B0H555B8F8","KSEWJP 2 Stück Haarspangen mit Samtschleife, Große Vintage Schleifen mit langem Band, Elegante Haarschmuck für Damen, Schwarz und Weinrot","New","5.99","No",,"Yes","30","30","0","0","30","355.93","0","0","0","0","0","0","30","0","0","30",
"DJM26652","X002MC2QOF","B0H556R29V","KSEWJP 4 Stück Gepäckanhänger aus PU Leder, Kofferanhänger mit verstellbarem Riemen & Sichtschutz, Verlustschutz für Taschen Koffer Handtaschen","New","6.49","No",,"Yes","30","30","0","0","30","99.96","0","0","0","0","0","0","30","0","0","30",
"DJM26653","X002MDK9ST","B0H5BLXQ7G","KSEWJP 2er Sockelfilter Filtersponge Ersatzteil 9164761 kompatibel mit Miele T1 Wärmepumpentrockner, PU-Schaum Bodenfilter für Active, SpeedCare, TDB230WP, TCE530WP uvm., 207x157x30mm Schwarz","New","8.99","No",,"Yes","29","27","0","1","31","1837.32","0","0","2","0","0","0","27","0","1","28",
"DJM26654","X002MI29N7","B0H6B8T2QN","KSEWJP Damen Kniestrümpfe Kompressionsstrümpfe, weiche atmungsaktive Baumwolle Reisestrümpfe mit Komfortbund, entlastende Vital Strümpfe für Reisen, Büro und Alltag, mehrere Größen & Farben","New","11.89","No",,"Yes","30","30","0","0","30","709.23","0","0","0","0","0","0","30","0","0","30",
"DJM26655","X002MDK9RF","B0H5BFFL95","KSEWJP 2 Stück Pop Up Waschbeckenstöpsel Badewannenstöpsel, Messing Gold Ablaufventil Klickstopfen, Ersatz für die meisten Haushaltswaschbecken und Badewannen","New","6.49","No",,"Yes","30","30","0","0","30","99.96","0","0","0","0","0","0","30","0","0","30",
"DJM26656","X002M919NH","B0H58DKGV8","KSEWJP Pflegehandschuhe für Haustiere aus Kunststoff mit Massagefunktion, EIN Paar blau, Einheitsgröße für Hunde Katzen Pferde Hasen","New","8.49","No",,"Yes","29","29","0","0","29","99.96","0","0","0","0","0","0","29","0","0","29",
"DJM26657","X002M9GJAP","B0H5BRNZYN","KSEWJP Golf-Übungs-Putter-Pad, Klappbare Golf Puttingmatte für Innen und Außen, Kunststoff, Mit Verstellbarem Loch und Weißer Flagge, Größe M","New","10.98","No",,"Yes","30","30","0","0","30","99.96","0","0","0","0","0","0","30","0","0","30",
"DJM26658","X002MEUG6D","B0H5BB4R6X","KSEWJP 10 Stück Klebehaken Transparent, Durchsichtige Klebehaken Klein, Wandmontage Klebehaken Für Bad Küche Büro Schlafzimmer Deko","New","4.76","No",,"Yes","29","29","0","0","29","99.96","0","0","0","0","0","0","29","0","0","29",
"DJM26659","X002MDDA7B","B0H5BGRFZS","KSEWJP 2 Stück Katzenhalsband mit Sicherheitsverschluss, Reflektierend Verstellbar mit Stern Mond und Glocke, für Kätzchen und Erwachsene Katzen, Haustierzubehör","New","5.99","No",,"Yes","30","30","0","0","30","99.96","0","0","0","0","0","0","30","0","0","30",
"DJM26660","X002M9FGXB","B0H5BKF23G","KSEWJP 6 Stück Messing Doppelkugelschnäpper Kugelschnäpper Möbelschnäpper für Küche Schranktüren Schränke Zuhause Möbel Türverschluß Halte Verschluss, Silber","New","10.99","No",,"Yes","29","29","0","0","29","99.96","0","0","0","0","0","0","29","0","0","29",
"DJM26661","X002MR5FBV","B0H6PLR6CJ","KSEWJP 2 Stück Tassenbürste, Gläserbürste mit langem Griff, Flaschenreinigungsbürste, Spülbürste, Gebogene multifunktionale Reinigungsbürste für Küche und Bad","New","6.59","No",,"Yes","30","23","0","1","30","99.96","0","0","0","0","0","30","23","0","6","29",
"DJM26662","X002MDKBOV","B0H5BPFLB5","KSEWJP 2 Stück Ballständer, Universeller Sportball Ausstellungsständer, Stabiler Ständer für Basketball Fußball Volleyball Kristallkugel, Kompakter Aufbewahrungsständer","New","7.88","No",,"Yes","30","30","0","0","30","99.96","0","0","0","0","0","0","30","0","0","30",
"DJM26663","X002MO6B17","B0H6B9ZVK7","KSEWJP Katzenfederspielzeug 6 Stück, Feder Teaser Stab mit bunten Federn und Glocken, Interaktives Katzenspielzeug für Katzen und Kätzchen, 41 cm Übungsstab","New","19.99","No",,"Yes","0","0","0","0","0","99.96","0","0","0",,"0","0","0","0","0","0",
"DJM26665","X002M91PHR","B0H58GMH4Z","MNFPSJB 2 Stück Kinderwagen Haken mit Klettverschluss, Universal Taschenhalter aus ABS Kunststoff, 360° drehbar für Einkaufswagen, Rollstuhl, Fahrrad","New","6.59","No",,"Yes","30","30","0","0","30","99.96","0","0","0","0","0","0","30","0","0","30",
"DJM26667","X002M91P2H","B0H58G95P6","KSEWJP Mini Klappstuhl Handyhalter aus Kunststoff, Mehrzweck Puppenstuhl, Tisch Deko Figur für Puppenhaus Mini Garten, Universeller Handy Ständer für Schreibtisch, Zimmer Deko Geschenk","New","6.99","No",,"Yes","29","29","0","0","29","99.96","0","0","0","0","0","0","29","0","0","29",
"DJM26668","X002MC50YD","B0H58GTDQ7","MNFPSJB 50 Stück Einweg Duschhauben, Wasserdichte PE Kunststoff Duschkappen mit Elastischem Rand für Erwachsene, für Bad, SPA, Salon, Reise","New","4.29","No",,"Yes","30","30","0","0","30","1335.71","0","0","0","0","0","0","30","0","0","30",
"DJM26672","X002MD04GL","B0H582CM8R","KSEWJP Schwimmkappe Damen Turban Badekappe Ohrenschutz rutschfest Elastisch Retro Schwimmhaube für Lange Kurze Haare Frauen Mädchen","New","10.99","No",,"Yes","29","29","0","0","29","99.96","0","0","0","0","0","0","29","0","0","29",
"DJM26673","X002MR0H5P","B0H6PMRF59","KSEWJP Wildschweinborsten Bürste mit Holzgriff, Haarbürste Bartkamm für Männer Frauen, Sleek Bun Toupierbürste für Langes Dickes Lockiges Haar und Bartstyling","New","7.59","No",,"Yes","30","30","0","0","30","99.96","0","0","0","0","0","0","30","0","0","30",
"DJM26674","X002MO0FGJ","B0H6B3F2RV","KSEWJP USB C auf Micro USB Adapter 3 Stück, Type C Buchse auf Micro USB Stecker Schnelllade Adapter, Datenübertragung Konverter für Handy, Schwarz","New","4.95","No",,"Yes","0","0","0","0","0","99.96","0","0","0",,"0","0","0","0","0","0",
"DJM26675","X002MD2K5J","B0H58DNR24","KSEWJP Sport Bandana Kopftuch, Einheitsgröße Kompressions Biker Mütze aus Polyester, Atmungsaktiv Schnelltrocknend Feuchtigkeitsableitend, Schwarz für Wandern Radfahren Laufen Motorradfahren Outdoor","New","6.70","No",,"Yes","30","30","0","0","30","99.96","0","0","0","0","0","0","30","0","0","30",
"DJM26676","X002MR8XCT","B0H6PSVYQZ","KSEWJP 2 Stück Große U-förmige Haarnadeln, Französische Haarnadeln für French Twist und Dutt, Haarschmuck für Damen mit langem dickem Haar, Klassische Einfarbige Braun, Kunststoff","New","6.99","No",,"Yes","30","0","0","0","30","99.96","0","0","0","0","0","30","0","0","30","30",
"DJM26677","X002MC3UGX","B0H586ND8X","KSEWJP 5 Stück Goldene Groß Geschenkschleifen aus Polypropylen, Zugschleifen mit 12cm fertigem Durchmesser für Geschenkverpackung Auto Hochzeit Party Dekoration","New","10.99","No",,"Yes","30","30","0","0","30","2314.18","0","0","0","0","0","0","30","0","0","30",
"DJM26678","X002MCZ5AH","B0H58FYW79","KSEWJP 6 Stück Weiße Keramiklöffel 13x2,5cm, Porzellan Eierlöffel mit langem Griff, Teelöffel für Kaffee Tee Dessert Marmelade Joghurt Honig Eis","New","6.99","No",,"Yes","29","29","0","0","29","99.96","0","0","0","0","0","0","29","0","0","29",
"DJM26679","X002M8YWKZ","B0H58JX43L","KSEWJP Hornhautfeile aus Buchenholz & Korundstein, Fußschrubber für verhärtete/trockene Haut, Fersenschleifer Pediküre-Werkzeug zum Entfernen abgestorbener Haut & rissiger Fersen","New","5.29","No",,"Yes","30","30","0","0","30","232.37","0","0","0","0","0","0","30","0","0","30",
"DJM26680","X002MHXR39","B0H69XJFFX","KSEWJP Entlötpumpe 2 Stück antistatisch mit Teflonspitze, robuste Lötabsaugpumpe aus Aluminiumlegierung für Werkstatt, Labor, Schule und Heimgebrauch","New","6.99","No",,"Yes","30","30","0","0","30","830","0","0","0","0","0","0","30","0","0","30",
"DJM26681","X002MI1NZ7","B0H6B4FTGX","KSEWJP Kinderwagen Haken 2 Stück, universaler Taschenhaken mit Klettverschluss, drehbarer Kinderwagenanhänger für Wickeltaschen, Einkaufstaschen und Handtaschen","New","6.99","No",,"Yes","30","30","0","0","30","99.96","0","0","0","0","0","0","30","0","0","30",
"DJM26682","X002MBR3NP","B0H584HN7N","2 Stück Marineblaues Haarreif Stirnband 1,5 cm Breit aus Plüsch und Kunststoff, Universalgröße Haarband für Erwachsene Haaraccessoire von KSEWJP","New","6.59","No",,"Yes","30","30","0","0","30","99.96","0","0","0","0","0","0","30","0","0","30",
"DJM26683","X002MC473N","B0H58DMQ5Z","KSEWJP Antennenadapter Set 2 Stück, F-Kupplung auf Koax-Stecker & Buchse IEC, SAT zu Antennenkabel-Umwandler für TV Receiver Modem Set-Top-Boxen","New","4.99","No",,"Yes","30","30","0","0","30","99.96","0","0","0","0","0","0","30","0","0","30",
"DJM26684","X002M914CD","B0H586CWSX","KSEWJP 3-teiliges Hochzeits-Haaraccessoire Gold, Kristall-Strass Haarnadeln aus Metall, klassische Blumen-Haarschmuck für Bräute, Brautjungfern und Gäste, ca. 9 cm Größe, für alle Haartypen","New","7.99","No",,"Yes","30","30","0","0","30","99.96","0","0","0","0","0","0","30","0","0","30",
"DJM26685","X002MC1ZAL","B0H57BT1CL","KSEWJP GPU Halterung Grafikkarten Stütze aus Aluminium-Magnesium-Legierung, Einstellbare Video Karte Sag Bracket mit Magnetischem Sockel, Skalierbar 74mm-120mm für ATX MATX ITX PC Gehäuse","New","5.99","No",,"Yes","29","29","0","0","29","99.96","0","0","0","0","0","0","29","0","0","29",
"DJM26686","X002MBQZ9X","B0H58FT5HK","KSEWJP Runde Retro Brille, Metallrahmen Transparente Gläser Unisex Vintage Brille für Alltag, Kostümpartys, Cosplay, Halloween und Theateraufführungen","New","4.95","No",,"Yes","29","29","0","0","29","99.96","0","0","0","0","0","0","29","0","0","29",
"DJM26687","X002MFMNJZ","B0H5Q713CR","KSEWJP Federstegwerkzeug, Präzisions-Uhrenwerkzeug aus PE & Stahl, Rutschfester Griff, millimetergenau für Uhrenarmband Reparaturen, passend für gängige Armbanduhren","New","5.99","No",,"Yes","0","0","0","0","0","99.96","0","0","0",,"0","0","0","0","0","0",
"DJM26688","X002MFPETL","B0H5Q8DYW7","KSEWJP Venezianische Maske für Erwachsene, PVC Karnevalsmaske mit Glitzerpulver, Vintage Stil für Halloween, Karneval, Kostümpartys und Cosplay, 25 x 0,1 x 10 cm, Schwarz A","New","11.99","No",,"Yes","32","24","1","1","32","99.96","0","0","0","0","0","0","24","0","6","30",
"DJM26689","X002MFPCD9","B0H5Q6GV3B","KSEWJP 2 Stück Transparente Buchklammern aus Polypropylen, Seitenhalter für Bücher, Zeitschriften und Kochbücher, praktischer Lesezubehör, rutschfest und kratzfest, Maße 12 x 7 x 4,2 cm","New","6.99","No",,"Yes","0","0","0","0","0","99.96","0","0","0",,"0","0","0","0","0","0",
"DJM26691","X002MFJ0CN","B0H5QMB3SJ","KSEWJP 3 Stück Französische Haarnadeln 14 cm, U-förmige Metall Haarnadeln in Gold Silber Schwarz, Große Twist Haarnadeln für Hochsteckfrisuren, Geeignet für Alle Frisuren Damen","New","8.98","No",,"Yes","30","30","0","0","30","99.96","0","0","0","0","0","0","30","0","0","30",
"DJM26693","X002MFLGD9","B0H5QMKTDZ","KSEWJP Tierhaarentferner Katzenhaarentferner Hundehaare Entfernen Fusselentferner für Sofa Auto Teppich Kratzbaum Kleidung Tragbarer Fusselbürste Pet Hair Remover (Orange)","New","8.99","No",,"Yes","29","29","0","0","29","99.96","0","0","0","0","0","0","29","0","0","29",
"DJM26695","X002MFPJQT","B0H5QR5X6R","KSEWJP 12 Stück Tragbare Tablettenbeutel, Mini Wiederverwendbare Pillenbeutel mit Reißverschluss, Mehrfarbig Klare EVA Zip Beutel zur Organisation von Pillen und Kleinen Gegenständen","New","5.49","No",,"Yes","30","30","0","0","30","99.96","0","0","0","0","0","0","30","0","0","30",
"DJM26697","X002MFN8M1","B0H5QFHNBB","KSEWJP Kaschmir-Kamm 3 Stück, Manueller Fusselentferner für Wolle Stoffe Kleidung, Lint Werkzeug Pinsel für Pullover Tücher Schals Mäntel Decken","New","5.99","No",,"Yes","30","30","0","0","30","99.96","0","0","0","0","0","0","30","0","0","30",
"DJM26698","X002MFPCDT","B0H5QV61D3","KSEWJP 2-in-1 Haarschneidekamm Schwanzkamm, Spliss Entferner & Haar-Styling-Werkzeug, Mini Tragbar mit Abdeckung, Doppelseitig für Alle Haartypen, Schneiden & Stylen","New","11.09","No",,"Yes","30","29","0","1","30","95.86","0","0","0","0","0","0","29","0","0","29",
"DJM26699","X002MFLM4R","B0H5QHT2GX","KSEWJP 2 Stück Schmetterling Haarklammern, Niedliche Haarspangen mit Perlen Juwel Design, Große Elegante Klaue Clips für Damen, Mode Haar-Accessoires für Dickes und Dünnes Haar, Rosa/Weiß","New","8.99","No",,"Yes","29","29","0","0","29","99.96","0","0","0","0","0","0","29","0","0","29",
"ID-0CZS-7U70","X002MGCBOB","B0H5ZP39P5","KSEWJP 8 Stück Wiederverwendbare Essstäbchenhelfer, Essstäbchentrainer Scharnierverbinder, Essstäbchenhilfe für Erwachsene Anfänger und Lernende, 8 Farben","New","4.19","No",,"Yes","0","0","0","0","0","99.96","0","0","0",,"0","0","0","0","0","0",
"J2-9ZNW-EQBU","X002M8JSQ3","B0H51YF535","KSEWJP Gitarren Plektrum Set mit 2 PU-Leder Aufbewahrungstaschen, 8 Dünne Gitarrenplektren 3×2,6 cm für E-Gitarre, Akustikgitarre, Bass und Ukulele","New","4.69","No",,"Yes","0","0","0","0","0","99.96","0","0","0",,"0","0","0","0","0","0",
"J7-3Q76-SAB7","X002MD2AQD","B0H4ZV3M4Z","KSEWJP 2 Stück Türhandtuchhalter, Edelstahl Handtuchhalter ohne Bohren, Geschirrtuchhalter zum Einhängen für Küche Bad Schranktüren Schubladen, Silber Poliert","New","8.98","No",,"Yes","0","0","0","0","0","99.96","0","0","0",,"0","0","0","0","0","0",
"JW-ATV5-V8HY","X002MGKPW1","B0H61GPY68","KSEWJP Herren Damen Echtleder Münzbeutel, Starker Metallfederverschluss Kleine Geldbörse aus Schaffell, Unisex Tasche für Münzen, Schwarz, 9x9 cm","New","6.90","No",,"Yes","0","0","0","0","0","99.96","0","0","0",,"0","0","0","0","0","0",
"L0-T8BD-7H1Q","X002MFMQNX","B0H5QK3HMF","KSEWJP 2 Stück Fahrrad-Lenkerendstopfen Aluminium, Universelle Lenker Endkappen Schwarz für Rennräder Mountainbikes Gängige Fahrradmodelle","New","4.99","No",,"Yes","0","0","0","0","0","99.96","0","0","0",,"0","0","0","0","0","0",
"LA-0464-XFNN","X002MCHR0D","B0H4VV5ZJ8","KSEWJP Silikon Schokoladenform Braun für 6 Tafeln, BPA-frei LFGB zertifiziert Antihaft Backform 25,9x17x1,5cm spülmaschinenfest","New","6.99","No",,"Yes","0","0","0","0","0","99.96","0","0","0",,"0","0","0","0","0","0",
"MF-9E43-EO7Y","X002MCWKKP","B0H4ZJ2QFW","KSEWJP Gurtpolster Schwarz B 2 Stück Universal Schulterauflagen aus Baumwolle mit Klettverschluss, 16,5x3x6,5cm 30g passend für Kinderwagen Autositze Umhängetaschen","New","8.79","No",,"Yes","0","0","0","0","0","99.96","0","0","0",,"0","0","0","0","0","0",
"OO-BPPA-NNDD","X002MJCCBZ","B0H61FVZ81","KSEWJP 2 Stücke Doppelseitig Edelstahl Aushöhllöffel Set, Melonenballer Eisportionierer Kugelformer für Obst Gemüse, Spülmaschinenfest, 18cm Länge","New","8.49","No",,"Yes","0","0","0","0","0","99.96","0","0","0",,"0","0","0","0","0","0",
"QJ-GZ1C-JV8I","X002MEQVMV","B0H61MZGK1","KSEWJP 2er Set Spannverschluss M6, Edelstahl SS304 abschließbarer Hebelverschluss mit 220kg Haltekraft, verstellbarer Schnellverschluss für Kisten, Geräteboxen, Deckel und Klappen","New","17.14","No",,"Yes","0","0","0","0","0","99.96","0","0","0",,"0","0","0","0","0","0",
"QR-EBD7-3CF0","X002MDAE9X","B0H517QNCB","KSEWJP Leckerlitasche aus Nylon mit Karabiner, wasserdichte Futtertasche für Hunde Katzen, 8,5x7,5x2,5cm Reißverschluss-Tasche für Training Spaziergänge Schwarz Militärgrün","New","7.99","No",,"Yes","0","0","0","0","0","99.96","0","0","0",,"0","0","0","0","0","0",
"R6-J0IN-0TGZ","X002MJ1TWD","B0H6G22G16","KSEWJP Silikon-Knoblauchschäler Rolle Easy Roller Knoblauchroller Küchenwerkzeug Schält Knoblauchzehen in Sekunden Sparschäler 3 Farben 14L x 3,6B cm Spülmaschinenfest","New","8.99","No",,"Yes","0","0","0","0","0","99.96","0","0","0",,"0","0","0","0","0","0",
"RC-57SF-DFVC","X002MFLJSB","B0H5SXXJNS","KSEWJP 5 Stück Rasentrimmerkopf 150 mm, Leichtes Ersatzteil für Elektrische Rasentrimmer, Robuster Gartenwerkzeug zum Trimmen von Rasen, Gärten und Kulturen","New","10.02","No",,"Yes","0","0","0","0","0","99.96","0","0","0",,"0","0","0","0","0","0",
"SF-QKXW-L6AA","X002MGN6WH","B0H63VWKR1","KSEWJP 4 Stück Lesezeichen Leder mit Lederseil, Klassisch Genähte Lederlesezeichen, Buchzeichen in 4 Farben für Bücher Notizbücher Planer Tagebücher","New","6.79","No",,"Yes","0","0","0","0","0","99.96","0","0","0",,"0","0","0","0","0","0",
"Z8-WDS6-8HBZ","X002M9KPL9","B0H4ZDYB2R","KSEWJP Snackball für Hunde Ø11cm blau aus Kunststoff & Naturkautschuk, verstellbare Öffnung für Leckerli-Befüllung, Indoor & Outdoor geeignet für alle Hunderassen","New","12.32","No",,"Yes","0","0","0","0","0","99.96","0","0","0",,"0","0","0","0","0","0",
"ZK-742X-5S7O","X002MGCCUJ","B0H5WKTNVT","KSEWJP 2 Stück Badewannenstöpsel 42-46MM, Universal Abflussstopfen mit Ringgriff für Badewanne Waschbecken Spüle, Schwarz Verdickter Kunststoff","New","4.98","No",,"Yes","0","0","0","0","0","99.96","0","0","0",,"0","0","0","0","0","0",
