"snapshot-date","sku","fnsku","asin","product-name","condition","available","fc-transfer","pending-removal-quantity","inv-age-0-to-90-days","inv-age-91-to-180-days","inv-age-181-to-270-days","inv-age-271-to-365-days","inv-age-366-to-455-days","inv-age-456-plus-days","currency","units-shipped-t7","units-shipped-t30","units-shipped-t60","units-shipped-t90","alert","your-price","sales-price","lowest-price-new-plus-shipping","lowest-price-used","recommended-action","healthy-inventory-level","recommended-sales-price","recommended-sale-duration-days","recommended-removal-quantity","estimated-cost-savings-of-recommended-actions","sell-through","item-volume","volume-unit-measurement","storage-type","storage-volume","marketplace","product-group","sales-rank","days-of-supply","estimated-excess-quantity","weeks-of-cover-t30","weeks-of-cover-t90","featuredoffer-price","sales-shipped-last-7-days","sales-shipped-last-30-days","sales-shipped-last-60-days","sales-shipped-last-90-days","inv-age-0-to-30-days","inv-age-31-to-60-days","inv-age-61-to-90-days","inv-age-181-to-330-days","inv-age-331-to-365-days","estimated-storage-cost-next-month","inbound-quantity","inbound-working","inbound-shipped","inbound-received","Total Reserved Quantity","unfulfillable-quantity","quantity-to-be-charged-ais-241-270-days","estimated-ais-241-270-days","quantity-to-be-charged-ais-271-300-days","estimated-ais-271-300-days","quantity-to-be-charged-ais-301-330-days","estimated-ais-301-330-days","quantity-to-be-charged-ais-331-365-days","estimated-ais-331-365-days","quantity-to-be-charged-ais-366-455-days","estimated-ais-366-455-days","quantity-to-be-charged-ais-456-plus-days","estimated-ais-456-plus-days","historical-days-of-supply","fba-minimum-inventory-level","fba-inventory-level-health-status","Recommended ship-in quantity","Recommended ship-in date","Last updated date for Historical Days of Supply","Exempted from Low-Inventory cost coverage fee?","Low-Inventory cost coverage fee applied in current week?","Short term historical days of supply","Long term historical days of supply","Inventory age snapshot date","Inventory Supply at FBA","Reserved FC Processing","Reserved Customer Order","Reserved Staging","Total Days of Supply (including units from open shipments)","is-seasonal-in-next-3-months","season-name","season-start-date","season-end-date"
"2026-08-13","DJM266411","X002MSF9ZR","B0H6Q43GMQ","KSEWJP LSA Auflegewerkzeug Schwarz mit Mini-Drahtabisolierer für Cat5-Cat7 Netzwerkdosen Patchfelder LAN Kabel","New","25","5","0","30","0","0","0","0","0","EUR","","","","","Low traffic","7.59","0.0","7.59","0.0","Advertise listing","","","0","0","","0.0","1.0E-4","cubic meter","Standard","0.0025","DE","gl_home_improvement","","","0","","","","","","","","30","0","0","0","0","","0","0","0","0","0","0","","","","","","","","","","","","","","","","","","","","","","","2026-08-10","30","0","0","0","","N","","",""
"2026-08-13","DJM266167","X002MO6AYZ","B0H6DCY1ZX","KSEWJP 2 Stück Auto Seitenfenster Sonnenschutz, UV-Schutz Mesh Netz aus Polyester, Universal Passform für Heckfenster von PKW SUV Kombi, Schwarz","New","8","22","0","30","0","0","0","0","0","EUR","","","","","Low traffic","6.99","0.0","6.99","0.0","Advertise listing","","","0","0","","0.0","1.0E-4","cubic meter","Standard","8.0E-4","DE","gl_automotive","","","0","","","","","","","","30","0","0","0","0","","0","0","0","0","0","0","","","","","","","","","","","","","","","","","","","","","","","2026-08-10","30","0","0","0","","N","","",""
"2026-08-13","DJM266273","X002MCXRAH","B0H4ZNP7XL","KSEWJP Sport Stirnbänder 5 Stück, Dünne elastische Haarband mit Anti-Rutsch Silikon, Atmungsaktive Sportkopfband für Laufen, Yoga, Fitness, Tennis, Herren & Damen","New","30","0","0","30","0","0","0","0","0","EUR","","","","","Low traffic","6.99","0.0","6.99","0.0","Advertise listing","","","0","0","","0.0","1.0E-4","cubic meter","Standard","0.003","DE","gl_sports","","","0","","","","","","","","30","0","0","0","0","","0","0","0","0","0","0","","","","","","","","","","","","","","","","","","","","","","","2026-08-10","30","0","0","0","","N","","",""
"2026-08-13","DJM266313","X002MO0JB5","B0H6JN1TM9","KSEWJP Damen Taillenkette, runde Ring Metall Hüftkette, verstellbare Gliederkette mit Verlängerung, modischer Metallgürtel für Kleider und Jeans, gold","New","22","8","0","30","0","0","0","0","0","EUR","","","","","Low traffic","14.99","0.0","14.99","0.0","Advertise listing","","","0","0","","0.0","1.0E-4","cubic meter","Apparel","0.0022","DE","gl_apparel","","","0","","","14.99","","","","","30","0","0","0","0","","0","0","0","0","0","0","","","","","","","","","","","","","","","","","","","","","","","2026-08-10","30","0","0","0","","N","","",""
"2026-08-13","DJM266377","X002MO0GNV","B0H6JRWW6X","KSEWJP 4 Stück Bunte Nagelbürsten mit Griff, Sanfte Handwaschbürste für Hand- und Nagelreinigung, Effektive Badebürste für Bad, Küche und Haushaltsreinigung","New","22","8","0","30","0","0","0","0","0","EUR","","","","","Low traffic","7.49","0.0","7.49","0.0","Advertise listing","","","0","0","","0.0","1.0E-4","cubic meter","Standard","0.0022","DE","gl_beauty","","","0","","","","","","","","30","0","0","0","0","","0","0","0","0","0","0","","","","","","","","","","","","","","","","","","","","","","","2026-08-10","30","0","0","0","","N","","",""
"2026-08-13","DJM266271","X002MC2Q27","B0H55F7V25","KSEWJP 30 Stück Mini Haarspangen, 3 cm Kleine Haarclips, Bunte Haarspangen für Feines Haar, Haar Klammern mit Aufbewahrungsbox","New","30","0","0","30","0","0","0","0","0","EUR","","","","","Low traffic","6.99","0.0","6.99","0.0","Advertise listing","","","0","0","","0.0","1.0E-4","cubic meter","Standard","0.003","DE","gl_beauty","","","0","","","","","","","","30","0","0","0","0","","0","0","0","0","0","0","","","","","","","","","","","","","","","","","","","","","","","2026-08-10","30","0","0","0","","N","","",""
"2026-08-13","DJM26641","X002MD4S6N","B0H55F1L11","KSEWJP Obstschneider für Trauben, Kirschtomaten & Oliven, manueller Viertelschneider aus 304-Edelstahl und BPA-freiem ABS, spülmaschinenfest, kompakter Küchenhelfer in Grün","New","30","0","0","30","0","0","0","0","0","EUR","","","","","Low traffic","10.99","0.0","10.99","0.0","Advertise listing","","","0","0","","0.0","1.0E-4","cubic meter","Standard","0.003","DE","gl_home","","","0","","","","","","","","30","0","0","0","0","","0","0","0","0","0","0","","","","","","","","","","","","","","","","","","","","","","","2026-08-10","30","0","0","0","","N","","",""
"2026-08-13","DJM266315","X002MO0GMR","B0H67CLRLY","KSEWJP Yoga Stretch Gurt, Widerstandsbänder mit 8 Schlaufen, Elastische Fitnessbänder für Yoga Tanztraining Gymnastik Krafttraining, Rot","New","29","1","0","30","0","0","0","0","0","EUR","","","","","Low traffic","6.79","0.0","6.79","0.0","Advertise listing","","","0","0","","0.0","1.0E-4","cubic meter","Standard","0.0029","DE","gl_sports","","","0","","","","","","","","30","0","0","0","0","","0","0","0","0","0","0","","","","","","","","","","","","","","","","","","","","","","","2026-08-10","30","0","0","0","","N","","",""
"2026-08-13","DJM266276","X002M9PYV5","B0H4ZC5QNY","KSEWJP 20 Paar Ohrstöpsel mit Schnur, Wiederverwendbare Silikon Gehörschutzstöpsel, 25 dB Lärmreduzierung, Wasserdicht Gehörschutz für Schwimmen, Schlafen, Arbeiten, Reisen & Konzerte, Blau-Orange","New","0","29","0","29","0","0","0","0","0","EUR","","","","","Low traffic","5.99","0.0","5.99","0.0","NoRestockExcessActionRequired","","","0","0","","0.0","1.0E-4","cubic meter","Standard","0.0","DE","gl_drugstore","","","0","","","","","","","","29","0","0","0","0","","0","0","0","0","0","0","","","","","","","","","","","","","","","","","","","","","","","2026-08-10","29","0","0","0","","N","","",""
"2026-08-13","DJM26640","X002MC1ZGF","B0H55BRG5D","KSEWJP 2 Stück transparente PVC Kartenhüllen, Brieftascheneinsatz Kreditkartenhalter mit 10 Seiten, passend für Personalausweis Führerschein Versicherungs- und EC-Karten, Unisex","New","28","0","0","28","0","0","0","0","0","EUR","","","","","Low traffic","6.59","0.0","6.59","0.0","Advertise listing","","","0","0","","0.0","1.0E-4","cubic meter","Standard","0.0028","DE","gl_luggage","","","0","","","","","","","","28","0","0","0","0","","0","0","0","0","0","0","","","","","","","","","","","","","","","","","","","","","","","2026-08-10","28","0","0","0","","N","","",""
"2026-08-13","DJM26610","X002MD7X1F","B0H4ZDZ7MZ","KSEWJP Duttformer 4 Stück Vintage Haargummi mit Perlen & Blumen Dekor flexibel Haardreher für mittellange und lange Haare DIY Frisur Zubehör für Alltag Feier Hochzeit","New","30","0","0","30","0","0","0","0","0","EUR","","","","","Low traffic","8.55","0.0","8.55","0.0","Advertise listing","","","0","0","","0.0","1.0E-4","cubic meter","Standard","0.003","DE","gl_beauty","","","0","","","","","","","","30","0","0","0","0","","0","0","0","0","0","0","","","","","","","","","","","","","","","","","","","","","","","2026-08-10","30","0","0","0","","N","","",""
"2026-08-13","DJM266260","X002MR9KFX","B0H6PS29CJ","KSEWJP Lockpfeife Entenlockpfeife für Entenjagd Outdoor Aktivitäten Vielseitiger Jagdlock mit Seil Ideal für Enten Hühner und Gänse","New","8","22","0","30","0","0","0","0","0","EUR","","","","","Low traffic","7.99","0.0","7.99","0.0","Advertise listing","","","0","0","","0.0","1.0E-4","cubic meter","Standard","8.0E-4","DE","gl_musical_instruments","","","0","","","","","","","","30","0","0","0","0","","0","0","0","0","0","0","","","","","","","","","","","","","","","","","","","","","","","2026-08-10","30","0","0","0","","N","","",""
"2026-08-13","DJM266389","X002MO0JLZ","B0H6FWKFX5","KSEWJP Ganzmetall Faltbares Golf Pitchgabel mit Pop-up Taste & Magnetkugel Markierung, Schwarz & Blau, 2 Stück","New","30","0","0","30","0","0","0","0","0","EUR","","","","","Low traffic","8.99","0.0","8.99","0.0","Advertise listing","","","0","0","","0.0","1.0E-4","cubic meter","Standard","0.003","DE","gl_sports","","","0","","","","","","","","30","0","0","0","0","","0","0","0","0","0","0","","","","","","","","","","","","","","","","","","","","","","","2026-08-10","30","0","0","0","","N","","",""
"2026-08-13","DJM266111","X002MHVSWL","B0H6BJ3JXC","KSEWJP 300cm Flexible Reinigungsbürste, extra Langer Schiebedach Abflussreiniger, weiche Drahtbürste für Auto Schiebedach, Kraftstofftank, Kühlschrank, Rohrverstopfungen","New","29","0","0","29","0","0","0","0","0","EUR","","","","","Low traffic","5.59","0.0","5.59","0.0","Advertise listing","","","0","0","","0.0","1.0E-4","cubic meter","Standard","0.0029","DE","gl_home","","","0","","","","","","","","29","0","0","0","0","","1","0","0","1","0","0","","","","","","","","","","","","","","","","","","","","","","","2026-08-10","30","0","0","0","","N","","",""
"2026-08-13","DJM266304","X002MG69TT","B0H67HG57L","KSEWJP 2 Stück Abflussstopfen Gummi mit 10cm Metallkette, Ø 40-45mm Waschbeckenstöpsel Schwarz, Universalstöpsel für Küchenspüle Badewanne Bad","New","30","0","0","30","0","0","0","0","0","EUR","","","","","Low traffic","4.99","0.0","4.99","0.0","Advertise listing","","","0","0","","0.0","1.0E-4","cubic meter","Standard","0.003","DE","gl_home","","","0","","","","","","","","30","0","0","0","0","","0","0","0","0","0","0","","","","","","","","","","","","","","","","","","","","","","","2026-08-10","30","0","0","0","","N","","",""
"2026-08-13","DJM266108","X002MNYEXP","B0H6FWPJ3L","KSEWJP 6 Stück Abteilklammern Friseur, No-Trace Haarklammern Damen, Rutschfeste Haar Clips für Friseurbedarf & Heimgebrauch, Schwarz","New","29","1","0","30","0","0","0","0","0","EUR","","","","","Low traffic","4.99","0.0","4.99","0.0","Advertise listing","","","0","0","","0.0","1.0E-4","cubic meter","Standard","0.0029","DE","gl_beauty","","","0","","","","","","","","30","0","0","0","0","","0","0","0","0","0","0","","","","","","","","","","","","","","","","","","","","","","","2026-08-10","30","0","0","0","","N","","",""
"2026-08-13","DJM26654","X002MI29N7","B0H6B8T2QN","KSEWJP Damen Kniestrümpfe Kompressionsstrümpfe, weiche atmungsaktive Baumwolle Reisestrümpfe mit Komfortbund, entlastende Vital Strümpfe für Reisen, Büro und Alltag, mehrere Größen & Farben","New","30","0","0","30","0","0","0","0","0","EUR","","","","","Low traffic","11.89","0.0","11.89","0.0","Advertise listing","","","0","0","","0.0","7.09E-4","cubic meter","Apparel","0.021276","DE","gl_apparel","","","0","","","","","","","","30","0","0","0","0","","0","0","0","0","0","0","","","","","","","","","","","","","","","","","","","","","","","2026-08-10","30","0","0","0","","N","","",""
"2026-08-13","DJM266243","X002MSAJXT","B0H6PQW484","KSEWJP 5 Stück Edelstahl-Fingerschutz, Sichere Schneideschutz, Küchenfingerschutz zum Schneiden, Würfeln und Hacken","New","20","10","0","30","0","0","0","0","0","EUR","","","","","Low traffic","7.49","0.0","7.49","0.0","Advertise listing","","","0","0","","0.0","1.0E-4","cubic meter","Standard","0.002","DE","gl_home","","","0","","","","","","","","30","0","0","0","0","","0","0","0","0","0","0","","","","","","","","","","","","","","","","","","","","","","","2026-08-10","30","0","0","0","","N","","",""
"2026-08-13","DJM26622","X002MDKA0L","B0H5BDTWX2","KSEWJP 2 Stück Holz Haarkamm glatt poliert Naturholz, lustiges Scherzgeschenk für glatzköpfige Erwachsene Männer braun Tischdekoration","New","30","0","0","30","0","0","0","0","0","EUR","","","","","Low traffic","6.5","0.0","6.5","0.0","Advertise listing","","","0","0","","0.0","1.0E-4","cubic meter","Standard","0.003","DE","gl_toy","","","0","","","","","","","","30","0","0","0","0","","0","0","0","0","0","0","","","","","","","","","","","","","","","","","","","","","","","2026-08-10","30","0","0","0","","N","","",""
"2026-08-13","DJM266219","X002MD7KOP","B0H58K4S93","KSEWJP Rote Haarschleife Große Französische Haarspange Damen Seidige Satinbänder Langschwanz Retro Haarschmuck Pferdeschwanz Halter","New","30","1","0","31","0","0","0","0","0","EUR","","","","","Low traffic","6.39","0.0","6.39","0.0","Advertise listing","","","0","0","","0.0","1.0E-4","cubic meter","Standard","0.003","DE","gl_beauty","","","0","","","","","","","","31","0","0","0","0","","0","0","0","0","0","0","","","","","","","","","","","","","","","","","","","","","","","2026-08-10","31","0","0","0","","N","","",""
"2026-08-13","DJM266200","X002M8JTWB","B0H54MBVBR","","New","30","0","0","30","0","0","0","0","0","EUR","","","","","Low traffic","8.99","0.0","8.99","0.0","Advertise listing","","","0","0","","0.0","1.0E-4","cubic meter","Footwear","0.003","DE","","","","0","","","","","","","","30","0","0","0","0","","0","0","0","0","0","0","","","","","","","","","","","","","","","","","","","","","","","2026-08-10","30","0","0","0","","N","","",""
"2026-08-13","DJM26677","X002MC3UGX","B0H586ND8X","KSEWJP 5 Stück Goldene Groß Geschenkschleifen aus Polypropylen, Zugschleifen mit 12cm fertigem Durchmesser für Geschenkverpackung Auto Hochzeit Party Dekoration","New","30","0","0","30","0","0","0","0","0","EUR","","","","","Low traffic","10.99","0.0","10.99","0.0","Advertise listing","","","0","0","","0.0","0.002314","cubic meter","Standard","0.069426","DE","gl_furniture","","","0","","","","","","","","30","0","0","0","0","","0","0","0","0","0","0","","","","","","","","","","","","","","","","","","","","","","","2026-08-10","30","0","0","0","","N","","",""
"2026-08-13","DJM26612","X002MDBFIH","B0H55SKQKN","KSEWJP Wiederverwendbare Damen-Duschhaube Schwarz 33cm Durchmesser dreilagig mit Mikrofaser-Futter für alle Haarlängen","New","30","0","0","30","0","0","0","0","0","EUR","","","","","Low traffic","9.99","0.0","9.99","0.0","Advertise listing","","","0","0","","0.0","1.0E-4","cubic meter","Standard","0.003","DE","gl_beauty","","","0","","","","","","","","30","0","0","0","0","","0","0","0","0","0","0","","","","","","","","","","","","","","","","","","","","","","","2026-08-10","30","0","0","0","","N","","",""
"2026-08-13","DJM26626","X002MC1ZLF","B0H556DDXC","KSEWJP 2 Stück Volumen Haarclips braun aus Nylon & Metall, unsichtbar Bump-Up Clip für mehr Haarvolumen, Haar Accessoire für alle Haartypen","New","30","0","0","30","0","0","0","0","0","EUR","","","","","Low traffic","5.99","0.0","5.99","0.0","Advertise listing","","","0","0","","0.0","1.0E-4","cubic meter","Standard","0.003","DE","gl_beauty","","","0","","","","","","","","30","0","0","0","0","","0","0","0","0","0","0","","","","","","","","","","","","","","","","","","","","","","","2026-08-10","30","0","0","0","","N","","",""
"2026-08-13","DJM26659","X002MDDA7B","B0H5BGRFZS","KSEWJP 2 Stück Katzenhalsband mit Sicherheitsverschluss, Reflektierend Verstellbar mit Stern Mond und Glocke, für Kätzchen und Erwachsene Katzen, Haustierzubehör","New","30","0","0","30","0","0","0","0","0","EUR","","","","","Low traffic","5.99","0.0","5.99","0.0","Advertise listing","","","0","0","","0.0","1.0E-4","cubic meter","Standard","0.003","DE","gl_pet_products","","","0","","","","","","","","30","0","0","0","0","","0","0","0","0","0","0","","","","","","","","","","","","","","","","","","","","","","","2026-08-10","30","0","0","0","","N","","",""
"2026-08-13","DJM26625","X002MC2C0X","B0H55LYKW4","KSEWJP 5 Stück Gesichtsmaske Pinsel Set, Make-up Pinsel mit transparentem Kunststoffgriff, Kosmetik Werkzeuge für die Gesichtsmaske Anwendung","New","30","0","0","30","0","0","0","0","0","EUR","","","","","Low traffic","6.99","0.0","6.99","0.0","Advertise listing","","","0","0","","0.0","2.5E-4","cubic meter","Standard","0.00751","DE","gl_beauty","","","0","","","","","","","","30","0","0","0","0","","0","0","0","0","0","0","","","","","","","","","","","","","","","","","","","","","","","2026-08-10","30","0","0","0","","N","","",""
"2026-08-13","DJM266177","X002MNYEXZ","B0H6JT5X1Y","KSEWJP Salatbesteck aus massivem Akazienholz 2-teilig 30,5cm Salatgabel und Salatlöffel langgriffiges Servierbesteck für Küche und Restaurant","New","12","18","0","32","0","0","0","0","0","EUR","","","","","Low traffic","15.98","0.0","15.98","0.0","Advertise listing","","","0","0","","0.0","1.0E-4","cubic meter","Standard","0.0012","DE","gl_home","","","0","","","","","","","","32","0","0","0","0","","0","0","0","0","2","0","","","","","","","","","","","","","","","","","","","","","","","2026-08-10","30","2","0","0","","N","","",""
"2026-08-13","DJM26693","X002MFLGD9","B0H5QMKTDZ","KSEWJP Tierhaarentferner Katzenhaarentferner Hundehaare Entfernen Fusselentferner für Sofa Auto Teppich Kratzbaum Kleidung Tragbarer Fusselbürste Pet Hair Remover (Orange)","New","29","0","0","29","0","0","0","0","0","EUR","1","1","1","1","Low traffic","8.99","0.0","8.99","0.0","Advertise listing","","","0","0","","0.07","1.0E-4","cubic meter","Standard","0.0029","DE","gl_home","","293","0","116","377","8.99","7.55","7.55","7.55","7.55","29","0","0","0","0","","0","0","0","0","0","0","","","","","","","","","","","","","236.0","","","","","2026-08-10","Yes","No","236.0","236.0","2026-08-10","29","0","0","0","293","N","","",""
"2026-08-13","DJM266388","X002MO6B6H","B0H6FKK6M5","KSEWJP 100 Stück Gardinengleiter Weiß Kunststoff Vorhanggleiter für innere Schienen Gardinenrollen Faltengleiter für Vorhanghaken Duschvorhang Türvorhänge","New","28","2","0","30","0","0","0","0","0","EUR","","","","","Low traffic","6.99","0.0","6.99","0.0","Advertise listing","","","0","0","","0.0","1.0E-4","cubic meter","Standard","0.0028","DE","gl_home","","","0","","","","","","","","30","0","0","0","0","","0","0","0","0","0","0","","","","","","","","","","","","","","","","","","","","","","","2026-08-10","30","0","0","0","","N","","",""
"2026-08-13","DJM266394","X002MR8XI3","B0H6PJR2M6","KSEWJP Handgeschmiedete Nagelhautzange, Professioneller Nagelhautschneider aus Chirurgischem Edelstahl, Doppelfeder, Beidhändig, Exklusiv für Nagelstudios","New","16","14","0","30","0","0","0","0","0","EUR","","","","","Low traffic","9.99","0.0","9.99","0.0","Advertise listing","","","0","0","","0.0","1.0E-4","cubic meter","Standard","0.0016","DE","gl_beauty","","","0","","","","","","","","30","0","0","0","0","","0","0","0","0","7","0","","","","","","","","","","","","","","","","","","","","","","","2026-08-10","30","7","0","0","","N","","",""
"2026-08-13","DJM266270","X002M9UXPR","B0H4ZMRPL6","KSEWJP Harzknöpfe rund 21mm flach mit 4 Löchern, dunkelblau Hornoptik, 6 Stück zum Aufnähen für Jacken Mäntel Strickjacken und Handarbeiten","New","29","0","0","30","0","0","0","0","0","EUR","","","","","Low traffic","4.19","0.0","4.19","0.0","Advertise listing","","","0","0","","0.0","1.0E-4","cubic meter","Standard","0.0029","DE","gl_office_product","","","0","","","","","","","","30","0","0","0","0","","0","0","0","0","0","0","","","","","","","","","","","","","","","","","","","","","","","2026-08-10","29","0","0","0","","N","","",""
"2026-08-13","DJM266221","X002MD8823","B0H589B8RC","KSEWJP Y2K Stern & Mond Taillenkette für Frauen, Metall Chunky Kette Gürtel, Verstellbar, Silber, 105 cm","New","30","0","0","30","0","0","0","0","0","EUR","","","","","Low traffic","9.34","0.0","9.34","0.0","Advertise listing","","","0","0","","0.0","1.0E-4","cubic meter","Apparel","0.003","DE","gl_apparel","","","0","","","","","","","","30","0","0","0","0","","0","0","0","0","0","0","","","","","","","","","","","","","","","","","","","","","","","2026-08-10","30","0","0","0","","N","","",""
"2026-08-13","DJM266366","X002MJCDYB","B0H6FQ6KZ2","KSEWJP 2 Stück Edelstahl Teebeutelklemme, Multifunktionale Teebeutelhalter mit Sieb, Spülmaschinenfest Rostfrei, Teebeutelzange für Tee, Eiswürfel & Kleine Lebensmittel, 17x3,5cm","New","30","0","0","30","0","0","0","0","0","EUR","","","","","Low traffic","8.99","0.0","8.99","0.0","Advertise listing","","","0","0","","0.0","1.0E-4","cubic meter","Standard","0.003","DE","gl_home","","","0","","","8.99","","","","","30","0","0","0","0","","0","0","0","0","0","0","","","","","","","","","","","","","","","","","","","","","","","2026-08-10","30","0","0","0","","N","","",""
"2026-08-13","DJM26608","X002M8IN3R","B0H4Z876QV","","New","30","0","0","30","0","0","0","0","0","EUR","","","","","Low traffic","14.99","0.0","14.99","0.0","Advertise listing","","","0","0","","0.0","1.0E-4","cubic meter","Footwear","0.003","DE","","","","0","","","","","","","","30","0","0","0","0","","0","0","0","0","0","0","","","","","","","","","","","","","","","","","","","","","","","2026-08-10","30","0","0","0","","N","","",""
"2026-08-13","DJM266190","X002MHYSDH","B0H6DSBNLX","KSEWJP 2 Stück Verstellbare Lätzchenhalter für Erwachsene, Serviettenhalter mit Metallclips & Kette, Schwarz, für Zuhause und Professionellen Einsatz","New","30","0","0","30","0","0","0","0","0","EUR","","","","","Low traffic","6.99","0.0","6.99","0.0","Advertise listing","","","0","0","","0.0","1.0E-4","cubic meter","Standard","0.003","DE","gl_home","","","0","","","","","","","","30","0","0","0","0","","0","0","0","0","0","0","","","","","","","","","","","","","","","","","","","","","","","2026-08-10","30","0","0","0","","N","","",""
"2026-08-13","DJM266298","X002MJMYDB","B0H6JBR3BN","KSEWJP 60. Geburtstag Deko für Frauen, Roségoldene Geburtstagsschärpe und Tiara Krone mit Strass, Geburtstagsgürtel Set mit Perlennadel, Geburtstagsgeschenk für 60-jährige Damen","New","0","30","0","30","0","0","0","0","0","EUR","","","","","Low traffic","7.49","0.0","7.49","0.0","NoRestockExcessActionRequired","","","0","0","","0.0","1.0E-4","cubic meter","Standard","0.0","DE","gl_toy","","","0","","","","","","","","30","0","0","0","0","","0","0","0","0","0","0","","","","","","","","","","","","","","","","","","","","","","","2026-08-10","30","0","0","0","","N","","",""
"2026-08-13","DJM266146","X002MHVACJ","B0H6BGHMSH","KSEWJP Doppellagige Satin Schlafmütze für Damen, rutschfeste Nachtmütze mit verstellbarem Bindeband, Haarhaube für lockiges Haar zum Haarschutz, Tiefschwarz","New","30","0","0","30","0","0","0","0","0","EUR","","","","","Low traffic","13.99","0.0","13.99","0.0","Advertise listing","","","0","0","","0.0","1.0E-4","cubic meter","Apparel","0.003","DE","gl_apparel","","","0","","","","","","","","30","0","0","0","0","","0","0","0","0","0","0","","","","","","","","","","","","","","","","","","","","","","","2026-08-10","30","0","0","0","","N","","",""
"2026-08-13","DJM266173","X002MO0F8H","B0H6HD46GS","KSEWJP 2 Stück Saucenkelle Suppenlöffel aus Edelstahl, 16,6 cm robuster Esslöffel, kratzfest & formstabil, Spülmaschinengeeignet für Haushalt und Restaurant","New","29","1","0","30","0","0","0","0","0","EUR","","","","","Low traffic","11.99","0.0","11.99","0.0","Advertise listing","","","0","0","","0.0","1.0E-4","cubic meter","Standard","0.0029","DE","gl_kitchen","","","0","","","","","","","","30","0","0","0","0","","0","0","0","0","0","0","","","","","","","","","","","","","","","","","","","","","","","2026-08-10","30","0","0","0","","N","","",""
"2026-08-13","DJM26682","X002MBR3NP","B0H584HN7N","2 Stück Marineblaues Haarreif Stirnband 1,5 cm Breit aus Plüsch und Kunststoff, Universalgröße Haarband für Erwachsene Haaraccessoire von KSEWJP","New","30","0","0","30","0","0","0","0","0","EUR","","","","","Low traffic","6.59","0.0","6.59","0.0","Advertise listing","","","0","0","","0.0","1.0E-4","cubic meter","Standard","0.003","DE","gl_beauty","","","0","","","","","","","","30","0","0","0","0","","0","0","0","0","0","0","","","","","","","","","","","","","","","","","","","","","","","2026-08-10","30","0","0","0","","N","","",""
"2026-08-13","DJM26619","X002M9QJ9L","B0H4ZV7PF2","KSEWJP Bräunungshandschuh mit Daumenausschnitt, waschbarer Selbstbräuner Applikator für Gesicht & Körper, geeignet für Lotion Spray Mousse, wasser- und ölabweisend, 1 Stück in Braun Schwarz Pink verfü","New","30","0","0","30","0","0","0","0","0","EUR","","","","","Low traffic","4.19","0.0","4.19","0.0","Advertise listing","","","0","0","","0.0","1.0E-4","cubic meter","Standard","0.003","DE","gl_beauty","","","0","","","","","","","","30","0","0","0","0","","0","0","0","0","0","0","","","","","","","","","","","","","","","","","","","","","","","2026-08-10","30","0","0","0","","N","","",""
"2026-08-13","DJM266291","X002MJRCID","B0H6J7JZ41","KSEWJP Kleine Runde Polarisierte Sonnenbrille, Vintage Metallrahmen Retro Brille, Steampunk Stil Unisex Sonnenbrille für Männer Frauen, Strandbrille für Outdoor Alltag(Schwarz)","New","12","18","0","30","0","0","0","0","0","EUR","","","","","Low traffic","4.69","0.0","4.69","0.0","Advertise listing","","","0","0","","0.0","1.0E-4","cubic meter","Footwear","0.0012","DE","gl_shoes","","","0","","","","","","","","30","0","0","0","0","","0","0","0","0","0","0","","","","","","","","","","","","","","","","","","","","","","","2026-08-10","30","0","0","0","","N","","",""
"2026-08-13","DJM266215","X002MC2CFD","B0H58LW5BH","KSEWJP 2 Stück Foundation Make-up Pinsel, Premium Kabuki Pinsel, Doppelendiger Konturpinsel für flüssiges Puder, Concealer, Creme, Rouge","New","30","0","0","30","0","0","0","0","0","EUR","","","","","Low traffic","9.99","0.0","9.99","0.0","Advertise listing","","","0","0","","0.0","1.0E-4","cubic meter","Standard","0.003","DE","gl_beauty","","","0","","","","","","","","30","0","0","0","0","","0","0","0","0","0","0","","","","","","","","","","","","","","","","","","","","","","","2026-08-10","30","0","0","0","","N","","",""
"2026-08-13","DJM26649","X002MI1G3L","B0H6B19H68","KSEWJP Duschkopfhalterung 25 mm verstellbar, universale Handbrause Halterung für Duschstangen, glänzend polierter Kunststoff Brausehalter Ersatz für Badezimmer","New","30","0","0","30","0","0","0","0","0","EUR","","","","","Low traffic","8.79","0.0","8.79","0.0","Advertise listing","","","0","0","","0.0","1.0E-4","cubic meter","Standard","0.003","DE","gl_home_improvement","","","0","","","","","","","","30","0","0","0","0","","0","0","0","0","0","0","","","","","","","","","","","","","","","","","","","","","","","2026-08-10","30","0","0","0","","N","","",""
"2026-08-13","DJM26691","X002MFJ0CN","B0H5QMB3SJ","KSEWJP 3 Stück Französische Haarnadeln 14 cm, U-förmige Metall Haarnadeln in Gold Silber Schwarz, Große Twist Haarnadeln für Hochsteckfrisuren, Geeignet für Alle Frisuren Damen","New","0","30","0","30","0","0","0","0","0","EUR","","","","","Low traffic","8.98","0.0","8.98","0.0","NoRestockExcessActionRequired","","","0","0","","0.0","1.0E-4","cubic meter","Standard","0.0","DE","gl_beauty","","","0","","","","","","","","30","0","0","0","0","","0","0","0","0","0","0","","","","","","","","","","","","","","","","","","","","","","","2026-08-10","30","0","0","0","","N","","",""
"2026-08-13","DJM266112","X002MO0F5F","B0H6G187MS","KSEWJP Kleine Haarklammern für Damen und Mädchen, zweireihige Zähne Haarspangen für feines dünnes Haar, rutschfeste quadratische Mini Haarklammern, 8 Stück in 4 Farben","New","30","0","0","31","0","0","0","0","0","EUR","","","","","Low traffic","9.99","0.0","9.99","0.0","Advertise listing","","","0","0","","0.0","1.0E-4","cubic meter","Standard","0.003","DE","gl_beauty","","","0","","","","","","","","31","0","0","0","0","","0","0","0","0","0","0","","","","","","","","","","","","","","","","","","","","","","","2026-08-10","30","0","0","0","","N","","",""
"2026-08-13","DJM266288","X002MNYEW1","B0H6J64JGL","KSEWJP Kosmetiktasche aus Leinen, Niedliche Katzen Make-up Tasche mit Reißverschluss, Vielseitige Aufbewahrungstasche für Katzenliebhaber Damen, Reise Tasche für Toilettenartikel","New","29","0","0","30","0","0","0","0","0","EUR","","","","","Low traffic","5.79","0.0","5.79","0.0","Advertise listing","","","0","0","","0.0","1.0E-4","cubic meter","Standard","0.0029","DE","gl_luggage","","","0","","","","","","","","30","0","0","0","0","","0","0","0","0","0","0","","","","","","","","","","","","","","","","","","","","","","","2026-08-10","29","0","0","0","","N","","",""
"2026-08-13","DJM266157","X002MJ84NZ","B0H6D4QZCL","KSEWJP 2 Stück Elastische Gepäckgurte, Verstellbare Kofferbänder Bungee-Gurte, Robuste Befestigungsgurte für Koffer & Rucksack, Praktisches Reisezubehör, Größe L, Schwarz","New","9","21","0","30","0","0","0","0","0","EUR","","","","","Low traffic","6.99","0.0","6.99","0.0","Advertise listing","","","0","0","","0.0","1.0E-4","cubic meter","Standard","9.0E-4","DE","gl_automotive","","","0","","","","","","","","30","0","0","0","0","","0","0","0","0","0","0","","","","","","","","","","","","","","","","","","","","","","","2026-08-10","30","0","0","0","","N","","",""
"2026-08-13","DJM266196","X002MBR16J","B0H55NCGFH","KSEWJP Mini Geldbeutel, PU Leder Portemonnaie mit Kartenhalter und Quaste, Reißverschluss Geldbörse für Frauen und Teenager (Lichtrosa)","New","30","0","0","30","0","0","0","0","0","EUR","","","","","Low traffic","6.59","0.0","6.59","0.0","Advertise listing","","","0","0","","0.0","1.0E-4","cubic meter","Standard","0.003","DE","gl_luggage","","","0","","","","","","","","30","0","0","0","0","","0","0","0","0","0","0","","","","","","","","","","","","","","","","","","","","","","","2026-08-10","30","0","0","0","","N","","",""
"2026-08-13","DJM26656","X002M919NH","B0H58DKGV8","KSEWJP Pflegehandschuhe für Haustiere aus Kunststoff mit Massagefunktion, EIN Paar blau, Einheitsgröße für Hunde Katzen Pferde Hasen","New","29","0","0","29","0","0","0","0","0","EUR","","","","","Low traffic","8.49","0.0","8.49","0.0","Advertise listing","","","0","0","","0.0","1.0E-4","cubic meter","Standard","0.0029","DE","gl_pet_products","","","0","","","","","","","","29","0","0","0","0","","0","0","0","0","0","0","","","","","","","","","","","","","","","","","","","","","","","2026-08-10","29","0","0","0","","N","","",""
"2026-08-13","DJM266247","X002M8YDM7","B0H587R3BY","KSEWJP Große Gelbe Haarschleife 39cm, Übergroße Tüll Haarklammer mit Seidigem Schleifenschwanz, Klassische Haar-Accessoires für Damen Mädchen Teenager","New","30","0","0","30","0","0","0","0","0","EUR","","","","","Low traffic","13.64","0.0","13.64","0.0","Advertise listing","","","0","0","","0.0","1.0E-4","cubic meter","Standard","0.003","DE","gl_beauty","","","0","","","","","","","","30","0","0","0","0","","0","0","0","0","0","0","","","","","","","","","","","","","","","","","","","","","","","2026-08-10","30","0","0","0","","N","","",""
"2026-08-13","DJM266228","X002MI108R","B0H6CZRRS1","KSEWJP Sonnenblume Katzenhalskrause, weiches Flauschiges Erholungshalsband mit verstellbarem Zugband, hautfreundlicher Schutzkragen nach Operationen für Katzen und kleine Hunde, Größe S Gelb","New","30","0","0","30","0","0","0","0","0","EUR","","","","","Low traffic","5.79","0.0","5.79","0.0","Advertise listing","","","0","0","","0.0","1.0E-4","cubic meter","Standard","0.003","DE","gl_pet_products","","","0","","","","","","","","30","0","0","0","0","","0","0","0","0","0","0","","","","","","","","","","","","","","","","","","","","","","","2026-08-10","30","0","0","0","","N","","",""
"2026-08-13","DJM266303","X002MI4CWX","B0H6FC9S67","30 Einweg Wellenkopf Mundreinigung Baumwolle Stäbe, weiche Mundpflege Schwamm Bürste","New","8","21","0","29","0","0","0","0","0","EUR","","","","","Low traffic","7.12","0.0","7.12","0.0","Advertise listing","","","0","0","","0.0","1.0E-4","cubic meter","Standard","8.0E-4","DE","gl_personal_care_appliances","","","0","","","7.18","","","","","29","0","0","0","0","","0","0","0","0","1","0","","","","","","","","","","","","","","","","","","","","","","","2026-08-10","29","1","0","0","","N","","",""
"2026-08-13","DJM26678","X002MCZ5AH","B0H58FYW79","KSEWJP 6 Stück Weiße Keramiklöffel 13x2,5cm, Porzellan Eierlöffel mit langem Griff, Teelöffel für Kaffee Tee Dessert Marmelade Joghurt Honig Eis","New","29","0","0","29","0","0","0","0","0","EUR","","","","","Low traffic","6.99","0.0","6.99","0.0","Advertise listing","","","0","0","","0.0","1.0E-4","cubic meter","Standard","0.0029","DE","gl_kitchen","","","0","","","","","","","","29","0","0","0","0","","0","0","0","0","0","0","","","","","","","","","","","","","","","","","","","","","","","2026-08-10","29","0","0","0","","N","","",""
"2026-08-13","DJM26668","X002MC50YD","B0H58GTDQ7","MNFPSJB 50 Stück Einweg Duschhauben, Wasserdichte PE Kunststoff Duschkappen mit Elastischem Rand für Erwachsene, für Bad, SPA, Salon, Reise","New","30","0","0","30","0","0","0","0","0","EUR","","","","","Low traffic","4.29","0.0","4.29","0.0","Advertise listing","","","0","0","","0.0","0.001336","cubic meter","Standard","0.040069","DE","gl_beauty","","","0","","","","","","","","30","0","0","0","0","","0","0","0","0","0","0","","","","","","","","","","","","","","","","","","","","","","","2026-08-10","30","0","0","0","","N","","",""
"2026-08-13","DJM26644","X002MC4157","B0H559KHP1","KSEWJP Flohkamm aus rostfreiem Stahl für Katzen und Hunde, Profi Läuse- und Staubkamm für dickes sowie glattes Haustierfell, rote Griffausführung, 1 Stück","New","30","0","0","30","0","0","0","0","0","EUR","","","","","Low traffic","3.99","0.0","3.99","0.0","Advertise listing","","","0","0","","0.0","1.0E-4","cubic meter","Standard","0.003","DE","gl_beauty","","","0","","","","","","","","30","0","0","0","0","","0","0","0","0","0","0","","","","","","","","","","","","","","","","","","","","","","","2026-08-10","30","0","0","0","","N","","",""
"2026-08-13","DJM266163","X002M7XO1J","B0H4Z1W82S","","New","28","0","0","28","0","0","0","0","0","EUR","","","","","Low traffic","12.74","0.0","12.74","0.0","Advertise listing","","","0","0","","0.0","1.0E-4","cubic meter","Footwear","0.0028","DE","","","","0","","","","","","","","28","0","0","0","0","","0","0","0","0","0","0","","","","","","","","","","","","","","","","","","","","","","","2026-08-10","28","0","0","0","","N","","",""
"2026-08-13","DJM266410","X002MSEUHZ","B0H6PZRR79","KSEWJP 2 Stück 3-in-1 Kunststoffkämme antistatisch Doppelzahn Detangling Stylingkamm für nasses lockiges langes Haar","New","14","16","0","24","0","0","0","0","0","EUR","","","","","Low traffic","5.69","0.0","5.69","0.0","Advertise listing","","","0","0","","0.0","1.0E-4","cubic meter","Standard","0.0014","DE","gl_beauty","","","0","","","","","","","","24","0","0","0","0","","0","0","0","0","0","0","","","","","","","","","","","","","","","","","","","","","","","2026-08-10","30","0","0","0","","N","","",""
"2026-08-13","DJM266400","X002MO7V75","B0H6JQJC53","KSEWJP Auto Schlüsseltasche RFID Diebstahlschutz, PU Leder Autoschlüssel Signal Abschirmbox Schlüsseletui mit Haken und Schlüsselring für Damen Herren","New","29","1","0","30","0","0","0","0","0","EUR","","","","","Low traffic","26.99","0.0","26.99","0.0","Advertise listing","","","0","0","","0.0","1.0E-4","cubic meter","Apparel","0.0029","DE","gl_apparel","","","0","","","","","","","","30","0","0","0","0","","0","0","0","0","0","0","","","","","","","","","","","","","","","","","","","","","","","2026-08-10","30","0","0","0","","N","","",""
"2026-08-13","DJM266321","X002MGCHSB","B0H675SD5B","KSEWJP Sektverschluss 2 Stück Silber, Edelstahl Champagner Verschluss, Wiederverwendbarer Flaschenverschluss für Schaumweine","New","30","0","0","30","0","0","0","0","0","EUR","","","","","Low traffic","11.99","0.0","11.99","0.0","Advertise listing","","","0","0","","0.0","1.0E-4","cubic meter","Standard","0.003","DE","gl_kitchen","","","0","","","","","","","","30","0","0","0","0","","0","0","0","0","0","0","","","","","","","","","","","","","","","","","","","","","","","2026-08-10","30","0","0","0","","N","","",""
"2026-08-13","DJM266104","X002MFORSZ","B0H5QZDQMV","KSEWJP Edelstahl Eisportionierer, Eiskugelformer Eislöffel Schneeballzange, Vielseitig für Eiscreme Keksteig Falafel, Spülmaschinenfest Küchenwerkzeug","New","30","0","0","30","0","0","0","0","0","EUR","","","","","Low traffic","6.86","0.0","6.86","0.0","Advertise listing","","","0","0","","0.0","3.82E-4","cubic meter","Standard","0.01145","DE","gl_kitchen","","","0","","","","","","","","30","0","0","0","0","","0","0","0","0","0","0","","","","","","","","","","","","","","","","","","","","","","","2026-08-10","30","0","0","0","","N","","",""
"2026-08-13","DJM26686","X002MBQZ9X","B0H58FT5HK","KSEWJP Runde Retro Brille, Metallrahmen Transparente Gläser Unisex Vintage Brille für Alltag, Kostümpartys, Cosplay, Halloween und Theateraufführungen","New","29","0","0","29","0","0","0","0","0","EUR","","","","","Low traffic","4.95","0.0","4.95","0.0","Advertise listing","","","0","0","","0.0","1.0E-4","cubic meter","Standard","0.0029","DE","gl_toy","","","0","","","","","","","","29","0","0","0","0","","0","0","0","0","0","0","","","","","","","","","","","","","","","","","","","","","","","2026-08-10","29","0","0","0","","Y","Halloween","2026-09-26","2026-11-06"
"2026-08-13","DJM266300","X002MO0JID","B0H6F9MWLL","KSEWJP 2 Stück Haartrockner Kammaufsatz, Schwarz Ausblaskappe, Profi Haartrockner Düse, Friseur Styling Aufsatz für die meisten Standard Haartrockner","New","30","0","0","33","0","0","0","0","0","EUR","","","","","Low traffic","6.88","0.0","6.88","0.0","Advertise listing","","","0","0","","0.0","1.0E-4","cubic meter","Standard","0.003","DE","gl_personal_care_appliances","","","0","","","","","","","","33","0","0","0","0","","0","0","0","0","0","0","","","","","","","","","","","","","","","","","","","","","","","2026-08-10","30","0","0","0","","N","","",""
"2026-08-13","DJM266136","X002MO5RWB","B0H6MN9PB5","KSEWJP Vintage Polarisiert Sonnenbrille Herren Damen Retro Pilot 70er UV400 Schutz Klassisch Unisex Sonnenbrille","New","28","1","0","30","0","0","0","0","0","EUR","","","","","Low traffic","16.99","0.0","16.99","0.0","Advertise listing","","","0","0","","0.0","1.0E-4","cubic meter","Footwear","0.0028","DE","gl_shoes","","","0","","","","","","","","30","0","0","0","0","","0","0","0","0","0","0","","","","","","","","","","","","","","","","","","","","","","","2026-08-10","29","0","0","0","","N","","",""
"2026-08-13","DJM26646","X002MD0ZSN","B0H5589MN4","KSEWJP 2 Stück Verstellbarer Rucksack Brustgurt, 2,5 cm Nylon Rucksackgurt mit Schnellverschluss, Universell für alle Rucksäcke, Ideal für Wandern, Radfahren, Pendeln und Reisen","New","30","0","0","30","0","0","0","0","0","EUR","","","","","Low traffic","6.49","0.0","6.49","0.0","Advertise listing","","","0","0","","0.0","1.0E-4","cubic meter","Standard","0.003","DE","gl_sports","","","0","","","","","","","","30","0","0","0","0","","0","0","0","0","0","0","","","","","","","","","","","","","","","","","","","","","","","2026-08-10","30","0","0","0","","N","","",""
"2026-08-13","DJM266195","X002MC7C2B","B0H54Z39B9","KSEWJP Nachfüllbarer Parfümzerstäuber aus Metall, 5ml Reiseparfümflasche ohne Trichter befüllbar, zylindrische Sprühflasche Schwarz 1,9x1,9x8,8cm für Handtasche Reise","New","30","0","0","30","0","0","0","0","0","EUR","","","","","Low traffic","9.99","0.0","9.99","0.0","Advertise listing","","","0","0","","0.0","1.0E-4","cubic meter","Standard","0.003","DE","gl_home","","","0","","","","","","","","30","0","0","0","0","","0","0","0","0","0","0","","","","","","","","","","","","","","","","","","","","","","","2026-08-10","30","0","0","0","","N","","",""
"2026-08-13","DJM26601","X002M9S3OF","B0H4Z177QB","KSEWJP 6 Stück Schwarze Kunststoff Haarkrallen, Modische Haarspangen Klaue für Damen, Starke Haarklammern zur Haarbefestigung","New","29","0","0","30","0","0","0","0","0","EUR","1","1","1","1","Low traffic","7.29","0.0","7.29","0.0","Advertise listing","","","0","0","","0.0","1.0E-4","cubic meter","Standard","0.0029","DE","gl_beauty","","","0","116","377","","6.13","6.13","6.13","6.13","30","0","0","0","0","","0","0","0","0","0","0","","","","","","","","","","","","","","","","","","","","","","","2026-08-10","29","0","0","0","","N","","",""
"2026-08-13","DJM266235","X002MD166D","B0H58FJT4B","KSEWJP Edelstahl Eierköpfer, Manueller Eierschneider für Weich- und Hartgekochte Eier, Tragbar, Geeignet für Hühner- und Enteneier","New","30","0","0","30","0","0","0","0","0","EUR","","","","","Low traffic","7.99","0.0","7.99","0.0","Advertise listing","","","0","0","","0.0","1.0E-4","cubic meter","Standard","0.003","DE","gl_home","","","0","","","","","","","","30","0","0","0","0","","0","0","0","0","0","0","","","","","","","","","","","","","","","","","","","","","","","2026-08-10","30","0","0","0","","N","","",""
"2026-08-13","DJM266326","X002MGAIDR","B0H67KCK18","KSEWJP 4 Stück Verstellbare Bettlakenspanner, Bettlakenclips Schwarz, Bügelbezugsspanner Bügeltischspanner für Bettlaken Sofabezug Bügelbrett","New","30","0","0","30","0","0","0","0","0","EUR","","","","","Low traffic","5.99","0.0","5.99","0.0","Advertise listing","","","0","0","","0.0","1.0E-4","cubic meter","Standard","0.003","DE","gl_home","","","0","","","5.99","","","","","30","0","0","0","0","","0","0","0","0","0","0","","","","","","","","","","","","","","","","","","","","","","","2026-08-10","30","0","0","0","","N","","",""
"2026-08-13","DJM26657","X002M9GJAP","B0H5BRNZYN","KSEWJP Golf-Übungs-Putter-Pad, Klappbare Golf Puttingmatte für Innen und Außen, Kunststoff, Mit Verstellbarem Loch und Weißer Flagge, Größe M","New","30","0","0","30","0","0","0","0","0","EUR","","","","","Low traffic","10.98","0.0","10.98","0.0","Advertise listing","","","0","0","","0.0","1.0E-4","cubic meter","Standard","0.003","DE","gl_sports","","","0","","","","","","","","30","0","0","0","0","","0","0","0","0","0","0","","","","","","","","","","","","","","","","","","","","","","","2026-08-10","30","0","0","0","","N","","",""
"2026-08-13","DJM26679","X002M8YWKZ","B0H58JX43L","KSEWJP Hornhautfeile aus Buchenholz & Korundstein, Fußschrubber für verhärtete/trockene Haut, Fersenschleifer Pediküre-Werkzeug zum Entfernen abgestorbener Haut & rissiger Fersen","New","30","0","0","30","0","0","0","0","0","EUR","","","","","Low traffic","5.29","0.0","5.29","0.0","Advertise listing","","","0","0","","0.0","2.32E-4","cubic meter","Standard","0.006969","DE","gl_personal_care_appliances","","","0","","","","","","","","30","0","0","0","0","","0","0","0","0","0","0","","","","","","","","","","","","","","","","","","","","","","","2026-08-10","30","0","0","0","","N","","",""
"2026-08-13","DJM266405","X002MO0JFL","B0H6JHFRNY","KSEWJP Pillenspender für Hunde 2 Stück weiß, Haustier Pilleninjektor für mittelgroße und große Hunde bis 20,4 kg sowie große Katzen","New","30","0","0","30","0","0","0","0","0","EUR","","","","","Low traffic","6.64","0.0","6.64","0.0","Advertise listing","","","0","0","","0.0","1.0E-4","cubic meter","Standard","0.003","DE","gl_pet_products","","","0","","","","","","","","30","0","0","0","0","","0","0","0","0","0","0","","","","","","","","","","","","","","","","","","","","","","","2026-08-10","30","0","0","0","","N","","",""
"2026-08-13","DJM266226","X002MC5ABB","B0H5896RJH","KSEWJP 4 Stück Abflusssieb Silikon, Haarfänger Dusche Abflussabdeckung, 13,5x13,5cm Duschabflussfilter für Badewanne, Küche, Waschbecken, Grau & Weiß","New","30","0","0","30","0","0","0","0","0","EUR","","","","","Low traffic","6.99","0.0","6.99","0.0","Advertise listing","","","0","0","","0.0","1.0E-4","cubic meter","Standard","0.003","DE","gl_home","","","0","","","","","","","","30","0","0","0","0","","0","0","0","0","0","0","","","","","","","","","","","","","","","","","","","","","","","2026-08-10","30","0","0","0","","N","","",""
"2026-08-13","DJM26642","X002MCZZP7","B0H55NWTSF","KSEWJP 2 Stück 3D Blumen Schuhclips Schwarz aus Polyester, abnehmbare Metallclip Schuhdekoration für Schuhe Taschen Hüte Schals","New","30","0","0","30","0","0","0","0","0","EUR","","","","","Low traffic","17.39","0.0","17.39","0.0","Advertise listing","","","0","0","","0.0","1.0E-4","cubic meter","Apparel","0.003","DE","gl_jewelry","","","0","","","","","","","","30","0","0","0","0","","0","0","0","0","0","0","","","","","","","","","","","","","","","","","","","","","","","2026-08-10","30","0","0","0","","N","","",""
"2026-08-13","DJM266183","X002MBR07J","B0H55DZ1SP","KSEWJP Runde Haarbürste, Professionelle Friseurbürste zum Entwirren Glätten Föhnen, Antistatische Frizz-Kamm für Lockiges Gewelltes Haar, Gelbe Spitze","New","30","0","0","30","0","0","0","0","0","EUR","","","","","Low traffic","6.99","0.0","6.99","0.0","Advertise listing","","","0","0","","0.0","2.53E-4","cubic meter","Standard","0.007589","DE","gl_beauty","","","0","","","","","","","","30","0","0","0","0","","0","0","0","0","0","0","","","","","","","","","","","","","","","","","","","","","","","2026-08-10","30","0","0","0","","N","","",""
"2026-08-13","DJM266251","X002MFPCEN","B0H5PT7R9H","KSEWJP 4 Stück 70mm Cantilever Fahrrad Bremsbeläge, Bremsgummi Bremsbacken mit Muttern und Distanzstücken für Fahrradbremsen","New","30","0","0","30","0","0","0","0","0","EUR","","","","","Low traffic","7.99","0.0","7.99","0.0","Advertise listing","","","0","0","","0.0","1.0E-4","cubic meter","Standard","0.003","DE","gl_outdoors","","","0","","","","","","","","30","0","0","0","0","","0","0","0","0","0","0","","","","","","","","","","","","","","","","","","","","","","","2026-08-10","30","0","0","0","","N","","",""
"2026-08-13","DJM26650","X002MC472T","B0H555B8F8","KSEWJP 2 Stück Haarspangen mit Samtschleife, Große Vintage Schleifen mit langem Band, Elegante Haarschmuck für Damen, Schwarz und Weinrot","New","30","0","0","30","0","0","0","0","0","EUR","","","","","Low traffic","5.99","0.0","5.99","0.0","Advertise listing","","","0","0","","0.0","3.56E-4","cubic meter","Standard","0.010677","DE","gl_beauty","","","0","","","","","","","","30","0","0","0","0","","0","0","0","0","0","0","","","","","","","","","","","","","","","","","","","","","","","2026-08-10","30","0","0","0","","N","","",""
"2026-08-13","DJM266245","X002M8YNZJ","B0H58C444D","KSEWJP Polarisiert Clip-On Nachtfahrbrille Gelb PC Gläser Blendfrei Halbrahmen Autofahrerbrille für Brillenträger Unisex","New","13","17","0","30","0","0","0","0","0","EUR","","","","","Low traffic","4.99","0.0","4.99","0.0","Advertise listing","","","0","0","","0.0","1.0E-4","cubic meter","Footwear","0.0013","DE","gl_shoes","","","0","","","","","","","","30","0","0","0","0","","0","0","0","0","0","0","","","","","","","","","","","","","","","","","","","","","","","2026-08-10","30","0","0","0","","N","","",""
"2026-08-13","DJM266217","X002M8Z1OL","B0H58766LB","KSEWJP 2 Stück Auto Detailingbürste, Weiche Nylonborsten Innenraum Reinigungsbürste, Kratzfrei Staubbürste für Lüftungsschlitze & Armaturenbrett, für Auto & Haushalt, Schwarz","New","30","0","0","30","0","0","0","0","0","EUR","","","","","Low traffic","6.99","0.0","6.99","0.0","Advertise listing","","","0","0","","0.0","1.0E-4","cubic meter","Standard","0.003","DE","gl_beauty","","","0","","","","","","","","30","0","0","0","0","","0","0","0","0","0","0","","","","","","","","","","","","","","","","","","","","","","","2026-08-10","30","0","0","0","","N","","",""
"2026-08-13","DJM266152","X002MD80RB","B0H4ZPDCRL","KSEWJP 2 Stück Gürtel Ohne Schnalle, Elastischer Unisex Gürtel Mit Klettverschluss, Unsichtbarer Mehrzweck Stretchgürtel Für Freizeit Und Arbeit, Schwarz","New","30","0","0","30","0","0","0","0","0","EUR","","","","","Low traffic","5.99","0.0","5.99","0.0","Advertise listing","","","0","0","","0.0","1.0E-4","cubic meter","Apparel","0.003","DE","gl_apparel","","","0","","","5.99","","","","","30","0","0","0","0","","0","0","0","0","0","0","","","","","","","","","","","","","","","","","","","","","","","2026-08-10","30","0","0","0","","N","","",""
"2026-08-13","DJM266363","X002MJPYW9","B0H6J8BFBQ","KSEWJP 2 Stücke Feder Gesichtshaarentferner, Augenbrauen Epilierer Einfädeln Werkzeug für Oberlippe Kinn Wangen Hals, Gesichtshaar Entferner für Frauen Männer (Schwarz, Rosenrot)","New","30","0","0","30","0","0","0","0","0","EUR","","","","","Low traffic","6.59","0.0","6.59","0.0","Advertise listing","","","0","0","","0.0","1.0E-4","cubic meter","Standard","0.003","DE","gl_drugstore","","","0","","","6.65","","","","","30","0","0","0","0","","0","0","0","0","0","0","","","","","","","","","","","","","","","","","","","","","","","2026-08-10","30","0","0","0","","N","","",""
"2026-08-13","DJM266106","X002MO5RU3","B0H6G4DFGP","KSEWJP Weißer Eierpochierer, Mikrowellen-Eierkocher mit 2 Mulden, Antihaftbeschichtung, Deckel und Doppeltem Abfluss, Kompakt für Schnelles Frühstück","New","30","0","0","30","0","0","0","0","0","EUR","","","","","Low traffic","6.99","0.0","6.99","0.0","Advertise listing","","","0","0","","0.0","1.0E-4","cubic meter","Standard","0.003","DE","gl_kitchen","","","0","","","","","","","","30","0","0","0","0","","0","0","0","0","0","0","","","","","","","","","","","","","","","","","","","","","","","2026-08-10","30","0","0","0","","N","","",""
"2026-08-13","DJM266134","X002MGN1SB","B0H5WFSGNJ","KSEWJP Verstellbarer Elisabethanischer Kragen für Hunde und Katzen, Anti-Biss Anti-Leck Postoperativer Schutzkragen, Hundekegel zur Wundschutz (Halsumfang: 26-29 cm)","New","30","0","0","30","0","0","0","0","0","EUR","","","","","Low traffic","10.99","0.0","10.99","0.0","Advertise listing","","","0","0","","0.0","1.0E-4","cubic meter","Standard","0.003","DE","gl_pet_products","","","0","","","","","","","","30","0","0","0","0","","0","0","0","0","0","0","","","","","","","","","","","","","","","","","","","","","","","2026-08-10","30","0","0","0","","N","","",""
"2026-08-13","DJM266368","X002MI0XHV","B0H6922DH2","KSEWJP 3er Set Retro Haarreifen mit Punkten & Schleife, rutschfester breiter Stirnband mit Metallkern aus Polyester-Schaumstoff für Damen und Teenager, Schwarz-Weiß-Rot Vintage Kopfbänder im 1920er St","New","0","30","0","30","0","0","0","0","0","EUR","","","","","Low traffic","9.19","0.0","9.19","0.0","NoRestockExcessActionRequired","","","0","0","","0.0","1.0E-4","cubic meter","Standard","0.0","DE","gl_beauty","","","0","","","","","","","","30","0","0","0","0","","0","0","0","0","0","0","","","","","","","","","","","","","","","","","","","","","","","2026-08-10","30","0","0","0","","N","","",""
"2026-08-13","DJM266278","X002MJBTBJ","B0H66Y96JW","KSEWJP Sparschäler 304 Edelstahl Kartoffelschäler Gemüseschäler Spargelschäler, für Gemüse & Obst Kartoffel Gurke Karotte Apfel Tomate Birne Schäler","New","30","0","0","30","0","0","0","0","0","EUR","","","","","Low traffic","5.99","0.0","5.99","0.0","Advertise listing","","","0","0","","0.0","5.0E-4","cubic meter","Standard","0.015007","DE","gl_home","","","0","","","","","","","","30","0","0","0","0","","0","0","0","0","0","0","","","","","","","","","","","","","","","","","","","","","","","2026-08-10","30","0","0","0","","N","","",""
"2026-08-13","DJM266161","X002M9PVTP","B0H4ZL7Z9B","KSEWJP Welpen Katzen Geschirr und Leine Set Ausbruchsicher Weich Mesh Verstellbare Weste Atmungsaktiv Gurt für Outdoor Training Gehen","New","30","0","0","30","0","0","0","0","0","EUR","","","","","Low traffic","10.99","0.0","10.99","0.0","Advertise listing","","","0","0","","0.0","1.0E-4","cubic meter","Standard","0.003","DE","gl_pet_products","","","0","","","","","","","","30","0","0","0","0","","0","0","0","0","0","0","","","","","","","","","","","","","","","","","","","","","","","2026-08-10","30","0","0","0","","N","","",""
"2026-08-13","DJM266320","X002MNYDN1","B0H67DVQ7H","KSEWJP Spiralhaargummis für Frauen, Faltenfrei & Abdruckfrei Haargummis ohne Haarschäden, Flexibel & Strapazierfähig, Tägliche Nutzung, Brünette, 8 Stück","New","28","1","0","30","0","0","0","0","0","EUR","","","","","Low traffic","6.99","0.0","6.99","0.0","Advertise listing","","","0","0","","0.0","1.0E-4","cubic meter","Standard","0.0028","DE","gl_beauty","","","0","","","","","","","","30","0","0","0","0","","0","0","0","0","0","0","","","","","","","","","","","","","","","","","","","","","","","2026-08-10","29","0","0","0","","N","","",""
"2026-08-13","DJM266250","X002MNYDGN","B0H6DQWJZZ","KSEWJP Zahlenkerze Zahl 1, gelbe Glitzer Geburtstagskerze mit Biene und Gänseblümchen, Kuchenkerze Deko für Mädchen 1. Geburtstag, Honigbiene Party Kuchentopper","New","26","4","0","30","0","0","0","0","0","EUR","","","","","Low traffic","5.99","0.0","5.99","0.0","Advertise listing","","","0","0","","0.0","1.0E-4","cubic meter","Standard","0.0026","DE","gl_home","","","0","","","5.99","","","","","30","0","0","0","0","","0","0","0","0","0","0","","","","","","","","","","","","","","","","","","","","","","","2026-08-10","30","0","0","0","","N","","",""
"2026-08-13","DJM266323","X002MG83JN","B0H67LBSJB","KSEWJP Maßband Körper 150 cm (2er Set) Doppelseitiges Körper- und Schneidermaßband Flexibles Glasfaser-Maßband mit cm & Zoll Skala","New","30","0","0","30","0","0","0","0","0","EUR","","","","","Low traffic","5.99","0.0","5.99","0.0","Advertise listing","","","0","0","","0.0","1.0E-4","cubic meter","Standard","0.003","DE","gl_biss","","","0","","","","","","","","30","0","0","0","0","","0","0","0","0","0","0","","","","","","","","","","","","","","","","","","","","","","","2026-08-10","30","0","0","0","","N","","",""
"2026-08-13","DJM26624","X002MO6AZT","B0H6JQ933R","KSEWJP Wandhaken 5er Set massives Gusseisen Garderobenhaken rustikales Vintage Antik Design schwarz rostbraun für Flur Bad Küche Werkstatt mit passenden Schrauben","New","5","25","0","30","0","0","0","0","0","EUR","","","","","Low traffic","14.99","0.0","14.99","0.0","Advertise listing","","","0","0","","0.0","1.0E-4","cubic meter","Standard","5.0E-4","DE","gl_home_improvement","","","0","","","","","","","","30","0","0","0","0","","0","0","0","0","21","0","","","","","","","","","","","","","","","","","","","","","","","2026-08-10","30","21","0","0","","N","","",""
"2026-08-13","DJM266335","X002MG0BD9","B0H673YLXV","KSEWJP Oval Foundation Pinsel 2 Stück Schwarz aus Nylon & Kunststoff, Make-up Pinsel mit Schutzkappe für Flüssigfoundation, Rouge und Concealer","New","30","0","0","30","0","0","0","0","0","EUR","","","","","Low traffic","5.59","0.0","5.59","0.0","Advertise listing","","","0","0","","0.0","1.0E-4","cubic meter","Standard","0.003","DE","gl_beauty","","","0","","","","","","","","30","0","0","0","0","","0","0","0","0","0","0","","","","","","","","","","","","","","","","","","","","","","","2026-08-10","30","0","0","0","","N","","",""
"2026-08-13","DJM26698","X002MFPCDT","B0H5QV61D3","KSEWJP 2-in-1 Haarschneidekamm Schwanzkamm, Spliss Entferner & Haar-Styling-Werkzeug, Mini Tragbar mit Abdeckung, Doppelseitig für Alle Haartypen, Schneiden & Stylen","New","29","0","0","30","0","0","0","0","0","EUR","","","","","Low traffic","11.09","0.0","11.09","0.0","Advertise listing","","","0","0","","0.0","9.6E-5","cubic meter","Standard","0.00278","DE","gl_beauty","","","0","","","11.09","","","","","30","0","0","0","0","","0","0","0","0","1","0","","","","","","","","","","","","","","","","","","","","","","","2026-08-10","29","1","0","0","","N","","",""
"2026-08-13","DJM266179","X002MO86PB","B0H6M9R5W4","KSEWJP Pilot Nachtfahrbrille für Damen und Herren, Orange Tönung Blaulichtfilter Brille, Anti Blendung Fahrbrille, Klassische Aviator Lesebrille Gestell für Autofahren, Computer","New","26","4","0","30","0","0","0","0","0","EUR","","","","","Low traffic","6.59","0.0","6.59","0.0","Advertise listing","","","0","0","","0.0","1.0E-4","cubic meter","Standard","0.0026","DE","gl_luggage","","","0","","","","","","","","30","0","0","0","0","","0","0","0","0","0","0","","","","","","","","","","","","","","","","","","","","","","","2026-08-10","30","0","0","0","","N","","",""
"2026-08-13","DJM266272","X002MBR2IL","B0H55GVCW4","KSEWJP Tierhaarentfernerbürste, Wiederverwendbarer Gummibürste für Tierhaare, Hundehaarentferner für Teppich, Kleidung, Möbel, Sofa, Autoinnenräume, Katzenhaarentfernerkamm","New","29","0","0","30","0","0","0","0","0","EUR","","","","","Low traffic","5.79","0.0","5.79","0.0","Advertise listing","","","0","0","","0.0","1.0E-4","cubic meter","Standard","0.0029","DE","gl_home","","","0","","","","","","","","30","0","0","0","0","","0","0","0","0","1","0","","","","","","","","","","","","","","","","","","","","","","","2026-08-10","29","1","0","0","","N","","",""
"2026-08-13","DJM26648","X002MC3ZZJ","B0H557GG2X","KSEWJP 2 Stück Textur Kamm für Locken und Volumen Styling, Haarkamm für Frauen und Männer, Ideal für Textureffekte in Kurzen bis Mittellangen Haaren, Rosa und Grau","New","24","0","0","24","0","0","0","0","0","EUR","","","","","Low traffic","6.59","0.0","6.59","0.0","Advertise listing","","","0","0","","0.0","7.56E-4","cubic meter","Standard","0.018133","DE","gl_beauty","","","0","","","","","","","","24","0","0","0","0","","0","0","0","0","6","0","","","","","","","","","","","","","","","","","","","","","","","2026-08-10","24","6","0","0","","N","","",""
"2026-08-13","DJM266369","X002MO51DV","B0H6FPHKKC","KSEWJP 20 Stück Kunststoff Zeltheringe 14,5cm Gelbe Robuste Langlebige Camping Heringe Wiederverwendbare Zeltnagel für Zelte Camping Garten Outdoor","New","26","0","0","30","0","0","0","0","0","EUR","","","","","Low traffic","6.99","0.0","6.99","0.0","Advertise listing","","","0","0","","0.0","1.0E-4","cubic meter","Standard","0.0026","DE","gl_lawn_and_garden","","","0","","","","","","","","30","0","0","0","0","","0","0","0","0","0","0","","","","","","","","","","","","","","","","","","","","","","","2026-08-10","26","0","0","0","","N","","",""
"2026-08-13","DJM266393","X002MO0F87","B0H6G61QM2","KSEWJP Breitzinkiger Kohlefaser Kamm, Antistatischer Herren Haarkamm Hitzebeständig, Großer Zahnkamm für Friseursalon & Hausgebrauch, Geeignet für Alle Haartypen","New","29","1","0","30","0","0","0","0","0","EUR","","","","","Low traffic","5.49","0.0","5.49","0.0","Advertise listing","","","0","0","","0.0","1.0E-4","cubic meter","Standard","0.002903","DE","gl_beauty","","","0","","","","","","","","30","0","0","0","0","","0","0","0","0","0","0","","","","","","","","","","","","","","","","","","","","","","","2026-08-10","30","0","0","0","","N","","",""
"2026-08-13","DJM26636","X002MC3XX3","B0H5566YBX","KSEWJP Duschvorhangringe Schwarz 24 Stück Metall mit Kugel-Gleitsystem 72x41mm passend für Stangen bis Ø4cm für Badezimmer Wohnwagen Dusche","New","30","0","0","30","0","0","0","0","0","EUR","","","","","Low traffic","10.99","0.0","10.99","0.0","Advertise listing","","","0","0","","0.0","1.0E-4","cubic meter","Standard","0.003","DE","gl_home","","","0","","","","","","","","30","0","0","0","0","","0","0","0","0","0","0","","","","","","","","","","","","","","","","","","","","","","","2026-08-10","30","0","0","0","","N","","",""
"2026-08-13","DJM266306","X002MO0GOP","B0H67G9QWR","KSEWJP Retro Quadratische Sonnenbrille Damen Herren 70er Jahre Vintage Doppelbrücke UV400 Schutz Polarisiert B2835","New","30","0","0","29","0","0","0","0","0","EUR","","","","","Low traffic","19.99","0.0","19.99","0.0","Advertise listing","","","0","0","","0.0","1.0E-4","cubic meter","Footwear","0.003","DE","gl_shoes","","","0","","","","","","","","29","0","0","0","0","","0","0","0","0","0","0","","","","","","","","","","","","","","","","","","","","","","","2026-08-10","30","0","0","0","","N","","",""
"2026-08-13","DJM266319","X002MO0JND","B0H67PVZG4","KSEWJP 12 Stück Silikon Ersatz Dichtungen 70x96mm, Gummiringe für Weckgläser, Weich Glasdichtungen für Normale Weithalsgläser Klammer Deckel Einmachglasdeckel, Weiß","New","21","9","0","30","0","0","0","0","0","EUR","","","","","Low traffic","7.79","0.0","7.79","0.0","Advertise listing","","","0","0","","0.0","1.0E-4","cubic meter","Standard","0.0021","DE","gl_home","","","0","","","","","","","","30","0","0","0","0","","0","0","0","0","2","0","","","","","","","","","","","","","","","","","","","","","","","2026-08-10","30","2","0","0","","N","","",""
"2026-08-13","DJM266351","X002MO6AY5","B0H6LQL4YF","KSEWJP 2 Stück Geflochtenes Kunstleder Schlüsselanhänger, Kurz Schlüsselband für Auto Motorrad Fahrrad Haus Schlüssel, Robuster Zinklegierung Schlüsselring für Männer und Frauen","New","30","0","0","30","0","0","0","0","0","EUR","","","","","Low traffic","4.99","0.0","4.99","0.0","Advertise listing","","","0","0","","0.0","1.0E-4","cubic meter","Apparel","0.003","DE","gl_apparel","","","0","","","","","","","","30","0","0","0","0","","0","0","0","0","0","0","","","","","","","","","","","","","","","","","","","","","","","2026-08-10","30","0","0","0","","N","","",""
"2026-08-13","DJM266311","X002MGAWF1","B0H67HYLPN","KSEWJP Tragbares Türschloss Rot, Sicherheitsschloss für Hotels Reisen Zuhause Wohnungen Büros, Zusätzliche Privatsphäre und Türsicherung","New","29","0","0","29","0","0","0","0","0","EUR","1","1","1","1","Low traffic","9.77","0.0","9.77","0.0","Advertise listing","","","0","0","","0.0","1.0E-4","cubic meter","Standard","0.0029","DE","gl_home_improvement","","","0","116","377","","8.21","8.21","8.21","8.21","29","0","0","0","0","","0","0","0","0","0","0","","","","","","","","","","","","","","","","","","","","","","","2026-08-10","29","0","0","0","","N","","",""
"2026-08-13","DJM26607","X002M9RZS5","B0H4Z9NQ16","KSEWJP 2 Stück Haardonut Duttformer, Ringförmiger Chignon Maker Braun, Einfacher Frisur Helfer für dickes langes Haar, Haardonut für Erwachsene","New","30","0","0","30","0","0","0","0","0","EUR","","","","","Low traffic","8.0","0.0","8.0","0.0","Advertise listing","","","0","0","","0.0","1.0E-4","cubic meter","Standard","0.003","DE","gl_beauty","","","0","","","","","","","","30","0","0","0","0","","0","0","0","0","0","0","","","","","","","","","","","","","","","","","","","","","","","2026-08-10","30","0","0","0","","N","","",""
"2026-08-13","DJM266314","X002MO51GD","B0H67D3GDY","KSEWJP Akupressurstift Sandelholz Massagestift Akupunkturstift für Körper Hände Füße zur Entspannung & Verspannungslösung","New","29","0","0","30","0","0","0","0","0","EUR","","","","","Low traffic","4.99","0.0","4.99","0.0","Advertise listing","","","0","0","","0.0","1.0E-4","cubic meter","Standard","0.0029","DE","gl_drugstore","","","0","","","","","","","","30","0","0","0","0","","0","0","0","0","1","0","","","","","","","","","","","","","","","","","","","","","","","2026-08-10","29","1","0","0","","N","","",""
"2026-08-13","DJM26684","X002M914CD","B0H586CWSX","KSEWJP 3-teiliges Hochzeits-Haaraccessoire Gold, Kristall-Strass Haarnadeln aus Metall, klassische Blumen-Haarschmuck für Bräute, Brautjungfern und Gäste, ca. 9 cm Größe, für alle Haartypen","New","30","0","0","30","0","0","0","0","0","EUR","","","","","Low traffic","7.99","0.0","7.99","0.0","Advertise listing","","","0","0","","0.0","1.0E-4","cubic meter","Standard","0.003","DE","gl_beauty","","","0","","","","","","","","30","0","0","0","0","","0","0","0","0","0","0","","","","","","","","","","","","","","","","","","","","","","","2026-08-10","30","0","0","0","","N","","",""
"2026-08-13","DJM266220","X002MCXRHF","B0H58FS3FT","KSEWJP Große Satin Schleife Haarspangen Langer Schwanz Französisches Band Metall Bogenknoten Clips 90er Jahre Retro Haarschmuck für Frauen Mädchen (Rot)","New","30","0","0","30","0","0","0","0","0","EUR","","","","","Low traffic","5.29","0.0","5.29","0.0","Advertise listing","","","0","0","","0.0","5.28E-4","cubic meter","Standard","0.015836","DE","gl_beauty","","","0","","","","","","","","30","0","0","0","0","","0","0","0","0","0","0","","","","","","","","","","","","","","","","","","","","","","","2026-08-10","30","0","0","0","","N","","",""
"2026-08-13","DJM26620","X002MBR3UX","B0H55LDKQS","KSEWJP 24 Stück Spirale Haarnadeln mit Strass und Perlen, silberne elegante Hochzeit Haarspangen für Damen Frisursteckung","New","30","0","0","30","0","0","0","0","0","EUR","","","","","Low traffic","6.99","0.0","6.99","0.0","Advertise listing","","","0","0","","0.0","0.001017","cubic meter","Standard","0.030498","DE","gl_beauty","","","0","","","","","","","","30","0","0","0","0","","0","0","0","0","0","0","","","","","","","","","","","","","","","","","","","","","","","2026-08-10","30","0","0","0","","N","","",""
"2026-08-13","DJM266153","X002MC2BM7","B0H55L37ZZ","KSEWJP Handzahnbürsten Set 3 Stück ultraweiche Nylonborsten Rechteckkopf in Rosa Orange Grün ergonomischer Kunststoffgriff für Kleinkinder ab 0 bis 3 Jahre","New","27","0","0","27","0","0","0","0","0","EUR","","","","","Low traffic","7.99","0.0","7.99","0.0","Advertise listing","","","0","0","","0.0","0.001279","cubic meter","Standard","0.03453","DE","gl_personal_care_appliances","","","0","","","","","","","","27","0","0","0","0","","0","0","0","0","3","0","","","","","","","","","","","","","","","","","","","","","","","2026-08-10","27","3","0","0","","N","","",""
"2026-08-13","DJM266186","X002MDQGY5","B0H5BR5VJY","KSEWJP Seifenkiste für Reisen, Wasserdicht Auslaufsicher Versiegelt Tragbar, Rechteckige Reise Seifenbox aus PP für Outdoor Wandern Camping, Schwarz","New","30","0","0","30","0","0","0","0","0","EUR","","","","","Low traffic","7.99","0.0","7.99","0.0","Advertise listing","","","0","0","","0.0","1.0E-4","cubic meter","Standard","0.003","DE","gl_home","","","0","","","","","","","","30","0","0","0","0","","0","0","0","0","0","0","","","","","","","","","","","","","","","","","","","","","","","2026-08-10","30","0","0","0","","N","","",""
"2026-08-13","DJM266102","X002MI1CML","B0H6B8C5KW","KSEWJP Katzenfutter Löffel 2 Stück, multifunktionaler Drück-Löffel für Katzenleckerlis, Nassfutter, Püree und Flüssigkeit, praktisches Fütterungszubehör für Kätzchen und Katzen","New","30","0","0","30","0","0","0","0","0","EUR","","","","","Low traffic","6.25","0.0","6.25","0.0","Advertise listing","","","0","0","","0.0","9.54E-4","cubic meter","Standard","0.028633","DE","gl_pet_products","","","0","","","","","","","","30","0","0","0","0","","0","0","0","0","0","0","","","","","","","","","","","","","","","","","","","","","","","2026-08-10","30","0","0","0","","N","","",""
"2026-08-13","DJM266292","X002MO7VEN","B0H6HN1F7F","KSEWJP Brieföffner aus Zinklegierung, Retro Baum-des-Lebens Gravur Umschlagöffner, dekorativer Briefmesser für Büro, Haushalt, ideal als Geschenk","New","23","7","0","30","0","0","0","0","0","EUR","","","","","Low traffic","5.89","0.0","5.89","0.0","Advertise listing","","","0","0","","0.0","1.0E-4","cubic meter","Standard","0.0023","DE","gl_office_product","","","0","","","","","","","","30","0","0","0","0","","0","0","0","0","0","0","","","","","","","","","","","","","","","","","","","","","","","2026-08-10","30","0","0","0","","N","","",""
"2026-08-13","DJM266210","X002MG6XX1","B0H67PJ86Z","KSEWJP 2 Paar Fingerlose Baumwollhandschuhe, UV-Schutzhandschuhe für Gel-Nagellampen, Touchscreen-Tauglich, Atmungsaktiv, Weiß, Einheitsgröße für Damen und Herren","New","30","0","0","30","0","0","0","0","0","EUR","","","","","Low traffic","5.99","0.0","5.99","0.0","Advertise listing","","","0","0","","0.0","1.0E-4","cubic meter","Standard","0.003","DE","gl_biss","","","0","","","","","","","","30","0","0","0","0","","0","0","0","0","0","0","","","","","","","","","","","","","","","","","","","","","","","2026-08-10","30","0","0","0","","N","","",""
"2026-08-13","DJM26652","X002MC2QOF","B0H556R29V","KSEWJP 4 Stück Gepäckanhänger aus PU Leder, Kofferanhänger mit verstellbarem Riemen & Sichtschutz, Verlustschutz für Taschen Koffer Handtaschen","New","30","0","0","30","0","0","0","0","0","EUR","","","","","Low traffic","6.49","0.0","6.49","0.0","Advertise listing","","","0","0","","0.0","1.0E-4","cubic meter","Standard","0.003","DE","gl_office_product","","","0","","","","","","","","30","0","0","0","0","","0","0","0","0","0","0","","","","","","","","","","","","","","","","","","","","","","","2026-08-10","30","0","0","0","","N","","",""
"2026-08-13","DJM266191","X002M9I1AV","B0H4YVQQVN","KSEWJP Maulkorb für Hunde Verstellbar Atmungsaktiv Sicher Schneller Sitz Verhindert Beißen Kauen Bellen für Kleine Mittlere Große Hunde (Rot)","New","30","0","0","30","0","0","0","0","0","EUR","","","","","Low traffic","9.38","0.0","9.38","0.0","Advertise listing","","","0","0","","0.0","1.0E-4","cubic meter","Standard","0.003","DE","gl_pet_products","","","0","","","","","","","","30","0","0","0","0","","0","0","0","0","0","0","","","","","","","","","","","","","","","","","","","","","","","2026-08-10","30","0","0","0","","N","","",""
"2026-08-13","DJM266380","X002MO0GDV","B0H6JQ1QWX","KSEWJP Schnallenloser elastischer Gürtel, dehnbarer unsichtbarer Gürtel für Herren und Damen, verstellbarer Schlankgürtel für Jeans und Hosen, Alltagskomfort, Schwarz, 2 Größen verfügbar","New","8","22","0","30","0","0","0","0","0","EUR","","","","","Low traffic","11.58","0.0","11.58","0.0","Advertise listing","","","0","0","","0.0","1.0E-4","cubic meter","Apparel","8.0E-4","DE","gl_apparel","","","0","","","","","","","","30","0","0","0","0","","0","0","0","0","0","0","","","","","","","","","","","","","","","","","","","","","","","2026-08-10","30","0","0","0","","N","","",""
"2026-08-13","DJM266144","X002M7YBWP","B0H4Z7FSST","","New","30","0","0","30","0","0","0","0","0","EUR","","","","","Low traffic","19.99","0.0","19.99","0.0","Advertise listing","","","0","0","","0.0","6.08E-4","cubic meter","Footwear","0.018228","DE","","","","0","","","","","","","","30","0","0","0","0","","0","0","0","0","0","0","","","","","","","","","","","","","","","","","","","","","","","2026-08-10","30","0","0","0","","N","","",""
"2026-08-13","DJM266180","X002MGCBAZ","B0H5WV3J4S","KSEWJP 2 Stück Sattelklemme 31.8mm, Schnellspanner Sattelstütze aus Aluminiumlegierung, Fahrrad Sattelstützenklemme für Rennrad Mountainbike Faltrad, Schwarz","New","29","0","0","29","0","0","0","0","0","EUR","1","1","1","1","Low traffic","4.95","0.0","4.95","0.0","Advertise listing","","","0","0","","0.07","1.0E-4","cubic meter","Standard","0.0029","DE","gl_home_improvement","98285","233","0","116","377","4.95","4.16","4.16","4.16","4.16","29","0","0","0","0","","0","0","0","0","0","0","","","","","","","","","","","","","","","","","","","","","","","2026-08-10","29","0","0","0","233","N","","",""
"2026-08-13","DJM26602","X002M9HO9P","B0H4YTR781","KSEWJP Strass Haarkamm Rosa Metall Kristall Haarschmuck für Braut Brautjungfern Hochzeit Party Verlobung 13x6,5cm","New","30","0","0","30","0","0","0","0","0","EUR","","","","","Low traffic","9.59","0.0","9.59","0.0","Advertise listing","","","0","0","","0.0","1.0E-4","cubic meter","Standard","0.003","DE","gl_beauty","","","0","","","","","","","","30","0","0","0","0","","0","0","0","0","0","0","","","","","","","","","","","","","","","","","","","","","","","2026-08-10","30","0","0","0","","N","","",""
"2026-08-13","DJM26683","X002MC473N","B0H58DMQ5Z","KSEWJP Antennenadapter Set 2 Stück, F-Kupplung auf Koax-Stecker & Buchse IEC, SAT zu Antennenkabel-Umwandler für TV Receiver Modem Set-Top-Boxen","New","30","0","0","30","0","0","0","0","0","EUR","","","","","Low traffic","4.99","0.0","4.99","0.0","Advertise listing","","","0","0","","0.0","1.0E-4","cubic meter","Standard","0.003","DE","gl_electronics","","","0","","","","","","","","30","0","0","0","0","","0","0","0","0","0","0","","","","","","","","","","","","","","","","","","","","","","","2026-08-10","30","0","0","0","","N","","",""
"2026-08-13","DJM26673","X002MR0H5P","B0H6PMRF59","KSEWJP Wildschweinborsten Bürste mit Holzgriff, Haarbürste Bartkamm für Männer Frauen, Sleek Bun Toupierbürste für Langes Dickes Lockiges Haar und Bartstyling","New","30","0","0","30","0","0","0","0","0","EUR","","","","","Low traffic","7.59","0.0","7.59","0.0","Advertise listing","","","0","0","","0.0","1.0E-4","cubic meter","Standard","0.003","DE","gl_beauty","","","0","","","7.59","","","","","30","0","0","0","0","","0","0","0","0","0","0","","","","","","","","","","","","","","","","","","","","","","","2026-08-10","30","0","0","0","","N","","",""
"2026-08-13","DJM266145","X002MHY8MX","B0H6B752VQ","KSEWJP Gasherd Wok Ring aus Eisen, Rutschfester Mokka Topf Halter, Herdbrenner Reduzierstück, 13,3 x 13,3 x 0,3 cm, für Gasherde & Campingkocher, Schwarz","New","30","0","0","30","0","0","0","0","0","EUR","","","","","Low traffic","6.99","0.0","6.99","0.0","Advertise listing","","","0","0","","0.0","5.27E-4","cubic meter","Standard","0.015801","DE","gl_home","","","0","","","","","","","","30","0","0","0","0","","0","0","0","0","0","0","","","","","","","","","","","","","","","","","","","","","","","2026-08-10","30","0","0","0","","N","","",""
"2026-08-13","DJM266116","X002MFTBN1","B0H5TDKS3X","KSEWJP Multi Kalibrierer Entgrater 16–20–25mm für Mehrschichtverbundrohre, Präzises Kalibrierwerkzeug für PEX-AL-PEX Aluverbundrohr, Sanitär Heizungsbau Installationswerkzeug","New","30","1","0","31","0","0","0","0","0","EUR","","","","","Low traffic","6.79","0.0","6.79","0.0","Advertise listing","","","0","0","","0.0","1.0E-4","cubic meter","Standard","0.003","DE","gl_biss","","","0","","","6.79","","","","","31","0","0","0","0","","0","0","0","0","0","0","","","","","","","","","","","","","","","","","","","","","","","2026-08-10","31","0","0","0","","N","","",""
"2026-08-13","DJM266370","X002MK6A8P","B0H6JT3BR1","KSEWJP 6 Stück WC Aufkleber Schwarz Cartoon Wandaufkleber Wasserdicht Kratzfest Hitzebeständig Selbstklebende Toilettenaufkleber für Glas Fliesen Holz Metall Innenbereich Dekoration","New","23","7","0","30","0","0","0","0","0","EUR","","","","","Low traffic","5.99","0.0","5.99","0.0","Advertise listing","","","0","0","","0.0","1.0E-4","cubic meter","Standard","0.0023","DE","gl_home","","","0","","","","","","","","30","0","0","0","0","","0","0","0","0","0","0","","","","","","","","","","","","","","","","","","","","","","","2026-08-10","30","0","0","0","","N","","",""
"2026-08-13","DJM266119","X002MGKR15","B0H5VRKCY9","KSEWJP 10 Stück schwarze Hall-Effekt-Sensoren 49E OH49E SS49E Linear Hallsensoren industrielles elektrisches Zubehör","New","30","0","0","30","0","0","0","0","0","EUR","","","","","Low traffic","6.99","0.0","6.99","0.0","Advertise listing","","","0","0","","0.0","1.0E-4","cubic meter","Standard","0.003","DE","gl_biss","","","0","","","","","","","","30","0","0","0","0","","0","0","0","0","0","0","","","","","","","","","","","","","","","","","","","","","","","2026-08-10","30","0","0","0","","N","","",""
"2026-08-13","DJM266396","X002MO0F3H","B0H6JQSBCK","KSEWJP Maiskolbenhalter 4 Stück, Edelstahl Maiskolben Spieße mit Holzgriff, Wiederverwendbare BBQ Grillgabeln für Fleisch Obst, Leichtes Grill Zubehör für Familienfeiern & Picknicks","New","30","0","0","30","0","0","0","0","0","EUR","","","","","Low traffic","13.11","0.0","13.11","0.0","Advertise listing","","","0","0","","0.0","1.0E-4","cubic meter","Standard","0.003","DE","gl_kitchen","","","0","","","","","","","","30","0","0","0","0","","0","0","0","0","0","0","","","","","","","","","","","","","","","","","","","","","","","2026-08-10","30","0","0","0","","N","","",""
"2026-08-13","DJM266397","X002MO5V8B","B0H6JQDZ1S","KSEWJP 4,0 mm Häkelnadel mit Buchenholzgriff, ergonomisch leicht für empfindliche Hände, glatter langer warmer Handgriff","New","30","0","0","30","0","0","0","0","0","EUR","","","","","Low traffic","9.99","0.0","9.99","0.0","Advertise listing","","","0","0","","0.0","1.0E-4","cubic meter","Standard","0.003","DE","gl_home","","","0","","","","","","","","30","0","0","0","0","","0","0","0","0","0","0","","","","","","","","","","","","","","","","","","","","","","","2026-08-10","30","0","0","0","","N","","",""
"2026-08-13","DJM266109","X002MI18B1","B0H6BJ133L","KSEWJP 30 Stück Malpinsel Set, 15 Flache & 15 runde Künstlerpinsel, Nylonborsten Malbürsten für Acryl Aquarell Ölfarben, Detailmalerei, Kinder Kunst, Modellieren","New","29","0","0","30","0","0","0","0","0","EUR","","","","","Low traffic","9.99","0.0","9.99","0.0","Advertise listing","","","0","0","","0.0","1.0E-4","cubic meter","Standard","0.0029","DE","gl_home","","","0","","","","","","","","30","0","0","0","0","","0","0","0","0","0","0","","","","","","","","","","","","","","","","","","","","","","","2026-08-10","29","0","0","0","","N","","",""
"2026-08-13","DJM266199","X002MD6K41","B0H54CVPNR","KSEWJP Haarspange mit Schleife für Damen, Französische Große Satinschleife Haarklammer, Elegante Metall Haarschleife für Erwachsene, Gelb","New","30","0","0","30","0","0","0","0","0","EUR","","","","","Low traffic","7.39","0.0","7.39","0.0","Advertise listing","","","0","0","","0.0","1.0E-4","cubic meter","Standard","0.003","DE","gl_beauty","","","0","","","","","","","","30","0","0","0","0","","0","0","0","0","0","0","","","","","","","","","","","","","","","","","","","","","","","2026-08-10","30","0","0","0","","N","","",""
"2026-08-13","DJM266376","X002MO86Y7","B0H6JGNRPQ","KSEWJP Doppellagige Satin Schlafhaube mit verstellbarem Bindeband, Einheitsgröße Kopfumfang 57,1cm Nachtmütze für lange Locken Zöpfe Perücken Damen Alltag","New","30","0","0","30","0","0","0","0","0","EUR","","","","","Low traffic","9.99","0.0","9.99","0.0","Advertise listing","","","0","0","","0.0","1.0E-4","cubic meter","Apparel","0.003","DE","gl_apparel","","","0","","","","","","","","30","0","0","0","0","","0","0","0","0","0","0","","","","","","","","","","","","","","","","","","","","","","","2026-08-10","30","0","0","0","","N","","",""
"2026-08-13","DJM266230","X002MNYERV","B0H6JPV9F4","KSEWJP 3 Stück Flaschenöffner Edelstahl, Bierflaschenöffner mit rutschfestem Gummi-Griff, Flaschenöffner für Küche, Bars, Restaurants & Outdoor, Schwarz","New","29","0","0","31","0","0","0","0","0","EUR","","","","","Low traffic","7.99","0.0","7.99","0.0","Advertise listing","","","0","0","","0.0","1.0E-4","cubic meter","Standard","0.0029","DE","gl_home","","","0","","","","","","","","31","0","0","0","0","","0","0","0","0","3","0","","","","","","","","","","","","","","","","","","","","","","","2026-08-10","29","3","0","0","","N","","",""
"2026-08-13","DJM26618","X002M9QHMZ","B0H4ZHKMKP","KSEWJP Handy Wandhalterung 2 Stück Weiß aus ABS-Kunststoff, Selbstklebende Smartphone Halterung bis 6,5 Zoll mit Kabeldurchlass für Wohnzimmer Schlafzimmer","New","31","0","0","30","0","0","0","0","0","EUR","","","","","Low traffic","5.99","0.0","5.99","0.0","Advertise listing","","","0","0","","0.0","1.0E-4","cubic meter","Standard","0.0031","DE","gl_wireless","","","0","","","","","","","","30","0","0","0","0","","0","0","0","0","0","0","","","","","","","","","","","","","","","","","","","","","","","2026-08-10","31","0","0","0","","N","","",""
"2026-08-13","DJM266297","X002MO5RLH","B0H6M6QFSV","KSEWJP Hülle für iPhone 13/14, Magnetische Militärische Fallschutz Handyhülle Anti-Vergilbung, Stoßfest Robuste Schutzhülle für 6,1 Zoll iPhone 13/14","New","30","0","0","30","0","0","0","0","0","EUR","","","","","Low traffic","5.99","0.0","5.99","0.0","Advertise listing","","","0","0","","0.0","1.0E-4","cubic meter","Standard","0.003","DE","gl_electronics","","","0","","","","","","","","30","0","0","0","0","","0","0","0","0","0","0","","","","","","","","","","","","","","","","","","","","","","","2026-08-10","30","0","0","0","","N","","",""
"2026-08-13","DJM26614","X002MC7D2Z","B0H55VKBS5","KSEWJP Wildschweinborsten Haarbürste Holzgriff, oval mit Rattenschwanzspitze für Glättung, Kantenkontrolle, Zurückkämmen & Pferdeschwanz Frisuren, geeignet für alle Haartypen","New","30","0","0","30","0","0","0","0","0","EUR","","","","","Low traffic","6.66","0.0","6.66","0.0","Advertise listing","","","0","0","","0.0","1.0E-4","cubic meter","Standard","0.003","DE","gl_beauty","","","0","","","6.66","","","","","30","0","0","0","0","","0","0","0","0","0","0","","","","","","","","","","","","","","","","","","","","","","","2026-08-10","30","0","0","0","","N","","",""
"2026-08-13","DJM266361","X002MJQ8XX","B0H6J5LXVB","KSEWJP 12 Duschvorhangringe Edelstahl mit 5 Gleitkugeln, Einzelschnapphaken 69x39mm rostfrei, geräuschlose Aufhängeringe für Duschstangen & Badewannenvorhänge","New","0","30","0","30","0","0","0","0","0","EUR","","","","","Low traffic","5.45","0.0","5.45","0.0","NoRestockExcessActionRequired","","","0","0","","0.0","1.0E-4","cubic meter","Standard","0.0","DE","gl_home","","","0","","","","","","","","30","0","0","0","0","","0","0","0","0","0","0","","","","","","","","","","","","","","","","","","","","","","","2026-08-10","30","0","0","0","","N","","",""
"2026-08-13","DJM266160","X002M81NR5","B0H4ZJVBDJ","","New","29","0","0","29","0","0","0","0","0","EUR","","","","","Low traffic","16.14","0.0","16.14","0.0","Advertise listing","","","0","0","","0.0","1.0E-4","cubic meter","Footwear","0.0029","DE","","","","0","","","","","","","","29","0","0","0","0","","0","0","0","0","0","0","","","","","","","","","","","","","","","","","","","","","","","2026-08-10","29","0","0","0","","N","","",""
"2026-08-13","DJM266342","X002MI2H5R","B0H699VB6V","KSEWJP Mechanischer Küchentimer 60 Minuten, Quadratischer Countdown Timer mit Lautem Alarm, Tragbares Zeitmanagement-Tool für Küche Kochen Backen Büro Sport, Weiß","New","30","0","0","30","0","0","0","0","0","EUR","","","","","Low traffic","7.59","0.0","7.59","0.0","Advertise listing","","","0","0","","0.0","1.0E-4","cubic meter","Standard","0.003","DE","gl_home","","","0","","","","","","","","30","0","0","0","0","","0","0","0","0","0","0","","","","","","","","","","","","","","","","","","","","","","","2026-08-10","30","0","0","0","","N","","",""
"2026-08-13","DJM26695","X002MFPJQT","B0H5QR5X6R","KSEWJP 12 Stück Tragbare Tablettenbeutel, Mini Wiederverwendbare Pillenbeutel mit Reißverschluss, Mehrfarbig Klare EVA Zip Beutel zur Organisation von Pillen und Kleinen Gegenständen","New","30","0","0","30","0","0","0","0","0","EUR","","","","","Low traffic","5.49","0.0","5.49","0.0","Advertise listing","","","0","0","","0.0","1.0E-4","cubic meter","Standard","0.003","DE","gl_drugstore","","","0","","","","","","","","30","0","0","0","0","","0","0","0","0","0","0","","","","","","","","","","","","","","","","","","","","","","","2026-08-10","30","0","0","0","","N","","",""
"2026-08-13","DJM266194","X002MC39ZP","B0H55S5DBP","KSEWJP Hundeleine mit gepolsterter Handschlaufe, reflektierende Führleine aus reißfestem Nylon für kleine, mittlere und große Hunde sowie Welpen, 1.8m x 2.0cm, Schwarz","New","30","0","0","30","0","0","0","0","0","EUR","","","","","Low traffic","8.99","0.0","8.99","0.0","Advertise listing","","","0","0","","0.0","1.0E-4","cubic meter","Standard","0.003","DE","gl_pet_products","","","0","","","","","","","","30","0","0","0","0","","0","0","0","0","0","0","","","","","","","","","","","","","","","","","","","","","","","2026-08-10","30","0","0","0","","N","","",""
"2026-08-13","DJM266357","X002MO86LP","B0H6FS7QPP","KSEWJP 2 Stück Autoschlüsselanhänger, Leder Schlüsselanhänger mit Zinklegierung Schnalle, Multifunktionaler Tragbarer Schlüsselanhänger Ring Clip für Erwachsene","New","20","10","0","30","0","0","0","0","0","EUR","","","","","Low traffic","5.99","0.0","5.99","0.0","Advertise listing","","","0","0","","0.0","1.0E-4","cubic meter","Apparel","0.002","DE","gl_apparel","","","0","","","","","","","","30","0","0","0","0","","0","0","0","0","0","0","","","","","","","","","","","","","","","","","","","","","","","2026-08-10","30","0","0","0","","N","","",""
"2026-08-13","DJM266126","X002MO5VIV","B0H6MJMCXH","KSEWJP Katzenaugen Vintage Sonnenbrille Damen Retro 90er Jahre Mode Cat Eye Brille UV400 Schutz für Erwachsene Frauen","New","23","7","0","30","0","0","0","0","0","EUR","","","","","Low traffic","11.99","0.0","11.99","0.0","Advertise listing","","","0","0","","0.0","1.0E-4","cubic meter","Footwear","0.0023","DE","gl_shoes","","","0","","","","","","","","30","0","0","0","0","","0","0","0","0","0","0","","","","","","","","","","","","","","","","","","","","","","","2026-08-10","30","0","0","0","","N","","",""
"2026-08-13","DJM266224","X002MM5LLZ","B0H6B6LVZ6","KSEWJP Breiter elastischer Taillengürtel für Damen, Stretch Cinch Gürtel mit Metallverschluss, modischer Stretchbund für Kleider, Mäntel und Jacken","New","30","0","0","30","0","0","0","0","0","EUR","","","","","Low traffic","10.99","0.0","10.99","0.0","Advertise listing","","","0","0","","0.0","1.0E-4","cubic meter","Apparel","0.003","DE","gl_apparel","","","0","","","","","","","","30","0","0","0","0","","0","0","0","0","0","0","","","","","","","","","","","","","","","","","","","","","","","2026-08-10","30","0","0","0","","N","","",""
"2026-08-13","DJM26634","X002MHVMLD","B0H69P5XBN","KSEWJP Lange fingerlose Armstulpen für Damen, dehnbarer Strick Handstulpen mit Daumenloch, Ellenbogenlange Thermo Handschützer, warm Winter Armwärmer für Alltag, Büro und Outdoor","New","30","0","0","30","0","0","0","0","0","EUR","","","","","Low traffic","8.99","0.0","8.99","0.0","Advertise listing","","","0","0","","0.0","1.0E-4","cubic meter","Apparel","0.003","DE","gl_apparel","","","0","","","","","","","","30","0","0","0","0","","0","0","0","0","0","0","","","","","","","","","","","","","","","","","","","","","","","2026-08-10","30","0","0","0","","N","","",""
"2026-08-13","DJM26661","X002MR5FBV","B0H6PLR6CJ","KSEWJP 2 Stück Tassenbürste, Gläserbürste mit langem Griff, Flaschenreinigungsbürste, Spülbürste, Gebogene multifunktionale Reinigungsbürste für Küche und Bad","New","9","21","0","30","0","0","0","0","0","EUR","","","","","Low traffic","6.59","0.0","6.59","0.0","Advertise listing","","","0","0","","0.0","1.0E-4","cubic meter","Standard","9.0E-4","DE","gl_home","","","0","","","","","","","","30","0","0","0","0","","0","0","0","0","0","0","","","","","","","","","","","","","","","","","","","","","","","2026-08-10","30","0","0","0","","N","","",""
"2026-08-13","DJM266281","X002MO7NSR","B0H6DZX433","KSEWJJP Handy Signal Schirmtasche, Kohlefaser Textur Abschirmhülle, Antimagnetische Tasche mit Klettverschluss und Metallring, Abschirmung für NFC & Handysignale, geeignet für Smartphones bis 7,8 Zoll","New","28","1","0","29","0","0","0","0","0","EUR","","","","","Low traffic","9.99","0.0","9.99","0.0","Advertise listing","","","0","0","","0.0","3.87E-4","cubic meter","Standard","0.010839","DE","gl_electronics","","","0","","","","","","","","29","0","0","0","0","","1","0","0","1","0","0","","","","","","","","","","","","","","","","","","","","","","","2026-08-10","30","0","0","0","","N","","",""
"2026-08-13","DJM266262","X002MO0GL3","B0H66ZZ81Y","KSEWJP 12 Stück Satin Scrunchies schwarz, kleine elastische Haargummis, seidige Haarbänder, schonend für dünnes & dickes Haar, Pferdeschwanz Haaraccessoires","New","22","8","0","30","0","0","0","0","0","EUR","","","","","Low traffic","6.99","0.0","6.99","0.0","Advertise listing","","","0","0","","0.0","1.0E-4","cubic meter","Standard","0.0022","DE","gl_beauty","","","0","","","","","","","","30","0","0","0","0","","0","0","0","0","0","0","","","","","","","","","","","","","","","","","","","","","","","2026-08-10","30","0","0","0","","N","","",""
"2026-08-13","DJM266382","X002MO5VH7","B0H6JXQ28Z","KSEWJP Hundepfeife 2 Stück, Hochfrequenz Hundepfeife Rückruf mit Gratis Pfeifenband, Laut & Weitreichend für Effektives Hundetraining, Schwarz/Rot","New","16","14","0","30","0","0","0","0","0","EUR","","","","","Low traffic","7.21","0.0","7.21","0.0","Advertise listing","","","0","0","","0.0","1.0E-4","cubic meter","Standard","0.0016","DE","gl_pet_products","","","0","","","","","","","","30","0","0","0","0","","0","0","0","0","0","0","","","","","","","","","","","","","","","","","","","","","","","2026-08-10","30","0","0","0","","N","","",""
"2026-08-13","DJM266120","X002MJ1TO1","B0H6G1P4B8","KSEWJP 8 Stück Wiederverwendbare Plastik Strohhalme, Hawaii Tropisch Lockige Trinkhalme, Bunte Geburtstagsfeier Dekorationen für Poolparty Sommer Cocktail Partybedarf","","23","7","0","30","0","0","0","0","0","EUR","","","","","","0.0","0.0","0.0","0.0","GoToStranded","","","0","0","","0.0","1.0E-4","cubic meter","Standard","0.0023","DE","gl_home","","","0","","","","","","","","30","0","0","0","0","","0","0","0","0","0","0","","","","","","","","","","","","","","","","","","","","","","","2026-08-10","30","0","0","0","","N","","",""
"2026-08-13","DJM266229","X002MBR32V","B0H587RW2W","KSEWJP 2 Stück Hand-Gesichtshaarentferner, Feder-Epilierer für Gesichtshaare, Manuelles Einfädelwerkzeug für Frauen, Tragbare Beauty-Werkzeuge, Zufällige Farbe","New","29","0","0","30","0","0","0","0","0","EUR","","","","","Low traffic","5.59","0.0","5.59","0.0","Advertise listing","","","0","0","","0.0","1.0E-4","cubic meter","Standard","0.0029","DE","gl_personal_care_appliances","","","0","","","5.59","","","","","30","0","0","0","0","","0","0","0","0","0","0","","","","","","","","","","","","","","","","","","","","","","","2026-08-10","29","0","0","0","","N","","",""
"2026-08-13","DJM266414","X002MR7DYN","B0H6Q7C412","KSEWJP 10 Stück Weiße Ventilkappen für Presta Französisch & Dunlop Ventile MTB Rennrad Staubschutz Abdeckung","New","11","19","0","30","0","0","0","0","0","EUR","","","","","Low traffic","5.69","0.0","5.69","0.0","Advertise listing","","","0","0","","0.0","1.0E-4","cubic meter","Standard","0.0011","DE","gl_automotive","","","0","","","5.69","","","","","30","0","0","0","0","","0","0","0","0","1","0","","","","","","","","","","","","","","","","","","","","","","","2026-08-10","30","1","0","0","","N","","",""
"2026-08-13","DJM266344","X002MNYDJF","B0H6LQ6FSJ","KSEWJP Silberne Maskerade Maske Erwachsene, Klassischer Venezianischer Halbgesichtsmaske Unisex, Elegante Augenmaske für Halloween Karneval Cosplay Party Kostüm Zubehör","New","30","0","0","28","0","0","0","0","0","EUR","","","","","Low traffic","5.21","0.0","5.21","0.0","Advertise listing","","","0","0","","0.0","1.0E-4","cubic meter","Standard","0.003","DE","gl_toy","","","0","","","","","","","","28","0","0","0","0","","0","0","0","0","0","0","","","","","","","","","","","","","","","","","","","","","","","2026-08-10","30","0","0","0","","Y","Halloween","2026-09-26","2026-11-06"
"2026-08-13","DJM26631","X002M8JT9T","B0H4ZS7JF1","","New","30","0","0","30","0","0","0","0","0","EUR","","","","","Low traffic","7.59","0.0","7.59","0.0","Advertise listing","","","0","0","","0.0","1.0E-4","cubic meter","Standard","0.003","DE","","","","0","","","","","","","","30","0","0","0","0","","0","0","0","0","0","0","","","","","","","","","","","","","","","","","","","","","","","2026-08-10","30","0","0","0","","N","","",""
"2026-08-13","DJM266403","X002MO0GDB","B0H6G3RRR4","10 Stück M8 Edelstahl Handfestziehen Flügelschrauben (16 mm)","New","30","0","0","30","0","0","0","0","0","EUR","","","","","Low traffic","10.09","0.0","10.09","0.0","Advertise listing","","","0","0","","0.0","1.8E-5","cubic meter","Standard","5.4E-4","DE","gl_biss","","","0","","","","","","","","30","0","0","0","0","","0","0","0","0","1","0","","","","","","","","","","","","","","","","","","","","","","","2026-08-10","30","1","0","0","","N","","",""
"2026-08-13","DJM26605","X002MCYV1V","B0H4Z26MH8","KSEWJP Eierstecher aus Edelstahl, Manueller Eieröffner, Spülmaschinenfest Eierköpfer, Praktischer Küchenhelfer für rohe, weiche und hart gekochte Eier","New","30","0","0","30","0","0","0","0","0","EUR","","","","","Low traffic","7.99","0.0","7.99","0.0","Advertise listing","","","0","0","","0.0","1.0E-4","cubic meter","Standard","0.003","DE","gl_home","","","0","","","","","","","","30","0","0","0","0","","0","0","0","0","0","0","","","","","","","","","","","","","","","","","","","","","","","2026-08-10","30","0","0","0","","N","","",""
"2026-08-13","DJM266118","X002MGKHOR","B0H5VYG3G1","KSEWJP Große Schleife Haarspange mit langem Schwanz Französisches Band Weiche Seidige Satin Haarnadel Metall Bogenknoten Clip 90er Retro Accessoire für Damen (Marineblau)","New","0","30","0","30","0","0","0","0","0","EUR","","","","","Low traffic","6.09","0.0","6.09","0.0","NoRestockExcessActionRequired","","","0","0","","0.0","1.0E-4","cubic meter","Standard","0.0","DE","gl_beauty","","","0","","","","","","","","30","0","0","0","0","","0","0","0","0","0","0","","","","","","","","","","","","","","","","","","","","","","","2026-08-10","30","0","0","0","","N","","",""
"2026-08-13","DJM26688","X002MFPETL","B0H5Q8DYW7","KSEWJP Venezianische Maske für Erwachsene, PVC Karnevalsmaske mit Glitzerpulver, Vintage Stil für Halloween, Karneval, Kostümpartys und Cosplay, 25 x 0,1 x 10 cm, Schwarz A","New","13","17","0","30","0","0","0","0","0","EUR","","","","","Low traffic","11.99","0.0","11.99","0.0","Advertise listing","","","0","0","","0.0","1.0E-4","cubic meter","Standard","0.0013","DE","gl_toy","","","0","","","","","","","","30","0","0","0","0","","0","0","0","0","1","1","","","","","","","","","","","","","","","","","","","","","","","2026-08-10","30","1","0","0","","Y","Halloween","2026-09-26","2026-11-06"
"2026-08-13","DJM266132","X002MGKRFV","B0H5WGKDCC","KSEWJP 4-in-1 Multifunktionaler Eierschneider aus Edelstahl, Dunkelblau 20×7×2 cm, Manueller Lebensmittelschneider für Eier, Erdbeeren, Kirschen, Oliven und Datteln","New","30","0","0","30","0","0","0","0","0","EUR","","","","","Low traffic","11.63","0.0","11.63","0.0","Advertise listing","","","0","0","","0.0","1.0E-4","cubic meter","Standard","0.003","DE","gl_home","","","0","","","","","","","","30","0","0","0","0","","0","0","0","0","0","0","","","","","","","","","","","","","","","","","","","","","","","2026-08-10","30","0","0","0","","N","","",""
"2026-08-13","DJM266336","X002MNYDC7","B0H6J9WN9S","KSEWJP Haarspange mit Großer Pailletten-Schleife, Glitzernde Festliche Haarschleife mit Langem Schwanz für Damen, Elegantes Haarschmuck für Alle Haartypen (Gold)","New","30","0","0","30","0","0","0","0","0","EUR","","","","","Low traffic","6.99","0.0","6.99","0.0","Advertise listing","","","0","0","","0.0","1.0E-4","cubic meter","Standard","0.003","DE","gl_beauty","","","0","","","","","","","","30","0","0","0","0","","0","0","0","0","0","0","","","","","","","","","","","","","","","","","","","","","","","2026-08-10","30","0","0","0","","N","","",""
"2026-08-13","DJM26681","X002MI1NZ7","B0H6B4FTGX","KSEWJP Kinderwagen Haken 2 Stück, universaler Taschenhaken mit Klettverschluss, drehbarer Kinderwagenanhänger für Wickeltaschen, Einkaufstaschen und Handtaschen","New","30","0","0","30","0","0","0","0","0","EUR","","","","","Low traffic","6.99","0.0","6.99","0.0","Advertise listing","","","0","0","","0.0","1.0E-4","cubic meter","Standard","0.003","DE","gl_home_improvement","","","0","","","","","","","","30","0","0","0","0","","0","0","0","0","0","0","","","","","","","","","","","","","","","","","","","","","","","2026-08-10","30","0","0","0","","N","","",""
"2026-08-13","DJM266122","X002MHUCEB","B0H6BRMW8M","KSEWJP 2 Stück Messing Blindstopfen M10, Warm- und Kaltwassereinlass Verschlussstopfen mit Gummidichtringen, Rohrendkappe für Küche Bad Mischbatterie Armaturen","New","30","0","0","30","0","0","0","0","0","EUR","","","","","Low traffic","7.99","0.0","7.99","0.0","Advertise listing","","","0","0","","0.0","1.0E-4","cubic meter","Standard","0.003","DE","gl_home_improvement","","","0","","","","","","","","30","0","0","0","0","","0","0","0","0","0","0","","","","","","","","","","","","","","","","","","","","","","","2026-08-10","30","0","0","0","","N","","",""
"2026-08-13","DJM26655","X002MDK9RF","B0H5BFFL95","KSEWJP 2 Stück Pop Up Waschbeckenstöpsel Badewannenstöpsel, Messing Gold Ablaufventil Klickstopfen, Ersatz für die meisten Haushaltswaschbecken und Badewannen","New","30","0","0","30","0","0","0","0","0","EUR","","","","","Low traffic","6.49","0.0","6.49","0.0","Advertise listing","","","0","0","","0.0","1.0E-4","cubic meter","Standard","0.003","DE","gl_home","","","0","","","","","","","","30","0","0","0","0","","0","0","0","0","0","0","","","","","","","","","","","","","","","","","","","","","","","2026-08-10","30","0","0","0","","N","","",""
"2026-08-13","DJM266227","X002MBQZW5","B0H58D22JD","KSEWJP Knopf Anziehhilfe mit Einhandbedienung, Knopfhaken mit Drahtschlaufe & Zipper Pull Helper, Anziehhilfe für Senioren & Menschen mit Arthritis, ABS Edelstahl PVC","New","30","0","0","30","0","0","0","0","0","EUR","","","","","Low traffic","7.04","0.0","7.04","0.0","Advertise listing","","","0","0","","0.0","1.0E-4","cubic meter","Standard","0.003","DE","gl_personal_care_appliances","","","0","","","","","","","","30","0","0","0","0","","0","0","0","0","0","0","","","","","","","","","","","","","","","","","","","","","","","2026-08-10","30","0","0","0","","N","","",""
"2026-08-13","DJM266237","X002M8X7VZ","B0H587DYH3","KSEWJP Silikon Fingerspitzen 16 Stück, 4 Größen Fingerschutz Pads, Anti-Rutsch Fingerhüte für Geldzählen, Nähen, Stricken, Gitarrenspielen, Blau & Aquamarin","New","29","1","0","29","0","0","0","0","0","EUR","","","","","Low traffic","12.99","0.0","12.99","0.0","Advertise listing","","","0","0","","0.0","1.0E-4","cubic meter","Standard","0.0029","DE","gl_furniture","","","0","","","","","","","","29","0","0","0","0","","0","0","0","0","0","0","","","","","","","","","","","","","","","","","","","","","","","2026-08-10","30","0","0","0","","N","","",""
"2026-08-13","DJM266138","X002MO0GIB","B0H6G4631Z","KSEWJP Klassische Rechteckige Sonnenbrille Retro Schlanke Metallrahmen UV400 Schutz Unisex Vintage Sonnenbrille für Damen und Herren","New","25","5","0","30","0","0","0","0","0","EUR","","","","","Low traffic","16.99","0.0","16.99","0.0","Advertise listing","","","0","0","","0.0","1.0E-4","cubic meter","Footwear","0.0025","DE","gl_shoes","","","0","","","","","","","","30","0","0","0","0","","0","0","0","0","0","0","","","","","","","","","","","","","","","","","","","","","","","2026-08-10","30","0","0","0","","N","","",""
"2026-08-13","DJM266373","X002MO0JIN","B0H6FDH5P7","KSEWJP Doppel-Kugelformer 2 Stück, Doppelseitig Aushöhllöffel Ø 25/30mm, Edelstahl Melonenausstecher Obstentkerner Kugelausstecher für Obst Gemüse Eis","New","21","9","0","30","0","0","0","0","0","EUR","","","","","Low traffic","6.89","0.0","6.89","0.0","Advertise listing","","","0","0","","0.0","1.0E-4","cubic meter","Standard","0.0021","DE","gl_home","","","0","","","6.89","","","","","30","0","0","0","0","","0","0","0","0","0","0","","","","","","","","","","","","","","","","","","","","","","","2026-08-10","30","0","0","0","","N","","",""
"2026-08-13","DJM266246","X002MD7IVF","B0H586YL78","KSEWJP 2 Stück Große Französische Haarspangen mit Schleife, Für Dickes & Feines Haar, Damen & Mädchen Haarschmuck Accessoires, Schwarz+Beige","New","30","0","0","30","0","0","0","0","0","EUR","","","","","Low traffic","10.99","0.0","10.99","0.0","Advertise listing","","","0","0","","0.0","1.0E-4","cubic meter","Standard","0.003","DE","gl_beauty","","","0","","","","","","","","30","0","0","0","0","","0","0","0","0","0","0","","","","","","","","","","","","","","","","","","","","","","","2026-08-10","30","0","0","0","","N","","",""
"2026-08-13","DJM26653","X002MDK9ST","B0H5BLXQ7G","KSEWJP 2er Sockelfilter Filtersponge Ersatzteil 9164761 kompatibel mit Miele T1 Wärmepumpentrockner, PU-Schaum Bodenfilter für Active, SpeedCare, TDB230WP, TCE530WP uvm., 207x157x30mm Schwarz","New","27","1","0","28","0","0","0","0","0","EUR","","","","","Low traffic","8.99","0.0","8.99","0.0","Advertise listing","","","0","0","","0.0","0.001837","cubic meter","Standard","0.049609","DE","gl_major_appliances","","","0","","","","","","","","28","0","0","0","0","","2","0","0","2","1","0","","","","","","","","","","","","","","","","","","","","","","","2026-08-10","30","1","0","0","","N","","",""
"2026-08-13","DJM266374","X002MIBJ1Z","B0H6FN8MWZ","KSEWJP Schmetterlingskamm Faltbarer Edelstahl Haarkamm Bartkamm Flipping Trick Übungskamm für Anfänger Salon Beauty Tool","New","29","0","0","29","0","0","0","0","0","EUR","","","","","Low traffic","19.28","0.0","19.28","0.0","Advertise listing","","","0","0","","0.0","1.0E-4","cubic meter","Standard","0.0029","DE","gl_beauty","","","0","","","19.28","","","","","29","0","0","0","0","","1","0","0","1","0","0","","","","","","","","","","","","","","","","","","","","","","","2026-08-10","30","0","0","0","","N","","",""
"2026-08-13","DJM266240","X002M8YR6J","B0H583XGGW","KSEWJP Bakelit-Topfgriff Ersatz, Verbrühungssicher Langer Griff mit Schraube, Universeller Einheitsgriff für Töpfe und Pfannen, Küchenkochgeschirr Ersatzteil","New","23","0","0","24","0","0","0","0","0","EUR","4","4","4","4","Low traffic","6.88","0.0","6.88","0.0","Advertise listing","","","0","0","","0.25","1.0E-4","cubic meter","Standard","0.0023","DE","gl_home_improvement","275463","256","0","23","74","6.88","23.12","23.12","23.12","23.12","24","0","0","0","0","","0","0","0","0","1","0","","","","","","","","","","","","","","","","","","","","","","","2026-08-10","23","1","0","0","266","N","","",""
"2026-08-13","DJM26685","X002MC1ZAL","B0H57BT1CL","KSEWJP GPU Halterung Grafikkarten Stütze aus Aluminium-Magnesium-Legierung, Einstellbare Video Karte Sag Bracket mit Magnetischem Sockel, Skalierbar 74mm-120mm für ATX MATX ITX PC Gehäuse","New","29","0","0","29","0","0","0","0","0","EUR","","","","","Low traffic","5.99","0.0","5.99","0.0","Advertise listing","","","0","0","","0.0","1.0E-4","cubic meter","Standard","0.0029","DE","gl_pc","","","0","","","","","","","","29","0","0","0","0","","0","0","0","0","0","0","","","","","","","","","","","","","","","","","","","","","","","2026-08-10","29","0","0","0","","N","","",""
"2026-08-13","DJM26645","X002MHYBWF","B0H6B6WHHW","KSEWJP Lange Tüll Handschuhe für Damen, durchscheinende elastische Netz Handschuhe, elegante lange Armhandschuhe für Hochzeit, Braut, Abendparty, Halloween und Tanzkostüm, Schwarz & Beige erhältlich","New","29","0","0","30","0","0","0","0","0","EUR","","","","","Low traffic","6.99","0.0","6.99","0.0","Advertise listing","","","0","0","","0.0","5.1E-5","cubic meter","Apparel","0.001488","DE","gl_apparel","","","0","","","","","","","","30","0","0","0","0","","0","0","0","0","0","0","","","","","","","","","","","","","","","","","","","","","","","2026-08-10","29","0","0","0","","N","","",""
"2026-08-13","DJM266269","X002MGCBP5","B0H63CD3YQ","KSEWJP 2 Stück Gold Kupfer Metall Waschbecken Überlaufring, Überlauf Abdeckung für Badezimmer Küche, Passend für 22-24 mm Überlauflöcher","New","30","0","0","30","0","0","0","0","0","EUR","","","","","Low traffic","5.59","0.0","5.59","0.0","Advertise listing","","","0","0","","0.0","1.0E-4","cubic meter","Standard","0.003","DE","gl_home","","","0","","","","","","","","30","0","0","0","0","","0","0","0","0","0","0","","","","","","","","","","","","","","","","","","","","","","","2026-08-10","30","0","0","0","","N","","",""
"2026-08-13","DJM266343","X002MBR1Q9","B0H55NTNTX","KSEWJP 7 Tage Pillendose 14 Fächer, Morgens & Abends Tablettenbox, Wöchentlicher Medikamenten Organizer, Dicht gegen Feuchtigkeit, Tragbar Pillenbox für Medikamente, Nahrungsergänzungsmittel","New","30","0","0","30","0","0","0","0","0","EUR","","","","","Low traffic","7.99","0.0","7.99","0.0","Advertise listing","","","0","0","","0.0","1.0E-4","cubic meter","Standard","0.003","DE","gl_drugstore","","","0","","","","","","","","30","0","0","0","0","","0","0","0","0","0","0","","","","","","","","","","","","","","","","","","","","","","","2026-08-10","30","0","0","0","","N","","",""
"2026-08-13","DJM26606","X002M9RVDT","B0H4ZDL8R1","KSEWJP 4-in-1 Tablettenteiler und Mörser grün, tragbar Tablettenzerkleinerer mit Aufbewahrungsfach und Trinkbecher für Zuhause und Reise","New","30","0","0","30","0","0","0","0","0","EUR","","","","","Low traffic","6.99","0.0","6.99","0.0","Advertise listing","","","0","0","","0.0","1.0E-4","cubic meter","Standard","0.003","DE","gl_personal_care_appliances","","","0","","","6.99","","","","","30","0","0","0","0","","0","0","0","0","0","0","","","","","","","","","","","","","","","","","","","","","","","2026-08-10","30","0","0","0","","N","","",""
"2026-08-13","DJM266100","X002MFORRL","B0H5QLP65T","KSEWJP Haarknotenformer 2 Stück, Einfacher Donut-Dutt-Maker, Französisches Twist-Faltband für DIY-Frisuren, Ballett-Styling-Zubehör für Damen","New","30","0","0","30","0","0","0","0","0","EUR","","","","","Low traffic","4.99","0.0","4.99","0.0","Advertise listing","","","0","0","","0.0","7.84E-4","cubic meter","Standard","0.023525","DE","gl_beauty","","","0","","","4.99","","","","","30","0","0","0","0","","0","0","0","0","0","0","","","","","","","","","","","","","","","","","","","","","","","2026-08-10","30","0","0","0","","N","","",""
"2026-08-13","DJM266131","X002MGO2HP","B0H5W5V87B","KSEWJP Retro Randlose Rechteckige Sonnenbrille für Damen und Herren, Y2K Vintage Transparente Brille mit UV400 Schutz, Blaues Gestell Grüne Linsen","New","23","7","0","30","0","0","0","0","0","EUR","","","","","Low traffic","10.92","0.0","10.92","0.0","Advertise listing","","","0","0","","0.0","1.0E-4","cubic meter","Footwear","0.0023","DE","gl_shoes","","","0","","","","","","","","30","0","0","0","0","","0","0","0","0","0","0","","","","","","","","","","","","","","","","","","","","","","","2026-08-10","30","0","0","0","","N","","",""
"2026-08-13","DJM266110","X002MI1OZB","B0H6B8FPDF","KSEWJP XL Duschhaube für langes dickes Haar, doppellagig wasserdichte Duschkappe, wiederverwendbar waschbar Duschhaube mit elastischem orangen Rand, Schwarz Haarkappe für Damen Herren","New","30","0","0","30","0","0","0","0","0","EUR","","","","","Low traffic","9.99","0.0","9.99","0.0","Advertise listing","","","0","0","","0.0","1.0E-4","cubic meter","Standard","0.003","DE","gl_beauty","","","0","","","","","","","","30","0","0","0","0","","0","0","0","0","0","0","","","","","","","","","","","","","","","","","","","","","","","2026-08-10","30","0","0","0","","N","","",""
"2026-08-13","DJM266293","X002MJSGBZ","B0H6JHKDFF","KSEWJP 10 Stück 360° Fingerzahnbürste aus Silikon, Zahnbürste für Hund Katze Welpen Kleine Haustiere, Zahnreinigungs-Set für Haustier Zahnpflege","New","24","6","0","30","0","0","0","0","0","EUR","","","","","Low traffic","7.49","0.0","7.49","0.0","Advertise listing","","","0","0","","0.0","1.0E-4","cubic meter","Standard","0.0024","DE","gl_personal_care_appliances","","","0","","","","","","","","30","0","0","0","0","","0","0","0","0","0","0","","","","","","","","","","","","","","","","","","","","","","","2026-08-10","30","0","0","0","","N","","",""
"2026-08-13","DJM266175","X002MG7FSX","B0H679FNX7","KSEWJP Brillenetui Sonnenbrille, EVA Kratzfeste Sonnenbrillen Etui Hardcase mit Karabiner Groß Brillen Etui für Damen Herren Outdoor Sportbrille Fahrradbrille","New","30","3","0","33","0","0","0","0","0","EUR","","","","","Low traffic","8.99","0.0","8.99","0.0","Advertise listing","","","0","0","","0.0","0.001462","cubic meter","Apparel","0.043865","DE","gl_apparel","","","0","","","8.99","","","","","33","0","0","0","0","","0","0","0","0","0","0","","","","","","","","","","","","","","","","","","","","","","","2026-08-10","33","0","0","0","","N","","",""
"2026-08-13","DJM266148","X002MBXAUP","B0H55V5ZCS","KSEWJP Motorrad Schlüsselanhänger mit Motorradhelm Silber, Schlüsselanhänger für Biker Motorradfahrer Männer","New","30","0","0","30","0","0","0","0","0","EUR","","","","","Low traffic","9.99","0.0","9.99","0.0","Advertise listing","","","0","0","","0.0","1.0E-4","cubic meter","Apparel","0.003","DE","gl_apparel","","","0","","","","","","","","30","0","0","0","0","","0","0","0","0","0","0","","","","","","","","","","","","","","","","","","","","","","","2026-08-10","30","0","0","0","","N","","",""
"2026-08-13","DJM266156","X002MHYMB5","B0H6BNRX3G","KSEWJP 2 Stück Feder-Gesichtshaarentferner, Manueller Epilierer für Gesichtshaare, Einfädelwerkzeug für Oberlippe, Kinn, Wangen & Hals, für Erwachsene, Schwarz & Rosenrot","New","30","0","0","30","0","0","0","0","0","EUR","","","","","Low traffic","6.59","0.0","6.59","0.0","Advertise listing","","","0","0","","0.0","4.0E-4","cubic meter","Standard","0.011996","DE","gl_personal_care_appliances","","","0","","","","","","","","30","0","0","0","0","","0","0","0","0","0","0","","","","","","","","","","","","","","","","","","","","","","","2026-08-10","30","0","0","0","","N","","",""
"2026-08-13","DJM26660","X002M9FGXB","B0H5BKF23G","KSEWJP 6 Stück Messing Doppelkugelschnäpper Kugelschnäpper Möbelschnäpper für Küche Schranktüren Schränke Zuhause Möbel Türverschluß Halte Verschluss, Silber","New","29","0","0","29","0","0","0","0","0","EUR","","","","","Low traffic","10.99","0.0","10.99","0.0","Advertise listing","","","0","0","","0.0","1.0E-4","cubic meter","Standard","0.0029","DE","gl_home_improvement","","","0","","","","","","","","29","0","0","0","0","","0","0","0","0","0","0","","","","","","","","","","","","","","","","","","","","","","","2026-08-10","29","0","0","0","","N","","",""
"2026-08-13","DJM266302","X002MO0F8R","B0H6JH6T31","KSEWJP 2 Stück Festmacherklampfe, 112 mm 316 Edelstahl Bootsklampfe, Seilklammer mit Schrauben, korrosionsbeständig für Boote, Yachten, Planen und Fahnenmasten","New","25","2","0","30","0","0","0","0","0","EUR","","","","","Low traffic","11.99","0.0","11.99","0.0","Advertise listing","","","0","0","","0.0","1.0E-4","cubic meter","Standard","0.0025","DE","gl_sports","","","0","","","11.99","","","","","30","0","0","0","0","","0","0","0","0","0","0","","","","","","","","","","","","","","","","","","","","","","","2026-08-10","27","0","0","0","","N","","",""
"2026-08-13","DJM266385","X002MO86UV","B0H6FL5TG1","KSEWJP Anschnallgurt Hund Auto 3 in 1 mit Isofix und Schnalle, Hundegurt Auto mit Stoßdämpfung, Verstellbar 54-90 cm, Bissfest für Kleine Mittlere Große Hunde, Autos Rücksitzgurte","New","21","2","0","30","0","0","0","0","0","EUR","","","","","Low traffic","9.99","0.0","9.99","0.0","Advertise listing","","","0","0","","0.0","1.0E-4","cubic meter","Standard","0.0021","DE","gl_pet_products","","","0","","","10.49","","","","","30","0","0","0","0","","0","0","0","0","0","0","","","","","","","","","","","","","","","","","","","","","","","2026-08-10","23","0","0","0","","N","","",""
"2026-08-13","DJM266184","X002MCWLN1","B0H54ZBL3V","KSEWJP Avocadoschneider 3 in 1, Grün Edelstahl Obstschneider Küchenhelfer zum Schneiden Entkernen und Schöpfen von Frischen Avocados","New","29","0","0","30","0","0","0","0","0","EUR","","","","","Low traffic","7.99","0.0","7.99","0.0","Advertise listing","","","0","0","","0.0","1.0E-4","cubic meter","Standard","0.0029","DE","gl_home","","","0","","","7.99","","","","","30","0","0","0","0","","0","0","0","0","0","0","","","","","","","","","","","","","","","","","","","","","","","2026-08-10","29","0","0","0","","N","","",""
"2026-08-13","DJM266188","X002MC3YVJ","B0H54X5QZZ","KSEWJP 3-in-1 Gitarren-Saitenwerkzeug Saitenschneider Saitenkurbel Bridgepin-Abzieher Multifunktionales Reparaturwerkzeug für Gitarre Bass Ukulele Mandoline Edelstahl Schwarz","New","30","0","0","30","0","0","0","0","0","EUR","","","","","Low traffic","6.29","0.0","6.29","0.0","Advertise listing","","","0","0","","0.0","1.0E-4","cubic meter","Standard","0.003","DE","gl_musical_instruments","","","0","","","","","","","","30","0","0","0","0","","0","0","0","0","0","0","","","","","","","","","","","","","","","","","","","","","","","2026-08-10","30","0","0","0","","N","","",""
"2026-08-13","DJM266350","X002MO7V0H","B0H6FWQTSQ","KSEWJP Zickzack Stirnband, 2 Stück Kunststoff Stirnbänder mit Zahnmuster, Elastische Haarkämme für Erwachsene, Schwarz+Braun für Alltag, Schminken, Gesichtsbehandlung, Reisen","New","30","0","0","30","0","0","0","0","0","EUR","","","","","Low traffic","5.99","0.0","5.99","0.0","Advertise listing","","","0","0","","0.0","1.0E-4","cubic meter","Standard","0.003","DE","gl_beauty","","","0","","","","","","","","30","0","0","0","0","","0","0","0","0","0","0","","","","","","","","","","","","","","","","","","","","","","","2026-08-10","30","0","0","0","","N","","",""
"2026-08-13","DJM266137","X002MISJRH","B0H6FTZWVP","KSEWJP Polarisiert Sonnenbrille Damen Herren, Sechseckige Metallrahmen Sonnenbrille, Ultraleicht 100% UV400 Schutz für Fahren Outdoor Lifestyle","New","12","18","0","30","0","0","0","0","0","EUR","","","","","Low traffic","19.99","0.0","19.99","0.0","Advertise listing","","","0","0","","0.0","1.0E-4","cubic meter","Footwear","0.0012","DE","gl_shoes","","","0","","","","","","","","30","0","0","0","0","","0","0","0","0","0","0","","","","","","","","","","","","","","","","","","","","","","","2026-08-10","30","0","0","0","","N","","",""
"2026-08-13","DJM26637","X002MI1VFJ","B0H6B2V9SP","KSEWJP Groß Schaumstoff Mikrofon Windschutz, Popschutz für Blue Yeti & Yeti Pro Kondensatormikrofon, Hochdichter Schaum Mikrofonabdeckung Schwarz, Größe 7.3× 6cm","New","27","0","0","27","0","0","0","0","0","EUR","","","","","Low traffic","6.99","0.0","6.99","0.0","Advertise listing","","","0","0","","0.0","1.0E-4","cubic meter","Standard","0.0027","DE","gl_musical_instruments","","","0","","","","","","","","27","0","0","0","0","","0","0","0","0","0","0","","","","","","","","","","","","","","","","","","","","","","","2026-08-10","27","0","0","0","","N","","",""
"2026-08-13","DJM266327","X002MHYGM5","B0H67NDMRD","KSEWJP 2 Stück Braun Leopard Scrunchies, Leopardenmuster Haargummi, Elastisch Stoff Haarband ohne Haarbruch, für Damen und Mädchen, für dickes und dünnes Haar","New","29","0","0","29","0","0","0","0","0","EUR","","","","","Low traffic","4.99","0.0","4.99","0.0","Advertise listing","","","0","0","","0.0","1.0E-4","cubic meter","Standard","0.0029","DE","gl_beauty","","","0","","","4.99","","","","","29","0","0","0","0","","0","0","0","0","0","0","","","","","","","","","","","","","","","","","","","","","","","2026-08-10","29","0","0","0","","N","","",""
"2026-08-13","DJM266378","X002MO5VBD","B0H6JW3PDC","KSEWJP Herren Lederportemonnaie mit RFID-Schutz, Extra-Fassungsvermögen, Bifold-Design und Münzfach (A-Schwarz)","","23","7","0","30","0","0","0","0","0","EUR","","","","","Low traffic","0.0","0.0","22.79","0.0","Edit listing","","","0","0","","0.0","1.0E-4","cubic meter","Standard","0.0023","DE","gl_luggage","","","0","","","","","","","","30","0","0","0","0","","0","0","0","0","0","0","","","","","","","","","","","","","","","","","","","","","","","2026-08-10","30","0","0","0","","N","","",""
"2026-08-13","DJM266103","X002MFMHHX","B0H5QQDCKM","KSEWJP Überlaufring Waschbecken, 4 Stück Rund Waschbeckenüberlauf Abdeckung, ABS Kunststoff Verchromt, Durchmesser 38mm, Passend für 22-24mm Überlaufloch, Silber","New","22","8","0","30","0","0","0","0","0","EUR","","","","","Low traffic","7.99","0.0","7.99","0.0","Advertise listing","","","0","0","","0.0","1.0E-4","cubic meter","Standard","0.0022","DE","gl_home_improvement","","","0","","","","","","","","30","0","0","0","0","","0","0","0","0","0","0","","","","","","","","","","","","","","","","","","","","","","","2026-08-10","30","0","0","0","","N","","",""
"2026-08-13","DJM266339","X002MJTN03","B0H6JCXB3P","KSEWJP Geldbörse Slim Carbon Fiber Leder, Portmonee für Damen und Herren, Brieftasche Kartenetui mit Visitenkarten und Ausweisfenster (Schwarz)","New","14","16","0","30","0","0","0","0","0","EUR","","","","","Low traffic","4.99","0.0","4.99","0.0","Advertise listing","","","0","0","","0.0","1.0E-4","cubic meter","Standard","0.0014","DE","gl_luggage","","","0","","","4.99","","","","","30","0","0","0","0","","0","0","0","0","0","0","","","","","","","","","","","","","","","","","","","","","","","2026-08-10","30","0","0","0","","N","","",""
"2026-08-13","DJM266101","X002MO6AU9","B0H6FVN3TW","KSEWJP A127 Radio Ausbauwerkzeug 2 Stück Set, Kompatibel mit Opel Corsa C D Agila Astra Meriva Vectra Omega Insignia Zafira, Metall Autoradio Entriegelungswerkzeug","New","28","1","0","29","0","0","0","0","0","EUR","","","","","Low traffic","6.16","0.0","6.16","0.0","Advertise listing","","","0","0","","0.0","1.0E-4","cubic meter","Standard","0.0028","DE","gl_wireless","","","0","","","6.16","","","","","29","0","0","0","0","","0","0","0","0","0","0","","","","","","","","","","","","","","","","","","","","","","","2026-08-10","29","0","0","0","","N","","",""
"2026-08-13","DJM26627","X002MC41RP","B0H5562MP6","KSEWJP 4 Stück Perlen-Sicherheitsnadeln 7,9 cm Gold Kunstperlen-Brosche aus Metall Kunststoff, dekorative Hosenbundspanner für Pullover Schal Rock Kleidung Tasche","New","30","0","0","30","0","0","0","0","0","EUR","","","","","Low traffic","5.29","0.0","5.29","0.0","Advertise listing","","","0","0","","0.0","1.0E-4","cubic meter","Standard","0.003","DE","gl_home","","","0","","","","","","","","30","0","0","0","0","","0","0","0","0","0","0","","","","","","","","","","","","","","","","","","","","","","","2026-08-10","30","0","0","0","","N","","",""
"2026-08-13","DJM266258","X002MGMUF1","B0H5X3VFH6","Haspenschloss mit Schlüssel, 2,5 Zoll Silber Drehknopf Schloss, Zinklegierung & Eisen, für Schrank Schublade Briefkasten Möbel Türriegel Sicherheitsverriegelung","New","29","0","0","29","0","0","0","0","0","EUR","","","","","Low traffic","7.99","0.0","7.99","0.0","Advertise listing","","","0","0","","0.0","1.0E-4","cubic meter","Standard","0.0029","DE","gl_home_improvement","","","0","","","","","","","","29","0","0","0","0","","0","0","0","0","2","0","","","","","","","","","","","","","","","","","","","","","","","2026-08-10","29","2","0","0","","N","","",""
"2026-08-13","DJM266128","X002MGKR8N","B0H5WHQZYM","KSEWJP Damen PU Ledergürtel Schwarz mit Goldener Vintage Schnalle, Modischer Damengürtel für Jeans Hosen Kleider, Taillenumfang 68.6-100 cm","New","30","0","0","30","0","0","0","0","0","EUR","","","","","Low traffic","12.99","0.0","12.99","0.0","Advertise listing","","","0","0","","0.0","1.0E-4","cubic meter","Apparel","0.003","DE","gl_apparel","","","0","","","","","","","","30","0","0","0","0","","0","0","0","0","0","0","","","","","","","","","","","","","","","","","","","","","","","2026-08-10","30","0","0","0","","N","","",""
"2026-08-13","DJM266212","X002MG6ODF","B0H67SP93R","KSEWJP Schwarze Vintage Flat Top Sonnenbrille, Oversized Quadratische Unisex Sonnenbrille UV400 für Fahren Street Style Outdoor Zubehör","New","30","0","0","30","0","0","0","0","0","EUR","","","","","Low traffic","6.99","0.0","6.99","0.0","Advertise listing","","","0","0","","0.0","1.0E-4","cubic meter","Footwear","0.003","DE","gl_shoes","","","0","","","","","","","","30","0","0","0","0","","0","0","0","0","0","0","","","","","","","","","","","","","","","","","","","","","","","2026-08-10","30","0","0","0","","N","","",""
"2026-08-13","DJM266141","X002M9HPSZ","B0H4ZBF6YX","KSEWJP Gummirollen-Brayer 3,5cm, Andrückrolle Gummiwalze für Linoldruck, Stempeln, Drucken, Tapeten, Scrapbooking und Kunsthandwerk","New","30","0","0","30","0","0","0","0","0","EUR","","","","","Low traffic","8.19","0.0","8.19","0.0","Advertise listing","","","0","0","","0.0","1.0E-4","cubic meter","Standard","0.003","DE","gl_furniture","","","0","","","","","","","","30","0","0","0","0","","0","0","0","0","0","0","","","","","","","","","","","","","","","","","","","","","","","2026-08-10","30","0","0","0","","N","","",""
"2026-08-13","DJM26603","X002M8IMSD","B0H4Z2QV48","","New","30","0","0","30","0","0","0","0","0","EUR","","","","","Low traffic","6.99","0.0","6.99","0.0","Advertise listing","","","0","0","","0.0","1.0E-4","cubic meter","Standard","0.003","DE","","","","0","","","","","","","","30","0","0","0","0","","0","0","0","0","0","0","","","","","","","","","","","","","","","","","","","","","","","2026-08-10","30","0","0","0","","N","","",""
"2026-08-13","DJM266107","X002MO5RW1","B0H6MDNZXY","KSEWJP PU Leder Münzbörse Mini Geldbörse Klein Geldbeutel Minimalistisch Münzbeutel Schlüsseltasche für Damen und Herren - Schwarz","New","24","7","0","31","0","0","0","0","0","EUR","","","","","Low traffic","6.99","0.0","6.99","0.0","Advertise listing","","","0","0","","0.0","1.0E-4","cubic meter","Standard","0.0024","DE","gl_luggage","","","0","","","","","","","","31","0","0","0","0","","0","0","0","0","0","0","","","","","","","","","","","","","","","","","","","","","","","2026-08-10","31","0","0","0","","N","","",""
"2026-08-13","DJM266253","X002MFTBMH","B0H5PRH8HX","KSEWJP 100 Stück Gardinengleiter aus Kunststoff weiß 17.8 mm Gardinenrollen Gleithaken für Fenster Tür Duschvorhangschienen","New","23","7","0","30","0","0","0","0","0","EUR","","","","","Low traffic","6.49","0.0","6.49","0.0","Advertise listing","","","0","0","","0.0","1.0E-4","cubic meter","Standard","0.0023","DE","gl_home","","","0","","","","","","","","30","0","0","0","0","","0","0","0","0","0","0","","","","","","","","","","","","","","","","","","","","","","","2026-08-10","30","0","0","0","","N","","",""
"2026-08-13","DJM26615","X002MD078L","B0H4ZD25MD","KSEWJP 5 Stück fertige XXL Rot Schleifen mit Glitzer Netz & Goldfolie, 42cm große Geschenkschleifen für Auto, Hochzeit, Party & Einweihung","New","30","0","0","30","0","0","0","0","0","EUR","","","","","Low traffic","6.97","0.0","6.97","0.0","Advertise listing","","","0","0","","0.0","0.0011","cubic meter","Standard","0.032997","DE","gl_furniture","","","0","","","6.97","","","","","30","0","0","0","0","","0","0","0","0","0","0","","","","","","","","","","","","","","","","","","","","","","","2026-08-10","30","0","0","0","","N","","",""
"2026-08-13","DJM266140","X002M9OFF1","B0H4ZM97PD","KSEWJP Fahrradgriffe 2 mm, rutschfeste Gummi Lenkergriffe mit Prallschutz, Fahrradgriffe für Roller Laufrad Dreirad Kinderfahrrad","New","30","0","0","30","0","0","0","0","0","EUR","","","","","Low traffic","5.51","0.0","5.51","0.0","Advertise listing","","","0","0","","0.0","1.0E-4","cubic meter","Standard","0.003","DE","gl_sports","","","0","","","5.51","","","","","30","0","0","0","0","","0","0","0","0","0","0","","","","","","","","","","","","","","","","","","","","","","","2026-08-10","30","0","0","0","","N","","",""
"2026-08-13","DJM266192","X002M9UIMZ","B0H4YZLMTB","KSEWJP Maulkorb für Hunde, Verstellbarer Hundemaulkorb mit Atmungsaktivem Netzdesign, Erlaubt Trinken, Verhindert Beißen, Bellen & Überfressen, Robuster Nylon, Größe XS, Schwarz","New","29","0","0","29","0","0","0","0","0","EUR","","","","","Low traffic","8.59","0.0","8.59","0.0","Advertise listing","","","0","0","","0.0","1.0E-4","cubic meter","Standard","0.0029","DE","gl_pet_products","","","0","","","","","","","","29","0","0","0","0","","0","0","0","0","0","0","","","","","","","","","","","","","","","","","","","","","","","2026-08-10","29","0","0","0","","N","","",""
"2026-08-13","DJM26667","X002M91P2H","B0H58G95P6","KSEWJP Mini Klappstuhl Handyhalter aus Kunststoff, Mehrzweck Puppenstuhl, Tisch Deko Figur für Puppenhaus Mini Garten, Universeller Handy Ständer für Schreibtisch, Zimmer Deko Geschenk","New","29","0","0","29","0","0","0","0","0","EUR","","","","","Low traffic","6.99","0.0","6.99","0.0","Advertise listing","","","0","0","","0.0","1.0E-4","cubic meter","Standard","0.0029","DE","gl_toy","","","0","","","","","","","","29","0","0","0","0","","0","0","0","0","0","0","","","","","","","","","","","","","","","","","","","","","","","2026-08-10","29","0","0","0","","N","","",""
"2026-08-13","DJM266223","X002MDAMUJ","B0H588MZT6","KSEWJP Große Haarschleife für Erwachsene Damen, Glitzer Stoff Haarnadel mit Schleife, blau, 20x15cm, Für Alle Haartypen, Geeignet für Formelle Anlässe & Alltag","New","30","0","0","30","0","0","0","0","0","EUR","","","","","Low traffic","6.99","0.0","6.99","0.0","Advertise listing","","","0","0","","0.0","1.0E-4","cubic meter","Standard","0.003","DE","gl_beauty","","","0","","","","","","","","30","0","0","0","0","","0","0","0","0","0","0","","","","","","","","","","","","","","","","","","","","","","","2026-08-10","30","0","0","0","","N","","",""
"2026-08-13","DJM266280","X002MJBVDF","B0H66W78HC","KSEWJP 2 Stück Latte Macchiato Löffel, 17 cm Edelstahl 304 Eislöffel Lang, Longdrinklöffel Rührlöffel für Cocktail Kaffee Tee Milchshake Eisbecher Dessert, Minimalistisch Silber","New","30","0","0","30","0","0","0","0","0","EUR","","","","","Low traffic","5.39","0.0","5.39","0.0","Advertise listing","","","0","0","","0.0","1.0E-4","cubic meter","Standard","0.003","DE","gl_kitchen","","","0","","","5.39","","","","","30","0","0","0","0","","0","0","0","0","0","0","","","","","","","","","","","","","","","","","","","","","","","2026-08-10","30","0","0","0","","N","","",""
"2026-08-13","DJM266412","X002MSF0PV","B0H6Q3DHX4","KSEWJP 6er Set transparente Türklinkenpuffer Ø18mm elastischer Türgriffstopper Wand- und Möbelschutz","New","7","23","0","30","0","0","0","0","0","EUR","","","","","Low traffic","5.69","0.0","5.69","0.0","Advertise listing","","","0","0","","0.0","1.0E-4","cubic meter","Standard","7.0E-4","DE","gl_home_improvement","","","0","","","","","","","","30","0","0","0","0","","0","0","0","0","1","0","","","","","","","","","","","","","","","","","","","","","","","2026-08-10","30","1","0","0","","N","","",""
"2026-08-13","DJM266287","X002MJOZQP","B0H6JS4T3C","KSEWJP 6er Pack Haarkämme für Damen, Französische Haarschmuck, Kunststoff Seitenkamm mit Twist Design für Hochzeit und Alltag (Schwarz, Dunkelbraun, Kaffee)","New","13","17","0","30","0","0","0","0","0","EUR","","","","","Low traffic","5.89","0.0","5.89","0.0","Advertise listing","","","0","0","","0.0","1.0E-4","cubic meter","Standard","0.0013","DE","gl_beauty","","","0","","","","","","","","30","0","0","0","0","","0","0","0","0","0","0","","","","","","","","","","","","","","","","","","","","","","","2026-08-10","30","0","0","0","","N","","",""
"2026-08-13","DJM26699","X002MFLM4R","B0H5QHT2GX","KSEWJP 2 Stück Schmetterling Haarklammern, Niedliche Haarspangen mit Perlen Juwel Design, Große Elegante Klaue Clips für Damen, Mode Haar-Accessoires für Dickes und Dünnes Haar, Rosa/Weiß","New","29","0","0","29","0","0","0","0","0","EUR","","","","","Low traffic","8.99","0.0","8.99","0.0","Advertise listing","","","0","0","","0.0","1.0E-4","cubic meter","Standard","0.0029","DE","gl_beauty","","","0","","","","","","","","29","0","0","0","0","","0","0","0","0","0","0","","","","","","","","","","","","","","","","","","","","","","","2026-08-10","29","0","0","0","","N","","",""
"2026-08-13","DJM26658","X002MEUG6D","B0H5BB4R6X","KSEWJP 10 Stück Klebehaken Transparent, Durchsichtige Klebehaken Klein, Wandmontage Klebehaken Für Bad Küche Büro Schlafzimmer Deko","New","29","0","0","29","0","0","0","0","0","EUR","","","","","Low traffic","4.76","0.0","4.76","0.0","Advertise listing","","","0","0","","0.0","1.0E-4","cubic meter","Standard","0.0029","DE","gl_home_improvement","","","0","","","","","","","","29","0","0","0","0","","0","0","0","0","0","0","","","","","","","","","","","","","","","","","","","","","","","2026-08-10","29","0","0","0","","N","","",""
"2026-08-13","DJM26697","X002MFN8M1","B0H5QFHNBB","KSEWJP Kaschmir-Kamm 3 Stück, Manueller Fusselentferner für Wolle Stoffe Kleidung, Lint Werkzeug Pinsel für Pullover Tücher Schals Mäntel Decken","New","30","0","0","30","0","0","0","0","0","EUR","","","","","Low traffic","5.99","0.0","5.99","0.0","Advertise listing","","","0","0","","0.0","1.0E-4","cubic meter","Standard","0.003","DE","gl_home","","","0","","","","","","","","30","0","0","0","0","","0","0","0","0","0","0","","","","","","","","","","","","","","","","","","","","","","","2026-08-10","30","0","0","0","","N","","",""
"2026-08-13","DJM266387","X002MO0GMH","B0H6FMXVQL","KSEWJP 120 Stück Selbstklebende Fotoecken, Rindslederfarbe Foto Klebepads für Bilder, Alben, Scrapbook, DIY Basteln, Randaufkleber für Kunstwerke Karten Fotowand Dekoration","New","21","9","0","30","0","0","0","0","0","EUR","","","","","Low traffic","4.99","0.0","4.99","0.0","Advertise listing","","","0","0","","0.0","1.0E-4","cubic meter","Standard","0.0021","DE","gl_furniture","","","0","","","","","","","","30","0","0","0","0","","0","0","0","0","0","0","","","","","","","","","","","","","","","","","","","","","","","2026-08-10","30","0","0","0","","N","","",""
"2026-08-13","DJM266181","X002MGANUP","B0H67LS5Z2","KSEWJP 5-Punkt-Sicherheitsgurt, Universal Ersatz-Sicherheitsgurt für Hochstühle Transportwagen Sitze, Verstellbarer Gurt aus Reißfestem Nylon","New","28","0","0","28","0","0","0","0","0","EUR","2","2","2","2","Low traffic","6.99","0.0","6.99","0.0","Advertise listing","","","0","0","","0.14","1.0E-4","cubic meter","Standard","0.0028","DE","gl_baby_product","28303","240","0","56","182","","11.74","11.74","11.74","11.74","28","0","0","0","0","","0","0","0","0","0","0","","","","","","","","","","","","","","","","","","","","","","","2026-08-10","28","0","0","0","240","N","","",""
"2026-08-13","DJM266187","X002MCYIMN","B0H55L343Y","KSEWJP 2 Stück Chiffon Haargummis mit Schleife, Elastische Bowknot Scrunchies Rot, Kaninchenohren Form Haaraccessoires für Damen, Weiche Haargummis für Alle Haartypen","New","30","0","0","30","0","0","0","0","0","EUR","","","","","Low traffic","4.98","0.0","4.98","0.0","Advertise listing","","","0","0","","0.0","1.0E-4","cubic meter","Standard","0.003","DE","gl_beauty","","","0","","","","","","","","30","0","0","0","0","","0","0","0","0","0","0","","","","","","","","","","","","","","","","","","","","","","","2026-08-10","30","0","0","0","","N","","",""
"2026-08-13","DJM266198","X002MD03YT","B0H55H4WN4","KSEWJP 5 Stück Unsichtbare Reißverschlüsse 40cm, Nylon Nähreißverschlüsse Weiß mit Metallteil, Nicht Teilbar für Kleidung Hosen Kissen Taschen Kissenbezüge Nähzubehör","New","28","0","0","28","0","0","0","0","0","EUR","1","2","2","2","Low traffic","5.49","0.0","5.49","0.0","Advertise listing","","","0","0","","0.14","1.0E-4","cubic meter","Standard","0.0028","DE","gl_home","414502","366","0","56","182","5.49","4.61","9.22","9.22","9.22","28","0","0","0","0","","0","0","0","0","0","0","","","","","","","","","","","","","","3","","0","","","","","","","2026-08-10","28","0","0","0","366","N","","",""
"2026-08-13","DJM266165","X002M9PZ5Z","B0H4YYBRJB","KSEWJP 12 Stück Saugnäpfe mit Gewinde 45mm, Starke Transparente PVC Saugnäpfe mit Rändelmutter für Camping Wohnwagen Wohnmobil Vorzelte Aquarium Auto Zubehör","New","30","0","0","30","0","0","0","0","0","EUR","","","","","Low traffic","10.39","0.0","10.39","0.0","Advertise listing","","","0","0","","0.0","1.0E-4","cubic meter","Standard","0.003","DE","gl_automotive","","","0","","","10.39","","","","","30","0","0","0","0","","0","0","0","0","0","0","","","","","","","","","","","","","","","","","","","","","","","2026-08-10","30","0","0","0","","N","","",""
"2026-08-13","DJM266225","X002MC7G6D","B0H5896GS5","KSEWJP 2er-Pack Abflusssieb Edelstahl, Verstopfungsschutz für Küchenspüle Waschbecken, Spülensieb mit Griff, 11 x 7 x 2 cm","New","30","0","0","30","0","0","0","0","0","EUR","","","","","Low traffic","8.59","0.0","8.59","0.0","Advertise listing","","","0","0","","0.0","1.0E-4","cubic meter","Standard","0.003","DE","gl_home","","","0","","","","","","","","30","0","0","0","0","","0","0","0","0","0","0","","","","","","","","","","","","","","","","","","","","","","","2026-08-10","30","0","0","0","","N","","",""
"2026-08-13","DJM266133","X002MO0FHN","B0H6BNRKNQ","KSEWJP Haustier Tablettenfütterer, Pillen Feeder für Hunde und Katzen, Einhand Medikamentenverabreicher, Tabletten Injektor zur stressfreien Medikamentengabe","New","30","0","0","30","0","0","0","0","0","EUR","","","","","Low traffic","6.99","0.0","6.99","0.0","Advertise listing","","","0","0","","0.0","1.0E-4","cubic meter","Standard","0.003","DE","gl_pet_products","","","0","","","6.99","","","","","30","0","0","0","0","","0","0","0","0","0","0","","","","","","","","","","","","","","","","","","","","","","","2026-08-10","30","0","0","0","","N","","",""
"2026-08-13","DJM266182","X002MHUFV1","B0H6DHJGZB","KSEWJP 2 Stück Kegelförmiges Cocktailsieb aus Edelstahl, 2 Größen Feinmaschiges Küchensieb mit Griff, Teesieb für Cocktails, Tee, Mehl, Gewürze & Kräuter","New","30","0","0","30","0","0","0","0","0","EUR","","","","","Low traffic","10.99","0.0","10.99","0.0","Advertise listing","","","0","0","","0.0","0.002197","cubic meter","Standard","0.065915","DE","gl_home","","","0","","","","","","","","30","0","0","0","0","","0","0","0","0","0","0","","","","","","","","","","","","","","","","","","","","","","","2026-08-10","30","0","0","0","","N","","",""
"2026-08-13","DJM266337","X002MJPREJ","B0H6JH2XXL","KSEWJP 3 Stück DC 5,5 x 2,1 mm Buchse auf Buchse Adapter, DC Kupplungsadapter für CCTV, Elektronikgeräte, Auto-Audio und Tragbare Geräte","New","23","7","0","30","0","0","0","0","0","EUR","","","","","Low traffic","5.99","0.0","5.99","0.0","Advertise listing","","","0","0","","0.0","1.0E-4","cubic meter","Standard","0.0023","DE","gl_electronics","","","0","","","","","","","","30","0","0","0","0","","0","0","0","0","0","0","","","","","","","","","","","","","","","","","","","","","","","2026-08-10","30","0","0","0","","N","","",""
"2026-08-13","DJM266286","X002MKX993","B0H6LZKLVH","KSEWJP Diamantbit Flamme (Roter Ring) Nagelfräser Aufsatz, Maniküre Pediküre Schleifaufsatz für Elektrische Nagelfräser, Fein Abrasion, Passend für 2.35mm Geräte, FA10R023/10","New","13","17","0","30","0","0","0","0","0","EUR","","","","","Low traffic","4.75","0.0","4.75","0.0","Advertise listing","","","0","0","","0.0","1.0E-4","cubic meter","Standard","0.0013","DE","gl_beauty","","","0","","","","","","","","30","0","0","0","0","","0","0","0","0","0","0","","","","","","","","","","","","","","","","","","","","","","","2026-08-10","30","0","0","0","","N","","",""
"2026-08-13","DJM266244","X002MCXP5T","B0H58FXCFR","KSEWJP Gestrickte Skimaske Winter Sturmhaube mit 2 Löchern, Elastische Ski Gesichtsabdeckung für Erwachsene, Ideal für Outdoor Aktivitäten wie Skifahren & Radfahren","New","30","0","0","30","0","0","0","0","0","EUR","","","","","Low traffic","6.99","0.0","6.99","0.0","Advertise listing","","","0","0","","0.0","0.002545","cubic meter","Apparel","0.076346","DE","gl_apparel","","","0","","","","","","","","30","0","0","0","0","","0","0","0","0","0","0","","","","","","","","","","","","","","","","","","","","","","","2026-08-10","30","0","0","0","","N","","",""
"2026-08-13","DJM266166","X002M9SQWJ","B0H4ZM7Z7Y","KSEWJP Flaschenhalter Fahrrad, 360 Grad Rotation Ohne Werkzeug Universeller Getränkehalter für Trinkflasche, Fahrräder, Mountainbike, Kinderwagen, Rollstuhl, Schwarz","New","30","0","0","30","0","0","0","0","0","EUR","","","","","Low traffic","8.35","0.0","8.35","0.0","Advertise listing","","","0","0","","0.0","1.0E-4","cubic meter","Standard","0.003","DE","gl_automotive","","","0","","","","","","","","30","0","0","0","0","","0","0","0","0","0","0","","","","","","","","","","","","","","","","","","","","","","","2026-08-10","30","0","0","0","","N","","",""
"2026-08-13","DJM266384","X002MO0FDR","B0H6G2RYM3","KSEWJP 2 Stück Wimpernkamm Lash Lift Tool Kit Edelstahl Wimpernlifting Seperator Professionelles Wimpernbürste Lash Lift Zubehör Metall Wimperntrenn Werkzeug Gold und Silber","New","29","2","0","30","0","0","0","0","0","EUR","","","","","Low traffic","6.99","0.0","6.99","0.0","Advertise listing","","","0","0","","0.0","1.0E-4","cubic meter","Standard","0.0029","DE","gl_beauty","","","0","","","","","","","","30","0","0","0","0","","0","0","0","0","0","0","","","","","","","","","","","","","","","","","","","","","","","2026-08-10","31","0","0","0","","N","","",""
"2026-08-13","DJM266261","X002MO5VFT","B0H67BW74H","KSEWJP Seidenhaube für Männer und Frauen, Verstellbare Satin Schlafmütze mit Elastischem Band, Weiche Haarkappe zum Schlafen für Haarpflege, Schwarz","New","22","8","0","30","0","0","0","0","0","EUR","","","","","Low traffic","5.68","0.0","5.68","0.0","Advertise listing","","","0","0","","0.0","1.0E-4","cubic meter","Standard","0.0022","DE","gl_personal_care_appliances","","","0","","","","","","","","30","0","0","0","0","","0","0","0","0","0","0","","","","","","","","","","","","","","","","","","","","","","","2026-08-10","30","0","0","0","","N","","",""
"2026-08-13","DJM266139","X002MI1UI7","B0H6B36WJG","KSEWJP 4 Stück Metall Nähfingerhüte, Fingerschutz zum Nähen Quilten Stickerei, DIY Nähwerkzeug für Handnähen Handarbeiten,","New","30","0","0","30","0","0","0","0","0","EUR","","","","","Low traffic","4.89","0.0","4.89","0.0","Advertise listing","","","0","0","","0.0","1.0E-4","cubic meter","Standard","0.003","DE","gl_home","","","0","","","","","","","","30","0","0","0","0","","0","0","0","0","0","0","","","","","","","","","","","","","","","","","","","","","","","2026-08-10","30","0","0","0","","N","","",""
"2026-08-13","DJM266274","X002M9KRZN","B0H4ZLHCYK","KSEWJP Goldene Haarspange Metall, Minimalistische Schnappspange, Elegant Haarclip für Damen, Stabiler Haargummi Ersatz für Dutt & Halblange Haare, Boho Haargummi Ersatz für Alltag Büro Feier","New","30","0","0","30","0","0","0","0","0","EUR","","","","","Low traffic","8.99","0.0","8.99","0.0","Advertise listing","","","0","0","","0.0","1.0E-4","cubic meter","Standard","0.003","DE","gl_beauty","","","0","","","","","","","","30","0","0","0","0","","0","0","0","0","0","0","","","","","","","","","","","","","","","","","","","","","","","2026-08-10","30","0","0","0","","N","","",""
"2026-08-13","DJM26623","X002MCJIAZ","B0H4ZRJW1T","KSEWJP Teigschneider aus Edelstahl, Manuelle Nudelmaschine, Pasta Maker für die Herstellung von Spaghetti und Nudeln, Küchenwerkzeug","New","24","0","0","24","0","0","0","0","0","EUR","","","","","Low traffic","7.88","0.0","7.88","0.0","Advertise listing","","","0","0","","0.0","1.0E-4","cubic meter","Standard","0.0024","DE","gl_home","","","0","","","","","","","","24","0","0","0","0","","0","0","0","0","6","0","","","","","","","","","","","","","","","","","","","","","","","2026-08-10","24","6","0","0","","N","","",""
"2026-08-13","DJM266189","X002MC40Z3","B0H553X6W1","KSEWJP Christophorus Schlüsselanhänger Silber 30 mm Einheitsgröße, Praktischer Medaillen-Anhänger aus Metall, Vielseitiger Reiseanhänger für Schlüssel Tasche und Gepäck, Unisex Klassischer Accessoire","New","30","0","0","30","0","0","0","0","0","EUR","","","","","Low traffic","6.79","0.0","6.79","0.0","Advertise listing","","","0","0","","0.0","2.2E-5","cubic meter","Apparel","6.69E-4","DE","gl_apparel","","","0","","","","","","","","30","0","0","0","0","","0","0","0","0","0","0","","","","","","","","","","","","","","","","","","","","","","","2026-08-10","30","0","0","0","","N","","",""
"2026-08-13","DJM26633","X002MO5POL","B0H69R4MY9","KSEWJP Flache Schnürsenkel 8mm Breit, Hochwertige Ersatz Schuhbänder für Turnschuhe, Sneaker, Sport- und Freizeitschuhe, Mehrere Längen & Farben erhältlich","New","25","1","0","30","0","0","0","0","0","EUR","","","","","Low traffic","5.99","0.0","5.99","0.0","Advertise listing","","","0","0","","0.0","1.0E-4","cubic meter","Footwear","0.0025","DE","gl_shoes","","","0","","","","","","","","30","0","0","0","0","","0","0","0","0","1","0","","","","","","","","","","","","","","","","","","","","","","","2026-08-10","26","1","0","0","","N","","",""
"2026-08-13","DJM26604","X002MD89P9","B0H4Z6YMWC","KSEWJP Leere Puderdosen mit Spiegel und Puderquasten, 2 Stück wiederverwendbarer Lose-Puder-Behälter aus Kunststoff in Rosa & Silber für Reise und tägliche Make-up-Anwendung","New","29","0","0","29","0","0","0","0","0","EUR","0","1","1","1","Low traffic","6.39","0.0","6.39","0.0","Advertise listing","","","0","0","","0.07","1.0E-4","cubic meter","Standard","0.0029","DE","gl_beauty","208479","97","0","116","377","6.39","0.0","5.37","5.37","5.37","29","0","0","0","0","","0","0","0","0","0","0","","","","","","","","","","","","","325.0","","","","","2026-08-10","Yes","No","325.0","325.0","2026-08-10","29","0","0","0","97","N","","",""
"2026-08-13","DJM266185","X002MD2YHD","B0H54Z5SF7","KSEWJP 2 Stück Seiden Durag Unisex Langschwanz Kopftuch mit breiten Gurten Hip-Hop Piraten Bandana Schwarz-Weiß Einheitsgröße","New","30","0","0","30","0","0","0","0","0","EUR","","","","","Low traffic","6.89","0.0","6.89","0.0","Advertise listing","","","0","0","","0.0","6.37E-4","cubic meter","Standard","0.019095","DE","gl_beauty","","","0","","","","","","","","30","0","0","0","0","","0","0","0","0","0","0","","","","","","","","","","","","","","","","","","","","","","","2026-08-10","30","0","0","0","","N","","",""
"2026-08-13","DJM266312","X002MKKHKR","B0H6JFF3S8","KSEWJP 10 Stück Seifensäckchen, Natürliche Sisal Seifentaschen, Bio Seifenbeutel mit Kordelzug zum Aufhängen, Schaumbildung und Trocknung, 9,5 x 13,5 cm, Beige","New","30","0","0","30","0","0","0","0","0","EUR","","","","","Low traffic","9.99","0.0","9.99","0.0","Advertise listing","","","0","0","","0.0","1.0E-4","cubic meter","Standard","0.003","DE","gl_drugstore","","","0","","","","","","","","30","0","0","0","0","","0","0","0","0","0","0","","","","","","","","","","","","","","","","","","","","","","","2026-08-10","30","0","0","0","","N","","",""
"2026-08-13","DJM26675","X002MD2K5J","B0H58DNR24","KSEWJP Sport Bandana Kopftuch, Einheitsgröße Kompressions Biker Mütze aus Polyester, Atmungsaktiv Schnelltrocknend Feuchtigkeitsableitend, Schwarz für Wandern Radfahren Laufen Motorradfahren Outdoor","New","30","0","0","30","0","0","0","0","0","EUR","","","","","Low traffic","6.7","0.0","6.7","0.0","Advertise listing","","","0","0","","0.0","1.0E-4","cubic meter","Apparel","0.003","DE","gl_apparel","","","0","","","6.76","","","","","30","0","0","0","0","","0","0","0","0","0","0","","","","","","","","","","","","","","","","","","","","","","","2026-08-10","30","0","0","0","","N","","",""
"2026-08-13","DJM266171","X002MI18JN","B0H6DGPM98","KSEWJP 2 Stück Durchsichtige PVC Kosmetiktasche, wasserdichte Kulturtasche mit Reißverschluss, Transparente Reise Kosmetikbeutel für Damen, 20 x 8 x 4 cm","New","30","0","0","30","0","0","0","0","0","EUR","","","","","Low traffic","6.29","0.0","6.29","0.0","Advertise listing","","","0","0","","0.0","1.0E-4","cubic meter","Standard","0.003","DE","gl_luggage","","","0","","","","","","","","30","0","0","0","0","","0","0","0","0","0","0","","","","","","","","","","","","","","","","","","","","","","","2026-08-10","30","0","0","0","","N","","",""
"2026-08-13","DJM26630","X002MCZB51","B0H5591SM8","KSEWJP Polyester Nähgarn Schwarz 2 Spulen je 100m insgesamt 200m, Hand- und Maschinennähfaden für Jeans Segeltuch Quilten Reparatur","New","28","0","0","28","0","0","0","0","0","EUR","1","2","2","2","Low traffic","3.99","0.0","3.99","0.0","Advertise listing","","","0","0","","0.14","1.0E-4","cubic meter","Standard","0.0028","DE","gl_office_product","412465","366","0","56","182","3.99","3.35","6.7","6.7","6.7","28","0","0","0","0","","0","0","0","0","0","0","","","","","","","","","","","","","326.0","3","","0","","2026-08-10","Yes","No","326.0","326.0","2026-08-10","28","0","0","0","366","N","","",""
"2026-08-13","DJM266248","X002MHXTOV","B0H6D81D7D","KSEWJP Billard Kreidehalter,Chalk Bag Billard,Snooker Kreidehalter,Kreidehalter Billard,Snooker Pool Billard Queue Kreidehalter,Snooker Billard Kreidehalter Tasche Pu Leder Portable Pouch","New","30","0","0","30","0","0","0","0","0","EUR","","","","","Low traffic","7.59","0.0","7.59","0.0","Advertise listing","","","0","0","","0.0","1.0E-4","cubic meter","Standard","0.003","DE","gl_sports","","","0","","","","","","","","30","0","0","0","0","","0","0","0","0","0","0","","","","","","","","","","","","","","","","","","","","","","","2026-08-10","30","0","0","0","","N","","",""
"2026-08-13","DJM26672","X002MD04GL","B0H582CM8R","KSEWJP Schwimmkappe Damen Turban Badekappe Ohrenschutz rutschfest Elastisch Retro Schwimmhaube für Lange Kurze Haare Frauen Mädchen","New","29","0","0","29","0","0","0","0","0","EUR","","","","","Low traffic","10.99","0.0","10.99","0.0","Advertise listing","","","0","0","","0.0","1.0E-4","cubic meter","Standard","0.0029","DE","gl_sports","","","0","","","","","","","","29","0","0","0","0","","0","0","0","0","0","0","","","","","","","","","","","","","","","","","","","","","","","2026-08-10","29","0","0","0","","N","","",""
"2026-08-13","DJM266324","X002MNYEWL","B0H67GQFNZ","KSEWJP 2 Stück Schablonen-Set aus Kunststoff, transparente grüne Kreisschablone & geometrische Zeichenschablone zum Zeichnen und Messen","New","9","21","0","30","0","0","0","0","0","EUR","","","","","Low traffic","6.39","0.0","6.39","0.0","Advertise listing","","","0","0","","0.0","1.0E-4","cubic meter","Standard","9.0E-4","DE","gl_office_product","","","0","","","","","","","","30","0","0","0","0","","0","0","0","0","0","0","","","","","","","","","","","","","","","","","","","","","","","2026-08-10","30","0","0","0","","N","","",""
"2026-08-13","DJM266234","X002MHXGHV","B0H6DFR6PG","KSEWJP 2 schwarze Schaumstoffverpackungen, Aluminium-Kletterverschlüsse, Multifunktions-Schnellhanger im Freien","New","30","0","0","30","0","0","0","0","0","EUR","","","","","Low traffic","8.99","0.0","8.99","0.0","Advertise listing","","","0","0","","0.0","1.0E-4","cubic meter","Standard","0.003","DE","gl_home_improvement","","","0","","","","","","","","30","0","0","0","0","","0","0","0","0","0","0","","","","","","","","","","","","","","","","","","","","","","","2026-08-10","30","0","0","0","","N","","",""
"2026-08-13","DJM266371","X002MO6UR7","B0H6FQBDT3","KSEWJP 24 Stück Wiederverwendbare Silikon Cupcake Förmchen, Bunte Muffinförmchen aus BPA-freiem Silikon, Ofen Mikrowelle Spülmaschine Geeignet","New","30","0","0","30","0","0","0","0","0","EUR","","","","","Low traffic","7.49","0.0","7.49","0.0","Advertise listing","","","0","0","","0.0","1.0E-4","cubic meter","Standard","0.003","DE","gl_home","","","0","","","","","","","","30","0","0","0","0","","0","0","0","0","0","0","","","","","","","","","","","","","","","","","","","","","","","2026-08-10","30","0","0","0","","N","","",""
"2026-08-13","DJM26662","X002MDKBOV","B0H5BPFLB5","KSEWJP 2 Stück Ballständer, Universeller Sportball Ausstellungsständer, Stabiler Ständer für Basketball Fußball Volleyball Kristallkugel, Kompakter Aufbewahrungsständer","New","30","0","0","30","0","0","0","0","0","EUR","","","","","Low traffic","7.88","0.0","7.88","0.0","Advertise listing","","","0","0","","0.0","1.0E-4","cubic meter","Standard","0.003","DE","gl_sports","","","0","","","","","","","","30","0","0","0","0","","0","0","0","0","0","0","","","","","","","","","","","","","","","","","","","","","","","2026-08-10","30","0","0","0","","N","","",""
"2026-08-13","DJM266301","X002MNYDJ5","B0H6F2NS6B","KSEWJP 2 Stück Topf-Seitengriffe, Einloch Ersatzgriffe aus Bakelit, hitzebeständig Verbrühungsschutz Griff für Töpfe und Pfannen, schwarz","New","30","0","0","30","0","0","0","0","0","EUR","","","","","Low traffic","8.99","0.0","8.99","0.0","Advertise listing","","","0","0","","0.0","1.0E-4","cubic meter","Standard","0.003","DE","gl_home_improvement","","","0","","","8.99","","","","","30","0","0","0","0","","0","0","0","0","0","0","","","","","","","","","","","","","","","","","","","","","","","2026-08-10","30","0","0","0","","N","","",""
"2026-08-13","DJM266318","X002MO7NXH","B0H67LC5Y9","KSEWJP Hochleistungs-Metallvorhanghaken 50er Pack Silber, Robuste Vorhanghaken für Gardinen, Verdunkelungsvorhänge, Bleistiftfalten, Biegefest & Rostbeständig","New","30","0","0","30","0","0","0","0","0","EUR","","","","","Low traffic","7.99","0.0","7.99","0.0","Advertise listing","","","0","0","","0.0","1.0E-4","cubic meter","Standard","0.003","DE","gl_home","","","0","","","","","","","","30","0","0","0","0","","0","0","0","0","0","0","","","","","","","","","","","","","","","","","","","","","","","2026-08-10","30","0","0","0","","N","","",""
"2026-08-13","DJM26665","X002M91PHR","B0H58GMH4Z","MNFPSJB 2 Stück Kinderwagen Haken mit Klettverschluss, Universal Taschenhalter aus ABS Kunststoff, 360° drehbar für Einkaufswagen, Rollstuhl, Fahrrad","New","30","0","0","30","0","0","0","0","0","EUR","","","","","Low traffic","6.59","0.0","6.59","0.0","Advertise listing","","","0","0","","0.0","1.0E-4","cubic meter","Standard","0.003","DE","gl_baby_product","","","0","","","","","","","","30","0","0","0","0","","0","0","0","0","0","0","","","","","","","","","","","","","","","","","","","","","","","2026-08-10","30","0","0","0","","N","","",""
"2026-08-13","DJM266164","X002M9RZMB","B0H4YXP2CS","KSEWJP 2 Stück U-förmige Französische Haarnadeln, flexible French Twist Haarspangen für Damen Frisur Styling Alltag & Festlichkeiten","New","30","0","0","30","0","0","0","0","0","EUR","","","","","Low traffic","9.99","0.0","9.99","0.0","Advertise listing","","","0","0","","0.0","1.0E-4","cubic meter","Standard","0.003","DE","gl_beauty","","","0","","","","","","","","30","0","0","0","0","","0","0","0","0","0","0","","","","","","","","","","","","","","","","","","","","","","","2026-08-10","30","0","0","0","","N","","",""
"2026-08-13","DJM266154","X002M9PWBR","B0H4ZP9C2W","KSEWJP Trockenbürste für Lymphdrainage & Peeling, Natürliches Bambus & Borsten, Ovale Form 12x6,5cm, Manuelle Körperbürste für Dusche & Bad, Geeignet für Alle Hauttypen","New","30","0","0","30","0","0","0","0","0","EUR","","","","","Low traffic","8.99","0.0","8.99","0.0","Advertise listing","","","0","0","","0.0","1.0E-4","cubic meter","Standard","0.003","DE","gl_personal_care_appliances","","","0","","","","","","","","30","0","0","0","0","","0","0","0","0","0","0","","","","","","","","","","","","","","","","","","","","","","","2026-08-10","30","0","0","0","","N","","",""
"2026-08-13","DJM266174","X002MGMRS1","B0H63P9M6K","KSEWJP 2-teiliges Möbel-Kolbenschloss Nickel, Schreibtisch Schubladenschloss mit Schlüssel, Universal Schrankverschluss für Aktenschränke, Garderoben, Vitrinen, Schreibtische, Werkzeugschränke","New","30","0","0","30","0","0","0","0","0","EUR","","","","","Low traffic","6.63","0.0","6.63","0.0","Advertise listing","","","0","0","","0.0","1.0E-4","cubic meter","Standard","0.003","DE","gl_home_improvement","","","0","","","6.63","","","","","30","0","0","0","0","","0","0","0","0","0","0","","","","","","","","","","","","","","","","","","","","","","","2026-08-10","30","0","0","0","","N","","",""
"2026-08-13","DJM266241","X002MO0JHJ","B0H6D4Q3SZ","KSEWJP Hand-Fruchtschneider hellblau, ergonomischer Hebel-Schneider für kleine Früchte, zum Schneiden von Trauben, Kirschtomaten, praktisches Küchenwerkzeug","New","20","1","0","30","0","0","0","0","0","EUR","","","","","Low traffic","10.99","0.0","10.99","0.0","Advertise listing","","","0","0","","0.0","1.0E-4","cubic meter","Standard","0.002","DE","gl_home","","","0","","","","","","","","30","0","0","0","0","","0","0","0","0","0","0","","","","","","","","","","","","","","","","","","","","","","","2026-08-10","21","0","0","0","","N","","",""
"2026-08-13","DJM266213","X002MNYDOZ","B0H6DVZG6D","KSEWJP 2 Stück Lochabdeckung für Küchenspüle, 50mm Edelstahl & ABS Wasserhahn Lochstopfen, Auslaufsicher Blanking Platte für Spüle & Waschbecken, Weiß","New","30","0","0","30","0","0","0","0","0","EUR","","","","","Low traffic","9.99","0.0","9.99","0.0","Advertise listing","","","0","0","","0.0","1.0E-4","cubic meter","Standard","0.003","DE","gl_home","","","0","","","9.99","","","","","30","0","0","0","0","","0","0","0","0","0","0","","","","","","","","","","","","","","","","","","","","","","","2026-08-10","30","0","0","0","","N","","",""
"2026-08-13","DJM26629","X002MHYX2X","B0H69S352Y","KSEWJP Wasserhahn Luftsprudler Matt, 360° drehbar Strahlregler mit 2 Strahlarten, Ersatz Brausekopf für Küchenarmaturen, Wassersparender Wasserhahn Aufsatz M22 Innengewinde, Spritzschutz Perlator für","New","30","0","0","30","0","0","0","0","0","EUR","","","","","Low traffic","10.99","0.0","10.99","0.0","Advertise listing","","","0","0","","0.0","1.0E-4","cubic meter","Standard","0.003","DE","gl_home_improvement","","","0","","","10.99","","","","","30","0","0","0","0","","0","0","0","0","0","0","","","","","","","","","","","","","","","","","","","","","","","2026-08-10","30","0","0","0","","N","","",""
"2026-08-13","DJM266295","X002MO7V93","B0H6LSKNYP","KSEWJP Leere Puderdose mit Sieb & Spiegel, nachfüllbare Lose-Puder Box mit Puderquaste und Löffel, tragbare Make-up Aufbewahrung für Fixierpuder, Rouge, ideal für Reisen","New","30","0","0","30","0","0","0","0","0","EUR","","","","","Low traffic","7.49","0.0","7.49","0.0","Advertise listing","","","0","0","","0.0","1.0E-4","cubic meter","Standard","0.003","DE","gl_beauty","","","0","","","","","","","","30","0","0","0","0","","0","0","0","0","0","0","","","","","","","","","","","","","","","","","","","","","","","2026-08-10","30","0","0","0","","N","","",""
"2026-08-13","DJM266236","X002M9LXUV","B0H588LCQM","KSEWJP Kompass Outdoor Stoßfest Wasserdicht Tragbar mit Leuchtfunktion für Camping Wandern Bergsteigen Outdoor Aktivitäten","New","30","0","0","30","0","0","0","0","0","EUR","","","","","Low traffic","6.99","0.0","6.99","0.0","Advertise listing","","","0","0","","0.0","1.0E-4","cubic meter","Standard","0.003","DE","gl_sports","","","0","","","","","","","","30","0","0","0","0","","0","0","0","0","0","0","","","","","","","","","","","","","","","","","","","","","","","2026-08-10","30","0","0","0","","N","","",""
"2026-08-13","DJM266325","X002MO0FC3","B0H67CH36H","KSEWJP Geometrische Metallbrosche, Unregelmäßige Runde Vintage Brosche für Damen Herren, Stilvolle Anstecknadel für Mantel Abendkleid, Schmuck für Hochzeit Geburtstagsfeier","New","26","0","0","30","0","0","0","0","0","EUR","","","","","Low traffic","5.59","0.0","5.59","0.0","Advertise listing","","","0","0","","0.0","1.0E-4","cubic meter","Apparel","0.0026","DE","gl_jewelry","","","0","","","","","","","","30","0","0","0","0","","0","0","0","0","0","0","","","","","","","","","","","","","","","","","","","","","","","2026-08-10","26","0","0","0","","N","","",""
"2026-08-13","DJM266168","X002MO51D1","B0H6G7CK15","KSEWJP 3 Stück PU Leder Soft Brillenetui Squeeze Top Tragbare Sonnenbrille Tasche Brillentasche für Damen Herren Schwarz One Size","New","13","16","0","28","0","0","0","0","0","EUR","","","","","Low traffic","6.99","0.0","6.99","0.0","Advertise listing","","","0","0","","0.0","1.0E-4","cubic meter","Apparel","0.0013","DE","gl_apparel","","","0","","","","","","","","28","0","0","0","0","","0","0","0","0","1","0","","","","","","","","","","","","","","","","","","","","","","","2026-08-10","29","1","0","0","","N","","",""
"2026-08-13","DJM266155","X002MHUCTL","B0H6B9VXKC","KSEWJP 4 Stück Zahnsteinentferner, Zahnpolierer zur Entfernung von Zahnbelag & Zahnverfärbungen, Sanfte Zahnreinigungsstifte für die häusliche Zahnpflege","New","30","0","0","30","0","0","0","0","0","EUR","","","","","Low traffic","5.99","0.0","5.99","0.0","Advertise listing","","","0","0","","0.0","1.0E-4","cubic meter","Standard","0.003","DE","gl_drugstore","","","0","","","5.99","","","","","30","0","0","0","0","","0","0","0","0","0","0","","","","","","","","","","","","","","","","","","","","","","","2026-08-10","30","0","0","0","","N","","",""
"2026-08-13","DJM266354","X002MO7NQT","B0H6FMZFRV","KSEWJP 2 Stück Tablettenteiler mit integriertem Tablettenausdrücker, Tragbarer Tablettenschneider für Kleine Tabletten, Präziser Pillenteiler Schluckhilfe für Medikamente","New","23","0","0","30","0","0","0","0","0","EUR","","","","","Low traffic","5.89","0.0","5.89","0.0","Advertise listing","","","0","0","","0.0","1.0E-4","cubic meter","Standard","0.0023","DE","gl_drugstore","","","0","","","","","","","","30","0","0","0","0","","0","0","0","0","1","0","","","","","","","","","","","","","","","","","","","","","","","2026-08-10","23","1","0","0","","N","","",""
"2026-08-13","DJM26643","X002MHYSS7","B0H6B1SVD1","KSEWJP Rauchverbot Aufkleber 10×5cm, Selbstklebendes Vinyl Warnschild „Rauchen & Dampfen verboten“, No Smoking No Vaping Aufkleber für Innen und Außen, 10 Stück","New","29","0","0","30","0","0","0","0","0","EUR","","","","","Low traffic","6.99","0.0","6.99","0.0","Advertise listing","","","0","0","","0.0","1.0E-4","cubic meter","Standard","0.0029","DE","gl_office_product","","","0","","","6.99","","","","","30","0","0","0","0","","0","0","0","0","0","0","","","","","","","","","","","","","","","","","","","","","","","2026-08-10","29","0","0","0","","N","","",""
"2026-08-13","DJM266309","X002MO6B21","B0H67SH3TR","KSEWJP 2 Stück Applikatorflaschen 250 ml, transparente Quetschflasche mit Spitze und Milliliterskala, Dosierflasche für Haarfärbemittel, Haaröl, Friseur & Heimgebrauch","New","30","0","0","30","0","0","0","0","0","EUR","","","","","Low traffic","7.49","0.0","7.49","0.0","Advertise listing","","","0","0","","0.0","1.0E-4","cubic meter","Standard","0.003","DE","gl_home","","","0","","","","","","","","30","0","0","0","0","","0","0","0","0","0","0","","","","","","","","","","","","","","","","","","","","","","","2026-08-10","30","0","0","0","","N","","",""
"2026-08-13","DJM266130","X002MHVSPD","B0H6BZDSSP","KSEWJP 2 Stück Silikon Reiseflaschen 200ml, nachfüllbar Kosmetik Behälter mit Klappdeckel, auslaufsicher Reise Flaschen für Shampoo Duschgel Gesichtsreiniger","New","28","0","0","28","0","0","0","0","0","EUR","2","2","2","2","Low traffic","7.19","0.0","7.19","0.0","Advertise listing","","","0","0","","0.14","0.001573","cubic meter","Standard","0.044053","DE","gl_beauty","101500","157","0","56","182","7.19","12.08","12.08","12.08","12.08","28","0","0","0","0","","0","0","0","0","0","0","","","","","","","","","","","","","238.0","","","","","2026-08-10","Yes","No","238.0","238.0","2026-08-10","28","0","0","0","157","N","","",""
"2026-08-13","DJM266172","X002MO5RMB","B0H6F1BQ3C","KSEWJP 8 Stück L-förmiger Eckenschutz, Transparenter PVC Kantenschutz für Möbel, Stoßdämpfender Ecken-Schutz für Tische, Schränke & scharfe Kanten, 41 x 41 x 14 mm","New","29","1","0","30","0","0","0","0","0","EUR","","","","","Low traffic","5.99","0.0","5.99","0.0","Advertise listing","","","0","0","","0.0","1.0E-4","cubic meter","Standard","0.0029","DE","gl_home","","","0","","","","","","","","30","0","0","0","0","","0","0","0","0","0","0","","","","","","","","","","","","","","","","","","","","","","","2026-08-10","30","0","0","0","","N","","",""
"2026-08-13","DJM26680","X002MHXR39","B0H69XJFFX","KSEWJP Entlötpumpe 2 Stück antistatisch mit Teflonspitze, robuste Lötabsaugpumpe aus Aluminiumlegierung für Werkstatt, Labor, Schule und Heimgebrauch","New","30","0","0","30","0","0","0","0","0","EUR","","","","","Low traffic","6.99","0.0","6.99","0.0","Advertise listing","","","0","0","","0.0","8.3E-4","cubic meter","Standard","0.024899","DE","gl_home_improvement","","","0","","","","","","","","30","0","0","0","0","","0","0","0","0","0","0","","","","","","","","","","","","","","","","","","","","","","","2026-08-10","30","0","0","0","","N","","",""
"2026-08-13","DJM266299","X002MI2I1Z","B0H6DZMVTR","Tablettenbox 7 Tage, Großen Medikamentenbox Pillendose Deutsch, BPA-freier tragbarer Pillenbox für Fischöl, Medikamente, Vitamine,Nahrungsergänzungsmittel (Schwarz)","New","30","0","0","30","0","0","0","0","0","EUR","","","","","Low traffic","5.43","0.0","5.43","0.0","Advertise listing","","","0","0","","0.0","1.0E-4","cubic meter","Standard","0.003","DE","gl_drugstore","","","0","","","5.43","","","","","30","0","0","0","0","","0","0","0","0","0","0","","","","","","","","","","","","","","","","","","","","","","","2026-08-10","30","0","0","0","","N","","",""
"2026-08-13","DJM266127","X002MEBURH","B0H5WNN3X3","KSEWJP Große Polarisierte Sonnenbrille Damen Übergroß UV400 Klassische Trendy Brille für Reisen Fahren und Outdoor","New","30","0","0","30","0","0","0","0","0","EUR","","","","","Low traffic","16.99","0.0","16.99","0.0","Advertise listing","","","0","0","","0.0","1.0E-4","cubic meter","Footwear","0.003","DE","gl_shoes","","","0","","","","","","","","30","0","0","0","0","","0","0","0","0","0","0","","","","","","","","","","","","","","","","","","","","","","","2026-08-10","30","0","0","0","","N","","",""
