"snapshot-date","sku","fnsku","asin","product-name","condition","available","fc-transfer","pending-removal-quantity","inv-age-0-to-90-days","inv-age-91-to-180-days","inv-age-181-to-270-days","inv-age-271-to-365-days","inv-age-366-to-455-days","inv-age-456-plus-days","currency","units-shipped-t7","units-shipped-t30","units-shipped-t60","units-shipped-t90","alert","your-price","sales-price","lowest-price-new-plus-shipping","lowest-price-used","recommended-action","healthy-inventory-level","recommended-sales-price","recommended-sale-duration-days","recommended-removal-quantity","estimated-cost-savings-of-recommended-actions","sell-through","item-volume","volume-unit-measurement","storage-type","storage-volume","marketplace","product-group","sales-rank","days-of-supply","estimated-excess-quantity","weeks-of-cover-t30","weeks-of-cover-t90","featuredoffer-price","sales-shipped-last-7-days","sales-shipped-last-30-days","sales-shipped-last-60-days","sales-shipped-last-90-days","inv-age-0-to-30-days","inv-age-31-to-60-days","inv-age-61-to-90-days","inv-age-181-to-330-days","inv-age-331-to-365-days","estimated-storage-cost-next-month","inbound-quantity","inbound-working","inbound-shipped","inbound-received","Total Reserved Quantity","unfulfillable-quantity","quantity-to-be-charged-ais-241-270-days","estimated-ais-241-270-days","quantity-to-be-charged-ais-271-300-days","estimated-ais-271-300-days","quantity-to-be-charged-ais-301-330-days","estimated-ais-301-330-days","quantity-to-be-charged-ais-331-365-days","estimated-ais-331-365-days","quantity-to-be-charged-ais-366-455-days","estimated-ais-366-455-days","quantity-to-be-charged-ais-456-plus-days","estimated-ais-456-plus-days","historical-days-of-supply","fba-minimum-inventory-level","fba-inventory-level-health-status","Recommended ship-in quantity","Recommended ship-in date","Last updated date for Historical Days of Supply","Exempted from Low-Inventory cost coverage fee?","Low-Inventory cost coverage fee applied in current week?","Short term historical days of supply","Long term historical days of supply","Inventory age snapshot date","Inventory Supply at FBA","Reserved FC Processing","Reserved Customer Order","Reserved Staging","Total Days of Supply (including units from open shipments)","is-seasonal-in-next-3-months","season-name","season-start-date","season-end-date"
"2026-08-13","RPALHDE155","X002H2TKQR","B0G8JW1FK6","CVNRCLP Vogelkäfig Bürste, Papageienkäfig Reinigungsbürste mit Schaufel und Ergonomischem Griff, Vogelkäfig Zubehör für die Reinigung von Vogelkäfigen","New","27","0","0","0","27","0","0","0","0","EUR","0","0","1","3","Low traffic","6.19","0.0","6.19","0.0","NoExcessInventory","0","0.0","0","0","34.54","0.14","3.6E-4","cubic meter","Standard","0.009727","DE","gl_pet_products","156786","366","27","","117","6.19","0.0","0.0","5.54","16.62","0","0","0","0","0","0.13","0","0","0","0","0","0","","","","","","","","","","","","","","5","","0","","","","","","363.6","2026-08-10","27","0","0","0","366","N","","",""
"2026-08-13","RPALHDE111","X002H1P55N","B0G7YNWRYV","Kekse Haarnadeln Mini Gefälschte Kekse Haarspangen Cartoon Haarschmuck Kreative Haarspange Für Frauen (4pcs)","New","33","0","0","30","3","0","0","0","0","EUR","0","3","7","15","Low traffic","6.59","0.0","6.59","0.0","Create Outlet deal","0","5.59","2","0","163.6","0.64","1.0E-4","cubic meter","Standard","0.0033","DE","gl_beauty","168660","194","33","84","54","6.59","0.0","16.96","40.44","87.4","0","30","0","0","0","0.08","30","30","0","0","0","0","","","","","","","","","","","","","348.7","11","","0","","2026-08-10","Yes","No","348.7","114.5","2026-08-10","63","0","0","0","366","N","","",""
"2026-08-13","RPALHDE046","X002GT02F9","B0G5K915YX","Wiederverwendbarer Weißer Jumbo-Reispaddel-Löffel – Großes Kunststoff-Servierbesteck für Reis & Kartoffeln, 25 cm","New","20","0","0","20","0","0","0","0","0","EUR","0","4","14","17","Low traffic","5.59","0.0","5.59","0.0","Create Outlet deal","0","4.39","2","0","74.46","1.33","3.07E-4","cubic meter","Standard","0.006142","DE","gl_kitchen","798449","366","0","45","34","5.59","0.0","18.8","65.17","79.0","20","0","0","0","0","0.15","25","0","25","0","0","0","","","","","","","","","","","","","52.9","9","","0","","2026-08-10","Yes","No","13.7","52.9","2026-08-10","45","0","0","0","366","N","","",""
"2026-08-13","RPALHDE165","X002H23WUR","B0G87MJZVQ","4 Stück Haarband Damen, Elastisches Sport Stirnband rutschfeste Stirnband Damen für Yoga Fitness Joggen Workout (Schwarz, Beige, Braun, Dunkelbraun)","New","19","0","0","0","19","0","0","0","0","EUR","0","3","4","4","Low traffic","5.99","0.0","5.99","0.0","Create Outlet deal","0","5.19","2","0","101.51","0.18","1.0E-4","cubic meter","Standard","0.0019","DE","gl_sports","1114995","206","19","25","61","5.99","0.0","15.09","20.12","20.12","0","0","0","0","0","0.05","0","0","0","0","0","0","","","","","","","","","","","","","502.0","2","","0","","2026-08-10","Yes","No","207.3","502.0","2026-08-10","19","0","0","0","206","Y","Holiday Season","2026-09-19","2027-02-20"
"2026-08-13","DLH251148","X002GG425N","B0G3H5D85K","CVNRCLP Damen-Baskenmütze mit Metallverschluss, Retro-Elegant, Damendekor-Hut, Schwarz","New","8","0","0","0","0","8","0","0","0","EUR","0","0","1","1","Low traffic","7.19","0.0","7.19","0.0","Create Outlet deal","0","0.0","0","0","119.92","0.12","0.001877","cubic meter","Apparel","0.01502","DE","gl_apparel","1523302","177","8","","104","7.19","0.0","0.0","6.21","6.21","0","0","0","8","0","0.28","0","0","0","0","0","0","","","","","","","","","","","","","","1","","0","","","","","","778.0","2026-08-10","8","0","0","0","177","N","","",""
"2026-08-13","DLH250935","X002EKP95D","B0FR8VHS4W","Anti-Schnarch-Kinnband Schlafapnoe – kinnmaske schlafen​mit Atmungsaktivem Design, Flexibles Gummi zur Schmerzfrei-Atmung, kinnmaske für Männer & Frauen | kinnband Schlafapnoe Stoppt Schnarc","New","20","0","0","20","0","0","0","0","0","EUR","0","0","5","6","Low traffic","4.89","0.0","4.89","0.0","NoRestockExcessActionRequired","0","0.0","0","0","87.2","0.93","6.85E-4","cubic meter","Standard","0.013703","DE","gl_drugstore","312807","366","0","","43","4.79","0.0","0.0","20.15","24.18","20","0","0","0","0","0.05","0","0","0","0","0","0","","","","","","","","","","","","","","3","","0","","","","","","42.8","2026-08-10","20","0","0","0","366","N","","",""
"2026-08-13","DLH250864","X002DPHQEB","B0FMKDHQFS","Piercingkugeln 16G 5mm Ersatzkugeln für Piercing Schmuck Chirurgenstahl Bauchnabelstangen Zungenpiercing Neun Muttern Ohrläppchen Haken Augenbrauen Industrial Piercings Lippenklappen Lippenklammern","New","0","20","0","20","0","0","0","0","0","EUR","3","5","9","10","Low traffic","3.85","0.0","3.85","0.0","CreateShippingPlan","0","0.0","0","0","94.89","0.91","1.0E-4","cubic meter","Apparel","0.0","DE","gl_jewelry","288211","218","0","0","0","3.89","9.72","16.2","29.16","32.4","20","0","0","0","0","0.05","0","0","0","0","0","0","","","","","","","","","","","","","78.8","5","","0","","2026-08-10","Yes","No","36.3","78.8","2026-08-10","20","0","0","0","218","N","","",""
"2026-08-13","RPALHDE022","X002GTS85P","B0G5PWZW2C","CVNRCLP 3pcs Mini Travel Jewelry Bags, Portable & Foldable Small Jewelry Holder Pouch with 12pcs Dust Bags Buckle Design for Women Earring Ring Necklace Organizer Case Supplies","New","15","0","0","15","0","0","0","0","0","EUR","0","0","0","2","Low traffic","7.29","0.0","7.29","0.0","Advertise listing","0","0.0","0","0","37.04","0.15","1.0E-4","cubic meter","Standard","0.0015","DE","gl_home","2609386","366","0","","97","7.29","0.0","0.0","0.0","14.28","0","15","0","0","0","0.04","0","0","0","0","0","0","","","","","","","","","","","","","","3","","0","","","","","","639.0","2026-08-10","15","0","0","0","366","N","","",""
"2026-08-13","DLH250926","X002DQ132V","B0FMNZNFBV","CVNRCLP Iron Man Sonnenbrille Europa und die Vereinigten Staaten Fashion Square Frame Spiderman mit Sonnenbrille Herren Trend Brillen Hersteller Sonnenbrillen Herren Brillen & Accessoires, rot","New","24","0","0","1","2","22","0","0","0","EUR","0","2","3","5","Low traffic","6.19","0.0","6.19","0.0","Create Outlet deal","1","5.59","2","0","57.06","0.25","1.0E-4","cubic meter","Footwear","0.0024","DE","gl_shoes","838784","222","23","48","62","6.19","0.0","10.4","15.6","27.34","1","0","0","22","0","0.04","0","0","0","0","1","0","","","","","","","","","","","","","763.0","11","","0","","2026-08-10","Yes","No","763.0","415.5","2026-08-10","24","1","0","0","236","N","","",""
"2026-08-13","RPALHDE153","X002H23847","B0G83S3R4G","CVNRCLP BNC Stecker Lötlose Steckverbinder Schraube Anschlussblock Adapter Video 2 Polig Balun Steckverbinder für CCTV Überwachungskamera DVR TV Video-5pcs (BNC Stecker)","New","15","0","0","15","0","0","0","0","0","EUR","0","6","17","20","Low traffic","6.79","0.0","6.79","0.0","NoExcessInventory","15","0.0","0","0","0.0","1.14","1.0E-4","cubic meter","Standard","0.0015","DE","gl_electronics","190862","347","0","56","55","6.79","0.0","34.24","98.81","116.85","0","15","0","0","0","0.03","70","0","70","0","0","0","","","","","","","","","","","","","89.3","21","Low stock","0","","2026-08-10","Yes","No","89.3","79.7","2026-08-10","85","0","0","0","347","N","","",""
"2026-08-13","DLH250896","X002DPKRYR","B0FMK771FK","Fahrrad-Lenkergriffe, weich, rutschfest, für Kinderfahrrad, Roller, Lenkergriffe, Gummigriffabdeckung, universelle Kinder-Fahrradgriffe für Kinder, Jungen, Mädchen","New","55","6","0","63","0","0","0","0","0","EUR","0","1","15","32","Low traffic","5.69","0.0","5.69","0.0","Advertise listing","27","4.64","15","0","42.01","2.06","1.96E-4","cubic meter","Standard","0.010781","DE","gl_outdoors","224341","366","0","540","54","5.69","0.0","4.78","71.54","151.44","63","0","0","0","0","0.15","80","40","40","0","2","1","","","","","","","","","","","","","29.0","13","","0","","2026-08-10","Yes","No","29.0","15.0","2026-08-10","141","1","1","0","366","N","","",""
"2026-08-13","RPALHDE085","X002GU8JCL","B0G5WFHS9L","2× VW Golf 7 Zubehör Schlüsselgehäuse 3 Tasten Gummi Ersatz Schlüsselhülle Cover Auto Golf 7 Polo Golf VII MQB Schlüsselanhänger Ersatz Funkschlüssel","New","24","0","0","23","2","0","0","0","0","EUR","1","6","6","8","Low traffic","5.39","0.0","5.39","0.0","Create Outlet deal","0","4.31","2","0","93.5","0.37","1.0E-4","cubic meter","Standard","0.0024","DE","gl_automotive","170278","201","24","16","39","5.39","4.53","27.18","27.18","37.58","3","20","0","0","0","0.06","0","0","0","0","0","0","","","","","","","","","","","","","219.1","1","","0","","2026-08-10","Yes","No","165.2","219.1","2026-08-10","24","0","0","0","201","N","","",""
"2026-08-13","DLH250886","X002DQE6PH","B0FMF5Z5PB","Cocktailspieße, 100 Stück, Holz-Zahnstocher, Partyzubehör, Rüschen, Fingerfood, Obst, Sandwich-Knabbereien – rosa Herzen","New","2","0","0","0","0","2","0","0","0","EUR","0","4","6","9","Low traffic","5.99","0.0","5.99","0.0","Create Outlet deal","0","5.12","2","0","10.32","1.33","1.0E-4","cubic meter","Standard","2.0E-4","DE","gl_kitchen","965859","366","0","62","89","5.99","0.0","20.12","31.05","47.86","0","0","0","2","0","0.01","60","15","45","0","0","0","","","","","","","","","","","","","64.4","7","Low stock","0","","2026-08-10","Yes","No","23.3","64.4","2026-08-10","62","0","0","0","366","N","","",""
"2026-08-13","DLH250870","X002DP4B7V","B0FMJJJPKP","Seifenhalter zum Anklippen, kompatibel mit 22 mm Stange, ABS-Schale für Dusche, 360° verstellbare Chromwanne für Küche, Badezimmer, Waschbecken (schwarz)","New","20","0","0","20","0","0","0","0","0","EUR","2","3","6","8","Low traffic","8.34","0.0","8.34","0.0","Create Outlet deal","0","6.83","2","0","134.69","1.78","1.0E-4","cubic meter","Standard","0.002","DE","gl_home","409126","224","0","26","32","8.34","14.02","21.03","42.57","56.93","20","0","0","0","0","0.05","0","0","0","0","0","1","","","","","","","","","","","","","","12","","0","","","","","","29.4","2026-08-10","20","0","0","0","224","N","","",""
"2026-08-13","RPALHDE154","X002H3A52T","B0G8SM6CW3","CVNRCLP Kettenaufhänger, Schmuckaufbewahrung, Kettenhalter, Ketten Aufbewahrung Hängend, Schmuckhalter Wand, Schmuck Organizer für Halsketten, Armbänder (Transparentes Acryl, 2PCS)","New","34","0","0","20","14","0","0","0","0","EUR","0","0","3","6","Low traffic","7.35","0.0","7.35","0.0","Create Outlet deal","8","6.04","2","0","45.47","0.29","1.0E-4","cubic meter","Standard","0.0034","DE","gl_home","1101770","342","26","","73","7.35","0.0","0.0","19.02","38.25","20","0","0","0","0","0.08","0","0","0","0","0","0","","","","","","","","","","","","","461.0","2","","0","","2026-08-10","Yes","No","461.0","289.0","2026-08-10","34","0","0","0","342","N","","",""
"2026-08-13","RPALHDE099","X002GTBF2X","B0G5PFBPXP","2 Stück Textur Kamm Volumen Kamm Mit Styling Zahnkamm Für Pflege Volumen Für Die Haarwurzeln Mit Ponyansatz Pflegen,Lifting Haarwurzeln Haarbürste für Männer und Frauen","New","20","0","0","0","21","0","0","0","0","EUR","1","5","8","8","Low traffic","4.39","0.0","4.39","0.0","Create Outlet deal","0","3.51","2","0","81.03","0.29","0.002009","cubic meter","Standard","0.040182","DE","gl_beauty","152038","118","20","16","32","4.39","3.69","18.45","30.86","30.86","0","0","0","0","0","0.05","0","0","0","0","1","1","","","","","","","","","","","","","299.0","3","","0","","2026-08-10","Yes","No","142.4","299.0","2026-08-10","20","0","1","0","124","N","","",""
"2026-08-13","RPALHDE055","X002GTLP3R","B0G5PYCW69","CVNRCLP Fish Key Ring, Gift for Fishing Lovers, Key Ring Fishing with Engraving, Fish Pendant for Men Women, Gifts for Women for Birthday, Valentine's Day, Christmas","New","3","0","0","0","0","3","0","0","0","EUR","0","2","4","4","Low traffic","3.59","0.0","3.59","0.0","Create Outlet deal","0","2.87","2","0","49.84","0.73","1.0E-4","cubic meter","Apparel","3.0E-4","DE","gl_apparel","963116","366","23","46","74","3.59","0.0","6.04","12.24","12.24","0","0","0","3","0","0.04","20","0","20","0","0","0","","","","","","","","","","","","","129.5","3","","0","","2026-08-10","Yes","No","51.0","129.5","2026-08-10","23","0","0","0","366","N","","",""
"2026-08-13","DLH251102","X002GG6O3B","B0G3F1HB12","CVNRCLP Damen Fischerhut Sonnenhut mit breiter Krempe, Ultraleicht & Faltbar, Atmungsaktiv, Für Strand, Reise & Alltag, Weiß","New","3","0","0","2","0","1","0","0","0","EUR","0","3","12","17","Low traffic","10.79","0.0","10.79","0.0","Create Outlet deal","0","8.79","2","0","116.37","1.57","0.004516","cubic meter","Apparel","0.013549","DE","gl_apparel","735773","366","0","65","37","10.79","0.0","27.21","110.37","156.57","1","1","0","1","0","0.25","46","0","46","0","0","0","","","","","","","","","","","","","72.0","4","Low stock","0","","2026-08-10","Yes","No","72.0","60.5","2026-08-10","49","0","0","0","366","N","","",""
"2026-08-13","RPALHDE066","X002GWNDOD","B0G6BC1BN5","CVNRCLP Saugnapf-haken-clip-halter 5 Stück Saugnapf Mit Klemmen Für Aquarium Haken Clip Halter Parkscheinhalter Multifunktions-clip Für Glaswand Für Bad Büro Küche ﻿","New","55","1","0","56","0","0","0","0","0","EUR","8","16","36","63","Low traffic","7.09","0.0","7.09","0.0","Create Outlet deal","0","5.67","2","0","237.98","1.74","1.0E-4","cubic meter","Standard","0.005499","DE","gl_home_improvement","415382","104","0","13","11","7.15","47.68","95.36","214.56","375.48","41","1","14","0","0","0.14","0","0","0","0","0","0","","","","","","","","","","","","","60.9","35","","0","","2026-08-10","Yes","No","60.9","49.6","2026-08-10","56","0","0","0","104","N","","",""
"2026-08-13","RPALHDE071","X002GSZBV5","B0G5LTS8YH","CVNRCLP 2pcs Tennis SchlüSselanhäNger Tennis Geschenke, Tennisball SchlüSselanhäNgers, Taschen AnhäNger, Handball SchlüSselanhäNger MäNner, Tennis ZubehöR Herren, Leichtathletik Geschenke","New","13","0","0","13","0","0","0","0","0","EUR","0","2","3","3","Low traffic","4.69","0.0","4.69","0.0","Create Outlet deal","0","3.75","2","0","81.59","0.25","1.0E-4","cubic meter","Apparel","0.0013","DE","gl_apparel","927251","366","0","26","56","4.69","0.0","7.88","12.33","12.33","0","13","0","0","0","0.02","0","0","0","0","0","0","","","","","","","","","","","","","411.3","1","","0","","2026-08-10","Yes","No","232.5","411.3","2026-08-10","13","0","0","0","366","N","","",""
"2026-08-13","DLH250862","X002DP5J4Z","B0FMJCYHRV","CVNRCLP Personalisiertes Herren-Armband aus Titanstahl, Instrument, Leder, Hip-Hop-Musik, Windgitarre, Schmuck","New","20","0","0","20","0","0","0","0","0","EUR","0","2","5","10","Low traffic","5.99","0.0","5.99","0.0","Advertise listing","0","0.0","0","0","78.66","0.53","1.0E-4","cubic meter","Apparel","0.002","DE","gl_jewelry","608622","327","0","80","52","6.04","0.0","10.06","26.34","54.72","0","20","0","0","0","0.05","20","20","0","0","0","0","","","","","","","","","","","","","255.0","4","","0","","2026-08-10","Yes","No","255.0","151.4","2026-08-10","40","0","0","0","366","N","","",""
"2026-08-13","DLH250936","X002EKGAVF","B0FR8JVKQZ","Gegen Schnarchen Chin Strap, Schnarchgerät Zur Schnarchreduzierung, kinnriemen schnarchen, anti schnarch Chin Strap Hilfe zur Schnarchreduzierung für Frauen und Männer, Pink","New","17","0","0","0","17","0","0","0","0","EUR","0","1","3","5","Low traffic","5.89","0.0","5.89","0.0","NoRestockExcessActionRequired","0","0.0","0","0","35.91","0.25","1.0E-4","cubic meter","Standard","0.0017","DE","gl_drugstore","221058","271","32","128","83","5.89","0.0","4.95","15.53","26.11","0","0","0","0","0","0.04","15","0","15","0","0","2","","","","","","","","","","","","","527.0","8","","0","","2026-08-10","Yes","No","527.0","269.6","2026-08-10","32","0","0","0","271","N","","",""
"2026-08-13","DLH250931","X002EJUW0V","B0FR4YCJ66","Abflusssieb küchenspüle 79,3mm - Siebkörbchen mit Höhenverstellbar - Waschbecken sieb - Spülbecken Abflussstopfen","New","19","0","0","19","0","0","0","0","0","EUR","1","8","12","19","Low traffic","4.39","0.0","4.39","0.0","Create Outlet deal","0","3.83","2","0","79.52","1.21","1.0E-4","cubic meter","Standard","0.0019","DE","gl_home","745997","97","0","9","13","4.39","3.69","29.86","45.98","75.17","19","0","0","0","0","0.05","0","0","0","0","0","0","","","","","","","","","","","","","63.5","2","","0","","2026-08-10","Yes","No","18.3","63.5","2026-08-10","19","0","0","0","97","N","","",""
"2026-08-13","RPALHDE004","X002GVO1TP","B0G64HSG5Z","Pack of 12 Zip Zipper, Metal Fix Zipper, Universal Zipper Pull Fixer Repair Kit, Removable Zip Repair Kit for Clothes, Bed Train, Luggage, Backpacks and Suitcases","New","6","0","0","0","6","0","0","0","0","EUR","0","3","3","3","Low traffic","4.19","0.0","4.19","0.0","Create Outlet deal","0","0.0","0","0","32.89","0.33","1.0E-4","cubic meter","Standard","6.0E-4","DE","gl_home","892783","366","35","46","151","4.19","0.0","10.9","10.9","10.9","0","0","0","0","0","0.02","29","0","29","0","0","0","","","","","","","","","","","","","276.8","1","","0","","2026-08-10","Yes","No","67.0","276.8","2026-08-10","35","0","0","0","366","N","","",""
"2026-08-13","DLH250842","X002DQ229T","B0FMNN12M9","CVNRCLP Universal-Werkzeug zum Entfernen von Golfschuhen, Schwarz, 4 Stück, Handschlüssel für zweipolige Golf- und Cricketschuhe, einfaches Spike-Wechselwerkzeug","","0","0","0","1","0","0","0","0","0","EUR","","","","","","0.0","0.0","0.0","0.0","NoRestockExcessActionRequired","","","0","0","","0.0","1.0E-4","cubic meter","Standard","0.0","DE","gl_home_improvement","","","0","","","5.49","","","","","0","1","0","0","0","","0","0","0","0","0","0","","","","","","","","","","","","","","","","","","","","","","","2026-08-10","0","0","0","0","","N","","",""
"2026-08-13","RPALHDE003","X002GSQRT5","B0G5JHV95C","Sauce Spoon Stainless Steel Set of 2 Gravy Boat Spoons Made of Rustproof 304 Material with Pouring Spout and Hanging Loop Dishwasher Safe for Sauce Soup Kitchen","New","15","0","0","0","15","0","0","0","0","EUR","0","0","0","0","Low traffic","4.79","0.0","4.79","0.0","Advertise listing","0","0.0","0","0","55.05","0.0","1.0E-4","cubic meter","Standard","0.0015","DE","gl_kitchen","2300000","366","15","","","5.07","0.0","0.0","0.0","0.0","0","0","0","0","0","0.04","0","0","0","0","0","0","","","","","","","","","","","","","","0","","0","","","","","","","2026-08-10","15","0","0","0","366","N","","",""
"2026-08-13","RPALHDE025","X002GUC3BT","B0G5XQ4CTV","2er-Pack Kinder-Fußball-Schienbeinschoner, Mini Schienbeinschoner 9.5x6 cm, Schutz für Jungen, Männer, Erwachsene","New","7","0","0","7","0","0","0","0","0","EUR","1","2","6","6","Low traffic","5.99","0.0","5.99","0.0","Create Outlet deal","0","5.11","2","0","34.36","0.63","1.0E-4","cubic meter","Standard","7.0E-4","DE","gl_sports","112879","336","0","54","58","5.99","5.03","10.06","31.88","31.88","0","0","7","0","0","0.02","20","0","20","0","0","0","","","","","","","","","","","","","292.0","11","Low stock","0","","2026-08-10","Yes","No","292.0","203.6","2026-08-10","27","0","0","0","336","N","","",""
"2026-08-13","RPALHDE083","X002GTJY71","B0G5P9FK7J","CVNRCLP Süßer Kirsch Bag Charm Damen, Taschenanhänger mit Eleganter Schleife für Handtasche Rucksack Autoschlüssel, Modisches Accessoire Schlüsselanhänger Damen Geburtstag Geschenk oder Alltag","New","19","0","0","0","19","0","0","0","0","EUR","0","0","0","2","Low traffic","5.29","0.0","5.29","0.0","Create Outlet deal","0","0.0","0","0","91.87","0.1","1.0E-4","cubic meter","Apparel","0.0019","DE","gl_apparel","1478839","366","19","","123","5.76","0.0","0.0","0.0","10.58","0","0","0","0","0","0.03","0","0","0","0","0","0","","","","","","","","","","","","","","1","","0","","","","","","865.0","2026-08-10","19","0","0","0","366","N","","",""
"2026-08-13","DLH250847","X002DQ3V21","B0FMNXQD9Q","Bambusspieße, Grillspieße, Schaschlikstäbe, Holzpaddel-Picker, Bambusspieße, flache Burger-Paddelstäbchen, Holz, Mini-Holz-Rührstäbchen, Charcuterie-Zubehör, 200 Stück","New","24","0","0","0","24","0","0","0","0","EUR","2","4","5","6","Low traffic","6.29","0.0","6.29","0.0","Create Outlet deal","0","5.03","2","0","76.12","0.18","9.15E-4","cubic meter","Standard","0.021951","DE","gl_home","189485","244","24","24","52","6.29","10.58","21.16","26.78","32.4","0","0","0","0","0","0.06","0","0","0","0","0","0","","","","","","","","","","","","","642.0","7","","0","","2026-08-10","Yes","No","410.0","642.0","2026-08-10","24","0","0","0","244","N","","",""
"2026-08-13","RPALHDE075","X002GTLGO5","B0G5PHGB6Z","- Schlüsselanhänger Medical Bag - Roter Bestickter Gepäckanhänger Kofferanhänger - Notfalltasche Erste Hilfe Tasche Medizinischer Rucksack - Outdoor Wandern SOS Notfall Schlüsselbund Tag","New","10","0","0","0","11","0","0","0","0","EUR","1","4","4","4","Low traffic","6.39","0.0","6.39","0.0","Create Outlet deal","0","5.27","2","0","45.35","0.35","1.0E-4","cubic meter","Standard","0.001","DE","gl_office_product","735784","366","40","40","130","6.39","5.37","22.16","22.16","22.16","0","0","0","0","0","0.03","30","0","30","0","1","0","","","","","","","","","","","","","261.6","2","","0","","2026-08-10","Yes","No","98.5","261.6","2026-08-10","40","0","1","0","366","N","","",""
"2026-08-13","DLH250819","X002DPGE0N","B0FMK7KNF9","CVNRCLP 6er Set Federstäbe für Katzen - Variable Farbe - Farbige Federn - Interaktives Katzenspielzeug mit Glocken für Katzen und Kätzchen","New","13","0","0","17","0","0","0","0","0","EUR","1","7","17","22","Low traffic","7.19","0.0","7.19","0.0","Create Outlet deal","0","5.75","2","0","174.21","1.24","0.001555","cubic meter","Standard","0.02021","DE","gl_pet_products","56765","198","0","33","34","7.25","6.04","42.45","103.82","133.62","1","15","1","0","0","0.51","45","15","30","0","4","0","","","","","","","","","","","","","90.0","15","Low stock","0","","2026-08-10","Yes","No","90.0","78.2","2026-08-10","58","1","3","0","309","N","","",""
"2026-08-13","DLH250893","X002DP30EV","B0FMJVK8PH","Sandelholzkamm, breiter Zahnkamm für Locken, kein statischer handgefertigter Haarkamm, hochwertiger Holzlockenkamm für Frauen (breiter Zahnkamm)","New","11","0","0","0","0","11","0","0","0","EUR","0","1","4","7","Low traffic","5.69","0.0","5.69","0.0","Create Outlet deal","0","4.71","2","0","57.55","0.47","1.0E-4","cubic meter","Standard","0.0011","DE","gl_beauty","245716","177","11","44","20","5.69","0.0","4.78","19.46","35.32","0","0","0","11","0","0.03","0","0","0","0","0","1","","","","","","","","","","","","","343.0","3","","0","","2026-08-10","Yes","No","343.0","192.6","2026-08-10","11","0","0","0","177","N","","",""
"2026-08-13","DLH250852","X002DPBF61","B0FMK923QN","Kunststoffknöpfe zum Aufnähen für Mäntel, Jacken, Strickjacken, flach, 4 Löcher, Dunkelbraun, 20 mm, 6 Stück","New","49","0","0","49","0","0","0","0","0","EUR","0","2","7","13","Low traffic","3.79","0.0","3.79","0.0","Create Outlet deal","0","3.19","2","0","95.75","0.52","1.0E-4","cubic meter","Standard","0.004899","DE","gl_office_product","649149","320","0","158","79","3.79","0.0","6.36","23.11","43.21","0","49","0","0","0","0.12","30","30","0","0","0","0","","","","","","","","","","","","","262.7","11","","0","","2026-08-10","Yes","No","262.7","149.2","2026-08-10","79","0","0","0","366","N","","",""
"2026-08-13","RPALHDE015","X002GU6009","B0G5X44PQB","5 Bögen/110 Stück Farbverlauf Glitter Zehennagelsticker 3D Glanz Gel Nagelfolie für Zehennägel Selbstklebende Nageldesign Kunst","New","64","40","0","66","0","0","0","0","0","EUR","2","15","25","34","Low traffic","5.19","0.0","5.19","0.0","NoExcessInventory","0","0.0","0","0","18.68","1.2","1.0E-4","cubic meter","Standard","0.006399","DE","gl_home","90411","348","0","30","43","5.23","8.72","65.4","110.3","150.35","32","34","0","0","0","0.02","50","50","0","0","0","0","","","","","","","","","","","","","85.4","23","","0","","2026-08-10","Yes","No","85.4","46.4","2026-08-10","154","0","0","0","366","N","","",""
"2026-08-13","RPALHDE200","X002HA0MST","B0GCRH685Y","Abflussstopfen mit Sieb – 2 Stück Silikon Stöpsel Badewanne & Waschbecken, Universal Badewannenstöpsel gegen Haare, praktischer Abflussstopfen für Küche und Bad, Grau","New","24","0","0","25","0","0","0","0","0","EUR","0","1","1","2","Low traffic","6.59","0.0","6.59","0.0","Advertise listing","0","6.99","38","0","7.0","0.12","1.0E-4","cubic meter","Standard","0.0024","DE","gl_home","1505895","293","0","96","156","6.65","0.0","5.54","5.54","11.92","0","10","15","0","0","0.0","0","0","0","0","1","0","","","","","","","","","","","","","913.0","4","","0","","2026-08-10","Yes","No","775.0","913.0","2026-08-10","24","0","1","0","315","N","","",""
"2026-08-13","RPALHDE161","X002HA2JZX","B0GCRZ6R1N","2 Stück Luftfilter für Motorsensen, Ersatzteil 41491201800, Kompatibel mit FS94 HL92 HL94 Serien, Hochwertiger Schaumstofffilter","New","8","0","0","0","0","8","0","0","0","EUR","","","","","Low traffic","4.89","0.0","4.89","0.0","Advertise listing","0","0.0","0","0","21.06","0.0","1.0E-4","cubic meter","Standard","8.0E-4","DE","gl_automotive","","","8","","","4.89","","","","","0","0","0","8","0","0.02","0","0","0","0","0","0","","","","","","","","","","","","","","","","","","","","","","","2026-08-10","8","0","0","0","","N","","",""
"2026-08-13","RPALHDE112","X002H0CIYP","B0G7521FQB","Griffbrett Dämpfer Bundwickel Fretwrap Reduzieren Geräuschdämpfer 200 mm Passend für 6-saitige 7-saitige E-Gitarre, Konzertgitarre, Bass, saiten konzertgitarre, bass saiten, e-gitarren saiten","New","13","0","0","13","0","0","0","0","0","EUR","0","2","9","13","Low traffic","5.89","0.0","5.89","0.0","Create Outlet deal","0","4.87","2","0","59.82","1.25","1.0E-4","cubic meter","Standard","0.0013","DE","gl_musical_instruments","19011","118","0","116","58","5.89","0.0","9.9","45.74","66.39","0","13","0","0","0","0.03","45","30","15","0","0","0","","","","","","","","","","","","","144.7","2","","0","","2026-08-10","Yes","No","144.7","73.5","2026-08-10","58","0","0","0","271","N","","",""
"2026-08-13","RPALHDE095","X002GWI4UB","B0G6BPN972","2 Stück Braun Leopard Scrunchies,Leopardenmuster Haargummi,Leopardenmuster für Damen,Groß Leo Elastisch Haarband,Scrunchies Ohne Haarbruch,Stoff Haargummis,für Mädchen Dickes Haar Und Dünnes Haare","New","33","0","0","20","14","0","0","0","0","EUR","0","0","2","3","Low traffic","4.89","0.0","4.89","0.0","Create Outlet deal","0","4.23","2","0","114.98","0.14","1.0E-4","cubic meter","Standard","0.0033","DE","gl_beauty","335019","366","33","","143","4.89","0.0","0.0","8.9","13.51","20","0","0","0","0","0.08","0","0","0","0","1","1","","","","","","","","","","","","","","1","","0","","","","","","484.7","2026-08-10","33","0","1","0","366","N","","",""
"2026-08-13","DLH250843","X002DPBELR","B0FMK7WLSD","CVNRCLP Edelstahl Hexagramm Stern Halskette Mode Einfach wandern Anhänger Retro Männer und Frauen Paare Hohl Anhänger Halskette Davidstern","New","10","0","0","0","0","10","0","0","0","EUR","0","0","1","3","Low traffic","4.89","0.0","4.89","0.0","NoRestockExcessActionRequired","0","0.0","0","0","42.06","0.36","1.0E-4","cubic meter","Apparel","0.001","DE","gl_jewelry","2663490","366","10","","43","4.89","0.0","0.0","4.45","14.01","0","0","0","10","0","0.03","0","0","0","0","0","0","","","","","","","","","","","","","","1","","0","","","","","","242.0","2026-08-10","10","0","0","0","366","N","","",""
"2026-08-13","RPALHDE206","X002HA2FA7","B0GCRQ4V21","2 Stück Scheibenwaschbehälter Deckel, OE 3Q0955455, Hochwertiger Kunststoff, Blau, Einfache Montage, Für die meisten gängigen PKW-Modelle","New","10","0","0","0","10","0","0","0","0","EUR","0","0","0","0","Low traffic","4.79","0.0","4.79","0.0","Advertise listing","0","0.0","0","0","38.15","0.0","1.0E-4","cubic meter","Standard","0.001","DE","gl_automotive","613142","163","10","","","4.79","0.0","0.0","0.0","0.0","0","0","0","0","0","0.03","0","0","0","0","0","0","","","","","","","","","","","","","","1","","0","","","","","","","2026-08-10","10","0","0","0","163","N","","",""
"2026-08-13","RPALHDE164","X002H2OWRT","B0G8JCJ6JG","Gua-Sha Massagebürste, Handheld Massagekamm mit abgerundeten Zähnen, Für Ganzkörper Entspannung an Rücken, Bauch, Beinen & Schultern","New","8","0","0","0","8","0","0","0","0","EUR","","","","","Low traffic","5.99","0.0","5.99","0.0","Advertise listing","0","0.0","0","0","19.03","0.0","1.0E-4","cubic meter","Standard","8.0E-4","DE","gl_personal_care_appliances","","","8","","","5.99","","","","","0","0","0","0","0","0.02","0","0","0","0","0","0","","","","","","","","","","","","","","","","","","","","","","","2026-08-10","8","0","0","0","","N","","",""
"2026-08-13","DLH250961","X002EY0ZGR","B0FSVCMW1S","CVNRCLP Jeans Knöpfe zum Engermachen, 8 Paare Stern Design Hosenbund Clips, Ohne Nähen Verstellbare Abnehmbare Hosenknöpfe für Jeans Hosen Röcke, 4 Farben","New","3","0","0","0","5","0","0","0","0","EUR","0","0","0","7","Low traffic","6.17","0.0","6.17","0.0","Create Outlet deal","0","5.25","2","0","16.87","0.3","1.0E-4","cubic meter","Standard","3.0E-4","DE","gl_home","1504839","366","0","","61","6.17","0.0","0.0","0.0","39.69","0","0","0","0","0","0.01","30","15","15","0","8","0","","","","","","","","","","","","","","4","Low stock","0","","","","","","327.6","2026-08-10","33","6","2","0","366","N","","",""
"2026-08-13","DLH250881","X002DQ2LCR","B0FMNQLMCL","Schweißbänder für Kinder, Schweißband, Sportschweißband, saugfähiges Sportarmband, elastisches Baumwollarmband für Fitnessstudio, Basketball, Fußball, Tennis, Laufen, Sport, 6 Stück","New","28","1","0","30","0","0","0","0","0","EUR","0","10","27","37","Low traffic","6.79","0.0","6.79","0.0","Create Outlet deal","7","5.51","2","0","81.86","2.21","0.001036","cubic meter","Standard","0.028999","DE","gl_sports","162198","344","0","22","20","6.79","0.0","57.08","153.6","209.0","30","0","0","0","0","0.07","29","0","29","0","0","0","","","","","","","","","","","","","23.9","14","","0","","2026-08-10","Yes","No","13.4","23.9","2026-08-10","58","0","0","0","344","N","","",""
"2026-08-13","RPALHDE134","X002H2PRV9","B0G8JRMF1V","CVNRCLP 2er-Set Leder Schlüsselanhänger, Schwarz, Robustes Metall-Schlüsselband für Auto, Motorrad, Fahrrad, Haus & Büro, Praktisches Geschenk für Männer & Frauen","New","8","0","0","0","0","8","0","0","0","EUR","","","","","Low traffic","5.19","0.0","5.19","0.0","Advertise listing","0","4.15","9","0","20.63","0.0","1.0E-4","cubic meter","Apparel","8.0E-4","DE","gl_apparel","","","8","","","","","","","","0","0","0","8","0","0.01","0","0","0","0","0","0","","","","","","","","","","","","","","","","","","","","","","","2026-08-10","8","0","0","0","","N","","",""
"2026-08-13","RPALHDE101","X002H1G3TZ","B0G7YFHQJG","CVNRCLP Baseball Schlüsselanhänger aus Metall, Bunt, Sportliches Design, Für Autoschlüssel, Taschen & Sporttaschen, Für Erwachsene","New","6","0","0","0","0","6","0","0","0","EUR","0","0","1","1","Low traffic","3.49","0.0","3.49","0.0","Advertise listing","0","0.0","0","0","15.17","0.15","1.0E-4","cubic meter","Apparel","6.0E-4","DE","gl_apparel","1636384","366","6","","78","3.49","0.0","0.0","3.1","3.1","0","0","0","6","0","0.01","0","0","0","0","0","0","","","","","","","","","","","","","602.0","0","","0","","2026-08-10","Yes","No","182.0","602.0","2026-08-10","6","0","0","0","366","N","","",""
"2026-08-13","DLH250845","X002DQ4AFD","B0FMNXPGWD","Gardinenschienenrollen, Doppelrollen, Vorhangschienengleiter, geräuschlos, für Deckengardinen, Weiß, 50 Stück","New","20","0","0","20","0","0","0","0","0","EUR","1","3","5","7","Low traffic","6.79","0.0","6.79","0.0","Create Outlet deal","0","5.59","2","0","109.28","0.35","1.0E-4","cubic meter","Standard","0.002","DE","gl_home","710224","239","0","26","37","6.79","5.71","17.13","28.87","40.95","0","16","4","0","0","0.05","0","0","0","0","0","0","","","","","","","","","","","","","265.3","3","","0","","2026-08-10","Yes","No","220.7","265.3","2026-08-10","20","0","0","0","239","N","","",""
"2026-08-13","RPALHDE174","X002H2GIUN","B0G8G5G6CZ","CVNRCLP 3 Stück Impfpass Hülle 210 × 148mm Schutzhülle Ausweishülle DIN A6 Doppelhülle Klappbar wasserdichte Kartenhülle für Blutdruck Pass Impfbuch Reisepass","New","30","0","0","16","15","0","0","0","0","EUR","0","6","14","18","Low traffic","5.59","0.0","5.59","0.0","NoExcessInventory","32","0.0","0","0","0.0","0.51","3.63E-4","cubic meter","Standard","0.01089","DE","gl_luggage","442152","105","0","20","21","5.59","0.0","28.37","68.61","88.73","0","11","5","0","0","0.08","0","0","0","0","0","0","","","","","","","","","","","","","178.2","32","Low stock","27","2026-08-19","2026-08-10","Yes","No","129.9","178.2","2026-08-10","30","0","0","0","105","N","","",""
"2026-08-13","RPALHDE044","X002GWMX35","B0G6B5DFCC","60 Traktor-Aufkleber-Set Traktor Kinderaufkleber Cartoon wasserdicht Geeignet für Auto, Notizbuch, Scrapbook, DIY, Koffer, Skateboard, Helm Geschenk","","0","0","0","0","0","1","0","0","0","EUR","0","0","0","1","","0.0","0.0","0.0","0.0","CreateShippingPlan","","","0","0","","0.24","1.0E-4","cubic meter","Standard","0.0","DE","gl_home","","0","0","","0","5.23","0.0","0.0","0.0","4.53","0","0","0","1","0","","0","0","0","0","0","0","","","","","","","","","","","","","","0","","0","","","","","","371.0","2026-08-10","0","0","0","0","0","N","","",""
"2026-08-13","RPALHDE123","X002H38AZN","B0G8VFN878","CVNRCLP Cute Ballon Dog Schlüsselanhänger, Vollgold, Modischer Taschenanhänger für Rucksäcke, Taschen & Handtaschen, Ästhetisches Charm Accessoire","New","8","0","0","0","0","8","0","0","0","EUR","","","","","Low traffic","3.49","0.0","3.49","0.0","Advertise listing","0","2.79","9","0","20.23","0.0","1.0E-4","cubic meter","Apparel","8.0E-4","DE","gl_apparel","","","8","","","","","","","","0","0","0","8","0","0.01","0","0","0","0","0","0","","","","","","","","","","","","","","","","","","","","","","","2026-08-10","8","0","0","0","","N","","",""
"2026-08-13","DLH251121","X002GG3001","B0G3GCBHJ6","CVNRCLP Schal Damen Winter Vielseitiger Doppelseitiger Langer Dicker Warmer Schal-03-190 * 65cm","","0","0","0","2","0","0","0","0","0","EUR","0","0","0","0","","0.0","0.0","0.0","0.0","NoRestockExcessActionRequired","","","0","0","","0.0","0.005986","cubic meter","Apparel","0.0","DE","gl_apparel","2942407","0","0","","","11.19","0.0","0.0","0.0","0.0","2","0","0","0","0","","0","0","0","0","0","0","","","","","","","","","","","","","","0","","0","","","","","","","2026-08-10","0","0","0","0","0","N","","",""
"2026-08-13","DLH250944","X002EP42S3","B0FRS21Y6X","CVNRCLP Maskerade Maske für Halloween Männer Gesichtsmaske Kostümball Party-Verkleidung Maskenball Venezianische Maskerade Augenmaske Weihnachten Karneval Kostüm Fasching Abschlussball Maske (Gold)","","0","0","0","2","0","0","0","0","0","EUR","0","0","2","11","Low traffic","0.0","0.0","6.89","0.0","NoExcessInventory","","","0","0","","4.85","0.001303","cubic meter","Standard","0.0","DE","gl_toy","218566","38","0","","47","6.89","0.0","0.0","11.75","65.39","2","0","0","0","0","","40","20","20","0","0","3","","","","","","","","","","","","","35.5","69","Out of stock","50","2026-08-18","2026-08-10","Yes","No","35.5","23.2","2026-08-10","40","0","0","0","62","N","","",""
"2026-08-13","RPALHDE106","X002H30ZJH","B0G8RPDW4T","CVNRCLP 1 Paare Schnürsenkel Olivgrün 100% Baumwolle - Sneaker Schnuersenkel Flach, 8 mm Breite Flat Sneaker Shoelace, Ersatz Schuhbänder für Turnschuhe Länge 120 cm","New","14","0","0","0","16","0","0","0","0","EUR","2","4","6","7","Low traffic","4.19","0.0","4.19","0.0","Advertise listing","0","0.0","0","0","74.09","0.34","1.0E-4","cubic meter","Footwear","0.0014","DE","gl_shoes","219167","332","43","43","79","4.19","7.04","14.25","21.8","25.66","0","0","0","0","0","0.03","29","0","29","0","1","0","","","","","","","","","","","","","313.8","8","","0","","2026-08-10","Yes","No","140.0","313.8","2026-08-10","43","0","1","0","344","N","","",""
"2026-08-13","RPALHDE094","X002GTLK41","B0G5PQJRCM","2 Stück Leopardenmuster Scrunchies Haargummis, Weiche & Elastische Baumwollmischung, Für Damen, Dunkel & Hell Leo Design","New","12","0","0","0","12","0","0","0","0","EUR","1","3","4","4","Low traffic","4.19","0.0","4.19","0.0","NoRestockExcessActionRequired","0","0.0","0","0","39.11","0.23","1.0E-4","cubic meter","Standard","0.0012","DE","gl_beauty","408190","247","12","16","39","4.22","3.52","10.56","14.59","14.59","0","0","0","0","0","0.03","0","0","0","0","1","0","","","","","","","","","","","","","406.3","3","","0","","2026-08-10","Yes","No","161.7","406.3","2026-08-10","12","1","0","0","270","N","","",""
"2026-08-13","DLH250898","X002DPV7TB","B0FMNNQ5WX","Pet Pill Plunger for Small Cats Dogs Pill Gun Dispenser Pet Piller Reusable Cat Pill Dispenser Soft Tip Tablet Spritze Pusher Animal Medicine Feeder for Feeding Accessories cat and dog pill giver","New","30","0","0","31","0","0","0","0","0","EUR","4","10","12","25","Low traffic","4.29","0.0","4.29","0.0","NoRestockExcessActionRequired","6","0.0","0","0","32.28","1.38","1.0E-4","cubic meter","Standard","0.003","DE","gl_pet_products","55991","99","0","12","15","4.29","14.44","36.1","43.9","92.91","20","11","0","0","0","0.07","0","0","0","0","0","0","","","","","","","","","","","","","80.0","20","","0","","2026-08-10","Yes","No","80.0","58.4","2026-08-10","30","0","0","0","99","N","","",""
"2026-08-13","RPALHDE048","X002GTUU6Z","B0G5PKFTH2","3 Pack Haftnotizen, 540 Blatt Katzen Haftnotizen, Süße Tierförmige Klebezettel, Kawaii Notizzettel, Selbstklebende Seitenmarker, Für Büro Schule Zuhause, Ideal Für Kinder Studenten","New","24","14","0","36","2","0","0","0","0","EUR","4","5","10","14","Low traffic","4.99","0.0","4.99","0.0","NoRestockExcessActionRequired","0","0.0","0","0","137.0","0.57","1.0E-4","cubic meter","Standard","0.0024","DE","gl_office_product","46377","307","38","19","22","4.99","16.76","21.12","44.62","64.1","20","16","0","0","0","0.09","0","0","0","0","0","0","","","","","","","","","","","","","222.0","7","","0","","2026-08-10","Yes","No","222.0","139.0","2026-08-10","38","0","0","0","307","N","","",""
"2026-08-13","RPALHDE143","X002HA42L7","B0GCVD5NQK","CVNRCLP Smartphone-Schutzgehäuse, Universelle Handytasche aus Tauchstoff, Zubehörbeutel für Handys 6,0 bis 6,9 Zoll, Wasserdicht und Stoßdämpfend, 10,5 x 18,5 cm","New","20","20","0","40","0","0","0","0","0","EUR","0","5","13","23","Low traffic","5.99","0.0","5.99","0.0","NoExcessInventory","0","5.03","2","0","61.54","1.12","1.74E-4","cubic meter","Standard","0.003473","DE","gl_electronics","176753","138","0","32","22","5.99","0.0","25.15","66.75","118.75","21","19","0","0","0","0.03","20","20","0","0","0","0","","","","","","","","","","","","","115.8","21","","0","","2026-08-10","Yes","No","115.8","54.9","2026-08-10","60","0","0","0","214","N","","",""
"2026-08-13","DLH250808","X002DQEX4B","B0FMFBLBLM","Kunststoff-Schwert-Plektren für Lebensmittel, Zahnstocher, Obstgabel, Cocktailspieße, mehrfarbig","New","50","35","0","85","0","0","0","0","0","EUR","0","16","34","46","Low traffic","7.99","0.0","7.99","0.0","NoExcessInventory","85","0.0","0","0","0.0","1.3","1.0E-4","cubic meter","Standard","0.004999","DE","gl_kitchen","498661","207","0","12","14","7.99","0.0","107.32","228.1","309.81","80","5","0","0","0","0.2","0","0","0","0","0","0","","","","","","","","","","","","","38.8","35","","0","","2026-08-10","Yes","No","25.1","38.8","2026-08-10","85","0","0","0","207","N","","",""
"2026-08-13","RPALHDE182","X002HAD88F","B0GCVW9JY3","CVNRCLP Scheinwerfer Einstellschrauben Set, Kunststoff & Eisen, Präzise Justierung, Einfache Montage, Für Frontscheinwerfer Reparatur, Universell","New","14","0","0","14","0","0","0","0","0","EUR","2","7","12","16","Low traffic","7.59","0.0","7.59","0.0","Create Outlet deal","0","6.23","2","0","68.55","1.13","3.6E-5","cubic meter","Standard","5.04E-4","DE","gl_automotive","216411","167","0","39","56","7.59","12.76","44.66","77.39","105.25","0","14","0","0","0","0.01","55","35","20","0","0","0","","","","","","","","","","","","","82.0","15","Low stock","0","","2026-08-10","Yes","No","82.0","75.3","2026-08-10","69","0","0","0","366","N","","",""
"2026-08-13","RPALHDE110","X002H1Q2KZ","B0G7Z6V4QY","CVNRCLP 2 Stück Rote Schleife Schlüsselanhänger, Acryl & Legierung Taschenanhänger, Süßes Design für Schlüssel, Handtaschen & Rucksäcke, Damen Accessoire","New","28","0","0","11","13","4","0","0","0","EUR","0","0","2","2","Low traffic","4.59","0.0","4.59","0.0","Advertise listing","0","0.0","0","0","116.3","0.1","1.0E-4","cubic meter","Apparel","0.0028","DE","gl_apparel","2048834","366","28","","182","4.59","0.0","0.0","9.06","9.06","11","0","0","4","0","0.05","0","0","0","0","0","0","","","","","","","","","","","","","","3","","0","","","","","","812.0","2026-08-10","28","0","0","0","366","N","","",""
"2026-08-13","RPALHDE127","X002H0DCNV","B0G768SLVP","CVNRCLP Handykette Kunstperlen Kurz, Universal Handyanhänger Kunstperlen aus Glas, Handyband Phone Charm Handy Anhänger Handschlaufe Schlüsselband, Gold","New","17","0","0","1","16","0","0","0","0","EUR","0","0","0","0","Low traffic","8.99","0.0","8.99","0.0","Advertise listing","0","0.0","0","0","112.52","0.06","1.0E-4","cubic meter","Apparel","0.0017","DE","gl_jewelry","696074","366","17","","","8.99","0.0","0.0","0.0","0.0","0","1","0","0","0","0.04","0","0","0","0","0","0","","","","","","","","","","","","","","1","","0","","","","","","1498.0","2026-08-10","17","0","0","0","366","N","","",""
"2026-08-13","DLH250814","X002DPDWPX","B0FMFD2BTR","CVNRCLP 2 Stück Salatbesteck Edelstahl Salat-Servierset Salatbesteck Salatbesteck Salatlöffel Salatgabel","New","10","0","0","10","0","0","0","0","0","EUR","0","1","4","9","Low traffic","6.39","0.0","6.39","0.0","Create Outlet deal","0","5.35","2","0","50.82","0.89","2.72E-4","cubic meter","Standard","0.002723","DE","gl_home","703498","366","0","240","86","6.39","0.0","5.37","21.99","50.09","0","1","9","0","0","0.03","50","25","25","0","0","0","","","","","","","","","","","","","110.7","9","","0","","2026-08-10","Yes","No","110.7","91.5","2026-08-10","60","0","0","0","366","N","","",""
"2026-08-13","RPALHDE141","X002H22O6P","B0G82QCB1M","3PCS A1 Heatbed Nozzle Wiper, 3D Printer Accessories 3PCS Silicone Nozzle Wiper Kit for Bambu Lab A1 3D Printer","New","6","0","0","0","0","6","0","0","0","EUR","1","2","2","2","Low traffic","4.09","0.0","4.09","0.0","NoRestockExcessActionRequired","0","0.0","0","0","15.55","0.27","2.02E-4","cubic meter","Standard","0.001213","DE","gl_biss","54076","135","6","12","39","4.09","3.44","6.88","6.88","6.88","0","0","0","6","0","0.02","0","0","0","0","0","0","","","","","","","","","","","","","694.0","0","","0","","2026-08-10","Yes","No","214.0","694.0","2026-08-10","6","0","0","0","135","N","","",""
"2026-08-13","DLH250854","X002DPF80P","B0FMK242FJ","Kunststoffknöpfe zum Aufnähen, rund, Kunsthorn, zum Aufnähen, für Mäntel, Jacken, Strickjacken, flach, 4 Löcher, 21mm, Blau, 6 Stück","New","34","0","0","36","2","0","0","0","0","EUR","3","4","4","10","Low traffic","3.79","0.0","3.79","0.0","Create Outlet deal","5","3.35","2","0","39.83","0.56","1.0E-4","cubic meter","Standard","0.0034","DE","gl_office_product","344504","200","29","54","70","3.79","9.54","12.72","12.72","33.84","1","35","0","0","0","0.08","20","20","0","0","2","0","","","","","","","","","","","","","1220.0","11","","0","","2026-08-10","Yes","No","1220.0","139.1","2026-08-10","54","2","0","0","366","N","","",""
"2026-08-13","DLH250825","X002DPAL6V","B0FMK1DFVH","CVNRCLP Robuste Saugnäpfe, Anker, Mehrzweck-Camping-Saugnapf-Haken für Zuhause, Outdoor, Auto, Van, LKW, Markise, Bootsplane (2)","New","18","1","0","19","0","0","0","0","0","EUR","1","1","14","15","Low traffic","6.19","0.0","6.19","0.0","Create Outlet deal","0","4.95","2","0","87.45","1.33","1.0E-4","cubic meter","Standard","0.0018","DE","gl_home_improvement","129862","110","0","72","15","6.19","5.2","5.2","73.82","79.19","19","0","0","0","0","0.05","0","0","0","0","0","0","","","","","","","","","","","","","51.7","9","","0","","2026-08-10","Yes","No","9.2","51.7","2026-08-10","19","0","0","0","110","N","","",""
"2026-08-13","RPALHDE202","X002H3IM7J","B0G912LYFN","4 PCS Druckluft-Schnellkupplungen 1/4"" Zoll NPT Außengewinde, Hochdruck Druckluftkupplung für Kompressor & Pneumatikwerkzeuge, Schnellanschluss für Luftsysteme","New","47","0","0","45","2","0","0","0","0","EUR","0","14","14","19","Low traffic","6.59","0.0","6.59","0.0","Advertise listing","47","0.0","0","0","0.0","0.53","1.0E-4","cubic meter","Standard","0.004699","DE","gl_home_improvement","432604","191","0","21","52","6.59","0.0","79.94","79.94","110.14","0","29","16","0","0","0.11","29","29","0","0","0","0","","","","","","","","","","","","","213.1","20","","0","","2026-08-10","Yes","No","183.3","213.1","2026-08-10","76","0","0","0","339","N","","",""
"2026-08-13","DLH250911","X002DQ30QX","B0FMNVVK4C","Silikon-Wasserhahn-Verlängerung, Zahnbürsten, Gurgeln, Händewaschen, Verlängerung, Badezimmer, Küche, Spüle, Zubehör (3 Blau + 3 Grün), 6 Stück","New","3","0","0","3","0","0","0","0","0","EUR","1","13","17","21","Low traffic","5.19","0.0","5.19","0.0","Create Outlet deal","0","3.99","2","0","14.21","1.83","7.33E-4","cubic meter","Standard","0.0022","DE","gl_biss","209219","202","0","16","32","5.19","4.19","54.47","71.23","87.99","0","3","0","0","0","0.01","49","0","49","0","0","0","","","","","","","","","","","","","54.8","13","Low stock","0","","2026-08-10","Yes","No","24.3","54.8","2026-08-10","52","0","0","0","202","N","","",""
"2026-08-13","RPALHDE119","X002H31BEF","B0G8MSR5RC","24 Pcs Press on Nails Gold, Press on Nails Almond, Kunstlich Fingernagel Kurz, Künstliche Nägel, Klebenägel Fingernägel, Fake Nails, Press ons Kunstnägel Set","New","19","0","0","20","0","0","0","0","0","EUR","1","1","5","8","Low traffic","5.99","0.0","5.99","0.0","Create Outlet deal","0","0.0","0","0","92.94","0.89","1.0E-4","cubic meter","Standard","0.0019","DE","gl_beauty","291791","366","0","236","95","5.99","5.03","5.03","25.15","40.24","20","0","0","0","0","0.05","40","20","20","0","0","0","","","","","","","","","","","","","55.7","3","","0","","2026-08-10","Yes","No","40.0","55.7","2026-08-10","59","0","0","0","366","N","","",""
"2026-08-13","DLH250804","X002DQ3DAL","B0FMNTYJZY","3 Stück Servierzange aus Edelstahl, 21,5 cm, Lebensmittelechte Kochzange mit Rutschfestem Griff, Für Kochen, Grillen & Servieren","","0","0","0","1","0","0","0","0","0","EUR","0","1","2","3","","0.0","0.0","0.0","0.0","CreateShippingPlan","","","0","0","","0.24","5.73E-4","cubic meter","Standard","0.0","DE","gl_home","1226954","0","0","0","0","6.59","0.0","5.71","11.42","17.29","0","1","0","0","0","","0","0","0","0","2","0","","","","","","","","","","","","","388.0","5","Out of stock","7","2026-08-12","2026-08-10","Yes","No","388.0","126.4","2026-08-10","0","2","0","0","45","N","","",""
"2026-08-13","RPALHDE156","X002HA2MJV","B0GCS59KGV","Dreiteiliges Trocknerfilterset (240 x 155 x 10 mm), Schwammfilter gegen Flusen, Ersatzteil für Wärmepumpen-/Kondensationstrockner, 3 Stück","New","15","0","0","0","15","0","0","0","0","EUR","0","1","1","2","Low traffic","7.19","0.0","7.19","0.0","Advertise listing","0","0.0","0","0","88.83","0.12","1.1E-5","cubic meter","Standard","1.7E-4","DE","gl_home","1753209","338","15","60","97","7.19","0.0","6.04","6.04","12.92","0","0","0","0","0","0.04","0","0","0","0","0","0","","","","","","","","","","","","","729.5","1","","0","","2026-08-10","Yes","No","476.0","729.5","2026-08-10","15","0","0","0","338","N","","",""
"2026-08-13","RPALHDE056","X002GU5KIR","B0G5X6SG8X","Hey.You Dropped This Pins Pin Metal Pins For Bags Funny Personalised Pin for Clothes Bags Backpacks","New","1","0","0","2","0","0","0","0","0","EUR","0","0","0","1","Low traffic","3.79","0.0","3.79","0.0","NoRestockExcessActionRequired","0","0.0","0","0","0.0","0.22","1.0E-4","cubic meter","Apparel","1.0E-4","DE","gl_jewelry","3224341","366","0","","13","3.79","0.0","0.0","0.0","3.44","2","0","0","0","0","0.0","0","0","0","0","0","0","","","","","","","","","","","","","","0","","0","","","","","","309.0","2026-08-10","1","0","0","0","366","N","","",""
"2026-08-13","RPALHDE181","X002H2GFIN","B0G8GKS3GP","CVNRCLP 10 Stück Nylon Klettband Yogamatten tragegurt Verstellbar Sicherer Halt Fitnessmatte Band Sportmatte Haltegurt Yoga Zubehör Organizer für Zuhause und Studio","New","26","3","0","31","0","0","0","0","0","EUR","3","17","33","37","Low traffic","8.09","0.0","8.09","0.0","NoExcessInventory","29","0.0","0","0","0.0","2.88","1.0E-4","cubic meter","Apparel","0.0026","DE","gl_apparel","106222","200","0","15","23","8.09","20.4","115.6","224.4","252.11","31","0","0","0","0","0.05","41","0","41","0","0","0","","","","","","","","","","","","","18.2","20","","0","","2026-08-10","Yes","No","8.9","18.2","2026-08-10","70","0","0","0","200","N","","",""
"2026-08-13","DLH250912","X002DQ2XJX","B0FMNRHFRW","Maschenmarkierer aus Kunststoff, für Zuhause, Reisen, Rot","New","13","0","0","0","14","0","0","0","0","EUR","0","1","1","1","Low traffic","2.99","0.0","2.99","0.0","Advertise listing","0","0.0","0","0","38.18","0.07","5.1E-5","cubic meter","Standard","6.62E-4","DE","gl_home","1453574","366","13","52","169","2.99","0.0","2.51","2.51","2.51","0","0","0","0","0","0.03","0","0","0","0","0","0","","","","","","","","","","","","","1326.0","0","","0","","2026-08-10","Yes","No","427.0","1326.0","2026-08-10","13","0","0","0","366","N","","",""
"2026-08-13","RPALHDE070","X002GTCWXJ","B0G5PTFSN3","CVNRCLP Katzen Schlüsselanhänger aus Edelstahl, Schwarz-Weiß Design, Inklusive Geschenkbox, Für Schlüssel, Taschen & Autos, Für Erwachsene","New","34","0","0","20","14","0","0","0","0","EUR","0","1","4","5","Low traffic","4.49","0.0","4.49","0.0","Create Outlet deal","0","3.62","52","0","114.02","0.28","1.0E-4","cubic meter","Apparel","0.0034","DE","gl_apparel","1150926","366","34","136","88","4.49","0.0","3.77","16.59","21.04","20","0","0","0","0","0.06","0","0","0","0","0","0","","","","","","","","","","","","","467.0","3","","0","","2026-08-10","Yes","No","467.0","251.0","2026-08-10","34","0","0","0","366","N","","",""
"2026-08-13","DLH250865","X002DQE8ZF","B0FMF73DL1","Dutt Perücke mit Haaren, Synthetische Messy Bun Haare, Feminin Zerzauster Dutt, Blond Gebleicht","New","5","0","0","5","0","0","0","0","0","EUR","1","2","6","6","Low traffic","3.99","0.0","3.99","0.0","Create Outlet deal","0","0.0","0","0","17.47","1.6","1.0E-4","cubic meter","Standard","5.0E-4","DE","gl_beauty","140119","366","0","60","65","3.99","3.35","6.7","20.78","20.78","0","5","0","0","0","0.01","25","0","25","0","0","0","","","","","","","","","","","","","101.5","1","","0","","2026-08-10","Yes","No","101.5","84.5","2026-08-10","30","0","0","0","366","N","","",""
"2026-08-13","RPALHDE145","X002H2VLE1","B0G8KPP9X9","1 Stück W10112253 Gelb Zahnräder Ersatz Kompatibel mit Kitchenaid Mixer,Küchenmaschine Getriebe Ersatzteile,Schneckengetriebe Zubehör,für 5KSM150 5KSM45 5KSM90 5KSM125 5KSM175 5KSM185 5KSM156 5K45SS","New","29","0","0","29","0","0","0","0","0","EUR","0","1","11","21","Low traffic","7.29","0.0","7.49","0.0","NoExcessInventory","29","0.0","0","0","0.0","0.98","1.0E-4","cubic meter","Standard","0.0029","DE","gl_kitchen","764087","123","0","116","17","7.29","0.0","6.29","70.89","137.02","0","21","8","0","0","0.07","0","0","0","0","0","0","","","","","","","","","","","","","298.3","19","","0","","2026-08-10","Yes","No","298.3","99.7","2026-08-10","29","0","0","0","123","N","","",""
"2026-08-13","RPALHDE183","X002H2KHAP","B0G8G85HZH","CVNRCLP Doppelseitige Haustier Haarentferner Handschuhe, Wiederverwendbar für Hunde & Katzen, Atmungsaktiv & Antistatisch, Fellpflege & Massage für alle Felltypen","New","8","0","0","0","8","0","0","0","0","EUR","","","","","Low traffic","10.99","0.0","10.99","0.0","Advertise listing","0","0.0","0","0","20.21","0.0","1.0E-4","cubic meter","Standard","8.0E-4","DE","gl_pet_products","","","8","","","11.59","","","","","0","0","0","0","0","0.02","0","0","0","0","0","0","","","","","","","","","","","","","","","","","","","","","","","2026-08-10","8","0","0","0","","N","","",""
"2026-08-13","RPALHDE177","X002H2FYFD","B0G8DFD7CV","8 Paar Antirutsch Brillenbügel, Silikon Antirutsch Überzüge für Brillenbügel, Komfort Brillenhalter Ohr für Lesebrillen Sonnenbrillen Sportbrillen, Ideal Brillen Zubehör (Weiß Schwarz Grau braun)","New","27","0","0","27","0","0","0","0","0","EUR","5","15","25","27","Low traffic","6.59","0.0","6.59","0.0","Create Outlet deal","0","5.43","2","0","125.12","1.41","1.0E-4","cubic meter","Standard","0.0027","DE","gl_drugstore","44919","82","0","7","13","6.59","27.7","83.1","140.2","151.62","27","0","0","0","0","0.07","0","0","0","0","0","0","","","","","","","","","","","","","58.3","9","","0","","2026-08-10","Yes","No","27.8","58.3","2026-08-10","27","0","0","0","82","N","","",""
"2026-08-13","DLH250874","X002DQEGON","B0FMFGZ9FK","CVNRCLP Maskerade Maske Herren Venezianische Party Ball Masken Vintage Halloween Kostüm Karneval Maske Weihnachten für Verkleidung Cosplay Proms Karneval Zubehör","New","22","0","0","16","6","0","0","0","0","EUR","0","0","0","5","Low traffic","5.99","0.0","5.99","0.0","Create Outlet deal","1","5.43","2","0","58.81","0.26","1.0E-4","cubic meter","Standard","0.0022","DE","gl_toy","567468","366","51","","213","5.99","0.0","0.0","0.0","28.7","0","0","16","0","0","0.05","60","30","30","0","0","0","","","","","","","","","","","","","","4","","0","","","","","","276.2","2026-08-10","82","0","0","0","366","N","","",""
"2026-08-13","DLH250807","X002DPDO9H","B0FMK1C6GS","4 Stück Finger-Essstäbchen, wiederverwendbare Pinzette, Lebensmittel-Clips, Kunststoff-Finger-Essstäbchen für Gamer, halten Sie sauber, Spielzubehör, Heimgeräte (schwarz)","New","9","0","0","0","10","0","0","0","0","EUR","1","2","7","12","Low traffic","4.99","0.0","4.99","0.0","NoExcessInventory","9","0.0","0","0","0.0","0.79","1.0E-4","cubic meter","Standard","9.0E-4","DE","gl_kitchen","256340","366","0","178","96","4.99","4.19","8.89","33.88","59.88","0","0","0","0","0","0.02","80","40","40","0","0","0","","","","","","","","","","","","","174.5","7","","0","","2026-08-10","Yes","No","174.5","115.4","2026-08-10","89","0","0","0","366","N","","",""
"2026-08-13","RPALHDE016","X002GU6NUB","B0G5WZX8SP","3 Stück Kalender Schablonen Set, PET Kunststoff, Wiederverwendbar, Für Planer, Journaling & Scrapbooking, Präzise Laserschnitt","New","19","0","0","0","20","0","0","0","0","EUR","0","0","0","2","Low traffic","4.59","0.0","4.59","0.0","Advertise listing","0","0.0","0","0","72.91","0.09","1.0E-4","cubic meter","Standard","0.0019","DE","gl_office_product","1765822","366","19","","123","4.59","0.0","0.0","0.0","8.9","0","0","0","0","0","0.05","0","0","0","0","0","0","","","","","","","","","","","","","","1","","0","","","","","","955.5","2026-08-10","19","0","0","0","366","N","","",""
"2026-08-13","RPALHDE031","X002GWEJSR","B0G692NX8N","Apple Pencil Spitzen, passend für Apple Pencil, 4 Stück, geeignet für 2. Generation / 1. Generation/USB-C/Pro Pencil, Hochwertig","New","12","0","0","13","0","0","0","0","0","EUR","0","2","4","5","Low traffic","5.09","0.0","5.09","0.0","Create Outlet deal","0","4.07","2","0","28.86","0.74","1.0E-4","cubic meter","Standard","0.0012","DE","gl_pc","295361","131","0","24","31","5.09","0.0","8.56","17.46","22.07","0","13","0","0","0","0.03","0","0","0","0","0","0","","","","","","","","","","","","","443.0","3","","0","","2026-08-10","Yes","No","443.0","138.7","2026-08-10","12","0","0","0","131","N","","",""
"2026-08-13","RPALHDE193","X002H26EMP","B0G88593ZZ","2 Stück 2-In-1-Duschbälle, Duschschwamm, Wickelbare Seifen Duschkugel, Body Scrubber Sponge, Seifensäckchen für Feste Seife, Kordelzug Massage Seifensack, Weich Langlebig Netz-Pouf, Einfach Schäumend","New","27","0","0","15","12","0","0","0","0","EUR","2","4","13","18","Low traffic","7.89","0.0","7.89","0.0","Create Outlet deal","0","6.63","2","0","152.88","0.64","0.001406","cubic meter","Standard","0.037966","DE","gl_drugstore","111112","261","56","56","40","7.89","13.26","27.2","89.91","126.52","0","15","0","0","0","0.07","29","0","29","0","0","0","","","","","","","","","","","","","297.3","16","","0","","2026-08-10","Yes","No","297.3","151.7","2026-08-10","56","0","0","0","261","N","","",""
"2026-08-13","RPALHDE062","X002GTL8H5","B0G5PZ2PYF","CVNRCLP Jelly Balloon Dog Schlüsselanhänger Frauen Geschenk Mädchen – Niedlicher Balloon Dog Anhänger, Tasche & Rucksack Charms (Schwarz)","New","18","0","0","15","0","3","0","0","0","EUR","0","0","1","2","Low traffic","7.39","0.0","7.39","0.0","Create Outlet deal","0","7.19","2","0","115.16","0.26","1.0E-4","cubic meter","Apparel","0.0018","DE","gl_apparel","1488919","366","18","","117","7.39","0.0","0.0","6.55","13.43","0","15","0","3","0","0.03","0","0","0","0","0","0","","","","","","","","","","","","","","3","","0","","","","","","390.0","2026-08-10","18","0","0","0","366","N","","",""
"2026-08-13","DLH250957","X002EXUD01","B0FSXBQGWW","10 Stück Kunsthorn Knöpfe, 20 mm Durchmesser, 4-Loch, Schwarz-Braun, Für Jacken, Mäntel & Strickjacken, Nähzubehör","","0","0","1","0","0","3","0","0","0","EUR","0","0","0","0","","0.0","0.0","0.0","0.0","NoRestockExcessActionRequired","","","0","0","","0.0","1.0E-4","cubic meter","Standard","0.0","DE","gl_office_product","3532434","0","0","","","7.79","0.0","0.0","0.0","0.0","0","0","0","3","0","","0","0","0","0","2","0","1","0.0","0","0.0","0","0.0","0","0.0","0","0.0","0","0.0","","0","","0","","","","","","","2026-08-10","0","2","0","0","366","N","","",""
"2026-08-13","RPALHDE159","X002H2QDJJ","B0G8K525VC","5PCS Silicone Socks for A1, 3D Printer High Temperature Resistance Hotend Nozzle Silicone Socks Cover for Bambu Lab A1/A1 Mini","New","7","0","0","0","0","7","0","0","0","EUR","0","0","0","0","Low traffic","6.19","0.0","6.19","0.0","Advertise listing","0","0.0","0","0","48.96","0.0","1.0E-4","cubic meter","Standard","7.0E-4","DE","gl_biss","514594","366","7","","","8.19","0.0","0.0","0.0","0.0","0","0","0","7","0","0.02","0","0","0","0","0","0","","","","","","","","","","","","","","0","","0","","","","","","","2026-08-10","7","0","0","0","366","N","","",""
"2026-08-13","RPALHDE045","X002GTQRAD","B0G5PLRWZJ","CVNRCLP Personalised Coffee Bean Keyring for Women, Cute, Creative and Stylish Backpack Pendant, Ideal as a Birthday Gift, Gift for Boyfriend and Girlfriend","New","3","0","0","0","3","0","0","0","0","EUR","0","4","8","12","Low traffic","4.59","0.0","4.59","0.0","NoExcessInventory","0","0.0","0","0","59.45","1.23","1.0E-4","cubic meter","Apparel","3.0E-4","DE","gl_apparel","696674","366","0","63","68","4.59","0.0","15.44","30.86","46.3","0","0","0","0","0","0.03","60","15","45","0","1","0","","","","","","","","","","","","","71.8","7","Low stock","0","","2026-08-10","Yes","No","39.3","71.8","2026-08-10","63","1","0","0","366","N","","",""
"2026-08-13","RPALHDE135","X002HA1ZHL","B0GCSRPFYW","2Stücke Dekorative Sicherheitsnadeln für Kleidung Langlebiger Exposition Clips für Röcke Hosen Elegantes Design Gold","New","33","0","0","34","0","0","0","0","0","EUR","2","10","16","24","Low traffic","7.99","0.0","7.99","0.0","NoExcessInventory","32","0.0","0","0","0.0","0.85","6.8E-5","cubic meter","Apparel","0.002249","DE","gl_jewelry","233666","264","0","29","39","8.05","13.42","67.1","107.36","162.23","1","33","0","0","0","0.08","40","0","40","0","0","0","","","","","","","","","","","","","146.8","18","","0","","2026-08-10","Yes","No","146.8","118.9","2026-08-10","73","0","0","0","264","N","","",""
"2026-08-13","DLH250914","X002DP9L03","B0FMK88TCQ","CVNRCLP Motiv Schürze,Lustige Küchenschürze, sexy Männerschürzen,grillmeister schürze,grillschürze für männer，Damen Grill Vorhänge","New","35","0","0","21","1","13","0","0","0","EUR","0","5","11","14","Low traffic","4.89","0.0","4.89","0.0","Create Outlet deal","0","0.0","0","0","205.21","0.5","1.0E-4","cubic meter","Apparel","0.0035","DE","gl_apparel","168109","366","65","52","60","4.89","0.0","20.55","46.38","59.71","20","1","0","13","0","0.06","30","0","30","0","0","0","","","","","","","","","","","","","154.7","13","","0","","2026-08-10","Yes","No","119.4","154.7","2026-08-10","65","0","0","0","366","N","","",""
"2026-08-13","DLH250932","X002EJRXZ3","B0FR4XB6HS","V Gesichtsmasken, Wiederverwendbare V-Linienmaske, Doppelkinn Entferner Lifting-Maske, V-förmiges Kinn Gesichtsstraffungsband, Gesichts-Schlankheitsgurt für Doppelkinn und schlaffe Gesichtshaut","New","33","0","0","0","33","0","0","0","0","EUR","0","0","2","2","Low traffic","5.59","0.0","5.59","0.0","NoExcessInventory","35","0.0","0","0","0.0","0.09","1.0E-4","cubic meter","Standard","0.0033","DE","gl_beauty","302604","366","0","","214","5.59","0.0","0.0","9.74","9.74","0","0","0","0","0","0.12","0","0","0","0","0","0","","","","","","","","","","","","","","4","","0","","","","","","1026.3","2026-08-10","33","0","0","0","366","N","","",""
"2026-08-13","RPALHDE026","X002GVTL7R","B0G654RWBB","Udssr Badge Badge Star Symbol with Hammer & Sickle Design for Clothing Bags Unisex","New","1","0","0","2","0","0","0","0","0","EUR","2","5","8","20","Low traffic","4.79","0.0","4.79","0.0","NoExcessInventory","1","0.0","0","0","0.0","2.84","1.0E-4","cubic meter","Apparel","1.0E-4","DE","gl_jewelry","367894","252","0","64","52","4.79","8.04","20.13","32.7","80.43","0","2","0","0","0","0.0","80","40","40","0","0","1","","","","","","","","","","","","","32.2","3","Low stock","0","","2026-08-10","Yes","No","28.4","32.2","2026-08-10","81","0","0","0","366","N","","",""
"2026-08-13","DLH251133","X002GG1AI5","B0G3G9YCQG","CVNRCLP Damen-Winterschals Und Stolen, Warm, Weich Und Hautfreundlich, Geschenk Für Frauen","","0","0","0","1","0","0","0","0","0","EUR","0","0","0","0","","0.0","0.0","0.0","0.0","NoRestockExcessActionRequired","","","0","0","","0.0","0.008006","cubic meter","Apparel","0.0","DE","gl_apparel","2172218","0","0","","","10.79","0.0","0.0","0.0","0.0","1","0","0","0","0","","0","0","0","0","0","0","","","","","","","","","","","","","","0","","0","","","","","","","2026-08-10","0","0","0","0","0","N","","",""
"2026-08-13","RPALHDE080","X002GTE8I1","B0G5PGYY5H","Silikon Hülle für Tags Anhänger Grün 3,5x10cm Kratzfest Stoßfest Kompatibel Tag Waschbar Geeignet für Kinder Haustiere Gepäck Schlüsselanhänger und Taschen","New","7","0","0","0","0","7","0","0","0","EUR","0","0","0","0","Low traffic","4.99","0.0","4.99","0.0","Advertise listing","0","0.0","0","0","0.0","0.0","1.0E-4","cubic meter","Standard","7.0E-4","DE","gl_wireless","1097523","366","0","","","4.99","0.0","0.0","0.0","0.0","0","0","0","7","0","0.0","0","0","0","0","0","0","","","","","","","","","","","","","","0","","0","","","","","","","2026-08-10","7","0","0","0","366","N","","",""
"2026-08-13","DLH250802","X002DPHA5B","B0FMK6GD9R","60 Geburtstag Schärpe Tiara - Roségold Königin Tiara und für Frauen, Strass Kronen Kit für 60 Geburtstag Geschenke, Kristall Satin Schärpe für 60","New","34","0","0","20","3","11","0","0","0","EUR","1","2","4","7","Low traffic","7.29","0.0","7.29","0.0","Create Outlet deal","0","5.99","2","0","403.11","0.26","0.001664","cubic meter","Standard","0.056564","DE","gl_toy","974733","366","34","68","63","7.29","6.13","12.26","24.84","44.73","0","20","0","11","0","1.43","0","0","0","0","0","0","","","","","","","","","","","","","531.5","4","","0","","2026-08-10","Yes","No","531.5","357.0","2026-08-10","34","0","0","0","366","N","","",""
"2026-08-13","RPALHDE014","X002GU7CIN","B0G5WRJRTZ","Retro Punk Silver Nail Stickers Self-Adhesive Personalised Graffiti Bow Cherry Heart Moon Star Relief Metallic Irregular Lines Clock Nail Stickers","New","22","0","0","24","0","0","0","0","0","EUR","2","11","19","29","Low traffic","3.99","0.0","3.99","0.0","Create Outlet deal","0","3.35","2","0","79.57","1.75","1.0E-4","cubic meter","Standard","0.0022","DE","gl_home","119039","226","0","22","27","3.99","6.7","36.85","65.37","101.5","20","4","0","0","0","0.06","40","20","20","0","0","0","","","","","","","","","","","","","37.6","4","","0","","2026-08-10","Yes","No","29.8","37.6","2026-08-10","62","0","0","0","349","N","","",""
"2026-08-13","RPALHDE096","X002GVUM7Z","B0G64KNB63","CVNRCLP Tactical Lanyard,Schlüsselband Paracord Elastische Spiralkabel mit Karabiner,Spiral Schlüsselanhänger RSG Halterung Polizei Ausrüstung Schlüsselhalter Gürtel","New","21","0","0","0","21","0","0","0","0","EUR","0","0","1","1","Low traffic","5.49","0.0","5.49","0.0","Advertise listing","0","0.0","0","0","92.52","0.09","2.29E-4","cubic meter","Apparel","0.004801","DE","gl_apparel","1794772","366","21","","273","5.49","0.0","0.0","4.95","4.95","0","0","0","0","0","0.04","0","0","0","0","0","0","","","","","","","","","","","","","","1","","0","","","","","","654.0","2026-08-10","21","0","0","0","366","N","","",""
"2026-08-13","DLH250924","X002DQAAD9","B0FMF4S38N","Heizkörperrohrabdeckungen, 15 mm, Kragen, geschnitten, passend für Badezimmer, Chrom, moderne Ästhetik, leicht zu reinigen, Heimdekoration, Heimdekoration, Heizkörperrohrabdeckungen","New","27","0","0","27","0","0","0","0","0","EUR","0","1","3","6","Low traffic","7.39","0.0","7.39","0.0","Create Outlet deal","2","6.23","2","0","80.86","0.41","1.0E-4","cubic meter","Standard","0.0027","DE","gl_home_improvement","519634","366","0","188","101","7.39","0.0","6.21","19.31","38.96","0","27","0","0","0","0.07","20","20","0","0","0","0","","","","","","","","","","","","","821.0","1","","0","","2026-08-10","Yes","No","821.0","178.2","2026-08-10","47","0","0","0","366","N","","",""
"2026-08-13","RPALHDE191","X002H2IPFT","B0G8FYYFDP","CVNRCLP Fußball Kapitänsbinde, 3 Stück Kapitänsarmbänder für Fußball Elastische Kapitänsarmbänder Sport Kapitänsbinde für Jugendliche Erwachsene Fußballteamtraining Orange","New","14","30","0","46","0","0","0","0","0","EUR","5","11","18","28","Low traffic","7.99","0.0","7.99","0.0","Create Outlet deal","3","7.19","2","0","77.38","2.17","1.0E-4","cubic meter","Standard","0.0014","DE","gl_sports","145192","208","0","10","13","7.99","33.55","73.81","120.78","187.88","30","16","0","0","0","0.11","15","15","0","0","0","0","","","","","","","","","","","","","80.6","26","","0","","2026-08-10","Yes","No","80.6","25.6","2026-08-10","59","0","0","0","270","N","","",""
"2026-08-13","RPALHDE144","X002H2T08Z","B0G8JW7SRN","2 Paare oberarm bandage Kompression Arm Ärmel Lymphödem Armwärmer Former Armstulpen Armstrumpf Armmanschette Kompressionsmanschette für Ellbogen Arm Sleeve lipödem stulpen ellbogen bandage","New","0","0","0","1","0","0","0","0","0","EUR","0","5","20","42","Low traffic","7.79","0.0","7.79","0.0","NoExcessInventory","1","0.0","0","0","0.0","4.3","4.85E-4","cubic meter","Apparel","0.0","DE","gl_apparel","176665","352","0","87","33","7.79","0.0","32.75","130.82","272.46","1","0","0","0","0","0.0","109","30","79","0","1","0","","","","","","","","","","","","","17.2","13","Out of stock","0","","2026-08-10","Yes","No","3.3","17.2","2026-08-10","109","0","1","0","366","N","","",""
"2026-08-13","DLH250897","X002DP6YRL","B0FMJRV7ZH","12 Sicherheitsnadeln für Babywindeln, 4,1 cm Windeln, Kunststoff, Stecknadeln, 40 mm, langlebige Kopfverschlüsse mit Sicherheitsverschluss, Edelstahl, ideal für Frottee-Quadrate, Flache und","New","10","0","0","13","0","0","0","0","0","EUR","4","13","22","28","Low traffic","4.99","0.0","4.99","0.0","Create Outlet deal","0","3.99","2","0","131.17","1.29","1.0E-4","cubic meter","Standard","0.001","DE","gl_home","17065","67","0","9","13","4.99","16.76","54.47","92.52","119.22","0","0","13","0","0","0.08","20","0","20","0","2","0","","","","","","","","","","","","","85.9","21","Low stock","0","","2026-08-10","Yes","No","46.7","85.9","2026-08-10","30","1","1","0","71","N","","",""
"2026-08-13","RPALHDE180","X002H9YKYR","B0GCSRPFPH","CVNRCLP 20 Stück Nylon Reinigungstücher, 20 × 20 cm, Wiederverwendbar, Für Töpfe, Pfannen, Ceranfelder & Grill, Kratzfrei","New","27","0","0","27","0","0","0","0","0","EUR","0","2","2","2","Low traffic","7.39","0.0","7.39","0.0","Advertise listing","0","0.0","0","0","132.52","0.07","0.002442","cubic meter","Standard","0.065923","DE","gl_home","774546","366","0","54","175","7.39","0.0","12.42","12.42","12.42","0","0","27","0","0","0.07","0","0","0","0","0","0","","","","","","","","","","","","","1294.0","3","","0","","2026-08-10","Yes","No","424.0","1294.0","2026-08-10","27","0","0","0","366","N","","",""
"2026-08-13","RPALHDE138","X002HAB6VL","B0GCVRVKT7","3 Stück Vintage Pullover Clips, Damen und Mädchen für Golden Silber and black Schal-Schnalle Kleider Clips Blusen Clips Broschen Kleider & Hose","New","11","0","0","0","11","0","0","0","0","EUR","0","2","2","2","Low traffic","5.19","0.0","5.19","0.0","Create Outlet deal","0","0.0","0","0","38.58","0.23","1.0E-4","cubic meter","Apparel","0.0011","DE","gl_jewelry","246906","204","11","22","71","5.19","0.0","8.72","8.72","8.72","0","0","0","0","0","0.03","0","0","0","0","0","0","","","","","","","","","","","","","622.0","1","","0","","2026-08-10","Yes","No","202.0","622.0","2026-08-10","11","0","0","0","204","N","","",""
"2026-08-13","RPALHDE069","X002GTL88T","B0G5PRHZDP","CVNRCLP Schlüsselanhänger mit Kunstperlen, Weiß, Elegantes Design, Für Schlüssel, Taschen & Rucksäcke, Für Damen","New","16","0","0","0","15","1","0","0","0","EUR","0","0","2","2","Low traffic","3.19","0.0","3.19","0.0","Create Outlet deal","0","2.88","52","0","46.29","0.11","1.0E-4","cubic meter","Apparel","0.0016","DE","gl_apparel","1701279","366","16","","104","3.19","0.0","0.0","6.53","6.53","0","0","0","1","0","0.03","0","0","0","0","0","0","","","","","","","","","","","","","","3","","0","","","","","","830.5","2026-08-10","16","0","0","0","366","N","","",""
"2026-08-13","RPALHDE130","X002H1NWRB","B0G81YNZ1R","CVNRCLP Schlüsselbund Hantel Fitness Charm Schlüsselanhänger Dummbellanhänger Coach Souvenir Geschenke für Frauen","New","14","0","0","11","0","3","0","0","0","EUR","0","0","0","1","Low traffic","3.39","0.0","3.39","0.0","Advertise listing","0","0.0","0","0","68.62","0.09","1.0E-4","cubic meter","Apparel","0.0014","DE","gl_apparel","2740649","366","14","","182","3.42","0.0","0.0","0.0","3.86","0","0","11","3","0","0.03","0","0","0","0","0","0","","","","","","","","","","","","","","0","","0","","","","","","1149.0","2026-08-10","14","0","0","0","366","N","","",""
"2026-08-13","DLH250958","X002EY100R","B0FSXJ37FB","20 Stück Knöpfe Vintage Metall Ösen Vintage Antike Metall Blazer Knöpfe Blazer Rund für Mantel, Hemd, Jacke,Uniform (Gold)","","0","0","0","0","0","1","0","0","0","EUR","0","0","0","2","","0.0","0.0","0.0","0.0","CreateShippingPlan","","","0","0","","0.17","1.0E-4","cubic meter","Standard","0.0","DE","gl_office_product","","0","0","","0","6.99","0.0","0.0","0.0","12.59","0","0","0","1","0","","0","0","0","0","0","0","1","0.0","0","0.0","0","0.0","0","0.0","0","0.0","0","0.0","","0","","0","","","","","","533.0","2026-08-10","0","0","0","0","0","N","","",""
"2026-08-13","RPALHDE034","X002GTAN0D","B0G5NHD1KQ","CVNRCLP Doppelseitiges Klebeband Extra Stark, 5 m × 25 mm, Schwarz, Wasserfest & Hochtemperaturbeständig, Für Auto, Heim & Büro","New","6","0","0","0","6","0","0","0","0","EUR","0","0","0","1","Low traffic","4.49","0.0","4.49","0.0","Advertise listing","0","0.0","0","0","23.81","0.06","1.0E-4","cubic meter","Standard","6.0E-4","DE","gl_biss","939838","366","6","","78","4.49","0.0","0.0","0.0","4.45","0","0","0","0","0","0.02","0","0","0","0","0","0","","","","","","","","","","","","","","1","","0","","","","","","1627.0","2026-08-10","6","0","0","0","366","N","","",""
"2026-08-13","RPALHDE185","X002HABM7T","B0GCW14DSZ","CVNRCLP 2 Paar Damen Flache Schnürsenkel mit Blumen Spitze und Hohle Design, 2.8cm Breit Ersatz Schuhbänder für Sneakers, Sportschuhe und Laufschuhe","New","25","0","0","17","8","0","0","0","0","EUR","0","1","3","12","Low traffic","8.19","0.0","8.19","0.0","NoExcessInventory","25","0.0","0","0","0.0","0.58","1.0E-4","cubic meter","Footwear","0.0025","DE","gl_shoes","974570","240","0","180","48","8.19","0.0","7.05","21.49","86.47","1","16","0","0","0","0.04","20","10","10","0","0","0","","","","","","","","","","","","","742.0","11","","0","","2026-08-10","Yes","No","742.0","126.9","2026-08-10","45","0","0","0","312","N","","",""
"2026-08-13","RPALHDE102","X002HA9B31","B0GCVFG11M","CVNRCLP Badezimmer Deko Bilder Poster, Witziges Motiv eines kleinen Otters mit Toilettenpapier in der Hand – Ohne Rahmen, Maße 20 x 30 cm","New","25","0","0","0","25","0","0","0","0","EUR","0","2","2","2","Low traffic","7.99","0.0","7.99","0.0","Advertise listing","0","0.0","0","0","165.17","0.08","1.53E-4","cubic meter","Standard","0.003822","DE","gl_home","717359","366","25","50","162","7.99","0.0","13.42","13.42","13.42","0","0","0","0","0","0.06","0","0","0","0","0","0","","","","","","","","","","","","","1198.0","6","","0","","2026-08-10","Yes","No","398.0","1198.0","2026-08-10","25","0","0","0","366","N","","",""
"2026-08-13","DLH250844","X002DQ2CBR","B0FMNR7PDY","8-teiliges Edelstahl-Meeresfrüchte-Werkzeug-Set, für einfaches Entfernen von Fleisch, Mehrzweck-Krabben, Hummer, Schalentiere, Hummer, Krabben, Nüsse, Gabel, Meeresfrüchte, Gabeln, Picks für Küche","","0","0","0","1","0","0","0","0","0","EUR","0","0","2","3","","0.0","0.0","0.0","0.0","CreateShippingPlan","","","0","0","","0.25","1.0E-4","cubic meter","Standard","0.0","DE","gl_home","","0","0","","0","6.49","0.0","0.0","11.92","18.05","0","1","0","0","0","","0","0","0","0","0","0","","","","","","","","","","","","","359.6","1","Out of stock","2","2026-08-12","2026-08-10","Yes","No","40.0","359.6","2026-08-10","0","0","0","0","0","N","","",""
"2026-08-13","RPALHDE139","X002HA25UR","B0GCRWTH27","3 Pack Drain Cleaner Spiral, Reusable Pipe Cleaning Spiral, 64 cm Drain Cleaner Sticks, Drain Cleaning Hooks for Bathtub, Sewage Channels, Sink","New","7","40","0","48","0","0","0","0","0","EUR","3","28","52","80","Low traffic","6.79","0.0","6.79","0.0","Create Outlet deal","0","5.43","2","0","541.23","3.22","0.004525","cubic meter","Standard","0.031675","DE","gl_drugstore","35403","72","0","9","10","6.79","17.13","159.88","296.92","456.8","40","8","0","0","0","5.06","59","30","29","0","1","1","","","","","","","","","","","","","21.9","45","","0","","2026-08-10","Yes","No","21.9","16.6","2026-08-10","106","0","1","0","103","N","","",""
"2026-08-13","RPALHDE109","X002HA9AUF","B0GCV4QH99","2 Pack Anti Blaues Fake Brille, Blue Light Glasses, Qualität Runde Rahmen Blaulicht Brille, Leichtes Gewicht Klare Blaulichtfilter Brille Damen Männer für Computer-Lesebrillen (Transparent, schwarz)","New","7","0","0","8","0","0","0","0","0","EUR","3","8","8","13","Low traffic","5.89","0.0","5.89","0.0","Create Outlet deal","0","4.71","2","0","29.41","1.24","1.0E-4","cubic meter","Footwear","7.0E-4","DE","gl_shoes","162102","30","0","3","7","5.89","14.85","39.6","39.6","66.05","0","0","8","0","0","0.01","0","0","0","0","1","0","","","","","","","","","","","","","69.8","2","","4","2026-08-19","2026-08-10","Yes","No","50.0","69.8","2026-08-10","7","1","0","0","35","N","","",""
"2026-08-13","RPALHDE188","X002HAGY3B","B0GCWBKHB9","Funkelnde Blumen Knopfabdeckungen Clip-On, Strass Kristall Knopf Cover für Blusen, Anzüge & Kleider, Einfache Montage, Wiederverwendbar","New","7","0","0","0","0","7","0","0","0","EUR","0","0","0","0","Low traffic","5.79","0.0","5.79","0.0","Advertise listing","0","0.0","0","0","31.54","0.0","1.0E-4","cubic meter","Apparel","7.0E-4","DE","gl_jewelry","3340198","366","7","","","6.59","0.0","0.0","0.0","0.0","0","0","0","7","0","0.02","0","0","0","0","0","0","","","","","","","","","","","","","","0","","0","","","","","","","2026-08-10","7","0","0","0","366","N","","",""
"2026-08-13","DLH250947","X002EQ5T6L","B0FRXJYQYL","CVNRCLP 3 Stück Motorrad Totenkopf Maske, Sturmmaske, Skull Skelett Maske für Motorrad Fahrrad Ski Halloween, Schwarz","New","6","0","0","1","6","0","0","0","0","EUR","3","11","18","23","Low traffic","5.49","0.0","5.49","0.0","NoExcessInventory","2","0.0","0","0","55.88","1.16","8.19E-4","cubic meter","Apparel","0.004912","DE","gl_apparel","364627","282","0","34","54","5.49","13.83","51.39","84.85","109.6","0","0","1","0","0","0.05","90","20","70","0","0","0","","","","","","","","","","","","","79.1","32","Low stock","0","","2026-08-10","Yes","No","33.8","79.1","2026-08-10","96","0","0","0","366","N","","",""
"2026-08-13","DLH250828","X002DPAXWD","B0FMK56W9L","Küchenabflusssieb aus Silikon mit Edelstahlrand | Küchenspüle Abflussabdeckung | Abflusssieb zum Auffangen von Lebensmittelverstopfungen | Lebensmittelauffangsieb | Küchenstöpsel Abflusssieb","New","27","0","0","15","12","0","0","0","0","EUR","0","1","3","4","Low traffic","7.89","0.0","7.89","0.0","NoExcessInventory","10","6.71","2","0","5.3","0.29","7.68E-4","cubic meter","Standard","0.020748","DE","gl_home","799386","193","17","108","87","7.89","0.0","6.63","20.57","27.7","0","0","15","0","0","0.06","0","0","0","0","0","0","","","","","","","","","","","","","339.6","9","","0","","2026-08-10","Yes","No","288.0","339.6","2026-08-10","27","0","0","0","193","N","","",""
"2026-08-13","DLH250873","X002DPWRJF","B0FMNRM16J","CVNRCLP Isolierband,abdichtungsband,dichtband Selbstklebend Wasserdicht,isolierband Selbstverschweißendes Klebeband,für Schlauch Notfallreparatur Kabelisolierung","New","25","0","0","26","0","0","0","0","0","EUR","4","10","15","18","Low traffic","4.69","0.0","4.69","0.0","NoRestockExcessActionRequired","25","0.0","0","0","0.13","0.84","1.0E-4","cubic meter","Standard","0.0025","DE","gl_biss","71824","91","0","18","32","4.69","15.76","39.4","59.61","71.94","0","26","0","0","0","0.06","20","20","0","0","0","0","","","","","","","","","","","","","111.6","16","","0","","2026-08-10","Yes","No","111.6","109.3","2026-08-10","45","0","0","0","168","N","","",""
"2026-08-13","RPALHDE207","X002HAGOTZ","B0GCVVL5TK","5 Stück Hosenbunderweiterung, 25 x 82mm Elastische Taillenverlängerungen, Hosen Knopf Verlängerung, Einstellbar Knopfverlängerung Bund-Expanders Männer und Frauen für Jeans, Hosen (Schwarz)","New","14","0","0","0","15","0","0","0","0","EUR","0","10","11","13","Low traffic","4.99","0.0","4.99","0.0","Create Outlet deal","1","3.99","2","0","24.64","0.55","1.0E-4","cubic meter","Standard","0.0014","DE","gl_office_product","489014","141","0","17","44","4.99","0.0","41.9","46.26","55.32","0","0","0","0","0","0.03","30","0","30","0","1","0","","","","","","","","","","","","","159.4","16","Low stock","0","","2026-08-10","Yes","No","64.2","159.4","2026-08-10","44","1","0","0","145","N","","",""
"2026-08-13","DLH250836","X002DP192B","B0FMJM55ZP","20 Stück Deckenvorhangschienen-Gleiter, Stangenläufer, Drapierstoffschiene, Klebebandhaken, müheloses Gleiten, Vorhangschiene, Gleithaken, Stangenschienen, Rollen für Fenster, Tür, Duschvorhang","New","0","19","0","22","0","0","0","0","0","EUR","2","6","12","27","Low traffic","3.79","0.0","3.79","0.0","NoExcessInventory","18","0.0","0","0","0.0","4.42","1.94E-4","cubic meter","Standard","0.0","DE","gl_home","438839","89","0","26","19","3.79","6.36","19.08","39.18","89.43","22","0","0","0","0","0.04","40","20","20","0","1","0","","","","","","","","","","","","","27.5","27","Low stock","0","","2026-08-10","Yes","No","27.5","14.0","2026-08-10","59","0","1","0","154","N","","",""
"2026-08-13","RPALHDE129","X002H34X77","B0G8MH1HPH","CVNRCLP 18 Stück Schuhanstecker, Süße Sakura Schuh Charms, Harz DIY Schuhdekoration, Für Clogs, Sandalen & Taschen, Mehrfarbig","New","21","0","0","15","6","0","0","0","0","EUR","0","2","10","12","Low traffic","5.09","0.0","5.09","0.0","Create Outlet deal","0","0.0","0","0","90.34","0.82","2.71E-4","cubic meter","Apparel","0.005698","DE","gl_jewelry","790975","164","21","42","22","5.14","0.0","8.56","42.62","51.09","15","0","0","0","0","0.05","0","0","0","0","0","0","","","","","","","","","","","","","87.4","6","","0","","2026-08-10","Yes","No","57.8","87.4","2026-08-10","21","0","0","0","164","N","","",""
"2026-08-13","DLH250903","X002DQABFL","B0FMF8M8MB","Brillenetui Case Klassische Schutzhülle für Sonnenbrillen PU Leder Unisex","New","22","7","0","32","0","0","0","0","0","EUR","0","22","39","60","Low traffic","5.99","0.0","5.99","0.0","NoRestockExcessActionRequired","18","0.0","0","0","3.11","3.36","1.0E-4","cubic meter","Apparel","0.0022","DE","gl_apparel","281564","355","0","18","22","5.99","0.0","110.66","196.17","301.8","32","0","0","0","0","0.05","80","0","80","0","2","0","","","","","","","","","","","","","19.6","29","","0","","2026-08-10","Yes","No","9.3","19.6","2026-08-10","109","1","1","0","358","N","","",""
"2026-08-13","RPALHDE152","X002H21GK5","B0G84CT5LX","Dänischer Schneebesen aus Dänischer Teigbesen für Brotteig,Kuchen und Eier-Teigrührer und Teigbesen im niederländischen Stil-Perfektes Küchenbackwerkzeug für Brotherstellung und Backzubehör","New","41","0","0","30","13","0","0","0","0","EUR","0","2","6","15","Low traffic","7.39","0.0","7.39","0.0","Create Outlet deal","10","6.23","2","0","60.71","0.44","4.78E-4","cubic meter","Standard","0.019596","DE","gl_kitchen","926528","209","31","142","61","7.39","0.0","12.42","38.62","97.57","0","30","0","0","0","0.1","30","30","0","0","1","0","","","","","","","","","","","","","658.5","15","","0","","2026-08-10","Yes","No","658.5","156.9","2026-08-10","71","0","1","0","366","N","","",""
"2026-08-13","RPALHDE067","X002GSW89N","B0G5HPM4Z1","Ausweishülle mit Band, Busfahrkarten Hülle Schüler, Einziehbare Badge Reel, Hals Lanyard Strap, für Lehrer, Büroangestellte, Student Geschenke (Capybara)","New","4","0","0","5","0","0","0","0","0","EUR","8","15","18","21","Low traffic","5.99","0.0","5.99","0.0","Create Outlet deal","0","4.79","2","0","19.59","2.04","3.19E-4","cubic meter","Standard","0.001277","DE","gl_office_product","32321","86","0","9","21","5.99","40.24","75.45","90.54","105.97","0","5","0","0","0","0.01","30","0","30","0","0","0","","","","","","","","","","","","","71.6","2","","0","","2026-08-10","Yes","No","52.8","71.6","2026-08-10","34","0","0","0","86","N","","",""
"2026-08-13","DLH250861","X002DPWSA3","B0FMNRFQ43","CVNRCLP Venezianische Herren-Maske, Ballmaske, Gesichtsmaske für Party, Kostümball, Maskenball, Halloween (Silber)","New","29","0","0","2","0","28","0","0","0","EUR","0","1","1","1","Low traffic","4.19","0.0","4.19","0.0","NoRestockExcessActionRequired","0","0.0","0","0","449.94","0.51","0.001207","cubic meter","Standard","0.035006","DE","gl_toy","294776","154","29","116","377","4.19","0.0","3.52","3.52","3.52","1","1","0","28","0","1.9","0","0","0","0","0","0","","","","","","","","","","","","","","22","","0","","","","","","179.0","2026-08-10","29","0","0","0","154","Y","Halloween","2026-09-26","2026-11-06"
"2026-08-13","DLH250867","X002DPXRMB","B0FMNL3S8P","Eisportionierer aus Edelstahl, Eislöffel, Restaurant, Kochen, Küchenutensilien, Eiscreme, Kartoffeln, Salat, Fleisch, Knödel, Edelstahl, Eisportionierer, 2 Stück","","0","0","0","1","0","0","0","0","0","EUR","5","23","37","61","","0.0","0.0","0.0","0.0","NoRestockExcessActionRequired","","","0","0","","4.67","9.77E-4","cubic meter","Standard","0.0","DE","gl_kitchen","295889","13","0","13","17","6.29","25.94","118.1","188.97","309.69","1","0","0","0","0","","80","50","30","0","1","0","","","","","","","","","","","","","19.3","92","Out of stock","73","2026-08-19","2026-08-10","Yes","No","16.9","19.3","2026-08-10","80","1","0","0","40","N","","",""
"2026-08-13","RPALHDE041","X002GSILGR","B0G5H74V9Y","3 Pack Metal Dual Use Stylus Pen (Pink, Sky Blue, Silver)","","0","0","0","3","0","0","0","0","0","EUR","0","0","0","0","Low traffic","0.0","0.0","4.09","0.0","NoRestockExcessActionRequired","","","0","0","","1.46","1.43E-4","cubic meter","Standard","0.0","DE","gl_pc","1092804","0","0","","","4.09","0.0","0.0","0.0","0.0","0","0","3","0","0","","0","0","0","0","1","0","","","","","","","","","","","","","88.2","37","Out of stock","60","2026-08-11","2026-08-10","Yes","No","21.7","88.2","2026-08-10","0","1","0","0","1","N","","",""
"2026-08-13","RPALHDE105","X002H9YNM1","B0GCRF2JFV","120 Dots Collar Stays for Shirts Collar Stays for Men Shirt Collar Attachment Patches Self-Adhesive Polo Collar Fixed Dots","New","3","0","0","7","0","0","0","0","0","EUR","1","11","18","28","Low traffic","4.89","0.0","4.89","0.0","Create Outlet deal","0","3.91","2","0","117.6","3.47","1.0E-4","cubic meter","Standard","3.0E-4","DE","gl_office_product","","144","0","19","24","4.89","4.11","45.21","73.98","115.08","0","7","0","0","0","0.06","50","0","50","0","0","0","","","","","","","","","","","","","28.2","24","Low stock","0","","2026-08-10","Yes","No","28.2","27.9","2026-08-10","53","0","0","0","144","N","","",""
"2026-08-13","DLH250905","X002DPXMDP","B0FMNNFP94","Silikon-Dichtungsringe für Instant Pot, Schnellkochtopf-Ersatzdichtung","New","21","10","0","25","5","1","0","0","0","EUR","1","4","9","11","Low traffic","6.79","0.0","6.79","0.0","Create Outlet deal","0","5.43","2","0","158.72","0.4","1.0E-4","cubic meter","Standard","0.0021","DE","gl_home","983868","239","31","21","24","6.79","5.71","22.84","51.71","64.13","23","0","2","1","0","0.08","0","0","0","0","0","0","","","","","","","","","","","","","211.9","5","","0","","2026-08-10","Yes","No","183.0","211.9","2026-08-10","31","0","0","0","239","N","","",""
"2026-08-13","RPALHDE089","X002GWOP09","B0G68XQ9CW","CVNRCLP Universelle Thermo Handyhülle aus Daunen, Wasserabweisend, Schützt vor Kälte & Hitze, Für alle Smartphones bis 6,7 Zoll, Grün","New","40","0","0","43","0","0","0","0","0","EUR","3","22","41","45","","5.99","0.0","5.99","0.0","Create Outlet deal","0","0.0","0","0","136.25","1.68","1.0E-4","cubic meter","Standard","0.003999","DE","gl_electronics","58232","366","0","27","43","5.99","15.09","111.17","207.08","227.88","43","0","0","0","0","0.1","110","20","90","0","1","0","","","","","","","","","","","","","29.3","4","","0","","2026-08-10","Yes","No","15.0","29.3","2026-08-10","150","0","1","0","366","N","","",""
"2026-08-13","DLH250916","X002DQ2ATV","B0FMNRM2LC","Antennenaufsatz, dekorativer Antennenaufsatz - Dachdekoration in Autoform (gelb)","New","11","0","0","14","0","0","0","0","0","EUR","2","13","25","40","Low traffic","6.69","0.0","6.69","0.0","NoExcessInventory","11","0.0","0","0","0.0","2.12","1.0E-4","cubic meter","Standard","0.0011","DE","gl_electronics","129605","100","0","24","26","6.69","11.24","73.06","140.5","224.8","0","14","0","0","0","0.02","70","20","50","0","1","0","","","","","","","","","","","","","45.9","40","Low stock","0","","2026-08-10","Yes","No","45.6","45.9","2026-08-10","81","1","0","0","137","N","","",""
"2026-08-13","RPALHDE126","X002HA1Q4D","B0GCRXVBXR","CVNRCLP Keyring with Letter, Butterfly Pendant, Tassel Sequins, Women Keyring Gift, Girls Birthday Gift, Purple","New","32","0","0","31","0","1","0","0","0","EUR","0","0","1","4","Low traffic","4.28","0.0","4.28","0.0","Create Outlet deal","0","3.58","2","0","177.47","0.22","1.0E-4","cubic meter","Apparel","0.0032","DE","gl_apparel","1590692","366","32","","156","4.28","0.0","0.0","3.76","16.33","0","16","15","1","0","0.06","16","16","0","0","0","0","","","","","","","","","","","","","960.0","3","","0","","2026-08-10","Yes","No","960.0","391.2","2026-08-10","48","0","0","0","366","N","","",""
"2026-08-13","DLH250907","X002DP2WOP","B0FMJPMWPD","Silikon-Backmatte, Kuchenmatte, Silikon-Kuchenmatte, Silikon-Backmatte mit Messungen, für Kuchen, Drehteller, Ständer, antihaftbeschichtet, hitzebeständig, Gebäck-Backblech, Rosa","New","0","20","0","20","0","0","0","0","0","EUR","0","3","10","17","Low traffic","5.59","0.0","5.59","0.0","NoRestockExcessActionRequired","20","0.0","0","0","0.0","1.9","0.002138","cubic meter","Standard","0.0","DE","gl_home","725848","264","0","53","30","5.59","0.0","14.1","49.31","83.98","20","0","0","0","0","0.05","40","20","20","0","0","1","","","","","","","","","","","","","23.9","12","","0","","2026-08-10","Yes","No","6.0","23.9","2026-08-10","60","0","0","0","366","N","","",""
"2026-08-13","RPALHDE060","X002GTIFNP","B0G5PLN89X","Pack of 2 Flat Bum Bag, Travel Bum Bag, Theft-Proof Waterproof Flat Waist Bags, Money Belt with RFID Blocker, Anti-Theft, Festival Bumbag for Men and Women, Wearable Under Clothing","New","20","0","0","20","1","0","0","0","0","EUR","0","5","16","23","Low traffic","6.99","0.0","6.99","0.0","NoExcessInventory","20","0.0","0","0","0.0","1.35","0.001729","cubic meter","Standard","0.034571","DE","gl_luggage","558008","249","0","56","39","6.99","0.0","29.35","93.92","135.86","20","0","0","0","0","0.05","50","10","40","0","0","0","","","","","","","","","","","","","51.8","23","Low stock","0","","2026-08-10","Yes","No","23.5","51.8","2026-08-10","70","0","0","0","291","N","","",""
"2026-08-13","RPALHDE001","X002GSW5SR","B0G5J9M216","Toast Schlüsselanhänger lustig, Anhänger Tasche, süßer Bag Charm für Tasche & Rucksack, Abschiedsgeschenk Kollegin, Viel Glück, Glücksbringer Schlüsselanhänger für neuen Job & Kollegen, rente geschenk","New","15","50","0","65","0","0","0","0","0","EUR","0","1","12","12","Low traffic","4.89","0.0","4.89","0.0","Create Outlet deal","0","4.31","2","0","164.23","0.62","1.0E-4","cubic meter","Apparel","0.0015","DE","gl_apparel","851705","366","0","60","16","4.89","0.0","4.11","50.2","50.2","65","0","0","0","0","0.12","0","0","0","0","0","0","","","","","","","","","","","","","44.8","3","","0","","2026-08-10","Yes","No","38.0","44.8","2026-08-10","65","0","0","0","366","N","","",""
"2026-08-13","RPALHDE137","X002H9TFH9","B0GCRYBMZV","CVNRCLP Fliege für Jungen Herren, Längenverstellbar Fliege Klassische, für Party, Karneval, Hochzeit (Rot)","New","31","0","0","15","16","0","0","0","0","EUR","1","2","2","2","Low traffic","3.99","0.0","3.99","0.0","Advertise listing","0","0.0","0","0","110.21","0.03","1.0E-4","cubic meter","Apparel","0.0031","DE","gl_apparel","1890326","366","31","62","201","3.99","3.35","6.7","6.7","6.7","0","0","15","0","0","0.06","0","0","0","0","0","0","","","","","","","","","","","","","2494.0","2","","0","","2026-08-10","Yes","No","978.0","2494.0","2026-08-10","31","0","0","0","366","Y","Holiday Season","2026-10-24","2026-12-25"
"2026-08-13","RPALHDE196","X002H3KPXD","B0G91XSNHD","1 Stück Rosa Schleife Schminktasche, Kleine Schminktasche, wasserdichte Cord Kosmetiktasche mit Reißverschluss, Ästhetischer Reise Toilettentaschenorganizer","New","28","1","0","30","0","0","0","0","0","EUR","1","2","5","6","Low traffic","7.59","0.0","7.59","0.0","Create Outlet deal","2","6.39","2","0","7.72","0.44","9.81E-4","cubic meter","Standard","0.027477","DE","gl_luggage","69095","176","0","56","60","7.59","6.38","12.76","32.89","39.6","20","10","0","0","0","0.68","0","0","0","0","1","0","","","","","","","","","","","","","195.5","7","","0","","2026-08-10","Yes","No","195.5","153.8","2026-08-10","29","1","0","0","183","N","","",""
"2026-08-13","DLH250945","X002EPBENT","B0FRSHS1NG","CVNRCLP Sturmhaube für Damen und Herren, Dünnes Lycra, DREI Löcher, Vollgesichtsmaske für Motorrad, Fahrrad, Jagd, Radfahren, Ski","New","15","0","0","15","0","0","0","0","0","EUR","0","1","10","14","Low traffic","5.59","0.0","5.59","0.0","Create Outlet deal","4","5.19","2","0","10.6","1.41","1.0E-4","cubic meter","Apparel","0.0015","DE","gl_apparel","556439","340","0","260","60","5.59","0.0","4.7","46.04","64.33","15","0","0","0","0","0.03","50","15","35","0","1","0","","","","","","","","","","","","","61.0","12","","0","","2026-08-10","Yes","No","61.0","40.1","2026-08-10","65","1","0","0","366","N","","",""
"2026-08-13","DLH251145","X002GG82RH","B0G3GW6J1J","Weicher Winterschal, Warm, Modisch Und Bequem, Damenschal, Kamelhaarfarbig","","0","0","0","1","0","0","0","0","0","EUR","0","0","0","0","","0.0","0.0","0.0","0.0","NoRestockExcessActionRequired","","","0","0","","0.0","0.00152","cubic meter","Apparel","0.0","DE","gl_apparel","4045565","0","0","","","10.99","0.0","0.0","0.0","0.0","1","0","0","0","0","","0","0","0","0","0","0","","","","","","","","","","","","","","0","","0","","","","","","","2026-08-10","0","0","0","0","0","N","","",""
"2026-08-13","RPALHDE158","X002H9YTDJ","B0GCT26T8Y","Messwerkzeug-Messschablone, multifunktionale Zeichen-Schablone, Kunststoff-Geometrieschablone für Büro, Schule, Architektur, Studium und technische Zeichnungen","New","29","0","0","15","14","0","0","0","0","EUR","0","2","2","8","Low traffic","6.79","0.0","6.79","0.0","Create Outlet deal","0","5.59","2","0","136.82","0.27","7.1E-5","cubic meter","Standard","0.002055","DE","gl_office_product","1005399","245","29","58","47","6.79","0.0","11.42","11.42","46.64","0","0","15","0","0","0.05","0","0","0","0","0","0","","","","","","","","","","","","","444.0","9","","0","","2026-08-10","Yes","No","444.0","282.0","2026-08-10","29","0","0","0","245","N","","",""
"2026-08-13","RPALHDE178","X002HAERXZ","B0GCW3QB7G","CVNRCLP 8er Eier-Aufbewahrungsbox für Kühlschrank, Transparent PP Lebensmittelecht, Bruchsicher & Rutschfest, Platzsparend","New","19","0","0","0","15","4","0","0","0","EUR","0","0","1","2","Low traffic","8.49","0.0","8.49","0.0","Advertise listing","0","0.0","0","0","136.25","0.1","1.0E-4","cubic meter","Standard","0.0019","DE","gl_home","2170448","366","19","","123","8.49","0.0","0.0","7.64","15.87","0","0","0","4","0","0.05","0","0","0","0","0","0","","","","","","","","","","","","","","0","","0","","","","","","883.0","2026-08-10","19","0","0","0","366","N","","",""
"2026-08-13","DLH250871","X002DPS1HR","B0FMNNBQ7V","CVNRCLP Handy-Anhänger mit Natursteinen, Kristall, Handschlaufe, Handschlaufe, Handschlaufe, hängende Schnur, Anti-Verlust-Schlüsselanhänger für Frauen, Einheitsgröße, Kristall, 1","New","13","0","0","2","11","0","0","0","0","EUR","0","0","1","4","Low traffic","5.19","0.0","5.19","0.0","Create Outlet deal","0","4.47","2","0","49.18","0.29","1.0E-4","cubic meter","Apparel","0.0013","DE","gl_jewelry","445028","366","23","","107","5.19","0.0","0.0","4.7","18.8","1","0","1","0","0","0.03","20","10","10","0","0","0","","","","","","","","","","","","","","1","","0","","","","","","291.8","2026-08-10","33","0","0","0","366","N","","",""
"2026-08-13","DLH250960","X002EY42T3","B0FSWBC7GB","12 Stück Jeansknöpfe ohne Nähen, 17 mm, Verstellbar, Metall, Silber & Bronze, Für Hosen, Jacken & Taschen, Einfache Montage","New","2","0","0","0","0","2","0","0","0","EUR","0","0","0","0","Low traffic","5.79","0.0","5.79","0.0","Advertise listing","0","0.0","0","0","11.38","0.0","1.0E-4","cubic meter","Standard","2.0E-4","DE","gl_home","2650622","366","2","","","5.79","0.0","0.0","0.0","0.0","0","0","0","2","0","0.01","0","0","0","0","0","0","2","0.01","0","0.0","0","0.0","0","0.0","0","0.0","0","0.0","","0","","0","","","","","","","2026-08-10","2","0","0","0","366","N","","",""
"2026-08-13","DLH250805","X002DPFZ0X","B0FMK7RGQJ","Zeltheringe aus Kunststoff, robuste Kunststoff-Zeltnägel zur Befestigung von Campingzelt, Regenplanen, Garten, Unkrautmatte, 20 Stück","New","30","0","0","31","0","0","0","0","0","EUR","0","8","14","18","Low traffic","5.99","0.0","5.99","0.0","NoExcessInventory","0","5.11","2","0","29.96","1.01","1.0E-4","cubic meter","Standard","0.003","DE","gl_lawn_and_garden","164293","366","0","35","50","6.04","0.0","40.24","70.42","90.54","0","31","0","0","0","0.03","40","0","40","0","0","0","","","","","","","","","","","","","100.8","12","","0","","2026-08-10","Yes","No","100.8","81.8","2026-08-10","70","0","0","0","366","N","","",""
"2026-08-13","RPALHDE162","X002H1ZQIT","B0G87VT4FG","5 Stück Doppelhaken Angelhaken mit Vorfach Jigköpfe 8#-12# mit Umgekehrter Grundschnur Verhedderungssicheres Multimodell-Angelhaken Set Kein Hängenbleiben am Grund Geeignet für Seen Flüsse Meere etc","New","30","0","0","0","31","0","0","0","0","EUR","0","2","4","9","Low traffic","7.59","0.0","7.59","0.0","NoRestockExcessActionRequired","","","0","0","","0.28","1.0E-4","cubic meter","Standard","0.003","DE","gl_sports","244952","260","0","60","43","7.98","0.0","13.1","26.52","60.07","0","0","0","0","0","","0","0","0","0","0","0","","","","","","","","","","","","","315.2","7","","0","","2026-08-10","Yes","No","312.3","315.2","2026-08-10","30","0","0","0","260","N","","",""
"2026-08-13","RPALHDE209","X002HACZS9","B0GCVFDJF2","Perlenbroschen-Pins für Frauen - Dekorative kleine Sicherheitsnadeln für Kleidung, Hijab-Pin, modischer Pullover, Hemd, Röcke, Kleider, Hosen, Ärmel, Hüte, Kragen, Schals, Taschen, Treffen","New","23","0","0","25","0","0","0","0","0","EUR","2","7","17","17","Low traffic","4.89","0.0","4.89","0.0","Create Outlet deal","5","3.99","2","0","14.3","0.93","9.4E-5","cubic meter","Apparel","0.002173","DE","gl_jewelry","132430","123","0","13","17","4.89","8.22","29.11","71.19","71.19","16","0","9","0","0","0.05","0","0","0","0","1","0","","","","","","","","","","","","","101.1","10","","0","","2026-08-10","Yes","No","83.8","101.1","2026-08-10","23","1","0","0","125","N","","",""
"2026-08-13","DLH250879","X002DP3R6R","B0FMJGY7NM","Kreolen-Ohrstecker-Set für Männer und Frauen, Kein Piercing, Schmuck für Abschlussfeier, Ostern, Weihnachten, Einheitsgröße, Titanstahl","","0","0","0","0","0","1","0","0","0","EUR","0","0","0","0","","0.0","0.0","0.0","0.0","NoRestockExcessActionRequired","","","0","0","","0.0","1.0E-4","cubic meter","Apparel","0.0","DE","gl_jewelry","4412263","0","0","","","8.99","0.0","0.0","0.0","0.0","0","0","0","1","0","","0","0","0","0","0","0","","","","","","","","","","","","","","0","","0","","","","","","","2026-08-10","0","0","0","0","0","N","","",""
"2026-08-13","RPALHDE208","X002HA2FKH","B0GCRW9S4Y","CVNRCLP Uhrenwerkzeugset, 3.7x1.6in Uhrenwerkzeug, Zeigerabheber Geeignet Für Anfänger Und Erfahrene Uhrmacher","New","31","0","0","30","1","0","0","0","0","EUR","2","2","4","9","Low traffic","4.59","0.0","4.59","0.0","NoExcessInventory","0","3.99","2","0","22.51","0.58","1.0E-4","cubic meter","Apparel","0.0031","DE","gl_watch","456801","366","31","92","66","4.63","7.72","7.72","15.94","36.57","0","30","0","0","0","0.03","15","15","0","0","0","0","","","","","","","","","","","","","987.0","6","","0","","2026-08-10","Yes","No","987.0","150.2","2026-08-10","46","0","0","0","366","N","","",""
"2026-08-13","DLH250855","X002DPGSTF","B0FMK6CP61","CVNRCLP Samtband Weinrot, 2,5 cm Breite 4,5 m Länge, Vintage Samtband für Geschenkverpackung, Weihnachtsdekoration, Hochzeit, Basteln, Schleifenherstellung","New","24","0","0","0","0","25","0","0","0","EUR","4","9","10","13","Low traffic","5.29","0.0","5.29","0.0","NoRestockExcessActionRequired","0","0.0","0","0","100.24","0.5","1.0E-4","cubic meter","Standard","0.0024","DE","gl_office_product","192467","88","0","10","24","5.29","17.8","40.37","45.14","60.14","0","0","0","25","0","0.06","0","0","0","0","0","0","","","","","","","","","","","","","222.8","11","","0","","2026-08-10","Yes","No","131.9","222.8","2026-08-10","24","0","0","0","88","N","","",""
"2026-08-13","DLH250937","X002EKH5CX","B0FR8JC7G6","3 Stück Wasserhahn Adapter, Anschluss Wasserhahn,Gartenschlauch adapter Wasserhahn gartenschlauch Kupplung,Hahnverbinder 3/4 Zoll","New","10","30","0","10","0","0","0","0","0","EUR","0","2","5","5","Low traffic","4.59","0.0","4.59","0.0","Create Outlet deal","0","3.67","2","0","44.57","0.33","1.0E-4","cubic meter","Standard","0.001","DE","gl_home_improvement","196095","366","0","20","26","4.59","0.0","7.72","19.81","19.81","0","0","10","0","0","0.03","0","0","0","0","0","0","","","","","","","","","","","","","199.8","3","","0","","2026-08-10","Yes","No","154.0","199.8","2026-08-10","40","0","0","0","366","N","","",""
"2026-08-13","DLH250962","X002EY7DET","B0FSX6ZQ9T","10 Stück Schwarz Knöpfe mit Stoffüberzug 25mm Satinstoff Bezogen Nähknöpfe Runde Bastelknöpfe Metallschaft Ösenknöpfe Vintage für Mantel Kleidung Jacke Blazer Anzüge DIY","New","9","0","0","11","0","0","0","0","0","EUR","0","0","3","10","Low traffic","4.89","0.0","4.89","0.0","Create Outlet deal","0","4.39","2","0","16.08","1.4","1.0E-4","cubic meter","Standard","9.0E-4","DE","gl_office_product","265317","247","0","","113","4.89","0.0","0.0","13.83","46.1","0","0","11","0","0","0.02","78","39","39","0","1","0","","","","","","","","","","","","","","12","Low stock","0","","","","","","83.0","2026-08-10","87","0","1","0","366","N","","",""
"2026-08-13","DLH250830","X002DP91WV","B0FMK56WDW","CVNRCLP Titan-Stahl-Schmuck, Punk-Geist, Geist, Rock, Kreuz, Edelstahl, Anhänger, Halskette, Geisterband, Merchandise, M, Edelstahl","New","14","0","0","0","15","0","0","0","0","EUR","0","0","1","2","Low traffic","4.89","0.0","4.89","0.0","Advertise listing","0","0.0","0","0","53.83","0.12","1.0E-4","cubic meter","Apparel","0.0014","DE","gl_jewelry","1262905","366","14","","91","4.89","0.0","0.0","4.45","8.9","0","0","0","0","0","0.04","0","0","0","0","1","0","","","","","","","","","","","","","","3","","0","","","","","","794.0","2026-08-10","14","0","1","0","366","N","","",""
"2026-08-13","RPALHDE132","X002HA205R","B0GCSCW68H","Türkises Glas Auge Anhänger, 4 cm Handgefertigter Wandbehang, Dekoration für Auto, Zuhause & Taschen, Türkisches Design","New","16","3","0","21","0","0","0","0","0","EUR","0","0","6","14","Low traffic","5.49","0.0","5.49","0.0","Advertise listing","0","0.0","0","0","96.84","1.5","1.0E-4","cubic meter","Standard","0.0016","DE","gl_home","1204823","366","0","","61","5.49","0.0","0.0","27.66","64.54","21","0","0","0","0","0.05","50","10","40","0","2","0","","","","","","","","","","","","","","3","","0","","","","","","30.6","2026-08-10","69","2","0","0","366","N","","",""
"2026-08-13","DLH250941","X002EO0LRZ","B0FRMVHYL3","100 Stück Gardinengleiter Gardinenröllchen Gardinenhaken Faltengleiter 10,9 mm Kopf mit Faltenhaken für Gardinenschienen Vorhangschienen Gardinenbretter Gardinen Laufschienen - Weiß","New","8","0","0","1","7","0","0","0","0","EUR","1","10","12","15","Low traffic","6.09","0.0","6.09","0.0","NoExcessInventory","8","0.0","0","0","0.07","0.59","1.0E-4","cubic meter","Standard","8.0E-4","DE","gl_home","241926","366","0","19","41","6.09","5.12","51.2","61.78","78.13","1","0","0","0","0","0.02","40","0","40","0","0","0","","","","","","","","","","","","","181.1","3","","0","","2026-08-10","Yes","No","56.8","181.1","2026-08-10","48","0","0","0","366","N","","",""
"2026-08-13","DLH250902","X002DPXFB9","B0FMNXGBQ9","CVNRCLP Handytasche mit Reißverschluss, Umhängeband, Brustbeutel für Handy, Stoßfeste Handyhülle, Wasserdicht, Schwarz","New","20","0","0","0","21","0","0","0","0","EUR","1","9","10","11","Low traffic","5.89","0.0","5.89","0.0","Create Outlet deal","0","4.71","2","0","96.48","0.45","4.3E-4","cubic meter","Standard","0.008595","DE","gl_electronics","92978","171","20","8","23","5.89","4.95","44.55","49.5","54.62","0","0","0","0","0","0.05","0","0","0","0","0","0","","","","","","","","","","","","","337.0","9","","0","","2026-08-10","Yes","No","132.2","337.0","2026-08-10","20","0","0","0","171","N","","",""
"2026-08-13","DLH250812","X002DPWX6R","B0FMNPLHSS","CVNRCLP Spiral-Ohrdehner, Acryl, Schwarz, 8 Stück, Acryl","New","19","1","0","20","0","0","0","0","0","EUR","0","0","2","2","Low traffic","5.59","0.0","5.59","0.0","Advertise listing","0","0.0","0","0","96.59","1.05","1.0E-4","cubic meter","Apparel","0.0019","DE","gl_jewelry","1241536","227","0","","123","5.59","0.0","0.0","9.74","9.74","20","0","0","0","0","0.05","0","0","0","0","0","0","","","","","","","","","","","","","","3","","0","","","","","","37.2","2026-08-10","20","0","0","0","227","N","","",""
"2026-08-13","RPALHDE005","X002GTNZKN","B0G5PMPZSG","CVNRCLP 2 Stück Mini Reise Schmuckbeutel, Faltbarer PU-Leder Organizer, Druckknopfverschluss, Für Ohrringe, Ringe & Halsketten, Beige + Grau","New","1","0","0","1","0","0","0","0","0","EUR","0","0","0","2","Low traffic","5.19","0.0","5.19","0.0","CreateShippingPlan","0","0.0","0","0","2.71","0.27","1.0E-4","cubic meter","Standard","1.0E-4","DE","gl_home","","366","0","","6","5.59","0.0","0.0","0.0","10.4","0","1","0","0","0","0.0","0","0","0","0","0","0","","","","","","","","","","","","","","0","","0","","","","","","355.5","2026-08-10","1","0","0","0","366","N","","",""
"2026-08-13","DLH250817","X002DPAVP7","B0FMK4X5C1","CVNRCLP 2 Stück Truthahn-Bratenspritze groß, Huhn, Backpipette, Aquarium-Injektor, Kunststoff-Tropfgummikopf","New","22","0","0","1","20","1","0","0","0","EUR","0","5","10","19","Low traffic","7.69","0.0","7.69","0.0","NoExcessInventory","22","0.0","0","0","0.0","0.66","0.001483","cubic meter","Standard","0.032624","DE","gl_home","741773","257","0","49","42","7.69","0.0","33.62","68.77","132.94","0","0","1","1","0","0.76","40","20","20","0","0","0","","","","","","","","","","","","","227.7","14","","0","","2026-08-10","Yes","No","227.7","140.4","2026-08-10","62","0","0","0","366","N","","",""
"2026-08-13","RPALHDE091","X002GTGLIV","B0G5PTBS7Q","CVNRCLP Lkw Schlüsselanhänger aus Edelstahl, Silber, Truck Design, Für Autoschlüssel, Taschen & Rucksäcke, Praktisches Geschenk für Fahrer","New","25","0","0","26","0","0","0","0","0","EUR","1","14","23","33","Low traffic","4.99","0.0","4.99","0.0","Create Outlet deal","0","3.99","2","0","117.56","1.66","1.0E-4","cubic meter","Apparel","0.0025","DE","gl_apparel","429143","180","0","12","17","4.99","4.19","58.66","96.46","138.7","20","6","0","0","0","0.05","20","20","0","0","2","0","","","","","","","","","","","","","39.9","17","","0","","2026-08-10","Yes","No","29.4","39.9","2026-08-10","45","1","1","0","331","N","","",""
"2026-08-13","RPALHDE171","X002H9TALZ","B0GCSCHM3K","Evil Eye Brosche Für Damen – Kristall Strass Anstecknadel Mit Bösem Blick - Charmante Brosche Für Schal - Pullover Und Mantel Perfektes Schmuckstück Für Jede Gelegenheit","New","9","0","0","9","0","0","0","0","0","EUR","0","2","6","12","Low traffic","5.59","0.0","5.59","0.0","Create Outlet deal","0","4.63","2","0","35.44","1.85","1.0E-4","cubic meter","Apparel","9.0E-4","DE","gl_jewelry","895279","366","0","188","101","5.59","0.0","9.74","29.18","58.4","0","9","0","0","0","0.02","85","50","35","0","0","0","","","","","","","","","","","","","56.8","6","","0","","2026-08-10","Yes","No","56.8","42.9","2026-08-10","94","0","0","0","366","N","","",""
"2026-08-13","RPALHDE160","X002HA20W5","B0GCT2JL46","CVNRCLP Manuelle Drehscheibe Für Töpfern Mit Präzisem Aluminiumrahmen Stabiler Drehteller Für Ton Und Keramik Kompakte Modellierscheibe Zum Drehen Und Dekorieren","New","24","0","0","0","25","0","0","0","0","EUR","2","6","6","7","Low traffic","8.99","0.0","8.99","0.0","NoRestockExcessActionRequired","0","0.0","0","0","146.23","0.25","1.0E-4","cubic meter","Standard","0.0024","DE","gl_furniture","306988","218","24","16","44","8.99","15.1","45.26","45.26","52.98","0","0","0","0","0","0.06","0","0","0","0","0","0","","","","","","","","","","","","","648.8","7","","0","","2026-08-10","Yes","No","274.0","648.8","2026-08-10","24","0","0","0","218","N","","",""
"2026-08-13","DLH250894","X002DQ2B4P","B0FMNQ48SM","Fahrrad-Lenkergriffe, weich, rutschfest, für Kinderfahrrad, Roller, Lenkergriffe, Gummigriffabdeckung, universelle Kinder-Fahrradgriffe für Kinder, Jungen, Mädchen","New","31","0","0","38","0","0","0","0","0","EUR","9","24","39","52","Low traffic","5.09","0.0","5.09","0.0","Create Outlet deal","0","4.07","2","0","159.53","3.12","3.87E-4","cubic meter","Standard","0.011988","DE","gl_outdoors","34794","20","0","11","17","5.09","38.52","102.72","164.97","217.36","38","0","0","0","0","0.06","40","40","0","0","3","0","","","","","","","","","","","","","24.7","31","","0","","2026-08-10","Yes","No","24.7","14.9","2026-08-10","71","3","0","0","53","N","","",""
"2026-08-13","DLH250848","X002DQEGP7","B0FMF9Y89B","1-10 Nummerierte Anhänger mit Schlüsselring Edelstahl Schlüsselringe mit Nummern Runde Nummer Schlüsselanhänger für Schlafsaal Schließfächer Gepäck Restaurant und Hotelbedarf","New","18","0","0","21","0","0","0","0","0","EUR","4","6","20","23","Low traffic","5.49","0.0","5.49","0.0","NoExcessInventory","18","0.0","0","0","0.0","1.03","2.9E-5","cubic meter","Standard","5.13E-4","DE","gl_office_product","65676","64","0","25","21","5.49","18.44","27.66","94.58","108.92","0","0","21","0","0","0.04","20","0","20","0","0","0","","","","","","","","","","","","","193.3","27","Low stock","0","","2026-08-10","Yes","No","193.3","134.7","2026-08-10","38","0","0","0","64","N","","",""
"2026-08-13","RPALHDE175","X002HA0PMR","B0GCS63DWM","CVNRCLP Pack of 40 Screw Hooks, Black Hook Screws, Ceiling Hooks, M4 x 40 mm, Hooks for Screwing Carbon Steel, Screw Hooks, Cup Hooks, Screws for Hanging Plants, Tea Cups, Christmas Lights","New","11","0","0","10","0","1","0","0","0","EUR","0","0","4","4","Low traffic","5.39","0.0","5.39","0.0","NoRestockExcessActionRequired","0","0.0","0","0","43.06","0.53","1.0E-4","cubic meter","Standard","0.0011","DE","gl_home_improvement","645118","174","11","","35","5.39","0.0","0.0","19.14","19.14","0","10","0","1","0","0.03","0","0","0","0","0","0","","","","","","","","","","","","","","5","","0","","","","","","261.3","2026-08-10","11","0","0","0","174","N","","",""
"2026-08-13","RPALHDE204","X002HA2CQ9","B0GCRXJCPM","2 Stück Samt Schleife Haarspangen, Weinrot & Schwarz, Festliches Design, Für Damen, Für Weihnachten, Partys & Alltag","New","17","0","0","0","17","0","0","0","0","EUR","0","0","0","2","Low traffic","4.69","0.0","4.69","0.0","Advertise listing","0","0.0","0","0","57.76","0.11","3.0E-4","cubic meter","Standard","0.0051","DE","gl_beauty","361250","366","17","","110","4.69","0.0","0.0","0.0","8.9","0","0","0","0","0","0.13","0","0","0","0","0","0","","","","","","","","","","","","","","1","","0","","","","","","782.5","2026-08-10","17","0","0","0","366","N","","",""
"2026-08-13","RPALHDE087","X002GTHM1V","B0G5PRBF9G","2 Stück Gummi Pedalauflagen für Brems- & Kupplungspedal, Rutschfest, Langlebig, Einfache Montage, Verbessert Fahrsicherheit, Schwarz","New","1","0","0","2","0","0","0","0","0","EUR","3","12","16","20","Low traffic","6.79","0.0","6.79","0.0","NoExcessInventory","0","0.0","0","0","0.0","3.04","1.0E-4","cubic meter","Standard","1.0E-4","DE","gl_automotive","109391","57","0","17","33","6.79","17.13","70.17","94.93","119.27","2","0","0","0","0","0.0","50","30","20","0","0","0","","","","","","","","","","","","","26.4","16","Low stock","0","","2026-08-10","Yes","No","17.7","26.4","2026-08-10","51","0","0","0","165","N","","",""
"2026-08-13","RPALHDE201","X002HABHID","B0GCVXQQMC","4 Stück Holz Blumenstecker Danke Dass Du Mir Beim Wachsen Geholfen Hast, Holzstecker Blumentopf Holzschild für Erzieherin Lehrer Danke Geschenk Kita Kindergarten Abschiedsgeschenk","New","29","31","0","30","0","0","0","0","0","EUR","0","3","35","39","Low traffic","6.89","0.0","6.89","0.0","NoExcessInventory","30","0.0","0","0","0.0","2.6","1.0E-4","cubic meter","Standard","0.0029","DE","gl_office_product","165692","358","0","77","19","6.89","0.0","17.37","202.65","225.81","30","0","0","0","0","0.07","29","0","29","0","0","0","","","","","","","","","","","","","25.8","19","","0","","2026-08-10","Yes","No","7.3","25.8","2026-08-10","89","0","0","0","358","N","","",""
"2026-08-13","DLH251123","X002GGAQNF","B0G3GPL175","CVNRCLP Schals & Stolen für Damen, modischer weicher warmer Wintergürtel, weißer schwarzer Schal mit Quaste für Frauen Mädchen, schwarz","","0","0","0","1","0","0","0","0","0","EUR","0","0","0","0","","0.0","0.0","0.0","0.0","NoRestockExcessActionRequired","","","0","0","","0.0","0.003022","cubic meter","Apparel","0.0","DE","gl_apparel","4008555","0","0","","","11.49","0.0","0.0","0.0","0.0","1","0","0","0","0","","0","0","0","0","0","0","","","","","","","","","","","","","","0","","0","","","","","","","2026-08-10","0","0","0","0","0","N","","",""
"2026-08-13","DLH251140","X002GG3O4N","B0G3GNXXY1","CVNRCLP Wärmender Schal, Weich Auf Der Haut, Modisch Und Bequem, Unisex, Schwarz-grau","","0","0","0","1","0","0","0","0","0","EUR","","","","","","0.0","0.0","0.0","0.0","NoRestockExcessActionRequired","","","0","0","","0.0","0.003696","cubic meter","Apparel","0.0","DE","gl_apparel","","","0","","","11.99","","","","","1","0","0","0","0","","0","0","0","0","0","0","","","","","","","","","","","","","","","","","","","","","","","2026-08-10","0","0","0","0","","N","","",""
"2026-08-13","DLH250863","X002DQCCXZ","B0FMFCJRZV","Mini-Messlöffel-Set, Edelstahl, kleine Messlöffel, 1/4 Teelöffel, Dash 1/8 Teelöffel, Prise 1/16 Teelöffel, Smidgen 1/32 Teelöffel, Tropfen 1/64 Teelöffel für Zuhause, Küche, Backen, Kochen, Geschenke","New","0","30","0","30","0","0","0","0","0","EUR","0","1","13","23","Low traffic","6.19","0.0","6.19","0.0","NoRestockExcessActionRequired","30","0.0","0","0","0.0","2.03","2.7E-5","cubic meter","Standard","0.0","DE","gl_home","718570","140","0","160","22","6.19","0.0","5.2","67.6","119.6","30","0","0","0","0","0.07","40","20","20","0","0","0","","","","","","","","","","","","","30.5","30","","0","","2026-08-10","Yes","No","4.9","30.5","2026-08-10","70","0","0","0","195","N","","",""
"2026-08-13","DLH250827","X002DPDWF3","B0FMK44DDD","CVNRCLP Sturmhaube, Skelett-Kostüm, Ganzkopf-Ski-Schlauchschal, gestrickt, Winddicht, wärmend, Kopfbedeckung für Fahrrad, Skateboard, Motorrad, Snowboard, Outdoor-Sport, Schwarz, Schwarz","New","33","0","0","33","0","0","0","0","0","EUR","1","13","27","48","Low traffic","10.1","0.0","10.1","0.0","NoRestockExcessActionRequired","33","0.0","0","0","0.0","2.15","1.0E-4","cubic meter","Apparel","0.0033","DE","gl_apparel","303676","114","0","44","38","10.1","8.49","110.37","231.4","411.16","0","33","0","0","0","0.05","110","80","30","0","0","1","","","","","","","","","","","","","76.3","36","Low stock","0","","2026-08-10","Yes","No","76.3","38.2","2026-08-10","143","0","0","0","273","N","","",""
"2026-08-13","DLH250868","X002DPS0MX","B0FMNCMWQY","Universal Fleischgrill Thermometer Sonden Clip Halter für Umgebungstemperatur Messwerte BBQ Grill Ofen Smoker, 2 Stück","New","29","0","0","26","1","3","0","0","0","EUR","2","14","20","30","Low traffic","4.49","0.0","4.49","0.0","Create Outlet deal","0","3.59","2","0","121.19","0.9","1.0E-4","cubic meter","Standard","0.0029","DE","gl_biss","58597","115","29","15","23","4.49","7.54","52.78","75.57","115.31","0","26","0","3","0","0.07","25","25","0","0","0","0","","","","","","","","","","","","","89.7","22","","0","","2026-08-10","Yes","No","79.5","89.7","2026-08-10","54","0","0","0","253","N","","",""
"2026-08-13","RPALHDE121","X002H353D5","B0G8MK8JFJ","CVNRCLP 2 Stück 15 cm Wasserdicht Große Runde Augen DIY Handgemachte Augen Selbstklebende Augen Plastik Augen Aufkleber Große Bewegliche Flexible Augen für Dekoration DIY Projekte Puppen","New","25","0","0","15","10","0","0","0","0","EUR","3","7","12","15","Low traffic","7.49","0.0","7.49","0.0","Create Outlet deal","5","6.15","2","0","43.24","0.5","6.57E-4","cubic meter","Standard","0.016416","DE","gl_furniture","467144","115","20","14","21","7.49","18.87","44.03","76.33","96.22","0","0","15","0","0","0.06","0","0","0","0","0","1","","","","","","","","","","","","","172.3","16","","0","","2026-08-10","Yes","No","125.6","172.3","2026-08-10","25","0","0","0","115","N","","",""
"2026-08-13","DLH251141","X002GG7C4V","B0G3GT95ZT","CVNRCLP Überdimensionaler Karokaschmirschal, Langer Schal, Weicher Umschlagtuch, Großer Karofransenschal, Für Männer Und Frauen Geeignet","","0","0","0","1","0","0","0","0","0","EUR","","","","","","0.0","0.0","0.0","0.0","NoRestockExcessActionRequired","","","0","0","","0.0","0.004881","cubic meter","Apparel","0.0","DE","gl_apparel","","","0","","","11.19","","","","","1","0","0","0","0","","0","0","0","0","0","0","","","","","","","","","","","","","","","","","","","","","","","2026-08-10","0","0","0","0","","N","","",""
"2026-08-13","RPALHDE051","X002GWQUVL","B0G6BL1NTG","CVNRCLP Y2K Schlüsselanhänger, Würfelanhänger mit Billardkugel Nr. 8, ästhetisches Accessoire, niedliches Taschen- und Handtaschenzubehör, für Männer und Frauen geeignet","New","48","1","0","31","18","0","0","0","0","EUR","0","2","7","11","Low traffic","4.39","0.0","4.39","0.0","Create Outlet deal","0","4.06","52","0","181.85","0.34","9.6E-5","cubic meter","Apparel","0.004594","DE","gl_apparel","673963","366","49","96","56","4.39","0.0","9.06","32.11","52.59","31","0","0","0","0","0.09","0","0","0","0","0","0","","","","","","","","","","","","","285.0","6","","0","","2026-08-10","Yes","No","285.0","201.8","2026-08-10","49","0","0","0","366","N","","",""
"2026-08-13","DLH250887","X002DQ6DD5","B0FMNXHVW8","2 Stück Hand-Gesichtshaarentfernung, Einfädelwerkzeug, Entferner, Feder, Gesichtshaar-Epilierer, Verwendung für Frauen, Gesichtshaar, Beauty-Werkzeuge, zufällige Farbe","New","27","2","0","35","0","0","0","0","0","EUR","13","39","55","85","Low traffic","5.59","0.0","5.59","0.0","NoExcessInventory","0","4.31","2","0","58.69","2.35","1.0E-4","cubic meter","Standard","0.0027","DE","gl_personal_care_appliances","40078","37","0","11","17","5.59","61.1","183.28","258.48","395.74","0","35","0","0","0","0.07","88","50","38","0","4","1","","","","","","","","","","","","","51.8","73","Low stock","0","","2026-08-10","Yes","No","51.8","38.8","2026-08-10","117","1","3","0","71","N","","",""
"2026-08-13","RPALHDE148","X002H2DU3L","B0G8FSVJ1Q","CVNRCLP Chicken Leg Socks Hühnerbeine Socken, Lustige Socken, Witzige Geschenke, Unisex Hühnersocken für Damen und Männer, Paw Socks, Funny Kostüme, Schwarz-Gelb/Schwarz-Rosa/Weiß-Gelb","New","28","0","0","28","0","0","0","0","0","EUR","0","1","2","10","Low traffic","6.19","0.0","6.19","0.0","NoExcessInventory","28","0.0","0","0","0.0","0.53","1.0E-4","cubic meter","Apparel","0.0028","DE","gl_apparel","791982","199","0","112","36","6.19","0.0","5.2","10.74","55.06","0","20","8","0","0","0.05","0","0","0","0","0","0","","","","","","","","","","","","","857.0","14","","0","","2026-08-10","Yes","No","857.0","127.4","2026-08-10","28","0","0","0","199","N","","",""
"2026-08-13","DLH250822","X002DPETBJ","B0FMK23WW8","Matcha-Sieb & loser Teesieb | Metall feinmaschig Edelstahl | Mini Puderzuckersieb | Teefilter | kleines Matcha-Sieb in Gold (1)","New","8","0","0","0","10","0","0","0","0","EUR","1","3","7","15","Low traffic","7.29","0.0","7.29","0.0","NoExcessInventory","8","0.0","0","0","0.0","1.11","2.89E-4","cubic meter","Standard","0.00231","DE","gl_home","244552","100","0","64","41","7.29","6.13","18.39","42.82","90.3","0","0","0","0","0","0.03","40","20","20","0","1","0","","","","","","","","","","","","","75.4","20","Low stock","0","","2026-08-10","Yes","No","72.4","75.4","2026-08-10","48","1","0","0","150","N","","",""
"2026-08-13","RPALHDE147","X002H9YO75","B0GCS7Z8C4","CVNRCLP 2 Paar Ärmelhalter Verstellbar, Ärmeln Sleeve Holders mit Rutschfesten Verschlussclips Ärmelhalter Damen Herren Hemdärmel Fixierung Stretch Nylon Universal Größe zum Ixieren von Langen Ärmeln","New","17","0","0","10","7","0","0","0","0","EUR","0","0","1","1","Low traffic","5.99","0.0","5.99","0.0","Advertise listing","0","0.0","0","0","88.39","0.07","2.26E-4","cubic meter","Apparel","0.003837","DE","gl_apparel","310435","366","17","","221","5.99","0.0","0.0","5.37","5.37","0","0","10","0","0","0.07","0","0","0","0","0","0","","","","","","","","","","","","","","1","","0","","","","","","1478.0","2026-08-10","17","0","0","0","366","N","","",""
"2026-08-13","RPALHDE040","X002GST3RN","B0G5KHYW6J","Pack of 2 all-metal flap holders with lock, 0-180° adjustable flap support, flap fitting, lid support, door opening limiter for furniture, cabinets, boxes, ceiling","New","5","0","0","5","0","0","0","0","0","EUR","0","0","2","2","Low traffic","5.39","0.0","5.39","0.0","NoRestockExcessActionRequired","0","0.0","0","0","17.67","0.18","1.0E-4","cubic meter","Standard","5.0E-4","DE","gl_home_improvement","686466","116","0","","32","5.39","0.0","0.0","9.4","9.4","0","0","5","0","0","0.02","0","0","0","0","0","0","","","","","","","","","","","","","","3","","0","","","","","","618.5","2026-08-10","5","0","0","0","116","N","","",""
"2026-08-13","RPALHDE197","X002HA0P1D","B0GCRY69S6","3 Stück Maßband Körper,2m Massband Körper,Körpermaßband,Schneidermaßband,Massband Kinder,Handmaß Nähen,Measuring Tape,Maßband Schneider,Messband Körpergröße,Umfangmaßband für Körpermaße,Schneidern","New","18","0","0","19","0","0","0","0","0","EUR","2","7","13","25","Low traffic","7.19","0.0","7.19","0.0","NoExcessInventory","18","0.0","0","0","0.0","1.35","1.0E-4","cubic meter","Standard","0.0018","DE","gl_biss","490873","176","0","44","40","7.25","12.08","42.28","78.52","151.0","0","19","0","0","0","0.04","60","30","30","0","0","0","","","","","","","","","","","","","111.8","20","Low stock","0","","2026-08-10","Yes","No","111.8","82.2","2026-08-10","78","0","0","0","285","N","","",""
"2026-08-13","DLH250824","X002DPFOFJ","B0FMK612G9","CVNRCLP Wiederverwendbare Netz-Weinflaschenhüllen – 22 cm Schutzhüllen für Likör- und Weinflaschen – langlebige und sichere Flaschenschutzhüllen, 30 Stück, weiß, Leicht, wiederverwendbar","New","4","0","0","4","0","0","0","0","0","EUR","2","10","14","43","Low traffic","6.29","0.0","6.29","0.0","CreateShippingPlan","4","0.0","0","0","0.0","7.68","4.14E-4","cubic meter","Standard","0.001656","DE","gl_luggage","422663","9","0","1","1","6.29","10.56","53.38","75.18","233.23","1","3","0","0","0","0.0","0","0","0","0","0","0","","","","","","","","","","","","","26.0","16","Low stock","28","2026-08-16","2026-08-10","Yes","No","26.0","20.7","2026-08-10","4","0","0","0","9","N","","",""
"2026-08-13","DLH250919","X002DPFZIZ","B0FMK7ZSFG","2 Stück Laborlöffel Langer Griff Mikrolöffel für Handhabung von Graphitadditiven Laborsampling und Industrielle Anwendungen","New","7","0","0","1","0","6","0","0","0","EUR","10","11","17","20","Low traffic","4.89","0.0","4.89","0.0","GoToRestock","7","0.0","0","0","0.08","1.46","2.6E-4","cubic meter","Standard","0.00182","DE","gl_biss","74439","29","0","2","4","4.89","41.1","45.21","71.21","84.56","0","0","1","6","0","0.01","0","0","0","0","0","0","","","","","","","","","","","","","105.6","3","","0","","2026-08-10","Yes","No","61.3","105.6","2026-08-10","7","0","0","0","29","N","","",""
"2026-08-13","RPALHDE169","X002H9TDX5","B0GCS6N7KK","CVNRCLP 1 Pcs 27.5 Inches Satin Kopftuch Seidig Haar Schal Stain Bandana Haar Wrap Hals Schal für Frauen Schals für Frauen braune Bandana Kopftuch","New","15","0","0","15","0","0","0","0","0","EUR","0","0","1","5","Low traffic","5.79","0.0","5.79","0.0","NoExcessInventory","1","0.0","0","0","95.39","0.67","0.002681","cubic meter","Apparel","0.040222","DE","gl_apparel","1187011","366","0","","91","5.79","0.0","0.0","4.87","24.76","15","0","0","0","0","0.66","20","10","10","0","1","0","","","","","","","","","","","","","","4","","0","","","","","","115.4","2026-08-10","35","1","0","0","366","N","","",""
"2026-08-13","DLH250963","X002EY64ZX","B0FSWKK68B","4 Sets Stern Knöpfe Ohne Nähen, Verstellbar, 4 Farben, Für Jeans, Hosen & Röcke, Wiederverwendbar, Taille straffen","New","20","0","0","20","0","0","0","0","0","EUR","0","1","4","4","Low traffic","4.69","0.0","4.69","0.0","Advertise listing","","","0","0","","0.2","1.0E-4","cubic meter","Standard","0.002","DE","gl_office_product","1198835","366","0","80","65","4.69","0.0","3.94","17.12","17.12","20","0","0","0","0","","0","0","0","0","4","0","","","","","","","","","","","","","508.0","4","","0","","2026-08-10","Yes","No","508.0","413.0","2026-08-10","20","4","0","0","366","N","","",""
"2026-08-13","DLH250841","X002DQCCY9","B0FMF5GMH4","Verbessertes Abflusssieb für die Küchenspüle, Edelstahlsieb, Ersatz-Ablaufstopfen für Lebensmittel/Haarfänger","New","5","0","0","0","0","5","0","0","0","EUR","3","11","12","13","Low traffic","4.89","0.0","4.89","0.0","Create Outlet deal","0","4.55","2","0","31.53","0.98","1.0E-4","cubic meter","Standard","5.0E-4","DE","gl_home","323308","207","25","16","45","4.89","12.33","45.21","49.99","54.84","0","0","0","5","0","0.01","40","20","20","0","0","0","","","","","","","","","","","","","152.1","1","","0","","2026-08-10","Yes","No","57.8","152.1","2026-08-10","45","0","0","0","366","N","","",""
"2026-08-13","DLH250888","X002DQ13E9","B0FMNYTL5N","CVNRCLP Surfer Boho Halskette mit Holzperlen und Kokosnuss Perlen Armband für Männer und Frauen","New","8","0","0","9","0","0","0","0","0","EUR","6","18","27","40","","6.89","0.0","6.89","0.0","NoExcessInventory","7","0.0","0","0","0.0","3.64","1.0E-4","cubic meter","Apparel","8.0E-4","DE","gl_jewelry","129076","47","0","10","15","6.89","34.74","104.22","156.33","233.81","1","8","0","0","0","0.01","40","20","20","0","1","0","","","","","","","","","","","","","35.9","24","Low stock","0","","2026-08-10","Yes","No","35.9","32.5","2026-08-10","48","1","0","0","90","N","","",""
"2026-08-13","DLH250840","X002DQD531","B0FMF7PMHN","2 Stück Gitarren Reinigungsset, Gitarrenzubehör, Gitarrenreiniger, Gitarrensaitenreiniger, Griffbrettreiniger, Gitarrenwerkzeuge zum Reinigen von Saiten und Griffbrett","New","18","0","0","0","0","18","0","0","0","EUR","0","2","2","3","Low traffic","5.29","0.0","5.29","0.0","Create Outlet deal","0","0.0","0","0","75.21","0.14","1.0E-4","cubic meter","Standard","0.0018","DE","gl_musical_instruments","24671","257","18","36","78","5.52","0.0","8.9","8.9","14.35","0","0","0","18","0","0.05","0","0","0","0","0","0","","","","","","","","","","","","","661.0","7","","0","","2026-08-10","Yes","No","299.0","661.0","2026-08-10","18","0","0","0","257","N","","",""
"2026-08-13","RPALHDE151","X002H245Y9","B0G84QPRKW","Polieraufsatz Polierscheibe 125mm Kompatibel, 4 Stück Lammwolle Polierscheiben 125 mm, Waschbare Polierpads mit Klett für Auto, Holz, Scheinwerfer, Korkböden","New","23","0","0","15","9","0","0","0","0","EUR","0","2","8","11","Low traffic","7.79","0.0","7.79","0.0","NoExcessInventory","23","0.0","0","0","0.0","0.47","0.001486","cubic meter","Standard","0.034182","DE","gl_biss","343734","105","0","46","27","7.79","0.0","13.1","53.36","73.49","0","0","15","0","0","0.05","0","0","0","0","0","0","","","","","","","","","","","","","253.0","14","","0","","2026-08-10","Yes","No","253.0","193.5","2026-08-10","23","0","0","0","105","N","","",""
"2026-08-13","RPALHDE036","X002GTN49P","B0G5PTR56R","CVNRCLP Nano Sparkle Cloth Car Scratches, Nano Sparkle Cloth for Car, Magic Car Scratch Remover, Scratch Removal Repair, for Repairing Light Scratch Paints, Paint Care, Pack of 4","New","3","0","0","0","3","0","0","0","0","EUR","0","0","7","11","Low traffic","5.69","0.0","5.69","0.0","Advertise listing","0","0.0","0","0","14.41","1.65","1.0E-4","cubic meter","Standard","3.0E-4","DE","gl_home","455489","366","33","","74","5.69","0.0","0.0","35.48","55.6","0","0","0","0","0","0.01","60","30","30","0","0","0","","","","","","","","","","","","","","1","","0","","","","","","52.7","2026-08-10","63","0","0","0","366","N","","",""
"2026-08-13","DLH250942","X002EP1CSV","B0FRRSDTT2","100 Überklipshaken mit 7mm Öse Gardinen Haken für Ringe Gardinenhaken zum Einhängen Faltenlegehaken für Gardinenringe Vorhang Haken Clips","New","19","0","0","19","0","0","0","0","0","EUR","5","12","18","26","Low traffic","4.79","0.0","4.79","0.0","NoExcessInventory","19","0.0","0","0","0.24","1.93","1.0E-4","cubic meter","Standard","0.0019","DE","gl_home","211428","167","0","21","32","4.79","20.13","48.32","72.48","104.72","3","16","0","0","0","0.04","45","15","30","0","0","0","","","","","","","","","","","","","57.8","19","","0","","2026-08-10","Yes","No","57.8","51.2","2026-08-10","64","0","0","0","225","N","","",""
"2026-08-13","RPALHDE118","X002H34CS7","B0G8MCSYCP","53.5mm Kaffee Filterkorb Sieb, 2 Tassen Druckloser Filterkorb für Siebträger 53.5mm","New","23","0","0","24","0","0","0","0","0","EUR","0","2","3","4","Low traffic","7.99","0.0","7.99","0.0","Create Outlet deal","0","6.55","2","0","84.6","0.65","1.0E-4","cubic meter","Standard","0.0023","DE","gl_home","858562","216","0","86","139","7.99","0.0","13.59","20.47","27.52","0","22","2","0","0","0.06","20","20","0","0","0","0","","","","","","","","","","","","","750.0","8","","0","","2026-08-10","Yes","No","750.0","142.1","2026-08-10","43","0","0","0","366","N","","",""
"2026-08-13","RPALHDE061","X002GTKO7P","B0G5PVN9WJ","CVNRCLP Verstellbare Fliege Mintgrün, 12 × 6 cm, Hochwertiger Stoff, Für Hochzeiten, Partys, Bälle & Geschäftliche Anlässe, Für Erwachsene","New","2","0","0","8","0","0","0","0","0","EUR","1","25","27","34","Low traffic","7.09","0.0","7.09","0.0","NoExcessInventory","0","5.67","2","0","5.33","3.47","1.0E-4","cubic meter","Apparel","2.0E-4","DE","gl_apparel","432790","366","0","30","73","7.09","5.96","149.0","160.92","202.01","8","0","0","0","0","0.0","190","40","150","0","0","0","","","","","","","","","","","","","13.6","26","Low stock","0","","2026-08-10","Yes","No","7.6","13.6","2026-08-10","192","0","0","0","366","N","","",""
"2026-08-13","DLH250951","X002ETA2PL","B0FS78YKMR","Schwamm Donut Haarstyling Donut Haarknoten Donut Hair Bun Maker French Twist Haar Brötchen Styling Haar Twist Kranz Schnelle Haarknoten Maker Halter Twist für Dünnes Haar, Einfache Frisurenhilfe","New","0","15","0","15","0","0","0","0","0","EUR","0","1","9","10","Low traffic","6.59","0.0","6.59","0.0","CreateShippingPlan","0","0.0","0","0","194.38","0.69","0.00163","cubic meter","Standard","0.0","DE","gl_beauty","266599","366","0","0","0","6.59","0.0","5.54","51.05","57.01","15","0","0","0","0","0.61","0","0","0","0","0","1","","","","","","","","","","","","","132.0","3","","0","","2026-08-10","Yes","No","132.0","99.7","2026-08-10","15","0","0","0","366","N","","",""
"2026-08-13","RPALHDE037","X002GTTZIT","B0G5Q6GQV7","2PCS Car Umbrella Holder Clip Hook,Car Boot Umbrella Hook-Space-Saving & Easy Install for Car Seat,Stroller, Wheelchair,Golf Bag,Truck,Boat,SUV Trunk Organiser","New","18","0","0","10","0","8","0","0","0","EUR","1","1","2","2","Low traffic","5.19","0.0","5.19","0.0","Advertise listing","0","0.0","0","0","43.76","0.17","1.0E-4","cubic meter","Standard","0.0018","DE","gl_automotive","119751","366","18","72","117","5.19","4.36","4.36","9.56","9.56","10","0","0","8","0","0.05","0","0","0","0","0","0","","","","","","","","","","","","","","0","","0","","","","","","870.0","2026-08-10","18","0","0","0","366","N","","",""
"2026-08-13","RPALHDE057","X002GT286P","B0G5KT4FVC","Pack of 12 Drinks Can Openers, Plastic Can Opener for Cola, Can Stopper, Drink Cans Closure, Simple Can Opener (5 x 3.4 cm)","New","4","30","0","4","0","0","0","0","0","EUR","2","16","21","26","Low traffic","5.09","0.0","5.09","0.0","Create Outlet deal","0","4.07","2","0","19.12","3.18","1.0E-4","cubic meter","Standard","4.0E-4","DE","gl_home","524465","173","0","1","2","5.09","8.56","68.46","89.86","111.75","0","4","0","0","0","0.01","0","0","0","0","0","0","","","","","","","","","","","","","32.6","14","","0","","2026-08-10","Yes","No","19.4","32.6","2026-08-10","34","0","0","0","173","N","","",""
"2026-08-13","DLH250872","X002DQEKPD","B0FMFBH1GX","CVNRCLP Schwarzer Choker Samt Choker Halskette Stretch Gothic Choker mit Perlenanhänger für Frauen und Mädchen, M, Leder, Leder","New","17","0","0","19","0","0","0","0","0","EUR","0","1","1","10","Low traffic","4.15","0.0","4.15","0.0","NoExcessInventory","17","0.0","0","0","0.0","1.02","1.0E-4","cubic meter","Apparel","0.0017","DE","gl_jewelry","618281","89","0","68","22","4.15","0.0","3.49","3.49","37.87","0","19","0","0","0","0.04","0","0","0","0","0","0","","","","","","","","","","","","","599.0","14","","5","2026-08-19","2026-08-10","Yes","No","599.0","67.4","2026-08-10","17","0","0","0","89","N","","",""
"2026-08-13","DLH250950","X002ET5Y45","B0FS77J5WF","Eleganter und Charmanter Haar-volumenpolster-clip 3-teiliges Set Volumen-haarvergrößerungspolster Haarlifter Haarpolster-tool für Frauen","New","15","0","0","17","0","0","0","0","0","EUR","2","3","3","4","Low traffic","7.69","0.0","7.69","0.0","Create Outlet deal","5","6.79","2","0","13.25","0.3","1.0E-4","cubic meter","Standard","0.0015","DE","gl_beauty","94669","98","0","20","48","7.69","12.92","19.55","19.55","26.68","0","0","17","0","0","0.03","0","0","0","0","1","1","","","","","","","","","","","","","312.5","7","","0","","2026-08-10","Yes","No","312.5","248.1","2026-08-10","15","1","0","0","106","N","","",""
"2026-08-13","RPALHDE189","X002HA2FXJ","B0GCSR6DC5","10 StÜCk Stossstangen Lochabdeckungen FÜR Parksensoren Auto Stossstange Stopfen Wasserdicht Kunststoff Abdeckkappen FÜR Front Und Heck Einparkhilfe","New","9","30","0","10","0","0","0","0","0","EUR","1","3","5","7","Low traffic","8.69","0.0","8.69","0.0","NoExcessInventory","9","0.0","0","0","0.0","0.97","1.0E-4","cubic meter","Standard","9.0E-4","DE","gl_automotive","152160","206","0","12","16","8.69","7.3","22.58","38.2","53.82","0","10","0","0","0","0.02","0","0","0","0","0","1","","","","","","","","","","","","","125.7","7","","0","","2026-08-10","Yes","No","119.0","125.7","2026-08-10","39","0","0","0","206","N","","",""
"2026-08-13","RPALHDE184","X002H26C3V","B0G888621L","CVNRCLP Scheibenwaschdüse, OE 3B9955985A Waschwasserdüse Ersatz für Bora Caddy Golf Passat Polo Tiguan Touran A3 A4 A6 Octavia Yeti","New","16","0","0","0","16","0","0","0","0","EUR","0","0","0","5","Low traffic","8.89","0.0","8.89","0.0","NoRestockExcessActionRequired","0","8.39","2","0","14.22","0.29","1.0E-4","cubic meter","Standard","0.0016","DE","gl_home_improvement","682369","366","16","","41","9.29","0.0","0.0","0.0","39.85","0","0","0","0","0","0.02","0","0","0","0","0","0","","","","","","","","","","","","","","1","","0","","","","","","492.3","2026-08-10","16","0","0","0","366","N","","",""
"2026-08-13","RPALHDE103","X002HA9S2Z","B0GCVFNNHM","CVNRCLP wasserdichte PU Lederschürze Herren, Schwerlast Schürze Für Kochen, Friseur, Gartenarbeit, Autopflege, Tierpflege, Küchenschürze Schwarz 108 cm","","0","0","0","0","1","0","0","0","0","EUR","0","4","7","11","","0.0","0.0","0.0","0.0","Edit listing","","","0","0","","1.69","0.001234","cubic meter","Apparel","0.0","DE","gl_apparel","","366","0","70","82","6.69","0.0","22.48","39.34","61.99","0","0","0","0","0","","70","20","50","0","0","0","","","","","","","","","","","","","55.6","12","Out of stock","0","","2026-08-10","Yes","No","17.0","55.6","2026-08-10","70","0","0","0","366","N","","",""
"2026-08-13","RPALHDE116","X002HA97IF","B0GCVL3D88","10-Stück Deutschland Flaggen Anstecker,Nationale Abzeichen Badge,Deutsche Flagge Pin,Kleine Flaggenknopfnadeln,Deutschland Nationalflagge Metall Brosche,Deutschland Anstecknadel aus Metall und Emaille","New","23","0","0","23","0","0","0","0","0","EUR","0","4","12","14","Low traffic","6.69","0.0","6.69","0.0","Create Outlet deal","0","5.03","2","0","103.81","1.49","1.0E-4","cubic meter","Apparel","0.0023","DE","gl_jewelry","828317","366","0","52","48","6.69","0.0","22.48","67.86","79.1","20","3","0","0","0","0.06","29","0","29","0","0","0","","","","","","","","","","","","","38.7","1","","0","","2026-08-10","Yes","No","32.0","38.7","2026-08-10","52","0","0","0","366","N","","",""
"2026-08-13","RPALHDE107","X002HA58E7","B0GCVW644S","3 Stück Automatische Lesezeichen, Weiche Silikon Lesezeichen mit Clip, Anti-Rutsch, Für Bücher & Zeitschriften, Weinrot, Blau, Gelb","New","28","1","0","30","0","0","0","0","0","EUR","1","1","11","11","Low traffic","6.39","0.0","6.39","0.0","Create Outlet deal","0","5.35","2","0","133.19","0.88","1.0E-4","cubic meter","Standard","0.0028","DE","gl_office_product","59625","141","0","112","33","6.39","5.37","5.37","61.66","61.66","30","0","0","0","0","0.07","0","0","0","0","1","0","","","","","","","","","","","","","","18","","0","","","","","","46.9","2026-08-10","29","0","1","0","146","N","","",""
"2026-08-13","RPALHDE190","X002H2ISKV","B0G8GHCDSC","2 STÜCKE 1/4 Zoll Weibliche Zu M6 Männlichen Gewinde Adapter Befestigung Kamera Und Stativ Ausrüstung","New","3","0","0","4","0","0","0","0","0","EUR","12","27","35","43","Low traffic","7.99","0.0","7.99","0.0","NoExcessInventory","1","0.0","0","0","0.0","2.07","1.8E-5","cubic meter","Standard","5.4E-5","DE","gl_electronics","12309","122","0","16","34","7.99","80.52","181.17","234.85","290.74","3","1","0","0","0","0.0","110","30","80","0","0","0","","","","","","","","","","","","","62.1","39","Low stock","0","","2026-08-10","Yes","No","20.5","62.1","2026-08-10","113","0","0","0","169","N","","",""
"2026-08-13","DLH250826","X002DPH371","B0FMKB3G4M","CVNRCLP Lustige Küchenschürze Sexy Schürze 3D-lustige Kochschürze Sexy Mann-Frau-Schürze Neuheit Erwachsene für Geburtstagsfeier urkomisches Streiche Geschenk Witz Frauen Küche BBQ Party","New","3","0","0","3","0","0","0","0","0","EUR","1","6","17","28","Low traffic","6.89","0.0","6.89","0.0","NoExcessInventory","3","0.0","0","0","0.0","3.6","1.0E-4","cubic meter","Apparel","3.0E-4","DE","gl_apparel","65489","195","0","62","43","6.89","5.79","34.74","98.43","162.12","3","0","0","0","0","0.0","90","30","60","0","0","0","","","","","","","","","","","","","37.3","25","Low stock","0","","2026-08-10","Yes","No","25.7","37.3","2026-08-10","93","0","0","0","307","N","","",""
"2026-08-13","RPALHDE120","X002H34OXP","B0G8MTL9WP","2 Stück Reflektierende Kreuz Aufnäher, Klettverschluss, 11×5 cm, Für Rucksäcke, Jacken & Helme, Erhöhte Sichtbarkeit bei Nacht","New","17","0","0","0","15","2","0","0","0","EUR","0","0","2","2","Low traffic","5.19","0.0","5.19","0.0","Advertise listing","0","0.0","0","0","72.26","0.16","1.0E-4","cubic meter","Standard","0.0017","DE","gl_office_product","1695626","366","17","","110","5.39","0.0","0.0","9.99","9.99","0","0","0","2","0","0.04","0","0","0","0","0","0","","","","","","","","","","","","","","0","","0","","","","","","821.0","2026-08-10","17","0","0","0","366","N","","",""
"2026-08-13","RPALHDE117","X002H339W7","B0G8MKL8ST","2 Stück Duschrinne Hebehaken Edelstahl, Bodenablaufhaken Abflussgitter-Abzieher Abflussschlüssel, Hebehaken Für Küche Bad Duschrinne Und Bodenablaufgitter","New","30","0","0","22","8","0","0","0","0","EUR","0","0","2","3","Low traffic","6.39","0.0","6.39","0.0","Create Outlet deal","0","5.43","2","0","127.25","0.29","1.0E-4","cubic meter","Standard","0.003","DE","gl_home","1532478","366","30","","130","6.39","0.0","0.0","11.42","17.29","21","0","1","0","0","0.08","0","0","0","0","0","0","","","","","","","","","","","","","","7","","0","","","","","","188.0","2026-08-10","30","0","0","0","366","N","","",""
"2026-08-13","RPALHDE186","X002H9YPNX","B0GCRYPNXG","Edelstahl Brosche mit Gebärdensprache Design, Trendiger Pin für Frauen & Männer, Modischer Accessoire für Kleidung, Taschen & Rucksäcke, Gold","New","11","20","0","31","0","0","0","0","0","EUR","0","0","2","2","Low traffic","5.59","0.0","5.59","0.0","Create Outlet deal","0","0.0","0","0","115.19","0.6","1.0E-4","cubic meter","Apparel","0.0011","DE","gl_jewelry","1806023","322","0","","71","5.64","0.0","0.0","10.4","10.4","20","0","11","0","0","0.08","0","0","0","0","0","0","","","","","","","","","","","","","101.3","6","","0","","2026-08-10","Yes","No","101.3","100.5","2026-08-10","31","0","0","0","322","N","","",""
"2026-08-13","DLH250883","X002DPAOT5","B0FMK4YZL2","CVNRCLP Langer Rührlöffel, Kerzenwachsmixer, Multifunktionaler Edelstahl-Löffel mit Langem Griff, Bar-Rührlöffel, Cocktail-Bar-Werkzeug, Für Kaffee, Tee, Wachskerze, Kochlöffel","","0","0","0","1","1","0","0","0","0","EUR","0","0","0","0","","0.0","0.0","0.0","0.0","NoRestockExcessActionRequired","7","3.91","2","0","2.07","0.74","1.0E-4","cubic meter","Standard","0.0","DE","gl_kitchen","1365397","0","0","","","3.85","0.0","0.0","0.0","0.0","0","1","0","0","0","0.03","0","0","0","0","0","0","","","","","","","","","","","","","","0","","0","","","","","","85.2","2026-08-10","0","0","0","0","0","N","","",""
"2026-08-13","RPALHDE019","X002GU4POH","B0G5WR7G3H","4 Stück Inline Kabelschalter, 250 V / 6 A, 2-polig & 3-polig kompatibel, Schwarz & Weiß, Für Lampen & Haushaltsgeräte, DIY-freundlich","New","0","20","0","21","0","0","0","0","0","EUR","2","7","10","10","Low traffic","5.19","0.0","5.19","0.0","Create Outlet deal","0","4.15","2","0","46.06","0.84","1.0E-4","cubic meter","Standard","0.0","DE","gl_biss","75454","79","0","0","0","5.19","8.72","30.69","44.28","44.28","21","0","0","0","0","0.05","0","0","0","0","1","0","","","","","","","","","","","","","72.9","13","","0","","2026-08-10","Yes","No","25.0","72.9","2026-08-10","20","0","1","0","83","N","","",""
"2026-08-13","DLH250803","X002DQ0X0J","B0FMNS1P7J","CVNRCLP 16 Stück Nasenklammern mit Schaumstoffpolsterung, Blaue Kunststoff Nasenclips, Leichte Tragbare Nasenhalter für Erwachsene, Geeignet für Sport und Alltag","New","7","0","0","7","0","0","0","0","0","EUR","1","5","11","17","Low traffic","7.29","0.0","7.29","0.0","CreateShippingPlan","7","0.0","0","0","0.0","3.56","1.0E-4","cubic meter","Standard","7.0E-4","DE","gl_sports","91635","30","0","5","5","7.29","6.13","30.97","69.73","108.49","0","7","0","0","0","0.01","0","0","0","0","0","0","","","","","","","","","","","","","135.5","4","","7","2026-08-19","2026-08-10","Yes","No","135.5","36.9","2026-08-10","7","0","0","0","30","N","","",""
"2026-08-13","RPALHDE133","X002HA2E4J","B0GCRZ3TMP","2stücke Fingerbefeuchter Für Geldzählung Feuchter Schwamm Für Effizientes Bargeldhandling Im Büro Bank Und Zuhause Transparent","New","52","0","0","53","0","0","0","0","0","EUR","1","11","22","31","Low traffic","7.69","0.0","7.69","0.0","NoExcessInventory","52","0.0","0","0","0.0","1.14","1.0E-4","cubic meter","Standard","0.005199","DE","gl_office_product","47497","148","0","18","21","7.69","6.46","71.06","142.14","200.28","30","15","8","0","0","0.12","0","0","0","0","1","0","","","","","","","","","","","","","111.9","31","","0","","2026-08-10","Yes","No","111.9","79.1","2026-08-10","52","0","1","0","152","N","","",""
"2026-08-13","DLH250949","X002EQ5PGF","B0FRXLDKMH","CVNRCLP Venezianische Masken, Maskerade Maske Venezianischen Cosplay Fasching Verkleidung Maskenball Venedig Karneval Mottoparty Kostüm Maske für Herren und Damen","New","18","0","0","1","1","16","0","0","0","EUR","2","2","7","9","Low traffic","7.17","0.0","7.17","0.0","NoExcessInventory","18","0.0","0","0","0.0","0.41","0.001582","cubic meter","Standard","0.028478","DE","gl_toy","137558","125","0","116","83","7.57","12.06","12.06","43.18","55.9","0","1","0","16","0","0.71","40","20","20","0","0","1","","","","","","","","","","","","","610.0","19","Low stock","0","","2026-08-10","Yes","No","610.0","248.4","2026-08-10","58","0","0","0","246","N","","",""
"2026-08-13","RPALHDE076","X002GTJ1EH","B0G5P83N5D","CVNRCLP 2 Paar Katzen-Socken mit 3D-Effekt, Weiche Baumwollsocken für Erwachsene, Schwarz & Weiß, Bequem & Atmungsaktiv, Ideal für Alltag & Geschenke","","0","0","0","1","0","0","0","0","0","EUR","","","","","","0.0","0.0","0.0","0.0","NoRestockExcessActionRequired","","","0","0","","0.0","1.0E-4","cubic meter","Apparel","0.0","DE","gl_apparel","","","0","","","6.99","","","","","1","0","0","0","0","","0","0","0","0","0","0","","","","","","","","","","","","","","","","","","","","","","","2026-08-10","0","0","0","0","","N","","",""
"2026-08-13","RPALHDE187","X002HAA5NL","B0GCW5P72Z","Handgefertigte Stoff Rose Brosche Weinrot, Mit Goldblatt & Kette, Anstecknadel für Anzüge, Kleider & Jacken, Für Hochzeiten & Feiern","New","13","0","0","10","3","0","0","0","0","EUR","0","0","3","5","Low traffic","4.79","0.0","4.79","0.0","Create Outlet deal","0","4.47","2","0","30.28","0.53","1.0E-4","cubic meter","Apparel","0.0013","DE","gl_jewelry","1771801","293","13","","59","4.79","0.0","0.0","13.93","23.5","0","10","0","0","0","0.03","10","10","0","0","0","0","","","","","","","","","","","","","","3","","0","","","","","","180.5","2026-08-10","23","0","0","0","366","N","","",""
"2026-08-13","DLH250952","X002EXFG3F","B0FSRG2SJP","CVNRCLP 2 Stück Brillenetuis aus PU-Leder, Mit Schnappverschluss, Für Standardbrillen & Sonnenbrillen, Braun & Schwarz, Auch für Karten & Schmuck","New","12","0","0","0","0","13","0","0","0","EUR","3","5","6","6","Low traffic","6.79","0.0","6.79","0.0","Create Outlet deal","0","5.43","2","0","68.81","0.28","1.0E-4","cubic meter","Apparel","0.0012","DE","gl_apparel","171138","215","12","9","26","6.79","17.13","28.55","34.42","34.42","0","0","0","13","0","0.02","0","0","0","0","0","0","","","","","","","","","","","","","412.3","1","","0","","2026-08-10","Yes","No","127.3","412.3","2026-08-10","12","0","0","0","215","N","","",""
"2026-08-13","RPALHDE194","X002H2KC3H","B0G8FJNQ5J","CVNRCLP 3-in-1 Fischentschupper aus Edelstahl, 23 × 3,5 cm, Entschuppen, Schneiden & Mahlen, Für Küche & Fischverarbeitung","New","13","0","0","0","10","3","0","0","0","EUR","0","1","1","1","Low traffic","5.69","0.0","5.69","0.0","Advertise listing","0","0.0","0","0","57.12","0.07","2.84E-4","cubic meter","Standard","0.003695","DE","gl_home","1486213","366","13","52","169","5.69","0.0","4.78","4.78","4.78","0","0","0","3","0","0.09","0","0","0","0","0","0","","","","","","","","","","","","","1235.0","1","","0","","2026-08-10","Yes","No","395.0","1235.0","2026-08-10","13","0","0","0","366","N","","",""
"2026-08-13","DLH250954","X002EXKTMN","B0FSRK5S63","CVNRCLP Brillenetui, 2 Stück Tragbar Sonnenbrillen Etui mit Schnappverschluss Brillentasche Weich Brillen Schutzhülle Lesebrillenetui für Damen mit Reinigungstuch","New","14","0","0","0","0","14","0","0","0","EUR","0","0","0","1","Low traffic","8.49","0.0","8.49","0.0","Create Outlet deal","1","7.27","2","0","54.0","0.07","4.56E-4","cubic meter","Apparel","0.006389","DE","gl_apparel","1705278","322","13","","182","8.49","0.0","0.0","0.0","7.47","0","0","0","14","0","0.02","0","0","0","0","0","0","","","","","","","","","","","","","","3","","0","","","","","","645.0","2026-08-10","14","0","0","0","322","N","","",""
"2026-08-13","DLH250815","X002DP947D","B0FMK5TX8V","4 Stück Spannverschluss aus Edelstahl mit Schrauben, Federknebelverschluss, Schnappschelle Clip, Kastenverschluss, Kappenschloss für Werkzeugkasten, Schublade, Truhe, Koffer, Schrank","New","31","0","0","15","16","0","0","0","0","EUR","1","4","7","9","Low traffic","5.19","0.0","5.19","0.0","NoExcessInventory","31","0.0","0","0","0.0","0.29","1.0E-4","cubic meter","Standard","0.0031","DE","gl_home_improvement","307668","180","0","31","44","5.19","4.36","17.44","31.03","40.09","0","0","15","0","0","0.07","0","0","0","0","0","0","","","","","","","","","","","","","336.0","12","","0","","2026-08-10","Yes","No","336.0","326.8","2026-08-10","31","0","0","0","180","N","","",""
"2026-08-13","RPALHDE013","X002GTMC7F","B0G5PRV7YW","20 edle Holzknöpfe - Knebelknöpfe oval 40mm x 12mm (4,0cm x 1,2cm) Dunkelbraun Knebel 2 Löcher a 6,0mm je Loch - längliche Knöpfe zum annähen nähen basteln - Jackenknöpfe Mantelknöpfe","New","6","0","0","3","4","0","0","0","0","EUR","0","4","8","15","Low traffic","5.69","0.0","5.69","0.0","NoRestockExcessActionRequired","0","0.0","0","0","30.9","1.2","1.0E-4","cubic meter","Standard","6.0E-4","DE","gl_office_product","787477","124","21","36","31","5.69","0.0","19.63","39.43","74.08","1","1","1","0","0","0.02","30","15","15","0","0","0","","","","","","","","","","","","","73.2","3","","0","","2026-08-10","Yes","No","57.8","73.2","2026-08-10","36","0","0","0","226","N","","",""
"2026-08-13","RPALHDE088","X002GWG2SR","B0G5PT56L9","Haargummis für Damen, 100% Seide, Pferdeschwanz-Haargummis aus Seide, wiederverwendbare Verpackung, Adriatikblau","New","24","0","0","0","24","0","0","0","0","EUR","0","1","2","8","Low traffic","4.99","0.0","4.99","0.0","NoRestockExcessActionRequired","0","0.0","0","0","54.57","0.26","1.0E-4","cubic meter","Standard","0.0024","DE","gl_beauty","284879","366","24","96","39","4.99","0.0","4.19","8.72","36.92","0","0","0","0","0","0.06","0","0","0","0","0","0","","","","","","","","","","","","","742.0","3","","0","","2026-08-10","Yes","No","742.0","317.0","2026-08-10","24","0","0","0","366","N","","",""
"2026-08-13","RPALHDE049","X002GTXXRX","B0G5WXXSB6","COMVASTARS® 2 Stück Verlängerungskabel Dünnes Transparent 3M, Eurostecker Verlängerung Kabel Transparent 2-Adrig, Anschlusskabel mit Stecker transparent für Led-Laternen und Den Außenbereich","New","16","0","0","16","1","0","0","0","0","EUR","3","7","10","10","Low traffic","7.59","0.0","7.59","0.0","Create Outlet deal","0","6.39","2","0","93.92","0.52","1.0E-4","cubic meter","Standard","0.0016","DE","gl_electronics","164253","348","46","26","59","7.59","19.14","45.98","66.62","66.62","1","0","15","0","0","0.04","30","0","30","0","0","0","","","","","","","","","","","","","252.6","2","","0","","2026-08-10","Yes","No","159.8","252.6","2026-08-10","46","0","0","0","348","N","","",""
"2026-08-13","RPALHDE195","X002H3BZZP","B0G8TPZ65N","40 Stück Rot Herz Tortendeko Glitzer Liebe Herz Valentinstag Kuchen Deko für Valentinstag Thema Hochzeit Verlobung Braut Dusche Geburtstag Party Kuchen Dekorationen Rot","New","19","0","0","19","0","0","0","0","0","EUR","0","0","1","2","Low traffic","6.19","0.0","6.19","0.0","NoExcessInventory","19","0.0","0","0","0.0","0.21","1.0E-4","cubic meter","Standard","0.0019","DE","gl_toy","406262","228","0","","123","6.19","0.0","0.0","5.54","11.41","0","19","0","0","0","0.04","0","0","0","0","0","0","","","","","","","","","","","","","","7","","0","","","","","","350.7","2026-08-10","19","0","0","0","228","N","","",""
"2026-08-13","RPALHDE168","X002H2LG69","B0G8GMTGS2","CVNRCLP 20 Stück Schlüsselringe Edelstahl, 25mm Gold Schlüsselring Runde Keyring Flacher Schlüsselanhänger Ring Schlüssel Zubehör für DIY Home Auto Office Schlüssel Kunsthandwerk Ornamente(Gold)","New","11","0","0","10","1","0","0","0","0","EUR","0","3","6","9","Low traffic","4.89","0.0","4.89","0.0","Create Outlet deal","0","0.0","0","0","42.64","1.26","1.0E-4","cubic meter","Apparel","0.0011","DE","gl_apparel","584705","127","11","14","15","4.89","0.0","12.5","25.85","39.44","10","0","0","0","0","0.02","0","0","0","0","0","0","","","","","","","","","","","","","42.6","7","","0","","2026-08-10","Yes","No","32.0","42.6","2026-08-10","11","0","0","0","127","N","","",""
"2026-08-13","RPALHDE199","X002HA58T7","B0GCVHW7DJ","CVNRCLP Blumen Schuhanstecker, 18pcs Cute Daisy Schuh Charms für Clogs Clogs Zubehör für Mädchen Frauen","New","10","0","0","13","0","0","0","0","0","EUR","5","9","15","24","Low traffic","6.59","0.0","6.59","0.0","Create Outlet deal","0","5.27","2","0","49.59","1.67","1.0E-4","cubic meter","Apparel","0.001","DE","gl_jewelry","103614","109","0","31","37","6.59","27.7","49.86","83.17","130.42","0","13","0","0","0","0.03","60","40","20","0","2","0","","","","","","","","","","","","","115.2","12","Low stock","0","","2026-08-10","Yes","No","115.2","54.5","2026-08-10","70","1","1","0","258","N","","",""
"2026-08-13","DLH250904","X002DQ2WEJ","B0FMNTGJ25","Verstellbarer Nylon-Maulkorb für Kurze Schnauzen, Anti-Bell-Mundabdeckung für kleine, mittelgroße und große Hunde (Größe S, Rot)","New","2","0","0","4","0","0","0","0","0","EUR","4","7","12","26","Low traffic","4.79","0.0","4.79","0.0","CreateShippingPlan","2","0.0","0","0","0.0","3.3","1.0E-4","cubic meter","Standard","2.0E-4","DE","gl_pet_products","52113","4","0","1","1","4.79","16.12","28.21","48.36","104.76","0","4","0","0","0","0.0","0","0","0","0","0","0","","","","","","","","","","","","","39.3","20","Low stock","29","2026-08-19","2026-08-10","Yes","No","39.3","33.8","2026-08-10","2","0","0","0","4","N","","",""
"2026-08-13","DLH250831","X002DQEX4L","B0FMF1DK1S","Türriegel, Rollkugel-Türschnapper, Edelstahl-Rollschnäpper, Türriegel für Innentür mit Schrauben für Zuhause, Küche, Schrank, Schrank, Schwarz","New","11","0","0","11","0","0","0","0","0","EUR","11","13","20","24","Low traffic","4.89","0.0","4.89","0.0","GoToRestock","11","0.0","0","0","0.0","1.56","1.0E-4","cubic meter","Standard","0.0011","DE","gl_home_improvement","236836","32","0","3","5","4.89","45.21","53.43","83.39","100.49","0","11","0","0","0","0.02","0","0","0","0","0","0","","","","","","","","","","","","","69.6","4","","0","","2026-08-10","Yes","No","40.9","69.6","2026-08-10","11","0","0","0","32","N","","",""
"2026-08-13","RPALHDE098","X002GVRHB9","B0G64HCNKM","2 Stück Texture Comb, Textur Styling Kamm, Volumizing Wide-Tooth Hair Styling Comb, Lockenkamm für Männer und Frauen, Kamm Männer Haaransatz-Volumen-Werkzeug Zum Abdecken Von Pony, Nahtpflege","New","28","0","0","15","13","0","0","0","0","EUR","0","0","0","0","Low traffic","5.39","0.0","5.39","0.0","Advertise listing","0","0.0","0","0","176.41","0.0","8.9E-4","cubic meter","Standard","0.024914","DE","gl_beauty","399267","366","28","","","5.39","0.0","0.0","0.0","0.0","0","15","0","0","0","0.58","0","0","0","0","0","0","","","","","","","","","","","","","","3","","0","","","","","","1873.0","2026-08-10","28","0","0","0","366","N","","",""
"2026-08-13","RPALHDE073","X002GTUE5R","B0G5PZSDZV","CVNRCLP 14 Stück Charms, Anstecker Farbiger Diamond, Schuhanstecker Pins Ketten, Kleiner Bär Stecker Set für Mädchen, Jungen, Frauen, Kinder DIY Schuh","New","17","1","0","19","0","0","0","0","0","EUR","1","3","20","25","Low traffic","5.89","0.0","5.89","0.0","Create Outlet deal","0","4.63","2","0","80.33","1.41","2.78E-4","cubic meter","Apparel","0.004722","DE","gl_jewelry","665901","366","0","90","35","5.89","4.95","14.85","98.02","122.37","19","0","0","0","0","0.05","51","0","50","1","0","1","","","","","","","","","","","","","49.6","1","","0","","2026-08-10","Yes","No","22.7","49.6","2026-08-10","69","0","0","0","366","N","","",""
"2026-08-13","RPALHDE093","X002GTFK8N","B0G5NZJNTR","CVNRCLP Totenkopf Münze Schlüsselanhänger aus Edelstahl, Silber, Piraten Design, Für Schlüssel, Taschen & Autos, Für Erwachsene","New","6","0","0","7","0","0","0","0","0","EUR","0","5","6","11","Low traffic","4.69","0.0","4.69","0.0","Create Outlet deal","0","3.91","2","0","15.67","2.3","1.0E-4","cubic meter","Apparel","6.0E-4","DE","gl_apparel","499921","29","0","12","18","4.69","0.0","19.7","23.81","44.87","0","7","0","0","0","0.01","10","10","0","0","1","0","","","","","","","","","","","","","60.7","11","Low stock","4","2026-08-19","2026-08-10","Yes","No","60.7","51.9","2026-08-10","16","0","1","0","102","N","","",""
"2026-08-13","RPALHDE172","X002H39CD7","B0G8Z587ND","Sport Stirnband, 3 Stück Headband Sport Stirnbänder, Frottee Stirnbänder Sport, Schweißband Kopf Sport für Damen Herren, Schweißband Stirnband für Laufen, Fitness, Yoga, Radfahren, Basketball (B)","New","0","19","0","20","0","0","0","0","0","EUR","2","12","17","19","Low traffic","5.69","0.0","5.69","0.0","NoRestockExcessActionRequired","0","0.0","0","0","87.79","1.12","9.25E-4","cubic meter","Standard","0.0","DE","gl_sports","324226","129","0","13","27","5.69","9.56","57.36","82.96","93.2","20","0","0","0","0","0.05","40","20","20","0","1","0","","","","","","","","","","","","","61.6","4","","0","","2026-08-10","Yes","No","13.5","61.6","2026-08-10","59","0","1","0","244","N","","",""
"2026-08-13","DLH250927","X002DQ8MB1","B0FMFCRLSQ","Haarnadeln für französische Haarnadeln in U-Form, 2 Zinken, für Hochsteckfrisuren, Chignon-Nadeln für Frauen 2 Stück","New","10","0","0","11","0","0","0","0","0","EUR","3","4","6","8","Low traffic","5.19","0.0","5.19","0.0","Create Outlet deal","0","4.47","2","0","42.23","0.94","1.0E-4","cubic meter","Standard","0.001","DE","gl_beauty","65484","91","0","10","16","5.19","13.08","17.44","26.84","36.58","0","11","0","0","0","0.02","0","0","0","0","0","0","","","","","","","","","","","","","145.7","1","","0","","2026-08-10","Yes","No","145.7","114.7","2026-08-10","10","0","0","0","91","N","","",""
"2026-08-13","RPALHDE065","X002GSW83J","B0G5HX1DR8","5 Stück Trennblätter A5 6 Loch, Trennblätter A5 für Ringbücher 5 Farben Ordner Ringbucheinlagen Ringbuch Register Planer Ordner Register für Loseblatt Notizbuch Personal Organizer","New","9","0","0","0","9","0","0","0","0","EUR","0","0","0","0","Low traffic","6.79","0.0","6.79","0.0","Advertise listing","0","0.0","0","0","44.54","0.0","2.32E-4","cubic meter","Standard","0.00209","DE","gl_office_product","289264","195","9","","","6.79","0.0","0.0","0.0","0.0","0","0","0","0","0","0.05","0","0","0","0","0","0","","","","","","","","","","","","","","3","","0","","","","","","","2026-08-10","9","0","0","0","195","N","","",""
"2026-08-13","RPALHDE198","X002H9YKP1","B0GCSFY5SF","2 Stück Reparaturflicken 10 x 20cm Reparatur Patches Flicken Selbstklebend Stoff, Wasserfester Reparatur für Daunenjacke, Zelt, Schlafsack, Autositz (Himmelblau)","New","12","0","0","0","10","2","0","0","0","EUR","0","0","0","1","Low traffic","4.09","0.0","4.09","0.0","Advertise listing","0","4.07","2","0","33.12","0.24","1.0E-4","cubic meter","Standard","0.0012","DE","gl_office_product","2563782","366","12","","156","4.09","0.0","0.0","0.0","4.11","0","0","0","2","0","0.04","0","0","0","0","0","0","","","","","","","","","","","","","","3","","0","","","","","","384.0","2026-08-10","12","0","0","0","366","N","","",""
