"sku","fnsku","asin","product-name","condition","your-price","mfn-listing-exists","mfn-fulfillable-quantity","afn-listing-exists","afn-warehouse-quantity","afn-fulfillable-quantity","afn-unsellable-quantity","afn-reserved-quantity","afn-total-quantity","per-unit-volume","afn-inbound-working-quantity","afn-inbound-shipped-quantity","afn-inbound-receiving-quantity","afn-researching-quantity","afn-reserved-future-supply","afn-future-supply-buyable","afn-fulfillable-quantity-local","afn-fulfillable-quantity-remote","afn-fc-transfer-quantity","afn-onhand-buyable-quantity","store"
"3G-FKV4-DIK6","X002LIVBOV","B0H2H6CWNC","WVGSXBO Unprinted Clear Travel Toiletry Bags 2 Pack, 20x20cm 1 Litre Airport Security Liquids Bags, 100% Waterproof Leakproof Reusable Transparent Bags with Handle for Travel, Gym","New","6.29","No",,"Yes","0","0","0","0","0","99.96","0","0","0","0","0","0","0","0","0","0",
"6Y-NJZN-ZO5D","X002M58RWH","B0H4RFYPBT","WVGSXBO Adjustable Golf Cart Strap with Carabiners, Elastic Securing Cord for Golf Cart Accessories, Tents, and Luggage","New","6.98","No",,"Yes","10","10","0","0","10","99.96","0","0","0","0","0","0","10","0","0","10",
"7J-JU6F-E8RQ","X002LU60IB","B0H3K89X3L","WVGSXBO 6 Pack Soft Microfiber Glasses Cases, Drawstring Sunglasses Pouches Portable Travel Eyeglass Storage Bags for Men Women, Fits Most Standard Spectacles Goggles Reading Glasses","New","5.69","No",,"Yes","0","0","0","0","0","99.96","0","0","0","0","0","0","0","0","0","0",
"8N-4L9W-9LVP","X002M5B6GV","B0H4R8XGT1","WVGSXBO Blue Envelopes with Gold Foil Trim, 10 Pcs Pretty Gift Envelope Set with Wax Seal Stickers for Invitations Greeting Cards Letters","New","6.99","No",,"Yes","0","0","0","0","140","99.96","140","0","0","0","0","0","0","0","0","0",
"F3-HROC-48KH","X002NX0YXD","B0HDYKMKV2","Dog Snood, Dog Snood Ear Protector, Soft Fleece Dog Ear Protectors, Adjustable Drawstring Pet Hood Hat with Cute Ears, Warm Neck Ear Warmer for Medium Large Dogs, Winter Noise‑Reduction Dog Ear Cover","New","12.99","No",,"Yes","0","0","0","0","0","647.94","0","0","0","0","0","0","0","0","0","0",
"IV-Y8T5-DVY3","X002M57V4R","B0H4RBDDLJ","WVGSXBO Spark Plug Gap Gauge, Coin-Type Wire Feeler Gauge, Dual-Scale Spark Plug Gap Tool for Car Motorcycle Petrol Engine Tune-Up Maintenance","New","5.49","No",,"Yes","9","9","0","0","69","99.96","60","0","0","0","0","0","9","0","0","9",
"T7-ZG7D-8MB3","X002M56CX3","B0H4RHCDVQ","WVGSXBO 4 Pack Silicone Corner Protectors, L-Shaped Anti-Collision Table Corner Guards, Soft Bumpers for Furniture Cabinets Appliances, White","New","5.69","No",,"Yes","9","9","0","0","10","99.96","0","0","1","0","0","0","9","0","0","9",
"XW-TFT6-I6X5","X002LSL8TJ","B0H38ZGYNH","WVGSXBO 6Pcs Black Cotton Sewing Thread Spools, 175 Yards Each, Strong All-Purpose Thread for Hand & Machine Stitching, Embroidery, Clothing Repairs & Crafts","New","4.55","No",,"Yes","0","0","0","0","0","99.96","0","0","0","0","0","0","0","0","0","0",
"YH2605001","X002LC5E59","B0H1WRLD47","Bathroom Sink Strainer, Utility, Slop, Bathtub Lavatory Sink Drain Strainer Hair Catcher, Stainless Steel Shower Drain Strainer, 3 Pack","New","5.99","No",,"Yes","0","0","0","0","0","99.96","0","0","0","0","0","0","0","0","0","0",
"YH260801","X002NMSRU1","B0HCP57C3P","WVGSXBO (2 Pack) Flip Top Silicone Dog Water Bowl Topper, Portable Pet Drinking Attachment for Bottles, Collapsible Travel Dispenser for Walking, Hiking","New","15.09","No",,"Yes","0","0","0","0","120","99.96","120","0","0","0","0","0","0","0","0","0",
"YH260802","X002NWOHZF","B0HD6JH9P7","WVGSXBO Emergency Whistle Large Stainless Steel Safety Whistle with 60cm Chain Keyring Red Lanyard","New","9.49","No",,"Yes","0","0","0","0","0","99.96","0","0","0","0","0","0","0","0","0","0",
"YH260803","X002NTXYHP","B0HCZRPNBC","WVGSXBO 2 Pack Stainless Steel Tea Sieve Fine Mesh Loose Tea Strainer with Drip Bowl Double Wing Handle 6cm","New","8.99","No",,"Yes","0","0","0","0","0","99.96","0","0","0","0","0","0","0","0","0","0",
"YH260804","X002NQB8PX","B0HCZG3YM4","WVGSXBO 2 Pack 304 Stainless Steel Sink Strainer Basket with Lift Handle 7.5cm Inner 11cm Outer Rim","New","10.99","No",,"Yes","0","0","0","0","0","99.96","0","0","0","0","0","0","0","0","0","0",
"YH260805","X002NRA94X","B0HD6JCTJ2","WVGSXBO 120 Pack White Plastic Fairy Light Hooks Outdoor Gutter Clips for Christmas String Lights","New","8.99","No",,"Yes","0","0","0","0","0","99.96","0","0","0","0","0","0","0","0","0","0",
"YH260806","X002NVQ65P","B0HDRR9PNV","WVGSXBO Jewellery Double‑Layer Bags and Pouches, Soft Velvet Jewellery Storage Pouch, Portable Travel Jewellery Organiser for Rings, Earrings, Necklaces, Bracelets","New","9.99","No",,"Yes","0","0","0","0","0","99.96","0","0","0","0","0","0","0","0","0","0",
"YH260807","X002NVR1GX","B0HDRTB8XZ","WVGSXBO Jewellery Bags and Pouches, Portable Travel Jewellery Organiser with Zipper, Soft Lining Jewellery Storage Bag for Earrings, Rings, Necklaces, Bracelets","New","9.39","No",,"Yes","0","0","0","0","0","99.96","0","0","0","0","0","0","0","0","0","0",
"YH260808","X002NVLE61","B0HDS3RQC7","WVGSXBO Carpet Protector Cups, Silicone Chair Leg Floor Protectors with Thick Felt Pads, Small Size Fit 15-20mm Round Legs, Non-Slip Furniture Feet Covers Reduce Noise & Prevent Scratches","New","8.29","No",,"Yes","0","0","0","0","0","99.96","0","0","0","0","0","0","0","0","0","0",
"YH260809","X002NVT3YL","B0HDS6MYYG","WVGSXBO Reusable Tea Bags, Food Grade Silicone Tea Infuser with Butterfly Design, Loose Leaf Tea Strainer for Mugs Cups, Reusable Tea Steeper for Home Office Travel","New","9.99","No",,"Yes","0","0","0","0","0","99.96","0","0","0","0","0","0","0","0","0","0",
"YH260810","X002NVQ9E3","B0HDSJRB6F","WVGSXBO Bath Drain Hair Catcher, Double Layer Shower Drain Cover with Detachable Strainer, Hair Stopper for Bathroom Bathtub Sink, Prevents Clogs Easy to Clean","New","7.99","No",,"Yes","0","0","0","0","0","99.96","0","0","0","0","0","0","0","0","0","0",
"YH260813","X002NVM23F","B0HDSSNNB3","WVGSXBO Large Capacity Pencil Case Set with 4 Compartments, Durable Stationery Organiser Pouch and Bonus Black Mesh Storage Bag for Students, Adults and Office Workers, Jet Black","New","9.89","No",,"Yes","0","0","0","0","0","99.96","0","0","0","0","0","0","0","0","0","0",
"YH260814","X002NVZ8U9","B0HDSPX3FV","WVGSXBO Pencil Case Set, Large Capacity 8-Compartment Stationery Organiser with Bonus Grey Mesh Pouch, Durable Canvas Pen Bag for School, Office and Everyday Use, Green","New","14.99","No",,"Yes","0","0","0","0","0","99.96","0","0","0","0","0","0","0","0","0","0",
"YH260815","X002NVY3CD","B0HDSMNSY7","WVGSXBO Large Capacity Pencil Case Set with Grey Mesh Pouch, Multi-Compartment Stationery Organiser with Carry Handle for Adults Students Office School, Black","New","11.99","No",,"Yes","0","0","0","0","0","99.96","0","0","0","0","0","0","0","0","0","0",
"YH260816","X002NW39BD","B0HDT1PQ17","WVGSXBO 2 Pack Stationery Storage Set, Clear Black Pencil Case & A5 Grey Black Grid Document Wallet, Water-Resistant Zipper File Pouch for Office School Daily Use","New","6.99","No",,"Yes","0","0","0","0","0","99.96","0","0","0","0","0","0","0","0","0","0",
"YH260817","X002NVYPSZ","B0HDSZVD79","WVGSXBO Clear Pencil Case with Carry Handle, Black Cat Print Transparent PVC Stationery Organiser Pouch for Office College Students Daily Use","New","9.99","No",,"Yes","0","0","0","0","0","99.96","0","0","0","0","0","0","0","0","0","0",
"YH260818","X002NW4QFL","B0HDT1GNG3","WVGSXBO Cute Cat Pencil Case for Girls, Large Capacity Handheld Pen Pouch with Bow Decoration, Multi-Compartment Stationery Organiser Bag, Lightweight Cute School Supplies Storage for Students,Pink","New","10.99","No",,"Yes","0","0","0","0","0","99.96","0","0","0","0","0","0","0","0","0","0",
"YH60503","X002LIXPHR","B0H2HBKTRN","WVGSXBO 600 Pcs Double Sided Sticky Dots, Clear Removable Glue Dots, No Trace Round Adhesive Glue Dots for Balloons, Posters, Crafts on Walls, Glass, Wood, Metal, Plastic","New","4.59","No",,"Yes","7","7","0","0","37","99.96","0","30","0","0","0","0","7","0","0","7",
"YH60504","X002LIZQ51","B0H2H5B4YF","WVGSXBO 9Pcs Zipper Repair Kit, 3 Sizes Universal Zip Repair Puller Replacement, Quick Install Detachable Zip Heads No Sewing for Jackets Luggage Bags Trousers Outdoor Gear","New","4.59","No",,"Yes","0","0","0","0","60","99.96","0","60","0","0","0","0","0","0","0","0",
"YH60505","X002LIYGQV","B0H2H7QDTW","WVGSXBO Double Sided Tape Heavy Duty, 10mm x 3.0m Waterproof Black Acrylic Foam Mounting Tape, Strong Adhesive Tape for Home Office Car Decor Crafting Indoor Outdoor Use","New","6.29","No",,"Yes","0","0","0","0","10","99.96","0","10","0","0","0","0","0","0","0","0",
"YH60506","X002LJ2Z6N","B0H2H7VR8T","WVGSXBO 5ml Gold Stainless Steel Teaspoon Measuring Spoons, Long Handle Coffee Measuring Spoon Protein Scoop, Ornate Style Dishwasher Safe for Tea Baking Seasoning","New","5.29","No",,"Yes","2","1","0","0","62","99.96","0","60","0","1","0","0","1","0","0","1",
"YH60507","X002LHCRTP","B0H2D1VP5P","WVGSXBO Craft Tweezers Set, Precision Tweezers for Crafting & Jewelry Making, Stainless Steel Jewelry Making Tweezers for DIY Beading & Fine Detail Tasks","New","5.29","No",,"Yes","10","10","0","0","10","199.92","0","0","0","0","0","0","10","0","0","10",
"YH60508","X002LIOUU3","B0H2GQ9DYR","WVGSXBO 2 Pack Car Dent Puller Kit, Heavy Duty Suction Cup Dent Removal Tool, Auto Body Repair for Doors & Bumpers, Multi-Purpose Glass Lifter, Tile Installer & Furniture Mover","New","6.56","No",,"Yes","0","0","0","0","0","99.96","0","0","0","0","0","0","0","0","0","0",
"YH60509","X002LJ08FX","B0H2H4RL4R","WVGSXBO 2 Pack Non-Slip Padel Overgrip Tape, 100cm x 2.5cm Sweat Absorbent Racket Grip Wrap for Pickleball Tennis Badminton Table Tennis","New","6.09","No",,"Yes","2","2","0","0","92","99.96","90","0","0","0","0","0","2","0","0","2",
"YH60510","X002LJ5YBL","B0H2HK6L8X","WVGSXBO 3 Pcs Red Hair Bows, Large Satin Bows for Hair with Long Tails, Red Ribbon for Hair Clip with Alligator Clips, Women Hair Accessories for Daily & Special Occasions","New","4.89","No",,"Yes","0","0","0","0","68","99.96","68","0","0","0","0","0","0","0","0","0",
"YH605100","X002LTFOVB","B0H3F6Q554","WVGSXBO 5 Pairs Silicone Nose Pads, Transparent Adhesive Glasses Nose Pads, Soft Anti-Slip Airbag Nose Pads for Eyeglasses, Sunglasses & Reading Glasses","New","4.39","No",,"Yes","0","0","0","0","120","0.49","120","0","0","0","0","0","0","0","0","0",
"YH605101","X002LTCX0L","B0H3FDFKY8","WVGSXBO 4 Pairs Ear Cushions for Glasses, Anti-Slip Elastic Temple Tips Retainers, Soft Glasses Ear Pads, Cushioned Sleeves for Glasses, Fit for Sunglasses Reading Sports (Black, Gray, Pink, Purple)","New","4.99","No",,"Yes","7","7","0","0","37","99.96","0","30","0","0","0","0","7","0","0","7",
"YH605102","X002LTD003","B0H3F79P7F","WVGSXBO Retro Round Glasses, Polarised Festival Sunglasses, Orange Sunglasses UV400 Metal Frame 70s Hippie Shades for Adult Men Women Party","New","5.49","No",,"Yes","9","9","0","0","69","99.96","60","0","0","0","0","0","9","0","0","9",
"YH605103","X002LTC653","B0H3F7V9VD","WVGSXBO 2 PCS Hippy Specs Sunglasses, Metal Round Frame Retro Hippie Glasses, Colored Lens Pink & Orange for Festival Disco Fancy Dress, 127mm","New","4.99","No",,"Yes","7","7","0","0","36","99.96","0","29","0","0","0","0","7","0","0","7",
"YH605104","X002LTC9TB","B0H3FBW6B6","WVGSXBO Oval Sunglasses, UV400 Non-Polarised Plastic Eyewear, Modern Classic Fit Over Glasses, Lightweight Comfortable Adult Unisex Shades for Driving Cycling Hiking Daily Outdoor Use","New","4.39","No",,"Yes","8","8","0","0","68","99.96","60","0","0","0","0","0","8","0","0","8",
"YH605105","X002LTCEFF","B0H3F7B2SQ","WVGSXBO Polarized Yellow Sunglasses, UV400 Anti Glare Lightweight Safety Sunglasses, Unisex Semi-Rimless Shooting Glasses for Running Golf Cycling Hiking Fishing Driving","New","8.39","No",,"Yes","4","4","0","0","64","99.96","60","0","0","0","0","0","4","0","0","4",
"YH605106","X002LSYE1X","B0H399X4WS","WVGSXBO Sunglasses Case Soft PU Leather, Slim Portable Spectacle Cases with Magnetic Closure, Lightweight Protective Eyeglasses Pouch for Women Men Travel, White","New","5.59","No",,"Yes","2","2","0","0","32","99.96","0","30","0","0","0","0","2","0","0","2",
"YH605107","X002LSG9QB","B0H38Q2Z1P","WVGSXBO Slim Glasses Case 2 Pack, Soft Squeeze-Top Eyeglasses Holder, Protective Glasses Pouch for Women Men, Portable Glasses Case for Women for Sunglasses Reading Glasses Travel","New","6.59","No",,"Yes","1","0","0","0","91","99.96","0","90","0","1","0","0","0","0","0","0",
"YH605108","X002LSNH75","B0H38XBQ7P","WVGSXBO Pop Up Bath Plug Replacement, Universal Pop Up Plugs for Wash Basins, Leakproof Silicone Seal Bathroom Sink Stopper, Standard Bath Plug Replacement for Bathtub & Vanity Sink","New","5.99","No",,"Yes","9","9","0","0","39","49.65","0","30","0","0","0","0","9","0","0","9",
"YH605109","X002LTHN65","B0H3F8LPS7","WVGSXBO Red Round Glasses, Vintage Non-Prescription Fashion Eyewear, Lightweight Comfort Frame for Adult Daily Wear","New","4.09","No",,"Yes","7","7","0","0","67","99.96","60","0","0","0","0","0","7","0","0","7",
"YH60511","X002LHEYSR","B0H2CX932F","WVGSXBO 6 Pack Velvet Scrunchies for Women, Soft Jersey Fabric Elastic Hair Bobbles, No Damage Ponytail Holders, 3 Navy + 3 Red Scrunchie Hair Accessories for Ladies","New","5.09","No",,"Yes","4","3","0","1","64","99.96","60","0","0","0","0","0","3","0","0","3",
"YH605110","X002LSXBJ9","B0H3B7VVKZ","WVGSXBO 6 Pairs Clear Silicone Nose Pads for Glasses, Anti-Slip Slip-On Glasses Nose Grips, Soft Nose Protector for Eyeglasses & Sunglasses","New","6.49","No",,"Yes","0","0","0","0","130","99.96","60","70","0","0","0","0","0","0","0","0",
"YH605111","X002LTMU81","B0H3GPHWBX","WVGSXBO Cat Eye Blue Light Blocking Glasses for Women, UV420 Protection Clear Lens Full Rim Eyeglasses, Acrylic Frame Lightweight Fashion Eyewear, 60mm Lens Width for Computer Gaming Office Daily Wear","New","7.59","No",,"Yes","0","0","0","0","10","99.96","0","10","0","0","0","0","0","0","0","0",
"YH605112","X002LTE5I9","B0H3DZW3WH","WVGSXBO 9 Pcs 13mm 1/2 Inch 90 Degree Elbow Irrigation Hose Connector, Barbed Plastic Pipe Joiner, Leakproof Drip Irrigation Fittings for Garden Lawn Greenhouse Watering System","New","5.69","No",,"Yes","0","0","0","0","90","99.96","0","90","0","0","0","0","0","0","0","0",
"YH605113","X002LTWPN1","B0H3H7Z45B","WVGSXBO 6 Pcs Black Cotton Sewing Thread Spools, 175 Yards Per Spool 3-Ply Strong All Purpose Embroidery Thread for Hand Machine Stitching, Suitable for Clothing Repair Craft Quilting Denim Linen Blen","New","4.55","No",,"Yes","0","0","0","0","10","99.96","0","10","0","0","0","0","0","0","0","0",
"YH605114","X002LSXCMZ","B0H39LGBTN","WVGSXBO 3 Pcs Rose Gold Automatic Needle Threaders, Hand Sewing Needle Threader Set for Embroidery Cross Stitch DIY Needlework Supplies","New","5.49","No",,"Yes","9","9","0","0","69","99.96","60","0","0","0","0","0","9","0","0","9",
"YH605115-1","X002LTQ1CR","B0H3H69NHR","WVGSXBO Double Sided Nail File, Black Wooden Manicure Buffer with Round Tips, Professional Nail Art Tool for Natural Nails Filing Shaping & Polishing, Home Salon Use","New","5.22","No",,"Yes","0","0","0","0","10","99.96","0","10","0","0","0","0","0","0","0","0",
"YH605116","X002LSBU6P","B0H3941L9M","WVGSXBO 9 Pcs Colorful Plastic Tatting Shuttles for Lacemaking, Knitting, Sewing & Crochet Crafts","New","6.29","No",,"Yes","8","8","0","0","28","99.96","0","20","0","0","0","0","8","0","0","8",
"YH605117","X002LTFD3F","B0H3DXNSWT","WVGSXBO 10 Pcs Plastic Yarn Bobbins Set, Multicolour Bobbin Winder Thread Organiser for Sewing Crochet Cross Stitch Embroidery DIY Craft","New","4.89","No",,"Yes","9","9","0","0","39","99.96","0","30","0","0","0","0","9","0","0","9",
"YH605118","X002LSPWYV","B0H3B34KHH","WVGSXBO 2 Pieces Handheld Facial Hair Removal Tool, Spring Epilator Beauty Epilator for Women, Portable Face Hair Remover Beauty Tool","New","4.89","No",,"Yes","15","14","1","0","45","99.96","0","30","0","0","0","0","14","0","0","14",
"YH605119","X002LT1WGR","B0H3B277TL","WVGSXBO 2 Pcs Facial Threading Hair Removal Tool, Threading Hair Removal Set,Stainless Steel Spring Manual Epilator, Portable Face Hair Remover for Upper Lip Chin Cheeks Neck (Blue & Pink)","New","6.69","No",,"Yes","1","1","0","0","61","99.96","60","0","0","0","0","0","1","0","0","1",
"YH60512","X002LJ0K4H","B0H2HDLMNC","WVGSXBO 6 Pack Regular Mouth Mason Jar Lids, Silver Tinplate Leak Proof Canning Lids with Built-in Sealing Ring, Dishwasher Safe Storage Jar Caps for Freezer Refrigerator Dry Storage","New","5.84","No",,"Yes","40","34","0","4","70","99.96","0","30","0","0","0","0","34","0","2","36",
"YH605120","X002LSLZ3D","B0H39CWY9S","WVGSXBO 2Pcs Precision Eyebrow Tweezers Set, Stainless Steel Slant & Pointed Tweezers, Facial Hair Remover for Women Men, for Ingrown Hairs, Eyebrow Grooming & False Eyelashes","New","4.27","No",,"Yes","10","10","0","0","10","62.76","0","0","0","0","0","0","10","0","0","10",
"YH605121","X002LSU3BN","B0H39X8BB1","WVGSXBO Eyeglass Nose Pads, 10 Clear Pairs Adhesive Anti-Slip Soft Silicone Nose Pad Cushions for Glasses, Eyeglasses, Sunglasses","New","8.49","No",,"Yes","7","7","0","0","37","99.96","0","30","0","0","0","0","7","0","0","7",
"YH605122","X002LSR6EZ","B0H39PJ1VZ","WVGSXBO Blue Light Blocking Glasses Retro Hexagonal Metal Frame Anti Glare Gaming Glasses UV Protection Computer Screen Glasses for Men Women","New","10.79","No",,"Yes","7","7","0","0","37","99.96","0","30","0","0","0","0","7","0","0","7",
"YH605123","X002LSQ1KP","B0H3BD193W","WVGSXBO 5 Pairs Soft Silicone Glasses Nose Pads, Glasses Anti Slip Slip-on Nose Covers, Comfortable Eyeglass Nose Guards for Optical Frames & Sunglasses Repair Kit, White","New","4.69","No",,"Yes","0","0","0","0","30","99.96","0","30","0","0","0","0","0","0","0","0",
"YH605124","X002LSR7TJ","B0H3BVZKRZ","WVGSXBO 2 Pair Soft Silicone Glasses Ear Grips, Anti-Slip Glasses Arm Grips, Comfortable Eyeglass Temple Tip Sleeves Retainer for Sunglasses & Reading Glasses","New","5.36","No",,"Yes","1","0","1","0","91","99.96","60","30","0","0","0","0","0","0","0","0",
"YH605125","X002LTHJ4V","B0H3F8V1VH","WVGSXBO 10 Pair Eyeglass Nose Pads, Ultra-Soft Silicone Nose Pads for Glasses Anti-Slip Nose Grips, Strong Grip Glasses Nose Pads for Eyeglasses & Sunglasses (Black and White)","New","7.12","No",,"Yes","10","10","0","0","10","99.96","0","0","0","0","0","0","10","0","0","10",
"YH605126-1","X002LTXKTT","B0H3H9568C","WVGSXBO Silicone Eyeglass Temple Tips, Anti-Slip Elastic Glasses Retainer Sleeves, 80mm Square Hole Replacement Ear Sock Covers, Fit 4-10mm Big Frame Plastic Eyeglasses and Sunglasses, Black & White","New","6.64","No",,"Yes","0","0","0","0","10","99.96","0","10","0","0","0","0","0","0","0","0",
"YH605127","X002LTH9OL","B0H3F1DC9M","WVGSXBO 4 Pairs Anti Slip Glasses Grips, Soft Silicone Glasses Anti Slip Ear Hooks, Eyeglass Temple Retainers for Glasses Sunglasses Reading Glasses, 4 Colours Glasses Accessories","New","4.19","No",,"Yes","0","0","0","0","30","99.96","0","30","0","0","0","0","0","0","0","0",
"YH605128","X002LTH9TV","B0H3F4ZRJX","WVGSXBO 90s Black Round Sunglasses, Retro Black Glasses with Gradient Tinted Lenses, UV400 Protection Lightweight Unisex Round Glasses for Adults Outdoor Activities","New","5.99","No",,"Yes","10","8","0","1","10","99.96","0","0","0","0","0","0","8","0","1","9",
"YH605129","X002LTCUCR","B0H3FBBR6Z","WVGSXBO Fit Over Sunglasses for Women, Polarised Over Glasses Sunglasses Womens, Oversized Wrap Around Over Sunglasses for Women UV400 for Driving Outdoor Sports","New","13.39","No",,"Yes","8","7","0","1","8","99.96","0","0","0","0","0","0","7","0","0","7",
"YH60513","X002LJ20DV","B0H2H7NMCM","WVGSXBO Antique Brass Curtain Tie Back Hooks, Pack of 2 U Shaped Ball End Screw In Hooks, Heavy Duty Tie Back Hooks for Curtains, Brushed Bronze Holdbacks for Clothes & Hats","New","4.69","No",,"Yes","0","0","0","0","55","99.96","0","55","0","0","0","0","0","0","0","0",
"YH605130-1","X002LU5NBL","B0H3JMMSQP","WVGSXBO Women's Narrow Oval Retro Sunglasses, UV400 100% UVA UVB Protection, Lightweight Full Frame Slim Temple Fashion Eyewear for Small Faces, Transparent Champagne Brown Gradient","New","7.50","No",,"Yes","0","0","0","0","10","99.96","0","10","0","0","0","0","0","0","0","0",
"YH605131","X002LTCVEJ","B0H3F8WQX2","WVGSXBO Retro Wayfarer White Sunglasses Womens, UV400 Glasses, Lightweight Unisex White Sunglasses for Travel Cycling Outdoor Sports","New","5.89","No",,"Yes","8","8","0","0","68","99.96","60","0","0","0","0","0","8","0","0","8",
"YH605132","X002LTCQIZ","B0H3F1486G","WVGSXBO Retro Round Sunglasses for Men Women, Vintage Small Circle Oval Frame Unisex Sun Glasses with 100% UV400 Protection","New","7.99","No",,"Yes","10","10","0","0","10","99.96","0","0","0","0","0","0","10","0","0","10",
"YH605133","X002LT7185","B0H3DZDK89","WVGSXBO Cool Rectangle Sunglasses for Men Women, Retro Square Sunglasses with UV400 Protection, Lightweight Frame for Driving Outdoor Daily Use","New","9.59","No",,"Yes","0","0","0","0","30","99.96","0","30","0","0","0","0","0","0","0","0",
"YH605134","X002LTF1TB","B0H3F4VQVW","WVGSXBO Polarised Sunglasses, Retro Pilot Men's Sunglasses, UV400 Anti-Glare Sun Glasses for Driving Cycling Fishing Outdoor Activities","New","6.49","No",,"Yes","4","4","0","0","64","99.96","60","0","0","0","0","0","4","0","0","4",
"YH605135","X002LTJAU7","B0H3F6GNDX","WVGSXBO Cat Eye Sunglasses for Women, Retro 90s Y2K Oval Sunglasses, Polarised Lenses with 100% UVA UVB Protection, Black Frame Black Lens","New","6.29","No",,"Yes","6","6","0","0","36","99.96","0","30","0","0","0","0","6","0","0","6",
"YH605136-1","X002LTNP8Z","B0H3GZP2KN","WVGSXBO Retro Oval Sunglasses, Yellow Full Frame Polarised UV Protection Sun Shades, Lightweight Resin Unisex Adult Eyewear, 19g Portable Glasses for Golf Cycling Fishing Travelling Outdoor Daily Wear","New","7.12","No",,"Yes","0","0","0","0","8","99.96","0","8","0","0","0","0","0","0","0","0",
"YH605137","X002LT70D1","B0H3F8ZZL8","WVGSXBO Retro Oval Depp Style Sunglasses for Men Women, Vintage Round UV400 Protection Shades with Fashion Tinted Lenses","New","6.89","No",,"Yes","10","10","0","0","10","99.96","0","0","0","0","0","0","10","0","0","10",
"YH605138-1","X002LTSHTH","B0H3HCBNBV","WVGSXBO 2 Pcs Leopard Print Scrunchies, Oversized Polyester Elastic Hair Bands, Soft Thick Ponytail Holders, Fashion Hair Accessories for Adult Women, Suitable for Daily Yoga Travel Casual Party Wear","New","5.69","No",,"Yes","10","10","0","0","10","99.96","0","0","0","0","0","0","10","0","0","10",
"YH605139-1","X002LTQ19P","B0H3HH35F4","WVGSXBO Retro Round Polarised Sunglasses, Hippie Full Metal Frame UV400 Protection Eyewear, Acetate Fibre Polycarbonate Red Lens, Lightweight Unisex Adult Glasses for Driving Golf Travel Festival Dail","New","7.04","No",,"Yes","10","10","0","0","10","99.96","0","0","0","0","0","0","10","0","0","10",
"YH60514","X002LIVPCT","B0H2H4B2J8","WVGSXBO Golf Grip Trainer, Premium Golf Swing Training Aid for Grip Posture Correction & Muscle Memory, Right & Left Handed, Fits All Clubs, Golf Training Aids for Beginners Men Women","New","6.99","No",,"Yes","0","0","0","0","105","99.96","0","105","0","0","0","0","0","0","0","0",
"YH605140","X002LUGUPT","B0H3KPZWDB","WVGSXBO Night Driving Glasses Polarised Anti Glare UV400 HD Vision Unisex Retro Ultra Light for Driving Fishing Skiing Cycling Running Golf","New","9.49","No",,"Yes","10","9","0","0","10","99.96","0","0","0","0","0","0","9","0","1","10",
"YH605141","X002LU5OBP","B0H3JZCGSJ","WVGSXBO Clip On Night Driving Glasses, Anti Glare Yellow Polarised HD Vision UV400 Anti-blue Sunglasses for Men Women, Suitable for Driving Fishing Skiing Running Cycling","New","5.69","No",,"Yes","0","0","0","0","10","99.96","0","10","0","0","0","0","0","0","0","0",
"YH605142","X002LU03TX","B0H3JNH1YW","WVGSXBO Blue Light Blocking Glasses with Red Lenses, Anti-Glare Computer Gaming Glasses for Enhanced Visual Comfort During Screen Time","New","8.07","No",,"Yes","10","10","0","0","10","99.96","0","0","0","0","0","0","10","0","0","10",
"YH605143","X002LU06B3","B0H3JT69RV","WVGSXBO Blue Light Blocking Glasses, Retro Computer Reading Glasses with Anti UV Transparent Lens, Lightweight Unisex Anti Eye Fatigue Eyeglasses for Smartphone, Computer, TV Screens","New","6.45","No",,"Yes","0","0","0","0","10","99.96","0","10","0","0","0","0","0","0","0","0",
"YH605144","X002LUAY79","B0H3KKMG86","WVGSXBO Blue Light Blocking Glasses for Women Men, Computer Gaming Eyewear with Transparent Frame Clear Lens, Anti Eyestrain UV Protection Lightweight","New","5.60","No",,"Yes","0","0","0","0","0","99.96","0","0","0","0","0","0","0","0","0","0",
"YH605145","X002LU9A6Z","B0H3JR38CD","WVGSXBO Gold Classic Metal Non Prescription Glasses, Retro 80s Pilot Style Clear Lens Eyewear, Unisex Fashion Frame for Women Men","New","8.16","No",,"Yes","0","0","0","0","10","99.96","0","10","0","0","0","0","0","0","0","0",
"YH605146","X002LU3HQ9","B0H3JXKV4T","WVGSXBO Polarized Clip On Sunglasses for Men Women, Anti-Glare UV400 Protection Flip Up Sunglasses for Driving Travel Outdoor Sports, Black","New","7.59","No",,"Yes","0","0","0","0","10","99.96","0","10","0","0","0","0","0","0","0","0",
"YH605147","X002M9OLM3","B0H3JDHKM6","WVGSXBO 3 Pack Small Metal Funnels, Gold, 25mm Mouth Diameter with Thin Spout, Mini Filling Funnels for Liquids, Perfumes, E-Liquids, Small Bottles & Narrow Neck Containers","New","4.74","No",,"Yes","0","0","0","0","0","99.96","0","0","0","0","0","0","0","0","0","0",
"YH605147-1","X002LW4NOR","B0H3PZW685","WVGSXBO 3 Pcs Reusable Mini Funnels For Filling Small Bottles, Gold Metal Small Funnels with Thin Spout, Precision Pouring Filling for Small Bottles Perfumes Liquids","New","4.79","No",,"Yes","5","4","0","1","155","99.96","120","30","0","0","0","0","4","0","0","4",
"YH605148","X002LU6CGL","B0H3K48BMS","WVGSXBO 6 Pairs Black Car Rearview Mirror Stickers, 20x2cm Vinyl Reflective Racing Stripe Decals, Waterproof DIY Auto Side Mirror Decorations for Cars Trucks SUVs Caravans","New","8.16","No",,"Yes","10","10","0","0","10","99.96","0","0","0","0","0","0","10","0","0","10",
"YH605149","X002LU5Q3L","B0H3JR7GNB","WVGSXBO Peeking Monster Stickers, Waterproof Vinyl Funny Peeking Car Decal for Car Bumper, Motorbike, Laptop, Suitcase, Black, 28x11cm","New","6.36","No",,"Yes","0","0","0","0","10","99.96","0","10","0","0","0","0","0","0","0","0",
"YH60515","X002LJ0F3X","B0H2H5YGY7","WVGSXBO 2 Pack Fishing Hook Tying Tool, Dual Function Knot Tyer & Hook Protector, Fly Fishing Accessories for Braided Monofilament Lines, Beginner & Professional Anglers","New","4.89","No",,"Yes","1","1","0","0","31","99.96","0","30","0","0","0","0","1","0","0","1",
"YH605150","X002LUE3SZ","B0H3KGS4R8","WVGSXBO 8Pcs No-Sew Pant Waistband Tightener, Adjustable Waist Clips Multi-Purpose Fasteners for Trousers Jeans Skirts Shirts (4 Colours)","New","4.74","No",,"Yes","0","0","0","0","20","99.96","0","20","0","0","0","0","0","0","0","0",
"YH605151","X002LUAZ5P","B0H3KSZ39P","WVGSXBO Gold Self Adhesive Toilet Signs Ladies and Gentlemen Washroom Door Signs Men Women Restroom Door Plaque for Home Hotel Office Shop Parking Restaurant","New","6.64","No",,"Yes","0","0","0","0","10","99.96","0","10","0","0","0","0","0","0","0","0",
"YH605152","X002LU3NXL","B0H3JXKLSN","WVGSXBO 10 Pairs Silicone Glasses Ear Cushion Grips, Soft Comfortable Anti-Slip Eyeglass Ear Hook Sleeves for Sunglasses Reading Glasses (White)","New","4.45","No",,"Yes","0","0","0","0","10","99.96","0","10","0","0","0","0","0","0","0","0",
"YH605153","X002LU5ZB9","B0H3K4BF86","WVGSXBO 8 Pairs Glasses Grips for Behind the Ear, Soft Silicone Anti Slip Eyeglass Ear Cushions, Comfortable Eyeglass Ear Grippers for Men Women Sports Work (Black, White)","New","4.74","No",,"Yes","10","9","0","0","10","99.96","0","0","0","0","0","0","9","0","1","10",
"YH605154","X002LU9E11","B0H3KFLFZC","WVGSXBO 10 Pcs Soft Cotton Anti-Slip Glasses Ear Cushions, Eyeglass Temple Grips Arm Covers for Sunglasses Reading Glasses Behind Ear Pads (Black)","New","6.64","No",,"Yes","0","0","0","0","10","99.96","0","10","0","0","0","0","0","0","0","0",
"YH605155","X002LU9JEX","B0H3K6QCPM","WVGSXBO Premium Soft Glass Table Top Bumpers, Self Adhesive Clear Anti-Slip & Anti-Scratch Round Furniture Rubber Pads for Glass Table Top Spacers, 20mm*2mm, 24 PCS","New","9.49","No",,"Yes","11","9","0","2","11","99.96","0","0","0","0","0","0","9","0","0","9",
"YH605156","X002LUCFP3","B0H3KP5YRJ","WVGSXBO 2 PCS Funny Warning Biker Patch, Embroidered Hook and Loop Tactical Emblem Patch for Clothes, Backpack, Jacket, Jeans, Vest","New","5.62","No",,"Yes","0","0","0","0","10","99.96","0","10","0","0","0","0","0","0","0","0",
"YH605157","X002LUDHU5","B0H3KMQVK3","WVGSXBO Funny Hey You Dropped This Embroidered Patches, Tactical Morale Hook and Loop Appliqué Patches for Backpacks, Clothes, Hats, Jackets, Uniforms, Dog Harness Decor","New","5.69","No",,"Yes","0","0","0","0","10","99.96","0","10","0","0","0","0","0","0","0","0",
"YH605158","X002LUDA75","B0H3KF1MZR","WVGSXBO Sports Visors Ski Sunglasses, UV Protection Full Rim Unisex Sunglasses, Multiple Colours for Skiing Snowboarding Sports Fancy Dress","New","7.59","No",,"Yes","0","0","0","0","10","99.96","0","10","0","0","0","0","0","0","0","0",
"YH605159","X002LU3BJH","B0H3K9F4CK","WVGSXBO 2Pcs Portable PU Leather Sunglass Pouch, Soft Eyeglass Case with Flocking Lining, Eyewear Sleeve for Reading Glasses Small Sunglasses","New","6.64","No",,"Yes","10","9","0","0","10","99.96","0","0","0","0","0","0","9","0","1","10",
"YH60516","X002LJ32IN","B0H2H65SD1","WVGSXBO 4 Pack Cruise Luggage Tag Holders, Clear Waterproof PVC Luggage Tags for Cruise Ships with Stainless Steel Loops, Secure Cruise Luggage Labels for Travel Suitcases","New","6.39","No",,"Yes","0","0","0","0","60","99.96","0","60","0","0","0","0","0","0","0","0",
"YH605160","X002LU5O1F","B0H3K9NS9L","WVGSXBO 10PCS Microfiber Sunglasses Bags, Portable Drawstring Eyeglasses Pouches, Soft Eyewear Carrying Cases, Travel Glasses Storage Organizers for Reading Glasses","New","5.69","No",,"Yes","10","10","0","0","10","99.96","0","0","0","0","0","0","10","0","0","10",
"YH605161","X002LUE09R","B0H3KNJMFM","WVGSXBO Large Rectangle Blue Light Glasses for Women Men, Anti Eyestrain Headache Blue Light Blocking Glasses for Texting Reading Gaming","New","9.49","No",,"Yes","10","9","0","1","10","99.96","0","0","0","0","0","0","9","0","0","9",
"YH605162","X002LW4Q99","B0H3Q1Q9SK","WVGSXBO 6 Pcs Soft Glasses Case, Microfiber Glasses Bag Drawstring Sunglasses Pouch, Portable Eyewear Storage for Travel Home Office, Black White Grey","New","5.39","No",,"Yes","0","0","0","0","130","99.96","100","30","0","0","0","0","0","0","0","0",
"YH605163","X002LUKH0X","B0H3KJMNFJ","WVGSXBO Leopard Oval Cat Eye Blue Light Glasses, Unisex Clear Lens PC Frame Glasses, Lightweight Computer Screen Eyewear for Gaming Office Study Daily Fashion Wear for Men Women","New","9.11","No",,"Yes","0","0","0","0","0","99.96","0","0","0","0","0","0","0","0","0","0",
"YH605164","X002LU17AH","B0H3KQSWKM","WVGSXBO 4 Pcs Yellow Zoo Animal Cookie Cutters Set, Elephant Giraffe Lion Zebra Shapes Fondant Cutters, Plastic Baking Molds for DIY Baking Projects","New","6.53","No",,"Yes","0","0","0","0","0","99.96","0","0","0","0","0","0","0","0","0","0",
"YH605165","X002LUK2H1","B0H3KL965Z","WVGSXBO Stainless Steel Egg Topper Cutter, Boiled Egg Shell Remover & Top Opener, Heavy Duty Manual Egg Cutter for Kitchen, Dishwasher Safe","New","9.49","No",,"Yes","20","19","0","0","20","99.96","0","0","0","0","0","0","19","0","1","20",
"YH605166","X002LUB3SX","B0H3KLM8J2","WVGSXBO Stainless Steel Egg Topper, Egg Cutter Shell Cracker Opener Remover for Soft Hard Boiled Raw Eggs, Dishwasher Safe Kitchen Tool","New","12.34","No",,"Yes","0","0","0","0","20","99.96","0","20","0","0","0","0","0","0","0","0",
"YH605167","X002LUCXOB","B0H3KNNNVH","WVGSXBO 5.5 Inch Easter Bunny Cake Tin, Non Stick Rabbit Shape Baking Mould, Carbon Steel Bakeware for Christmas Cake, Chocolate, Fondant, Sweets","New","9.49","No",,"Yes","10","8","0","1","10","99.96","0","0","0","0","0","0","8","0","1","9",
"YH605168","X002LVYCTJ","B0H3Q34CYT","WVGSXBO Meat Shredder Claws, 2Pcs ABS Nylon BBQ Shredding Forks, High Temperature Resistant Corrosion Resistant Bear Paws for Pulled Pork Brisket Turkey Ham Roast Grilling Kitchen Cooking Tools Silver","New","4.99","No",,"Yes","4","4","0","0","34","99.96","0","30","0","0","0","0","4","0","0","4",
"YH605169","X002LUB9S7","B0H3KVGKMH","WVGSXBO 40Pcs Round Polymer Clay Cutters, Stainless Steel Mini Baking Ring Molds with Plastic Storage Box, DIY Craft Punch Tools for Jewelry Making Cake Decoration Sculpture","New","6.19","No",,"Yes","0","0","0","0","10","99.96","0","10","0","0","0","0","0","0","0","0",
"YH60517","X002LJ8ZN5","B0H2HVZ2GF","WVGSXBO Foam Hair Rollers, 12 Pack Soft No Heat Sponge Hair Curlers, Overnight Hair Styling Tools for Long Short Medium Hair, Pink for Home DIY & Travel","New","5.59","No",,"Yes","34","30","0","2","35","99.96","0","0","1","0","0","0","30","0","2","32",
"YH605170","X002LUANVV","B0H3KMFZWV","WVGSXBO 2PCS Egg Cracker Multifunctional Egg Peeler & Egg Shell Opener Tool, Easy Egg Shell Remover for Hard Boiled Eggs, Orange & Yellow Kitchen Gadgets","New","5.22","No",,"Yes","0","0","0","0","10","99.96","0","10","0","0","0","0","0","0","0","0",
"YH605171","X002LVYDRP","B0H3KN3R93","WVGSXBO Stainless Steel Apple Corer and Slicer, 8 Blades Apple Slicer Cutter & Corer with Non-Slip Handle, 2-in-1 Fruit Vegetable Apple Corer for Home Kitchen Prep","New","10.39","No",,"Yes","20","20","0","0","20","99.96","0","0","0","0","0","0","20","0","0","20",
"YH605172","X002LW4HVB","B0H3Q559Z7","WVGSXBO Strawberry Huller Set of 2, Stainless Steel Multi Claw Fruit Corer, Stem Core Remover Tool for Strawberries Tomatoes Berries, Dishwasher Safe Kitchen Food Prep Gadget","New","14.29","No",,"Yes","7","7","0","0","37","99.96","0","30","0","0","0","0","7","0","0","7",
"YH605173","X002LUAM4T","B0H3KG8TB8","WVGSXBO 3Pcs Bone Shaped Cookie Cutters, Stainless Steel with Red Non-Toxic PVC Coating, 3 Sizes (3.9/3.1/2.4in) for DIY Baking, Homemade Dog Biscuits, Cake Molds & Festive Treats","New","6.17","No",,"Yes","20","19","0","0","20","99.96","0","0","0","0","0","0","19","0","1","20",
"YH605174","X002LUD8XV","B0H3KGJVY6","WVGSXBO 3 Pieces Easter Egg Cookie Cutter Set, Stainless Steel Baking Cutters with Soft PVC Edge, Non-Stick Reusable Molds for Easter Holiday & Festive Baking","New","6.55","No",,"Yes","0","0","0","0","0","99.96","0","0","0","0","0","0","0","0","0","0",
"YH605175","X002LUL7T3","B0H3L2KJ2Q","WVGSXBO False Eyelash Applicator Clip, Plum Lash Tweezers with Soft Silicone Tip, Portable Beginner Friendly Makeup Tool for Easy Applying False Lashes & Lash Extensions, 6×3.5×1.8cm","New","5.69","No",,"Yes","10","9","0","0","10","99.96","0","0","0","0","0","0","9","0","1","10",
"YH605176","X002LUBEL9","B0H3KX47VX","WVGSXBO Manual Jar and Can Opener with Comfortable Handle, Green Multicolored Kitchen Tool for Effortless Lid Opening, Ideal for Home Cooks and Limited Hand Strength Users","New","10.44","No",,"Yes","0","0","0","0","20","99.96","0","20","0","0","0","0","0","0","0","0",
"YH605177","X002LUDBBZ","B0H3KRWBCK","WVGSXBO 4 PCS Car Radio Removal Tool Key Set, Universal Stainless Steel Stereo Removal Tool Kit, Easy-to-Use Car Audio Release Keys for Most Factory-Installed Car Stereos","New","6.93","No",,"Yes","0","0","0","0","0","99.96","0","0","0","0","0","0","0","0","0","0",
"YH605178","X002LUDVLZ","B0H3KSKL9T","WVGSXBO 2PCS Heart Shaped Tea Strainers, Reusable Stainless Steel Loose Leaf Tea Infusers, Fine Mesh Herb & Tea Filters, Kitchen Gadgets & Accessories for Daily Brewing","New","5.69","No",,"Yes","0","0","0","0","20","99.96","0","20","0","0","0","0","0","0","0","0",
"YH605179","X002LUKGXL","B0H3KRM65N","WVGSXBO 3Pcs Egg Separator, Food-Grade Plastic Egg Yolk White Filter Divider with Handle, Dishwasher Safe Kitchen Baking Gadget in Pink Blue Khaki","New","11.39","No",,"Yes","0","0","0","0","10","99.96","0","10","0","0","0","0","0","0","0","0",
"YH605180","X002LUIAHP","B0H3KS55HG","WVGSXBO Strawberry Peeler Corer Clip, Stainless Steel Pineapple Eye Peeler Seed Remover, Multi-Functional Fruit Slicer Cutter for Home Kitchen","New","5.60","No",,"Yes","0","0","0","0","20","99.96","0","20","0","0","0","0","0","0","0","0",
"YH605181","X002LVCFRZ","B0H3MLNCRQ","WVGSXBO Pressure Washer Nozzles, Stainless Steel Sewer Jet Nozzle, 1/4 Inch Quick Connector Drain Cleaner Tool, 10mm Orifice Pipe Unclogging Nozzle for Home Plumbing Industrial Use","New","6.79","No",,"Yes","16","16","0","0","76","99.96","60","0","0","0","0","0","16","0","0","16",
"YH605182","X002LUARMV","B0H3KF6FKW","WVGSXBO 2PCS 1902209 EB3B-17666-AA Windscreen Washer Jets, Front Windshield Washer Jet Spray Nozzles Replacement for Ford Ranger Mk4 TKE Wiper Water Nozzles","New","5.69","No",,"Yes","0","0","0","0","10","99.96","0","10","0","0","0","0","0","0","0","0",
"YH605183","X002LUGD5V","B0H3KM3LQP","WVGSXBO 8PCS Small Bottle Brush Set, Nylon Straw Cleaner Pipe Brushes for Narrow Neck Water Bottles Jars Teapot Spout (White)","New","6.64","No",,"Yes","0","0","0","0","0","99.96","0","0","0","0","0","0","0","0","0","0",
"YH605184","X002LVX6KZ","B0H3Q1BVY8","WVGSXBO Pin Curl Clips for Long Hair, Metal crocodile clips hair with Non-Slip, No Crease Hair Clips for Curling Setting, Salon & Home Styling","New","5.89","No",,"Yes","17","17","0","0","47","99.96","0","30","0","0","0","0","17","0","0","17",
"YH605185","X002LUG3O7","B0H3KKGN66","WVGSXBO 50Pcs Metal Alligator Clips, Versatile Stainless Steel Clips for Crafts, Memo Boards, Photo Displays, Floral Arrangements & DIY Projects (Gold/Silver)","New","6.64","No",,"Yes","0","0","0","0","20","99.96","0","20","0","0","0","0","0","0","0","0",
"YH605186-1","X002LTSOYZ","B0H3HFGQDH","WVGSXBO 4PCS 50A Insulated Alligator Clips, Red Black Copper Crocodile Clamps, 25mm Max Opening Heavy Duty Electrical Test Clips, for Car Truck Battery Charging Solar Panel Boat Lawn Mower Electrical","New","5.69","No",,"Yes","0","0","0","0","10","99.96","0","10","0","0","0","0","0","0","0","0",
"YH605187-1","X002LTU4TN","B0H3HCNK9N","WVGSXBO Universal Car Steering Wheel Cover, Carbon Fibre Microfiber Leather Anti-Slip Protector, 37-38cm Heat Resistant Decorative Sleeve, Elastic Easy Fit Interior Accessories for Car SUV Van Truck","New","9.49","No",,"Yes","0","0","0","0","10","99.96","0","10","0","0","0","0","0","0","0","0",
"YH605188-1","X002LTXMGF","B0H3H7V3HD","WVGSXBO 2 Pcs Silicone Car Holder Coasters, 2.75 Inch Universal Anti-Slip Shockproof Insulated Cup Mats, Honeycomb Pattern Dustproof Cup Holder Insert, Interior Accessories for SUV Truck Home","New","5.69","No",,"Yes","10","10","0","0","10","99.96","0","0","0","0","0","0","10","0","0","10",
"YH605189","X002LTNQZR","B0H3H9MJZ7","WVGSXBO 2 Pcs Tactical Reflective Cat Eyes Patches, 8.9x2.5cm Rectangular Embroidered Badges, Hook & Loop Fabric Decorative Patches for Backpack Hat Helmet Uniform Jacket Dog Vest Outdoor Decoration","New","6.57","No",,"Yes","9","9","0","0","10","99.96","0","0","1","0","0","0","9","0","0","9",
"YH60519","X002LJ4QGP","B0H2HN6NDZ","WVGSXBO Set of 6 Gold Round PVC Drink Coasters, Reusable Non-Slip Cup Mats, Heat Resistant Waterproof Coasters for Hot Cold Beverages, Indoor Outdoor Use for Home Bar Garden Patio Tables","New","4.98","No",,"Yes","17","16","0","0","97","99.96","0","80","0","0","0","0","16","0","1","17",
"YH605190","X002LTSX3H","B0H3H666HR","WVGSXBO Y2K Futuristic Wrap Around Sunglasses, Steampunk Full Oval UV400 Sun Glasses, Metal Frame Lightweight Eyewear, 72×43mm Lens Unisex Adult for Outdoor Sports Daily Fashion","New","14.24","No",,"Yes","0","0","0","0","10","99.96","0","10","0","0","0","0","0","0","0","0",
"YH605191","X002LTTRPP","B0H3HL82GJ","WVGSXBO 4Pcs Carbon Fiber Texture Car Door Edge Protectors, Self Adhesive Anti Scratch Bumper Guard Trim Strips, 13.3cm Universal PVC Decorative Strips for Cars SUV Vans Pickups All Weather Protection","New","6.64","No",,"Yes","10","9","0","0","10","99.96","0","0","0","0","0","0","9","0","1","10",
"YH605192","X002LTW99B","B0H3HD1PVG","WVGSXBO 20cm Double Sided Diamond Deb Foot File, Stainless Steel Hard Skin Nail File, Professional Manicure Pedicure Tool, 20.2x2cm Portable Dead Skin Trimmer for Home Salon Use","New","5.69","No",,"Yes","0","0","0","0","10","99.96","0","10","0","0","0","0","0","0","0","0",
"YH605193","X002LTILZ7","B0H3H3JKFB","WVGSXBO 50Pcs Mini Nail Buffer Blocks, 100/180 Grit Double Sided EVA Sponge Sanding Files, Disposable Manicure Pedicure Tools for Natural Gel Acrylic Nails, Portable Pink Nail Polishing Blocks","New","6.64","No",,"Yes","0","0","0","0","10","99.96","0","10","0","0","0","0","0","0","0","0",
"YH605194","X002LTTYET","B0H3H9YBR9","WVGSXBO 50Pcs 100/180 Grit Mini Nail Buffer Blocks, Pink Purple Double Sided Sanding Files, EVA Sponge Manicure Pedicure Tools, Compact Portable Buffers for Natural Acrylic Gel Nails","New","6.64","No",,"Yes","0","0","0","0","10","99.96","0","10","0","0","0","0","0","0","0","0",
"YH605195","X002LTSYYZ","B0H3HFRLWQ","WVGSXBO 6Pcs Book Binding Tool Set, Blue Plastic DIY Bookbinding Moulds, Multi Shape Craft Stencils for Notebook Journal Scrapbooking Calendar Handmaking Supplies","New","5.69","No",,"Yes","0","0","0","0","10","99.96","0","10","0","0","0","0","0","0","0","0",
"YH605196","X002LTIN9L","B0H3H6BHXN","WVGSXBO Cat Eye Blue Light Glasses for Women, Full Rim Plastic Eyewear, 50×46mm PC Clear Lens, Anti Glare Computer Glasses for Reading Gaming Office Daily Use, Comes with Pouch & Cleaning Cloth","New","8.50","No",,"Yes","0","0","0","0","0","99.96","0","0","0","0","0","0","0","0","0","0",
"YH605197","X002LTSZ2B","B0H3HJN8VF","WVGSXBO 2Pcs Funny Quote Embroidered Patches, 8x5cm Military Style Hook & Loop Badges, Rectangular Tactical Decorative Applique for Backpack Jacket Uniform Vest Jeans Daily Decoration","New","6.57","No",,"Yes","0","0","0","0","10","99.96","0","10","0","0","0","0","0","0","0","0",
"YH605198","X002LTUD9T","B0H3H5ZPZJ","WVGSXBO 20Pcs Foot File Replacement Pads, Coarse & Fine Grit Self-Adhesive Sandpaper Sheets, 13.1x4.5cm Exfoliating Pedicure Refills for Home Salon Foot Care Accessories","New","6.36","No",,"Yes","0","0","0","0","10","99.96","0","10","0","0","0","0","0","0","0","0",
"YH605199","X002LTINKP","B0H3HF5LD9","WVGSXBO Cartoon Printed Canvas Pouch, 23×17cm Lightweight Zipper Storage Bag, Portable Emergency Snack Bag Multifunctional Cosmetic Toiletry Organiser for Travel Outdoor Gym Daily Use","New","7.59","No",,"Yes","0","0","0","0","10","99.96","0","10","0","0","0","0","0","0","0","0",
"YH60520","X002LJ24TB","B0H2HFC2F5","WVGSXBO 2 Pcs Pop Up Sink Plug Replacement, Solid Brass Chrome Plated Push Down Click Clack Bath Plug Stopper, Drain Stopper for Bathroom Kitchen Washbasin Bathtub","New","6.29","No",,"Yes","1","0","0","0","71","99.96","0","70","0","0","0","0","0","0","1","1",
"YH605200","X002LTSZFX","B0H3H9T8R7","WVGSXBO 3Pcs 7-in-1 Nail Buffer Blocks, Colour Coded Multi Grit PU Nail Files, 17.8x2cm Portable Manicure Tools for Natural Gel Acrylic Dip Nails Home Salon Use","New","5.22","No",,"Yes","0","0","0","0","10","99.96","0","10","0","0","0","0","0","0","0","0",
"YH605201","X002LTUDK3","B0H3HBP9PD","WVGSXBO 2Pairs Pigskin Metatarsal Pads, Self-Adhesive Non-Slip Forefoot Cushions, Breathable Ball of Foot Inserts for High Heels Sandals Daily Foot Comfort, Beige","New","4.74","No",,"Yes","0","0","0","0","10","99.96","0","10","0","0","0","0","0","0","0","0",
"YH605202","X002LTUDQH","B0H3HJN93X","WVGSX 2Pcs Alloy Mini Pedicure Tools, 19cm Ergonomic Callus Remover, Reusable Washable Foot File for Toe Gap Sensitive Area Dead Skin Trimming Home Salon Use","New","5.69","No",,"Yes","0","0","0","0","10","99.96","0","10","0","0","0","0","0","0","0","0",
"YH60521","X002LHFPCB","B0H2D5GLJY","WVGSXBO 2 Pack Clear Plastic Hairbands, 1CM Wide Transparent Alice Bands with Gripping Teeth, Non-Slip Hair Styling Headbands for Women Daily Wear & Workouts","New","4.79","No",,"Yes","42","40","0","2","42","310.7","0","0","0","0","0","0","40","0","0","40",
"YH60522","X002LHLWVT","B0H2D5SW24","WVGSXBO 100 Pack Silicone Eyelash Curler Refills, Universal Curler Replacement Pads, Soft Lash Curler Refill Pads for Most Standard Eyelash Curlers","New","6.99","No",,"Yes","10","10","0","0","10","99.96","0","0","0","0","0","0","10","0","0","10",
"YH60523","X002LJ0LA5","B0H2H897HQ","WVGSXBO 24Pcs Press On Nails Short, Nude Pink Chrome Gel Stick On Nails, Glazed Glossy False Nails Short Square, Reusable Acrylic Stick On Nails for Women Daily & Special Occasions","New","4.59","No",,"Yes","2","1","0","1","2","99.96","0","0","0","0","0","0","1","0","0","1",
"YH60524","X002LHKQ1B","B0H2DCHCBB","WVGSXBO Black Anodized Aluminium Tyre Valve Caps, 4 Pack Universal Tyre Dust Caps, Corrosion Resistant Tyre Caps Black for Cars Trucks Motorcycles SUVs Bikes","New","5.09","No",,"Yes","2","2","0","0","32","99.96","0","30","0","0","0","0","2","0","0","2",
"YH60525","X002LHJO3H","B0H2D8176C","WVGSXBO Manual Stitch Row Counter for UK, Compact Needlework Row Tally for Crochet & Knitting Projects, 2-Digit Dial Knitting Accessory","New","4.59","No",,"Yes","30","28","0","1","30","99.96","0","0","0","0","0","0","28","0","1","29",
"YH60526","X002LJ0HTZ","B0H2HBNK88","WVGSXBO 6 Pack Purple Mini Makeup Sponge Set, Latex Free Makeup Sponge Blender, Soft Foundation Sponge for Concealer Powder Eyeshadow, Makeup Sponges for Foundation Daily Use & Travel","New","5.89","No",,"Yes","38","38","0","0","38","99.96","0","0","0","0","0","0","38","0","0","38",
"YH60527","X002LHDFAP","B0H2DGQWZM","WVGSXBO 8cm Wide Elastic Headbands for Women, 3 Pack yarn Non Slip Headbands for Women's Hair, Soft Stretch Hair Bands for Sports Yoga Running Makeup, Black Beige Khaki","New","5.68","No",,"Yes","6","5","1","0","36","99.96","0","30","0","0","0","0","5","0","0","5",
"YH60529","X002LHIOIX","B0H2DD36JB","WVGSXBO 25Pcs Clear Fish Transport Bags, Thickened Tear-Resistant Plastic, Flat Top Fish Bags Transport Pouches for Aquarium Live Fish Transfer","New","5.69","No",,"Yes","6","6","0","0","25","99.96","0","19","0","0","0","0","6","0","0","6",
"YH60530","X002LHKZJT","B0H2D9VCC7","WVGSXBO 18 Pcs Pearl Hair Pins, Elegant Pearl Hair Accessories, Non-Slip Hair Pins for Buns, Bridal Wedding Party Hairstyling Pins for Adult Women","New","5.39","No",,"Yes","1","1","0","0","31","99.96","0","30","0","0","0","0","1","0","0","1",
"YH60531","X002LJ0M31","B0H2HBMTBY","WVGSXBO 4Pcs Eyeglass Temple Pads, Soft Knitted Cotton Anti-Slip Glasses Protector Sleeves, Comfort Ear Cushions for Sunglasses Reading Glasses Adult Daily Wear (Black)","New","4.79","No",,"Yes","2","2","0","0","62","99.96","60","0","0","0","0","0","2","0","0","2",
"YH60532","X002LJAFFL","B0H2HRVJ5V","WVGSXBO 20 Pack Black Cable Clips, Self-Adhesive Cable Clips Black, Strong Wire Holders Cord Organisers for TV PC Home Office Car Cable Management","New","5.69","No",,"Yes","5","2","0","2","65","99.96","60","0","0","0","0","0","2","0","1","3",
"YH60533","X002LJA60Z","B0H2H6QFGD","WVGSXBO 4 Pack Heavy Duty Toggle Latch, Galvanised Metal Latch Lock Catch, Spring Loaded Catches for Cabinets, Toolboxes, Wooden Cases & Storage Chests","New","5.69","No",,"Yes","4","3","0","1","34","99.96","0","30","0","0","0","0","3","0","0","3",
"YH60534","X002LIQLO1","B0H2GR9LB7","WVGSXBO 5mm Shelf Support Pegs, 20 Pcs Clear Plastic & Stainless Steel Cabinet Shelf Pins, Straight Shelf Holder Locking Pins for Kitchen Furniture, Book Shelves, Wardrobes & Display Cabinets","New","5.59","No",,"Yes","7","7","0","0","57","99.96","0","50","0","0","0","0","7","0","0","7",
"YH60535","X002LIZXK9","B0H2HBT4TM","WVGSXBO 2 Pack Silicone Wig Grip Band, Transparent Double-Sided Non-Slip Wig Band to Hold Wig in Place, Adjustable Wig Holder for Women Men","New","4.79","No",,"Yes","6","6","0","0","36","99.96","0","30","0","0","0","0","6","0","0","6",
"YH60536","X002LII1L7","B0H2FYCVM4","WVGSXBO 100% Mulberry Silk Sleep Mask, Total Blackout Zero Pressure Eye Mask with Adjustable Strap, Men Women (Black)","New","4.09","No",,"Yes","7","7","0","0","7","99.96","0","0","0","0","0","0","7","0","0","7",
"YH60537","X002LJ0QHX","B0H2HF81LD","WVGSXBO 2 Pack Velvet Scrunchies, Soft Jersey Fabric Elastic Hair Bands, No Breakage Ponytail Holders for Women & Girls, Navy Blue Hair Accessories for Daily Wear & Gifting","New","4.09","No",,"Yes","0","0","0","0","69","99.96","0","69","0","0","0","0","0","0","0","0",
"YH60538","X002LJAXYJ","B0H2HT2P5J","WVGSXBO 3 Pack Adhesive-Free Universal Phone Lanyard Patches, Ultra-Thin Phone Tether Tabs, Durable Oxford Fabric Phone Chain Pads Compatible with All Standard Full-Coverage Phone Cases, Black","New","4.39","No",,"Yes","0","0","0","0","74","99.96","0","74","0","0","0","0","0","0","0","0",
"YH60539","X002LJ1UTV","B0H2H92RSK","WVGSXBO 10 Pack Black Cable Straps, 25x200mm (1"" x 8"") Adjustable Reusable Nylon Hook and Loop Cable Straps with Buckles, Heavy Duty Fastening Straps for Cable Management","New","5.49","No",,"Yes","9","9","0","0","69","99.96","60","0","0","0","0","0","9","0","0","9",
"YH60540","X002LJ2NEH","B0H2HK3BW7","WVGSXBO 10m Braided Cotton Macrame Cord 5mm, 8-Strand Dark Green Bohemian Cotton Rope for DIY Crafting, Sewing, Home Decoration & Clothing Drawstrings","New","5.78","No",,"Yes","0","0","0","0","60","99.96","0","30","30","0","0","0","0","0","0","0",
"YH60541","X002LJ5FAL","B0H2G1V83L","WVGSXBO 10m Braided Cotton Rope 5mm, Red Macrame Cord 5mm, 8-Strand Twisted Cotton String, Wear Resistant Craft Red Rope for DIY Crafting, Sewing, Drawstring, Home Decoration","New","5.78","No",,"Yes","0","0","0","0","60","99.96","0","30","30","0","0","0","0","0","0","0",
"YH60542","X002LIE93L","B0H2G1QH55","WVGSXBO 200 Mesh Fine Mesh Plastic Sieve, Food Grade Plastic Strainer with Handle & Hanging Hook, Reusable Fine Sieve for Jam Flour Yogurt Soy Milk Coffee Tea","New","5.29","No",,"Yes","0","0","0","0","30","99.96","0","30","0","0","0","0","0","0","0","0",
"YH60543","X002LJ0T07","B0H2H6C79S","WVGSXBO Diabetic Supplies Bag, Canvas Insulin Travel Case with Top Handle, Insulated Diabetes Bag Organiser, Portable Diabetic Bag for Travel Toiletries Snacks & Daily Essentials","New","4.69","No",,"Yes","7","7","0","0","7","99.96","0","0","0","0","0","0","7","0","0","7",
"YH60544","X002LJBHHL","B0H2FZ58W6","WVGSXBO SM-CN910 12-Speed Bicycle Chain Quick Links, Pack of 4 Durable Carbon Steel Chain Connectors for Easy Installation & Maintenance, Essential Cycling Accessory","New","6.19","No",,"Yes","2","2","0","0","57","17.7","0","55","0","0","0","0","2","0","0","2",
"YH60546","X002LJ4D1D","B0H2H6J25S","WVGSXBO 10Pcs Silicone Lash Lift Pads, Self Adhesive Reusable Lash Lift Shields, 5 Sizes XS/S/M/L/XL Orange Eyelash Lift Pads for Salon Professionals Home Beauty Use","New","4.79","No",,"Yes","0","0","0","0","50","99.96","0","50","0","0","0","0","0","0","0","0",
"YH60547","X002LJ0W2R","B0H2HGY3HV","WVGSXBO 4 Pack Satin Hair Scrunchies, Neon Retro Hair Bands with Purple Scrunchie, Soft Polyester Ponytail Holders, 80s 90s Hair Accessories for Women Party Halloween Christmas Workout","New","4.66","No",,"Yes","30","28","0","2","30","99.96","0","0","0","0","0","0","28","0","0","28",
"YH60549","X002LJ00F1","B0H2HK1YRQ","WVGSXBO 24 Pack Hair Sectioning Clips, 3.5 Inch Rustproof Metal Duck Bill Curl Clips with Holes, Pink Alligator Hair Pins for Curls Salon Home Hair Styling","New","6.39","No",,"Yes","0","0","0","0","60","99.96","0","60","0","0","0","0","0","0","0","0",
"YH60550","X002LJ4C23","B0H2H7K2DT","WVGSXBO 5 Pcs 40cm/16 Inch Beige Invisible Zips, Nylon Concealed Zips for Sewing, Smooth Invisible Zipper for Tailor Clothes Cushions Skirts Bags","New","5.09","No",,"Yes","4","4","0","0","34","99.96","0","30","0","0","0","0","4","0","0","4",
"YH60551","X002LIL5FL","B0H2G5WLVD","WVGSXBO 20 Pack Empty Lavender Sachet Bags, Purple Organza Drawstring Scent Pouches, Reusable Fragrance Bags for Wardrobe Drawer Closet Car Bathroom, Floral Fresheners Gift","New","4.85","No",,"Yes","22","11","0","4","22","99.96","0","0","0","0","0","0","11","0","7","18",
"YH60552","X002LJ25ZT","B0H2HBX9BG","WVGSXBO 2 Pack Elastic Luggage Straps for Suitcases, Adjustable Hook & Loop Suitcase Straps, Luggage Connector Straps for Bags Backpacks, Black Travel Accessories","New","5.09","No",,"Yes","6","6","0","0","36","99.96","0","30","0","0","0","0","6","0","0","6",
"YH60553","X002LJ1PWD","B0H2HBXQWN","WVGSXBO 10 Pack (6+4) Door Stop Wall Protector for Door Handles, Clear Adhesive-Free Silicone Door Bumpers, Invisible Damage-Free Wall Protectors, Fits Round & Square Handles","New","6.09","No",,"Yes","4","4","0","0","34","1193.96","0","30","0","0","0","0","4","0","0","4",
"YH60554","X002LJCTHX","B0H2HBS4ZL","WVGSXBO 30Pcs French Tip False Nails, Short Almond Gold Edge Glossy Stick on Nails for Women, Natural Nude Full Cover False Nails with 15 Sizes for Daily & Occasion Wear","New","4.59","No",,"Yes","35","33","0","1","35","99.96","0","0","0","0","0","0","33","0","1","34",
"YH60555","X002LL1YLN","B0H2M2HDDW","WVGSXBO Clear Keychain Pouch 4 Pack Waterproof PVC Zipper Portable Organiser for Adults 10.5×6.5×3.6cm","New","5.39","No",,"Yes","0","0","0","0","0","99.96","0","0","0","0","0","0","0","0","0","0",
"YH60556","X002LIMIXJ","B0H2GYR5BH","WVGSXBO Happy Tears Embroidered Handkerchief, 10x10in/25x25cm Cotton Bridal Handkerchief with Blue Scalloped Edges & Hearts for Wedding Party Accessories Bridesmaid Gifts","New","5.39","No",,"Yes","40","37","0","0","70","99.96","0","30","0","0","0","0","37","0","3","40",
"YH60557","X002LL21UL","B0H2M22P67","WVGSXBO 3D Blackout Sleep Mask, 100% Light Blocking Eye Mask for Sleeping, Soft Breathable Blindfold with Adjustable Strap for Adults Side Sleepers Travel Nap","New","4.99","No",,"Yes","1","1","0","0","61","99.96","0","60","0","0","0","0","1","0","0","1",
"YH60558","X002LL61MF","B0H2M5HKS2","WVGSXBO 2 Pack Hidden Travel Money Belt, Waterproof Anti-Theft Undercover Waist Pouch, Adjustable Secure Wallet for Passport Cash Cards Phone Adults, Black & Beige","New","6.09","No",,"Yes","25","22","0","2","45","99.96","0","20","0","0","0","0","22","0","1","23",
"YH60560","X002LJDASF","B0H2GX6J6F","WVGSXBO 2 Pack Pink Silk Hair Bows for Women, Long Tail French Style Bow Barrettes with Sturdy Metal Clips, Lightweight Elegant Hair Accessories for All Hairstyles, Weddings, Parties & Daily Wear","New","6.09","No",,"Yes","0","0","0","0","59","99.96","0","59","0","0","0","0","0","0","0","0",
"YH60561","X002LJDHY7","B0H2HT8PLF","WVGSXBO Navy Blue Headband, Soft Velvet Feel Fabric Hair Band, Comfy Plain Padded Headband, Non-Slip Breathable Hair Accessory for Women Girls Daily School Casual Wear","New","4.89","No",,"Yes","0","0","0","0","75","99.96","0","75","0","0","0","0","0","0","0","0",
"YH60562","X002LIVIMV","B0H2HDQDCM","WVGSXBO 24Pcs Red Press on Nails, Medium Almond Red Heart with Glitter Lines, Glossy Full Cover Acrylic False Nails for Women Valentine's Day Daily Wear Manicure Decoration","New","4.59","No",,"Yes","7","7","0","0","27","99.96","0","0","20","0","0","0","7","0","0","7",
"YH60563","X002LL4KKP","B0H2M949VL","WVGSXBO Double Sided Hair Extension Tape, 10mm x 3 Yards Replacement Tape for Tape in Extensions, Clear Hair Extension Tape Tabs for Lace Wigs & Hair Systems, Easy Peel Residue-Free","New","4.99","No",,"Yes","10","10","0","0","10","99.96","0","0","0","0","0","0","10","0","0","10",
"YH60564","X002LITZMV","B0H2H9H9PX","WVGSXBO Soft Stretch Ribbed black turban Headwrap for Women, Breathable Lightweight Head Cover, Non-Slip Sleep Bonnet for Natural Curly Hair Protection, One Size Fits Most, Black","New","6.29","No",,"Yes","29","25","0","2","94","99.96","0","65","0","0","0","0","25","0","2","27",
"YH60565","X002LIVOHF","B0H2H4L8S6","WVGSXBO 12.6cm Silicone Sink Plug, Pop Up Drain Stopper Shower Hair Catcher, Bathtub Drain Cover with Suction Cups, Sunflower Sink Strainer for Kitchen Bathroom Basin Tub","New","5.69","No",,"Yes","35","34","0","1","35","99.96","0","0","0","0","0","0","34","0","0","34",
"YH60566","X002LJ20U9","B0H2HFNVK5","WVGSXBO 24Pcs Pink Glitter French Press On Nails, Short Almond Glossy Reusable Acrylic False Nails with Full Application Kit for Women DIY Home Manicure","New","3.89","No",,"Yes","9","9","0","0","9","99.96","0","0","0","0","0","0","9","0","0","9",
"YH60567","X002LJ1R4T","B0H2H98V9G","WVGSXBO 4 Pack Leather Bookmark Set, Vintage PU with Tassel, Leather Bookmark Gift for Readers, Ideal for DIY Personalised Projects","New","4.79","No",,"Yes","10","10","0","0","10","99.96","0","0","0","0","0","0","10","0","0","10",
"YH60568","X002LJ9Y5N","B0H2G3FXVF","WVGSXBO 2 Pack Soft Tape Measure for Sewing, 150cm/60 Inch Dual Sided Body Measuring Tape, Flexible Fibreglass Measuring Tape for Body & Tailoring, Fitness Tracking, Crafts","New","5.19","No",,"Yes","10","10","0","0","10","99.96","0","0","0","0","0","0","10","0","0","10",
"YH60569","X002LIWUIH","B0H2H79P7P","WVGSXBO 3Pcs Gold Hair Cuffs Set, Elegant Metal Ponytail Holders with Elastic Bands, Glossy Gold Hair Accessories for Women, Hair Cuffs for Normal & Long Hair Styling","New","5.49","No",,"Yes","8","8","0","0","38","99.96","0","30","0","0","0","0","8","0","0","8",
"YH60571","X002LINDCT","B0H2GZTGGQ","WVGSXBO 300 Mesh Fine Food Filter Strainer, 13cm Food-Grade Nylon Kitchen Sieve Fine, Reusable Oil Filter Funnel Sieve for Frying Oil, Juice, Jam, Wine & Home Brewing","New","6.09","No",,"Yes","38","36","0","0","38","99.96","0","0","0","0","0","0","36","0","2","38",
"YH60572","X002LJ0UQF","B0H2HK82LW","WVGSXBO 4 Pairs Self Adhesive Lash Lift Shields, Flat TPE Eyelash Lash Lift Pads for Perm Step 1, Reusable Korean Lash Lift Shields for Home DIY & Professional Salon Use","New","5.28","No",,"Yes","0","0","0","0","80","99.96","0","80","0","0","0","0","0","0","0","0",
"YH60573","X002LIU1BP","B0H2HB9HMB","WVGSXBO 24 PCS Transparent Hem Clips, Trouser Fasteners Hook & Bar Buckle Clips for Clothing Fit Adjustment, Trouser Repair & DIY Fashion Projects","New","6.29","No",,"Yes","0","0","0","0","0","99.96","0","0","0","0","0","0","0","0","0","0",
"YH60574","X002LIV1T1","B0H2H4PSVY","WVGSXBO 8 Pack Wide Elastic Hair Bands for Women, Soft No Damage Seamless Cotton Hair Bobbles, 4 Coffee & 4 Blue-Pink Scrunchies Ponytail Holders for All Hair Types","New","5.26","No",,"Yes","1","0","1","0","71","99.96","0","40","30","0","0","0","0","0","0","0",
"YH60575","X002LJEB5V","B0H2HTK59J","WVGSXBO French Tip False Nails Set, Press On Nails French Tip, Reusable False Nails for Manicure, Natural False Nails for Daily & Occasion Wear","New","3.99","No",,"Yes","37","35","0","2","37","99.96","0","0","0","0","0","0","35","0","0","35",
"YH60576","X002LIUX6N","B0H2HG6V71","WVGSXBO 5 Pack No Tail Adjustable Eyewear Retainer, Sports Glasses Straps for Men Women Teenagers, Soft Non-Slip Sunglasses Strap, Lightweight Eyeglass Band for Running Hiking Ski Mountaineering","New","5.39","No",,"Yes","4","4","0","0","34","99.96","0","30","0","0","0","0","4","0","0","4",
"YH60578","X002LIX6JT","B0H2H67G5Y","WVGSXBO 135° Adjustable Shower Head Extension Arm, G1/2” Wall Mounted Shower Hose Connector, Polished Copper Curved Extender for Handheld & Fixed Showerheads, Universal UK Bathroom Fit","New","7.39","No",,"Yes","4","4","0","0","34","99.96","0","30","0","0","0","0","4","0","0","4",
"YH60579","X002LKWTXB","B0H2LJLXXN","WVGSXBO 100 Pack Disposable Ear Covers for Shower, Waterproof Elastic Ear Shower Caps, Clear Ear Protectors for Shower Hair Dye Bathing Salon Adult Use","New","4.99","No",,"Yes","3","3","0","0","53","449.99","0","50","0","0","0","0","3","0","0","3",
"YH60580","X002LKWT6X","B0H2LSXQLQ","WVGSXBO Skinny Scrunchies, Black Satin Scrunchies Pack of 12, Damage Free Elastic Hair Bands for Women All Hair Types Ponytail Holders","New","4.49","No",,"Yes","5","5","0","0","55","262.52","0","50","0","0","0","0","5","0","0","5",
"YH60581","X002LKXGKL","B0H2LW6QK1","WVGSXBO Good Luck Duck Gift, Miniature Plastic Duck in Tin, Driving Test Gifts for Learner Driver New Driver, Cute Handmade Keepsake Gift for Birthday Graduation","New","4.79","No",,"Yes","7","7","0","0","7","49.98","0","0","0","0","0","0","7","0","0","7",
"YH60582","X002LKV83D","B0H2LQ2XQX","WVGSXBO Drive Safe Keyring, Heart Stainless Steel Keychain, New Driver Gifts & Passed Driving Test Gifts for Son Daughter Mum Dad","New","4.99","No",,"Yes","10","10","0","0","10","99.96","0","0","0","0","0","0","10","0","0","10",
"YH60583","X002LKXB97","B0H2LSCGFY","WVGSXBO Drive Safe Keyring, Novelty Engraved Safety Key Chain, New Driver Gifts for Men Women, Just Passed Driving Test Gifts for Birthday Christmas, Unisex Metal Keyring for Family & Friends","New","4.39","No",,"Yes","38","38","0","0","38","99.96","0","0","0","0","0","0","38","0","0","38",
"YH60584","X002LMITNX","B0H2PW4XQK","WVGSXBO 3 Pcs Clear Bike Frame Protection Tape, PVC Anti-Scratch Anti-Rub MTB Frame Protection Film, Waterproof Bike Protection Tape for Mountain & Road Bikes","New","6.29","No",,"Yes","0","0","0","0","50","99.96","0","50","0","0","0","0","0","0","0","0",
"YH60585","X002LMCDKN","B0H2PYG1K8","WVGSXBO 3 Pcs Blue Automatic Needle Threaders, One Hand Operated Sewing Needle Inserter Tool, Compact 7cm Sewing Accessories for Hand Sewing and Sewing Machine, Ideal for Elderly","New","4.99","No",,"Yes","26","26","0","0","56","99.96","0","30","0","0","0","0","26","0","0","26",
"YH60586","X002LMFC01","B0H2PZVS6Q","WVGSXBO 6 Pairs Clear Silicone Spectacle Nose Pads, 4mm Anti-Slip Plastic Nose Pads for Glasses, Ergonomic Teardrop Eyeglass Nose Bridge Pads for TR90 TR100 Plastic Frames Sunglasses","New","4.79","No",,"Yes","25","24","0","1","56","99.96","0","30","1","0","0","0","24","0","0","24",
"YH60587","X002LMJIBF","B0H2PZL21Z","WVGSXBO 2 Pack Silicone Glasses Strap, Anti-Slip Sports Band for Glasses, Adjustable Sunglasses Strap Eyewear Retainer, Two-Hole Universal Fit for Adults Daily & Outdoor Sports","New","6.49","No",,"Yes","2","2","0","0","32","99.96","0","30","0","0","0","0","2","0","0","2",
"YH60588","X002LMCIT9","B0H2Q3LC61","WVGSXBO 5 Pairs D Shape Stick On Glasses Nose Pads, Transparent Adhesive Silicone Spectacle Nose Pad Cushion, Anti-Slip Airbag Glasses Nose Bridge Cushion for Plastic Frames Optical Glasses Sunglasses","New","4.26","No",,"Yes","36","31","0","3","36","99.96","0","0","0","0","0","0","31","0","2","33",
"YH60589","X002LMK0AX","B0H2Q5CYRY","WVGSXBO 6 Pairs Clear Heel Protectors for Grass, S/M/L Size PVC Stiletto Heel Stoppers, Anti-Slip Heel Caps Prevent Heels Sinking into Grass for Weddings Outdoor Formal Events","New","6.29","No",,"Yes","50","47","0","3","80","99.96","0","30","0","0","0","0","47","0","0","47",
"YH60591","X002LMLW23","B0H2QC3CQ8","WVGSXBO Suskriyocic 2 Pack Disposable Sterile Nose Piercing Kit Tool with Stud Painless Self Ear Gun for Kit, and Supplies (White)","New","4.99","No",,"Yes","0","0","0","0","0","25.07","0","0","0","0","0","0","0","0","0","0",
"YH60592","X002LMP50X","B0H2Q9JPMJ","Wallpaper Seam Roller - Wood Handle Paint Roller Heavy Duty Hand Press Roller Home Decor DIY Tool","New","7.79","No",,"Yes","11","11","0","0","11","99.96","0","0","0","0","0","0","11","0","0","11",
"YH60593","X002LTJ115","B0H3F3FVT7","WVGSXBO Fabric Swimming Cap for Unisex Adults, High Elastic Comfortable Durable Swim Hat, Soft Fade-Resistant Nylon Cap for Pool & Open Water Swimming (Black)","New","6.39","No",,"Yes","10","10","0","0","10","99.96","0","0","0","0","0","0","10","0","0","10",
"YH60594-1","X002LU5393","B0H3JV146F","WVGSXBO 3 Pairs IPL LED Light Protective Goggles, Red Light & UV Eye Protection Glasses, Adjustable Elastic Strap Tanning Bed Sunbathing Safety Eyewear, Lightweight One Size Black Eye Shields","New","6.76","No",,"Yes","0","0","0","0","10","99.96","0","10","0","0","0","0","0","0","0","0",
"YH60595","X002LTRK3V","B0H3GNWMHK","Square Oversized Sunglasses for Women Men Fashion Flat Top Big Frame Shades","New","7.12","No",,"Yes","0","0","0","0","10","99.96","0","10","0","0","0","0","0","0","0","0",
"YH60596","X002LTCYN7","B0H3F8T9CH","WVGSXBO 2 Packs +4.00 Reading Glasses, Unisex Square Rectangular Readers with Spring Hinges, Scratch Resistant & UV Protection Lenses, Classic Black Full Rim Eyeglasses for Men Women Everyday Use","New","7.59","No",,"Yes","10","10","0","0","10","99.96","0","0","0","0","0","0","10","0","0","10",
"YH60597","X002LTCAYZ","B0H3FC4XJ7","WVGSXBO 5 Pairs Glasses Nose Pads Silicone, Soft Push Fit Anti-Slip Eyeglass Nose Cushions to Stop Glasses Slipping Down Nose for Full Rimless Sunglasses Wire Frame Eyewear","New","4.59","No",,"Yes","0","0","0","0","90","99.96","60","30","0","0","0","0","0","0","0","0",
"YH60598","X002LTC6ZX","B0H3FCD8DD","WVGSXBO 10 Pairs Silicone Glasses Nose Pads, Anti-Slip Soft Adhesive Silicone Nose Pads for Glassesfor Eyeglasses Sunglasses, Replacement Stick-On Bridge Cushions for Spectacles Protector Parts","New","6.64","No",,"Yes","10","10","0","0","10","99.96","0","0","0","0","0","0","10","0","0","10",
"YH60599","X002LSJRZV","B0H38HR6D7","WVGSXBO 10 Pcs (5 Pairs) Soft Cotton Glasses Ear Cushions, Anti-Slip Glasses Arm Grips & Glasses Ear Grips, Glasses Arm Covers for Sunglasses & Reading Glasses","New","5.19","No",,"Yes","7","7","0","0","37","99.96","0","30","0","0","0","0","7","0","0","7",
"YH60601","X002M51LKH","B0H4QZN4TJ","WVGSXBO 6Pcs Eye Makeup Brushes, Angled Eyeshadow Tools, Nylon Bristle for Eyebrow, Eyeliner, Blending & Shading, Black White Plastic Handle, Vegan & Fragrance Free for Sensitive Skin","New","4.74","No",,"Yes","0","0","0","0","20","99.96","0","20","0","0","0","0","0","0","0","0",
"YH60602","X002M52ACP","B0H4QWLBYK","WVGSXBO 2 Pcs Metal Pen Loop, Adjustable Spring Loop Pen & Pencil Organiser, Gold Tone 3 x 1.5 cm, Clip-on Stationery Holder for Notebook, Clipboard, Home, Office & Classroom","New","5.88","No",,"Yes","9","9","0","0","10","99.96","0","0","1","0","0","0","9","0","0","9",
"YH60603","X002M5240X","B0H4R12RTY","WVGSXBO 1/4"" Female to 3/8"" Male Socket Adapter, Cr-V Steel Anti-Drop Spring Ball Converter, Low Profile Impact Reducer for Ratchet, Impact Driver, Automotive Industrial DIY, 1 Piece","New","5.69","No",,"Yes","10","9","0","1","10","99.96","0","0","0","0","0","0","9","0","0","9",
"YH60604","X002M50PXV","B0H4QZ2WRL","WVGSXBO Sash Jammers for UPVC Doors, Heavy Duty Sash Jammer & Letterbox Lock Set, Anti-Theft Home Security Restrictor for Standard UPVC Frames, White","New","5.29","No",,"Yes","1","1","0","0","61","99.96","60","0","0","0","0","0","1","0","0","1",
"YH60605","X002M53E39","B0H4QTRWXD","WVGSXBO 20 Pcs Black Wheel Nut Covers, Universal Hexagonal Lug Nut Protectors, Automotive Weatherproof Bolt Caps with Removal Tool for Car Alloy Wheels","New","5.69","No",,"Yes","10","9","0","1","10","99.96","0","0","0","0","0","0","9","0","0","9",
"YH60606","X002M51NSR","B0H4QRS18D","WVGSXBO 4 Pack Skull Dust Caps For Car Tyres, Black Red Eye Design, ABS Shell with Anti-Rust Copper Core & Rubber Seal Ring, Universal Skull Valve Caps For Cars, Motorbikes, Trucks & Bicycles","New","7.59","No",,"Yes","10","9","0","1","10","99.96","0","0","0","0","0","0","9","0","0","9",
"YH60607","X002M5484N","B0H4QW88F4","WVGSXBO 3 Button Flip Car Key Cover, B-White TPU Protective Key Fob Case, Flexible Wear-Resistant Shell for Standard 3-Button Folding Remote Car Keys","New","9.49","No",,"Yes","10","10","0","0","10","99.96","0","0","0","0","0","0","10","0","0","10",
"YH60608","X002M50TTL","B0H4QXN3RC","WVGSXBO 2 Pack Triangle Key, 9mm Triangular Utility Key, Gas Meter Box Key & Bin Key with T&D Dual Handle, Zinc Alloy Keys for Water Electric Meter Cabinets Radiator Elevator Valves","New","6.39","No",,"Yes","0","0","0","0","60","99.96","60","0","0","0","0","0","0","0","0","0",
"YH60609","X002M541VX","B0H4QXTX8D","WVGSXBO 2 Pcs Triangular Meter Box Keys, Silver Zinc Alloy & Plastic T-Dual Handle Keys, 9mm Triangle Core, Corrosion Resistant for Gas Electric Water Meter Cabinets & Valves","New","9.87","No",,"Yes","10","10","0","0","10","99.96","0","0","0","0","0","0","10","0","0","10",
"YH60610","X002M55DZ1","B0H4R654QC","WVGSXBO 2 Pcs Brass Pipe Fittings, 3/4 to 1/2 Reducer Adapter, BSP Thread Hex Bushing Connectors, 1/2"" Female to 3/4"" Male for Plumbing Heating Gas Garden Pipes","New","6.09","No",,"Yes","3","3","0","0","33","99.96","0","30","0","0","0","0","3","0","0","3",
"YH606100","X002MNASAN","B0H6RYFHX7","WVGSXBO 4 Pcs Clear Plastic Measuring Scoops, 5g Graduated Powder Scoops, Food-Safe Reusable Measuring Spoons for Kitchen Baking Powder Liquids","New","5.38","No",,"Yes","0","0","0","0","30","99.96","0","30","0","0","0","0","0","0","0","0",
"YH606101","X002MN31CF","B0H6RVWSBV","WVGSXBO 15ml Gold Stainless Steel Measuring Scoop, Long Handle Food Grade Coffee Scoop, Reusable Measuring Spoon for Powder, Baking & Daily Kitchen Use","New","6.36","No",,"Yes","0","0","0","0","30","99.96","0","0","30","0","0","0","0","0","0","0",
"YH606102","X002MN7TL9","B0H6S1JNQL","WVGSXBO 10 Pack Black Fabric Hair Scrunchies, Soft Elastic No Damage Ponytail Holders, Stretchy Hair Bands for Women Daily Wear Yoga Workout","New","6.64","No",,"Yes","29","27","0","0","29","99.96","0","0","0","0","0","0","27","0","2","29",
"YH606103","X002MN9M3R","B0H6RZZ9WY","WVGSXBO 10 Pack Brown Fabric Hair Scrunchies, Soft Elastic No Damage Ponytail Holders, Stretchy Hair Bands for Women Daily Wear Yoga Workout","New","6.64","No",,"Yes","0","0","0","0","29","99.96","0","29","0","0","0","0","0","0","0","0",
"YH606104","X002MNDOY5","B0H6RVNXMB","WVGSXBO 10 Pack Dark Coffee Fabric Hair Scrunchies, Soft Elastic No Damage Ponytail Holders, Stretchy Hair Bands for Women Daily Wear Yoga Workout","New","6.64","No",,"Yes","0","0","0","0","30","99.96","0","30","0","0","0","0","0","0","0","0",
"YH606105","X002MNDHVP","B0H6S7RF51","WVGSXBO Rice Ball Maker Shake & Mold Kit, Plastic Sushi Rice Ball Shaper Mould, Reusable Kitchen Tool for Home DIY Rice Balls & Sushi Plates","New","5.97","No",,"Yes","0","0","0","0","30","99.96","0","30","0","0","0","0","0","0","0","0",
"YH606106","X002MNBAFZ","B0H6RX5Z3M","WVGSXBO 5 Sushi Mould Set, Food Grade PP Onigiri Press Mould, Non-Stick Rice Ball Maker, Reusable DIY Kitchen Tool for Homemade Sushi & Rice Rolls","New","5.69","No",,"Yes","31","27","0","2","31","99.96","0","0","0","0","0","0","27","0","2","29",
"YH606107","X002MND8BJ","B0H6RXX1PH","WVGSXBO 6 Pack French Hair Comb Slides, Tortoiseshell Leopard Print 23-Tooth Side Combs, Strong Hold Plastic Styling Accessories for Women Updos Buns","New","6.55","No",,"Yes","29","28","0","0","30","99.96","0","0","1","0","0","0","28","0","1","29",
"YH606108","X002MNBI4N","B0H6S4DB5M","WVGSXBO 2 Pack French Twist Side Hair Combs, Black Plastic 7 Wide Teeth Hair Slides, Strong Hold Styling Accessories for Women Fine Hair Updos","New","5.03","No",,"Yes","0","0","0","0","30","99.96","0","30","0","0","0","0","0","0","0","0",
"YH606109","X002MNBGF9","B0H6S4KZBX","WVGSXBO 2 Pack Pearl Beads French Twist Side Hair Combs, Black Plastic Wide Teeth Hair Slides, Decorative Styling Accessories for Women Updos Weddings","New","5.98","No",,"Yes","0","0","0","0","30","99.96","0","30","0","0","0","0","0","0","0","0",
"YH606110","X002MNBEDX","B0H6S1YK55","WVGSXBO 2-in-1 Stainless Steel Cuticle Pusher, Dual Ended Gel Nail Remover Scraper, Loop & Beveled Head Manicure Pedicure Nail Care Tool","New","5.69","No",,"Yes","0","0","0","0","30","99.96","0","30","0","0","0","0","0","0","0","0",
"YH606111","X002MNANF3","B0H6S3TLHW","WVGSXBO 2-in-1 Cuticle Pusher, 420 Stainless Steel Dual Ended Manicure Tool, Horseshoe & Ring Head Nail Care Grooming Tool for Manicure & Pedicure","New","6.63","No",,"Yes","0","0","0","0","30","99.96","0","0","30","0","0","0","0","0","0","0",
"YH606112","X002MNA5XD","B0H6S7JX52","WVGSXBO 2 Pack Light Leopard Fabric Hair Scrunchies, Soft Elastic No Damage Ponytail Holders, Large Stretchy Hair Bands for Women Daily Wear Yoga Sports","New","5.69","No",,"Yes","0","0","0","0","30","99.96","0","30","0","0","0","0","0","0","0","0",
"YH606113","X002MNC2AH","B0H6S5V6FN","WVGSXBO 2 Pack Leopard Print Oversized Hair Scrunchies, Soft Polyester Elastic Ponytail Holders, Non Slip Hair Bands for Adult Women Daily Yoga Travel","New","5.69","No",,"Yes","0","0","0","0","30","99.96","0","30","0","0","0","0","0","0","0","0",
"YH606114","X002MNBJR9","B0H6RZN7P3","WVGSXBO 2 Pack Navy Blue Velvet Hair Scrunchies, Large Soft Elastic Ponytail Holders, No Damage Hair Bands for Women Daily Wear Work Gym","New","5.69","No",,"Yes","0","0","0","0","30","99.96","0","30","0","0","0","0","0","0","0","0",
"YH606116","X002MNA71X","B0H6S4WGS3","WVGSXBO 50 Pack Red Thin Hair Elastics, 2.5mm Stretchy Polyester Rubber Ponytail Bands, Snag Free Endless Hair Ties for Adult Women","New","5.69","No",,"Yes","0","0","0","0","30","99.96","0","30","0","0","0","0","0","0","0","0",
"YH606117","X002MKZTR3","B0H6MD5F77","2 PCS Portable Security Lock for Home, Travel & Hotel - No Drill Door Lock Latch","New","6.83","No",,"Yes","0","0","0","0","30","99.96","0","30","0","0","0","0","0","0","0","0",
"YH606118","X002ML3ETR","B0H6M5841Q","Duster Brush - Nail Dust Remover, Powder Cleaner, for Acrylic Nails And Nail Art - Comfortable and Easy to Handle Dusting Brush - Portable, Precise & Comfortable - Vegan and Cruelty Free","New","5.69","No",,"Yes","0","0","0","0","30","99.96","0","0","30","0","0","0","0","0","0","0",
"YH606119","X002ML0HHT","B0H6M2LSXN","Hair Bows for Women Princess Hair Barrette Clips Big Bows Clips for Women Girls(black)","New","6.64","No",,"Yes","0","0","0","0","30","99.96","0","30","0","0","0","0","0","0","0","0",
"YH606120","X002ML8979","B0H6MB2KZV","Blue Hair Bow - Oversized Bow Hair Clip for Women, Long Tail Ribbons with Metal Spring Clip, Decorative Barrettes Hair Accessory for Girls Ponytail Holder","New","5.69","No",,"Yes","0","0","0","0","30","99.96","0","0","30","0","0","0","0","0","0","0",
"YH606121","X002ML8M9J","B0H6MC868T","Blue Hair Bow - Large Bowknot Hair Clip for Women, Satin Silky Ribbons with Long Tail, French Barrette Hair Accessory for Girls Ponytail Holder","New","5.31","No",,"Yes","0","0","0","0","30","99.96","0","0","30","0","0","0","0","0","0","0",
"YH606123","X002MNUBZ5","B0H6MDGLNM","Nose Pads Soft Foam Adhesive Anti-Slip Silicone Eyeglass Nose Pads Stick On for Glasses Eyeglasses Sunglasses 12 Pairs, 1.5mm,Skin Color","New","7.59","No",,"Yes","0","0","0","0","30","99.96","0","0","30","0","0","0","0","0","0","0",
"YH606124","X002ML5Y9P","B0H6MLBMG7","Premium Ultra Soft Anti Slip Glasses Accessories - Silicone Glasses Ear Grips, 6 Pair Temple Tips Sleeve Retainer for Eyewear","New","6.64","No",,"Yes","0","0","0","0","30","99.96","0","30","0","0","0","0","0","0","0","0",
"YH606125","X002ML6CFF","B0H6M65CN2","Premium Ultra Soft Anti Slip Silicone Eyeglass Temple Tips - 6 Pair Ear Grips Sleeve Retainer","New","6.63","No",,"Yes","0","0","0","0","30","99.96","0","30","0","0","0","0","0","0","0","0",
"YH606126","X002ML9OCN","B0H6MRS3GZ","3pcs Mini Funnels For Small Bottles, Plastic Small Funnels for Filling Bottle Precision Fillings Funnel, Fillings Mini Bottle Or Containers, Lab Bottles, Science Laboratory Chemicals","New","4.74","No",,"Yes","30","29","0","1","30","99.96","0","0","0","0","0","0","29","0","0","29",
"YH606127","X002ML6KHF","B0H6MJ4J31","6 PCS Mini Funnels for Filling Small Bottles, Small Plastic Funnel Set With Narrow Spouts, Tiny Funnels For Perfume, Essential Oils, Hip Flasks, Laboratory, Diy Crafts And Home Use","New","5.31","No",,"Yes","30","27","0","1","30","99.96","0","0","0","0","0","0","27","0","2","29",
"YH606128","X002MMEE6N","B0H6Q1NK85","Small Funnel,20 PCS Mini Funnel Clear Plastic Funnels Tiny Funnel for Bottle Filling Perfumes Essential Oils Lab Bottles Arts Crafts","New","5.69","No",,"Yes","30","24","0","0","30","99.96","0","0","0","0","0","0","24","0","6","30",
"YH606129","X002MMDQCB","B0H6Q23CD1","10 Pcs White Mini Funnel Small Funnel Plastic Funnels Multi-Purpose Funnels for Bottle Oils, L Perfumes, Filling, Science Essential","New","6.64","No",,"Yes","32","28","0","3","32","99.96","0","0","0","0","0","0","28","0","1","29",
"YH606130","X002MMGMY5","B0H6Q2BZFZ","Coffee Scoop, Stainless Steel Coffee Spoons Set, 1 Tablespoon (15ml) and 1 tablespoons (30ml) Measuring Spoon, Tablespoon Measure Spoon for Coffee, Milk Powder, Fruit Powder, 2 Pack(Long)","New","8.54","No",,"Yes","28","25","0","1","28","99.96","0","0","0","0","0","0","25","0","2","27",
"YH606131","X002MMCPPF","B0H6PY9HC2","Big Bow Barrettes Long Tail French Ribbon Hair Pins Soft Silky Satin Hair Clip Metal Bowknot Clips 90's Accessories for Party Valentine's Day Women Girl (Navy blue)","New","5.78","No",,"Yes","0","0","0","0","30","99.96","0","0","30","0","0","0","0","0","0","0",
"YH606132","X002MMEFPN","B0H6PYHZHQ","Square Chiffon Scarf for Women 70x70cm Lightweight Polyester Neck Scarf","New","7.59","No",,"Yes","30","27","0","3","30","815.75","0","0","0","0","0","0","27","0","0","27",
"YH606133","X002MMAC6T","B0H6Q2R4HJ","Elegant Light Yellow Long Ribbon Bow Hair Clip for Women and Girls – Soft Smooth Fabric Big Bow Barrette, Lightweight Comfortable for Daily Wear Weddings Parties School Events (Yellow)","New","4.93","No",,"Yes","0","0","0","0","30","99.96","0","30","0","0","0","0","0","0","0","0",
"YH606134","X002MMJOX1","B0H6Q5ZNQM","10 Pieces No Crease Hair Clip No Bend Clips Hair Clips Curl Pin Clips Makeup Hairpin for Bangs Finger Waves Makeup Application Hairdressing Hairpins for Women Girl(Black)","New","4.93","No",,"Yes","0","0","0","0","30","99.96","0","30","0","0","0","0","0","0","0","0",
"YH606135","X002MMEM97","B0H6Q9GX9J","12-Piece Gold Star Hair Clips, Metal Star Hair Clips, Anti-Slip Snap Clips, Y2K Carnival Hair Accessories for Girls, Gold Clips for Hair Stars","New","5.31","No",,"Yes","0","0","0","0","30","99.96","0","30","0","0","0","0","0","0","0","0",
"YH606136","X002MMJQBB","B0H6Q7H1DQ","Shower Cap Reusable Shower Cap for Women Double Layer Waterproof Large Size for All Hair Lengths for Girls Spa Home Salon (Pink Cloud)","New","6.45","No",,"Yes","0","0","0","0","30","99.96","0","30","0","0","0","0","0","0","0","0",
"YH606137","X002MMLL7N","B0H6QBG9JF","Hair Bobbles for Thick Hair, Elastic Hair Bands for Women, 4mm Snag Free Strong Hair Ties No Damage for Girls, Hairbands Women, Ponytail Holders (Pack of 40 - Black)","New","5.31","No",,"Yes","28","24","0","1","29","99.96","0","0","1","0","0","0","24","0","3","27",
"YH606138","X002MN6PKP","B0H6SC4SHT","WVGSXBO PU Woven Eyeglass Cord, Anti-Drop and Anti-Lost Eyeglass Lanyard, Unisex Design","New","5.69","No",,"Yes","0","0","0","0","30","99.96","0","30","0","0","0","0","0","0","0","0",
"YH606139","X002MNIC3X","B0H6S7MKCR","4pcs Eye Glasses Ear Cushion, Upgrade Soft Silicone Ear Pads for Glasses Grip Anti-Slip Elastic Comfort Temple Sleeves Eyewear Retainer Tip for Sunglasses Reading Eyeglasses","New","5.69","No",,"Yes","0","0","0","0","30","99.96","0","30","0","0","0","0","0","0","0","0",
"YH60614","X002M52GGF","B0H4QNRTGW","WVGSXBO Oblique Head French Tip Nail, Professional Precision Nail Art Brush for Smile Line, UV Gel & Acrylic Painting, Pure Wooden Handle Manicure Brush, 1 Pack","New","5.19","No",,"Yes","3","1","1","0","33","99.96","0","30","0","1","0","0","1","0","0","1",
"YH606140","X002MNE8I1","B0H6S7TTXC","Silicone Eyeglasses Temple Grips Retainer,Upgraded Mini Round Eyewear Retainer, Anti-Slip Glasses Retainers, Frame Grips for Spectacle, Sunglasses, Glasses, Eyewear, 10 Pairs","New","7.59","No",,"Yes","0","0","0","0","30","99.96","0","30","0","0","0","0","0","0","0","0",
"YH606141","X002MNIOZ9","B0H6SBRR63","50 PCS White Self Adhesive Cable Clips, Adjustable Cable Ties, Under Desk Cable Tidy, Reusable Wire Organiser for PC Laptop TV Router Home & Office Cable Management","New","8.54","No",,"Yes","0","0","0","0","30","99.96","0","30","0","0","0","0","0","0","0","0",
"YH606142","X002MNG9LF","B0H6S9S1N5","50 PCS Under Desk Cable Management,Self-Adhesive Cable Organizer, Adjustable Loop Cable Ties,for PC/TV/Router No-Drill Cable Organization (Black)","New","7.59","No",,"Yes","0","0","0","0","30","99.96","0","30","0","0","0","0","0","0","0","0",
"YH606144","X002MNCPGD","B0H6SGZCHK","(Set of 2) Stainless Steel Kitchen Sink Strainer Plug, Standard Strainer Drain Protector for Bathroom/Kitchen, Hair Catcher for Bathtub/Shower","New","5.69","No",,"Yes","0","0","0","0","30","99.96","0","30","0","0","0","0","0","0","0","0",
"YH606145","X002MNJMGT","B0H6SC1HQQ","WVGSXBO 2 Pcs Wall Mount Phone Holder, Self-adhesive Mobile Phone Charger Holder, Cell Phone Adhesive Bedside Shelf Wall Mount Stand for Charger, TV Remote Holder Storage Box Universal (Black)","New","6.64","No",,"Yes","0","0","0","0","30","99.96","0","30","0","0","0","0","0","0","0","0",
"YH606146","X002MNEDIL","B0H6S6PSXY","WVGSXBO 2 Pcs Wall Mount Phone Holder, Self-adhesive Mobile Phone Charger Holder, Cell Phone Adhesive Bedside Shelf Wall Mount Stand for Charger, TV Remote Holder Storage Box Universal (Grey)","New","6.36","No",,"Yes","0","0","0","0","30","99.96","0","30","0","0","0","0","0","0","0","0",
"YH606147","X002MNITXV","B0H6SJPNPS","WVGSXBO 2 Pairs Round Boot Laces, 4.5 mm, Heavy Duty Outdoor Work Boots Shoe Laces for Men, Women, Strong Hiking, Walking Shoeslaces","New","6.64","No",,"Yes","30","29","0","0","30","99.96","0","0","0","0","0","0","29","0","1","30",
"YH606148","X002MNHX1F","B0H6SH6V1Q","WVGSXBO 2 Pairs Round Boot Laces, 4.5 mm, Heavy Duty Outdoor Work Boots Shoe Laces for Men, Women, Strong Hiking, Walking Shoeslaces","New","5.69","No",,"Yes","0","0","0","0","30","99.96","0","30","0","0","0","0","0","0","0","0",
"YH606149","X002MNIYVD","B0H6SG13KX","WVGSXBO 2 Pairs 10MM Wide ShoeLaces for Trainers,Fat Flat Replacement Strings for Converse Air Force Adidas Campus Skate Shoes","New","5.69","No",,"Yes","0","0","0","0","30","99.96","0","30","0","0","0","0","0","0","0","0",
"YH60615","X002M50U2H","B0H4QY5CN7","WVGSXBO 2 Pairs Microfiber Wrist Washbands, Elastic Absorbent Wristbands for Face Washing Skincare Yoga Sports, Camel & Leopard Print","New","5.69","No",,"Yes","10","9","0","1","10","99.96","0","0","0","0","0","0","9","0","0","9",
"YH606150","X002MNBQR7","B0H6S2GSVW","WVGSXBO 2 Pairs 10mm Wide Flat Polyester Shoelaces, Thick Fat Replacement Trainer Laces, Multiple Lengths 60cm–160cm, Multi-Colour Durable Casual Sneaker Skate Shoe Strings for Adult Footwear","New","6.64","No",,"Yes","0","0","0","0","30","99.96","0","0","30","0","0","0","0","0","0","0",
"YH606151","X002MNG3C5","B0H6SBT9FV","WVGSXBO Messy Bun Hair Piece, Heat Resistant Synthetic Wavy Hair Scrunchie, Elastic Ponytail Updo Hair Extension for Adult Women, Dirty Blonde 15x15x4cm 45g","New","9.49","No",,"Yes","30","28","0","0","30","99.96","0","0","0","0","0","0","28","0","2","30",
"YH606152","X002MN6QGD","B0H6S4GDX2","WVGSXBO Messy Bun Hair Piece, Heat Resistant Synthetic Wavy Scrunchie Hair Extension, Elastic Ponytail Updo for Adult Women Dark Brown 15x15cm 45g","New","9.49","No",,"Yes","31","29","0","1","31","99.96","0","0","0","0","0","0","29","0","1","30",
"YH606153","X002MNGEV5","B0H6S64HLJ","WVGSXBO Drawstring Straight Hair Bun Extension, Round Donut Chignon Fake Ballet Updo, Heat Resistant Synthetic Hairpiece for Adult Women Dark Brown 8x8cm 50g","New","9.49","No",,"Yes","0","0","0","0","0","99.96","0","0","0","0","0","0","0","0","0","0",
"YH606155","X002MNHHCZ","B0H6SBSG3C","WVGSXBO 15 Pack Replacement Zipper Pulls, Nylon Rope Plastic U Shape Zipper Extender Tabs, 50mm Anti Slip Zip Pull Handles for Luggage, Backpacks, Jackets, Handbags & Wallets, Black","New","5.50","No",,"Yes","0","0","0","0","30","99.96","0","30","0","0","0","0","0","0","0","0",
"YH606156","X002MNHHYN","B0H6SCLHFW","WVGSXBO 12 Pack Replacement Zipper Pull Cords, Non Slip Textured Plastic Zip Extender Tabs 65mm Nylon Zip Tags for Jackets Backpacks Luggage Camping Outdoor Gear","New","5.46","No",,"Yes","0","0","0","0","0","99.96","0","0","0","0","0","0","0","0","0","0",
"YH606157","X002MNHMJN","B0H6SF13W3","WVGSXBO 6 Pack Elastic Waistband Button Extenders, Adjustable Trouser Waist Expanders, Adds 1.5-2 Inch Extra Room for Jeans Trousers Shirts, Black White Blue 3 Assorted Colours for Adults","New","6.64","No",,"Yes","0","0","0","0","30","99.96","0","0","30","0","0","0","0","0","0","0",
"YH606158","X002MNHFTP","B0H6SFVRZ3","WVGSXBO 6 Pack Black Elastic Waistband Button Extenders, Adjustable Trouser Waist Expanders Adds 1.5-2 Inch Extra Room for Jeans Chinos Formal Trousers & Shirts","New","6.60","No",,"Yes","0","0","0","0","30","99.96","0","0","30","0","0","0","0","0","0","0",
"YH606159","X002MNIT5T","B0H6SM3CD6","WVGSXBO 6 Pack Elastic Waistband Button Extenders, Khaki Dark Blue Black Trouseruser Expanders Adds 1.5-2 Inch Extra Room for Jeans Chinos Shirts","New","6.64","No",,"Yes","30","27","0","3","30","99.96","0","0","0","0","0","0","27","0","0","27",
"YH60616","X002M56LBB","B0H4QVKCV4","WVGSXBO 1 Piece Stretch Turbans for Women, Breathable Lightweight Head Turban, Soft Hair Wrap for Daily Wear, Sleep & Casual Styling White","New","6.09","No",,"Yes","7","7","0","0","67","99.96","60","0","0","0","0","0","7","0","0","7",
"YH606160","X002MNIU0X","B0H6S93686","WVGSXBO 6 Pack White Sew On Buttons, 25mm Flat Round 4 Hole Plastic Replacement Buttons for Coats Jackets Cardigans DIY Sewing Craft Projects","New","5.69","No",,"Yes","0","0","0","0","30","99.96","0","30","0","0","0","0","0","0","0","0",
"YH606161","X002MNCK31","B0H6SDVCC8","WVGSXBO 12 Pack White Sew On Buttons, 11.5mm 18L Flat Round 4 Hole Plastic Replacement Buttons for Shirts Blouses DIY Sewing Craft","New","5.31","No",,"Yes","0","0","0","0","30","99.96","0","30","0","0","0","0","0","0","0","0",
"YH606162","X002MNGC53","B0H6SBSB26","WVGSXBO 12 Pack Pastel Pink Pearlescent Sew On Buttons, 11.5mm 18L Flat Round 2 Hole Plastic Replacement Buttons for Shirts Blouses DIY Sewing Craft","New","5.69","No",,"Yes","0","0","0","0","29","99.96","0","29","0","0","0","0","0","0","0","0",
"YH606163","X002MNEI95","B0H6SDZGS3","WVGSXBO 6 Pack Waistband Button Extenders Set, 4 Single Hole & 2 Double Hole No-Sew Reusable Waist Expanders for Jeans Trousers Skirts Maternity Wear Black","New","5.69","No",,"Yes","0","0","0","0","0","99.96","0","0","0","0","0","0","0","0","0","0",
"YH606164","X002MNK5ZB","B0H6SCHD5W","WVGSXBO 10 Pack Waistband Button Extenders, 2 Sizes Stainless Steel Elastic Waist Expanders, No Sew Reusable Trouser Jean Skirt Waist Adjusters Black","New","5.60","No",,"Yes","30","25","0","0","30","99.96","0","0","0","0","0","0","25","0","5","30",
"YH606165","X002MNEKFH","B0H6SDX35J","WVGSXBO 5 Pack Denim Waist Extenders, Double Hole Adjustable Button Expanders Adds 1-2 Inches Waist Room for Jeans Trousers Skirts Maternity Wear 5 Mixed Colours","New","6.63","No",,"Yes","1","1","0","0","30","99.96","0","0","29","0","0","0","1","0","0","1",
"YH606166","X002MNKAW9","B0H6SD694F","WVGSXBO 4 Pack Navy Blue Denim Waist Extenders, Dual Distance Adjustable Button Expanders 65x35mm No Sew Reusable for Jeans Trousers Skirts Adults","New","6.17","No",,"Yes","30","25","0","0","30","99.96","0","0","0","0","0","0","25","0","5","30",
"YH606167","X002MNI2ND","B0H6SHG1QK","WVGSXBO 8 Pack Elastic Waist Extenders, 4 Mixed Colours No Sew Reusable Button Expanders for Jeans Trousers Skirts Maternity Adults","New","6.27","No",,"Yes","0","0","0","0","30","99.96","0","30","0","0","0","0","0","0","0","0",
"YH606168","X002MNLXTD","B0H6SLN4Y5","WVGSXBO Mini Round Polarised Sunglasses, Retro Hippie Metal Frame UV400 UV Protection Small Circle Fashion Glasses Unisex Adults for Driving Festival Cosplay Halloween","New","6.83","No",,"Yes","0","0","0","0","30","99.96","0","30","0","0","0","0","0","0","0","0",
"YH606169","X002MNU5PB","B0H6THMD2N","WVGSXBO 3 Pack Windproof Hat Retainer Clips, Polyester Cap Anti-Loss Strap with ABS Clips, 28cm Hat Keeper for Fishing Golf Sailing Hiking Baseball Caps Black Brown Wine Red","New","6.16","No",,"Yes","0","0","0","0","30","99.96","0","30","0","0","0","0","0","0","0","0",
"YH60617","X002M56LL1","B0H4QVKL5D","WVGSXBO 4 Pack Waterproof Clear PVC Luggage Tag Holders 18x6cm Transparent Travel Labels with Stainless Steel Wire Loops for Suitcases Bags Travel Use","New","6.64","No",,"Yes","10","10","0","0","10","99.96","0","0","0","0","0","0","10","0","0","10",
"YH606170","X002MNTIYF","B0H6TFHFTZ","WVGSXBO Wedding Embroidered Handkerchief, White Cotton Lace Trim Hankie with Something Blue Embroidery, Happy Tears Sentimental Keepsake Gift for Bride, Bride Parents, Wedding Souvenir, 30x30cm","New","6.64","No",,"Yes","0","0","0","0","30","99.96","0","30","0","0","0","0","0","0","0","0",
"YH606171","X002MNNX7N","B0H6TFT7JN","WVGSXBO Mother of the Groom Wedding Handkerchief, White Cotton Hankie with Scalloped Lace Edge & Floral Print, Happy Tears Sentimental Keepsake Gift for Groom’s Mother, Wedding Souvenir, 30x30cm","New","6.36","No",,"Yes","0","0","0","0","30","99.96","0","30","0","0","0","0","0","0","0","0",
"YH606172","X002MNU3HV","B0H6TLJ6M4","WVGSXBO Wedding Handkerchief, 28x28cm White Cotton Hankie with Scalloped Lace Edge, Something Blue Floral Embroidery For Happy Tears, Sentimental Keepsake Gift for Bride, Mother & Father of the Brid","New","6.64","No",,"Yes","0","0","0","0","0","99.96","0","0","0","0","0","0","0","0","0","0",
"YH606173","X002MNJFPR","B0H6S9BVHB","WVGSXBO 2 Pack Triple Ring Scarf Clips, Alloy Electroplated Scarf Rings, Gold Silver Smooth Wrap Holders for Adult Women Light Silk Scarves","New","6.17","No",,"Yes","0","0","0","0","30","99.96","0","30","0","0","0","0","0","0","0","0",
"YH606174","X002MNI9KJ","B0H6SCYSBG","WVGSXBO 2 Pack ABS Jar Opener, Three-Point Vacuum Release Jar Lid Key, Compact Dishwasher Safe Kitchen Bottle Opening Tool","New","6.64","No",,"Yes","30","29","0","1","30","99.96","0","0","0","0","0","0","29","0","0","29",
"YH606175","X002MN6PP5","B0H6S3N43Z","WVGSXBO 2 Pack Jar Opener Keys, Rose & Purple ABS Plastic Vacuum Lid Grippers, Ergonomic Compact Kitchen Jar Opening Tools","New","6.64","No",,"Yes","0","0","0","0","30","99.96","0","30","0","0","0","0","0","0","0","0",
"YH606176","X002MNG0ZF","B0H6SB82DH","WVGSXBO 2 Pack 7-Day Pill Organisers, Food-Grade PP Portable Weekly Tablet Boxes, Pink White Travel Supplement Storage Cases","New","5.69","No",,"Yes","31","28","0","2","31","99.96","0","0","0","0","0","0","28","0","1","29",
"YH606177","X002MNINTL","B0H6SC8DNQ","WVGSXBO 2 Pack 2.5 Inch Beige Nylon Hair Donut Bun Makers, Soft Ring Chignon Shapers for Thin Short Adult Hair Updos","New","4.74","No",,"Yes","30","28","0","2","30","99.96","0","0","0","0","0","0","28","0","0","28",
"YH606178","X002MNGF2N","B0H6S79JT8","WVGSXBO 8 Pack Alloy Scarf Ring Clips, 4 Styles Heart Clover Plain Pearl Circle, Multi Use Silk Scarf T-Shirt Cinch Fasteners for Adult Women","New","7.12","No",,"Yes","0","0","0","0","30","99.96","0","0","30","0","0","0","0","0","0","0",
"YH606179","X002MNJN09","B0H6SB4L1T","WVGSXBO 2 Pack Polished Alloy Round Shirt Clips, Hollow Circle T-Shirt Hem Cinch Buckles, Multi Use Silk Scarf Fasteners for Adult Women","New","5.88","No",,"Yes","0","0","0","0","30","99.96","0","30","0","0","0","0","0","0","0","0",
"YH60618","X002M5W5P7","B0H4R8JBHY","WVGSXBO 2 Pack 3/4 Inch Plastic Inlet Water Filters, Universal Garden Hose Filter for Pressure Washer, Anti-Clog Outdoor Water Strainer Accessories","New","5.69","No",,"Yes","10","10","0","0","10","99.96","0","0","0","0","0","0","10","0","0","10",
"YH606180","X002MNEDPT","B0H6S5NXY7","WVGSXBO Single Horsebit Scarf Buckle, Polished Alloy Wide Band Shawl Clasp, Elegant Silk Scarf Ring Holder for Adult Women","New","5.16","No",,"Yes","0","0","0","0","30","99.96","0","30","0","0","0","0","0","0","0","0",
"YH606182","X002MNGH2V","B0H6SB256H","WVGSXBO 8 Pack Black Resin Circle Scarf Buckles, Smooth Round T-Shirt Hem Cinch Clips for Adult Women Silk Shawl Accessories","New","4.93","No",,"Yes","0","0","0","0","30","99.96","0","30","0","0","0","0","0","0","0","0",
"YH606183","X002MNHZ5J","B0H6SLZQ5B","WVGSXBO Carbon Fibre Car Side Mirror Protector Strips, German Flag Anti Scratch Rearview Mirror Edge Trim Stickers, Automotive Exterior Decor Decals for Car Mirrors","New","7.31","No",,"Yes","1","1","0","0","30","99.96","0","0","29","0","0","0","1","0","0","1",
"YH606184","X002MMEGRP","B0H6PQ5WPX","WVGSXBO 6 Pcs Imitation Pearl Collar Clips, Anti-Exposure Safety Brooch Pins for Women, Adjustable Waist Tightener Buttons for Sweaters, Cardigans, Skirts and Pants, White Pearl Decorative Pins","New","7.02","No",,"Yes","0","0","0","0","0","99.96","0","0","0","0","0","0","0","0","0","0",
"YH606185","X002MN6XIJ","B0H6RF37XP","WVGSXBO 4 Pairs 9 Speed Bike Chain Quick Link, Reusable Steel Bicycle Missing Link Master Connector Coupling, Silver Replacement Links for Mountain Road Racing Bikes","New","6.17","No",,"Yes","0","0","0","0","30","99.96","0","0","30","0","0","0","0","0","0","0",
"YH606186","X002MNLZY1","B0H6SDHHC3","WVGSXBO Aluminum PD Ruler, Professional Pupillary Distance Measuring Tool, Portable Eyeglasses PD Meter for Optician, Optical Eyewear Measurement Ruler","New","6.26","No",,"Yes","0","0","0","0","30","99.96","0","0","30","0","0","0","0","0","0","0",
"YH606187","X002MMJDG9","B0H6Q3BYG2","WVGSXBO 2Pcs Plant Water Level Indicator, 9 Inch Flower Pot Moisture Gauge, Water Shortage Reminder Buoy Probe for Indoor & Outdoor Gardening Potted Plants","New","12.56","No",,"Yes","0","0","0","0","30","99.96","0","30","0","0","0","0","0","0","0","0",
"YH606188","X002MMGGUP","B0H6Q75K3Y","WVGSXBO 2Pcs Plant Water Level Indicator, 6.48 Inch Flower Pot Moisture Gauge, Physical Water Shortage Reminder Probe, Plastic Soil Water Monitor for Indoor Outdoor Potted Plants Gardening","New","9.30","No",,"Yes","0","0","0","0","30","99.96","0","30","0","0","0","0","0","0","0","0",
"YH606189","X002MN7GUN","B0H6RNHDWL","WVGSXBO 6 PCS Toilet Seat Bumper Set, Universal Noise Damping Replacement Cushion Pads, White Waterproof WC Seat Buffer Pads for Most Toilet Lids & Seats","New","5.24","No",,"Yes","0","0","0","0","30","99.96","0","0","30","0","0","0","0","0","0","0",
"YH60619","X002M5190J","B0H4R1HGJG","WVGSXBO 200 Pcs Small Cellophane Bags, 3.15x3.15 Inch Clear Self Seal Cellophane Bags, 50μm Thick OPP Self Seal Bags for Food, Jewellery, Cookies & Small Items","New","5.69","No",,"Yes","8","8","0","0","68","99.96","60","0","0","0","0","0","8","0","0","8",
"YH606190","X002MN6YGP","B0H6RJVWCN","WVGSXBO 2 Pack Stainless Steel Nail Files, Dual Sided Coarse & Fine Grit Podiatry Foot Nail File, Autoclavable Manicure Pedicure Tool for Nail Shaping & Rough Skin Smoothing","New","6.14","No",,"Yes","0","0","0","0","30","99.96","0","30","0","0","0","0","0","0","0","0",
"YH60620","X002M56BTN","B0H4RJ6WCH","WVGSXBO 200 Pcs Mixed Clear Small Cellophane Bags,Cellophane Bags, Self-Adhesive Food-Safe Cake Bags for Bakery, Gifts & Craft Packaging","New","6.99","No",,"Yes","0","0","0","0","40","99.96","0","40","0","0","0","0","0","0","0","0",
"YH60621","X002M52FYN","B0H4R1T7KH","WVGSXBO Black Kraft Envelopes, 80gsm Black Self-Adhesive Mailing Envelopes, Peel & Seal for Business Letters, Invoices, Bills, Checks, Office & Home Use, Bulk Pack","New","6.64","No",,"Yes","10","10","0","0","10","99.96","0","0","0","0","0","0","10","0","0","10",
"YH60622","X002M4X5SJ","B0H4R11NWW","WVGSXBO Peeking Monster Car Sticker, Funny Car Stickers Waterproof Vinyl Decal, Car Stickers for Outside Window Bumper Door, Scratch Resistant Vehicle Decor, 1pcs","New","5.49","No",,"Yes","5","5","0","0","25","99.96","0","20","0","0","0","0","5","0","0","5",
"YH60623","X002M56NC3","B0H4R6VJZ4","WVGSXBO 4Pcs Carbon Fiber Car Door Edge Guards, Anti-Scratch Bumper Protector Strips, Universal Rubber Door Edge Trim, Black Carbon Fiber Style Car Exterior Accessories","New","6.26","No",,"Yes","10","10","0","0","10","99.96","0","0","0","0","0","0","10","0","0","10",
"YH60624","X002M4XBC9","B0H4R3L4SF","WVGSXBO 2Pcs Soft Door Knob Covers, Anti-Collision & Anti-Static Door Handle Protectors, Thickened Cushion Guards for Home Door Knobs","New","7.59","No",,"Yes","10","10","0","0","10","99.96","0","0","0","0","0","0","10","0","0","10",
"YH60625","X002M57WQT","B0H4R8MXYK","WVGSXBO 8Pcs Car Door Handle Protectors, Clear PVC Anti-Scratch Door Handle Protection Film, Waterproof Self-Adhesive Scratch Guard Stickers for Car Door Cups","New","4.89","No",,"Yes","10","9","1","0","39","99.96","0","29","0","0","0","0","9","0","0","9",
"YH60628","X002M57YMV","B0H4R4BHZJ","WVGSXBO Travel Storage Bag, Portable Underwear and Clothing Organizer with Handle, Multi-Purpose Pouch for Luggage and Daily Use","New","5.69","No",,"Yes","10","10","0","0","10","99.96","0","0","0","0","0","0","10","0","0","10",
"YH60631","X002MAS7OP","B0H5JZJ1TL","WVGSXBO Bullseye Spirit Level, 60x12mm Circular Universal Bubble Level Vial with 1°/2°/3° Angle Markings, High Precision Round Levelling Tool for Tripods, Machinery, Furniture & Platform Calibration","New","6.17","No",,"Yes","30","27","0","3","30","99.96","0","0","0","0","0","0","27","0","0","27",
"YH60632","X002MAPT0Z","B0H5JNZ53B","WVGSXBO Ceramic Tap Cartridge 40mm, Forward & Reverse Tap Valve Insert Replacement Kit, Full Brass Tap Spares with Hot Cold Indicator Caps & Screws for Bathroom Kitchen Mixer Taps","New","8.54","No",,"Yes","30","30","0","0","30","99.96","0","0","0","0","0","0","30","0","0","30",
"YH60633","X002MASKUL","B0H5JQHJFS","WVGSXBO Tap Aerators 20 Pack, 21mm Male Thread Faucet Filter Insert, High Flow Anti Splash Water Saving Tap Spare Parts with Rubber Washers for Kitchen Bathroom Sink Taps","New","5.69","No",,"Yes","29","27","0","2","29","99.96","0","0","0","0","0","0","27","0","0","27",
"YH60634","X002MASAEH","B0H5JX29HN","WVGSXBO Zipper Repair Pulls 9 Pack, Universal Removable Zip Slider Replacement Kit, No Sew Zip Fixer for Jackets, Jeans, Backpacks, Luggage & Wallets, Black","New","6.64","No",,"Yes","0","0","0","0","0","99.96","0","0","0","0","0","0","0","0","0","0",
"YH60635","X002MASLJB","B0H5JNLDF4","WVGSXBO Metal Tyre Valve Caps 4 Pack, Knurled Aluminium Dust Valve Covers with Sealing Rubber Gaskets, Universal Air Valve Protectors for Cars, Motorbikes, Bicycles, Scooters & SUVs, Black","New","4.74","No",,"Yes","28","28","0","0","30","99.96","0","0","2","0","0","0","28","0","0","28",
"YH60636","X002MAPZ1N","B0H5K186D8","WVGSXBO Bendable Spring Drawstring Threader Tool 3 Pack, Flexible Metal Cord Threading Aid, Multi Purpose Rope Guide Tool for Hoodies, Sweatpants, Shorts and Jackets","New","5.69","No",,"Yes","30","27","0","3","30","361.33","0","0","0","0","0","0","27","0","0","27",
"YH60637","X002MASMXB","B0H5JT4SRP","WVGSXBO Sun Moon Tarot Embroidered Patches 2 Pack, Iron On & Sew On Decorative Applique Patches, Vintage Mystic Tarot Card Cloth Badges for Jackets, Jeans, Backpacks & Fabric Crafts","New","8.46","No",,"Yes","30","28","0","2","30","59.81","0","0","0","0","0","0","28","0","0","28",
"YH60638","X002MARZQB","B0H5K71LWH","WVGSXBO Welsh Dragon Embroidered Patches 2 Pack, Hook and Loop Fastener Wales National Dragon Applique, Black Tactical Embroidered Badges for Jackets, Backpacks, Caps & Tactical Gear","New","6.57","No",,"Yes","30","30","0","0","30","99.96","0","0","0","0","0","0","30","0","0","30",
"YH60639","X002MAQTC7","B0H5JRWS8Q","WVGSXBO Jerusalem Cross Embroidered Patches 2 Pack, Hook and Loop Tactical Embroidered Emblems, Black Base White & Red Crusader Cross Applique Badges for Vests, Jackets, Caps, Backpacks & Uniforms","New","9.49","No",,"Yes","30","28","0","2","30","99.96","0","0","0","0","0","0","28","0","0","28",
"YH60640","X002MAT401","B0H5JTX7FG","WVGSXBO 304 Stainless Steel Hex Reducing Bushing 2 Pack, 3/4"" BSP Male to 1/2"" BSP Female Thread Pipe Reducer Adapter, Water Air Gas Oil Pipe Fitting Converter","New","5.69","No",,"Yes","25","23","0","0","25","99.96","0","0","0","0","0","0","23","0","2","25",
"YH60641","X002MAVGXJ","B0H5K55HFW","WVGSXBO Seam Guide Sewing Gauge 4 Pack, 3mm & 4mm Edge Stitch Lock Quilting Ruler with Thumb Handle, Multicolour Sewing Machine Seam Tool for Straight & Curved Sewing Projects","New","4.74","No",,"Yes","25","24","0","1","26","99.96","0","0","1","0","0","0","24","0","0","24",
"YH60642","X002MAU4K5","B0H5K6XPYC","WVGSXBO Fingerboard Grip Tape 10 Pack, Self-Adhesive Non-Slip Foam Finger Skateboard Pads, Anti-Scratch Fingerboard Training Replacement Accessories, Black","New","5.60","No",,"Yes","30","30","0","0","30","99.96","0","0","0","0","0","0","30","0","0","30",
"YH60643","X002MARNE5","B0H5JRJH5D","WVGSXBO Funny Print Medication Storage Zip Pouch, Portable First Aid Medicine Organiser Bag, Lightweight Travel Pill Storage Case for Daily Pills, Bandages & Medical Supplies, Black","New","6.33","No",,"Yes","0","0","0","0","30","99.96","0","30","0","0","0","0","0","0","0","0",
"YH60644","X002MAWMFF","B0H5JRCGGP","WVGSXBO Car Door Edge Protectors 6 Pack, Universal Anti-Collision Anti-Scratch Door Guard Strips, Self Adhesive Car Door Edge Protection Trim, Black","New","6.62","No",,"Yes","29","28","0","0","30","99.96","0","0","1","1","0","0","28","0","0","28",
"YH60645","X002MAYCSZ","B0H5JRCGXT","WVGSXBO Carbon Fiber Car Door Edge Protectors 4 Pack, Universal Self-Adhesive Anti-Scratch Anti-Collision Door Guard Trim, Weather Resistant Car Door Edge Protection Strips, Black Carbon Fibre Texture","New","6.26","No",,"Yes","30","28","0","2","30","182.55","0","0","0","0","0","0","28","0","0","28",
"YH60646","X002MAYCIP","B0H5K14NCR","WVGSXBO 30mm Silicone Snap-In Hole Plugs 2 Pack, Round Rubber Panel Hole Stoppers, Waterproof Flush Mount Bulkhead Seal Caps for Cabinet, Kitchen Equipment & DIY Projects, Black","New","5.14","No",,"Yes","30","28","0","2","30","99.96","0","0","0","0","0","0","28","0","0","28",
"YH60647","X002MB1BM9","B0H5KBMRB5","WVGSXBO Cute Cow Shape Tennis Racket Vibration Dampener, Soft Silicone Racquet Shock Absorber, Cartoon Animal Tennis String Damper, Tennis Training Accessory","New","4.48","No",,"Yes","29","28","0","0","30","99.96","0","0","1","1","0","0","28","0","0","28",
"YH60648","X002MC0IUT","B0H5NFCWPL","WVGSXBO D-Shaped Airbag Silicone Eyeglass Nose Pads 10 Pairs, Self-Adhesive Anti-Slip Soft Nose Cushions, Replacement Nose Pads for Eyeglasses, Sunglasses & Reading Glasses, Clear Transparent","New","5.69","No",,"Yes","29","29","0","0","30","99.96","0","0","1","0","0","0","29","0","0","29",
"YH60649","X002MB29R5","B0H5K8GT6V","WVGSXBO No Drill Self-Adhesive Curtain Rod Brackets 6 Pack, 360° Rotatable Nail-Free Curtain Rod Holders, Multi-Purpose Rod Hooks for Shower Curtain, Towel Rail, Kitchen & Bathroom, White","New","5.69","No",,"Yes","30","28","0","2","30","634.18","0","0","0","0","0","0","28","0","0","28",
"YH60650","X002MB23O9","B0H5KBGVNY","WVGSXBO Gold Plated Stainless Steel Matcha Sieve, Fine Mesh Mini Tea Strainer, Small Powder Sifter for Loose Tea, Icing Sugar, Baking & Matcha Making","New","8.49","No",,"Yes","30","30","0","0","30","99.96","0","0","0","0","0","0","30","0","0","30",
"YH60651","X002MAUIID","B0H5JYNKSD","WVGSXBO 4Pcs Gold Hollow Out Binder Clips, 51mm Metal Long Tail Paper Clips for Office Home Use","New","6.26","No",,"Yes","30","30","0","0","30","99.96","0","0","0","0","0","0","30","0","0","30",
"YH60652","X002MARD7R","B0H5K7YX3L","WVGSXBO Retractable Teacher Pointer, 100cm Telescopic Stylus Pen for Touchscreen, Black Metal Presentation Pointer","New","6.07","No",,"Yes","30","28","0","2","30","106.19","0","0","0","0","0","0","28","0","0","28",
"YH60653","X002MB1TBH","B0H5KGBXGC","WVGSXBO 4 Pcs Wine Foil Cutters, Rotary Wine Bottle Foil Remover, ABS & Stainless Steel Bottle Top Tin Foil Cutter for Home Bar Restaurant Use, Black","New","5.22","No",,"Yes","30","30","0","0","30","99.96","0","0","0","0","0","0","30","0","0","30",
"YH60654","X002MAZE0F","B0H5KCM7ZR","WVGSXBO Rainbow Striped Wrist Sweatbands, Cotton Moisture Wicking Sports Wristbands for Running Gym Yoga Basketball","New","5.69","No",,"Yes","30","27","0","3","30","99.96","0","0","0","0","0","0","27","0","0","27",
"YH60655","X002MB3UGT","B0H5KBBZNK","WVGSXBO 2 Pack Zig Zag Headbands, U-Shaped Elastic Shark Tooth Hair Bands, Non-slip Wavy Teeth Plastic Headbands in Black & Leopard Print for Teens & Adults, Ideal for Sports, Shower, Daily Use & Trav","New","7.59","No",,"Yes","0","0","0","0","30","99.96","0","0","30","0","0","0","0","0","0","0",
"YH60656","X002MB2D8Z","B0H5KNBWT3","WVGSXBO 2 Pcs Toothed Hair Bands, Flexible Plastic Shark Tooth Headbands, Non-slip Sports Alice Bands, Stretchy Adult Hair Accessories for Daily Wear, Party, Travel & Outdoor Activities","New","6.64","No",,"Yes","30","29","0","0","30","99.96","0","0","0","1","0","0","29","0","0","29",
"YH60657","X002MB0KJ9","B0H5K9Z8R4","WVGSXBO Retro Double Bridge Rectangle Sunglasses, 70s Vintage Style Unisex Glasses with Orange Tinted Lenses, UV400 Protection Full Frame PC & AC Sunglasses for Driving, Fishing, Running, Travel & Dai","New","7.59","No",,"Yes","30","30","0","0","30","99.96","0","0","0","0","0","0","30","0","0","30",
"YH60658","X002MAZFGN","B0H5KF1BML","WVGSXBO 2 Pcs Sports Sweat Wristbands, Terry Cloth Elastic Wrist Bands, 2-Ply Thick Spandex Sweatbands, Absorbent Soft Wrist Supports for Gym, Running, Basketball, Tennis, Football & Outdoor Activitie","New","6.64","No",,"Yes","30","30","0","0","30","99.96","0","0","0","0","0","0","30","0","0","30",
"YH60660","X002MB294X","B0H5KK4BTY","WVGSXBO 3 Pack Hard Bristle Crevice Cleaning Brushes, 23.5cm Narrow Gap Brush with Beveled Head, Plastic Handle Cleaning Tools for Bathroom Kitchen Window Tile Grout & Household Dead Corners, Black","New","6.64","No",,"Yes","30","30","0","0","30","99.96","0","0","0","0","0","0","30","0","0","30",
"YH60661","X002MB5NIR","B0H5KJ7G61","WVGSXBO Retro Cat Eye Sunglasses for Women, Slim Triangle Half Frame Shades, Grey Non-Polarized Polycarbonate Lenses with UV400 Protection, Lightweight Plastic Frame with Metal Hinges, Black Frame One","New","9.49","No",,"Yes","30","29","0","1","30","99.96","0","0","0","0","0","0","29","0","0","29",
"YH60662","X002MAZGBH","B0H5KHMBSH","WVGSXBO 2 Pack Spring Facial Hair Remover, Stainless Steel Threading Epilator Tool, Portable Manual Facial Threader for Women, Remove Peach Fuzz, Chin & Upper Lip Hairs, Blue & Pink Dual Colours","New","6.63","No",,"Yes","0","0","0","0","30","99.96","0","30","0","0","0","29","0","0","0","0",
"YH60663","X002MB4EUZ","B0H5K5P3ZC","WVGSXBO 6 Pack Ultra Petite Satin Hair Scrunchies, No Crease Gentle Sleep Hair Ties, Frizz-Free Soft Satin Ponytail Holders for All Hair Types, Neutral Eucalyptus Earth Tone Shades, Women Stylish Hair","New","6.83","No",,"Yes","30","30","0","0","30","99.96","0","0","0","0","0","0","30","0","0","30",
"YH60664","X002MB46PX","B0H5KKSZ7G","WVGSXBO Brass Pop Up Sink Drain Plug Core, Spring-Loaded Click Clack Basin Stopper Bolt Replacement Assembly, Universal Pop-Up Drain Repair Kit for Bathroom Vanity Wash Basins, Gold Finish (1 Pack)","New","6.17","No",,"Yes","30","29","0","1","30","99.96","0","0","0","0","0","0","29","0","0","29",
"YH60665","X002MB1QBP","B0H5KGR2K1","WVGSXBO 2 Pack Reusable Silicone Wine Bottle Stoppers, Multi-Rib Leakproof Wine Sealer Plugs with Easy Grip Top, Universal Fit for Wine, Champagne & Beverage Bottles, Burgundy & Navy Blue","New","5.69","No",,"Yes","30","28","0","2","30","99.96","0","0","0","0","0","0","28","0","0","28",
"YH60666","X002MB1QH9","B0H5KBSXYW","WVGSXBO 2 Pack Professional Anti-Static Rat Tail Combs, Fine Tooth Carbon Hair Sectioning Comb with Pick Lift Teeth, Salon Hair Styling Tool for Parting, Teasing, Bleach & Hair Extensions, Black","New","5.69","No",,"Yes","31","29","0","0","31","99.96","0","0","0","2","0","0","29","0","0","29",
"YH60667","X002MB32C1","B0H5K4KGRY","WVGSXBO Double Sided Men’s Hair Texture Comb, Wide Tooth Pompadour Slick Back Styling Tool, Retro Barbershop Texturizing Comb for Quiff, Fade & Undercut Hairstyles, Black Plastic Salon Hair Grooming C","New","6.60","No",,"Yes","30","30","0","0","30","105.37","0","0","0","0","0","0","30","0","0","30",
"YH60668","X002MB310T","B0H5K5LS1X","WVGSXBO 12 Pack Black Plastic Shower Curtain Rings, O-Shape Smooth Glide Shower Curtain Hooks, Universal Fit for Standard Shower Rods, Tool-Free Easy Install Bathroom Curtain Rings","New","6.64","No",,"Yes","30","30","0","0","30","99.96","0","0","0","0","0","0","30","0","0","30",
"YH60669","X002MBQI9F","B0H5P12M9G","WVGSXBO 6 Pack Toothbrush Head Covers Compatible with Oral B iO Series, Dustproof Protective Caps for Oral B iO4 iO5 iO6 iO7 iO8 iO9, Pro 3, Smart 6, Genius Brush Heads, Multi Transparent Colours Trav","New","6.61","No",,"Yes","30","28","0","2","30","146.99","0","0","0","0","0","0","28","0","0","28",
"YH60670","X002MAZCED","B0H5K4S6R3","WVGSXBO Stainless Steel Wire Egg Slicer, Multi Purpose Egg Cutter for Hard Boiled Eggs, Strawberry, Kiwi, Fruit & Salad Making, Easy Clean Kitchen Gadget","New","6.17","No",,"Yes","30","28","0","2","30","99.96","0","0","0","0","0","0","28","0","0","28",
"YH60671","X002MANR4P","B0H5J4TBXD","WVGSXBO Oval Sunglasses for Women, 90s Y2K Retro UV400 Non-Polarized Lenses, Lightweight Plastic Frame Shades for Driving Travel Daily Wear - Calm Brown","New","9.49","No",,"Yes","30","29","0","1","30","99.96","0","0","0","0","0","0","29","0","0","29",
"YH60672","X002MAOTZB","B0H5JBHWN8","WVGSXBO 50 Pack White Plastic Curtain Hooks, Heavy Duty for Pencil Pleat, Shower Curtains & Drapery, 3.2 x 1.2 cm","New","7.13","No",,"Yes","30","27","0","3","30","99.96","0","0","0","0","0","0","27","0","0","27",
"YH60673","X002MAHR7N","B0H5JBXFSV","WVGSXBO 6 Pack Waist Button Extenders, 4 Single-Hole & 2 Double-Hole Jeans Waist Expander, No Sew Reusable Adjustable Waistband Stretcher for Trousers Skirts, Black","New","5.69","No",,"Yes","30","30","0","0","30","99.96","0","0","0","0","0","0","30","0","0","30",
"YH60674","X002MAKG7V","B0H5J53P23","WVGSXBO 20 Pack No Crease Hair Clips for Women, No Bend Hair Pins for Makeup Application, Bangs Fringe Curl Styling, All Hair Types, Black White Pink","New","6.64","No",,"Yes","23","22","0","1","30","99.96","0","7","0","0","0","0","22","0","0","22",
"YH60675","X002MANXMV","B0H5J8YPF2","WVGSXBO 6 Pack No Crease Hair Clips for Women, Polka Dot No Bend Flat Alligator Clips for Makeup Styling Face Washing Bangs, Black & White for Salon Home Use","New","5.69","No",,"Yes","30","29","0","1","30","99.96","0","0","0","0","0","0","29","0","0","29",
"YH60676","X002MAS1A5","B0H5JQ29RC","WVGSXBO 10 Pack Black Hair Ties for Women, Soft Elastic Fabric Scrunchies No Damage Ponytail Holders, Stretchy Hair Bands for Daily Wear Yoga Workout Styling","New","6.64","No",,"Yes","30","30","0","0","30","99.96","0","0","0","0","0","0","30","0","0","30",
"YH60677","X002MATHT9","B0H5JP1QLV","WVGSXBO 4 Pack Black Plastic Headbands for Men Women, Non-Slip Teeth Elastic Hair Bands for Sports Face Washing Daily Wear, Slim Plain Hair Hoops for DIY Styling","New","6.64","No",,"Yes","30","30","0","0","30","99.96","0","0","0","0","0","0","30","0","0","30",
"YH60678","X002MAPSTH","B0H5JGSMCV","WVGSXBO 3 Pack Zigzag Non-Slip Headbands for Glasses Wearers, Matte Hair Bands for Women, No Pressure Comfort Fit for Daily Wear Sports, Blue Burgundy Coffee","New","6.36","No",,"Yes","30","27","0","3","30","917.68","0","0","0","0","0","0","27","0","0","27",
"YH60679","X002MASU79","B0H5JSD4HQ","WVGSXBO 4 Pack Black Pocket Hair Combs, Dual-Sided Fine & Standard Tooth Plastic Styling Combs for Adults, Portable Hairdressing Combs for Salon Barber Home Travel Daily Use","New","5.22","No",,"Yes","30","28","0","2","30","99.96","0","0","0","0","0","0","28","0","0","28",
"YH60680","X002MAHZZ7","B0H5JMYXRT","WVGSXBO 4 Pack Wide Tooth Styling Combs, Anti Static Palm-Sized ABS Detangling Combs for Curly Wavy Wig Beard, Compact for Salon Barber Home Travel Office Use, Black","New","7.59","No",,"Yes","30","30","0","0","30","99.96","0","0","0","0","0","0","30","0","0","30",
"YH60681","X002MAT7GR","B0H5JWFKJ2","WVGSXBO 2 Pack Stainless Steel Sink Strainers, 7.5cm Drain Protectors Hair Catchers for Kitchen Sink Bathroom Bathtub Shower, Rustproof Anti-Clog Drain Filters","New","5.69","No",,"Yes","29","27","0","2","30","99.96","0","0","1","0","0","0","27","0","0","27",
"YH60682","X002MAQRWJ","B0H5JKT3VX","WVGSXBO 2 Pack Polyester Sewing Thread Set, 200 Yards Per Spool Black & White All-Purpose Thread for Sewing Machine Hand Stitching Embroidery DIY Craft Projects","New","4.74","No",,"Yes","30","30","0","0","30","99.96","0","0","0","0","0","0","30","0","0","30",
"YH60683","X002MAQS37","B0H5K39H3V","WVGSXBO 4 Pairs Clear Bra Straps, 10mm Invisible Adjustable Shoulder Straps, Non-Slip TPU Transparent Straps for Strapless Bras, Max Length 65cm","New","4.74","No",,"Yes","30","28","0","2","30","215.16","0","0","0","0","0","0","28","0","0","28",
"YH60684","X002MATCPX","B0H5JWV52P","WVGSXBO 2 Pack Black Wide Fabric Alice Bands for Women, Soft Padded No-Teeth Headbands, Lightweight Hair Bands for Adult Daily Wear DIY Crafting","New","5.69","No",,"Yes","30","28","0","2","30","99.96","0","0","0","0","0","0","28","0","0","28",
"YH60685","X002MAVVEX","B0H5JN736Z","WVGSXBO 3 Pack Pearl Rhinestone Bridal Hair Pins, U-Shaped French Elegant Wedding Hair Accessories for Women, Decorative Hair Pieces for Brides Bridesmaids Prom Party","New","7.59","No",,"Yes","30","28","0","2","30","99.96","0","0","0","0","0","0","28","0","0","28",
"YH60686","X002MAR55R","B0H5JQVDZT","WVGSXBO 3 Pack Gold Leaf U-Shaped Hair Pins, Boho Wedding Hair Accessories for Women, Bridal Hair Pieces for Bridesmaids Prom Party Updo Styling","New","7.59","No",,"Yes","30","30","0","0","30","99.96","0","0","0","0","0","0","30","0","0","30",
"YH60687","X002MAT2T9","B0H5K38R5V","WVGSXBO Silver Pearl Bridal Hair Comb, Adjustable Floral Rhinestone Wedding Hair Clip, Vintage Side Hair Accessory for Brides Bridesmaids Prom Updo Styling","New","5.98","No",,"Yes","30","29","0","0","30","127.98","0","0","0","1","0","0","29","0","0","29",
"YH60688","X002MATSGV","B0H5JTZBNX","WVGSXBO Red Satin Bow Hair Clip for Women, Large French Barrette with Long Streamers, Elegant Bowknot Hair Accessory for Daily Wear & Parties, 20cm","New","5.41","No",,"Yes","30","30","0","0","30","99.96","0","0","0","0","0","0","30","0","0","30",
"YH60689","X002MARC23","B0H5K3JYB6","WVGSXBO 5 Pack Clear Flower Mini Claw Clips, Acrylic Floral Hair Barrettes for Women, Small Decorative Hair Clips for Daily Wear Wedding Party Styling","New","5.60","No",,"Yes","27","26","0","1","30","99.96","0","3","0","0","0","0","26","0","0","26",
"YH60690","X002MN7C4X","B0H6RH7G45","WVGSXBO Soap Dish with Drainage, Cream White Plastic Soap Holder with Removable Tray, Non-Slip Bar Soap Saver for Bathroom Shower Kitchen Sink, Compact Size (1 Pack)","New","5.67","No",,"Yes","0","0","0","0","30","99.96","0","30","0","0","0","0","0","0","0","0",
"YH60691","X002MN7C3J","B0H6RND86Y","WVGSXBO Red Satin Long Tail Bow Hair Clip, Elegant Bowknot Hair Barrette for Women, Ponytail Holder Hair Accessory for Daily Party Wedding Prom","New","5.65","No",,"Yes","0","0","0","0","30","99.96","0","30","0","0","0","0","0","0","0","0",
"YH60692","X002MN92BJ","B0H6RHRD8P","WVGSXBO 3 Pack Automatic Needle Threaders, Blue Sewing Needle Threader Tool for Hand Sewing & Sewing Machines, Easy Thread Insertion for Sewing Crafts","New","5.69","No",,"Yes","0","0","0","0","30","99.96","0","0","30","0","0","0","0","0","0","0",
"YH60693","X002MN7COX","B0H6RPBVG2","WVGSXBO 12 Pcs Black ABS Car Sunroof Sunshade Clips, Replacement Mesh Sun Curtain Fixing Clips 40x33mm Retainer Clips","New","9.02","No",,"Yes","31","25","0","1","31","99.96","0","0","0","0","0","0","25","0","5","30",
"YH60694","X002MNA7SV","B0H6RQYVF2","WVGSXBO 12 Sets 17mm Brass Jeans Buttons, Bronze Hammer-on Tack Buttons, No-Sew Metal Replacement Buttons for Denim Trousers Jackets Leather Crafts","New","7.49","No",,"Yes","0","0","0","0","30","99.96","0","30","0","0","0","0","0","0","0","0",
"YH60695","X002MN94SF","B0H6RLWDB6","WVGSXBO 2 Pack Retro Oval Cat Eye Sunglasses for Women, UV400 Protection 90s Vintage Lightweight Non-Polarized Fashion Shades for Daily Outdoor Wear","New","9.49","No",,"Yes","0","0","0","0","30","99.96","0","0","30","0","0","0","0","0","0","0",
"YH60697","X002MN66CH","B0H6RN4CJC","WVGSXBO 6 Pairs Clip-On Replacement Nose Pads, Soft PVC Eyeglass Nose Pieces, Gold & Silver Sunglasses Repair Kit for Aviator Clip-On Frames","New","6.64","No",,"Yes","0","0","0","0","30","99.96","0","30","0","0","0","0","0","0","0","0",
"YH60698","X002MN9FAH","B0H6RTM9LS","WVGSXBO 10 Pairs Soft Silicone Glasses Nose Pads, Push-in Anti-Slip Eyeglass Nose Bridge Grips, Comfort Nose Pad Covers for Sunglasses & Optical Frames","New","5.03","No",,"Yes","0","0","0","0","29","99.96","0","29","0","0","0","0","0","0","0","0",
"YH60699","X002MN2Y69","B0H6RRCD6M","WVGSXBO 2 Pcs 15ml Stainless Steel Measuring Spoons, 1 Tablespoon Long Handle Coffee Scoop, Rust-Proof Dishwasher Safe Kitchen Scoop for Baking & Cooking","New","6.64","No",,"Yes","0","0","0","0","29","99.96","0","0","29","0","0","0","0","0","0","0",
"YHSD260801","X002NVT3ZF","B0HDS618FG","WVGSXBO Mini Christmas Tree Topper Star, Glitter Star Tree Top Decoration 6cm, Small Xmas Star Ornament for Mini Desktop Christmas Tree, Holiday Party Home Decor, Gold","New","5.69","No",,"Yes","0","0","0","0","0","99.96","0","0","0","0","0","0","0","0","0","0",
"YHSD260802","X002NVN7MF","B0HDS8K976","WVGSXBO 12 Pcs Christmas Wine Glass Charms, Felt Drink Glass Markers, Xmas Table Decor Tags with Christmas Tree Reindeer Snowflake Gingerbread Man Gift Box Motifs for Holiday Dinner Party Table Settin","New","6.64","No",,"Yes","0","0","0","0","0","99.96","0","0","0","0","0","0","0","0","0","0",
"YHSD260803","X002NVN6UN","B0HDS659TW","WVGSXBO 12 Pcs Christmas Tree Cutlery Holders, Red Felt Cutlery Pockets with Star Hollow‑Out Design, Xmas Table Decor Cutlery Sleeves for Holiday Dinner Table Party Decoration","New","9.41","No",,"Yes","0","0","0","0","0","99.96","0","0","0","0","0","0","0","0","0","0",
"YHSD260804","X002NVNC4N","B0HDSCZZN8","WVGSXBO 100 Pcs Christmas Ornament Hooks, Stainless Steel S‑Shaped Xmas Bauble Hangers with Plastic Storage Box, Metal Mini Hanging Hooks for Christmas Tree Decorations, Silver","New","5.69","No",,"Yes","0","0","0","0","0","99.96","0","0","0","0","0","0","0","0","0","0",
"YHSD260805","X002NVRX9D","B0HDS7LT8H","WVGSXBO 50 Pcs Christmas Gutter Hooks, White Plastic Light Clips, Outdoor String Light Hanging Clips for Xmas Decoration, No‑Tools Gutter Hanger Clips","New","6.64","No",,"Yes","0","0","0","0","0","99.96","0","0","0","0","0","0","0","0","0","0",
"YHSD260806","X002NVT7ZV","B0HDSBQ23X","WVGSXBO 60 Pcs Christmas Gutter Light Clips, S‑Shape Plastic Gutter Hooks, Weatherproof Reusable Outdoor Hanging Clips for String Lights, Icicle Lights, Fairy Lights, White Translucent","New","6.57","No",,"Yes","0","0","0","0","0","99.96","0","0","0","0","0","0","0","0","0","0",
"YHSD260807","X002NVTYTZ","B0HDSNR7W5","WVGSXBO 60Pcs Christmas Tree Ornament Hooks, Star‑Shaped Metal Hanging Hooks, Silver Xmas Hangers for Baubles, Pendants and Holiday Decor Accessories","New","7.59","No",,"Yes","0","0","0","0","0","99.96","0","0","0","0","0","0","0","0","0","0",
"YHSD260808","X002NW02HH","B0HDSW4GV9","WVGSXBO Christmas Tree Topper Star, 10 cm Silver Glitter Hollow‑Cut Star Ornament, Festive Xmas Tree Top Decoration for Holiday Home Decor","New","6.64","No",,"Yes","0","0","0","0","0","99.96","0","0","0","0","0","0","0","0","0","0",
"YHSD260809","X002NW02L3","B0HDT4YX3J","WVGSXBO Christmas Bow Ornaments 10‑Pack, Red‑Green Stripe Ribbon Bows with Bells & Holly, Hanging Xmas Decor for Christmas Tree, Wreath, Gift Hamper, Holiday Party Home Decoration","New","6.66","No",,"Yes","0","0","0","0","0","99.96","0","0","0","0","0","0","0","0","0","0",
"YHSD260810","X002NW2S0B","B0HDT8V8G6","WVGSXBO Artificial Red Berry Stems 16‑Pack, 8 Inch Fake Holly Berry Picks, Decorative Red Fruit Branches for Christmas Tree Ornaments, DIY Wreath, Garland, Holiday Crafts & Home Xmas Decor","New","6.64","No",,"Yes","0","0","0","0","0","99.96","0","0","0","0","0","0","0","0","0","0",
"YHSD260811","X002NW4PBV","B0HDT5CWRX","WVGSXBO Artificial Holly Berries 100‑Pack, 10 mm Mini Dark Red Fake Berries with Wire Stems, Decorative Fruit Picks for Christmas Tree, DIY Wreath, Garland, Floral Crafts & Holiday Home Decoration","New","12.36","No",,"Yes","0","0","0","0","0","99.96","0","0","0","0","0","0","0","0","0","0",
"YHSD260812","X002NW4539","B0HDT2KGLZ","WVGSXBO Metallic Silver Twine String 100M, 1mm Silver Decorative Craft Thread, Glitter Gift Wrapping Cord for Christmas Bauble Hanging, Gift Packaging, DIY Arts Crafts & Holiday Ornament Decoration","New","6.36","No",,"Yes","0","0","0","0","0","99.96","0","0","0","0","0","0","0","0","0","0",
"YHSD260813","X002NVWS75","B0HDT4SRND","WVGSXBO Men's Pre‑Tied Christmas Bow Tie, Green Festive Bowtie with Santa Snowman Reindeer Print, Adjustable Neck Strap, Novelty Bow Tie for Xmas Party, Holiday Dinner & Celebration Events","New","6.66","No",,"Yes","0","0","0","0","0","99.96","0","0","0","0","0","0","0","0","0","0",
"YHSD260814","X002NVWXIJ","B0HDT8K6LY","WVGSXBO Christmas Baubles 30mm, 12Pcs Shatterproof Pale Pink Christmas Tree Ornaments Balls, Shiny Matte Glitter Hanging Xmas Balls Decorations for Holiday Wedding Party Home Decor","New","5.90","No",,"Yes","0","0","0","0","0","99.96","0","0","0","0","0","0","0","0","0","0",
"YHSD260815","X002NW9DL3","B0HDTCX9Q7","WVGSXBO Glitter Reindeer Christmas Ornaments, 6Pcs 100mm Gold Flying Reindeer Hanging Decorations, Sparkly Reindeer Baubles for Christmas Tree, Wreath, Garland Xmas Holiday Home Decor","New","7.59","No",,"Yes","0","0","0","0","0","99.96","0","0","0","0","0","0","0","0","0","0",
"YHSD260816","X002NW3NMX","B0HDT5MXFS","WVGSXBO 5Pcs Mini Christmas Wreaths, Artificial Frosted Pine Mini Wreath with Red Bow, Small Xmas Wreath Ornaments for Dollhouse, Christmas Card, Gift Box, Holiday DIY Crafts Decoration","New","8.96","No",,"Yes","0","0","0","0","0","99.96","0","0","0","0","0","0","0","0","0","0",
"YHSD260817","X002NW6FGJ","B0HDT89K3N","WVGSXBO 50Pcs Mini Artificial Mushrooms, 2cm Resin Fake Red Mushrooms with White Dots, Tiny Mushroom Ornaments for Fairy Garden, Bonsai, Dollhouse, DIY Micro Landscape Craft Decor","New","7.57","No",,"Yes","0","0","0","0","0","99.96","0","0","0","0","0","0","0","0","0","0",
"YHSD260818","X002NW6S07","B0HDT6ZJP2","WVGSXBO 7.5m Star‑Shaped Tinsel Wire Garland, Flexible Metal Star Tinsel Rope, Silver Star Wire Garland for Christmas Tree, Home Wall, Window, Wedding, Holiday Party Decoration","New","5.86","No",,"Yes","0","0","0","0","0","99.96","0","0","0","0","0","0","0","0","0","0",
"YHSD260820","X002NW6T1F","B0HDTDWSY8","WVGSXBO Santa Wine Bottle Stopper, Christmas‑Themed Reusable Bottle Sealer, Silicone Santa Figure Decorative Wine Stopper for Wine Champagne Bottles, Holiday Party Bar Decoration & Xmas Gift","New","8.50","No",,"Yes","0","0","0","0","0","99.96","0","0","0","0","0","0","0","0","0","0",
"YHYC260801","X002NNZFP5","B0HCSLZ4YN","Ceramic Thank You Keepsake Gift Sentimental Gift For Best Friend | Mentor | Family | Female Gift For Her | Friendship Present","New","5.99","No",,"Yes","0","0","0","0","0","99.96","0","0","0","0","0","0","0","0","0","0",
"Z9-FRSZ-KYNQ","X002LIJS05","B0H2G1V83L","WVGSXBO 10m Braided Cotton Rope 5mm, Red Macrame Cord 5mm, 8-Strand Twisted Cotton String, Wear Resistant Craft Red Rope for DIY Crafting, Sewing, Drawstring, Home Decoration","New","5.93","No",,"Yes","0","0","0","0","0","99.96","0","0","0","0","0","0","0","0","0","0",
