"snapshot-date","sku","fnsku","asin","product-name","condition","available","fc-transfer","pending-removal-quantity","inv-age-0-to-90-days","inv-age-91-to-180-days","inv-age-181-to-270-days","inv-age-271-to-365-days","inv-age-366-to-455-days","inv-age-456-plus-days","currency","units-shipped-t7","units-shipped-t30","units-shipped-t60","units-shipped-t90","alert","your-price","sales-price","lowest-price-new-plus-shipping","lowest-price-used","recommended-action","healthy-inventory-level","recommended-sales-price","recommended-sale-duration-days","recommended-removal-quantity","estimated-cost-savings-of-recommended-actions","sell-through","item-volume","volume-unit-measurement","storage-type","storage-volume","marketplace","product-group","sales-rank","days-of-supply","estimated-excess-quantity","weeks-of-cover-t30","weeks-of-cover-t90","featuredoffer-price","sales-shipped-last-7-days","sales-shipped-last-30-days","sales-shipped-last-60-days","sales-shipped-last-90-days","inv-age-0-to-30-days","inv-age-31-to-60-days","inv-age-61-to-90-days","inv-age-181-to-330-days","inv-age-331-to-365-days","estimated-storage-cost-next-month","inbound-quantity","inbound-working","inbound-shipped","inbound-received","Total Reserved Quantity","unfulfillable-quantity","quantity-to-be-charged-ais-241-270-days","estimated-ais-241-270-days","quantity-to-be-charged-ais-271-300-days","estimated-ais-271-300-days","quantity-to-be-charged-ais-301-330-days","estimated-ais-301-330-days","quantity-to-be-charged-ais-331-365-days","estimated-ais-331-365-days","quantity-to-be-charged-ais-366-455-days","estimated-ais-366-455-days","quantity-to-be-charged-ais-456-plus-days","estimated-ais-456-plus-days","historical-days-of-supply","Recommended ship-in quantity","Recommended ship-in date","Last updated date for Historical Days of Supply","Short term historical days of supply","Long term historical days of supply","Inventory age snapshot date","Inventory Supply at FBA","Reserved FC Processing","Reserved Customer Order","Reserved Staging","Total Days of Supply (including units from open shipments)","is-seasonal-in-next-3-months","season-name","season-start-date","season-end-date"
"2026-08-13","YH60678","X002MAPSTH","B0H5JGSMCV","WVGSXBO 3 Pack Zigzag Non-Slip Headbands for Glasses Wearers, Matte Hair Bands for Women, No Pressure Comfort Fit for Daily Wear Sports, Blue Burgundy Coffee","New","27","0","0","30","0","0","0","0","0","GBP","","","","","Low traffic","6.36","0.0","6.36","0.0","Advertise listing","","","0","0","","0.0","0.032408","cubic feet","Standard","0.875016","UK","gl_beauty","","160","0","","","","","","","","30","0","0","0","0","","0","0","0","0","3","0","","","","","","","","","","","","","","0","","","","","2026-08-10","27","3","0","0","173","N","","",""
"2026-08-13","YH60532","X002LJAFFL","B0H2HRVJ5V","WVGSXBO 20 Pack Black Cable Clips, Self-Adhesive Cable Clips Black, Strong Wire Holders Cord Organisers for TV PC Home Office Car Cable Management","New","4","0","0","6","0","0","0","0","0","GBP","2","4","4","4","Low traffic","5.69","0.0","5.69","0.0","Advertise listing","","","0","0","","0.75","0.003531","cubic feet","Standard","0.014124","UK","gl_home_improvement","129018","6","0","64","208","5.69","9.48","18.96","18.96","18.96","0","6","0","0","0","","60","60","0","0","1","0","","","","","","","","","","","","","266.0","0","","2026-08-09","146.0","266.0","2026-08-10","64","1","0","0","100","N","","",""
"2026-08-13","YH60527","X002LHDFAP","B0H2DGQWZM","WVGSXBO 8cm Wide Elastic Headbands for Women, 3 Pack yarn Non Slip Headbands for Women's Hair, Soft Stretch Hair Bands for Sports Yoga Running Makeup, Black Beige Khaki","New","6","0","0","6","0","0","0","0","0","GBP","2","4","4","4","Low traffic","5.68","0.0","5.68","0.0","Advertise listing","","","0","0","","0.75","0.003531","cubic feet","Standard","0.021186","UK","gl_sports","277609","271","0","36","117","5.68","9.46","19.35","19.35","19.35","0","6","0","0","0","","30","0","30","0","0","1","","","","","","","","","","","","","167.0","0","","2026-08-09","87.0","167.0","2026-08-10","36","0","0","0","271","N","","",""
"2026-08-13","YH60628","X002M57YMV","B0H4R4BHZJ","","New","10","0","0","10","0","0","0","0","0","GBP","","","","","Low traffic","5.69","0.0","5.69","0.0","Advertise listing","","","0","0","","0.0","0.003531","cubic feet","Standard","0.03531","UK","","","77","0","","","5.69","","","","","10","0","0","0","0","","0","0","0","0","0","0","","","","","","","","","","","","","","0","","","","","2026-08-10","10","0","0","0","77","N","","",""
"2026-08-13","YH605153","X002LU5ZB9","B0H3K4BF86","","New","9","1","0","10","0","0","0","0","0","GBP","","","","","Low traffic","4.74","0.0","4.74","0.0","Advertise listing","","","0","0","","0.0","0.003531","cubic feet","","0.031779","UK","","","68","0","","","","","","","","10","0","0","0","0","","0","0","0","0","0","0","","","","","","","","","","","","","","0","","","","","2026-08-10","10","0","0","0","68","N","","",""
"2026-08-13","YH60576","X002LIUX6N","B0H2HG6V71","WVGSXBO 5 Pack No Tail Adjustable Eyewear Retainer, Sports Glasses Straps for Men Women Teenagers, Soft Non-Slip Sunglasses Strap, Lightweight Eyeglass Band for Running Hiking Ski Mountaineering","New","4","0","0","4","0","0","0","0","0","GBP","3","6","6","6","Low traffic","5.39","0.0","5.19","0.0","Advertise listing","","","0","0","","0.86","0.003531","cubic feet","Apparel","0.014124","UK","gl_apparel","380320","107","0","22","73","5.39","12.96","26.09","26.09","26.09","0","4","0","0","0","","30","0","30","0","0","0","","","","","","","","","","","","","84.3","0","","2026-08-09","66.8","84.3","2026-08-10","34","0","0","0","107","N","","",""
"2026-08-13","YH606107","X002MND8BJ","B0H6RXX1PH","WVGSXBO 6 Pack French Hair Comb Slides, Tortoiseshell Leopard Print 23-Tooth Side Combs, Strong Hold Plastic Styling Accessories for Women Updos Buns","New","28","1","0","29","0","0","0","0","0","GBP","","","","","Low traffic","6.55","0.0","6.55","0.0","Advertise listing","","","0","0","","0.0","0.003531","cubic feet","Standard","0.098868","UK","gl_beauty","","140","0","","","","","","","","29","0","0","0","0","","1","0","0","1","0","0","","","","","","","","","","","","","","","","","","","2026-08-10","30","0","0","0","140","N","","",""
"2026-08-13","YH605181","X002LVCFRZ","B0H3MLNCRQ","WVGSXBO Pressure Washer Nozzles, Stainless Steel Sewer Jet Nozzle, 1/4 Inch Quick Connector Drain Cleaner Tool, 10mm Orifice Pipe Unclogging Nozzle for Home Plumbing Industrial Use","New","16","0","0","16","0","0","0","0","0","GBP","1","4","4","4","Low traffic","6.79","0.0","6.79","0.0","Advertise listing","","","0","0","","0.22","0.003531","cubic feet","Standard","0.056496","UK","gl_home_improvement","54735","85","0","76","247","6.79","5.66","23.57","23.57","23.57","0","16","0","0","0","","60","60","0","0","0","0","","","","","","","","","","","","","238.7","0","","2026-08-09","192.0","238.7","2026-08-10","76","0","0","0","366","N","","",""
"2026-08-13","YH60616","X002M56LBB","B0H4QVKCV4","WVGSXBO 1 Piece Stretch Turbans for Women, Breathable Lightweight Head Turban, Soft Hair Wrap for Daily Wear, Sleep & Casual Styling White","New","7","0","0","7","0","0","0","0","0","GBP","1","3","3","3","Low traffic","6.09","0.0","6.29","0.0","Advertise listing","","","0","0","","0.35","0.003531","cubic feet","Apparel","0.024717","UK","gl_apparel","484046","53","0","89","290","6.29","5.24","16.06","16.06","16.06","0","7","0","0","0","","60","60","0","0","0","0","","","","","","","","","","","","","111.3","0","","2026-08-09","88.0","111.3","2026-08-10","67","0","0","0","366","N","","",""
"2026-08-13","YH605102","X002LTD003","B0H3F79P7F","WVGSXBO Retro Round Glasses, Polarised Festival Sunglasses, Orange Sunglasses UV400 Metal Frame 70s Hippie Shades for Adult Men Women Party","New","9","0","0","9","0","0","0","0","0","GBP","1","1","1","1","Low traffic","5.49","0.0","5.49","0.0","Advertise listing","","","0","0","","0.11","0.003531","cubic feet","","0.031779","UK","gl_shoes","469011","83","0","276","897","5.49","4.57","4.57","4.57","4.57","0","9","0","0","0","","60","60","0","0","0","0","","","","","","","","","","","","","366.0","0","","2026-08-09","296.0","366.0","2026-08-10","69","0","0","0","366","N","","",""
"2026-08-13","YH60693","X002MN7COX","B0H6RPBVG2","WVGSXBO 12 Pcs Black ABS Car Sunroof Sunshade Clips, Replacement Mesh Sun Curtain Fixing Clips 40x33mm Retainer Clips","New","25","5","0","31","0","0","0","0","0","GBP","","","","","Low traffic","9.02","0.0","9.02","0.0","Advertise listing","","","0","0","","0.0","0.003531","cubic feet","Standard","0.088275","UK","gl_biss","","146","0","","","","","","","","31","0","0","0","0","","0","0","0","0","1","0","","","","","","","","","","","","","","0","","","","","2026-08-10","30","1","0","0","150","N","","",""
"2026-08-13","YH605131","X002LTCVEJ","B0H3F8WQX2","WVGSXBO Retro Wayfarer White Sunglasses Womens, UV400 Glasses, Lightweight Unisex White Sunglasses for Travel Cycling Outdoor Sports","New","8","0","0","9","0","0","0","0","0","GBP","2","2","2","2","Low traffic","5.89","0.0","5.89","0.0","Advertise listing","","","0","0","","0.21","0.003531","cubic feet","","0.028248","UK","gl_shoes","407071","64","0","136","442","5.89","9.82","9.82","9.82","9.82","1","8","0","0","0","","60","60","0","0","1","0","","","","","","","","","","","","","368.0","0","","2026-08-09","298.0","368.0","2026-08-10","68","1","0","0","366","N","","",""
"2026-08-13","YH60530","X002LHKZJT","B0H2D9VCC7","WVGSXBO 18 Pcs Pearl Hair Pins, Elegant Pearl Hair Accessories, Non-Slip Hair Pins for Buns, Bridal Wedding Party Hairstyling Pins for Adult Women","New","1","0","0","1","0","0","0","0","0","GBP","0","3","9","9","Low traffic","5.39","0.0","5.39","0.0","NoRestockExcessActionRequired","","","0","0","","5.4","0.003531","cubic feet","Standard","0.003531","UK","gl_beauty","181715","176","0","41","44","5.39","0.0","12.95","39.89","39.89","0","1","0","0","0","","30","0","30","0","0","0","","","","","","","","","","","","","32.3","0","","2026-08-09","32.3","31.9","2026-08-10","31","0","0","0","176","N","","",""
"2026-08-13","YH60680","X002MAHZZ7","B0H5JMYXRT","WVGSXBO 4 Pack Wide Tooth Styling Combs, Anti Static Palm-Sized ABS Detangling Combs for Curly Wavy Wig Beard, Compact for Salon Barber Home Travel Office Use, Black","New","30","0","0","30","0","0","0","0","0","GBP","","","","","Low traffic","7.59","0.0","7.59","0.0","Advertise listing","","","0","0","","0.0","0.003531","cubic feet","Standard","0.10593","UK","gl_beauty","","171","0","","","","","","","","30","0","0","0","0","","0","0","0","0","0","0","","","","","","","","","","","","","","0","","","","","2026-08-10","30","0","0","0","171","N","","",""
"2026-08-13","YH60605","X002M53E39","B0H4QTRWXD","","New","9","0","0","10","0","0","0","0","0","GBP","","","","","Low traffic","5.69","0.0","5.69","0.0","Advertise listing","","","0","0","","0.0","0.003531","cubic feet","Standard","0.031779","UK","","","109","0","","","5.69","","","","","10","0","0","0","0","","0","0","0","0","1","0","","","","","","","","","","","","","","0","","","","","2026-08-10","9","1","0","0","118","N","","",""
"2026-08-13","YH60646","X002MAYCIP","B0H5K14NCR","WVGSXBO 30mm Silicone Snap-In Hole Plugs 2 Pack, Round Rubber Panel Hole Stoppers, Waterproof Flush Mount Bulkhead Seal Caps for Cabinet, Kitchen Equipment & DIY Projects, Black","New","28","0","0","30","0","0","0","0","0","GBP","","","","","Low traffic","5.14","0.0","5.14","0.0","Advertise listing","","","0","0","","0.0","0.003531","cubic feet","Standard","0.098868","UK","gl_home","","175","0","","","","","","","","30","0","0","0","0","","0","0","0","0","2","0","","","","","","","","","","","","","","0","","","","","2026-08-10","28","2","0","0","189","N","","",""
"2026-08-13","YH60568","X002LJ9Y5N","B0H2G3FXVF","WVGSXBO 2 Pack Cloth Tape Measure, 150cm/60 Inch Dual Sided Sewing, Flexible Fibreglass Tape Measure Sewing for Tailoring Body Fitness Craft","New","10","0","0","10","0","0","0","0","0","GBP","","","","","Low traffic","5.19","0.0","5.19","0.0","Advertise listing","","","0","0","","0.0","0.003531","cubic feet","Standard","0.03531","UK","gl_biss","","126","0","","","","","","","","0","10","0","0","0","","0","0","0","0","0","0","","","","","","","","","","","","","","0","","","","","2026-08-10","10","0","0","0","126","N","","",""
"2026-08-13","YH60637","X002MASMXB","B0H5JT4SRP","WVGSXBO Sun Moon Tarot Embroidered Patches 2 Pack, Iron On & Sew On Decorative Applique Patches, Vintage Mystic Tarot Card Cloth Badges for Jackets, Jeans, Backpacks & Fabric Crafts","New","28","0","0","30","0","0","0","0","0","GBP","","","","","Low traffic","8.46","0.0","8.46","0.0","Advertise listing","","","0","0","","0.0","0.002112","cubic feet","Standard","0.059136","UK","gl_office_product","","193","0","","","8.46","","","","","30","0","0","0","0","","0","0","0","0","2","0","","","","","","","","","","","","","","0","","","","","2026-08-10","28","2","0","0","208","N","","",""
"2026-08-13","YH60547","X002LJ0W2R","B0H2HGY3HV","WVGSXBO 4 Pack Satin Hair Scrunchies, Neon Retro Hair Bands with Purple Scrunchie, Soft Polyester Ponytail Holders, 80s 90s Hair Accessories for Women Party Halloween Christmas Workout","New","29","0","0","30","0","0","0","0","0","GBP","1","6","10","10","Low traffic","4.66","0.0","4.66","0.0","NoRestockExcessActionRequired","","","0","0","","0.81","0.003531","cubic feet","Standard","0.102399","UK","gl_beauty","166041","133","0","19","37","4.66","3.88","22.28","37.24","37.24","30","0","0","0","0","","0","0","0","0","1","0","","","","","","","","","","","","","55.5","0","","2026-08-09","55.5","53.3","2026-08-10","29","1","0","0","139","N","","",""
"2026-08-13","YH60509","X002LJ08FX","B0H2H4RL4R","WVGSXBO 2 Pack Non-Slip Padel Overgrip Tape, 150cm x 2.5cm Sweat Absorbent Racket Grip Wrap for Pickleball Tennis Badminton Table Tennis","New","2","0","0","3","0","0","0","0","0","GBP","0","7","7","7","Low traffic","6.09","0.0","6.09","0.0","Advertise listing","","","0","0","","1.62","0.003531","cubic feet","Standard","0.007062","UK","gl_sports","145019","10","0","52","170","6.09","0.0","34.37","34.37","34.37","0","3","0","0","0","","90","90","0","0","0","0","","","","","","","","","","","","","64.7","0","","2026-08-09","30.7","64.7","2026-08-10","92","0","0","0","366","N","","",""
"2026-08-13","YH605120","X002LSLZ3D","B0H39CWY9S","","New","10","0","0","10","0","0","0","0","0","GBP","","","","","Low traffic","4.27","0.0","4.27","0.0","Advertise listing","","","0","0","","0.0","0.002214","cubic feet","Standard","0.02214","UK","","","110","0","","","","","","","","0","10","0","0","0","","0","0","0","0","0","0","","","","","","","","","","","","","","0","","","","","2026-08-10","10","0","0","0","110","N","","",""
"2026-08-13","YH605168","X002LVYCTJ","B0H3Q34CYT","","New","4","0","0","7","0","0","0","0","0","GBP","0","3","3","3","Low traffic","4.99","0.0","4.99","0.0","Advertise listing","","","0","0","","0.35","0.003531","cubic feet","Standard","0.014124","UK","","155967","210","0","45","147","4.99","0.0","13.88","13.88","13.88","0","7","0","0","0","","30","0","30","0","1","0","","","","","","","","","","","","","107.0","0","","2026-08-09","83.7","107.0","2026-08-10","34","1","0","0","217","N","","",""
"2026-08-13","YH605134","X002LTF1TB","B0H3F4VQVW","WVGSXBO Polarised Sunglasses, Retro Pilot Men's Sunglasses, UV400 Anti-Glare Sun Glasses for Driving Cycling Fishing Outdoor Activities","New","4","0","0","5","0","0","0","0","0","GBP","2","5","5","5","Low traffic","6.49","0.0","6.49","0.0","Advertise listing","","","0","0","","0.67","0.003531","cubic feet","","0.014124","UK","gl_shoes","117583","30","0","51","166","6.49","10.82","27.05","27.05","27.05","0","5","0","0","0","","60","60","0","0","0","0","","","","","","","","","","","","","113.0","0","","2026-08-09","89.7","113.0","2026-08-10","64","0","0","0","366","N","","",""
"2026-08-13","YH60672","X002MAOTZB","B0H5JBHWN8","WVGSXBO 50 Pack White Plastic Curtain Hooks, Heavy Duty for Pencil Pleat, Shower Curtains & Drapery, 3.2 x 1.2 cm","New","29","0","0","30","0","0","0","0","0","GBP","","","","","Low traffic","7.13","0.0","7.13","0.0","Advertise listing","","","0","0","","0.0","0.003531","cubic feet","Standard","0.102399","UK","gl_home","","120","0","","","","","","","","30","0","0","0","0","","0","0","0","0","1","0","","","","","","","","","","","","","","0","","","","","2026-08-10","29","1","0","0","124","N","","",""
"2026-08-13","YH606129","X002MMDQCB","B0H6Q23CD1","10 Pcs White Mini Funnel Small Funnel Plastic Funnels Multi-Purpose Funnels for Bottle Oils, L Perfumes, Filling, Science Essential","New","28","1","0","30","0","0","0","0","0","GBP","","","","","Low traffic","6.64","0.0","6.64","0.0","Advertise listing","","","0","0","","0.0","0.003531","cubic feet","Standard","0.098868","UK","gl_biss","","119","0","","","","","","","","30","0","0","0","0","","0","0","0","0","3","0","","","","","","","","","","","","","","0","","","","","2026-08-10","29","3","0","0","127","N","","",""
"2026-08-13","YH605121","X002LSU3BN","B0H39X8BB1","","New","7","0","0","7","0","0","0","0","0","GBP","0","2","2","2","Low traffic","8.49","0.0","8.49","0.0","Advertise listing","","","0","0","","0.25","0.003531","cubic feet","","0.024717","UK","","198436","366","0","74","240","8.49","0.0","15.8","15.8","15.8","0","7","0","0","0","","30","0","30","0","0","0","","","","","","","","","","","","","148.0","0","","2026-08-09","116.0","148.0","2026-08-10","37","0","0","0","366","N","","",""
"2026-08-13","YH60522","X002LHLWVT","B0H2D5SW24","WVGSXBO 100 Pcs Black Eyelash Curler Refills, Soft Durable Rubber Lash Curler Replacement Pads for Enhanced Curl & Comfort, Universal Fit for Most Standard Eyelash Curlers","New","10","0","0","10","0","0","0","0","0","GBP","","","","","Low traffic","6.99","0.0","6.99","0.0","Advertise listing","","","0","0","","0.0","0.003531","cubic feet","Standard","0.03531","UK","gl_personal_care_appliances","","101","0","","","7.19","","","","","0","10","0","0","0","","0","0","0","0","0","0","","","","","","","","","","","","","","0","","","","","2026-08-10","10","0","0","0","101","N","","",""
"2026-08-13","YH606152","X002MN6QGD","B0H6S4GDX2","WVGSXBO Messy Bun Hair Piece, Heat Resistant Synthetic Wavy Scrunchie Hair Extension, Elastic Ponytail Updo for Adult Women Dark Brown 15x15cm 45g","New","29","1","0","30","0","0","0","0","0","GBP","","","","","Low traffic","9.49","0.0","9.49","0.0","Advertise listing","","","0","0","","0.0","0.003531","cubic feet","Standard","0.102399","UK","gl_beauty","","127","0","","","","","","","","30","0","0","0","0","","0","0","0","0","1","0","","","","","","","","","","","","","","","","","","","2026-08-10","30","1","0","0","130","N","","",""
"2026-08-13","YH60676","X002MAS1A5","B0H5JQ29RC","WVGSXBO 10 Pack Black Hair Ties for Women, Soft Elastic Fabric Scrunchies No Damage Ponytail Holders, Stretchy Hair Bands for Daily Wear Yoga Workout Styling","New","30","0","0","30","0","0","0","0","0","GBP","","","","","Low traffic","6.64","0.0","6.64","0.0","Advertise listing","","","0","0","","0.0","0.003531","cubic feet","Standard","0.10593","UK","gl_beauty","","173","0","","","","","","","","30","0","0","0","0","","0","0","0","0","0","0","","","","","","","","","","","","","","0","","","","","2026-08-10","30","0","0","0","173","N","","",""
"2026-08-13","YH60677","X002MATHT9","B0H5JP1QLV","WVGSXBO 4 Pack Black Plastic Headbands for Men Women, Non-Slip Teeth Elastic Hair Bands for Sports Face Washing Daily Wear, Slim Plain Hair Hoops for DIY Styling","New","30","0","0","30","0","0","0","0","0","GBP","","","","","Low traffic","6.64","0.0","6.64","0.0","Advertise listing","","","0","0","","0.0","0.003531","cubic feet","Standard","0.10593","UK","gl_beauty","","178","0","","","","","","","","30","0","0","0","0","","0","0","0","0","0","0","","","","","","","","","","","","","","0","","","","","2026-08-10","30","0","0","0","178","N","","",""
"2026-08-13","YH60602","X002M52ACP","B0H4QWLBYK","","New","9","0","0","9","0","0","0","0","0","GBP","","","","","Low traffic","5.88","0.0","5.88","0.0","Advertise listing","","","0","0","","0.0","0.003531","cubic feet","Standard","0.031779","UK","","","89","0","","","","","","","","9","0","0","0","0","","1","0","0","1","0","0","","","","","","","","","","","","","","0","","","","","2026-08-10","10","0","0","0","89","N","","",""
"2026-08-13","YH60512","X002LJ0K4H","B0H2HDLMNC","WVGSXBO 6 Pack Regular Mouth Mason Jar Lids, Silver Tinplate Leak Proof Canning Lids with Built-in Sealing Ring, Dishwasher Safe Storage Jar Caps for Freezer Refrigerator Dry Storage","New","34","2","0","39","0","0","0","0","0","GBP","1","3","13","13","Low traffic","5.84","0.0","5.84","0.0","Advertise listing","","","0","0","","0.91","0.003531","cubic feet","Standard","0.120054","UK","gl_home","963605","268","0","85","64","5.84","4.87","14.61","63.29","63.29","39","0","0","0","0","","30","0","30","0","4","0","","","","","","","","","","","","","14.0","0","","2026-08-09","3.0","14.0","2026-08-10","66","3","1","0","285","N","","",""
"2026-08-13","YH605139-1","X002LTQ19P","B0H3HH35F4","","New","10","0","0","10","0","0","0","0","0","GBP","","","","","Low traffic","7.04","0.0","7.04","0.0","Advertise listing","","","0","0","","0.0","0.003531","cubic feet","","0.03531","UK","","","89","0","","","","","","","","10","0","0","0","0","","0","0","0","0","0","0","","","","","","","","","","","","","","0","","","","","2026-08-10","10","0","0","0","89","N","","",""
"2026-08-13","YH60556","X002LIMIXJ","B0H2GYR5BH","WVGSXBO Happy Tears Embroidered Handkerchief, 10x10in/25x25cm Cotton Bridal Handkerchief with Blue Scalloped Edges & Hearts for Wedding Party Accessories Bridesmaid Gifts","New","37","3","0","40","0","0","0","0","0","GBP","0","0","10","10","Low traffic","5.39","0.0","5.39","0.0","Advertise listing","","","0","0","","0.75","0.003531","cubic feet","Apparel","0.130647","UK","gl_apparel","996338","366","0","","87","5.39","0.0","0.0","44.9","44.9","40","0","0","0","0","","30","0","30","0","0","0","","","","","","","","","","","","","","0","","","","17.9","2026-08-10","70","0","0","0","366","N","","",""
"2026-08-13","YH60614","X002M52GGF","B0H4QNRTGW","","New","1","0","0","2","0","0","0","0","0","GBP","5","8","8","8","Low traffic","5.19","0.0","5.19","0.0","NoRestockExcessActionRequired","","","0","0","","1.33","0.003531","cubic feet","Standard","0.003531","UK","","75047","51","0","15","50","5.19","21.62","35.15","35.15","35.15","1","1","0","0","0","","30","0","30","0","0","1","","","","","","","","","","","","","47.8","22","2026-08-13","2026-08-09","36.3","47.8","2026-08-10","31","0","0","0","51","N","","",""
"2026-08-13","YH60579","X002LKWTXB","B0H2LJLXXN","WVGSXBO 100 Pack Disposable Ear Covers for Shower, Waterproof Elastic Ear Shower Caps, Clear Ear Protectors for Shower Hair Dye Bathing Salon Adult Use","New","3","0","0","3","0","0","0","0","0","GBP","0","6","7","7","Low traffic","4.99","0.0","4.99","0.0","Advertise listing","","","0","0","","1.75","0.015892","cubic feet","Standard","0.047676","UK","gl_beauty","330177","260","0","35","98","4.99","0.0","23.94","27.93","27.93","0","3","0","0","0","","50","0","50","0","0","0","","","","","","","","","","","","","58.4","0","","2026-08-09","29.0","58.4","2026-08-10","53","0","0","0","260","N","","",""
"2026-08-13","YH60667","X002MB32C1","B0H5K4KGRY","WVGSXBO Double Sided Men’s Hair Texture Comb, Wide Tooth Pompadour Slick Back Styling Tool, Retro Barbershop Texturizing Comb for Quiff, Fade & Undercut Hairstyles, Black Plastic Salon Hair Grooming C","New","30","0","0","30","0","0","0","0","0","GBP","","","","","Low traffic","6.6","0.0","6.6","0.0","Advertise listing","","","0","0","","0.0","0.00372","cubic feet","Standard","0.1116","UK","gl_beauty","","179","0","","","","","","","","30","0","0","0","0","","0","0","0","0","0","0","","","","","","","","","","","","","","0","","","","","2026-08-10","30","0","0","0","179","N","","",""
"2026-08-13","YH60598","X002LTC6ZX","B0H3FCD8DD","","New","10","0","0","10","0","0","0","0","0","GBP","","","","","Low traffic","6.64","0.0","6.64","0.0","Advertise listing","","","0","0","","0.0","0.003531","cubic feet","","0.03531","UK","","","91","0","","","","","","","","10","0","0","0","0","","0","0","0","0","0","0","","","","","","","","","","","","","","0","","","","","2026-08-10","10","0","0","0","91","N","","",""
"2026-08-13","YH605103","X002LTC653","B0H3F7V9VD","WVGSXBO 2 PCS Hippy Specs Sunglasses, Metal Round Frame Retro Hippie Glasses, Colored Lens Pink & Orange for Festival Disco Fancy Dress, 127mm","New","7","0","0","7","0","0","0","0","0","GBP","1","3","3","3","Low traffic","4.99","0.0","4.99","0.0","Advertise listing","","","0","0","","0.35","0.003531","cubic feet","","0.024717","UK","gl_toy","382027","366","0","48","156","4.99","4.16","13.08","13.08","13.08","0","7","0","0","0","","29","0","29","0","0","0","","","","","","","","","","","","","110.3","0","","2026-08-09","87.0","110.3","2026-08-10","36","0","0","0","366","N","","",""
"2026-08-13","YH60648","X002MC0IUT","B0H5NFCWPL","WVGSXBO D-Shaped Airbag Silicone Eyeglass Nose Pads 10 Pairs, Self-Adhesive Anti-Slip Soft Nose Cushions, Replacement Nose Pads for Eyeglasses, Sunglasses & Reading Glasses, Clear Transparent","New","29","0","0","29","0","0","0","0","0","GBP","","","","","Low traffic","5.69","0.0","5.69","0.0","Advertise listing","","","0","0","","0.0","0.003531","cubic feet","Standard","0.102399","UK","gl_drugstore","","212","0","","","5.69","","","","","29","0","0","0","0","","1","0","0","1","0","0","","","","","","","","","","","","","","0","","","","","2026-08-10","30","0","0","0","212","N","","",""
"2026-08-13","YH605173","X002LUAM4T","B0H3KG8TB8","","New","16","4","0","20","0","0","0","0","0","GBP","","","","","Low traffic","6.17","0.0","6.17","0.0","Advertise listing","","","0","0","","0.0","0.003531","cubic feet","","0.056496","UK","","","94","0","","","","","","","","20","0","0","0","0","","0","0","0","0","3","0","","","","","","","","","","","","","","0","","","","","2026-08-10","20","3","0","0","103","N","","",""
"2026-08-13","YH60525","X002LHJO3H","B0H2D8176C","WVGSXBO Manual Stitch Row Counter for UK, Compact Needlework Row Tally for Crochet & Knitting Projects, 2-Digit Dial Knitting Accessory","New","28","1","0","29","0","0","0","0","0","GBP","3","5","10","10","Low traffic","4.59","0.0","4.59","0.0","NoRestockExcessActionRequired","","","0","0","","0.83","0.003531","cubic feet","Standard","0.098868","UK","gl_home","218601","103","0","22","36","4.59","11.46","18.6","38.05","38.05","29","0","0","0","0","","0","0","0","0","2","0","","","","","","","","","","","","","36.3","0","","2026-08-09","30.3","36.3","2026-08-10","29","2","0","0","109","N","","",""
"2026-08-13","YH605105","X002LTCEFF","B0H3F7B2SQ","WVGSXBO Polarized Yellow Sunglasses, UV400 Anti Glare Lightweight Safety Sunglasses, Unisex Semi-Rimless Shooting Glasses for Running Golf Cycling Hiking Fishing Driving","New","4","0","0","5","0","0","0","0","0","GBP","2","5","5","5","Low traffic","8.39","0.0","8.39","0.0","Advertise listing","","","0","0","","0.67","0.003531","cubic feet","Footwear","0.014124","UK","gl_shoes","48666","22","0","51","166","8.39","13.98","34.95","34.95","34.95","0","5","0","0","0","","60","60","0","0","0","0","","","","","","","","","","","","","86.8","0","","2026-08-09","69.3","86.8","2026-08-10","64","0","0","0","366","N","","",""
"2026-08-13","YH605106","X002LSYE1X","B0H399X4WS","WVGSXBO Sunglasses Case Soft PU Leather, Slim Portable Spectacle Cases with Magnetic Closure, Lightweight Protective Eyeglasses Pouch for Women Men Travel, White","New","2","0","0","2","0","0","0","0","0","GBP","0","4","8","8","Low traffic","5.59","0.0","5.59","0.0","Advertise listing","","","0","0","","3.0","0.003531","cubic feet","","0.007062","UK","gl_apparel","468982","263","0","32","52","5.59","0.0","17.53","36.15","36.15","0","2","0","0","0","","30","0","30","0","0","0","","","","","","","","","","","","","41.6","0","","2026-08-09","24.6","41.6","2026-08-10","32","0","0","0","263","N","","",""
"2026-08-13","YH60685","X002MAVVEX","B0H5JN736Z","WVGSXBO 3 Pack Pearl Rhinestone Bridal Hair Pins, U-Shaped French Elegant Wedding Hair Accessories for Women, Decorative Hair Pieces for Brides Bridesmaids Prom Party","New","28","0","0","30","0","0","0","0","0","GBP","","","","","Low traffic","7.59","0.0","7.59","0.0","Advertise listing","","","0","0","","0.0","0.003531","cubic feet","Standard","0.098868","UK","gl_beauty","","166","0","","","","","","","","30","0","0","0","0","","0","0","0","0","2","0","","","","","","","","","","","","","","0","","","","","2026-08-10","28","2","0","0","175","N","","",""
"2026-08-13","YH60682","X002MAQRWJ","B0H5JKT3VX","WVGSXBO 2 Pack Polyester Sewing Thread Set, 200 Yards Per Spool Black & White All-Purpose Thread for Sewing Machine Hand Stitching Embroidery DIY Craft Projects","New","30","0","0","30","0","0","0","0","0","GBP","","","","","Low traffic","4.74","0.0","4.74","0.0","Advertise listing","","","0","0","","0.0","0.003531","cubic feet","Standard","0.10593","UK","gl_office_product","","180","0","","","","","","","","30","0","0","0","0","","0","0","0","0","0","0","","","","","","","","","","","","","","0","","","","","2026-08-10","30","0","0","0","180","N","","",""
"2026-08-13","YH60670","X002MAZCED","B0H5K4S6R3","WVGSXBO Stainless Steel Wire Egg Slicer, Multi Purpose Egg Cutter for Hard Boiled Eggs, Strawberry, Kiwi, Fruit & Salad Making, Easy Clean Kitchen Gadget","New","28","0","0","30","0","0","0","0","0","GBP","","","","","Low traffic","6.17","0.0","6.17","0.0","Advertise listing","","","0","0","","0.0","0.003531","cubic feet","Standard","0.098868","UK","gl_kitchen","","150","0","","","","","","","","30","0","0","0","0","","0","0","0","0","2","0","","","","","","","","","","","","","","0","","","","","2026-08-10","28","2","0","0","160","N","","",""
"2026-08-13","YH60571","X002LINDCT","B0H2GZTGGQ","WVGSXBO 300 Mesh Fine Food Filter Strainer, 13cm Food-Grade Nylon Kitchen Sieve Fine, Reusable Oil Filter Funnel Sieve for Frying Oil, Juice, Jam, Wine & Home Brewing","New","36","2","0","39","0","0","0","0","0","GBP","1","3","10","10","Low traffic","6.09","0.0","6.09","0.0","NoRestockExcessActionRequired","","","0","0","","0.73","0.003531","cubic feet","Standard","0.127116","UK","gl_kitchen","154875","181","0","48","46","6.09","5.07","15.38","52.06","52.06","39","0","0","0","0","","0","0","0","0","0","0","","","","","","","","","","","","","20.8","0","","2026-08-09","4.3","20.8","2026-08-10","38","0","0","0","181","N","","",""
"2026-08-13","YH60599","X002LSJRZV","B0H38HR6D7","WVGSXBO 10 Pcs (5 Pairs) Soft Cotton Glasses Ear Cushions, Anti-Slip Glasses Arm Grips & Glasses Ear Grips, Glasses Arm Covers for Sunglasses & Reading Glasses","New","7","0","0","7","0","0","0","0","0","GBP","0","3","3","3","Low traffic","5.19","0.0","5.19","0.0","Advertise listing","","","0","0","","0.35","0.003531","cubic feet","","0.024717","UK","gl_drugstore","155712","214","0","49","160","5.39","0.0","14.3","14.3","14.3","0","7","0","0","0","","30","0","30","0","0","0","","","","","","","","","","","","","108.3","0","","2026-08-09","85.0","108.3","2026-08-10","37","0","0","0","214","N","","",""
"2026-08-13","YH606127","X002ML6KHF","B0H6MJ4J31","6 PCS Mini Funnels for Filling Small Bottles, Small Plastic Funnel Set With Narrow Spouts, Tiny Funnels For Perfume, Essential Oils, Hip Flasks, Laboratory, Diy Crafts And Home Use","New","27","2","0","30","0","0","0","0","0","GBP","","","","","Low traffic","5.31","0.0","5.31","0.0","Advertise listing","","","0","0","","0.0","0.003531","cubic feet","Standard","0.095337","UK","gl_biss","","116","0","","","","","","","","30","0","0","0","0","","0","0","0","0","2","0","","","","","","","","","","","","","","0","","","","","2026-08-10","29","2","0","0","121","N","","",""
"2026-08-13","YH60565","X002LIVOHF","B0H2H4L8S6","WVGSXBO 12.6cm Silicone Sink Plug, Pop Up Drain Stopper Shower Hair Catcher, Bathtub Drain Cover with Suction Cups, Sunflower Sink Strainer for Kitchen Bathroom Basin Tub","New","34","0","0","35","0","0","0","0","0","GBP","1","4","5","5","Low traffic","5.69","0.0","5.69","0.0","Advertise listing","","","0","0","","0.34","0.003531","cubic feet","Standard","0.120054","UK","gl_home","321720","165","0","34","88","5.69","4.74","19.72","24.96","24.96","30","5","0","0","0","","0","0","0","0","1","0","","","","","","","","","","","","","164.3","0","","2026-08-09","144.0","164.3","2026-08-10","34","1","0","0","170","N","","",""
"2026-08-13","YH605118","X002LSPWYV","B0H3B34KHH","","New","14","0","0","14","0","0","0","0","0","GBP","0","6","6","6","Low traffic","4.89","0.0","4.89","0.0","Advertise listing","","","0","0","","0.34","0.003531","cubic feet","","0.049434","UK","","150305","191","0","29","95","4.89","0.0","26.32","26.32","26.32","0","14","0","0","0","","30","0","30","0","0","1","","","","","","","","","","","","","104.7","0","","2026-08-09","81.3","104.7","2026-08-10","44","0","0","0","191","N","","",""
"2026-08-13","YH605104","X002LTC9TB","B0H3FBW6B6","","New","8","0","0","8","0","0","0","0","0","GBP","0","2","2","2","Low traffic","4.39","0.0","4.39","0.0","Advertise listing","","","0","0","","0.22","0.003531","cubic feet","","0.028248","UK","","765537","165","0","136","442","4.39","0.0","7.9","7.9","7.9","0","8","0","0","0","","60","60","0","0","0","0","","","","","","","","","","","","","167.5","0","","2026-08-09","132.5","167.5","2026-08-10","68","0","0","0","366","N","","",""
"2026-08-13","YH60632","X002MAPT0Z","B0H5JNZ53B","WVGSXBO Ceramic Tap Cartridge 40mm, Forward & Reverse Tap Valve Insert Replacement Kit, Full Brass Tap Spares with Hot Cold Indicator Caps & Screws for Bathroom Kitchen Mixer Taps","New","30","0","0","30","0","0","0","0","0","GBP","","","","","Low traffic","8.54","0.0","8.54","0.0","Advertise listing","","","0","0","","0.0","0.003531","cubic feet","Standard","0.10593","UK","gl_home_improvement","","231","0","","","8.54","","","","","30","0","0","0","0","","0","0","0","0","0","0","","","","","","","","","","","","","","0","","","","","2026-08-10","30","0","0","0","231","N","","",""
"2026-08-13","YH60575","X002LJEB5V","B0H2HTK59J","WVGSXBO 24Pcs Glue on Nails for Women, Short Almond French Tip Stick on Nails with Pearl Gold Line Bow, Glossy ABS Full Cover False Nails 12 Sizes with Nail File & Adhesive Tabs for Daily Wear","New","35","0","0","37","0","0","0","0","0","GBP","1","1","3","3","Low traffic","3.99","0.0","3.99","0.0","Advertise listing","","","0","0","","0.2","0.003531","cubic feet","Standard","0.123585","UK","gl_beauty","114958","366","0","140","151","3.99","3.32","3.32","10.8","10.8","30","7","0","0","0","","0","0","0","0","2","0","","","","","","","","","","","","","","0","","","","332.0","2026-08-10","35","2","0","0","366","N","","",""
"2026-08-13","YH60664","X002MB46PX","B0H5KKSZ7G","WVGSXBO Brass Pop Up Sink Drain Plug Core, Spring-Loaded Click Clack Basin Stopper Bolt Replacement Assembly, Universal Pop-Up Drain Repair Kit for Bathroom Vanity Wash Basins, Gold Finish (1 Pack)","New","29","0","0","30","0","0","0","0","0","GBP","","","","","Low traffic","6.17","0.0","6.17","0.0","Advertise listing","","","0","0","","0.0","0.003531","cubic feet","Standard","0.102399","UK","gl_home","","156","0","","","","","","","","30","0","0","0","0","","0","0","0","0","1","0","","","","","","","","","","","","","","0","","","","","2026-08-10","29","1","0","0","161","N","","",""
"2026-08-13","YH605137","X002LT70D1","B0H3F8ZZL8","","New","10","0","0","10","0","0","0","0","0","GBP","","","","","Low traffic","6.89","0.0","6.89","0.0","Advertise listing","","","0","0","","0.0","0.003531","cubic feet","","0.03531","UK","","","180","0","","","6.89","","","","","0","10","0","0","0","","0","0","0","0","0","0","","","","","","","","","","","","","","0","","","","","2026-08-10","10","0","0","0","180","N","","",""
"2026-08-13","YH60563","X002LL4KKP","B0H2M949VL","WVGSXBO Double-Sided Wig Adhesive Tape, 10mm x 3 Yards, Clear Lace Front Wig Tape for Hair Extensions, Easy Peel & Residue-Free Removal","New","10","0","0","10","0","0","0","0","0","GBP","","","","","Low traffic","4.99","0.0","4.99","0.0","Advertise listing","","","0","0","","0.0","0.003531","cubic feet","Standard","0.03531","UK","gl_beauty","","225","0","","","5.09","","","","","0","10","0","0","0","","0","0","0","0","0","0","","","","","","","","","","","","","","0","","","","","2026-08-10","10","0","0","0","225","N","","",""
"2026-08-13","YH60683","X002MAQS37","B0H5K39H3V","WVGSXBO 4 Pairs Clear Bra Straps, 10mm Invisible Adjustable Shoulder Straps, Non-Slip TPU Transparent Straps for Strapless Bras, Max Length 65cm","New","28","0","0","30","0","0","0","0","0","GBP","","","","","Low traffic","4.74","0.0","4.74","0.0","Advertise listing","","","0","0","","0.0","0.007598","cubic feet","Apparel","0.212744","UK","gl_apparel","","366","0","","","","","","","","30","0","0","0","0","","0","0","0","0","2","0","","","","","","","","","","","","","","0","","","","","2026-08-10","28","2","0","0","366","N","","",""
"2026-08-13","YH60652","X002MARD7R","B0H5K7YX3L","WVGSXBO Retractable Teacher Pointer, 100cm Telescopic Stylus Pen for Touchscreen, Black Metal Presentation Pointer","New","28","0","0","30","0","0","0","0","0","GBP","","","","","Low traffic","6.07","0.0","6.07","0.0","Advertise listing","","","0","0","","0.0","0.003753","cubic feet","Standard","0.105084","UK","gl_pc","","208","0","","","6.07","","","","","30","0","0","0","0","","0","0","0","0","2","0","","","","","","","","","","","","","","0","","","","","2026-08-10","28","2","0","0","224","N","","",""
"2026-08-13","YH60617","X002M56LL1","B0H4QVKL5D","","New","10","0","0","10","0","0","0","0","0","GBP","","","","","Low traffic","6.64","0.0","6.64","0.0","Advertise listing","","","0","0","","0.0","0.003531","cubic feet","Standard","0.03531","UK","","","106","0","","","","","","","","0","10","0","0","0","","0","0","0","0","0","0","","","","","","","","","","","","","","0","","","","","2026-08-10","10","0","0","0","106","N","","",""
"2026-08-13","YH60618","X002M5W5P7","B0H4R8JBHY","","New","10","0","0","10","0","0","0","0","0","GBP","","","","","Low traffic","5.69","0.0","5.69","0.0","Advertise listing","","","0","0","","0.0","0.003531","cubic feet","Standard","0.03531","UK","","","77","0","","","","","","","","10","0","0","0","0","","0","0","0","0","0","0","","","","","","","","","","","","","","0","","","","","2026-08-10","10","0","0","0","77","N","","",""
"2026-08-13","YH605100","X002LTFOVB","B0H3F6Q554","WVGSXBO 5 Pairs Silicone Nose Pads, Transparent Adhesive Glasses Nose Pads, Soft Anti-Slip Airbag Nose Pads for Eyeglasses, Sunglasses & Reading Glasses","","0","0","0","1","0","0","0","0","0","GBP","0","9","9","9","Low traffic","0.0","0.0","4.59","0.0","Edit listing","","","0","0","","1.64","1.9E-5","cubic feet","","0.0","UK","gl_drugstore","106604","0","0","53","173","4.39","0.0","32.3","32.3","32.3","0","1","0","0","0","","120","120","0","0","0","0","","","","","","","","","","","","","33.4","0","","2026-08-09","26.1","33.4","2026-08-10","120","0","0","0","119","N","","",""
"2026-08-13","YH605171","X002LVYDRP","B0H3KN3R93","WVGSXBO Stainless Steel Apple Corer and Slicer, 8 Blades Apple Slicer Cutter & Corer with Non-Slip Handle, 2-in-1 Fruit Vegetable Apple Corer for Home Kitchen Prep","New","20","0","0","20","0","0","0","0","0","GBP","","","","","Low traffic","10.39","0.0","10.39","0.0","Advertise listing","","","0","0","","0.0","0.003531","cubic feet","Standard","0.07062","UK","gl_kitchen","","366","0","","","10.39","","","","","0","20","0","0","0","","0","0","0","0","0","0","","","","","","","","","","","","","","0","","","","","2026-08-10","20","0","0","0","366","N","","",""
"2026-08-13","YH60564","X002LITZMV","B0H2H9H9PX","WVGSXBO Soft Stretch Ribbed Turban Headwrap for Women, Breathable Lightweight Head Cover, Non-Slip Sleep Bonnet for Natural Curly Hair Protection, One Size Fits Most, Black","New","22","5","0","29","0","0","0","0","0","GBP","1","2","11","11","Low traffic","6.29","0.0","6.29","0.0","Advertise listing","","","0","0","","0.97","0.003531","cubic feet","Standard","0.077682","UK","gl_sports","815774","366","0","174","102","6.29","5.24","10.48","58.69","58.69","29","0","0","0","0","","65","0","65","0","2","0","","","","","","","","","","","","","22.5","0","","2026-08-09","7.3","22.5","2026-08-10","92","2","0","0","366","N","","",""
"2026-08-13","YH60674","X002MAKG7V","B0H5J53P23","WVGSXBO 20 Pack No Crease Hair Clips for Women, No Bend Hair Pins for Makeup Application, Bangs Fringe Curl Styling, All Hair Types, Black White Pink","New","23","0","0","23","0","0","0","0","0","GBP","","","","","Low traffic","6.64","0.0","6.64","0.0","Advertise listing","","","0","0","","0.0","0.003531","cubic feet","Standard","0.081213","UK","gl_beauty","","179","0","","","","","","","","23","0","0","0","0","","7","0","7","0","0","0","","","","","","","","","","","","","","0","","","","","2026-08-10","30","0","0","0","179","N","","",""
"2026-08-13","YH60620","X002M56BTN","B0H4RJ6WCH","WVGSXBO 200 Pcs Mixed Clear Small Cellophane Bags,Cellophane Bags, Self-Adhesive Food-Safe Cake Bags for Bakery, Gifts & Craft Packaging","","0","0","0","1","0","0","0","0","0","GBP","3","10","10","10","Low traffic","0.0","0.0","6.99","0.0","Edit listing","","","0","0","","1.64","0.003531","cubic feet","Standard","0.0","UK","gl_home","","102","0","16","52","6.99","17.46","58.14","58.14","58.14","0","1","0","0","0","","40","0","40","0","0","0","","","","","","","","","","","","","34.1","0","","2026-08-09","24.1","34.1","2026-08-10","40","0","0","0","102","N","","",""
"2026-08-13","YH605159","X002LU3BJH","B0H3K9F4CK","","New","9","1","0","10","0","0","0","0","0","GBP","","","","","Low traffic","6.64","0.0","6.64","0.0","Advertise listing","","","0","0","","0.0","0.003531","cubic feet","","0.031779","UK","","","188","0","","","","","","","","10","0","0","0","0","","0","0","0","0","0","0","","","","","","","","","","","","","","","","","","","2026-08-10","10","0","0","0","188","N","","",""
"2026-08-13","YH60631","X002MAS7OP","B0H5JZJ1TL","WVGSXBO Bullseye Spirit Level, 60x12mm Circular Universal Bubble Level Vial with 1°/2°/3° Angle Markings, High Precision Round Levelling Tool for Tripods, Machinery, Furniture & Platform Calibration","New","27","0","0","30","0","0","0","0","0","GBP","","","","","Low traffic","6.17","0.0","6.17","0.0","Advertise listing","","","0","0","","0.0","0.003531","cubic feet","Standard","0.095337","UK","gl_home_improvement","","110","0","","","","","","","","30","0","0","0","0","","0","0","0","0","3","0","","","","","","","","","","","","","","0","","","","","2026-08-10","27","3","0","0","115","N","","",""
"2026-08-13","YH60684","X002MATCPX","B0H5JWV52P","WVGSXBO 2 Pack Black Wide Fabric Alice Bands for Women, Soft Padded No-Teeth Headbands, Lightweight Hair Bands for Adult Daily Wear DIY Crafting","New","28","0","0","30","0","0","0","0","0","GBP","","","","","Low traffic","5.69","0.0","5.69","0.0","Advertise listing","","","0","0","","0.0","0.003531","cubic feet","Standard","0.098868","UK","gl_beauty","","165","0","","","","","","","","30","0","0","0","0","","0","0","0","0","2","0","","","","","","","","","","","","","","0","","","","","2026-08-10","28","2","0","0","174","N","","",""
"2026-08-13","YH60668","X002MB310T","B0H5K5LS1X","WVGSXBO 12 Pack Black Plastic Shower Curtain Rings, O-Shape Smooth Glide Shower Curtain Hooks, Universal Fit for Standard Shower Rods, Tool-Free Easy Install Bathroom Curtain Rings","New","30","0","0","29","0","0","0","0","0","GBP","","","","","Low traffic","6.64","0.0","6.64","0.0","Advertise listing","","","0","0","","0.0","0.003531","cubic feet","Standard","0.10593","UK","gl_home","","239","0","","","","","","","","29","0","0","0","0","","0","0","0","0","0","0","","","","","","","","","","","","","","0","","","","","2026-08-10","30","0","0","0","239","N","","",""
"2026-08-13","YH60660","X002MB294X","B0H5KK4BTY","WVGSXBO 3 Pack Hard Bristle Crevice Cleaning Brushes, 23.5cm Narrow Gap Brush with Beveled Head, Plastic Handle Cleaning Tools for Bathroom Kitchen Window Tile Grout & Household Dead Corners, Black","New","30","0","0","30","0","0","0","0","0","GBP","","","","","Low traffic","6.64","0.0","6.64","0.0","Advertise listing","","","0","0","","0.0","0.003531","cubic feet","Standard","0.10593","UK","gl_home","","167","0","","","","","","","","30","0","0","0","0","","0","0","0","0","0","0","","","","","","","","","","","","","","0","","","","","2026-08-10","30","0","0","0","167","N","","",""
"2026-08-13","YH60526","X002LJ0HTZ","B0H2HBNK88","WVGSXBO 6 Pack Mini Makeup Sponge Set, Purple Small Beauty Blender Sponges for Foundation Concealer Powder Eyeshadow, Soft Face Makeup Sponges for Daily Use & Travel","New","38","0","0","39","0","0","0","0","0","GBP","0","0","1","1","Low traffic","5.89","0.0","5.89","0.0","Advertise listing","","","0","0","","0.06","0.003531","cubic feet","Standard","0.134178","UK","gl_beauty","","366","0","","494","5.89","0.0","0.0","6.27","6.27","32","7","0","0","0","","0","0","0","0","0","0","","","","","","","","","","","","","","0","","","","710.0","2026-08-10","38","0","0","0","366","N","","",""
"2026-08-13","YH60585","X002LMCDKN","B0H2PYG1K8","WVGSXBO 3 Pcs Blue Automatic Needle Threader, One Hand Operated Sewing Needle Inserter Tool, Compact 7cm Sewing Accessories for Hand Sewing and Sewing Machine, Ideal for Elderly & Limited Dexterity Us","New","26","0","0","29","0","0","0","0","0","GBP","2","4","12","12","Low traffic","4.99","0.0","4.99","0.0","Advertise listing","","","0","0","","1.06","0.003531","cubic feet","Standard","0.091806","UK","gl_kitchen","895324","155","0","56","60","4.99","8.32","17.3","53.22","53.22","29","0","0","0","0","","30","0","30","0","0","0","","","","","","","","","","","","","58.8","0","","2026-08-09","58.8","43.0","2026-08-10","56","0","0","0","155","Y","Holiday Season","2026-10-03","2027-01-09"
"2026-08-13","YH60593","X002LTJ115","B0H3F3FVT7","","New","10","0","0","10","0","0","0","0","0","GBP","","","","","Low traffic","6.39","0.0","6.39","0.0","Advertise listing","","","0","0","","0.0","0.003531","cubic feet","","0.03531","UK","","","62","0","","","6.75","","","","","0","10","0","0","0","","0","0","0","0","0","0","","","","","","","","","","","","","","0","","","","","2026-08-10","10","0","0","0","62","N","","",""
"2026-08-13","YH60592","X002LMP50X","B0H2Q9JPMJ","Wallpaper Seam Roller - Wood Handle Paint Roller Heavy Duty Hand Press Roller Home Decor DIY Tool","New","11","0","0","12","0","0","0","0","0","GBP","0","2","3","3","Low traffic","7.79","0.0","7.79","0.0","NoRestockExcessActionRequired","","","0","0","","0.35","0.003531","cubic feet","Standard","0.038841","UK","gl_home_improvement","420221","105","0","22","47","7.79","0.0","13.82","20.73","20.73","0","12","0","0","0","","0","0","0","0","0","0","","","","","","","","","","","","","246.7","0","","2026-08-09","191.0","246.7","2026-08-10","11","0","0","0","105","N","","",""
"2026-08-13","YH60567","X002LJ1R4T","B0H2H98V9G","WVGSXBO Leather Bookmark, 4 Pack PU Bookmark, Vintage Bookmarks for Men with Leather Tassel","New","10","0","0","10","0","0","0","0","0","GBP","","","","","Low traffic","4.79","0.0","4.79","0.0","Advertise listing","","","0","0","","0.0","0.003531","cubic feet","Standard","0.03531","UK","gl_office_product","","102","0","","","4.79","","","","","0","10","0","0","0","","0","0","0","0","0","0","","","","","","","","","","","","","","0","","","","","2026-08-10","10","0","0","0","102","N","","",""
"2026-08-13","YH60596","X002LTCYN7","B0H3F8T9CH","WVGSXBO 2 Packs +4.00 Reading Glasses, Unisex Square Rectangular Readers with Spring Hinges, Scratch Resistant & UV Protection Lenses, Classic Black Full Rim Eyeglasses for Men Women Everyday Use","New","10","0","0","10","0","0","0","0","0","GBP","","","","","Low traffic","7.59","0.0","7.59","0.0","Advertise listing","","","0","0","","0.0","0.003531","cubic feet","Apparel","0.03531","UK","gl_apparel","","138","0","","","7.59","","","","","0","10","0","0","0","","0","0","0","0","0","0","","","","","","","","","","","","","","0","","","","","2026-08-10","10","0","0","0","138","N","","",""
"2026-08-13","YH60503","X002LIXPHR","B0H2HBKTRN","WVGSXBO 600 Pcs Double Sided Sticky Dots, Clear Removable Glue Dots, No Trace Round Adhesive Glue Dots for Balloons, Posters, Crafts on Walls, Glass, Wood, Metal, Plastic","New","7","0","0","7","0","0","0","0","0","GBP","1","3","3","3","Low traffic","4.59","0.0","4.59","0.0","Advertise listing","","","0","0","","0.53","0.003531","cubic feet","Standard","0.024717","UK","gl_biss","153488","225","0","49","160","4.59","3.82","12.13","12.13","12.13","0","7","0","0","0","","30","0","30","0","0","0","","","","","","","","","","","","","255.5","0","","2026-08-09","135.5","255.5","2026-08-10","37","0","0","0","225","N","","",""
"2026-08-13","YH605109","X002LTHN65","B0H3F8LPS7","WVGSXBO Red Round Glasses, Vintage Non-Prescription Fashion Eyewear, Lightweight Comfort Frame for Adult Daily Wear","New","7","0","0","7","0","0","0","0","0","GBP","1","3","3","3","Low traffic","4.09","0.0","4.09","0.0","Advertise listing","","","0","0","","0.35","0.003531","cubic feet","","0.024717","UK","gl_shoes","214175","50","0","89","290","4.09","3.41","10.48","10.48","10.48","0","7","0","0","0","","60","60","0","0","0","0","","","","","","","","","","","","","178.5","0","","2026-08-09","143.5","178.5","2026-08-10","67","0","0","0","366","N","","",""
"2026-08-13","YH60550","X002LJ4C23","B0H2H7K2DT","WVGSXBO 5 Pcs 40cm/16 Inch Beige Invisible Zips, Nylon Concealed Zips for Sewing, Smooth Invisible Zipper for Tailor Clothes Cushions Skirts Bags","New","4","0","0","4","0","0","0","0","0","GBP","1","5","6","6","Low traffic","5.09","0.0","5.09","0.0","Advertise listing","","","0","0","","1.38","0.003531","cubic feet","Standard","0.014124","UK","gl_home","585643","203","0","27","73","5.09","4.24","22.12","26.61","26.61","0","4","0","0","0","","30","0","30","0","0","0","","","","","","","","","","","","","69.0","0","","2026-08-09","37.0","69.0","2026-08-10","34","0","0","0","203","N","","",""
"2026-08-13","YH60622","X002M4X5SJ","B0H4R11NWW","WVGSXBO Peeking Monster Car Sticker, Funny Car Stickers Waterproof Vinyl Decal, Car Stickers for Outside Window Bumper Door, Scratch Resistant Vehicle Decor, 4pcs","New","5","0","0","5","0","0","0","0","0","GBP","2","4","5","5","Low traffic","5.49","0.0","5.69","0.0","Advertise listing","","","0","0","","0.53","0.003531","cubic feet","Standard","0.017655","UK","gl_home","126780","110","0","25","65","5.62","9.48","19.44","24.74","24.74","0","5","0","0","0","","20","0","20","0","0","0","","","","","","","","","","","","","77.0","0","","2026-08-09","77.0","75.0","2026-08-10","25","0","0","0","110","N","","",""
"2026-08-13","YH60587","X002LMJIBF","B0H2PZL21Z","WVGSXBO 2 Pack Silicone Glasses Strap, Anti-Slip Sports Band for Glasses, Adjustable Sunglasses Strap Eyewear Retainer, Two-Hole Universal Fit for Adults Daily & Outdoor Sports","New","2","0","0","3","0","0","0","0","0","GBP","3","7","7","7","Low traffic","6.49","0.0","6.49","0.0","Advertise listing","","","0","0","","1.29","0.003531","cubic feet","Apparel","0.007062","UK","gl_apparel","177440","157","0","18","59","6.49","16.23","38.87","38.87","38.87","0","3","0","0","0","","30","0","30","0","1","0","","","","","","","","","","","","","96.4","0","","2026-08-09","48.8","96.4","2026-08-10","32","1","0","0","164","N","","",""
"2026-08-13","YH60647","X002MB1BM9","B0H5KBMRB5","WVGSXBO Cute Cow Shape Tennis Racket Vibration Dampener, Soft Silicone Racquet Shock Absorber, Cartoon Animal Tennis String Damper, Tennis Training Accessory","New","28","0","0","30","0","0","0","0","0","GBP","","","","","Low traffic","4.48","0.0","4.48","0.0","Advertise listing","","","0","0","","0.0","0.003531","cubic feet","Standard","0.098868","UK","gl_sports","","298","0","","","","","","","","30","0","0","0","0","","1","0","0","1","0","0","","","","","","","","","","","","","","0","","","","","2026-08-10","29","0","0","0","298","N","","",""
"2026-08-13","YH605189","X002LTNQZR","B0H3H9MJZ7","","New","9","0","0","9","0","0","0","0","0","GBP","","","","","Low traffic","6.57","0.0","6.57","0.0","Advertise listing","","","0","0","","0.0","0.003531","cubic feet","","0.031779","UK","","","68","0","","","","","","","","9","0","0","0","0","","0","0","0","0","1","0","","","","","","","","","","","","","","","","","","","2026-08-10","9","1","0","0","72","N","","",""
"2026-08-13","YH605116","X002LSBU6P","B0H3941L9M","","New","8","0","0","8","0","0","0","0","0","GBP","1","1","2","2","Low traffic","6.29","0.0","6.29","0.0","Advertise listing","","","0","0","","0.24","0.003531","cubic feet","","0.028248","UK","","257912","366","0","112","182","6.29","5.24","5.24","10.81","10.81","0","8","0","0","0","","20","0","20","0","0","0","","","","","","","","","","","","","340.0","0","","2026-08-09","270.0","340.0","2026-08-10","28","0","0","0","366","N","","",""
"2026-08-13","YH60689","X002MARC23","B0H5K3JYB6","WVGSXBO 5 Pack Clear Flower Mini Claw Clips, Acrylic Floral Hair Barrettes for Women, Small Decorative Hair Clips for Daily Wear Wedding Party Styling","New","26","0","0","27","0","0","0","0","0","GBP","","","","","Low traffic","5.6","0.0","5.6","0.0","Advertise listing","","","0","0","","0.0","0.003531","cubic feet","Standard","0.091806","UK","gl_beauty","","170","0","","","5.6","","","","","27","0","0","0","0","","3","0","3","0","1","0","","","","","","","","","","","","","","0","","","","","2026-08-10","29","1","0","0","175","N","","",""
"2026-08-13","YH606147","X002MNITXV","B0H6SJPNPS","WVGSXBO 2 Pairs Round Boot Laces, 4.5 mm, Heavy Duty Outdoor Work Boots Shoe Laces for Men, Women, Strong Hiking, Walking Shoeslaces","New","29","1","0","30","0","0","0","0","0","GBP","","","","","Low traffic","6.64","0.0","6.64","0.0","Advertise listing","","","0","0","","0.0","0.003531","cubic feet","Footwear","0.102399","UK","gl_shoes","","250","0","","","","","","","","30","0","0","0","0","","0","0","0","0","0","0","","","","","","","","","","","","","","","","","","","2026-08-10","30","0","0","0","250","N","","",""
"2026-08-13","YH60641","X002MAVGXJ","B0H5K55HFW","WVGSXBO Seam Guide Sewing Gauge 4 Pack, 3mm & 4mm Edge Stitch Lock Quilting Ruler with Thumb Handle, Multicolour Sewing Machine Seam Tool for Straight & Curved Sewing Projects","New","24","0","0","25","0","0","0","0","0","GBP","","","","","Low traffic","4.74","0.0","4.74","0.0","Advertise listing","","","0","0","","0.0","0.003531","cubic feet","Standard","0.084744","UK","gl_home_improvement","","134","0","","","","","","","","25","0","0","0","0","","1","0","0","1","1","0","","","","","","","","","","","","","","0","","","","","2026-08-10","25","1","0","0","139","N","","",""
"2026-08-13","YH60625","X002M57WQT","B0H4R8MXYK","WVGSXBO 8Pcs Car Door Handle Protectors, Clear PVC Anti-Scratch Door Handle Protection Film, Waterproof Self-Adhesive Scratch Guard Stickers for Car Door Cups","New","9","0","0","9","0","0","0","0","0","GBP","0","1","1","1","Low traffic","4.89","0.0","4.89","0.0","Advertise listing","","","0","0","","0.1","0.003531","cubic feet","Standard","0.031779","UK","gl_automotive","","366","0","152","494","4.89","0.0","4.49","4.49","4.49","0","9","0","0","0","","29","0","29","0","0","1","","","","","","","","","","","","","364.0","0","","2026-08-09","294.0","364.0","2026-08-10","38","0","0","0","366","N","","",""
"2026-08-13","YH605175","X002LUL7T3","B0H3L2KJ2Q","","New","9","1","0","10","0","0","0","0","0","GBP","","","","","Low traffic","5.69","0.0","5.69","0.0","Advertise listing","","","0","0","","0.0","0.003531","cubic feet","","0.031779","UK","","","61","0","","","","","","","","10","0","0","0","0","","0","0","0","0","0","0","","","","","","","","","","","","","","","","","","","2026-08-10","10","0","0","0","61","N","","",""
"2026-08-13","YH60589","X002LMK0AX","B0H2Q5CYRY","WVGSXBO 6 Pairs Clear High Heel Protectors, S/M/L Size PVC Stiletto Heel Stoppers, Anti-Slip Heel Caps Prevent Sinking into Grass for Wedding Outdoor Formal Events","New","48","0","0","51","0","0","0","0","0","GBP","8","9","18","18","Low traffic","6.29","0.0","6.29","0.0","Advertise listing","","","0","0","","0.91","0.003531","cubic feet","Standard","0.169488","UK","gl_drugstore","62312","90","0","34","56","6.29","40.9","45.97","91.78","91.78","51","0","0","0","0","","30","0","30","0","3","0","","","","","","","","","","","","","46.0","4","2026-08-22","2026-08-09","46.0","24.1","2026-08-10","78","3","0","0","93","N","","",""
"2026-08-13","YH60523","X002LJ0LA5","B0H2H897HQ","WVGSXBO 24Pcs Press On Nails Short, Nude Pink Chrome Gel Stick On Nails, Glazed Glossy False Nails Short Square, Reusable Acrylic Stick On Nails for Women Daily & Special Occasions","New","1","0","0","1","0","0","0","0","0","GBP","6","7","9","9","Low traffic","4.59","0.0","4.59","0.0","CreateShippingPlan","","","0","0","","2.7","0.003531","cubic feet","Standard","0.003531","UK","gl_beauty","84232","2","0","0","1","4.59","22.92","26.91","35.55","35.55","0","1","0","0","0","","0","0","0","0","1","0","","","","","","","","","","","","","64.6","17","2026-08-07","2026-08-09","44.6","64.6","2026-08-10","1","1","0","0","4","N","","",""
"2026-08-13","YH60517","X002LJ8ZN5","B0H2HVZ2GF","WVGSXBO 12 Pack Soft Foam Hair Rollers, No Heat Sponge Hair Curlers for Long Short Medium Hair, Overnight Hair Styling Tools for Women DIY Home Use","New","32","2","0","34","0","0","0","0","0","GBP","11","16","26","26","Low traffic","5.59","0.0","5.29","0.0","NoRestockExcessActionRequired","","","0","0","","2.29","0.003531","cubic feet","Standard","0.112992","UK","gl_beauty","37053","29","0","8","16","5.59","46.55","66.3","105.8","105.8","34","0","0","0","0","","1","0","0","1","0","0","","","","","","","","","","","","","19.6","65","2026-08-12","2026-08-09","19.6","16.7","2026-08-10","35","0","0","0","29","N","","",""
"2026-08-13","YH60663","X002MB4EUZ","B0H5K5P3ZC","WVGSXBO 6 Pack Ultra Petite Satin Hair Scrunchies, No Crease Gentle Sleep Hair Ties, Frizz-Free Soft Satin Ponytail Holders for All Hair Types, Neutral Eucalyptus Earth Tone Shades, Women Stylish Hair","New","30","0","0","30","0","0","0","0","0","GBP","","","","","Low traffic","6.83","0.0","6.83","0.0","Advertise listing","","","0","0","","0.0","0.003531","cubic feet","Standard","0.10593","UK","gl_beauty","","180","0","","","","","","","","30","0","0","0","0","","0","0","0","0","0","0","","","","","","","","","","","","","","0","","","","","2026-08-10","30","0","0","0","180","N","","",""
"2026-08-13","T7-ZG7D-8MB3","X002M56CX3","B0H4RHCDVQ","","New","9","0","0","9","0","0","0","0","0","GBP","","","","","Low traffic","5.69","0.0","5.69","0.0","Advertise listing","","","0","0","","0.0","0.003531","cubic feet","Standard","0.031779","UK","","","87","0","","","","","","","","9","0","0","0","0","","1","0","0","1","0","0","","","","","","","","","","","","","","0","","","","","2026-08-10","10","0","0","0","87","N","","",""
"2026-08-13","YH605167","X002LUCXOB","B0H3KNNNVH","","New","8","1","0","10","0","0","0","0","0","GBP","","","","","Low traffic","9.49","0.0","9.49","0.0","Advertise listing","","","0","0","","0.0","0.003531","cubic feet","","0.028248","UK","","","56","0","","","9.49","","","","","10","0","0","0","0","","0","0","0","0","1","0","","","","","","","","","","","","","","1","2026-08-22","","","","2026-08-10","9","1","0","0","60","N","","",""
"2026-08-13","YH60544","X002LJBHHL","B0H2FZ58W6","WVGSXBO SM-CN910 12-Speed Bicycle Chain Quick Links, Pack of 4 Durable Carbon Steel Chain Connectors for Easy Installation & Maintenance, Essential Cycling Accessory","New","2","0","0","2","0","0","0","0","0","GBP","0","7","8","8","Low traffic","6.19","0.0","6.19","0.0","Advertise listing","","","0","0","","2.18","6.27E-4","cubic feet","Standard","0.001254","UK","gl_biss","119196","246","0","32","92","6.19","0.0","34.8","39.74","39.74","0","2","0","0","0","","55","0","55","0","0","0","","","","","","","","","","","","","45.4","0","","2026-08-09","20.6","45.4","2026-08-10","57","0","0","0","246","N","","",""
"2026-08-13","YH60507","X002LHCRTP","B0H2D1VP5P","WVGSXBO 4 Pcs Precision Tweezers Set, Stainless Steel Craft Tweezers, Self-Locking Tweezers for Crafting, Jewellery, Model Making, Electronics & Stamps","New","10","0","0","10","0","0","0","0","0","GBP","","","","","Low traffic","5.29","0.0","5.29","0.0","Advertise listing","","","0","0","","0.0","0.007063","cubic feet","Standard","0.07063","UK","gl_home_improvement","","232","0","","","5.29","","","","","0","10","0","0","0","","0","0","0","0","0","0","","","","","","","","","","","","","","0","","","","","2026-08-10","10","0","0","0","232","N","","",""
"2026-08-13","YH606130","X002MMGMY5","B0H6Q2BZFZ","Coffee Scoop, Stainless Steel Coffee Spoons Set, 1 Tablespoon (15ml) and 1 tablespoons (30ml) Measuring Spoon, Tablespoon Measure Spoon for Coffee, Milk Powder, Fruit Powder, 2 Pack(Long)","New","25","2","0","28","0","0","0","0","0","GBP","","","","","Low traffic","8.54","0.0","8.54","0.0","Advertise listing","","","0","0","","0.0","0.003531","cubic feet","Standard","0.088275","UK","gl_kitchen","","148","0","","","","","","","","28","0","0","0","0","","0","0","0","0","1","0","","","","","","","","","","","","","","0","","","","","2026-08-10","27","1","0","0","153","N","","",""
"2026-08-13","YH606132","X002MMEFPN","B0H6PYHZHQ","Square Chiffon Scarf for Women 70x70cm Lightweight Polyester Neck Scarf","New","27","0","0","30","0","0","0","0","0","GBP","","","","","Low traffic","7.59","0.0","7.59","0.0","Advertise listing","","","0","0","","0.0","0.028805","cubic feet","Apparel","0.777735","UK","gl_apparel","","348","0","","","","","","","","30","0","0","0","0","","0","0","0","0","3","0","","","","","","","","","","","","","","0","","","","","2026-08-10","27","3","0","0","366","N","","",""
"2026-08-13","YH60640","X002MAT401","B0H5JTX7FG","WVGSXBO 304 Stainless Steel Hex Reducing Bushing 2 Pack, 3/4"" BSP Male to 1/2"" BSP Female Thread Pipe Reducer Adapter, Water Air Gas Oil Pipe Fitting Converter","New","23","2","0","25","0","0","0","0","0","GBP","","","","","Low traffic","5.69","0.0","5.69","0.0","Advertise listing","","","0","0","","0.0","0.003531","cubic feet","Standard","0.081213","UK","gl_home_improvement","","163","0","","","5.69","","","","","25","0","0","0","0","","0","0","0","0","0","0","","","","","","","","","","","","","","0","","","","","2026-08-10","25","0","0","0","163","N","","",""
"2026-08-13","YH60656","X002MB2D8Z","B0H5KNBWT3","WVGSXBO 2 Pcs Toothed Hair Bands, Flexible Plastic Shark Tooth Headbands, Non-slip Sports Alice Bands, Stretchy Adult Hair Accessories for Daily Wear, Party, Travel & Outdoor Activities","New","29","0","0","30","0","0","0","0","0","GBP","","","","","Low traffic","6.64","0.0","6.64","0.0","Advertise listing","","","0","0","","0.0","0.003531","cubic feet","Standard","0.102399","UK","gl_beauty","","161","0","","","","","","","","30","0","0","0","0","","0","0","0","0","0","0","","","","","","","","","","","","","","0","","","","","2026-08-10","29","0","0","0","161","N","","",""
"2026-08-13","YH60583","X002LKXB97","B0H2LSCGFY","WVGSXBO Drive Safe Keyring, Novelty Engraved Safety Key Chain, New Driver Gifts for Men Women, Just Passed Driving Test Gifts for Birthday Christmas, Unisex Metal Keyring for Family & Friends","New","38","0","0","38","0","0","0","0","0","GBP","0","1","2","2","Low traffic","4.39","0.0","4.39","0.0","Advertise listing","","","0","0","","0.13","0.003531","cubic feet","Apparel","0.134178","UK","gl_apparel","742315","366","0","152","247","4.39","0.0","3.82","7.98","7.98","31","7","0","0","0","","0","0","0","0","0","0","","","","","","","","","","","","","475.0","0","","2026-08-09","475.0","350.0","2026-08-10","38","0","0","0","366","N","","",""
"2026-08-13","YH60603","X002M5240X","B0H4R12RTY","","New","9","0","0","10","0","0","0","0","0","GBP","","","","","Low traffic","5.69","0.0","5.69","0.0","Advertise listing","","","0","0","","0.0","0.003531","cubic feet","Standard","0.031779","UK","","","63","0","","","","","","","","10","0","0","0","0","","0","0","0","0","1","0","","","","","","","","","","","","","","0","","","","","2026-08-10","9","1","0","0","67","N","","",""
"2026-08-13","YH605140","X002LUGUPT","B0H3KPZWDB","","New","9","1","0","10","0","0","0","0","0","GBP","","","","","Low traffic","9.49","0.0","9.49","0.0","Advertise listing","","","0","0","","0.0","0.003531","cubic feet","","0.031779","UK","","","81","0","","","","","","","","10","0","0","0","0","","0","0","0","0","0","0","","","","","","","","","","","","","","","","","","","2026-08-10","10","0","0","0","81","N","","",""
"2026-08-13","YH60581","X002LKXGKL","B0H2LW6QK1","WVGSXBO Good Luck Duck Gift, Miniature Plastic Duck in Tin, Driving Test Gifts for Learner Driver New Driver, Cute Handmade Keepsake Gift for Birthday Graduation","New","7","0","0","7","0","0","0","0","0","GBP","1","2","3","3","Low traffic","4.79","0.0","4.79","0.0","NoRestockExcessActionRequired","","","0","0","","0.56","0.001766","cubic feet","Standard","0.012362","UK","gl_home","341190","76","0","14","30","4.79","3.99","8.81","13.72","13.72","0","7","0","0","0","","0","0","0","0","0","0","","","","","","","","","","","","","245.0","1","2026-08-09","2026-08-09","245.0","237.5","2026-08-10","7","0","0","0","76","N","","",""
"2026-08-13","YH60586","X002LMFC01","B0H2PZVS6Q","WVGSXBO 6 Pairs Clear Silicone Spectacle Nose Pads, 4mm Anti-Slip Plastic Nose Pads for Glasses, Ergonomic Teardrop Eyeglass Nose Bridge Pads for TR90 TR100 Plastic Frames Sunglasses","New","24","0","0","25","0","0","0","0","0","GBP","4","4","14","14","Low traffic","4.79","0.0","4.79","0.0","NoRestockExcessActionRequired","","","0","0","","1.56","0.003531","cubic feet","Standard","0.084744","UK","gl_drugstore","46346","104","0","55","51","4.79","15.96","15.96","58.88","58.88","25","0","0","0","0","","31","0","30","1","2","0","","","","","","","","","","","","","37.0","0","","2026-08-09","37.0","34.2","2026-08-10","55","1","1","0","107","N","","",""
"2026-08-13","YH606177","X002MNINTL","B0H6SC8DNQ","WVGSXBO 2 Pack 2.5 Inch Beige Nylon Hair Donut Bun Makers, Soft Ring Chignon Shapers for Thin Short Adult Hair Updos","New","28","0","0","30","0","0","0","0","0","GBP","","","","","Low traffic","4.74","0.0","4.74","0.0","Advertise listing","","","0","0","","0.0","0.003531","cubic feet","Standard","0.098868","UK","gl_beauty","","162","0","","","","","","","","30","0","0","0","0","","0","0","0","0","2","0","","","","","","","","","","","","","","0","","","","","2026-08-10","28","2","0","0","171","N","","",""
"2026-08-13","YH60635","X002MASLJB","B0H5JNLDF4","WVGSXBO Metal Tyre Valve Caps 4 Pack, Knurled Aluminium Dust Valve Covers with Sealing Rubber Gaskets, Universal Air Valve Protectors for Cars, Motorbikes, Bicycles, Scooters & SUVs, Black","New","28","0","0","28","0","0","0","0","0","GBP","","","","","Low traffic","4.74","0.0","4.74","0.0","Advertise listing","","","0","0","","0.0","0.003531","cubic feet","Standard","0.098868","UK","gl_automotive","","366","0","","","","","","","","28","0","0","0","0","","2","0","0","2","0","0","","","","","","","","","","","","","","0","","","","","2026-08-10","30","0","0","0","366","N","","",""
"2026-08-13","YH606102","X002MN7TL9","B0H6S1JNQL","WVGSXBO 10 Pack Black Fabric Hair Scrunchies, Soft Elastic No Damage Ponytail Holders, Stretchy Hair Bands for Women Daily Wear Yoga Workout","New","27","2","0","29","0","0","0","0","0","GBP","","","","","Low traffic","6.64","0.0","6.64","0.0","Advertise listing","","","0","0","","0.0","0.003531","cubic feet","Standard","0.095337","UK","gl_beauty","","136","0","","","","","","","","29","0","0","0","0","","0","0","0","0","0","0","","","","","","","","","","","","","","0","","","","","2026-08-10","29","0","0","0","136","N","","",""
"2026-08-13","YH605147-1","X002LW4NOR","B0H3PZW685","WVGSXBO 3 Pcs Reusable Mini Funnel Set, Gold Metal Small Funnels with Thin Spout, Precision Pouring Filling for Small Bottles Perfumes Liquids","New","4","0","0","5","0","0","0","0","0","GBP","1","15","15","15","Low traffic","4.79","0.0","4.79","0.0","Advertise listing","","","0","0","","1.2","0.003531","cubic feet","Standard","0.014124","UK","gl_biss","283934","61","0","41","133","4.79","3.99","57.34","57.34","57.34","0","5","0","0","0","","150","120","30","0","1","0","","","","","","","","","","","","","41.6","0","","2026-08-09","32.0","41.6","2026-08-10","154","0","1","0","282","N","","",""
"2026-08-13","YH60580","X002LKWT6X","B0H2LSXQLQ","WVGSXBO Skinny Scrunchies, Black Satin Scrunchies Pack of 12, Damage Free Elastic Hair Bands for Women All Hair Types Ponytail Holders","New","5","0","0","5","0","0","0","0","0","GBP","0","4","5","5","Low traffic","4.49","0.0","4.49","0.0","Advertise listing","","","0","0","","1.07","0.00927","cubic feet","Standard","0.04635","UK","gl_beauty","253965","366","0","55","143","4.49","0.0","16.6","20.75","20.75","0","5","0","0","0","","50","0","50","0","0","0","","","","","","","","","","","","","83.4","0","","2026-08-09","45.5","83.4","2026-08-10","55","0","0","0","366","N","","",""
"2026-08-13","YH605188-1","X002LTXMGF","B0H3H7V3HD","","New","10","0","0","10","0","0","0","0","0","GBP","","","","","Low traffic","5.69","0.0","5.69","0.0","Advertise listing","","","0","0","","0.0","0.003531","cubic feet","","0.03531","UK","","","86","0","","","","","","","","10","0","0","0","0","","0","0","0","0","0","0","","","","","","","","","","","","","","","","","","","2026-08-10","10","0","0","0","86","N","","",""
"2026-08-13","YH60607","X002M5484N","B0H4QW88F4","","New","10","0","0","10","0","0","0","0","0","GBP","","","","","Low traffic","9.49","0.0","9.49","0.0","Advertise listing","","","0","0","","0.0","0.003531","cubic feet","Standard","0.03531","UK","","","111","0","","","","","","","","10","0","0","0","0","","0","0","0","0","0","0","","","","","","","","","","","","","","0","","","","","2026-08-10","10","0","0","0","111","N","","",""
"2026-08-13","YH60657","X002MB0KJ9","B0H5K9Z8R4","WVGSXBO Retro Double Bridge Rectangle Sunglasses, 70s Vintage Style Unisex Glasses with Orange Tinted Lenses, UV400 Protection Full Frame PC & AC Sunglasses for Driving, Fishing, Running, Travel & Dai","New","30","0","0","30","0","0","0","0","0","GBP","","","","","Low traffic","7.59","0.0","7.59","0.0","Advertise listing","","","0","0","","0.0","0.003531","cubic feet","Footwear","0.10593","UK","gl_shoes","","274","0","","","","","","","","30","0","0","0","0","","0","0","0","0","0","0","","","","","","","","","","","","","","0","","","","","2026-08-10","30","0","0","0","274","N","","",""
"2026-08-13","YH60615","X002M50U2H","B0H4QY5CN7","","New","9","0","0","10","0","0","0","0","0","GBP","","","","","Low traffic","5.69","0.0","5.69","0.0","Advertise listing","","","0","0","","0.0","0.003531","cubic feet","Standard","0.031779","UK","","","108","0","","","5.69","","","","","10","0","0","0","0","","0","0","0","0","1","0","","","","","","","","","","","","","","0","","","","","2026-08-10","9","1","0","0","116","N","","",""
"2026-08-13","YH60552","X002LJ25ZT","B0H2HBX9BG","WVGSXBO 2 Pack Elastic Luggage Straps for Suitcases, Adjustable Hook & Loop Suitcase Straps, Luggage Connector Straps for Bags Backpacks, Black Travel Accessories","New","6","0","0","6","0","0","0","0","0","GBP","0","4","4","4","Low traffic","5.09","0.0","5.39","0.0","Advertise listing","","","0","0","","0.75","0.003531","cubic feet","Standard","0.021186","UK","gl_automotive","461186","209","0","36","117","5.09","0.0","18.47","18.47","18.47","0","6","0","0","0","","30","0","30","0","0","0","","","","","","","","","","","","","120.8","0","","2026-08-09","60.8","120.8","2026-08-10","36","0","0","0","209","N","","",""
"2026-08-13","YH60569","X002LIWUIH","B0H2H79P7P","WVGSXBO 3Pcs Gold Hair Cuffs Set, Elegant Metal Ponytail Holders with Elastic Bands, Glossy Gold Hair Accessories for Women, Hair Cuffs for Normal & Long Hair Styling","New","8","0","0","8","0","0","0","0","0","GBP","0","2","2","2","Low traffic","5.49","0.0","5.49","0.0","Advertise listing","","","0","0","","0.33","0.003531","cubic feet","Standard","0.028248","UK","gl_beauty","268770","366","0","76","247","5.49","0.0","10.14","10.14","10.14","0","8","0","0","0","","30","0","30","0","0","0","","","","","","","","","","","","","254.0","0","","2026-08-09","134.0","254.0","2026-08-10","38","0","0","0","366","N","","",""
"2026-08-13","YH605172","X002LW4HVB","B0H3Q559Z7","WVGSXBO Strawberry Huller Set of 2, Stainless Steel Multi Claw Fruit Corer, Stem Core Remover Tool for Strawberries Tomatoes Berries, Dishwasher Safe Kitchen Food Prep Gadget","New","7","0","0","7","0","0","0","0","0","GBP","1","3","3","3","Low traffic","14.29","0.0","14.29","0.0","Advertise listing","","","0","0","","0.35","0.003531","cubic feet","Standard","0.024717","UK","gl_kitchen","252371","366","0","49","160","14.29","11.91","36.98","36.98","36.98","0","7","0","0","0","","30","0","30","0","0","0","","","","","","","","","","","","","165.0","0","","2026-08-09","130.0","165.0","2026-08-10","37","0","0","0","366","N","","",""
"2026-08-13","YH60687","X002MAT2T9","B0H5K38R5V","WVGSXBO Silver Pearl Bridal Hair Comb, Adjustable Floral Rhinestone Wedding Hair Clip, Vintage Side Hair Accessory for Brides Bridesmaids Prom Updo Styling","New","30","0","0","30","0","0","0","0","0","GBP","","","","","Low traffic","5.98","0.0","5.98","0.0","Advertise listing","","","0","0","","0.0","0.004517","cubic feet","Standard","0.13551","UK","gl_beauty","","173","0","","","","","","","","30","0","0","0","0","","0","0","0","0","0","0","","","","","","","","","","","","","","0","","","","","2026-08-10","30","0","0","0","173","N","","",""
"2026-08-13","YH606128","X002MMEE6N","B0H6Q1NK85","Small Funnel,20 PCS Mini Funnel Clear Plastic Funnels Tiny Funnel for Bottle Filling Perfumes Essential Oils Lab Bottles Arts Crafts","New","24","6","0","30","0","0","0","0","0","GBP","","","","","Low traffic","5.69","0.0","5.69","0.0","Advertise listing","","","0","0","","0.0","0.003531","cubic feet","Standard","0.084744","UK","gl_biss","","100","0","","","","","","","","30","0","0","0","0","","0","0","0","0","0","0","","","","","","","","","","","","","","0","","","","","2026-08-10","30","0","0","0","100","N","","",""
"2026-08-13","IV-Y8T5-DVY3","X002M57V4R","B0H4RBDDLJ","WVGSXBO Spark Plug Gap Gauge, Coin-Type Wire Feeler Gauge, Dual-Scale Spark Plug Gap Tool for Car Motorcycle Petrol Engine Tune-Up Maintenance","New","9","0","0","9","0","0","0","0","0","GBP","0","1","1","1","Low traffic","5.49","0.0","5.49","0.0","Advertise listing","","","0","0","","0.11","0.003531","cubic feet","Standard","0.031779","UK","gl_biss","106802","78","0","276","897","5.49","0.0","4.91","4.91","4.91","0","9","0","0","0","","60","60","0","0","0","0","","","","","","","","","","","","","360.0","0","","2026-08-09","290.0","360.0","2026-08-10","69","0","0","0","366","N","","",""
"2026-08-13","YH60543","X002LJ0T07","B0H2H6C79S","WVGSXBO Portable Canvas Storage Bag, Insulated Zipper Pouch with Top Handle, Diabetes Bag Emergency Kit Bag for Girls, Multi-Functional Organiser for Toiletries Snacks Cosmetics Travel Essentials","New","7","0","0","8","0","0","0","0","0","GBP","2","2","2","2","Low traffic","4.69","0.0","4.69","0.0","NoRestockExcessActionRequired","","","0","0","","0.33","0.003531","cubic feet","Standard","0.024717","UK","gl_luggage","87499","67","0","14","45","4.69","7.82","7.82","7.82","7.82","0","8","0","0","0","","0","0","0","0","0","0","","","","","","","","","","","","","","3","2026-08-24","","","","2026-08-10","7","0","0","0","67","N","","",""
"2026-08-13","YH605125","X002LTHJ4V","B0H3F8V1VH","","New","10","0","0","10","0","0","0","0","0","GBP","","","","","Low traffic","7.12","0.0","7.12","0.0","Advertise listing","","","0","0","","0.0","0.003531","cubic feet","","0.03531","UK","","","86","0","","","","","","","","10","0","0","0","0","","0","0","0","0","0","0","","","","","","","","","","","","","","0","","","","","2026-08-10","10","0","0","0","86","N","","",""
"2026-08-13","YH605128","X002LTH9TV","B0H3F4ZRJX","WVGSXBO 90s Black Round Sunglasses, Retro Black Glasses with Gradient Tinted Lenses, UV400 Protection Lightweight Unisex Round Glasses for Adults Outdoor Activities","New","10","0","0","10","0","0","0","0","0","GBP","","","","","Low traffic","5.99","0.0","5.99","0.0","Advertise listing","","","0","0","","0.0","0.003531","cubic feet","","0.03531","UK","gl_shoes","","218","0","","","5.99","","","","","0","10","0","0","0","","0","0","0","0","0","0","","","","","","","","","","","","","","0","","","","","2026-08-10","10","0","0","0","218","N","","",""
"2026-08-13","YH60681","X002MAT7GR","B0H5JWFKJ2","WVGSXBO 2 Pack Stainless Steel Sink Strainers, 7.5cm Drain Protectors Hair Catchers for Kitchen Sink Bathroom Bathtub Shower, Rustproof Anti-Clog Drain Filters","New","27","0","0","29","0","0","0","0","0","GBP","","","","","Low traffic","5.69","0.0","5.69","0.0","Advertise listing","","","0","0","","0.0","0.003531","cubic feet","Standard","0.095337","UK","gl_home","","149","0","","","","","","","","29","0","0","0","0","","1","0","0","1","2","0","","","","","","","","","","","","","","0","","","","","2026-08-10","28","2","0","0","158","N","","",""
"2026-08-13","YH60582","X002LKV83D","B0H2LQ2XQX","WVGSXBO Drive Safe Keyring, Heart Stainless Steel Keychain, New Driver Gifts & Passed Driving Test Gifts for Son Daughter Mum Dad","New","10","0","0","10","0","0","0","0","0","GBP","","","","","Low traffic","4.99","0.0","4.99","0.0","Advertise listing","","","0","0","","0.0","0.003531","cubic feet","Apparel","0.03531","UK","gl_apparel","","179","0","","","","","","","","0","10","0","0","0","","0","0","0","0","0","0","","","","","","","","","","","","","","0","","","","","2026-08-10","10","0","0","0","179","N","","",""
"2026-08-13","YH60624","X002M4XBC9","B0H4R3L4SF","","New","10","0","0","10","0","0","0","0","0","GBP","","","","","Low traffic","7.59","0.0","7.59","0.0","Advertise listing","","","0","0","","0.0","0.003531","cubic feet","Standard","0.03531","UK","","","69","0","","","","","","","","10","0","0","0","0","","0","0","0","0","0","0","","","","","","","","","","","","","","0","","","","","2026-08-10","10","0","0","0","69","N","","",""
"2026-08-13","YH60621","X002M52FYN","B0H4R1T7KH","","New","10","0","0","10","0","0","0","0","0","GBP","","","","","Low traffic","6.64","0.0","6.64","0.0","Advertise listing","","","0","0","","0.0","0.003531","cubic feet","Standard","0.03531","UK","","","216","0","","","6.64","","","","","0","10","0","0","0","","0","0","0","0","0","0","","","","","","","","","","","","","","0","","","","","2026-08-10","10","0","0","0","216","N","","",""
"2026-08-13","YH60688","X002MATSGV","B0H5JTZBNX","WVGSXBO Red Satin Bow Hair Clip for Women, Large French Barrette with Long Streamers, Elegant Bowknot Hair Accessory for Daily Wear & Parties, 20cm","New","30","0","0","30","0","0","0","0","0","GBP","","","","","Low traffic","5.41","0.0","5.41","0.0","Advertise listing","","","0","0","","0.0","0.003531","cubic feet","Standard","0.10593","UK","gl_beauty","","176","0","","","","","","","","30","0","0","0","0","","0","0","0","0","0","0","","","","","","","","","","","","","","0","","","","","2026-08-10","30","0","0","0","176","N","","",""
"2026-08-13","YH60551","X002LIL5FL","B0H2G5WLVD","WVGSXBO 20 Pack Empty Lavender Sachet Bags, Purple Organza Drawstring Scent Pouches, Reusable Fragrance Bags for Wardrobe Drawer Closet Car Bathroom, Floral Fresheners Gift","New","15","7","0","36","0","0","0","0","0","GBP","6","6","15","15","Low traffic","4.85","0.0","4.85","0.0","NoRestockExcessActionRequired","","","0","0","","0.68","0.003531","cubic feet","Standard","0.052965","UK","gl_home","88391","124","0","10","13","4.85","24.24","24.24","60.6","60.6","36","0","0","0","0","","0","0","0","0","9","0","","","","","","","","","","","","","","0","","","","14.1","2026-08-10","22","7","2","0","174","N","","",""
"2026-08-13","YH60671","X002MANR4P","B0H5J4TBXD","WVGSXBO Oval Sunglasses for Women, 90s Y2K Retro UV400 Non-Polarized Lenses, Lightweight Plastic Frame Shades for Driving Travel Daily Wear - Calm Brown","New","29","0","0","30","0","0","0","0","0","GBP","","","","","Low traffic","9.49","0.0","9.49","0.0","Advertise listing","","","0","0","","0.0","0.003531","cubic feet","Footwear","0.102399","UK","gl_shoes","","317","0","","","","","","","","30","0","0","0","0","","0","0","0","0","1","0","","","","","","","","","","","","","","0","","","","","2026-08-10","29","1","0","0","336","N","","",""
"2026-08-13","YH605122","X002LSR6EZ","B0H39PJ1VZ","","New","7","0","0","7","0","0","0","0","0","GBP","2","3","3","3","Low traffic","10.79","0.0","10.79","0.0","Advertise listing","","","0","0","","0.35","0.003531","cubic feet","","0.024717","UK","","103165","238","0","49","160","10.79","17.98","27.55","27.55","27.55","0","7","0","0","0","","30","0","30","0","0","0","","","","","","","","","","","","","173.5","0","","2026-08-09","138.5","173.5","2026-08-10","37","0","0","0","238","Y","Holiday Season","2026-10-03","2027-03-20"
"2026-08-13","YH60651","X002MAUIID","B0H5JYNKSD","WVGSXBO 4Pcs Gold Hollow Out Binder Clips, 51mm Metal Long Tail Paper Clips for Office Home Use","New","30","0","0","30","0","0","0","0","0","GBP","","","","","Low traffic","6.26","0.0","6.26","0.0","Advertise listing","","","0","0","","0.0","0.003531","cubic feet","Standard","0.10593","UK","gl_office_product","","100","0","","","","","","","","30","0","0","0","0","","0","0","0","0","0","0","","","","","","","","","","","","","","0","","","","","2026-08-10","30","0","0","0","100","N","","",""
"2026-08-13","YH60649","X002MB29R5","B0H5K8GT6V","WVGSXBO No Drill Self-Adhesive Curtain Rod Brackets 6 Pack, 360° Rotatable Nail-Free Curtain Rod Holders, Multi-Purpose Rod Hooks for Shower Curtain, Towel Rail, Kitchen & Bathroom, White","New","28","0","0","30","0","0","0","0","0","GBP","","","","","Low traffic","5.69","0.0","5.69","0.0","Advertise listing","","","0","0","","0.0","0.022398","cubic feet","Standard","0.627144","UK","gl_home_improvement","","167","0","","","","","","","","30","0","0","0","0","","0","0","0","0","2","0","","","","","","","","","","","","","","0","","","","","2026-08-10","28","2","0","0","176","N","","",""
"2026-08-13","YH606166","X002MNKAW9","B0H6SD694F","WVGSXBO 4 Pack Navy Blue Denim Waist Extenders, Dual Distance Adjustable Button Expanders 65x35mm No Sew Reusable for Jeans Trousers Skirts Adults","New","25","5","0","30","0","0","0","0","0","GBP","","","","","Low traffic","6.17","0.0","6.17","0.0","Advertise listing","","","0","0","","0.0","0.003531","cubic feet","Standard","0.088275","UK","gl_kitchen","","137","0","","","","","","","","30","0","0","0","0","","0","0","0","0","0","0","","","","","","","","","","","","","","0","","","","","2026-08-10","30","0","0","0","137","N","","",""
"2026-08-13","YH60658","X002MAZFGN","B0H5KF1BML","WVGSXBO 2 Pcs Sports Sweat Wristbands, Terry Cloth Elastic Wrist Bands, 2-Ply Thick Spandex Sweatbands, Absorbent Soft Wrist Supports for Gym, Running, Basketball, Tennis, Football & Outdoor Activitie","New","30","0","0","30","0","0","0","0","0","GBP","","","","","Low traffic","6.64","0.0","6.64","0.0","Advertise listing","","","0","0","","0.0","0.003531","cubic feet","Standard","0.10593","UK","gl_sports","","366","0","","","","","","","","30","0","0","0","0","","0","0","0","0","0","0","","","","","","","","","","","","","","0","","","","","2026-08-10","30","0","0","0","366","N","","",""
"2026-08-13","YH605184","X002LVX6KZ","B0H3Q1BVY8","WVGSXBO Pin Curl Clips for Long Hair, Metal Hairdressing Clips with Non-Slip, No Crease Hair Clips for Curling Setting, Salon & Home Styling","New","17","0","0","17","0","0","0","0","0","GBP","0","3","3","3","Low traffic","5.89","0.0","5.89","0.0","Advertise listing","","","0","0","","0.16","0.003531","cubic feet","Standard","0.060027","UK","gl_beauty","222597","246","0","62","203","6.09","0.0","16.01","16.01","16.01","0","17","0","0","0","","30","0","30","0","0","0","","","","","","","","","","","","","233.7","0","","2026-08-09","187.0","233.7","2026-08-10","47","0","0","0","246","N","","",""
"2026-08-13","YH60566","X002LJ20U9","B0H2HFNVK5","WVGSXBO 24Pcs Pink Glitter French Press On Nails, Short Almond Glossy Reusable Acrylic False Nails with Full Application Kit for Women DIY Home Manicure","New","9","0","0","9","0","0","0","0","0","GBP","0","1","1","1","Low traffic","3.89","0.0","3.89","0.0","Advertise listing","","","0","0","","0.16","0.003531","cubic feet","Standard","0.031779","UK","gl_beauty","259445","77","0","36","117","3.89","0.0","3.47","3.47","3.47","0","9","0","0","0","","0","0","0","0","0","0","","","","","","","","","","","","","532.0","1","2026-08-24","2026-08-09","293.0","532.0","2026-08-10","9","0","0","0","77","N","","",""
"2026-08-13","YH60609","X002M541VX","B0H4QXTX8D","","New","10","0","0","10","0","0","0","0","0","GBP","","","","","Low traffic","9.87","0.0","9.87","0.0","Advertise listing","","","0","0","","0.0","0.003531","cubic feet","Standard","0.03531","UK","","","82","0","","","","","","","","10","0","0","0","0","","0","0","0","0","0","0","","","","","","","","","","","","","","1","2026-08-05","","","","2026-08-10","10","0","0","0","82","N","","",""
"2026-08-13","YH60578","X002LIX6JT","B0H2H67G5Y","WVGSXBO 135° Adjustable Shower Head Extension Arm, G1/2” Wall Mounted Shower Hose Connector, Polished Copper Curved Extender for Handheld & Fixed Showerheads, Universal UK Bathroom Fit","New","4","0","0","5","0","0","0","0","0","GBP","0","5","5","5","Low traffic","7.39","0.0","7.39","0.0","Advertise listing","","","0","0","","1.0","0.003531","cubic feet","Standard","0.014124","UK","gl_home_improvement","327427","223","0","27","88","7.39","0.0","31.98","31.98","31.98","0","5","0","0","0","","30","0","30","0","0","0","","","","","","","","","","","","","92.4","0","","2026-08-09","44.6","92.4","2026-08-10","34","0","0","0","223","N","","",""
"2026-08-13","YH60521","X002LHFPCB","B0H2D5GLJY","WVGSXBO 2 Pack Clear Plastic Hairbands, 1CM Wide Transparent Alice Bands with Gripping Teeth, Non-Slip Hair Styling Headbands for Women Daily Wear & Workouts","New","40","0","0","45","0","0","0","0","0","GBP","12","15","25","25","Low traffic","4.79","0.0","4.79","0.0","NoRestockExcessActionRequired","","","0","0","","1.57","0.003531","cubic feet","Standard","0.14124","UK","gl_beauty","52542","39","0","10","20","4.79","45.45","56.61","93.81","93.81","45","0","0","0","0","","0","0","0","0","2","0","","","","","","","","","","","","","43.3","45","2026-08-12","2026-08-09","43.3","26.5","2026-08-10","40","2","0","0","41","N","","",""
"2026-08-13","6Y-NJZN-ZO5D","X002M58RWH","B0H4RFYPBT","","New","10","0","0","10","0","0","0","0","0","GBP","","","","","Low traffic","6.98","0.0","6.98","0.0","Advertise listing","","","0","0","","0.0","0.003531","cubic feet","Standard","0.03531","UK","","","93","0","","","6.98","","","","","10","0","0","0","0","","0","0","0","0","0","0","","","","","","","","","","","","","","0","","","","","2026-08-10","10","0","0","0","93","N","","",""
"2026-08-13","YH60675","X002MANXMV","B0H5J8YPF2","WVGSXBO 6 Pack No Crease Hair Clips for Women, Polka Dot No Bend Flat Alligator Clips for Makeup Styling Face Washing Bangs, Black & White for Salon Home Use","New","30","0","0","30","0","0","0","0","0","GBP","","","","","Low traffic","5.69","0.0","5.69","0.0","Advertise listing","","","0","0","","0.0","0.003531","cubic feet","Standard","0.10593","UK","gl_beauty","","169","0","","","","","","","","30","0","0","0","0","","0","0","0","0","0","0","","","","","","","","","","","","","","0","","","","","2026-08-10","30","0","0","0","169","N","","",""
"2026-08-13","YH60588","X002LMCIT9","B0H2Q3LC61","WVGSXBO 5 Pairs D Shape Stick On Glasses Nose Pads, Transparent Adhesive Silicone Spectacle Nose Pad Cushion, Anti-Slip Airbag Glasses Nose Bridge Cushion for Plastic Frames Optical Glasses Sunglasses","New","33","2","0","40","0","0","0","0","0","GBP","1","4","11","11","Low traffic","4.26","0.0","4.26","0.0","NoRestockExcessActionRequired","","","0","0","","0.7","0.003531","cubic feet","Standard","0.116523","UK","gl_drugstore","163822","114","0","33","39","4.26","3.55","14.2","40.0","40.0","40","0","0","0","0","","0","0","0","0","3","0","","","","","","","","","","","","","25.1","0","","2026-08-09","12.8","25.1","2026-08-10","35","3","0","0","122","N","","",""
"2026-08-13","YH60554","X002LJCTHX","B0H2HBS4ZL","WVGSXBO 30Pcs French Tip False Nails, Short Almond Gold Edge Glossy Stick on Nails for Women, Natural Nude Full Cover False Nails with 15 Sizes for Daily & Occasion Wear","New","33","2","0","35","0","0","0","0","0","GBP","0","2","5","5","Low traffic","4.59","0.0","4.59","0.0","Advertise listing","","","0","0","","0.35","0.003531","cubic feet","Standard","0.116523","UK","gl_beauty","236001","248","0","66","85","4.59","0.0","8.32","21.79","21.79","31","4","0","0","0","","0","0","0","0","1","0","","","","","","","","","","","","","93.5","0","","2026-08-09","93.5","80.2","2026-08-10","35","1","0","0","256","N","","",""
"2026-08-13","YH60557","X002LL21UL","B0H2M22P67","WVGSXBO 3D Blackout Sleep Mask, 100% Light Blocking Eye Mask for Sleeping, Soft Breathable Blindfold with Adjustable Strap for Adults Side Sleepers Travel Nap","New","1","0","0","1","0","0","0","0","0","GBP","0","7","9","9","Low traffic","4.99","0.0","4.99","0.0","Advertise listing","","","0","0","","2.7","0.003531","cubic feet","Standard","0.003531","UK","gl_drugstore","157201","267","0","34","88","4.99","0.0","27.72","35.64","35.64","0","1","0","0","0","","60","0","60","0","0","0","","","","","","","","","","","","","36.6","0","","2026-08-09","12.5","36.6","2026-08-10","61","0","0","0","267","N","","",""
"2026-08-13","YH60644","X002MAWMFF","B0H5JRCGGP","WVGSXBO Car Door Edge Protectors 6 Pack, Universal Anti-Collision Anti-Scratch Door Guard Strips, Self Adhesive Car Door Edge Protection Trim, Black","New","28","0","0","29","0","0","0","0","0","GBP","","","","","Low traffic","6.62","0.0","6.62","0.0","Advertise listing","","","0","0","","0.0","0.003531","cubic feet","Standard","0.098868","UK","gl_baby_product","","146","0","","","","","","","","29","0","0","0","0","","1","0","0","1","0","0","","","","","","","","","","","","","","0","","","","","2026-08-10","29","0","0","0","146","N","","",""
"2026-08-13","YH605161","X002LUE09R","B0H3KNJMFM","","New","9","0","0","10","0","0","0","0","0","GBP","","","","","Low traffic","9.49","0.0","9.49","0.0","Advertise listing","","","0","0","","0.0","0.003531","cubic feet","","0.031779","UK","","","81","0","","","","","","","","10","0","0","0","0","","0","0","0","0","1","0","","","","","","","","","","","","","","0","","","","","2026-08-10","9","1","0","0","88","N","","",""
"2026-08-13","YH606174","X002MNI9KJ","B0H6SCYSBG","WVGSXBO 2 Pack ABS Jar Opener, Three-Point Vacuum Release Jar Lid Key, Compact Dishwasher Safe Kitchen Bottle Opening Tool","New","30","0","0","30","0","0","0","0","0","GBP","","","","","Low traffic","6.64","0.0","6.64","0.0","Advertise listing","","","0","0","","0.0","0.003531","cubic feet","Standard","0.10593","UK","gl_kitchen","","151","0","","","","","","","","30","0","0","0","0","","0","0","0","0","0","0","","","","","","","","","","","","","","0","","","","","2026-08-10","30","0","0","0","151","N","","",""
"2026-08-13","YH606183","X002MNHZ5J","B0H6SLZQ5B","WVGSXBO Carbon Fibre Car Side Mirror Protector Strips, German Flag Anti Scratch Rearview Mirror Edge Trim Stickers, Automotive Exterior Decor Decals for Car Mirrors","New","1","0","0","1","0","0","0","0","0","GBP","","","","","Low traffic","7.31","0.0","7.31","0.0","Advertise listing","","","0","0","","0.0","0.003531","cubic feet","Standard","0.003531","UK","gl_home","","142","0","","","","","","","","1","0","0","0","0","","29","0","0","29","0","0","","","","","","","","","","","","","","","","","","","2026-08-10","30","0","0","0","142","N","","",""
"2026-08-13","YH605142","X002LU03TX","B0H3JNH1YW","","New","10","0","0","10","0","0","0","0","0","GBP","","","","","Low traffic","8.07","0.0","8.07","0.0","Advertise listing","","","0","0","","0.0","0.003531","cubic feet","","0.03531","UK","","","87","0","","","","","","","","10","0","0","0","0","","0","0","0","0","0","0","","","","","","","","","","","","","","0","","","","","2026-08-10","10","0","0","0","87","N","","",""
"2026-08-13","YH60515","X002LJ0F3X","B0H2H5YGY7","WVGSXBO 2 Pack Fishing Hook Tying Tool, Dual Function Knot Tyer & Hook Protector, Fly Fishing Accessories for Braided Monofilament Lines, Beginner & Professional Anglers","New","2","0","0","3","0","0","0","0","0","GBP","2","8","8","8","Low traffic","4.89","0.0","4.89","0.0","Advertise listing","","","0","0","","1.62","0.003531","cubic feet","Standard","0.007062","UK","gl_sports","87778","201","0","16","52","4.89","8.14","33.58","33.58","33.58","0","3","0","0","0","","30","0","30","0","0","0","","","","","","","","","","","","","63.0","0","","2026-08-09","28.7","63.0","2026-08-10","32","0","0","0","201","N","","",""
"2026-08-13","YH605119","X002LT1WGR","B0H3B277TL","WVGSXBO 2 Pcs Facial Threading Hair Removal Tool, Stainless Steel Spring Manual Epilator, Portable Face Hair Remover for Upper Lip Chin Cheeks Neck (Blue & Pink)","New","1","0","0","1","0","0","0","0","0","GBP","1","9","9","9","Low traffic","6.69","0.0","6.49","0.0","Advertise listing","","","0","0","","1.64","0.003531","cubic feet","","0.003531","UK","gl_personal_care_appliances","127729","3","0","27","88","6.69","5.41","46.94","46.94","46.94","0","1","0","0","0","","60","60","0","0","0","0","","","","","","","","","","","","","34.6","0","","2026-08-09","24.4","34.6","2026-08-10","61","0","0","0","139","N","","",""
"2026-08-13","YH60529","X002LHIOIX","B0H2DD36JB","WVGSXBO 25Pcs Clear Fish Transport Bags, Thickened Tear-Resistant Plastic, Flat Top Fish Bags Transport Pouches for Aquarium Live Fish Transfer","New","6","0","0","6","0","0","0","0","0","GBP","1","3","4","4","Low traffic","5.69","0.0","5.69","0.0","Advertise listing","","","0","0","","0.8","0.003531","cubic feet","Standard","0.021186","UK","gl_home","42254","201","0","33","81","5.69","4.74","14.22","19.29","19.29","0","6","0","0","0","","19","0","19","0","0","0","","","","","","","","","","","","","123.3","0","","2026-08-09","85.0","123.3","2026-08-10","25","0","0","0","201","N","","",""
"2026-08-13","YH60606","X002M51NSR","B0H4QRS18D","","New","9","0","0","10","0","0","0","0","0","GBP","","","","","Low traffic","7.59","0.0","7.59","0.0","Advertise listing","","","0","0","","0.0","0.003531","cubic feet","Standard","0.031779","UK","","","118","0","","","","","","","","10","0","0","0","0","","0","0","0","0","1","0","","","","","","","","","","","","","","0","","","","","2026-08-10","9","1","0","0","125","N","","",""
"2026-08-13","YH60623","X002M56NC3","B0H4R6VJZ4","","New","10","0","0","10","0","0","0","0","0","GBP","","","","","Low traffic","6.26","0.0","6.26","0.0","Advertise listing","","","0","0","","0.0","0.003531","cubic feet","Standard","0.03531","UK","","","183","0","","","","","","","","10","0","0","0","0","","0","0","0","0","0","0","","","","","","","","","","","","","","0","","","","","2026-08-10","10","0","0","0","183","N","","",""
"2026-08-13","YH60511","X002LHEYSR","B0H2CX932F","WVGSXBO 6 Pack Velvet Scrunchies for Women, Soft Jersey Fabric Elastic Hair Bobbles, No Damage Ponytail Holders, 3 Navy + 3 Red Scrunchie Hair Accessories for Ladies","New","3","0","0","3","0","0","0","0","0","GBP","4","7","7","7","Low traffic","5.09","0.0","5.09","0.0","Advertise listing","","","0","0","","1.29","0.003531","cubic feet","Standard","0.010593","UK","gl_beauty","82392","22","0","36","117","5.09","16.96","30.27","30.27","30.27","0","3","0","0","0","","60","60","0","0","1","0","","","","","","","","","","","","","123.8","0","","2026-08-09","64.0","123.8","2026-08-10","63","1","0","0","366","N","","",""
"2026-08-13","YH60531","X002LJ0M31","B0H2HBMTBY","WVGSXBO 4Pcs Eyeglass Temple Pads, Soft Knitted Cotton Anti-Slip Glasses Protector Sleeves, Comfort Ear Cushions for Sunglasses Reading Glasses Adult Daily Wear (Black)","New","2","0","0","2","0","0","0","0","0","GBP","0","6","8","8","Low traffic","4.79","0.0","4.79","0.0","Advertise listing","","","0","0","","2.4","0.003531","cubic feet","Standard","0.007062","UK","gl_drugstore","126696","7","0","41","100","4.79","0.0","22.8","30.58","30.58","0","2","0","0","0","","60","60","0","0","0","0","","","","","","","","","","","","","48.6","0","","2026-08-09","27.3","48.6","2026-08-10","62","0","0","0","187","N","","",""
"2026-08-13","YH60686","X002MAR55R","B0H5JQVDZT","WVGSXBO 3 Pack Gold Leaf U-Shaped Hair Pins, Boho Wedding Hair Accessories for Women, Bridal Hair Pieces for Bridesmaids Prom Party Updo Styling","New","30","0","0","30","0","0","0","0","0","GBP","","","","","Low traffic","7.59","0.0","7.59","0.0","Advertise listing","","","0","0","","0.0","0.003531","cubic feet","Standard","0.10593","UK","gl_beauty","","173","0","","","","","","","","30","0","0","0","0","","0","0","0","0","0","0","","","","","","","","","","","","","","0","","","","","2026-08-10","30","0","0","0","173","N","","",""
"2026-08-13","YH60562","X002LIVIMV","B0H2HDQDCM","WVGSXBO 24Pcs Red Press on Nails, Medium Almond Red Heart with Glitter Lines, Glossy Full Cover Acrylic False Nails for Women Valentine's Day Daily Wear Manicure Decoration","New","7","0","0","7","0","0","0","0","0","GBP","1","2","3","3","Low traffic","4.59","5.3","5.3","0.0","Advertise listing","","","0","0","","0.56","0.003531","cubic feet","Standard","0.024717","UK","gl_beauty","113105","225","0","54","117","5.3","4.42","8.84","13.26","13.26","0","7","0","0","0","","20","0","0","20","0","0","","","","","","","","","","","","","259.0","0","","2026-08-09","259.0","242.0","2026-08-10","27","0","0","0","225","N","","",""
"2026-08-13","YH60534","X002LIQLO1","B0H2GR9LB7","WVGSXBO 5mm Shelf Support Pegs, 20 Pcs Clear Plastic & Stainless Steel Cabinet Shelf Pins, Straight Shelf Holder Locking Pins for Kitchen Furniture, Book Shelves, Wardrobes & Display Cabinets","New","7","0","0","7","0","0","0","0","0","GBP","0","2","3","3","Low traffic","5.59","0.0","5.79","0.0","Advertise listing","","","0","0","","0.56","0.003531","cubic feet","Standard","0.024717","UK","gl_home_improvement","433541","366","0","114","247","5.79","0.0","10.31","15.55","15.55","0","7","0","0","0","","50","0","50","0","0","0","","","","","","","","","","","","","156.3","0","","2026-08-09","76.7","156.3","2026-08-10","57","0","0","0","366","N","","",""
"2026-08-13","YH60524","X002LHKQ1B","B0H2DCHCBB","WVGSXBO Black Anodized Aluminium Tyre Valve Caps, 4 Pack Universal Tyre Dust Caps, Corrosion Resistant Tyre Caps Black for Cars Trucks Motorcycles SUVs Bikes","New","2","0","0","2","0","0","0","0","0","GBP","3","8","8","8","Low traffic","5.09","0.0","5.09","0.0","Advertise listing","","","0","0","","2.0","0.003531","cubic feet","Standard","0.007062","UK","gl_automotive","53502","123","0","16","52","5.09","12.72","34.0","34.0","34.0","0","2","0","0","0","","30","0","30","0","0","0","","","","","","","","","","","","","67.1","0","","2026-08-09","32.9","67.1","2026-08-10","32","0","0","0","123","N","","",""
"2026-08-13","YH60604","X002M50PXV","B0H4QZ2WRL","WVGSXBO Sash Jammers for UPVC Doors, Heavy Duty Sash Jammer & Letterbox Lock Set, Anti-Theft Home Security Restrictor for Standard UPVC Frames, White","New","1","0","0","1","0","0","0","0","0","GBP","2","9","9","9","","5.29","0.0","0.0","0.0","Edit listing","","","0","0","","1.64","0.003531","cubic feet","Standard","0.003531","UK","gl_home_improvement","178677","1","0","27","88","5.29","8.57","37.69","37.69","37.69","0","1","0","0","0","","60","60","0","0","0","0","","","","","","","","","","","","","37.8","3","2026-08-11","2026-08-09","29.0","37.8","2026-08-10","61","0","0","0","79","N","","",""
"2026-08-13","YH60673","X002MAHR7N","B0H5JBXFSV","WVGSXBO 6 Pack Waist Button Extenders, 4 Single-Hole & 2 Double-Hole Jeans Waist Expander, No Sew Reusable Adjustable Waistband Stretcher for Trousers Skirts, Black","New","30","0","0","30","0","0","0","0","0","GBP","","","","","Low traffic","5.69","0.0","5.69","0.0","Advertise listing","","","0","0","","0.0","0.003531","cubic feet","Standard","0.10593","UK","gl_office_product","","191","0","","","","","","","","30","0","0","0","0","","0","0","0","0","0","0","","","","","","","","","","","","","","0","","","","","2026-08-10","30","0","0","0","191","N","","",""
"2026-08-13","YH60519","X002LJ4QGP","B0H2HN6NDZ","WVGSXBO Set of 6 Gold Round PVC Drink Coasters, Reusable Non-Slip Cup Mats, Heat Resistant Waterproof Coasters for Hot Cold Beverages, Indoor Outdoor Use for Home Bar Garden Patio Tables","New","16","1","0","18","0","0","0","0","0","GBP","2","2","12","12","Low traffic","4.98","0.0","4.98","0.0","Advertise listing","","","0","0","","2.0","0.003531","cubic feet","Standard","0.056496","UK","gl_home","152335","366","0","192","104","4.98","8.3","8.3","49.96","49.96","18","0","0","0","0","","80","0","80","0","0","0","","","","","","","","","","","","","","0","","","","19.7","2026-08-10","97","0","0","0","366","Y","Holiday Season","2026-09-26","2027-01-01"
"2026-08-13","YH606151","X002MNG3C5","B0H6SBT9FV","WVGSXBO Messy Bun Hair Piece, Heat Resistant Synthetic Wavy Hair Scrunchie, Elastic Ponytail Updo Hair Extension for Adult Women, Dirty Blonde 15x15x4cm 45g","New","28","2","0","30","0","0","0","0","0","GBP","","","","","Low traffic","9.49","0.0","9.49","0.0","Advertise listing","","","0","0","","0.0","0.003531","cubic feet","Standard","0.098868","UK","gl_beauty","","126","0","","","","","","","","30","0","0","0","0","","0","0","0","0","0","0","","","","","","","","","","","","","","0","","","","","2026-08-10","30","0","0","0","126","N","","",""
"2026-08-13","YH60642","X002MAU4K5","B0H5K6XPYC","WVGSXBO Fingerboard Grip Tape 10 Pack, Self-Adhesive Non-Slip Foam Finger Skateboard Pads, Anti-Scratch Fingerboard Training Replacement Accessories, Black","New","30","0","0","30","0","0","0","0","0","GBP","","","","","Low traffic","5.6","0.0","5.6","0.0","Advertise listing","","","0","0","","0.0","0.003531","cubic feet","Standard","0.10593","UK","gl_biss","","164","0","","","","","","","","30","0","0","0","0","","0","0","0","0","0","0","","","","","","","","","","","","","","0","","","","","2026-08-10","30","0","0","0","164","N","","",""
"2026-08-13","YH60661","X002MB5NIR","B0H5KJ7G61","WVGSXBO Retro Cat Eye Sunglasses for Women, Slim Triangle Half Frame Shades, Grey Non-Polarized Polycarbonate Lenses with UV400 Protection, Lightweight Plastic Frame with Metal Hinges, Black Frame One","New","29","0","0","30","0","0","0","0","0","GBP","","","","","Low traffic","9.49","0.0","9.49","0.0","Advertise listing","","","0","0","","0.0","0.003531","cubic feet","Footwear","0.102399","UK","gl_shoes","","257","0","","","","","","","","30","0","0","0","0","","0","0","0","0","1","0","","","","","","","","","","","","","","0","","","","","2026-08-10","29","1","0","0","268","N","","",""
"2026-08-13","YH606106","X002MNBAFZ","B0H6RX5Z3M","WVGSXBO 5 Sushi Mould Set, Food Grade PP Onigiri Press Mould, Non-Stick Rice Ball Maker, Reusable DIY Kitchen Tool for Homemade Sushi & Rice Rolls","New","27","2","0","28","0","0","0","0","0","GBP","","","","","Low traffic","5.69","0.0","5.69","0.0","Advertise listing","","","0","0","","0.0","0.003531","cubic feet","Standard","0.095337","UK","gl_kitchen","","121","0","","","","","","","","28","0","0","0","0","","0","0","0","0","2","0","","","","","","","","","","","","","","0","","","","","2026-08-10","29","2","0","0","127","N","","",""
"2026-08-13","YH605155","X002LU9JEX","B0H3K6QCPM","","New","9","0","0","9","0","0","0","0","0","GBP","","","","","Low traffic","9.49","0.0","9.49","0.0","Advertise listing","","","0","0","","0.0","0.003531","cubic feet","","0.031779","UK","","","60","0","","","","","","","","9","0","0","0","0","","0","0","0","0","2","0","","","","","","","","","","","","","","0","","","","","2026-08-10","9","2","0","0","69","N","","",""
"2026-08-13","YH60608","X002M50TTL","B0H4QXN3RC","WVGSXBO 2 Pack Triangle Key, 9mm Triangular Utility Key, Gas Meter Box Key & Bin Key with T&D Dual Handle, Zinc Alloy Keys for Water Electric Meter Cabinets Radiator Elevator Valves","","0","0","0","1","0","0","0","0","0","GBP","6","10","10","10","","0.0","0.0","0.0","0.0","Edit listing","","","0","0","","1.64","0.003531","cubic feet","Standard","0.0","UK","gl_home_improvement","","0","0","24","78","6.39","31.92","53.2","53.2","53.2","0","1","0","0","0","","60","60","0","0","0","0","","","","","","","","","","","","","55.2","0","","2026-08-09","43.5","55.2","2026-08-10","60","0","0","0","92","N","","",""
"2026-08-13","YH60510","X002LJ5YBL","B0H2HK6L8X","WVGSXBO 3 Pcs Red Hair Bows, Large Satin Bows for Hair with Long Tails, Red Ribbon for Hair Clip with Alligator Clips, Women Hair Accessories for Daily & Special Occasions","","0","0","0","1","0","0","0","0","0","GBP","1","9","9","9","Low traffic","0.0","0.0","4.89","0.0","Edit listing","","","0","0","","1.64","0.003531","cubic feet","Standard","0.0","UK","gl_beauty","154444","0","0","30","98","4.89","3.82","34.83","34.83","34.83","0","1","0","0","0","","68","68","0","0","1","0","","","","","","","","","","","","","28.6","0","","2026-08-09","20.8","28.6","2026-08-10","68","1","0","0","183","N","","",""
"2026-08-13","YH60654","X002MAZE0F","B0H5KCM7ZR","WVGSXBO Rainbow Striped Wrist Sweatbands, Cotton Moisture Wicking Sports Wristbands for Running Gym Yoga Basketball","New","27","0","0","30","0","0","0","0","0","GBP","","","","","Low traffic","5.69","0.0","5.69","0.0","Advertise listing","","","0","0","","0.0","0.003531","cubic feet","Standard","0.095337","UK","gl_sports","","366","0","","","","","","","","30","0","0","0","0","","0","0","0","0","3","0","","","","","","","","","","","","","","0","","","","","2026-08-10","27","3","0","0","366","N","","",""
"2026-08-13","YH60638","X002MARZQB","B0H5K71LWH","WVGSXBO Welsh Dragon Embroidered Patches 2 Pack, Hook and Loop Fastener Wales National Dragon Applique, Black Tactical Embroidered Badges for Jackets, Backpacks, Caps & Tactical Gear","New","30","0","0","30","0","0","0","0","0","GBP","","","","","Low traffic","6.57","0.0","6.57","0.0","Advertise listing","","","0","0","","0.0","0.003531","cubic feet","Standard","0.10593","UK","gl_office_product","","200","0","","","6.57","","","","","30","0","0","0","0","","0","0","0","0","0","0","","","","","","","","","","","","","","0","","","","","2026-08-10","30","0","0","0","200","N","","",""
"2026-08-13","YH60633","X002MASKUL","B0H5JQHJFS","WVGSXBO Tap Aerators 20 Pack, 21mm Male Thread Faucet Filter Insert, High Flow Anti Splash Water Saving Tap Spare Parts with Rubber Washers for Kitchen Bathroom Sink Taps","New","27","0","0","29","0","0","0","0","0","GBP","","","","","Low traffic","5.69","0.0","5.69","0.0","Advertise listing","","","0","0","","0.0","0.003531","cubic feet","Standard","0.095337","UK","gl_home_improvement","","161","0","","","","","","","","29","0","0","0","0","","0","0","0","0","2","0","","","","","","","","","","","","","","0","","","","","2026-08-10","27","2","0","0","169","N","","",""
"2026-08-13","YH60653","X002MB1TBH","B0H5KGBXGC","WVGSXBO 4 Pcs Wine Foil Cutters, Rotary Wine Bottle Foil Remover, ABS & Stainless Steel Bottle Top Tin Foil Cutter for Home Bar Restaurant Use, Black","New","30","0","0","30","0","0","0","0","0","GBP","","","","","Low traffic","5.22","0.0","5.22","0.0","Advertise listing","","","0","0","","0.0","0.003531","cubic feet","Standard","0.10593","UK","gl_kitchen","","108","0","","","","","","","","30","0","0","0","0","","0","0","0","0","0","0","","","","","","","","","","","","","","0","","","","","2026-08-10","30","0","0","0","108","N","","",""
"2026-08-13","YH60666","X002MB1QH9","B0H5KBSXYW","WVGSXBO 2 Pack Professional Anti-Static Rat Tail Combs, Fine Tooth Carbon Hair Sectioning Comb with Pick Lift Teeth, Salon Hair Styling Tool for Parting, Teasing, Bleach & Hair Extensions, Black","New","29","0","0","31","0","0","0","0","0","GBP","","","","","Low traffic","5.69","0.0","5.69","0.0","Advertise listing","","","0","0","","0.0","0.003531","cubic feet","Standard","0.102399","UK","gl_beauty","","172","0","","","","","","","","31","0","0","0","0","","0","0","0","0","0","0","","","","","","","","","","","","","","0","","","","","2026-08-10","29","0","0","0","172","N","","",""
"2026-08-13","YH605101","X002LTCX0L","B0H3FDFKY8","","New","7","0","0","8","0","0","0","0","0","GBP","0","2","2","2","Low traffic","4.99","0.0","4.99","0.0","Advertise listing","","","0","0","","0.22","0.003531","cubic feet","","0.024717","UK","","192566","249","0","74","240","4.99","0.0","9.02","9.02","9.02","0","8","0","0","0","","30","0","30","0","1","0","","","","","","","","","","","","","161.0","0","","2026-08-09","132.0","161.0","2026-08-10","37","1","0","0","256","N","","",""
"2026-08-13","YH60645","X002MAYCSZ","B0H5JRCGXT","WVGSXBO Carbon Fiber Car Door Edge Protectors 4 Pack, Universal Self-Adhesive Anti-Scratch Anti-Collision Door Guard Trim, Weather Resistant Car Door Edge Protection Strips, Black Carbon Fibre Texture","New","28","0","0","30","0","0","0","0","0","GBP","","","","","Low traffic","6.26","0.0","6.26","0.0","Advertise listing","","","0","0","","0.0","0.006448","cubic feet","Standard","0.180544","UK","gl_automotive","","366","0","","","","","","","","30","0","0","0","0","","0","0","0","0","2","0","","","","","","","","","","","","","","0","","","","","2026-08-10","28","2","0","0","366","N","","",""
"2026-08-13","YH605148","X002LU6CGL","B0H3K48BMS","","New","10","0","0","10","0","0","0","0","0","GBP","","","","","Low traffic","8.16","0.0","8.16","0.0","Advertise listing","","","0","0","","0.0","0.003531","cubic feet","","0.03531","UK","","","63","0","","","","","","","","10","0","0","0","0","","0","0","0","0","0","0","","","","","","","","","","","","","","","","","","","2026-08-10","10","0","0","0","63","N","","",""
"2026-08-13","YH60619","X002M5190J","B0H4R1HGJG","WVGSXBO 200 Pcs Small Cellophane Bags, 3.15x3.15 Inch Clear Self Seal Cellophane Bags, 50μm Thick OPP Self Seal Bags for Food, Jewellery, Cookies & Small Items","New","8","0","0","8","0","0","0","0","0","GBP","1","2","2","2","Low traffic","5.69","0.0","5.89","0.0","Advertise listing","","","0","0","","0.22","0.003531","cubic feet","Standard","0.028248","UK","gl_home","580499","45","0","136","442","5.69","5.07","10.14","10.14","10.14","0","8","0","0","0","","60","60","0","0","0","0","","","","","","","","","","","","","180.0","0","","2026-08-09","145.0","180.0","2026-08-10","68","0","0","0","366","N","","",""
"2026-08-13","YH60553","X002LJ1PWD","B0H2HBXQWN","WVGSXBO 10 Pack (6+4) Door Stop Wall Protector for Door Handles, Clear Adhesive-Free Silicone Door Bumpers, Invisible Damage-Free Wall Protectors, Fits Round & Square Handles","New","4","0","0","4","0","0","0","0","0","GBP","1","6","6","6","Low traffic","6.09","0.0","6.09","0.0","Advertise listing","","","0","0","","1.29","0.042164","cubic feet","Standard","0.168656","UK","gl_home_improvement","114156","169","0","22","73","6.09","5.07","31.27","31.27","31.27","0","4","0","0","0","","30","0","30","0","0","0","","","","","","","","","","","","","94.8","0","","2026-08-09","46.8","94.8","2026-08-10","34","0","0","0","169","N","","",""
"2026-08-13","YH60669","X002MBQI9F","B0H5P12M9G","WVGSXBO 6 Pack Toothbrush Head Covers Compatible with Oral B iO Series, Dustproof Protective Caps for Oral B iO4 iO5 iO6 iO7 iO8 iO9, Pro 3, Smart 6, Genius Brush Heads, Multi Transparent Colours Trav","New","28","0","0","30","0","0","0","0","0","GBP","","","","","Low traffic","6.61","0.0","6.61","0.0","Advertise listing","","","0","0","","0.0","0.005188","cubic feet","Standard","0.145264","UK","gl_drugstore","","111","0","","","6.61","","","","","30","0","0","0","0","","0","0","0","0","2","0","","","","","","","","","","","","","","0","","","","","2026-08-10","28","2","0","0","115","N","","",""
"2026-08-13","YH605165","X002LUK2H1","B0H3KL965Z","","New","19","1","0","20","0","0","0","0","0","GBP","","","","","Low traffic","9.49","0.0","9.49","0.0","Advertise listing","","","0","0","","0.0","0.003531","cubic feet","","0.067089","UK","","","95","0","","","","","","","","20","0","0","0","0","","0","0","0","0","0","0","","","","","","","","","","","","","","0","","","","","2026-08-10","20","0","0","0","95","N","","",""
"2026-08-13","YH605191","X002LTTRPP","B0H3HL82GJ","","New","9","1","0","10","0","0","0","0","0","GBP","","","","","Low traffic","6.64","0.0","6.64","0.0","Advertise listing","","","0","0","","0.0","0.003531","cubic feet","","0.031779","UK","","","125","0","","","6.64","","","","","10","0","0","0","0","","0","0","0","0","0","0","","","","","","","","","","","","","","0","","","","","2026-08-10","10","0","0","0","125","N","","",""
"2026-08-13","YH605114","X002LSXCMZ","B0H39LGBTN","WVGSXBO 3 Pcs Rose Gold Automatic Needle Threaders, Hand Sewing Needle Threader Set for Embroidery Cross Stitch DIY Needlework Supplies","New","9","0","0","9","0","0","0","0","0","GBP","0","1","1","1","Low traffic","5.49","0.0","5.49","0.0","Advertise listing","","","0","0","","0.11","0.003531","cubic feet","","0.031779","UK","gl_kitchen","992729","176","0","276","897","5.49","0.0","4.74","4.74","4.74","0","9","0","0","0","","60","60","0","0","0","0","","","","","","","","","","","","","354.0","0","","2026-08-09","290.0","354.0","2026-08-10","69","0","0","0","366","Y","Holiday Season","2026-10-03","2027-01-09"
"2026-08-13","YH605108","X002LSNH75","B0H38XBQ7P","WVGSXBO Pop Up Bath Plug Replacement, Universal Pop Up Plugs for Wash Basins, Leakproof Silicone Seal Bathroom Sink Stopper, Standard Bath Plug Replacement for Bathtub & Vanity Sink","New","9","0","0","9","0","0","0","0","0","GBP","0","1","1","1","Low traffic","5.99","0.0","5.99","0.0","Advertise listing","","","0","0","","0.11","0.001755","cubic feet","","0.015795","UK","gl_home","1131888","302","0","156","507","6.19","0.0","5.41","5.41","5.41","0","9","0","0","0","","30","0","30","0","0","0","","","","","","","","","","","","","356.0","0","","2026-08-09","286.0","356.0","2026-08-10","39","0","0","0","302","N","","",""
"2026-08-13","YH606126","X002ML9OCN","B0H6MRS3GZ","3pcs Mini Funnels For Small Bottles, Plastic Small Funnels for Filling Bottle Precision Fillings Funnel, Fillings Mini Bottle Or Containers, Lab Bottles, Science Laboratory Chemicals","New","29","0","0","30","0","0","0","0","0","GBP","","","","","Low traffic","4.74","0.0","4.74","0.0","Advertise listing","","","0","0","","0.0","0.003531","cubic feet","Standard","0.102399","UK","gl_biss","","116","0","","","","","","","","30","0","0","0","0","","0","0","0","0","1","0","","","","","","","","","","","","","","0","","","","","2026-08-10","29","1","0","0","118","N","","",""
"2026-08-13","YH605107","X002LSG9QB","B0H38Q2Z1P","WVGSXBO Slim Glasses Case 2 Pack, Soft Squeeze-Top Eyeglasses Holder, Protective Glasses Pouch for Women Men, Portable Glasses Case for Women for Sunglasses Reading Glasses Travel","","0","0","0","1","0","0","0","0","0","GBP","1","10","10","10","","0.0","0.0","0.0","0.0","Edit listing","","","0","0","","1.82","0.003531","cubic feet","","0.0","UK","gl_apparel","","366","0","36","117","6.59","5.49","55.58","55.58","55.58","1","0","0","0","0","","90","0","90","0","0","0","","","","","","","","","","","","","23.6","0","","2026-08-09","15.8","23.6","2026-08-10","90","0","0","0","366","N","","",""
"2026-08-13","YH606165","X002MNEKFH","B0H6SDX35J","WVGSXBO 5 Pack Denim Waist Extenders, Double Hole Adjustable Button Expanders Adds 1-2 Inches Waist Room for Jeans Trousers Skirts Maternity Wear 5 Mixed Colours","New","1","0","0","1","0","0","0","0","0","GBP","","","","","Low traffic","6.63","0.0","6.63","0.0","Advertise listing","","","0","0","","0.0","0.003531","cubic feet","Standard","0.003531","UK","gl_kitchen","","126","0","","","","","","","","1","0","0","0","0","","29","0","0","29","0","0","","","","","","","","","","","","","","","","","","","2026-08-10","30","0","0","0","126","N","","",""
"2026-08-13","YH60679","X002MASU79","B0H5JSD4HQ","WVGSXBO 4 Pack Black Pocket Hair Combs, Dual-Sided Fine & Standard Tooth Plastic Styling Combs for Adults, Portable Hairdressing Combs for Salon Barber Home Travel Daily Use","New","30","0","0","30","0","0","0","0","0","GBP","","","","","Low traffic","5.22","0.0","5.22","0.0","Advertise listing","","","0","0","","0.0","0.003531","cubic feet","Standard","0.10593","UK","gl_beauty","","175","0","","","","","","","","30","0","0","0","0","","0","0","0","0","0","0","","","","","","","","","","","","","","0","","","","","2026-08-10","30","0","0","0","175","N","","",""
"2026-08-13","YH605129","X002LTCUCR","B0H3FBBR6Z","WVGSXBO Fit Over Sunglasses for Women, Polarised Over Glasses Sunglasses Womens, Oversized Wrap Around Over Sunglasses for Women UV400 for Driving Outdoor Sports","New","7","0","0","9","0","0","0","0","0","GBP","1","1","1","1","Low traffic","13.39","0.0","13.39","0.0","Advertise listing","","","0","0","","0.11","0.003531","cubic feet","","0.024717","UK","gl_shoes","345967","87","0","28","91","13.39","11.16","11.16","11.16","11.16","0","9","0","0","0","","0","0","0","0","1","0","","","","","","","","","","","","","368.0","0","","2026-08-09","298.0","368.0","2026-08-10","7","1","0","0","97","N","","",""
"2026-08-13","YH60639","X002MAQTC7","B0H5JRWS8Q","WVGSXBO Jerusalem Cross Embroidered Patches 2 Pack, Hook and Loop Tactical Embroidered Emblems, Black Base White & Red Crusader Cross Applique Badges for Vests, Jackets, Caps, Backpacks & Uniforms","New","28","0","0","30","0","0","0","0","0","GBP","","","","","Low traffic","9.49","0.0","9.49","0.0","Advertise listing","","","0","0","","0.0","0.003531","cubic feet","Standard","0.098868","UK","gl_office_product","","193","0","","","","","","","","30","0","0","0","0","","0","0","0","0","2","0","","","","","","","","","","","","","","0","","","","","2026-08-10","28","2","0","0","208","N","","",""
"2026-08-13","YH606176","X002MNG0ZF","B0H6SB82DH","WVGSXBO 2 Pack 7-Day Pill Organisers, Food-Grade PP Portable Weekly Tablet Boxes, Pink White Travel Supplement Storage Cases","New","28","1","0","30","0","0","0","0","0","GBP","","","","","Low traffic","5.69","0.0","5.69","0.0","Advertise listing","","","0","0","","0.0","0.003531","cubic feet","Standard","0.098868","UK","gl_drugstore","","109","0","","","","","","","","30","0","0","0","0","","0","0","0","0","2","0","","","","","","","","","","","","","","0","","","","","2026-08-10","29","2","0","0","113","N","","",""
"2026-08-13","YH605138-1","X002LTSHTH","B0H3HCBNBV","","New","10","0","0","10","0","0","0","0","0","GBP","","","","","Low traffic","5.69","0.0","5.69","0.0","Advertise listing","","","0","0","","0.0","0.003531","cubic feet","","0.03531","UK","","","69","0","","","","","","","","10","0","0","0","0","","0","0","0","0","0","0","","","","","","","","","","","","","","","","","","","2026-08-10","10","0","0","0","69","N","","",""
"2026-08-13","YH60665","X002MB1QBP","B0H5KGR2K1","WVGSXBO 2 Pack Reusable Silicone Wine Bottle Stoppers, Multi-Rib Leakproof Wine Sealer Plugs with Easy Grip Top, Universal Fit for Wine, Champagne & Beverage Bottles, Burgundy & Navy Blue","New","28","0","0","30","0","0","0","0","0","GBP","","","","","Low traffic","5.69","0.0","5.69","0.0","Advertise listing","","","0","0","","0.0","0.003531","cubic feet","Standard","0.098868","UK","gl_kitchen","","150","0","","","","","","","","30","0","0","0","0","","0","0","0","0","2","0","","","","","","","","","","","","","","0","","","","","2026-08-10","28","2","0","0","160","N","","",""
"2026-08-13","YH60636","X002MAPZ1N","B0H5K186D8","WVGSXBO Bendable Spring Drawstring Threader Tool 3 Pack, Flexible Metal Cord Threading Aid, Multi Purpose Rope Guide Tool for Hoodies, Sweatpants, Shorts and Jackets","New","27","0","0","30","0","0","0","0","0","GBP","","","","","Low traffic","5.69","0.0","5.69","0.0","Advertise listing","","","0","0","","0.0","0.012759","cubic feet","Standard","0.344493","UK","gl_kitchen","","166","0","","","","","","","","30","0","0","0","0","","0","0","0","0","3","0","","","","","","","","","","","","","","0","","","","","2026-08-10","27","3","0","0","183","N","","",""
"2026-08-13","YH606137","X002MMLL7N","B0H6QBG9JF","Hair Bobbles for Thick Hair, Elastic Hair Bands for Women, 4mm Snag Free Strong Hair Ties No Damage for Girls, Hairbands Women, Ponytail Holders (Pack of 40 - Black)","New","25","3","0","28","0","0","0","0","0","GBP","","","","","Low traffic","5.31","0.0","5.31","0.0","Advertise listing","","","0","0","","0.0","0.003531","cubic feet","Standard","0.088275","UK","gl_beauty","","101","0","","","","","","","","28","0","0","0","0","","0","0","0","0","1","0","","","","","","","","","","","","","","0","","","","","2026-08-10","28","1","0","0","104","N","","",""
"2026-08-13","YH60610","X002M55DZ1","B0H4R654QC","WVGSXBO 2 Pcs Brass Pipe Fittings, 3/4 to 1/2 Reducer Adapter, BSP Thread Hex Bushing Connectors, 1/2"" Female to 3/4"" Male for Plumbing Heating Gas Garden Pipes","New","3","0","0","3","0","0","0","0","0","GBP","2","4","5","5","Low traffic","6.09","0.0","6.09","0.0","Advertise listing","","","0","0","","0.91","0.003531","cubic feet","Standard","0.010593","UK","gl_home_improvement","32221","152","0","33","85","6.09","10.14","20.58","25.95","25.95","0","3","0","0","0","","30","0","30","0","0","0","","","","","","","","","","","","","57.8","0","","2026-08-09","43.8","57.8","2026-08-10","33","0","0","0","152","N","","",""
"2026-08-13","YH605117","X002LTFD3F","B0H3DXNSWT","WVGSXBO 10 Pcs Plastic Yarn Bobbins Set, Multicolour Bobbin Winder Thread Organiser for Sewing Crochet Cross Stitch Embroidery DIY Craft","New","9","0","0","9","0","0","0","0","0","GBP","0","1","1","1","Low traffic","4.89","0.0","4.89","0.0","Advertise listing","","","0","0","","0.11","0.003531","cubic feet","","0.031779","UK","gl_kitchen","1492048","366","0","156","507","4.99","0.0","4.42","4.42","4.42","0","9","0","0","0","","30","0","30","0","0","0","","","","","","","","","","","","","340.0","0","","2026-08-09","276.0","340.0","2026-08-10","39","0","0","0","366","N","","",""
"2026-08-13","YH60558","X002LL61MF","B0H2M5HKS2","WVGSXBO 2 Pack Hidden Travel Money Belt, Waterproof Anti-Theft Undercover Waist Pouch, Adjustable Secure Wallet for Passport Cash Cards Phone Adults, Black & Beige","New","22","1","0","29","0","0","0","0","0","GBP","1","2","11","11","Low traffic","6.09","0.0","6.09","0.0","NoRestockExcessActionRequired","","","0","0","","1.1","0.003531","cubic feet","Standard","0.077682","UK","gl_luggage","744737","348","0","84","49","6.09","5.07","10.31","57.47","57.47","29","0","0","0","0","","20","0","20","0","2","0","","","","","","","","","","","","","15.4","0","","2026-08-09","9.0","15.4","2026-08-10","43","1","1","0","366","N","","",""
"2026-08-13","YH606159","X002MNIT5T","B0H6SM3CD6","WVGSXBO 6 Pack Elastic Waistband Button Extenders, Khaki Dark Blue Black Trouseruser Expanders Adds 1.5-2 Inch Extra Room for Jeans Chinos Shirts","New","27","0","0","30","0","0","0","0","0","GBP","","","","","Low traffic","6.64","0.0","6.64","0.0","Advertise listing","","","0","0","","0.0","0.003531","cubic feet","Standard","0.095337","UK","gl_office_product","","154","0","","","","","","","","30","0","0","0","0","","0","0","0","0","3","0","","","","","","","","","","","","","","0","","","","","2026-08-10","27","3","0","0","170","N","","",""
"2026-08-13","YH60535","X002LIZXK9","B0H2HBT4TM","WVGSXBO 2 Pack Silicone Wig Grip Band, Transparent Double-Sided Non-Slip Wig Band to Hold Wig in Place, Adjustable Wig Holder for Women Men","New","6","0","0","6","0","0","0","0","0","GBP","1","4","4","4","Low traffic","4.79","0.0","4.79","0.0","Advertise listing","","","0","0","","0.75","0.003531","cubic feet","Standard","0.021186","UK","gl_beauty","","251","0","36","117","4.79","3.99","17.05","17.05","17.05","0","6","0","0","0","","30","0","30","0","0","0","","","","","","","","","","","","","119.3","0","","2026-08-09","59.3","119.3","2026-08-10","36","0","0","0","251","Y","Halloween","2026-09-26","2026-11-06"
"2026-08-13","YH605160","X002LU5O1F","B0H3K9NS9L","","New","10","0","0","10","0","0","0","0","0","GBP","","","","","Low traffic","5.69","0.0","5.69","0.0","Advertise listing","","","0","0","","0.0","0.003531","cubic feet","","0.03531","UK","","","103","0","","","","","","","","10","0","0","0","0","","0","0","0","0","0","0","","","","","","","","","","","","","","0","","","","","2026-08-10","10","0","0","0","103","N","","",""
"2026-08-13","YH60533","X002LJA60Z","B0H2H6QFGD","WVGSXBO 4 Pack Heavy Duty Toggle Latch, Galvanised Metal Latch Lock Catch, Spring Loaded Catches for Cabinets, Toolboxes, Wooden Cases & Storage Chests","New","3","0","0","3","0","0","0","0","0","GBP","4","7","7","7","Low traffic","5.69","0.0","5.69","0.0","Advertise listing","","","0","0","","1.5","0.003531","cubic feet","Standard","0.010593","UK","gl_home_improvement","93651","87","0","18","61","5.69","18.96","34.35","34.35","34.35","0","3","0","0","0","","30","0","30","0","1","0","","","","","","","","","","","","","96.4","0","","2026-08-09","48.4","96.4","2026-08-10","33","1","0","0","89","N","","",""
"2026-08-13","YH60536","X002LII1L7","B0H2FYCVM4","WVGSXBO 100% Mulberry Silk Sleep Mask, Total Blackout Zero Pressure Eye Mask with Adjustable Strap, Travel Pouch & 2 Ear Plugs for Side Sleepers, Men Women (Black)","New","7","0","0","7","0","0","0","0","0","GBP","0","3","3","3","Low traffic","4.09","0.0","4.19","0.0","NoRestockExcessActionRequired","","","0","0","","0.53","0.003531","cubic feet","Standard","0.024717","UK","gl_drugstore","180209","59","0","9","30","4.09","0.0","11.46","11.46","11.46","0","7","0","0","0","","0","0","0","0","0","0","","","","","","","","","","","","","161.7","8","2026-08-06","2026-08-09","81.7","161.7","2026-08-10","7","0","0","0","59","N","","",""
"2026-08-13","YH605135","X002LTJAU7","B0H3F6GNDX","WVGSXBO Cat Eye Sunglasses for Women, Retro 90s Y2K Oval Sunglasses, Polarised Lenses with 100% UVA UVB Protection, Black Frame Black Lens","New","6","0","0","8","0","0","0","0","0","GBP","0","2","2","2","Low traffic","6.29","0.0","6.29","0.0","Advertise listing","","","0","0","","0.22","0.003531","cubic feet","","0.021186","UK","gl_shoes","667995","337","0","72","234","6.29","0.0","11.5","11.5","11.5","0","8","0","0","0","","30","0","30","0","0","0","","","","","","","","","","","","","170.5","0","","2026-08-09","135.5","170.5","2026-08-10","36","0","0","0","337","N","","",""
"2026-08-13","YH606164","X002MNK5ZB","B0H6SCHD5W","WVGSXBO 10 Pack Waistband Button Extenders, 2 Sizes Stainless Steel Elastic Waist Expanders, No Sew Reusable Trouser Jean Skirt Waist Adjusters Black","New","25","5","0","30","0","0","0","0","0","GBP","","","","","Low traffic","5.6","0.0","5.6","0.0","Advertise listing","","","0","0","","0.0","0.003531","cubic feet","Apparel","0.088275","UK","gl_apparel","","251","0","","","","","","","","30","0","0","0","0","","0","0","0","0","0","0","","","","","","","","","","","","","","0","","","","","2026-08-10","30","0","0","0","251","N","","",""
"2026-08-13","YH60506","X002LJ2Z6N","B0H2H7VR8T","WVGSXBO 5ml Gold Stainless Steel Teaspoon Measuring Spoons, Long Handle Coffee Measuring Spoon Protein Scoop, Ornate Style Dishwasher Safe for Tea Baking Seasoning","New","1","0","0","2","0","0","0","0","0","GBP","0","7","8","8","Low traffic","5.29","0.0","5.29","0.0","Advertise listing","","","0","0","","2.18","0.003531","cubic feet","Standard","0.003531","UK","gl_kitchen","573058","270","0","34","99","5.29","0.0","29.92","34.24","34.24","0","2","0","0","0","","60","0","60","0","0","0","","","","","","","","","","","","","43.4","0","","2026-08-09","18.3","43.4","2026-08-10","61","0","0","0","270","N","","",""
"2026-08-13","YH60650","X002MB23O9","B0H5KBGVNY","WVGSXBO Gold Plated Stainless Steel Matcha Sieve, Fine Mesh Mini Tea Strainer, Small Powder Sifter for Loose Tea, Icing Sugar, Baking & Matcha Making","New","30","0","0","30","0","0","0","0","0","GBP","","","","","Low traffic","8.49","0.0","8.49","0.0","Advertise listing","","","0","0","","0.0","0.003531","cubic feet","Standard","0.10593","UK","gl_kitchen","","158","0","","","","","","","","30","0","0","0","0","","0","0","0","0","0","0","","","","","","","","","","","","","","0","","","","","2026-08-10","30","0","0","0","158","N","","",""
"2026-08-13","YH60539","X002LJ1UTV","B0H2H92RSK","WVGSXBO 10 Pack Black Cable Straps, 25x200mm (1"" x 8"") Adjustable Reusable Nylon Hook and Loop Cable Straps with Buckles, Heavy Duty Fastening Straps for Cable Management","New","9","0","0","9","0","0","0","0","0","GBP","0","1","1","1","Low traffic","5.49","0.0","5.49","0.0","Advertise listing","","","0","0","","0.16","0.003531","cubic feet","Standard","0.031779","UK","gl_home_improvement","371617","158","0","276","897","5.49","0.0","4.57","4.57","4.57","0","9","0","0","0","","60","60","0","0","0","0","","","","","","","","","","","","","533.0","0","","2026-08-09","293.0","533.0","2026-08-10","69","0","0","0","366","N","","",""
"2026-08-13","YH605132","X002LTCQIZ","B0H3F1486G","","New","10","0","0","10","0","0","0","0","0","GBP","","","","","Low traffic","7.99","0.0","7.99","0.0","Advertise listing","","","0","0","","0.0","0.003531","cubic feet","","0.03531","UK","","","127","0","","","7.99","","","","","0","10","0","0","0","","0","0","0","0","0","0","","","","","","","","","","","","","","0","","","","","2026-08-10","10","0","0","0","127","N","","",""
