"sku","fnsku","asin","product-name","condition","your-price","mfn-listing-exists","mfn-fulfillable-quantity","afn-listing-exists","afn-warehouse-quantity","afn-fulfillable-quantity","afn-unsellable-quantity","afn-reserved-quantity","afn-total-quantity","per-unit-volume","afn-inbound-working-quantity","afn-inbound-shipped-quantity","afn-inbound-receiving-quantity","afn-researching-quantity","afn-reserved-future-supply","afn-future-supply-buyable","afn-fulfillable-quantity-local","afn-fulfillable-quantity-remote","afn-fc-transfer-quantity","afn-onhand-buyable-quantity","store"
"RPALH004","X002A9FYF3","B0F59S1CP4","Eyeglass Case Soft Glasses Case Bag Zippered Neoprene Sunglasses Pouch With Clip Protective Eyewear Case Bag Reading Glass Soft Bag Pouch for Men and Women Kids Durable Portable","New","5.89","No",,"Yes","50","49","0","1","50","99.96","0","0","0","0","0","0","49","0","0","49",
"RPALH005","X002A9G4T3","B0F59ST7PJ","10PCS for Blades - Premium Fine Point for Maker 3 Blades, Compatible for Blade, Explore Air/Air 2-45°/60° Cutting Replacement Blades for Precision Cutting","New","3.89","No",,"Yes","2","0","0","0","2","99.96","0","0","0","2","0","0","0","0","0","0",
"RPALH007","X002A9EG7F","B0F59TR934","Bread Maker Paddle Compatible with Panasonic Bread Maker Replacement Mixing Kneading Paddles Non-Stick Teflon Coated Kneading Blade Accessories for SD-256/SD-257/SD-2501/SD-2500/SD-2511/SD-ZB2502","New","4.59","No",,"Yes","20","20","0","0","50","149.78","0","30","0","0","0","30","20","0","0","20",
"RPALH009","X002AMWQ6P","B0F6XRMCQ1","Chain with Cross 2 PCS,Cross Necklace Men for Boys & Girls Silver Golden Cross Necklace Hypoallergenic Cross Chain for Birthdays，Christmas,Easter,Thanksgiving,Silver+Gold,Small Size","New","6.39","No",,"Yes","44","41","0","3","44","99.96","0","0","0","0","0","30","41","0","0","41",
"RPALH013","X002AMRWHN","B0F6XQKQ4N","Coolant Reservoir Cap 13598760 13502353 53330779, Replacement Radiator Expansion Water Tank Cover for Vauxhall Opel Corsa D E Astra J K Insignia A B Mokka X Zafira B Zafira Tourer C Meriva B Adam","New","6.39","No",,"Yes","32","30","0","2","32","99.96","0","0","0","0","0","0","30","0","0","30",
"RPALH015","X002AMRXN1","B0F6X6X7ZK","Plumber Tools, ABS Manual Chamfer Portable PPR Calibrator Pipe Reamer Inner and Outer Reamer Calibrator Accessories with Enhanced Calibrator Pipe Reamer Cutter Tool for 16MM 20MM 25MM Plastic Pipe","New","5.89","No",,"Yes","61","61","0","0","62","99.96","0","0","1","0","0","30","61","0","0","61",
"RPALH017","X002ANYT5F","B0F72NLHCN","4Pcs Windshield Wiper Washer Non Return Check Valve 8532126020 Washer Jet Non Return Valve Fit for Toyota Highlander Lexus is F/ IS350 Wiper Washer Jets","New","4.99","No",,"Yes","31","31","0","0","61","99.96","0","30","0","0","0","0","31","0","0","31",
"RPALH018","X002AN87NP","B0F6Y351X1","Gaming Invites Gamers Party 10 Pcs Kids Console Theme Birthday Celebration Supplies(4X6 in)","New","4.09","No",,"Yes","51","49","0","2","51","99.96","0","0","0","0","0","30","49","0","0","49",
"RPALH021","X002AMRVRJ","B0F6XQRNT2","6PCS Silicone Seam Tools, Reusable Caulk Finishing Tool Kit, Silicone Caulking Tool Caulk Applicator Finishing Tool Silicone Remover Tool for Kitchen Bathroom Joint Floor","New","5.09","No",,"Yes","54","52","0","2","54","99.96","0","0","0","0","0","30","52","0","0","52",
"RPALH022","X002AN3XX9","B0F6WCPSYB","2 Pcs Ceramic Tile Mildewproof Gap Tape, 6M Waterproof Seam Decorative Sticker Caulk Tape for Sealing and Decorating Corners, Wall Corners, Ceilings, Sinks and Floors","New","3.99","No",,"Yes","0","0","0","0","0","99.96","0","0","0","0","0","0","0","0","0","0",
"RPALH024","X002AN7RAJ","B0F6XZZFHL","2 Pcs Self-Adhesive Fake Mustache and Eyebrows Set Yellow Moustache Fake Beard and Eyebrows for Christmas, Cosplay Parties Fancy Dress Costume Accessories","New","3.19","No",,"Yes","0","0","0","0","0","99.96","0","0","0","0","0","30","0","0","0","0",
"RPALH030","X002ANFBT3","B0F6YGCQRT","2 Pcs Blue Light Blocking Glasses, Anti Glare Gamer Glasses for Women Men Blue Light Filter Computer Glasses Yellow Lens Eyewear Vintage Eyeglasses Anti Eyestrain for Computer Screen TVs Mobile Phones","New","5.79","No",,"Yes","38","37","0","0","68","791.17","0","30","0","1","0","30","37","0","0","37",
"RPALH034","X002AN925H","B0F6Y7NS99","20 Pcs Expanding Foam Nozzle Replacement, Gun Filler Spare Suitable Caulking Sealing Small Gaps Balcony Doors","New","4.69","No",,"Yes","32","32","0","0","32","690.06","0","0","0","0","0","50","32","0","0","32",
"RPALH036","X002AN5QED","B0F6Y8JKK5","MNFPSJB Silver Rhinestone Birthday Crown and Sash Kit, Alloy Birthday Tiara for Adult Women Party Celebrations","New","4.19","No",,"Yes","0","0","0","0","0","99.96","0","0","0","0","0","30","0","0","0","0",
"RPALH038","X002AMRTWV","B0F6XMFFFS","Stainless Steel Coffee Scoop: 30ml Metal Measuring Spoon with Short Handle for Ground Coffee, Beans, Powder, Espresso (30ml)","New","4.29","No",,"Yes","9","9","0","0","29","190.58","0","20","0","0","0","0","9","0","0","9",
"RPALH040","X002ANOSUB","B0F74KB8ZX","72 Pcs Tap Washer Assortment - Mixer Tap Repair Kit for Leaking Faucets in Bathrooms, Kitchens & Offices","New","5.09","No",,"Yes","48","48","0","0","48","99.96","0","0","0","0","0","0","48","0","0","48",
"RPALH044","X002ANN4C9","B0F6YZ2ZMV","Dandruff Comb, Hollow Tooth, Detoxing, Scalp Psoriasis, Lice, Multifunctional, Brown, ABS, 21 * 6cm, Unisex Adult and Children, All Ages, Unisex","New","2.19","No",,"Yes","0","0","0","0","0","99.96","0","0","0","0","0","0","0","0","0","0",
"RPALH047","X002AMRTGR","B0F6XS674J","1PCS Microwave Egg Poacher 2 Plastic Egg Poacher Microwave White Poached Egg Maker Microwave Eggs Capacity Poached Egg Steamer Cups Egg Maker and Microwave Egg Boiler Poacher for Home Breakfast","New","5.99","No",,"Yes","31","27","0","4","31","99.96","0","0","0","0","0","30","27","0","0","27",
"RPALH049","X002AN2VQJ","B0F6XXFZ3V","2 Pcs Just Married Banner, Wedding Bunting Banner, Hanging Sign Garland, Just Married Garland Wedding Garland Decoration for Bridal Shower Photo Props, Bridal & Engagement Party, Car Decoration","New","3.79","No",,"Yes","0","0","0","0","0","528.16","0","0","0","0","0","20","0","0","0","0",
"RPALH051","X002AMWQB5","B0F6XJ19TF","MNFPSJB 20 Pack 17mm Car Wheel Nut Covers with Removal Clip, Black Universal Tyre Lug Bolt Caps for Wheel Hub Decoration, Dust & Rust Protection","New","4.39","No",,"Yes","38","36","0","2","38","99.96","0","0","0","0","0","0","36","0","0","36",
"RPALH055","X002AN7BPP","B0F6Y38FMB","2Pcs Bicycle Flywheel Cassette Spacer 1.8mm Flywheel Gasket Compatible with SHIMANO 8 9 10 11 Speed ??Mountain Bike 40.5x34.7mm Black","New","5.09","No",,"Yes","45","39","0","6","45","99.96","0","0","0","0","0","0","39","0","0","39",
"RPALH058","X002AMRVP1","B0F6W9BW5D","Garbage can lid replacement lock, suitable for broken garbage cans - grab spare touch garbage cans 20L, 30L, 40L, 45L, 50/60L (2 pairs of packaging)","New","3.39","No",,"Yes","35","30","0","2","35","99.96","0","0","0","0","0","30","30","0","3","33",
"RPALH062","X002AMZBNP","B0F6XHRVKM","2 Pieces MS170 MS180 017 018 Fuel Cap and Oil Cap, Petrol Cap Replacement for Chainsaw","New","5.69","No",,"Yes","34","33","0","1","34","99.96","0","0","0","0","0","30","33","0","0","33",
"RPALH063","X002AMOX43","B0F6X6YTPC","4Pcs Sink Tap Back Nut 1/2"" BSP Plastic Back Nuts Accessories for Bathroom Basin Taps Mixers Round Faced Flanged Back Nuts Home tools Black","New","4.59","No",,"Yes","40","40","0","0","70","99.96","0","30","0","0","0","0","40","0","0","40",
"RPALH064","X002AMRTVH","B0F6WJV49S","Furniture Risers 4 PCS Table Lifts Risers Furniture Risers for Sofas Chair Raisers Durable Furniture Raisers Blocks Square Bed Raisers Heavy Duty Leg Risers for Chair Sofa Desk Couch Table Legs","New","5.49","No",,"Yes","23","14","0","3","23","99.96","0","0","0","0","0","30","14","0","6","20",
"RPALH066","X002AO1C3L","B0F72N9Z5H","Windshield Washer Nozzles Replacement for Honda Civic 1987-2005 Fit/Jazz 2001-2008 CR-V 2006-2011 Accord 2003-2008 Acura TSX RL RSX Integra Spray Jet Kit Accessories","New","4.99","No",,"Yes","27","23","0","4","57","99.96","0","30","0","0","0","0","23","0","0","23",
"RPALH068","X002AMWP75","B0F6XPKTC7","2 Pack Desoldering Pump, Blue Solder Sucker Tool, Desoldering Vacuum Pump for Soldering Accessories","New","4.59","No",,"Yes","9","9","0","0","9","99.96","0","0","0","0","0","30","9","0","0","9",
"RPALH069","X002AMRP3J","B0F6XRPCXJ","Stainless Steel Balloon Filling Plier,Durable Portable Balloon Mouth Opening Tool,Balloon Stretcher Pliers for Home Party Supplies Balloon Filling Petals Confetti Sequins Gold Powder(Blue)","New","8.29","No",,"Yes","67","67","0","0","67","3433.42","0","0","0","0","0","0","67","0","0","67",
"RPALH071","X002AMZCBV","B0F6WSYN2T","2 Pcs Mini Zipper Toiletry Bag, Mini Mesh Makeup Bag, Nylon Waterproof Small Purse, Small Make Up Bag Travel Pouch with Zipper Portable Makeup Pouch Travel Toiletry Bag","New","3.89","No",,"Yes","0","0","0","0","0","99.96","0","0","0","0","0","0","0","0","0","0",
"RPALH072","X002AMRTH1","B0F6XQKPTG","3Pcs Halloween Monster Angry Eyes Car Decals,15 x 7 cm Black Vinyl Bumper Stickers and Decals, Halloween Funny Monster Stickers for Cars, Trucks, Dents & Sports Cars","New","5.59","No",,"Yes","41","40","0","0","41","99.96","0","0","0","1","0","0","40","0","0","40",
"RPALH073","X002AMOWNZ","B0F6X7B9KH","MNFPSJB 100 Pcs Penny Sleeves, 91 x 66mm Ultra-Clear Trading Card Sleeves, Transparent Plastic Card Protectors for Adult Collectors, Game Cards & Collectible Trading Cards","New","4.99","No",,"Yes","27","17","0","10","27","99.96","0","0","0","0","0","60","17","0","0","17",
"RPALH075","X002AMWP43","B0F6X5BXZH","Ear Cleaner Silicone Ear Wax Removal Tool Reusablesoft Ear Cleaner Set with 16 Replacement Heads for Adult Kids","New","3.89","No",,"Yes","0","0","0","0","0","99.96","0","0","0","0","0","0","0","0","0","0",
"RPALH076","X002AO0AJ3","B0F7257LKQ","8 Pcs Plastic Fake Fish - Colourful Assorted Artificial Plastic Tropical Fish for Bubble Lamp Aquarium Fish Tank Aquarium Decoration (Random style)","New","5.79","No",,"Yes","6","5","0","1","46","224.99","0","40","0","0","0","0","5","0","0","5",
"RPALH077","X002ANBDUT","B0F6YL8KWL","A black USB to serial cable, converter COM port(0.8m)","New","5.19","No",,"Yes","12","12","0","0","12","99.96","0","0","0","0","0","0","12","0","0","12",
"RPALH079","X002AN87GH","B0F6Y76ZZR","MNFPSJB Car Battery Positive Terminal Cover, 5Q0971813A OE Replacement Battery Box Cap, Universal Fit ABS Battery Terminal Protector for Most Vehicles","New","4.29","No",,"Yes","20","18","0","2","40","99.96","0","20","0","0","0","30","18","0","0","18",
"RPALH082","X002ANOSVF","B0F742FQ8C","Dog Bath Brush, Shampoo Massage Silicone Comb, Pet Grooming Detangling Removing Loose Undercoat Shed Fur (Blue)","New","7.49","No",,"Yes","59","45","0","2","245","99.96","0","186","0","0","0","0","45","0","12","57",
"RPALH083","X002AMWPR5","B0F6XGN2HC","Anne Boleyn Ugly Betty Letter Pearl Necklace，A Niche Design With A Light And Luxurious French Fashion Necklace，Elegant And Minimalist Vintage Silver Necklace","New","4.99","No",,"Yes","52","50","0","1","52","99.96","0","0","0","1","0","0","50","0","0","50",
"RPALH085","X002AO6E7F","B0F74GJP1B","Mini Usb Charger Cable Lead Dash Cam Cable Compatible with Select Fuji Finepix Nikon Digital Cameras for Image Transfer & Select Models Battery Charging","New","4.69","No",,"Yes","11","9","0","2","61","99.96","0","50","0","0","0","0","9","0","0","9",
"RPALH086","X002AMRVWJ","B0F6WVGMTN","18PCS Acrylic Septum Stretching Kit Black Septum Pincher Tapers C Shape Septum Piercing Kit Stretching Expander Rings for Nose Ear Gauges Size 14G 12G 10G 8G 6G 4G 2G 0G 00G","New","5.39","No",,"Yes","36","36","0","0","66","99.96","0","30","0","0","0","50","36","0","0","36",
"RPALH088","X002AO4TD1","B0F749BP5G","Pink Ballet Skirt, Girls' Dance Skirt, Fluffy Ballet Skirt","New","3.29","No",,"Yes","0","0","0","0","0","3678.73","0","0","0","0","0","30","0","0","0","0",
"RPALH089","X002AO6CY5","B0F745PVJK","Good Luck Banner, Gold Glitter Farewell We Will Miss You Goodbye Banner for Leaving, We Will Miss You Decorations for Graduation Retirement Graduation Going Away Party","New","4.59","No",,"Yes","13","13","0","0","43","99.96","0","30","0","0","0","30","13","0","0","13",
"RPALH090","X002AMWPF7","B0F6WSWKH4","Colorful We Are So Proud Of You Bunting Banner Glittery Graduation Congratulations Decoration Hanging Garland for Graduation Retirement Grad Party Decor Supplies (Pre-strung) Colorful","New","4.29","No",,"Yes","38","36","0","0","38","348.88","0","0","0","0","0","0","36","0","2","38",
"RPALH091","X002AMRU3J","B0F6X5H9RS","2 Pieces Gourd Shape Awl Tool Alloy,Handwork Sewing Awl,Leather Sewing Bradawl Tool,Professional Awl Tool Punch Sharp,Awl Tool for Leather Craft,Sewing Crafting,DIY Handmade Maker Tool","New","3.29","No",,"Yes","0","0","0","0","0","99.96","0","0","0","0","0","0","0","0","0","0",
"RPALH096","X002AO096R","B0F72BRV5B","Daisy Keyrings for Women Cute, Daisy Keychain Keyring Novelty Floral Charm Bag Key Chain for Purse Keys Metal Keyring Car Key Chain for Women Girls Men Best Friend Birthday Keychain Gifts","New","3.49","No",,"Yes","43","43","0","0","43","99.96","0","0","0","0","0","0","43","0","0","43",
"RPALH098","X002AMRVNN","B0F6XRMY33","2Pcs Microwave Oven Turntable Coupler Roller Support Tray Shaft Replacement","New","4.29","No",,"Yes","19","19","0","0","39","99.96","0","20","0","0","0","0","19","0","0","19",
"RPALH099","X002AMOWUX","B0F6XWWTNX","2 Pieces Pet Pill Dispenser for Small Cats Dogs, Pill Gun Dispenser Shooter Soft Tip Tablet Syringe Pusher Animal Medicine Feeder Reusable Cat Pill Dispenser for Feeding Accessories (Green)","New","4.89","No",,"Yes","67","65","0","2","97","99.96","0","30","0","0","0","30","65","0","0","65",
"RPALH100","X002AMWOWL","B0F6W9BMK1","Piercing Ball Grabber, 2 Pcs 4-Claw Diamond Holder Pick Up Tool, Prong Tweezer, Pick Up Tool for Small Parts, Jewelry, Gem","New","3.59","No",,"Yes","10","8","0","2","10","99.96","0","0","0","0","0","0","8","0","0","8",
"RPALH101","X002AN1MQJ","B0F6YG2BLM","2Pcs Guitar Pick Box Metal Guitar Pick Holder Case Guitar Accessories Hollow Out Design with Internal Elastic Device Easy Remove Paddle Hold up to 3-6 Plectrums Same Time Black","New","3.29","No",,"Yes","17","17","0","0","17","25.24","0","0","0","0","0","30","17","0","0","17",
"RPALH104","X002AMWPLL","B0F6W9BWP4","MNFPSJB Self Adhesive Giant Googly Wiggle Eyes, 2 Pack 76mm (3 Inch) Large Plastic Wiggle Eyes for DIY Crafts, Home Decor, Party Ornaments & Handmade Projects","New","3.49","No",,"Yes","10","10","0","0","10","300.05","0","0","0","0","0","0","10","0","0","10",
"RPALH105","X002ANYH4X","B0F727C9Z8","10 Pcs Silicone Earring Backs for Wire Earrings Locking Earring Backs for Studs/Droopy Heavy Earring Hypoallergenic and Comfort Rubber Earring Backs for Studs Safety Back Stoppers for Women Men","New","3.59","No",,"Yes","31","31","0","0","31","99.96","0","0","0","0","0","110","31","0","0","31",
"RPALH106","X002AO1KPL","B0F741FX8G","6PCS Waterproof USB-C Panel Mount Kit - Type C Female 2-Pin Soldering Connector with Pigtail Cable (3A Charging, Black)","New","4.39","No",,"Yes","29","29","0","0","29","99.96","0","0","0","0","0","30","29","0","0","29",
"RPALH109","X002AN8ASR","B0F6YCMNGM","MNFPSJB 10Pcs 2 Pin 8mm COB LED Strip Light Connectors Wide Unwired Solderless Connection Wire Quick Adapter Waterproof","New","4.69","No",,"Yes","19","19","0","0","19","99.96","0","0","0","0","0","0","19","0","0","19",
"RPALH111","X002ANH2J5","B0F6YG5H1D","Cuticle Trimmer, 6 Pcs Cuticle Remover, Cuticle Pusher, Nail Cuticle Remover, Nail Art Tools, Nail Cleaner Tool","New","3.69","No",,"Yes","14","10","0","4","34","99.96","0","20","0","0","0","30","10","0","0","10",
"RPALH114","X002AMRW2D","B0F6XMJGJD","MNFPSJB 3 Pack USB C Female to Micro USB Male Adapter, Type C to Micro USB Converter for Charging & Data Transfer, for Micro USB Phones Tablets Laptops","New","5.19","No",,"Yes","71","71","0","0","71","19.99","0","0","0","0","0","30","71","0","0","71",
"RPALH115","X002AO51U1","B0F7465QMC","We Are So Proud Of You Banner Black Glittery Graduation Congratulations Decoration Hanging Garland for Graduation Retirement Grad Party Decor Supplies (Pre-strung) Black","New","4.19","No",,"Yes","1","0","0","0","1","99.96","0","0","0","1","0","0","0","0","0","0",
"RPALH117","X002ANYI0L","B0F72FWC88","2 Pcs USB Light for Laptop, Warm White Reading Led Keyboard Light (Black)","New","4.79","No",,"Yes","12","12","0","0","32","99.96","0","20","0","0","0","0","12","0","0","12",
"RPALH126","X002ANOG67","B0F72VFYXR","2pc Black Momentary Push Button Switches – 12v 5A for Screen Wash/Horn for Kit & Classic Cars","New","4.29","No",,"Yes","19","19","0","0","49","99.96","0","30","0","0","0","30","19","0","0","19",
"RPALH127","X002AMWP8J","B0F6XJJXMW","Cigarette Lighter Socket, 12-24V Female Socket Power Plug Outlet Part, Car Cigarette Lighter Socket Power Outlet Adapter for Boat Motorbike Car","New","4.59","No",,"Yes","27","27","0","0","27","99.96","0","0","0","0","0","30","27","0","0","27",
"RPALH129","X002ANYTGJ","B0F72C8VT3","Taylor Quotes Music Lover Keychain Gifts - Cute Keychains Perfect for Fans, Teen Girls, Daughters, and Women","New","4.09","No",,"Yes","58","54","0","2","58","99.96","0","0","0","0","0","30","54","0","2","56",
"RPALH131","X002ANOSN3","B0F74BT2NP","Letter G U T S Ring, Creative Adjustable Copper Set, Album World Tour Inspiration Male and Female Fans Gift (Silver Four Piece Set)","New","3.19","No",,"Yes","0","0","0","0","0","99.96","0","0","0","0","0","30","0","0","0","0",
"RPALH132","X002AMWP6B","B0F6WKQ47N","MNFPSJB Halloween Spooky Headband for Adults, Realistic Simulated Prop Through Head, Lightweight Plastic Costume Accessory for Parties Haunted Houses Cosplay Horror Events","New","5.39","No",,"Yes","0","0","0","0","0","1403.88","0","0","0","0","0","0","0","0","0","0",
"RPALH133","X002AMWQ8D","B0F6XQRZPT","Rolling Washing Machine Cleaning Brush, 2pcs Grout Cleaning Brush Washing Machine Drum Cleaner, Long Flexible Cleaner Washer Drum Brush Washing Machine Cleaning Tool (size:2pcs)","New","4.59","No",,"Yes","1","0","0","1","1","2218.48","0","0","0","0","0","0","0","0","0","0",
"RPALH134","X002AO4YKT","B0F74LGYBZ","2 Pcs Car Windshield Washer Wiper Water Nozzle, Windscreen Jet Front Universal","New","3.99","No",,"Yes","0","0","0","0","0","99.96","0","0","0","0","0","30","0","0","0","0",
"RPALH138","X002ANTGB7","B0F6YY5GSD","2Pcs White and Yellow Daisy Flower Headband Crown Boho Flower Headband Floral Hair Wreath Boho Headpiece for Bridal Women Girls Hippie Wedding Party Beach Festival","New","4.39","No",,"Yes","36","31","1","1","116","483.75","0","80","0","0","0","30","31","0","3","34",
"RPALH139","X002AN5LST","B0F6Y3F36Q","Quilting Pins Sewing Scarf Hijab Pearlized Straight Colorful Head Fabric Loose Dressmaking DIY Craft Flower Decoration(3Pack)","New","3.79","No",,"Yes","9","9","0","0","9","99.96","0","0","0","0","0","0","9","0","0","9",
"RPALH142","X002AMRUEX","B0F6X5FXYB","2Pcs Car Styling Insignia Emblem Wings Stickers Decoration Accessories For BMW Mini Cooper Door Lock Knobs (Colored rice flag style)","New","6.49","No",,"Yes","53","52","0","1","123","99.96","0","70","0","0","0","30","52","0","0","52",
"RPALH146","X002AMOXCZ","B0F6XS3X6D","Eyeglass Chain 2 PCS Fashion Sunglasses Chain, Glasses Round Neck for Women Men, Anti-lost String for Glasses Retainer Sunglasses Strap Holder Lanyard Mask Chain Necklace","New","4.19","No",,"Yes","9","8","0","1","9","99.96","0","0","0","0","0","30","8","0","0","8",
"RPALH148","X002AN8YAL","B0F6Y8V83K","2 Pcs Plastic Mini Whisk Durable Manual Multifunction Balloon Set Kitchen or Hair Dye","New","4.99","No",,"Yes","46","41","0","4","46","99.96","0","0","0","1","0","30","41","0","0","41",
"RPALH156","X002AN5NK5","B0F6Y4D7XC","Adjustable Silver Bangle Bracelet All Size Fidget Anxiety Relief Charm Gift for Women Ladies Birthday Valentine Graduation","New","3.19","No",,"Yes","0","0","0","0","0","99.96","0","0","0","0","0","0","0","0","0","0",
"RPALH157","X002ANN0G9","B0F6YZB53M","Black Rabbit Ears Hare Headband Fancy Dress Costume Accessory Easter Bunny","New","5.99","No",,"Yes","19","15","0","4","19","1770.29","0","0","0","0","0","30","15","0","0","15",
"RPALH158","X002AO4TK9","B0F7426TLB","8 Dyslexia, Coloured Reading Overlays and Protective Case - Enhance Reading Comfort and Speed with Tinted Guided Strips - Ideal for Dyslexia, ADHD, Irlen Syndrome, and Visual Stress","New","4.69","No",,"Yes","50","49","0","1","50","99.96","0","0","0","0","0","0","49","0","0","49",
"RPALH160","X002AO1Q0P","B0F74VPTSG","5-Pair Women's Sheer Lace Socks - Breathable Mesh Ankle Socks with Anti-Slip Sole for Summer (See-Through Design)","New","5.39","No",,"Yes","41","39","0","1","41","99.96","0","0","0","1","0","30","39","0","0","39",
"RPALH163","X002AO4YOZ","B0F745774M","MNFPSJB 2 Pack Retro Shark Rings, Adjustable Open Alloy Rings, Great White & Hammerhead Shark Design, Unisex Punk Vintage Jewelry for Men Women, Ideal Gifts for Birthdays & Valentine's Day","New","5.09","No",,"Yes","15","15","0","0","45","99.96","0","30","0","0","0","0","15","0","0","15",
"RPALH164","X002AMZC7P","B0F6XQKXTQ","6Pack Blind Pull Cord Ends Window Wood Safety Knobs Repair Replacement Parts Wooden Hanging Ball Small Pendants Drops Connectors Accessories for Bathroom Blinds Light and Shades Decoration,White","New","5.19","No",,"Yes","17","16","0","0","17","175.51","0","0","0","1","0","0","16","0","0","16",
"RPALH165","X002AO51SD","B0F741Y3VH","Disco Glitter Party Decoration Set - Dancing Queen Theme for Bachelorette, Birthday & Bridal Showers (Mamma Mia Inspired)","New","6.29","No",,"Yes","47","47","0","0","47","387.06","0","0","0","0","0","0","47","0","0","47",
"RPALH166","X002AMZBRL","B0F6XGP2JP","Travel Cutlery - Premium Spork Reusable- Portable Camping Cutlery Set,Bottle Can Opener Outdoor Spoon Fork Eating Multi-Tool Utensil (Black)","New","4.09","No",,"Yes","15","15","0","0","15","99.96","0","0","0","0","0","0","15","0","0","15",
"RPALH168","X002AMUQPN","B0F6WKDW32","Cross Necklace Gold Plastic Crucifix Cross Pendant Nun Costume Accessory Halloween Fancy Dress Accessories","New","5.19","No",,"Yes","20","20","0","0","20","363.14","0","0","0","0","0","0","20","0","0","20",
"RPALH169","X002AMRVU1","B0F6X74MGM","3m Long Flexible Feeding Tube Cleaning Brush Slim Drain Hole Cleaning Tool Drain Unblocker Wire Refrigerator Hose Pipe Sink Snake Drain for Car Sunroof Aquarium Air Conditioner Tube Upgraded","New","5.89","No",,"Yes","107","106","0","0","107","554.7","0","0","0","1","0","60","106","0","0","106",
"RPALH170","X002AN2OIJ","B0F6XL8W5B","Stretchy Spiral Keyring, 2 Pcs, Spiral Keyring with Color Carabiner, Retractable Keychain, Spiral Coil Spring Key Chain, Retractable Spring Key Holder, for Backpack, Keys, Phone, Wallet, Fishing Tool","New","3.79","No",,"Yes","31","31","0","0","31","371.33","0","0","0","0","0","0","31","0","0","31",
"RPALH172","X002ANH4HP","B0F6YKS3HR","10pcs. RJ12 (RJ11) 6p6c Crimps Plug Ends ADSL VDSL Telephone Cable Connectors Plugs 6Pin, 6 Position 6 Conductor","New","4.29","No",,"Yes","29","27","0","2","49","99.96","0","20","0","0","0","0","27","0","0","27",
"RPALH176","X002AN1OAN","B0F6YGT3LG","Watch Spring Bar Pin Tool | Double Ended Design | Fork and Straight End | Change Straps Bracelets and Buckles | Watch Band Removal Replacement Adjustment Fitting Repair and Sizing Kit","New","3.19","No",,"Yes","29","29","0","0","29","10.98","0","0","0","0","0","30","29","0","0","29",
"RPALH178","X002AMRVVF","B0F6XGKQT9","4 Pcs Car Boot Parcel Shelf Clips Pins Parcel Shelf String Clip Holders Parcel Shelf Holding Strap Suitable for Cars","New","5.39","No",,"Yes","49","48","0","0","49","99.96","0","0","0","0","0","0","48","0","1","49",
"RPALH180","X002AMWPM5","B0F6W95Z4Z","Section Adhesive Island Dressings Pads,Wound Cover Barrier Absorbent Patche, Transparent Film Bandage-10Pcs-6 * 7CM","New","4.09","No",,"Yes","32","32","0","0","62","99.96","0","30","0","0","0","0","32","0","0","32",
"RPALH181","X002ANZCS3","B0F74KTF7N","""We Will Miss You"" Gold Farewell Banner - Good Luck & Leaving Party Decorations for Going Away Celebrations","New","4.19","No",,"Yes","0","0","0","0","0","394.44","0","0","0","0","0","0","0","0","0","0",
"RPALH182","X002AN7ZI3","B0F6Y154BR","Wooden Scalp Massage Comb Natural Wide Tooth Hair Tool Meridian Gua Sha Head Relaxation","New","2.79","No",,"Yes","0","0","0","0","0","99.96","0","0","0","0","0","30","0","0","0","0",
"RPALH183","X002AMYUUZ","B0F6X38F5Y","3 Pcs Mesh Laundry Bags for Delicates, Durable Honeycomb Lingerie Bags with Elastic Zipper Protector for Washing Machine Dryer Delicates Bag to Wash Hosiery Stocking Underwear Bra Lingerie","New","4.49","No",,"Yes","38","38","0","0","38","1944","0","0","0","0","0","30","38","0","0","38",
"RPALH185","X002ANOT7N","B0F741ST2L","2PCS Gold Drawer Knobs, Round Cabinet Knobs for Drawers with Screws, Wardrobe Dresser Handles for Furniture Decoration - 25x20MM","New","3.39","No",,"Yes","0","0","0","0","0","150.43","0","0","0","0","0","0","0","0","0","0",
"RPALH186","X002AMYURX","B0F6X35946","MNFPSJB 1 Piece Foldable Silver Handbag Hook, Zinc Alloy Non-Slip Table Purse Hook Hanger, Portable Edge Mount Bag Holder for Restaurant Cafe Daily Use","New","3.59","No",,"Yes","1","0","0","0","1","45.72","0","0","0","1","0","30","0","0","0","0",
"RPALH189","X002AMRVND","B0F6XWWR55","6PCS 20g Stainless Steel Nose Stud clear jewel cubic zirconia nose studs Tragus Earring Bars Set Unisex Women Men 1.8mm Clear Diamond","New","4.19","No",,"Yes","2","0","0","0","2","99.96","0","0","0","2","0","0","0","0","0","0",
"RPALH191","X002AO69RP","B0F74CK7ZC","Precision Slanted Eyebrow Tweezers for Men & Women - Stainless Steel, Ideal for Facial Hair & Ingrown Hair Removal","New","5.19","No",,"Yes","49","47","0","2","49","99.96","0","0","0","0","0","60","47","0","0","47",
"RPALH192","X002ANXTWT","B0F72MT1H9","Rear Wiper Washer Jet Nozzle Windshield Water Spray Jet for Audi A1 A3 S3 A4 A6 Q3 Q5 Q7 8E9955985 8E9955985A","New","4.29","No",,"Yes","43","43","0","0","84","99.96","0","40","1","0","0","30","43","0","0","43",
"RPALH194","X002ANYVWL","B0F72R5VZG","Wood Leather Edge Burnisher, 149 x 22mm/5.87"" x 0.87"" (L x D), Sandalwood Beech 4 Grooves Wood Leather Edge Slicker Edging Device - (Applications: for Leather Projects)","New","5.89","No",,"Yes","57","56","0","1","57","99.96","0","0","0","0","0","0","56","0","0","56",
"RPALH196","X002AMULLH","B0F6WJPY6D","8-Shaped Tail USB Charging Cable for Razor Power Cord Replacement","New","4.99","No",,"Yes","0","0","0","0","0","99.96","0","0","0","0","0","0","0","0","0","0",
"RPALH199","X002AMRTZN","B0F6WJHV3Y","1080P HDMI to AV RGB RCA Converter, High-Definition AV Video Adapter Gold Plated Red White Interface, Compatible with TV Laptop Xbox VCR Camera DVD USB Charging","New","3.49","No",,"Yes","0","0","0","0","0","112.42","0","0","0","0","0","0","0","0","0","0",
"RPALH202","X002AMULRV","B0F6XJ4GXZ","50 Pack Extra Long Reed Diffuser Sticks, 30cm x 3mm Natural Wood Rattan Aroma Oil Diffusion Replacements Refill Stick Premium for Spa Aroma Fragrance Aromatherapy Bedroom Home Office White","New","5.69","No",,"Yes","0","0","0","0","0","420.98","0","0","0","0","0","29","0","0","0","0",
"RPALH203","X002AMRPJD","B0F6XQRZTK","MNFPSJB Women's Black Satin Ribbon Belt, 200cm Long Elegant Sash, Versatile Slim Waist Belt for Wedding Prom Bridesmaid Evening Dress Formal Wear","New","3.49","No",,"Yes","0","0","0","0","0","99.96","0","0","0","0","0","0","0","0","0","0",
"RPALH204","X002ANOYTB","B0F73X1CHP","6 Pieces Ceramic White Spoon, Jam Mini Dessert Teaspoon, Tableware Set Restaurants Dessert Shops Cafes (13 * 2.5cm)","New","5.99","No",,"Yes","89","88","0","0","90","801.16","0","1","0","0","0","0","88","0","1","89",
"RPALH205","X002AMUMAH","B0F6X1Z8FB","Silver Steel 2-Pair Quick-Link Connector, Reusable 12-Speed Chain Missing Link for Bicycle","New","3.99","No",,"Yes","0","0","0","0","0","99.96","0","0","0","0","0","60","0","0","0","0",
"RPALH206","X002ANYU81","B0F72KHMHL","2 Pcs Hand Clappers 28 cm Large Hand Clappers Noisemakers Cheer Noise Makers Finger Noise Makers for Sporting Events Basketball Football Game Party Favors (Random color)","New","5.19","No",,"Yes","49","47","0","0","54","1963.5","0","5","0","0","0","30","47","0","2","49",
"RPALH207","X002AO9YU9","B0F74LYNYV","2Pcs TV PAL Male to Female Adapter TV Aerial Coaxial Adaptor Right Angle RF Coax Connector 90 Degree Cable Connector Aerial Splitter for Wall Mounted TVs Satellite And Antenna Cables Copper","New","3.99","No",,"Yes","33","33","0","0","33","99.96","0","0","0","0","0","0","33","0","0","33",
"RPALH208","X002AMRY8Z","B0F6WKL5ZC","Black Studded Choker Punk Goth Metal Spike Studded Necklace PU Leather Collar Adjustable Leather Necklace for Women Men","New","4.79","No",,"Yes","38","38","0","0","63","99.96","0","25","0","0","0","0","38","0","0","38",
"RPALH209","X002AMRXNB","B0F6XQMQL9","2-Pack USB 3.0 Right Angle Adapters, USB-A Male to Female 90-Degree Extension Connectors, High-Speed Data Transfer and Charging for Devices with USB-A Ports","New","4.79","No",,"Yes","61","58","0","3","61","99.96","0","0","0","0","0","12","58","0","0","58",
"RPALH210","X002AN3YSN","B0F6Y3S4C4","Fathers Day Gift for Dad Thoughtful Coffee Spoon 'Daddy's Coffee' Caring Birthday Gift Present for Dad","New","4.19","No",,"Yes","91","81","0","10","91","45.88","0","0","0","0","0","0","81","0","0","81",
"RPALH211","X002ANRUTR","B0F6Z1Q1CQ","4Pcs Red Lip Stickers Waterproof Tattoo Decorative Stickers Makeup Red Lip Temporary Tattoos for Women Girls","New","3.99","No",,"Yes","76","76","0","0","76","176.98","0","0","0","0","0","80","76","0","0","76",
"RPALH212","X002AMWPU7","B0F6XJ19Q8","2in1 Micro USB OTG Adapter Power Cable Splitter HDD, Compatible with For Amazon Firestick 4K TV Fire","New","4.69","No",,"Yes","26","26","0","0","46","99.96","0","20","0","0","0","30","26","0","0","26",
"RPALH213","X002AN9BQR","B0F6YKJ934","3.5mm computer audio small microphone accessory","New","3.39","No",,"Yes","0","0","0","0","0","120.94","0","0","0","0","0","30","0","0","0","0",
"RPALH214","X002AMWPRF","B0F6WKPHJ2","2 PCS Carbide Die Grinder Bits for Rotary Tool High Speed Double Cut Tungsten Steel Rotary Burr Drill Bit Cylindrical File Carving Tools for Plastic Wood Metal Grinding Engraving Polishing","New","4.59","No",,"Yes","0","0","0","0","0","99.96","0","0","0","0","0","0","0","0","0","0",
"RPALH217","X002AN7X5D","B0F6Y33BND","12Pcs Pill Pouch Bags Zippered,Pill Pouch Set,Travel Medicine Organizer,Reusable Clear Plastic Self Sealing Medicine Bag,for Pills and Small Items(Multicolor)","New","5.89","No",,"Yes","42","30","0","0","168","99.96","0","126","0","0","0","30","30","0","12","42",
"RPALH218","X002AO566Z","B0F74H9LZ6","MNFPSJB 10 Pcs Soy Sauce Bottles Container Sushi Tools Fish-shaped Bento Seasoning for Sashimi Salads (4ml)","New","4.69","No",,"Yes","44","35","0","0","44","99.96","0","0","0","0","0","0","35","0","9","44",
"RPALH219","X002AMRXUT","B0F6W7JRR3","5 Pairs Big Large Gold Hoop Earrings for Women Girls, Gold Plated Hoop Earrings (30MM 40MM 50MM 60MM 70MM)","New","3.99","No",,"Yes","0","0","0","0","0","99.96","0","0","0","0","0","0","0","0","0","0",
"RPALH224","X002AMWQAV","B0F6X37FXH","2Pcs Dosing Ball for Liquid Detergent Foldble Silicone Laundry Dosing Ball Laundry Liquid Dosing Measuring Cups Suitable for Liquid/Powder Detergent Fabric Conditioner Liquid Soap Dispenser","New","4.49","No",,"Yes","34","34","0","0","34","99.96","0","0","0","0","0","30","34","0","0","34",
"RPALH225","X002AMRVQP","B0F6WJN96R","MNFPSJB Gold Layered Cuban Link Necklace for Adult Women, Punk Chunky Chain Choker with Carved Coin Round Pendant, Multilayer Hip Hop Jewelry for Party Halloween Wedding","New","3.79","No",,"Yes","0","0","0","0","0","146.66","0","0","0","0","0","0","0","0","0","0",
"RPALH226","X002AMOXEX","B0F6W9BV8Y","MNFPSJB 12 Pack Dog Finger Toothbrushes, Soft Food-Grade Silicone Pet Dental Cleaning Brushes, Reusable Transparent for Small Large Dogs Cats Home Travel","New","3.19","No",,"Yes","0","0","0","0","0","99.96","0","0","0","0","0","58","0","0","0","0",
"RPALH227","X002AMZCBL","B0F6X216T9","Roll of 500 x Cute Panda Stickers Labels Scrapbook Rewards Well Done Teacher Love Animal 25mm (500 Stickers","New","4.19","No",,"Yes","16","16","0","0","56","99.96","0","40","0","0","0","0","16","0","0","16",
"RPALH229","X002AMOXB1","B0F6XJ55TT","Masking Fluid Pen, Ruling Pen Adjustable Cross Hinge Fine Traight Line Art Ruler Art Drawing Fixed Hinged Line Guide Liquid for Masking Fluid Fine Drawing Tool","New","4.49","No",,"Yes","35","34","0","0","35","99.96","0","0","0","1","0","0","34","0","0","34",
"RPALH234","X002AMRW9B","B0F6WKRW8F","6mm Fuel Tap Switch, Aluminum Fuel Shut off Valve, Motorcycle Fuel Tank Tap for 90 110 120 125 140 Pit Dirt Quad Motorcycle Replacement Accessories","New","4.59","No",,"Yes","10","10","0","0","10","99.96","0","0","0","0","0","0","10","0","0","10",
"RPALH235","X002AN5PHL","B0F6Y33QNZ","4pcs Kids Toiletry Wash Bag Travel Solid Color Waterproof Dumpling Shape Make Up Organisers Convenient Women Girls","New","5.19","No",,"Yes","23","21","1","1","53","1445.83","0","30","0","0","0","30","21","0","0","21",
"RPALH238","X002AN4JTL","B0F6Y3HV5Z","2-Pack External WiFi Antenna Dual Band 2.4GHz 5GHz 5.8GHz 6dBi SMA Male Aerial Replacement Router Range Extender Gateway Wireless Mini PCI Express PCIE Network Card USB Adapter","New","4.39","No",,"Yes","15","15","0","0","15","99.96","0","0","0","0","0","30","15","0","0","15",
"RPALH239","X002AMWQ2T","B0F6X2Z9VT","MNFPSJB 2 Pairs Sleep Earplugs, 24dB SNR Soft Silicone Ear Plugs for Sleeping, 3 Sizes Custom Fit Reusable Noise Reduction Earplugs for Side Sleepers Meditation","New","3.59","No",,"Yes","16","16","0","0","16","99.96","0","0","0","0","0","30","16","0","0","16",
"RPALH240","X002AMRTEJ","B0F6XS39DW","P21w 1156 Ba15s LED Bulb 6000K White 6W Super Bright 24-SMD 3030 12V-24V LED Light Bulbs for RV Interior Lights Auto Backup Reverse Light, Tail Turn Signal Light, Stop DRL Lights, Rear Fog Lamp(2PCS)","New","7.09","No",,"Yes","81","72","0","1","81","99.96","0","0","0","0","0","30","72","0","8","80",
"RPALH241","X002AMRXI1","B0F6XBYW61","USB C to Mini USB Adapter 2 Pack, USB Type C Female to Mini USB 2.0 Type-B Male Adapter, Support Charging and Data Transfer, Black","New","6.09","No",,"Yes","61","60","1","0","62","99.96","0","0","1","0","0","30","60","0","0","60",
"RPALH242","X002AMZCF7","B0F6XRQLV9","Soft Feather Tickler Feather Duster and Faux Leather Whip, 35cm, Black","New","5.89","No",,"Yes","0","0","0","0","0","879.99","0","0","0","0","0","0","0","0","0","0",
"RPALH245","X002AN0X4L","B0F6YBG8CB","MNFPSJB Black Stainless Steel Inspirational Keyring, Engraved Motivational Keychain for Teens Son Daughter Mum Christmas Stocking Fillers","New","3.29","No",,"Yes","25","24","0","0","25","99.96","0","0","0","1","0","0","24","0","0","24",
"RPALH248","X002AMRXGX","B0F6XQV72G","3 Pack 4 Way Nail Buffer for Natural and Acrylic Nails, Block Nail Files and Buffers Smoother Buffing Block Polisher Fingernail File Buffer for Buffing Shinning","New","4.29","No",,"Yes","70","69","0","1","70","99.96","0","0","0","0","0","0","69","0","0","69",
"RPALH249","X002AO5D45","B0F745P8YZ","6 Pairs Clear Bras Straps 1cm Width Non-Slip Invisible Bra Straps Adjustable Length 40cm Bra Shoulder Straps Soft Transparent Replacement Bra Straps for Women Girls Party Gift Wedding Beach","New","3.59","No",,"Yes","0","0","0","0","0","329.05","0","0","0","0","0","0","0","0","0","0",
"RPALH250","X002AMRU57","B0F6XQPCSK","Carburetor Adjustment Tool, Adjusting A Circle Design Carburetor Screriver Carburator Small Engine Carb Tune Up Adjuent Tool, 21-Teeth Splined","New","3.99","No",,"Yes","26","24","0","2","26","99.96","0","0","0","0","0","0","24","0","0","24",
"RPALH253","X002ANOS6F","B0F73SWBYG","LUMIAO Radiator Cap Compatible with MNFPSJB Fiesta Black Coolant Cap Replacement, Tank Cap Coolant Tank Lid with B-Max, C-Max, Ecosport, Fiesta MK6, MK7, Focus C-Max, MK2","New","4.39","No",,"Yes","102","98","0","4","132","145.19","0","30","0","0","0","0","98","0","0","98",
"RPALH254","X002AMUM1L","B0F6XJJDWZ","40 Pcs Silicone Toe Protector, Toe Protectors for Women, Silicone Toe Protectors, Toe Covers for Men Gel Toe Separators for Shoes for Corns - Blisters and Ingrown Toenails","New","5.79","No",,"Yes","22","22","0","0","22","99.96","0","0","0","0","0","0","22","0","0","22",
"RPALH256","X002AMRSW7","B0F6WT1HWN","Secure Hand Strap for Kindle E-Readers and Paperwhite, High-Elasticity Versatile Grippy Holder for 6-8"" E-Readers Tablet Phones, Non-Slip, Lightweight and Compact Strapsicle for Kindle","New","3.89","No",,"Yes","22","22","0","0","22","99.96","0","0","0","0","0","30","22","0","0","22",
"RPALH258","X002AMRSSB","B0F6XFL6L8","20pcs Wheel Arch Trim Clips Universal Side Door Front Rear Wheel Arch Moulding Fasteners Car Rivet Retainer Clip Parts for R50 R52 R53 R55 R56 Grey Plastic Exterior","New","4.49","No",,"Yes","40","39","0","1","40","99.96","0","0","0","0","0","0","39","0","0","39",
"RPALH259","X002AMWPQV","B0F6XG8C41","(6-Pack) Replacement Spring for Garden Secateurs, 6cm Standard Fitting Stainless Steel Heavy Duty Volute Spring for Bypass Pruners, Gardening Tools Accessories Pruning Shears Parts Common","New","4.29","No",,"Yes","36","36","0","0","76","99.96","0","40","0","0","0","30","36","0","0","36",
"RPALH260","X002ANOGRL","B0F72TFG29","In My Auntie Era Keychain, Auntie Key Chain Gift Ideas from Niece Nephew Best Aunt Keyring Birthday Gifts for Aunt","New","3.49","No",,"Yes","36","36","0","0","38","99.96","0","0","2","0","0","30","36","0","0","36",
"RPALH260301","X002JC488Z","B0GSJ58MZN","MNFPSJB Clear Pencil Case 2 Pack, Transparent PVC Pencil Pouch, 20x8x4cm, Black & White, Water Resistant Stationery Organiser for Office Supplies, Toiletries, Clear Pencil case for Exams","New","5.19","No",,"Yes","18","18","0","0","18","99.96","0","0","0","0","0","0","18","0","0","18",
"RPALH260303","X002JM5LZJ","B0GTLWQFR7","Window Scraper, 10 Piece Plastic ScraperReplacement, for Remove Labels Stickers Decals,Plastic Razor Blade Scraper，Plastic Scraper，Plastic Razor Blades","New","4.79","No",,"Yes","27","27","0","0","27","99.96","0","0","0","0","0","0","27","0","0","27",
"RPALH260304","X002JK6GIR","B0GTLQT7VK","6 Pack Toothbrush Head Cover Compatible with Oral B iO Brush Heads, Fits for Oral B iO Series iO4 iO5 iO6 iO7 iO8 iO9, Pro 3, Smart 6, Genius, Dustproof Cover Cap for Travel and Family by","New","4.69","No",,"Yes","23","20","0","3","23","99.96","0","0","0","0","0","0","20","0","0","20",
"RPALH260305","X002JK2Z9L","B0GTLRP1BN","Glass Nail Files for Natural Nails, Long Lasting Etch Glass Nail File with Hardcase Stocking Fillers Gifts for Women - Rose Gold","New","4.59","No",,"Yes","37","36","0","1","77","99.96","0","40","0","0","0","0","36","0","0","36",
"RPALH260307","X002JKRQUT","B0GTPTFG9M","MNFPSJB 2-in-1 Pill Cutter and Storage Box - Professional Tablet Splitter for Small and Large Pills with Sharp Stainless Steel Blade - Portable Pill Organiser for Travel and Daily Use, Grey，Pill case","New","4.19","No",,"Yes","30","30","0","0","30","108.32","0","0","0","0","0","0","30","0","0","30",
"RPALH260309","X002JKZP9N","B0GTPZ81P3","6 Pack Fire Exit Keep Clear Signs 300mm x 100mm, Self-Adhesive Vinyl Safety Stickers for Doors & Walls, Waterproof UV Resistant, Indoor Outdoor Use，fire exit signs self adhesive","New","5.59","No",,"Yes","31","30","0","1","31","353.8","0","0","0","0","0","0","30","0","0","30",
"RPALH260311","X002JL6IFR","B0GTQ6QKG5","PU Leather Mini Squeeze Coin Purse Small KeychainWallet Earbud Case Cable Organizer Pouch SmallCash Holder Change Pouch for Men Women Size 3.15X3.15 in-Black","New","5.29","No",,"Yes","54","53","0","1","54","99.96","0","0","0","0","0","0","53","0","0","53",
"RPALH260312","X002JM7B6V","B0GTTPF29G","Car Sound Deadener Dampers Door Lock Buffer Deadening Damping Rubber Pad Shock Resistant Damping Protector","New","4.99","No",,"Yes","27","27","0","0","27","99.96","0","0","0","0","0","0","27","0","0","27",
"RPALH260313","X002JLXWID","B0GTTT2BVG","2PCS 32.5 Feet(10m) Brass Picture Hanging Wire (0.7mm/0.02in), Heavy Duty Picture Frame Wire for Hanging Photo Frames Artworks Mirrors And Clock","New","6.29","No",,"Yes","24","24","0","0","54","99.96","0","30","0","0","0","0","24","0","0","24",
"RPALH260314","X002JL8EI1","B0GTQ3VQVX","Funny Best Friend Engraved Tea Spoon, Stainless Steel Friendship Gift Spoon for Women, Perfect Birthday Christmas BFF Bestie Gift for Tea Coffee Lovers & Female Colleagues","New","6.19","No",,"Yes","28","28","0","0","28","99.96","0","0","0","0","0","0","28","0","0","28",
"RPALH260315","X002JL74AF","B0GTQ6PQBC","FOUNDATION BRUSH – Perfect Makeup Brush for Liquid Foundation & Powder Make-up, Seamless Blending, Face Brush for Make up, Beauty Tools","New","5.99","No",,"Yes","26","26","0","0","26","99.96","0","0","0","0","0","0","26","0","0","26",
"RPALH260317","X002JL9PZH","B0GTQ8R54K","MNFPSJB Car Key Faraday Pouch, RFID Signal Blocking Key Case, Anti-Theft Remote Keyless Entry Protector, Double Lined Security Pouch with Key Ring, Black, 1 Pack","New","5.69","No",,"Yes","29","29","0","0","29","99.96","0","0","0","0","0","0","29","0","0","29",
"RPALH260319","X002JL3LE3","B0GTQD4HLV","MNFPSJB Reusable Shower Cap for Women, Double Layer Waterproof Large Satin Hair Cap, Pink Cloud Design for All Hair Lengths - Ideal for Home, Spa, Salon, Long Hair, Braids & Curly Hair","New","5.49","No",,"Yes","19","16","0","3","19","99.96","0","0","0","0","0","0","16","0","0","16",
"RPALH260320","X002JL1PTV","B0GTQ8R69M","30 Pcs Paint Brushes, Small Brush Bulk for Detail Painting","New","5.89","No",,"Yes","26","25","0","1","26","99.96","0","0","0","0","0","0","25","0","0","25",
"RPALH260322","X002JL9L9R","B0GTQB52NC","Resistance Bands for Women and Men Pull up Bands Exercise Loop Band for Body Stretching Powerlifting Yoga Pilates Resistance Training","New","7.99","No",,"Yes","30","25","0","5","30","99.96","0","0","0","0","0","0","25","0","0","25",
"RPALH260323","X002JMAHMV","B0GTQD3GBQ","Heat Mat for Straighteners, Resistant Mat for Curling Iron, Silicone Heat Resistant for Travel Flat Iron Hair Straightener, Protecting for Hair Curler 28 cm x 13.5 cm","New","7.49","No",,"Yes","29","29","0","0","29","99.96","0","0","0","0","0","0","29","0","0","29",
"RPALH260324","X002JLBLGX","B0GTQGTQS4","Boar Bristle Hair Brush - Suitable for Every Hairtype with Extra Bristles - Made from Environmentally Friendly Bio-Plastic, Blush","New","6.99","No",,"Yes","29","28","0","1","29",,"0","0","0","0","0","0","28","0","0","28",
"RPALH260325","X002JL841X","B0GTQFXKFG","Medium Titanium Carabiner Keychain, Heavy Duty Quick Release Snap Hook Clip with Side-Pushing Key Ring,Lightweight Anti-Rust Key Holder for Everyday Use, carabiner keyring，key ring clips","New","6.49","No",,"Yes","23","19","0","4","23","99.96","0","0","0","0","0","0","19","0","0","19",
"RPALH260326","X002JMA2Q7","B0GTQ7WP77","MNFPSJB 2 Pack Hand Wrist Strap, Adjustable Phone Lanyard Phone Charm with Tether Tab, Hands-free Cellphone Wristlet Strap for iPhone, Most Smartphones, Black & Black","New","6.89","No",,"Yes","29","23","0","6","29","99.96","0","0","0","0","0","0","23","0","0","23",
"RPALH260327","X002JLBNLB","B0GTQLND31","MNFPSJB Silicone Stand Base for Pocket 3, ø65mm Nonslip Soft Stable Anti Scratch Desktop Camera Mount Support Base Accessory Compatible with DJI Osmo Pocket 3 Gimbal Camera, AC020","New","7.99","No",,"Yes","30","25","0","5","30","99.96","0","0","0","0","0","0","25","0","0","25",
"RPALH263","X002AMRVEH","B0F6WTGMGQ","Toenail Clippers for Thick or Ingrown Toenails, Heavy-Duty Stainless Steel Scissors Nail Nippers, with Protective Cover for Men & Women (Black)","New","4.09","No",,"Yes","12","12","0","0","72","99.96","0","60","0","0","0","0","12","0","0","12",
"RPALH264","X002ANEFP9","B0F6YLB5QN","10 PCS 1 1/8 Precision Headset Caged Ball Bearing With 16 Balls - Bottom Bracket Silver Race Cycling Steering Bearings for MTB and Road Bike","New","5.69","No",,"Yes","48","47","0","0","48","260.88","0","0","0","1","0","0","47","0","0","47",
"RPALH265","X002AMULWV","B0F6X1G8G7","Display Port DP Male To HDMI Female Adapter Converter For 4K HD 1080P HDTV Desktop, Laptop, Projector, Monitor, HDTV","New","3.99","No",,"Yes","7","7","0","0","47","99.96","0","40","0","0","0","60","7","0","0","7",
"RPALH267","X002AN5DH3","B0F6WCVY5W","MNFPSJB 2PCS Sports Whistles with Finger Grip, Loud Crisp Sound Referee Whistles, Black Handheld Whistles for Football Basketball Netball Training Outdoor Camping Emergency","New","5.29","No",,"Yes","35","35","0","0","35","99.96","0","0","0","0","0","0","35","0","0","35",
"RPALH269","X002AN3YF1","B0F6XYGNS9","Crank Arm Puller Removal Tool Bicycle Extractor Pedal Road Mountain Bike Crank Arm Puller, Bicycle Crank Remover, Bottom Bracket Remover","New","6.49","No",,"Yes","47","47","0","0","117","99.96","0","70","0","0","0","0","47","0","0","47",
"RPALH270","X002AMWPHZ","B0F6W83BM5","5 Pcs String Trimmer Head 150mm Trimmer Line Lightweight Portable Trimmer Head Replacement Parts Garden Tool Strimmer Accessories for Electric Grass Trimmers Trimming Gardens Lawns Crops","New","4.59","No",,"Yes","32","31","0","1","32","99.96","0","0","0","0","0","30","31","0","0","31",
"RPALH271","X002AMRTPN","B0F6W95918","MNFPSJB Silver Heart Magnetic Jewelry Clasp, Double Lobster Clasp Necklace Extender, for Bracelet Necklace Closure DIY Jewelry Making, Silver & Gold","New","4.99","No",,"Yes","55","52","0","3","55","99.96","0","0","0","0","0","0","52","0","0","52",
"RPALH272","X002AMRT35","B0F6WVGLTW","Hexagon Cookie Cutter Set,3 PCS Stainless Steel Football Cookie Cutters,Football Cake Cutters,Hexagon Cutters for Football Cake Decorations,Fondant Cutter for Baking,Party Supplies and Crafts","New","5.89","No",,"Yes","51","49","0","2","51","476.21","0","0","0","0","0","30","49","0","0","49",
"RPALH273","X002AN4LRL","B0F6Y44Y1N","5 Pairs Hoop Earrings Silver Small Solid Titanium 8mm 10mm 12mm 14mm 16mm Stainless Steel Huggie Piercings Cartilage Women Men","New","3.99","No",,"Yes","0","0","0","0","0","99.96","0","0","0","0","0","0","0","0","0","0",
"RPALH274","X002ANT8ND","B0F6YY25VZ","MNFPSJB 10 Pack Burgundy Velvet Hair Bows Elastic Bands, Mini Bow Hair Bobbles Ponytail Holders, Elegant Hair Accessories for Women Daily & Special Occasions","New","2.39","No",,"Yes","0","0","0","0","0","99.96","0","0","0","0","0","29","0","0","0","0",
"RPALH275","X002AN0VFH","B0F6Y5SGTX","20 PCS Wooden Rings for Crafts, Macrame Hoops, DIY Arts Jewellery Making Home Decor Pendant Connectors","New","4.39","No",,"Yes","11","11","0","0","59","99.96","0","48","0","0","0","30","11","0","0","11",
"RPALH278","X002AMYUD7","B0F6X62K4H","8PCS Hair Extension Loop Needle Threader Kit - Wooden Handle Pulling Hooks for Micro Rings, Nano Beads and Feather Extensions","New","4.89","No",,"Yes","6","6","0","0","6","482.6","0","0","0","0","0","0","6","0","0","6",
"RPALH279","X002AMWOOJ","B0F6XGM362","Yoga Mat Strap Adjustable Yoga Mat Carry Back Padding Elastic Belt Fitness Stretch Pilates Holder Exercises Aerobics Outdoor Sports Mats Multi-Purpose Non-Slip Shoulder Carrier for All Mat Sizes","New","6.19","No",,"Yes","93","89","0","1","93","99.96","0","0","0","0","0","0","89","0","3","92",
"RPALH281","X002AMYUUP","B0F6WKJ533","MNFPSJB 2 Pack Pill Popper for Blister Packs, Portable No-Touch Pill Taker Remover Tool, Tablet Dispenser with Storage for Easy Pill Removal","New","5.79","No",,"Yes","391","350","0","9","643","400.01","0","250","2","2","0","0","350","0","30","380",
"RPALH282","X002ANOS1F","B0F74LL94V","3 Pieces School Bows Headbands, Navy Blue Hair Bands Girls, Uniform Colours Bow Hairbands Set, Birthday Gift Accessories","New","6.19","No",,"Yes","58","58","0","0","59","798.05","0","1","0","0","0","0","58","0","0","58",
"RPALH283","X002AMYULJ","B0F6XJ2WHN","10 Pieces Hair Extension Loop Needle Threader Pulling Hook Tool and Bead Device Tool Micro Loop Nano Beads Device Hair Extension Threader for Hair or Feather Extensions","New","3.99","No",,"Yes","40","40","0","0","40","205.17","0","0","0","0","0","0","40","0","0","40",
"RPALH287","X002AN877L","B0F6Y3YQG5","Silver Diamond Dangle Earrings Women - Long Chain Chandelier Drop Crystal Fringe Leaf Design Tassel Bridal Jewelry Girls","New","3.79","No",,"Yes","0","0","0","0","0","99.96","0","0","0","0","0","0","0","0","0","0",
"RPALH290","X002AMOX4D","B0F6X36NZX","3-Piece Mini Funnel Set - Silver Aluminium & Stainless Steel, Ideal for Essential Oils, Spices & Flask Filling","New","3.79","No",,"Yes","19","18","0","0","19","176","0","0","0","1","0","30","18","0","0","18",
"RPALH292","X002AMRVFV","B0F6W9C179","MNFPSJB Black Foot File Pumice Stone, Professional Pedicure Rasp with Wooden Handle, Exfoliating Foot Scrubber for Hard Dead Skin, Calluses, Cracked Heels, Corns & Rough Skin","New","4.19","No",,"Yes","20","19","0","0","20","123.23","0","0","0","1","0","40","19","0","0","19",
"RPALH293","X002AMRPFH","B0F6XJHX33","6-Pack Toothbrush Head Covers for Oral-B iO Series iO5, iO7, iO8, iO9, EB17, PRO 3, P4000 – Dustproof Protective Caps for Travel & Home Use","New","3.99","No",,"Yes","41","39","0","2","41","99.96","0","0","0","0","0","0","39","0","0","39",
"RPALH294","X002AO9ZAD","B0F74R5JN3","1-Piece White Lace Tights Set - Floral Hollow-Out Pantyhose for Women | Lolita Fashion & Versatile Wardrobe Essential","New","3.79","No",,"Yes","22","21","0","1","22","99.96","0","0","0","0","0","0","21","0","0","21",
"RPALH295","X002AN4E9L","B0F6Y2DRQY","Stainless Steel Wire Skimmer Spoon Strainer Spider Kitchen Mesh Tool with Long Handle Non-Stick Cooking Strainer(S)","New","5.79","No",,"Yes","47","46","0","0","77","691.37","0","30","0","0","0","0","46","0","1","47",
"RPALH298","X002ANN0JV","B0F6YV67VK","2Pcs Yellow Ribbon Pins Hostages Israel Bring Them Home Pin Breast Cancer Awareness Lapel Pin Metal Hope Enamel Brooches for Women & Men Jewelry Decoration","New","2.79","No",,"Yes","0","0","0","0","0","99.96","0","0","0","0","0","0","0","0","0","0",
"RPALH300","X002AMUM61","B0F6WJRQM8","Nail Files,8 PCS Nail Buffer Manicure Nail Buffer Blocks Sanding File Nail File and Buffer Set Professional for Nail Grooming Styling Nail Care Manicure Polisher","New","5.39","No",,"Yes","0","0","0","0","0","99.96","0","0","0","0","0","0","0","0","0","0",
"RPALH301","X002AMRW19","B0F6XPPX89","2Pcs Tire Air Chucks Thread Nozzle Push On Tire Inflator Connector Gold Locking Air Chuck Inflator Car Valve Type Not-deflated Tyre Inflator Hose Adapter Accessory for Motorcycles Bike","New","3.79","No",,"Yes","2","2","0","0","2","99.96","0","0","0","0","0","30","2","0","0","2",
"RPALH304","X002AN8ZVT","B0F6Y8XVD3","12 Pcs LED Bulbs Car Sidelight T10 12V W5W COB Dome Map Door Side Interior Number Plate Capless Trunk Tail (Red)","New","3.89","No",,"Yes","21","20","0","1","21","99.96","0","0","0","0","0","30","20","0","0","20",
"RPALH305","X002AMRY7L","B0F6XPPMN1","2 PCS Pill Popper for Blister Packs, Pill Pusher, Blue","New","5.49","No",,"Yes","886","868","0","15","886","375.76","0","0","0","3","0","0","868","0","0","868",
"RPALH306","X002AO6D3P","B0F74LNSH2","TV Aerial Coaxial Cable F-Connectors Adapter - 2 Pcs TV F/T Plug Type Male to Female Coaxial Socket Adapter, F Socket Female to Coax Plug Male TV Aerial Connector Adaptor for Cable Lead","New","4.99","No",,"Yes","91","86","0","2","241","39.98","0","150","0","3","0","0","86","0","0","86",
"RPALH309","X002ANRQR3","B0F6YYB92K","2PCS Detachable Rhinestone Crystal Shoe Charms Elegant Metal Shoe Buckles Beautiful High Heels Shoe Decoration, for Women Wedding Prom Party Accessories Gold","New","3.79","No",,"Yes","0","0","0","0","0","99.96","0","0","0","0","0","30","0","0","0","0",
"RPALH310","X002AMRTRL","B0F6W8YGQC","6Pcs Vintage Leather Horn Toggle Bottons DIY Accessories Retro Horn Buttons PU Beautiful Tight Sewing-on Toggle Buttons for DIY Duffle Coat Jacket","New","5.09","No",,"Yes","28","28","0","0","28","99.96","0","0","0","0","0","30","28","0","0","28",
"RPALH311","X002AN0YMR","B0F6Y49J1Z","4 Pcs Drill Hook Tool Belt Clip Replacement Screw Driver Heavy Duty Milwaukee with 4 Screws","New","6.29","No",,"Yes","34","30","0","4","54","99.96","0","20","0","0","0","0","30","0","0","30",
"RPALH313","X002AMWQ4R","B0F6XMJFKH","2PCS Belt Clip Hooks Compatible with Milwaukee M12 12V Impact Driver Hammer Drill Power Tools Replacement Parts with 2PCS Screws Metal","New","5.69","No",,"Yes","36","36","0","0","36","99.96","0","0","0","0","0","0","36","0","0","36",
"RPALH314","X002AN8WIF","B0F6Y6YP95","MNFPSJB 6 Pack Stainless Steel Fondue Forks, Color Coded Heat Resistant Handle Fondue Sticks, for Cheese Chocolate Dessert Marshmallow BBQ & Fondue Sets","New","4.39","No",,"Yes","54","52","0","2","54","353.96","0","0","0","0","0","0","52","0","0","52",
"RPALH316","X002AO569R","B0F74GBV78","Inline Light Switch for Lamp, 2 PCS 250v In-Line 6amp Bipolar Desk Bulb (White)","New","3.89","No",,"Yes","0","0","0","0","0","99.96","0","0","0","0","0","0","0","0","0","0",
"RPALH317","X002AN7G9L","B0F6Y26MRP","2Pcs Parmesan Cheese Grater, Graters for Kitchen, Mini Cheese Grater, Carrot Hand Grater, Fine Grater with Handle and Hanging Hole, for Chocolate, Vegetables, Fruits, Ginger and Garlic","New","4.59","No",,"Yes","0","0","0","0","0","1032.06","0","0","0","0","0","0","0","0","0","0",
"RPALH319","X002AN3AUP","B0F6XNQ2M5","2Pcs 16amp Plug, 16 Amp Socket, Caravan Hook up Socket, Hook Up, 16 Amp Plug, 16A 3 Hole 220-250V Industrial Plug & Socket, for Construction Sites, Industrial Plug Connector Set","New","7.99","No",,"Yes","87","87","0","0","117","1430.75","0","30","0","0","0","0","87","0","0","87",
"RPALH320","X002AMWPWF","B0F6XMHZ8G","3 Pcs Diamond Art Pen Compatible with Diamond Painting Embroidery Crossing-Stitch Painting Tool","New","4.69","No",,"Yes","23","20","0","1","23","356.25","0","0","0","2","0","0","20","0","0","20",
"RPALH322","X002AMRV3X","B0F6W82NTY","Tyre Valve Stem Puller Tool Tyre Valve Repair Tool Valve Core Tool No Scratch Tyre Valve Installation Tool for Car Bicycle Blue","New","5.79","No",,"Yes","29","29","0","0","29","498.17","0","0","0","0","0","0","29","0","0","29",
"RPALH324","X002AMRNB3","B0F6XC653X","3 Pcs Telescopic Teachers Pointer Mini Retractable Teacher Pointer Stick Extendable Hand Pointer Finger Pointer Stick for Teacher Classroom Teacher Aids (Blue Red Green)","New","4.69","No",,"Yes","5","1","0","4","5","427.54","0","0","0","0","0","0","1","0","0","1",
"RPALH325","X002AN0P03","B0F6Y29YZJ","180Mm Disc Brake Adapter 160 To 203 Post Mount Adapter Aluminium Alloy le Bike Disc Brake Mount Caliper Adapter A F203 For Mountain Bikeycle(Black)","New","5.39","No",,"Yes","33","33","0","0","33","99.96","0","0","0","0","0","0","33","0","0","33",
"RPALH326","X002AMRVXX","B0F6X79SBM","Desoldering Pump 2 Pack Solder Remover Tool Solder Sucker Desoldering Vacuum Pump Manual Desoldering Suction Pump Soldering Accessories","New","4.49","No",,"Yes","22","20","0","2","22","99.96","0","0","0","0","0","30","20","0","0","20",
"RPALH328","X002AN2SSZ","B0F6XNWMLF","2 Pcs Folding Fans，Handheld Fans，Hand Fans,Silk Fabric Fan，Bamboo Fans with Tassel and Fan Bag for Birthday Gifts Dancing Cosplay Wedding Party Props Decoration，Wedding Fan 21CM","New","3.79","No",,"Yes","0","0","0","0","0","339.7","0","0","0","0","0","0","0","0","0","0",
"RPALH329","X002ANH3XF","B0F6YJB1Q5","6Pcs Elegant Triangle Shirt Collar Pin Fashionable Hollow Pattern Shirt Collar Pins Simple Nobe Brooches Accessories Palace for Men Women Shirt Suit","New","4.99","No",,"Yes","15","14","0","0","45","454.9","0","30","0","1","0","0","14","0","0","14",
"RPALH331","X002AOCFUP","B0F73Z9P23","2-Pair Lace Thigh-High Stockings Set - Women's Translucent Hold-Ups with Breathable Comfort | Sexy & Versatile for All Outfits (Black/Red)","New","5.19","No",,"Yes","22","22","0","0","22","516.19","0","0","0","0","0","0","22","0","0","22",
"RPALH333","X002AMOX4N","B0F6XRMTRS","2PCS Replacement Tap Valves Kitchen Mixer tap Cartridge Replacement Brass Ceramic Stem Disc Cartridge Faucet tap Cartridge Replacement 1/4 Turn for Bathroom Kitchen","New","4.39","No",,"Yes","38","38","0","0","38","99.96","0","0","0","0","0","0","38","0","0","38",
"RPALH334","X002ANEVUD","B0F6YKJBQ4","Percussion Sticks, 4 PCS Glockenspiel Mallets, Glockenspiel Beaters, Drum Stick, Wood Mallets Percussion Sticks Percussion Mallets, Musical Instrument Accessories","New","3.99","No",,"Yes","0","0","0","0","0","120.94","0","0","0","0","0","0","0","0","0","0",
"RPALH336","X002AOCDEX","B0F74MSF9N","Staple Removers Heavy Duty Staple Remover Tool Strength Staple Puller Removing for Furniture Floor Wooden Case Carton Photo Frame Carpet Staple (1, 15.1cm) Floor Staple Remover","New","5.89","No",,"Yes","70","70","0","0","70","99.96","0","0","0","0","0","0","70","0","0","70",
"RPALH337","X002AMZCA7","B0F6X1ZWNW","MNFPSJB 10 Pcs 0.7mm Back Probe Pins, Non-Destructive Wire Piercing Test Probes, Stainless Steel Multimeter Probes with 4mm Banana Socket for Car Repair Electrical Testing","New","4.49","No",,"Yes","16","14","0","2","46","99.96","0","30","0","0","0","30","14","0","0","14",
"RPALH339","X002AN4JGT","B0F6Y8NN45","2 PCS L7T Spark Plug Universal 2 Stoke Engine Nickel Alloy for Strimmer Chainsaw Lawnmower Hedge Trimmer Cutter Accessories","New","5.89","No",,"Yes","49","48","0","0","49","99.96","0","0","0","1","0","30","48","0","0","48",
"RPALH341","X002AMYV1X","B0F6XJK3ZB","2 Pack Carbon Brushes for Makita DTD152RMJ Impact Driver DTD152Z DTD152 18v LXT","New","4.99","No",,"Yes","25","25","0","0","25","99.96","0","0","0","0","0","0","25","0","0","25",
"RPALH343","X002AMWQBF","B0F6XG7BGP","MNFPSJB 2 Pack Universal Sink Plugs with 40cm Chain, Rubber Bath Plug Replacement, Fits 42-45mm Drains for Kitchen Bathroom Sink Bathtub Laundry Basin","New","5.39","No",,"Yes","19","19","0","0","19","99.96","0","0","0","0","0","30","19","0","0","19",
"RPALH344","X002ANE9FF","B0F6YLMRSD","4PCS Stainless Steel Finger Shield, Knife Finger Guards for Cutting Food and Vegetables Stainless Steel Finger Protector Safe Chopping Tools for Slicing Dicing Chopping","New","4.48","No",,"Yes","18","18","0","0","18","99.96","0","0","0","0","0","30","18","0","0","18",
"RPALH345","X002AMRXGD","B0F6XS446T","Replacement Ear Tips for Sony WF-1000XM3/WF-1000XM4/WF-1000XM5 Black 7 Pairs, Comfortable and Secure Fit","New","4.99","No",,"Yes","0","0","0","0","0","99.96","0","0","0","0","0","30","0","0","0","0",
"RPALH347","X002AN8SH5","B0F6Y432CB","MNFPSJB 3 Pcs Dog Toothbrush Three Heads Toothbrush for Pet Teeth Care","New","3.99","No",,"Yes","24","23","0","1","74","99.96","0","50","0","0","0","0","23","0","0","23",
"RPALH348","X002AMYUIH","B0F6XS3WHF","3 PCS Cake Smoother, Cake Smoothers for Fondant, Cake Icing Smoother Tool Fondant Cake Decorating Icing Smoother Fondant Smoother Plastic Sugarcraft Suitable for Home Kitchens Cake Shops Candy Shops","New","4.89","No",,"Yes","19","19","0","0","19","99.96","0","0","0","0","0","0","19","0","0","19",
"RPALH349","X002AO68OT","B0F748TNH2","MNFPSJB 2PCS Sewing Ruler Set French Curve Metric Clear Plastic Dressmaking Pattern Flexible Quilting Beginners Tailors Designers DIY Clothing","New","3.79","No",,"Yes","0","0","0","0","0","469.49","0","0","0","0","0","30","0","0","0","0",
"RPALH350","X002AMRU39","B0F6XLCRQ3","3 Rows Pearls Choker,Wedding Suite Beads Choker Necklace,1920s Simulated Pearl Rhodium Plated Elegance Charm Multi Layer Choker Pendant Necklaces Prom Party for Women and Girls","New","3.89","No",,"Yes","0","0","0","0","0","99.96","0","0","0","0","0","30","0","0","0","0",
"RPALH355","X002ANSWPD","B0F6YV8DPF","MNFPSJB 10 Pack Pink Silicone Nail Drill Dust Guards, Universal Electric Nail Bit Protector Caps, Dust Collector Stopper Covers for Salon Home Nail Art Accessories","New","3.99","No",,"Yes","2","2","0","0","34","99.96","0","32","0","0","0","0","2","0","0","2",
"RPALH356","X002AMYUKZ","B0F6XBXD37","GPU Support, GPU Brace Support, Graphics Card GPU Brace Support, Video Card Anti Sag Holder, Stand Holder Graphics Card Support, Prevent Graphics Card Sagging And Damage To Your Pc","New","4.19","No",,"Yes","24","24","0","0","24","99.96","0","0","0","0","0","0","24","0","0","24",
"RPALH357","X002AMWPL1","B0F6W92ZTC","2-in-1 Hair Trimmer Comb,Tail Comb,Split End Removal & Hair Styling Tool, Mini Portable Hair Breakage Tool, Dual-Sided Design with Cover, for Thinning Hair Cutting and Styling Scissors Hairdressing","New","4.79","No",,"Yes","35","35","0","0","35","99.96","0","0","0","0","0","30","35","0","0","35",
"RPALH359","X002AMUQL7","B0F6X31DJS","2x Brake And Clutch Pedal Pads Rubber Covers For Honda Civic Accord CR-V Jazz Acura FR-V Legend 46545SA5000 (Manual Vehicles)","New","6.19","No",,"Yes","74","52","0","22","74","99.96","0","0","0","0","0","0","52","0","0","52",
"RPALH360","X002AMWPVB","B0F6W9BTS9","Heavy Duty Stainless Steel Mirror Rope 2m x 1.5mm for Frames and Photos - 2Pcs Holds Up to 20kg","New","4.19","No",,"Yes","23","17","0","6","23","99.96","0","0","0","0","0","0","17","0","0","17",
"RPALH362","X002AO56AL","B0F74QL21C","2 Pcs Replacement Sink Basin Pop Up Click Clack Brass Plug Assembly with Internal Spring for Bathroom Bathtub Sink Drain Stopper","New","4.99","No",,"Yes","113","113","0","0","113","99.96","0","0","0","0","0","30","113","0","0","113",
"RPALH364","X002AN4H7Z","B0F6Y2JTSY","Spring Loaded Center Punch Automatic Anti-Slip Heavy Duty Hole Tool for Metal Wood Plastic","New","6.09","No",,"Yes","42","37","0","5","42","99.96","0","0","0","0","0","0","37","0","0","37",
"RPALH365","X002ANM1KZ","B0F6YTMRH3","Watch Cleaning Putty, Watchmaking Cleaning Putty Wristwatch Movement Repairing, Watch Cleaning Putty with 5 Wooden Sticks","New","4.99","No",,"Yes","25","20","0","4","55","99.96","0","30","0","1","0","30","20","0","0","20",
"RPALH366","X002AMRSSV","B0F6XRLY3T","10 PCS Battery Holder Converter - Battery Holder Adapter Cell Plastic Case Switcher for AAA to AA Size","New","4.59","No",,"Yes","6","6","0","0","36","99.96","0","30","0","0","0","30","6","0","0","6",
"RPALH367","X002AMWP9N","B0F6XJ27L1","Vacuum Pump Valve Replacement Brake Vacuum Pump Valve Repair for Ford Transit/Courier/B-Max CB2/Focus CB8/Fiesta CCN, CM5G2A451GA 1867424","New","4.79","No",,"Yes","20","17","0","2","20","99.96","0","0","0","0","0","30","17","0","1","18",
"RPALH369","X002AMRT8Z","B0F6X5JYTP","10Pcs Black Hall Element 49E Oh49E Ss49E Linear Sensor Hall Sensor Hall Effect Sensors Industrial Electrical Accessories","New","5.39","No",,"Yes","48","47","0","0","48","99.96","0","0","0","1","0","30","47","0","0","47",
"RPALH373","X002AN1A4D","B0F6Y8FTH4","MNFPSJB Boys' Necklaces 2 Pcs Football Stuff 3D Pendant Chain Kids Gifts for Men Women Unisex","New","5.29","No",,"Yes","58","51","0","0","108","99.96","0","50","0","0","0","30","51","0","7","58",
"RPALH374","X002ANZDE1","B0F74H6W2T","HDMI to 3 RCA Converter Cable (1.5m Black)","New","5.39","No",,"Yes","27","27","0","0","27","99.96","0","0","0","0","0","30","27","0","0","27",
"RPALH375","X002AMWQ01","B0F6WVBDB4","Silicone Car Key Cover Case fit for Mercedes Benz A B C E S Class W204 W205 W212 W213 W176 GLC CLA AMG W177 Key Shell Accessories","New","6.09","No",,"Yes","71","68","0","0","71","99.96","0","0","0","0","0","0","68","0","3","71",
"RPALH379","X002AMZC75","B0F6X35ML7","1 Pair Vodka Bottle Drop Earring Creative Cartoon Drinking Beer Style Pandent Earring Clear Bottle Dangle Hanging Ornament Practical Design and Durable Jewellery Findings","New","4.89","No",,"Yes","25","24","0","1","25","99.96","0","0","0","0","0","0","24","0","0","24",
"RPALH380","X002ANTBFX","B0F6YZJR54","MNFPSJB Star Zircon Skew Head Pendant Necklace, Metallic Silver Nickel-Free Alloy, Hip Hop Punk Rock Style for Parties Concerts Daily Wear & Gifts","New","3.69","No",,"Yes","0","0","0","0","0","99.96","0","0","0","0","0","30","0","0","0","0",
"RPALH381","X002AMOX6V","B0F6X6X7NL","Stylish Minimalist Business Card Holder of Natural Beech Wood","New","6.09","No",,"Yes","87","86","0","1","87","99.96","0","0","0","0","0","0","86","0","0","86",
"RPALH384","X002AMZCH5","B0F6X5DDRD","Anti Slip Tape, Hazard Tape Black and Yellow, 5m x50mm Hazard Warning Tape, Caution Tape, Warning Hazard Safety Tape, Self Adhesive Floor Marking Tape, for Indoor and Outdoor Use","New","7.09","No",,"Yes","130","118","0","0","160","99.96","0","30","0","0","0","60","118","0","12","130",
"RPALH386","X002ANTRNT","B0F6ZFTVCM","MNFPSJB 3 Pcs Muslin Cloths for Cooking, 200 Mesh Reusable Cheese Cloths, Fine Straining Cloth for Nut Milk, Homebrew Wines, Soy Milk, Soup, Coffee & Juice, White","New","4.19","No",,"Yes","9","9","0","0","9","1356.19","0","0","0","0","0","0","9","0","0","9",
"RPALH387","X002AO69LB","B0F7469N21","Gold Wide Face Fashion Eagle Ring,Golden Flying Eagle Men's Ring, Personalized Alloy Jewelry, Emblem of Freedom, Courage, and Perseverance, Fashion Jewelry Gift (Size 7)","New","4.89","No",,"Yes","0","0","0","0","0","99.96","0","0","0","0","0","0","0","0","0","0",
"RPALH390","X002ANN6QD","B0F6YY6JR3","Metal Mane Pulling Comb Portable Alloy Tail Comb Safe Metal Horse Grooming Tool for Horse Cleaning Hair Removing Loose Hair","New","5.49","No",,"Yes","0","0","0","0","0","99.96","0","0","0","0","0","30","0","0","0","0",
"RPALH391","X002AN5DE1","B0F6XWR4S2","Brown Teaspoon Chinese Kung Fu Loose Tea Measuring Spoon Japanese Teaspoon Scoop for Home Teahouse Office Nice Design, Tea Accessories","New","4.39","No",,"Yes","14","14","0","0","14","99.96","0","0","0","0","0","0","14","0","0","14",
"RPALH393","X002AMRVUV","B0F6W96P9N","Bear Silicone Fondant Moulds Cute Bear Chocolate Mould for Cake Decorating Cupcake Topper Candy Gum Paste Polymer Clay","New","5.39","No",,"Yes","59","59","0","0","59","99.96","0","0","0","0","0","0","59","0","0","59",
"RPALH395","X002AMRP9X","B0F6XLCRJF","20 Pcs Aligner Removal Tool Retainer Remover Tool Aligner Tooth Hook Invisible Braces Remover Hook for Removing Invisible Braces Orthodontic Retainers Tooth Cleaning Oral Care (5Colors)","New","4.09","No",,"Yes","37","33","0","4","37","99.96","0","0","0","0","0","30","33","0","0","33",
"RPALH397","X002AN87SP","B0F6Y7GWDC","Baby Shower Photo Booth Props 10 Pieces Rose Gold Decorations Boy Girl Newborn Party","New","3.59","No",,"Yes","14","10","0","3","14","99.96","0","0","0","1","0","70","10","0","0","10",
"RPALH398","X002AMRWJB","B0F6XC9B11","Nylon Potato Mashers Durable Potato Masher Black Potatoes Masher Baby Food Masher with Non Slip Handle for Mashed Potatoes Fruits Vegetables","New","6.59","No",,"Yes","38","38","0","0","38","1086.95","0","0","0","0","0","40","38","0","0","38",
"RPALH399","X002AMRU1L","B0F6XJ26X6","4pcs 1ml Dropper, Glass Dropper with Measurements Bent & Straight Tip Calibrated Accurate Dose Measuring Pipettes Dropper for Essential Oils, Feeding, Ear, Laboratory","New","4.79","No",,"Yes","45","45","0","0","45","99.96","0","0","0","0","0","0","45","0","0","45",
"RPALH400","X002AMRW3R","B0F6XS4XVB","2X Silver Chrome Plated Copper Metal Bathroom Sink Overflow Ring Replacement, Basin Overflow Hole Insert Plug Round Cover Ring for Kitchen Bathroom wash Basin Bowl Sink Trim","New","6.69","No",,"Yes","86","84","0","1","86","287.1","0","0","0","1","0","0","84","0","0","84",
"RPALH401","X002AMRY49","B0F6XJ1LZG","Parcel Shelf Clip fit for Focus MK3 015532109E Black Rear Luggage Fastening Brackets Compatible with Fiesta Focus B-Max C-Max C3 DS3 Qashqai J10 1539663 8795EN","New","4.09","No",,"Yes","29","29","0","0","29","99.96","0","0","0","0","0","0","29","0","0","29",
"RPALH406","X002ANYUJZ","B0F72T9Y6Q","MNFPSJB 13.3cm Round Black Iron Moka Pot Stand, Gas Hob Ring Reducer Pan Support Trivet, Heat Insulation Mat for Home Kitchen & Camping Stoves","New","3.29","No",,"Yes","0","0","0","0","0","224.83","0","0","0","0","0","0","0","0","0","0",
"RPALH409","X002ANOYOV","B0F741BXYF","1 Piece Bow Hair Clip, Streamer Solid Color Tassel Large Women's Accessories (Green)","New","4.19","No",,"Yes","51","51","0","0","51","99.96","0","0","0","0","0","0","51","0","0","51",
"RPALH410","X002ANP067","B0F741JP1F","10 PCS Trekking Pole Clips Sturdy Hiking Pole Clips Walking Stick Holder Double Rod Buckle Connector Walking Stick Accessories for Outdoor Hiking Camping(Black)","New","4.49","No",,"Yes","52","50","0","0","52","99.96","0","0","0","2","0","28","50","0","0","50",
"RPALH414","X002AMYUQ9","B0F6XNZH5D","MNFPSJB 4 Pack Nut Milk Bags, 20x30cm Fine Mesh Nylon Food Strainer, Reusable Filter Bags for Cold Brew Coffee, Juice, Yogurt, Cheese & Tea Straining","New","3.79","No",,"Yes","0","0","0","0","0","99.96","0","0","0","0","0","0","0","0","0","0",
"RPALH416","X002AMOX6L","B0F6XMJGJY","2Pcs Book Clip for Reading,Transparent Book Clip,Book Page Holder,Page Holders for Reading,Paper Clip Book Markers,Transparent Music Page Holder,Bookmark Book Holder,Reading Accessories for Book Lover","New","4.99","No",,"Yes","75","75","0","0","75","99.96","0","0","0","0","0","0","75","0","0","75",
"RPALH418","X002AN5SM3","B0F6Y8QK3Z","MNFPSJB 2 Pack Kitchen Cupboard Handles Stainless Steel Door Brushed Cabinet Wardrobe Drawer (Hole Centre 128mm)","New","5.19","No",,"Yes","55","50","0","5","55","399.84","0","0","0","0","0","0","50","0","0","50",
"RPALH419","X002AMWP93","B0F6XC7GXW","Sterling Silver Bangle Bracelets for Women,Fashion Versatile Simple Adjustable Silver Plated Smooth Face Bracelet,Smooth Face Round Belly Push Pull Silver Bracelet","New","4.69","No",,"Yes","31","29","1","0","61","99.96","0","30","0","1","0","30","29","0","0","29",
"RPALH420","X002AO6DSP","B0F73TC143","10Pcs 4mm Speaker Banana,Banana Plug for Speaker Wire Gold Plated Speaker Wire Banana Plugs Connectors","New","5.69","No",,"Yes","38","38","0","0","78","99.96","0","40","0","0","0","0","38","0","0","38",
"RPALH422","X002AMUM9X","B0F6WKGV23","12 Pcs Pencil Grips For Children & Adults, Five-Finger Ergonomic Pen Grips, Ambidextrous Handwriting Grip Corrector","New","4.59","No",,"Yes","35","35","0","0","35","99.96","0","0","0","0","0","30","35","0","0","35",
"RPALH424","X002AN5KC1","B0F6Y6J9BJ","2 Pcs Soft Silicone Bottle Cleaner Brush for Glass Cups Thermoses Various Containers","New","4.29","No",,"Yes","26","26","0","0","26","911.94","0","0","0","0","0","60","26","0","0","26",
"RPALH428","X002AO9W0V","B0F73ZR46D","MNFPSJB Windscreen Washer Jets for Volvo XC90 31391513 ABS 3 Way Valve Fit C30 C70 T5 S60 S70 S80 V50 V70 XC60 Check","New","4.59","No",,"Yes","40","37","0","0","40","99.96","0","0","0","3","0","30","37","0","0","37",
"RPALH430","X002AMRTGH","B0F6XQRNV6","Waterproof RJ45 Coupler for Cat6/Cat5E/Cat5, IP68 Outdoor Ethernet Connector Female to Female Shielded Network Cable Extender, Compatible with Security Cameras, Laptops, Gaming Consoles, Black","New","4.59","No",,"Yes","27","27","0","0","57","99.96","0","30","0","0","0","0","27","0","0","27",
"RPALH431","X002AMWPNT","B0F6XS4M6W","2Pcs Hot and Cold Water Inlet M10 Threaded Brass Plug Faucet Tap Flexible Pipe Water Inlet for Bathroom and Kitchen Mixer Taps 10 mm","New","6.49","No",,"Yes","36","35","0","1","66","99.96","0","30","0","0","0","0","35","0","0","35",
"RPALH434","X002AMYV1N","B0F6XGS51J","Sometimes You Forget You are Awesome Bookmark Inspirational Gifts for Women Men Boys Girls Birthday Christmas Graduation Gift","New","4.59","No",,"Yes","28","28","0","0","48","99.96","0","20","0","0","0","0","28","0","0","28",
"RPALH437","X002AMZCAH","B0F6XMKRYW","10 Pcs Rattle Balls Inserts Rattle Box Repair Noise Maker Noise Maker Insert Rattle for Animal Puppet Pet Toy Rattles and Plush Rings","New","5.99","No",,"Yes","32","31","0","1","62","99.96","0","30","0","0","0","0","31","0","0","31",
"RPALH438","X002AO68G7","B0F74GSPXF","5 Pcs Cat Knot Remover, Dog Comb Pet Grooming Dematting Brush for Tangled Hair Removal, Shedding Tool Puppy Kitten","New","4.69","No",,"Yes","58","55","0","2","58","99.96","0","0","0","0","0","30","55","0","1","56",
"RPALH439","X002AMOXCP","B0F6X1Z8B2","Widger and Dibber Set, 3 Sets Bulb Planter Tool, Easy Transplanting Sowing Seeds Seedlings Bulbs, Transplanting Widger and Dibber for Garden Greenhouse, multicolor","New","5.09","No",,"Yes","65","65","0","0","65","99.96","0","0","0","0","0","0","65","0","0","65",
"RPALH441","X002AO1BVJ","B0F72XJY6K","1 Front Windshield Washer Nozzle Spray for Vauxhall Opel Insignia A. Astra G HJ. Corsa D.Zafira AB， Model 12782508","New","3.39","No",,"Yes","15","15","0","0","15","99.96","0","0","0","0","0","30","15","0","0","15",
"RPALH443","X002AMRUAH","B0F6XS68JD","USB Charger Compatible with Panasonic Shaver, 5.4V USB Cable for Panasonic ES-LV97, ES-LA63, ES-LA93, RE7-51, RE7-59, RE740, RE768, REGC20 etc.","New","5.79","No",,"Yes","16","15","0","1","56","99.96","0","40","0","0","0","0","15","0","0","15",
"RPALH444","X002AMRXBD","B0F6XRQLV8","Happy Birthday Confetti 30g for Table Star Glitter Confetti Birthday Decorations Black Gold Table Sprinkles Sequins for Party","New","4.89","No",,"Yes","40","40","0","0","40","99.96","0","0","0","0","0","0","40","0","0","40",
"RPALH445","X002AMRWBT","B0F6WKR3V7","Christian Bookmark, Inspirational Christian Gifts for Women and Men, Bible Bookmarks with Inspirational Bible Verse, Personalised Bookmark for Birthday, Graduation, Communion, Religious Gifts","New","2.69","No",,"Yes","1","0","0","1","1","99.96","0","0","0","0","0","30","0","0","0","0",
"RPALH446","X002AMYUT1","B0F6XC916D","3Pcs Exquisite Ornaments Retro Benches Miniature Fairy Garden Bonsai Ornaments Dollhouse Decoration Durable and Useful Decorative Objects Accessories","New","4.09","No",,"Yes","24","24","0","0","24","99.96","0","0","0","0","0","0","24","0","0","24",
"RPALH447","X002AN8RNZ","B0F6Y7RGXW","MNFPSJB Bar End Plug Cap 1 Pair Aluminum Bike Handlebar Ends Plugs Bicycle Road Mountain BMX (Black)","New","4.29","No",,"Yes","47","45","0","2","47","99.96","0","0","0","0","0","0","45","0","0","45",
"RPALH448","X002AMULZN","B0F6X2YWC7","1 pcs Zig Zag Presser Foot Straight Stitch Sewing Foot for Low Shank Sewing Machines","New","4.59","No",,"Yes","16","16","0","0","16","99.96","0","0","0","0","0","30","16","0","0","16",
"RPALH449","X002AO51HJ","B0F745TN22","2Pcs Lighter Flints Screw Spring with Base Plate for Lighters Replacement Repair Kit Accessories","New","4.29","No",,"Yes","29","29","0","0","29","99.96","0","0","0","0","0","0","29","0","0","29",
"RPALH450","X002AMRVNX","B0F6W8YGSR","Car Radio Removal Tool, 2Pcs Radio Removal Tool Car Stereo Removal Tools Stereo Release Keys Car Radio Release Lever Removal Pins for Double DIN Head Unit CD Player Navigation Disassembly","New","5.59","No",,"Yes","34","34","0","0","64","99.96","0","30","0","0","0","0","34","0","0","34",
"RPALH451","X002ANN0MX","B0F6YV5C1F","2 Pc Make Up Brush Type Makeup Brushes Cosmetics Face Kabuki Foundation Brushes Cosmetic Foundation Makeup Brush","New","4.49","No",,"Yes","9","8","0","1","49","99.96","0","40","0","0","0","0","8","0","0","8",
"RPALH452","X002AN45P9","B0F6XY291J","Tennis Racket Vibration Dampener, Soft Silicone Racquet Shock Absorber String Damping","New","4.49","No",,"Yes","38","36","0","2","78","99.96","0","40","0","0","0","30","36","0","0","36",
"RPALH454","X002AMULX5","B0F6XGNQPT","MNFPSJB Silver Bohemian Rhinestone Beaded Belly Chain, Fashion Body Waist Chain for Women Party Beach Vacation Daily Wear","New","4.59","No",,"Yes","49","44","0","5","49","99.96","0","0","0","0","0","0","44","0","0","44",
"RPALH458","X002AN1269","B0F6Y3NSB4","25M 0.2mm Jewellery Wire Copper Craft Tarnish Resistant Beading Silver Jewelry Making Supplies Crafting","New","4.59","No",,"Yes","57","55","0","2","58","105.86","0","0","1","0","0","0","55","0","0","55",
"RPALH459","X002AOCD9N","B0F745P63M","Adjustable Unisex Ring Set - Silver Leaf & Viking Style Open Rings for Men/Women | Chunky Fidget Thumb/Toe Ring | Vintage Hip Hop Jewelry Gift","New","4.19","No",,"Yes","30","25","0","0","30","99.96","0","0","0","0","0","30","25","0","5","30",
"RPALH460","X002AMRPA7","B0F6WKMV7Q","Pack of 3 Toilet Seat Brush, Toilet Brush with Rim Cleaning, Toilet Cleaning Brush, Portable Curved Toilet Brush, Toilet Rim Cleaner (Blue, Green, Pink)","New","5.99","No",,"Yes","26","21","0","5","56","1163.48","0","30","0","0","0","30","21","0","0","21",
"RPALH462","X002AN0XHN","B0F6Y4G5X1","2Pcs Over Door Hooks Single Hangers Without Nails Stainless Steel Reversible Wreath Hanging Towel Coats Hats Bags Bathroom","New","3.79","No",,"Yes","58","53","0","0","58","99.96","0","0","0","0","0","30","53","0","5","58",
"RPALH463","X002ANA5A3","B0F6YBRHCP","Bohemian Turtle Anklets Layered Feet Chain Handwoven Beaded Summer Barefoot Beach (2 Pieces)","New","3.19","No",,"Yes","0","0","0","0","0","99.96","0","0","0","0","0","0","0","0","0","0",
"RPALH464","X002AMRP7P","B0F6XJ2P59","Mini Brayer Roller for Crafts, Small Rubber Brayer Roller for Vinyl, Ink Roller for Printmaking, Craft Paint Roller for Stamping and Scrapbooks (Blue)","New","4.49","No",,"Yes","67","66","0","1","67","99.96","0","0","0","0","0","29","66","0","0","66",
"RPALH468","X002AMRVFB","B0F6XQC63S","Windscreen Washer Hose Connector, Car Window Washer Hose Connection 90 Degree Bend Windshield Washer Hose Connector Fit for Vauxhall Vastra H/Corsa D/Zafira B","New","5.29","No",,"Yes","60","48","0","0","60","99.96","0","0","0","0","0","30","48","0","12","60",
"RPALH469","X002ANOYJV","B0F73ZV62C","MNFPSJB 2Pcs MNFPSJB Rasta Bracelet Jamaica Rope Adjustable Drawstring Braided Leather Men's Women's Jewelry Gifts","New","3.89","No",,"Yes","69","67","0","0","99","99.96","0","30","0","0","0","30","67","0","2","69",
"RPALH470","X002AMWPED","B0F6XM572P","2-Way Washer Check Valve Universal for Toyota, Lexus, Nissan, Ford and More Brands – Wiper Water Check Valve for Front Windshield Wiper Washer Nozzles Replaces 85321-28020","New","5.99","No",,"Yes","38","33","0","0","89","120.94","0","50","1","0","0","30","33","0","5","38",
"RPALH471","X002AN176T","B0F6Y7GG62","MNFPSJB Mens Silver Chain Cuban Necklace 5mm Sturdy for Women Boy Girls Shiny","New","3.99","No",,"Yes","6","6","0","0","6","99.96","0","0","0","0","0","30","6","0","0","6",
"RPALH473","X002AMRV5B","B0F6XRXV3K","MNFPSJB Windscreen Washer Bottle Cap, 54-58mm Universal Aftermarket Replacement Cap, Leak-Proof Fit for Most Vehicle Models","New","4.99","No",,"Yes","61","55","0","1","62","99.96","0","0","1","1","0","0","55","0","4","59",
"RPALH474","X002AN5CG5","B0F6XWGMP7","Corrosion Resistant (Silver) Aluminium Tyre Wheel Alloy Valve Caps Dust Caps (4 Pack) Universal for Cars, SUVs, Bicycles, Motorcycles, Trucks | Plastic Insert | Screw-On","New","4.99","No",,"Yes","55","55","0","0","95","84.07","0","40","0","0","0","30","55","0","0","55",
"RPALH480","X002AMOX3T","B0F6W9C1LZ","Windscreen Washer Bottle Tank Cover Cap Lid For Vauxhall Opel Astra H Corsa D Zafira B 13118170 6450562","New","4.99","No",,"Yes","37","23","0","12","67","99.96","0","30","0","0","0","0","23","0","2","25",
"RPALH481","X002AN0V8T","B0F6Y6JXH8","Nano Toothbrush | Soft Bristle Manual for Adults Children | Micro-Nano Design 20,000 Bristles Gentle Cleaning Fragile Gums","New","6.89","No",,"Yes","292","269","0","16","392","204.67","0","100","0","0","0","0","269","0","7","276",
"RPALH484","X002AMWP25","B0F6X6X7NZ","T10 W5W Auto Light Bulb Socket Lamp Holder Connector Extension x 2 pcs","New","3.79","No",,"Yes","38","20","0","2","38","99.96","0","0","0","0","0","30","20","0","16","36",
"RPALH485","X002ANMXD5","B0F6YV9WKJ","White Battery Holder Shell Back Door Cover Lid Replacement, Compatible with Xbox One Wireless Controllers","New","4.09","No",,"Yes","51","50","0","1","51","99.96","0","0","0","0","0","0","50","0","0","50",
"RPALH486","X002AMRVH9","B0F6X5JYWC","MNFPSJB 1 Pair Waterproof Oilproof Arm Sleeves, Reusable PVC Oversleeves, Arm Protection Covers for Kitchen Cleaning, Restaurant, Lab & Household Use","New","3.89","No",,"Yes","42","42","0","0","42","657.45","0","0","0","0","0","0","42","0","0","42",
"RPALH487","X002AMOX07","B0F6X7B9LR","2pc Cover Cap Set For Nut and Bolt on Window Wiper Arm - Fits VW, Skoda, Seat (Part: 5N0955205 9B9)","New","5.09","No",,"Yes","14","13","0","0","74","99.96","0","60","0","1","0","0","13","0","0","13",
"RPALH488","X002AO4YXV","B0F7459V3N","10 Pin MNFPSJB Rear View Camera Adapter Wiring Harness Video Input Adapter for Android Car Radio Stereo Backup Camera Adapter Cable","New","5.89","No",,"Yes","67","64","0","0","117","99.96","0","50","0","3","0","30","64","0","0","64",
"RPALH489","X002ANODDX","B0F7252H75","1 Pcs Red Momentary Push Button Switch – 12v 5A Screen Wash Horn Kit/Classic Car","New","4.99","No",,"Yes","33","28","0","5","33","99.96","0","0","0","0","0","0","28","0","0","28",
"RPALH490","X002AMOWZD","B0F6X3C348","Disappearing Cloth Thumb Tip Finger Fake Magic Soft Red Trick Close Up Vanish Appearing Novelty,Magic Tricks, Fake Finger","New","3.99","No",,"Yes","26","23","0","3","56","99.96","0","30","0","0","0","30","23","0","0","23",
"RPALH491","X002AMRPMF","B0F6X3593V","2pc Parcel shelf string clip holders fits Golf Audi A3 S3 MK2 8P 8V Q5 SQ5 8R MK1","New","4.99","No",,"Yes","9","9","0","0","29","99.96","0","20","0","0","0","0","9","0","0","9",
"RPALH493","X002AN5QE3","B0F6Y4G8K4","3PCS Mini Funnels Filling Small Bottles Plastic Precision Atomizers Liquid Containers","New","5.59","No",,"Yes","49","48","0","1","49","99.96","0","0","0","0","0","0","48","0","0","48",
"RPALH494","X002I8VMRP","B0GKZWLRMB","Hair Bun Shaper, 2Pcs Easy Donut Bun Maker for Hair, French Twist Fold Wrap Snap Band for Making DIY Styles, Ballet Deft Styling Accessories for Girls Women","New","4.79","No",,"Yes","61","59","0","2","81","358.71","0","20","0","0","0","0","59","0","0","59",
"RPALH495","X002I8W8Y1","B0GKZD8L1Z","5Pcs Star Cookie Cutter Set, Star Cutters for Baking Cutter Christmas Baking Pastry Set, Biscuit Cake Kids Gingerbread Mince Pentagram Shaped Stainless Steels Cookies Mould for Christma Foods Shapes","New","4.43","No",,"Yes","24","21","0","3","24","93.57","0","0","0","0","0","0","21","0","0","21",
"RPALH496","X002I8NHBT","B0GKZKBS1B","2 Pack Curtain Holdbacks Adhesive Curtain Tie Backs Hooks, L Shaped Holdbacks No Drill Black Tie Backs for Curtains, Wall MountedHooks for Home Decor Living Room Bedroom","New","6.69","No",,"Yes","40","37","0","3","40","99.96","0","0","0","0","0","0","37","0","0","37",
"RPALH498-1","X002IG7XZR","B0GMNKHWJR","Mini Desk Calendar 2025-2026 Monthly Planner Portable Standing Flip Small Table Calendar for Home Office Decor Pink","New","5.39","No",,"Yes","13","12","0","1","13","99.96","0","0","0","0","0","0","12","0","0","12",
"RPALH499","X002I8VFX1","B0GL163HV7","10 Pcs Nylon Straw Cleaning Brush Set – Bottle Pipe Cleaner Brushes for Straws, Kettles, Tubes & Spouts – Flexible Stainless Steel Wire with High-Density Nylon Bristles – Multi-Size Pipe Cleaner Set","New","5.79","No",,"Yes","9","9","0","0","9","99.96","0","0","0","0","0","0","9","0","0","9",
"RPALH500","X002IGBTHF","B0GMNR3N9S","MNFPSJB 2pcs Golden Thumbs Up Trophy, 13cm/5.12in Engraving Funny Winner Award Realistic Plastic Trophy for Celebrations Sports Game Classroom Competition Rewards Gifts","New","6.99","No",,"Yes","4","4","0","0","24","99.96","0","20","0","0","0","0","4","0","0","4",
"RPALH501","X002I8YE89","B0GL1MG6Z7","2pcs Elegant Crystal Floral Brooch, Fashion Rhinestone Pin for Women, Clothing Accessory for Dresses and Sweaters, Silver and Gold with Blue and Purple Crystals","New","6.29","No",,"Yes","29","29","0","0","29","99.96","0","0","0","0","0","0","29","0","0","29",
"RPALH502","X002IGG669","B0GMPFJ1B5","MNFPSJB 2pcs Car Seat Gap Strip Storage Box Chair Clamp Cushion Seat Clip Anti-leakage Storage Strip Interior Accessories Prevent Items From Falling General Vehicle Sedan SUV Truck (black)","New","7.49","No",,"Yes","41","41","0","0","41","1848.95","0","0","0","0","0","0","41","0","0","41",
"RPALH503","X002I8YV73","B0GL1LDVY7","Push to Open Heavy Duty, 2 Pack Opener Door Catch for Cupboard Grey Spring Release Touch Latch Drawer Door for Closet Closing Closure Spring Push Latch Roller Catch","New","7.79","No",,"Yes","75","68","1","3","165","99.96","0","90","0","0","0","0","68","0","3","71",
"RPALH504","X002I8TKO7","B0GL1YQYDH","Snoring Chin Strap Anti Snoring Aid for Women & Men (Black)","New","3.79","No",,"Yes","62","61","0","1","62","99.96","0","0","0","0","0","0","61","0","0","61",
"RPALH505","X002I92U3T","B0GL1WRV1Y","7 Day Pill Organiser | BPA-Free Wheat Straw Medicine Organiser | Weekly Tablet Container | Aesthetic Medication Organizer Pill Box | Cute Travel Vitamin Case (Soft Pink)","New","7.39","No",,"Yes","15","15","0","0","15","535.86","0","0","0","0","0","0","15","0","0","15",
"RPALH508","X002I8WUQR","B0GL2BQ66W","2 Pack Heavy Duty Suction Cups, 5.5CM Car Dent Puller & Glass Lifter – Dual-Purpose Dent Removal Tools for Car Repair, Furniture, Tiles, Windows, Phone Holder ，small dent puller，dent puller","New","6.09","No",,"Yes","27","26","1","0","27","999.94","0","0","0","0","0","0","26","0","0","26",
"RPALH509","X002I8ZZOV","B0GL26VXDJ","Seasoning Bottle, Stainless Steel Spice Jar with Rotating Lids, BBQ Shaker Storage Containers, Spice Bottles for Kitchen, Cooking, Salt, Black Pepper, Seasonings","New","7.19","No",,"Yes","19","19","0","0","19","99.96","0","0","0","0","0","0","19","0","0","19",
"RPALH510","X002IG82W5","B0GMP2QTL6","MNFPSJB 1pcs Bite Alarms Carp Fishing Swingers Bobbins for Fishing Alarm Indicator,Chain Bite Alarm Tools Green","New","6.94","No",,"Yes","11","11","0","0","11","99.96","0","0","0","0","0","0","11","0","0","11",
"RPALH511","X002IGDCZ7","B0GMNRXT12","MNFPSJB Pressure Washer Sewer Jetter Nozzle, Stainless Steel 5000 PSI Drain Cleaning Nozzle, 1/4"" Quick Connector, 1 Front 6 Rear Jet Holes for Pipe Dredging","New","5.69","No",,"Yes","9","9","0","0","9","99.96","0","0","0","0","0","0","9","0","0","9",
"RPALH512","X002I95603","B0GL24YWWS","4 PCS Flat Hair Clips, Flat for Women, French Hair Claw Clips for Long Short for Women Girls Thick Daily Use Weddings Parties Sports","New","6.49","No",,"Yes","17","17","0","0","17","99.96","0","0","0","0","0","0","17","0","0","17",
"RPALH513","X002I96M0B","B0GL2FT9CN","2PCS Retractable Keychain,Heavy Duty Badge Reel with 23.6'' Steel Cord,Retractable Keyring Extendable Key Chain Heavy Duty Key Lanyard Belt Clip Badge Holder Pull Reel for Outdoor (Black)","New","7.49","No",,"Yes","23","23","0","0","23","99.96","0","0","0","0","0","0","23","0","0","23",
"RPALH514","X002I96CU1","B0GL2FDXNY","Clutch Brake Pedal Pads Cover Kit for Citroen, Rubber Clutch Brake Pedal Cap for Citroen Dispatch Berlingo Peugeot 306 Rubbers, Replacement Automobile Accessories, 9120804880, 450412, 4504.12","New","7.89","No",,"Yes","38","35","0","2","38","99.96","0","0","0","0","0","0","35","0","1","36",
"RPALH515","X002I97WIR","B0GL262KNB","Fashion Vintage Celtic Knot Hair Clip Metal Barrettes Hair Accessories Pattern Engraved Headwear Styling Gifts for Women Girls (Silver)","New","7.39","No",,"Yes","0","0","0","0","0","99.96","0","0","0","0","0","0","0","0","0","0",
"RPALH516","X002I97XR7","B0GL2LWRVT","MNFPSJB 3 Pairs (6 Pcs) Black Plastic Wheelie Bin Lid Hinge Pins, Replacement Tilting Mechanism Parts for 240L Outdoor Household & Commercial Waste Bins","New","6.69","No",,"Yes","10","10","0","0","10","999.94","0","0","0","0","0","0","10","0","0","10",
"RPALH517","X002IG83J7","B0GMNXRTS5","MNFPSJB 2 Pcs 120ml Reusable Squeeze Bottles with Nozzles – Leak-Proof Portable Applicator for Shampoo, Crafts, Travel | Graduated, Eco-Friendly PE Plastic (Red Caps)","New","5.99","No",,"Yes","11","10","0","1","41","99.96","0","30","0","0","0","0","10","0","0","10",
"RPALH518","X002I97435","B0GL28G6K4","Green Solid Hair Claws Large Clips Strong Hold Big Claw Barrettes for Women Girls Thick Thin Long Hair No Slip Square Hairpin","New","5.39","No",,"Yes","19","18","0","1","39","99.96","0","20","0","0","0","0","18","0","0","18",
"RPALH519","X002IFR3RL","B0GMHMVRZK","5PCS Anti-Lost Silicone Rubber Rings 20mm Diameter Black Non-Lost O Rings Multipurpose Necklace Lanyard Replacement Pendant Carrying Kit for Pens Device Keychains Office Supplies","New","5.09","No",,"Yes","38","31","0","0","39","99.96","0","0","1","0","0","0","31","0","7","38",
"RPALH520","X002I9PTMX","B0GL51LTYS","4PCS Cartoon Acrylic Food Clips, Big Eye Bag Clips for Snacks and Kitchen, Reusable Plastic Clip for Food Bag Sealing, Great for Freezer Bags Lunch Bags Coffee Pantry Organization Travel","New","5.29","No",,"Yes","43","42","0","1","43","99.96","0","0","0","0","0","0","42","0","0","42",
"RPALH521","X002I9ICN1","B0GL4QRNN1","Kitchen Sink Strainer, High-Density Mesh Stainless Steel Sink Food Catcher, Anti-Slip Design for Universal Fit in Kitchen Bathroom Utility Sinks","New","4.49","No",,"Yes","8","8","0","0","28","99.96","0","20","0","0","0","0","8","0","0","8",
"RPALH523","X002I9PWJD","B0GL5JTYX2","MNFPSJB Pink Bow Round Mouse Pad, Cute Travel Mousepad with Non-Slip Rubber Base, Ultra Smooth Surface Aesthetic Computer Mouse Mat for Laptop Wireless Mouse, Kawaii Office Accessories, 7.88×7.88 Inch","New","4.59","No",,"Yes","0","0","0","0","0","99.96","0","0","0","0","0","0","0","0","0","0",
"RPALH524","X002I9VNZF","B0GL7QDHSS","5ml Measuring Spoons, Tablespoon Coffee Scoop for Powder Collagen Supplements Spoon Set Matcha Spoon Kitchen Gold Stainless Steel Measuring Spoons for Milk Powder Sugar Flour Ground Coffee","New","4.19","No",,"Yes","31","20","0","11","31","99.96","0","0","0","0","0","0","20","0","0","20",
"RPALH525","X002IA4KN1","B0GL7B5P1X","Long Handle Spork and Spoon Eco-Friendly Ultralight Portabale Flatware for Outdoor Camping Backpacking Hiking Travel Picnic Tableware with Bag(Sandblasting Spork)","New","5.29","No",,"Yes","24","24","0","0","24","999.94","0","0","0","0","0","0","24","0","0","24",
"RPALH526","X002IGEUXF","B0GMPC9H3Z","10 Pairs Gold Flower Metal Press Studs Fasteners, Large Sewing Snap Fasteners and Press Studs for Clothing, Snap Buttons Sew on Clothing Coats Jackets, DIY Sewing Crafts Supplies","New","5.99","No",,"Yes","48","48","0","0","48","99.96","0","0","0","0","0","0","48","0","0","48",
"RPALH527","X002IGG1YV","B0GMPY677Z","18th Birthday Gifts for Women Best Friend Daughter Funny 18 Year Old Birthday Gift for Her The Princess is 18 Cute Makeup Bag Celebrate Turning Eighteen","New","4.89","No",,"Yes","10","10","0","0","10","99.96","0","0","0","0","0","0","10","0","0","10",
"RPALH528","X002IA8KYB","B0GL8BSTR6","Silicone Spatula Spoon for Cooking, High Heat Resistant Rubber Spatula Commercial Heavy Duty Silicone Scraper with Handle for Kitchen Baking Cooking, Non Abrasive and Stain Resistant","New","5.09","No",,"Yes","46","45","0","1","46","357.73","0","0","0","0","0","0","45","0","0","45",
"RPALH529","X002IGI4NR","B0GMQC8J4Q","5 Sheets Letter Stickers, Gold Letter Stickers, Self Adhesive Letters, Waterproof Glitter Alphabet Decals for Mailbox Water Bottle DIY Art Craft Notebook Scrapbook Card","New","4.49","No",,"Yes","53","49","0","1","53","934.72","0","0","0","0","0","0","49","0","3","52",
"RPALH531","X002IACYD9","B0GL8C7KPN","Christian Art Gifts Metal Bookmark Bible Verse Inspirational Bookmark for Women -for I Know The Plans - Jeremiah 29:11","New","4.89","No",,"Yes","11","11","0","0","41","70.14","0","30","0","0","0","0","11","0","0","11",
"RPALH532","X002IG8B17","B0GMPR6X6S","MNFPSJB Small Spray Bottle 2-Pack 100ml Fine Mist Travel Spray Bottles | Portable Refillable Bottles for Toiletries & Cosmetics","New","5.89","No",,"Yes","14","10","0","4","54","99.96","0","40","0","0","0","0","10","0","0","10",
"RPALH534","X002IGFM73","B0GMPKQH1T","48 Premium Football Stickers for Kids - 3cm Vinyl Soccer Ball Decals for Scrapbooks, Party Decorations & Rewards - for Sports Parties, Team Gifts & School Projects","New","4.69","No",,"Yes","40","40","0","0","40","99.96","0","0","0","0","0","0","40","0","0","40",
"RPALH535","X002IA75UV","B0GL8FJ533","MNFPSJB 4Pcs Bandana Hair Scarf for Women, Fashion Boho Headband Accessory, 90 x 6cm Neck Scarf, Soft Lightweight Gift Ready","New","5.99","No",,"Yes","129","122","0","1","129","160.27","0","0","0","0","0","0","122","0","6","128",
"RPALH536","X002IAI2F3","B0GL8BDZ5G","2PCS Tartan Bow Knot Hair Clips, Red Plaid, Scottish Bow Hair Barrettes, Elegant Hairpins, Fashion Festive Accessories","New","4.39","No",,"Yes","47","46","0","1","47","99.96","0","0","0","0","0","0","46","0","0","46",
"RPALH537","X002IGFENP","B0GMPYLZ38","Cable Ties Reusable, 5 Rolls Fastening Tape with Hook and Loop Nylon Straps Organizer, 30 Foot Wire Cord Tape Fastening Straps for Management TV, Computer, Home/Office - 5PCS x 2M","New","5.69","No",,"Yes","19","19","0","0","19","99.96","0","0","0","0","0","0","19","0","0","19",
"RPALH539","X002IAEKMH","B0GL8CZXC1","Engine Coolant Temperature Sensor With Seal Ring For Vauxhall Opel Astra H J Corsa D E Insignia A Meriva A B Zafira B C Vectra Signum Chevrolet Cruze Orlando Aveo 1338370 6338045 55591401","New","7.99","No",,"Yes","21","21","0","0","21","99.96","0","0","0","0","0","0","21","0","0","21",
"RPALH540","X002IA7NKX","B0GL85BBJ1","4pcs A4 Files Folder Fresh Floral Document Bag, PVC Envelope Folder Document with Snap Button for School Home Work Office Organization Clear Colours Folders for Paperwork Plastic Folders","New","6.99","No",,"Yes","56","52","1","1","56","1930.89","0","0","0","0","0","0","52","0","2","54",
"RPALH542","X002IADZO1","B0GL83NZF4","2PCS Shower Floor Drain Backflow Preventer Sewer Core Anti-Odor Plug for Kitchen Bathroom","New","7.69","No",,"Yes","40","40","0","0","43","99.96","0","0","3","0","0","0","40","0","0","40",
"RPALH543","X002IABAE3","B0GL8L25SM","MNFPSJB Universal Hand Strap For 4-8 Innch E-readers, With A Retractable Reading Stand And A Versatile, Lightweight Finger Grip Clip","New","5.89","No",,"Yes","35","35","0","0","35","99.96","0","0","0","0","0","0","35","0","0","35",
"RPALH544","X002IGD5TZ","B0GMN9RLZ3","MNFPSJB Pack of 3 First Aid Kit Located Here Signs, Green High-Visibility Self-Adhesive Stickers, Durable Weatherproof for Office Factory Public Spaces","New","6.59","No",,"Yes","10","10","0","0","10","99.96","0","0","0","0","0","0","10","0","0","10",
"RPALH546","X002IA0FZX","B0GL8FVQQT","Clover Brooch, Clover, Garment Badge With Pearls, Scarves, Shawls, Hats, Ornaments","New","4.79","No",,"Yes","22","22","0","0","22","99.96","0","0","0","0","0","0","22","0","0","22",
"RPALH548","X002IAHRCH","B0GL89TN15","Lily Of The Valley Brooch Gifts, Queen Elizabeth's Favourite Flower White","New","7.09","No",,"Yes","42","42","0","0","42","130.28","0","0","0","0","0","0","42","0","0","42",
"RPALH549","X002IAVRWN","B0GL8GJ9VR","MNFPSJB Set of 2 Jar & Bottle Openers, Non-Slip Ergonomic Grip Can Openers, Durable ABS Lid Openers for Weak Hands, Fits Various Jar Lids & Bottle Caps","New","4.69","No",,"Yes","10","10","0","0","10","99.96","0","0","0","0","0","0","10","0","0","10",
"RPALH552","X002I9ZGGH","B0GL7K8VGD","White Rose Lovely Flower Crystal Brooch for Women and Girls","New","7.99","No",,"Yes","29","25","0","4","29","99.96","0","0","0","0","0","0","25","0","0","25",
"RPALH553","X002IGG37B","B0GMPXWL8T","MNFPSJB Diabetic Food Chart Your Grocery & Shopping List for Nutrition that Supports Blood Sugar Control and Diabetes Management Diabetes Food List","New","5.29","No",,"Yes","2","1","0","1","32","364.12","0","30","0","0","0","0","1","0","0","1",
"RPALH554","X002I9TUYV","B0GL7N4ZDP","6 Pairs Heel Cushion Pads, Shoe Back Cushion Pads, Heel Grips for Trainers Loose Shoes Unisex (Grey*3 Pairs, Black*3 Pairs)","New","4.29","No",,"Yes","41","41","0","0","41","99.96","0","0","0","0","0","0","41","0","0","41",
"RPALH555","X002IGANX1","B0GMPXL7CW","Makeup Bag 'I’m Not Dramatic, I’m Theatrical' Zipper Makeup Bag","New","4.99","No",,"Yes","12","12","0","0","42","99.96","0","30","0","0","0","0","12","0","0","12",
"RPALH556","X002IA4GXZ","B0GL7JWPWM","2PCS Bike 8mm Hex Crank Arm Fixing Bolts Screws with Caps - Capless Bottom Bracket Screws for Mountain and Road Bikes","New","4.89","No",,"Yes","82","55","0","4","82","161.08","0","0","0","0","0","0","55","0","23","78",
"RPALH557","X002IB5BK1","B0GLF55RM6","2 Pack Buggy Clips Pram Clips Stroller Hooks Pushchair Hooks for Hook Your Shopping Bags, Handbag or Change Bag on Your Stroller, Pram or Pushchair, Universal Fit, Black","New","5.19","No",,"Yes","10","9","0","1","90","99.96","0","80","0","0","0","0","9","0","0","9",
"RPALH558","X002I9XLKZ","B0GL7JT7ZB","MNFPSJB Bra Extenders 2 Hooks for Women: 9 Pcs Elastic Bra Strap Extender with 3 Rows for Daily Wear - Soft Comfortable Extensions Ideal for Plus Size (Black, White, Skin Colors)","New","4.09","No",,"Yes","25","22","0","3","55","99.96","0","30","0","0","0","0","22","0","0","22",
"RPALH561","X002IB0MG9","B0GLFCL8ZY","4 Pcs Sweat Bands Wristbands,Sweats Wrist Band Men Sweatband Wristband Black Athletic Elastic Cotton Strip Bracelet Soft Protect Sweat-Absorbing,for Mens Womens Tennis Running Basketball Gymnastics","New","4.59","No",,"Yes","36","36","0","0","36","99.96","0","0","0","0","0","0","36","0","0","36",
"RPALH562","X002IAXWTT","B0GLDW17KX","5 Pcs Sports Headband for Boys, Elastic Sports Hairbands Non Slip, Thin Football Headbands, Running Hairbands, Sweat Bands for Kids, Women, Girls","New","4.59","No",,"Yes","13","4","0","9","13","99.96","0","0","0","0","0","0","4","0","0","4",
"RPALH563","X002I9MUVB","B0GL6XCYX9","MNFPSJB 6 PCS Invisible Pant Leg Clips, Plastic Trouser Hem for Jeans and Trousers, Discreet Pant Leg Fasteners to Make Pants Tighter, Easy Install Portable Hem Clips for Daily Wear","New","4.19","No",,"Yes","29","23","0","6","29","99.96","0","0","0","0","0","0","23","0","0","23",
"RPALH564","X002IGFYSF","B0GMQ7PYP3","2 Pack Metal Kazoo Musical Instruments, With Lanyard, 2 Colors Kazoo, For Kids Music Lover, A Good Companion For Guitar, Ukulele, Violin, Piano Keyboard","New","4.69","No",,"Yes","77","72","0","5","187","99.96","0","110","0","0","0","0","72","0","0","72",
"RPALH567","X002I986W3","B0GL2DYD73","2pcs Egg Membrane Chalaza Remover Tongs, 5.98 Inch Toothed Design Eggshell Fragment Tong Stainless Steel Multipurpose Kitchen Tool for Cooking Food Cake Bakers Pastry Chefs (Black, Silver)","New","4.59","No",,"Yes","22","22","0","0","22","99.96","0","0","0","0","0","0","22","0","0","22",
"RPALH568","X002I98NBR","B0GL27PCF8","Silk Scarf Ring Brooch, Silver Irregular Simple Scarf Ring Geometric Shawl Scarves Brooch Clip Fashion Dress Accessories Jewelry for Women","New","3.89","No",,"Yes","22","21","0","1","22","57.52","0","0","0","0","0","0","21","0","0","21",
"RPALH569","X002IGHSST","B0GMQN9C9T","Knot Tying Tool Set With Hook Covers, 4 Pack Accessories For Sea, Safe Hook Guard, Braid-to-Leader Knot Helper, Transport Fully Rigged Rods, Blue, Compact 2.5×4 Cm Size","New","4.79","No",,"Yes","22","20","0","2","22","99.96","0","0","0","0","0","0","20","0","0","20",
"RPALH570","X002I96EWR","B0GL25JYWT","2PCS Happy Spoon Multifunctional Lickable Cat Treats Squeeze up Cat Liquid Snack Feeding Spoon","New","4.99","No",,"Yes","30","30","0","0","30","3578.93","0","0","0","0","0","0","30","0","0","30",
"RPALH571","X002I94S5H","B0GL2LS2L3","20 Pairs Corded Ear Plugs， Reusable Silicone Earplugs Sleep Noise Cancelling, for Noise Cancelling and Hearing Protection (Orange)","New","4.79","No",,"Yes","56","54","0","2","56","99.96","0","0","0","0","0","0","54","0","0","54",
"RPALH572","X002I94WFX","B0GL2M9W45","4pcs Mini Gold Spoon, Mini Shovel, Pendants, Necklace Vials - Metal, Home Supplies, DIY Necklace, Key Chain","New","4.49","No",,"Yes","14","14","0","0","33","99.96","0","19","0","0","0","0","14","0","0","14",
"RPALH573","X002IB0MD7","B0GLF553KP","50 PCS Under-Desk Cable Management, Self-Adhesive and Reusable, Computer Cable Organizer","New","4.39","No",,"Yes","6","6","0","0","6","99.96","0","0","0","0","0","0","6","0","0","6",
"RPALH574","X002IGJ46D","B0GMQH1BK7","2pcs Double Round Necklace Clasp and Closure - Mental Safety Clasp for Jewelry Making Bracelets (Gold)","New","5.79","No",,"Yes","71","69","0","2","71","30.64","0","0","0","0","0","0","69","0","0","69",
"RPALH576","X002I93ZFL","B0GL22L9SS","MNFPSJB But Did You Die Keychain, Personalized Custom Motorcycle Key Tag Keyring Hand Wrist Lanyard Wristlet for Luggage Funny Key Chain Ring Accessories for Car Scooters Trucks Dirt Bike","New","5.19","No",,"Yes","37","34","0","1","67","99.96","0","30","0","2","0","0","34","0","0","34",
"RPALH577","X002I97HDH","B0GL25DY6Y","Oval French Barrette Hair Clips, Vintage Metal Gold Hair Clip, Elegant French Clip for All Hairs, Gold Hairs Barrettes for Wedding Prom & Formal Events Valentine's Day","New","4.49","No",,"Yes","48","39","0","8","48","127.49","0","0","0","0","0","0","39","0","1","40",
"RPALH578","X002I947L7","B0GL25HGRG","20PCS Hair Clips for Styling Sectioning Duck Billed Non Slip No-Trace Hair Clips 7.5cm/2.95'' Matte Black Plastic Hairdressing Sectioning Clip for Hairdresser Women Men Professional Salon","New","4.59","No",,"Yes","0","0","0","0","0","99.96","0","0","0","0","0","0","0","0","0","0",
"RPALH579","X002I97SL3","B0GL29YZV9","336pcs Colorful Map Location Marker Pointer,Map Location Stickers Self Adhesive Peel and Stick Indicator Labels for Marking Camping Adventure Sites Travel Destinations","New","4.09","No",,"Yes","59","59","0","0","59","99.96","0","0","0","0","0","0","59","0","0","59",
"RPALH580","X002I8Y65F","B0GL1C1GC6","5ml Measuring Spoon for Powder Gold Stainless Steel Collagen Supplements Scoop Long Handle Tablespoon Scoop for Coffee,Milk Powder, Loose Tea, Sugar, Flour","New","4.19","No",,"Yes","10","9","0","0","10","99.96","0","0","0","1","0","0","9","0","0","9",
"RPALH581","X002I8T7EZ","B0GL1NJNNX","MNFPSJB Stainless Steel Egg Separator, Egg White Yolk Divider Strainer Spoon, Professional Kitchen Baking Tool for Cakes Meringues Mayonnaise","New","5.19","No",,"Yes","18","17","0","0","18","99.96","0","0","0","1","0","0","17","0","0","17",
"RPALH582","X002IGC8AR","B0GMMDBTVW","MNFPSJB 2PCS Pearl Rhinestone Cufflinks for Women, Elegant Clip-On Pearl Flower Button Covers, Detachable Shirt Button Clips, Rhinestone Embellishments for Shirt Cuffs, Dresses & Formal Wear","New","3.49","No",,"Yes","0","0","0","0","0","99.96","0","0","0","0","0","0","0","0","0","0",
"RPALH584","X002I8MO8L","B0GL1D8MW1","Scoop and Pick Jar Spoon and Fork, for Olives in Jars - Green","New","3.69","No",,"Yes","7","7","0","0","7","99.96","0","0","0","0","0","0","7","0","0","7",
"RPALH585","X002I8MS8R","B0GL17HL6M","Egg Slicer, Stainless Steel Eggs Cutter, Mushroom Cutter Tomato Sectioner Potato Press Machine Splitter Multi Purpose Slicer for Slicing Potatoes, Carrots, Mushrooms","New","3.89","No",,"Yes","10","10","0","0","10","99.96","0","0","0","0","0","0","10","0","0","10",
"RPALH591","X002I8VDXX","B0GKZVHTGR","2-piece Universal Bathtub Stopper With Stainless Steel Chain, Replacement Bathtub Plug, 42-45mm","New","4.79","No",,"Yes","24","24","0","0","24","99.96","0","0","0","0","0","0","24","0","0","24",
"RPALH592","X002I8W80F","B0GL113WS7","MNFPSJB Secure Hand Strap for Kindle E-Readers and Paperwhite, High-Elasticity Versatile Grippy Holder for 6-8"" E-Readers Tablet Phones, Non-Slip, Lightweight and Compact Strapsicle for Kindle","New","3.69","No",,"Yes","0","0","0","0","0","99.96","0","0","0","0","0","0","0","0","0","0",
"RPLH260301","X002J2N6V5","B0GR9F35K8","2PCS Baggy Rack Holder for Food Prep Bag, Sandwich Bag Holder, Food Storage Clip for Zipper Bags Freezer Bags Food Prepare Meal Planning Bag,food,bag holders for meal prep，plastic","New","6.69","No",,"Yes","36","33","0","3","36","1587.25","0","0","0","0","0","0","33","0","0","33",
"RPLH260302","X002J2QWO3","B0GR92JRYP","MNFPSJB Hose Tap Connector 3/4 inch and 1/2 inch BSP 2in1 Plastic Outdoor Graden Hose Tap Connector Threaded Faucet Adapter (2Pack)","New","6.19","No",,"Yes","52","51","0","1","52","99.96","0","0","0","0","0","0","51","0","0","51",
"RPLH260306","X002J2XRT1","B0GR9HDVD4","MNFPSJB Unisex White Compression Sports Socks, Breathable Mesh Ankle Support Socks for Running, Basketball, Hiking, Fitness Training & All-Day Wear","New","4.59","No",,"Yes","0","0","0","0","0","99.96","0","0","0","0","0","0","0","0","0","0",
"RPLH260307","X002JMASDT","B0GTV3GQKQ","MNFPSJB Camera Lens Protector for Samsung Galaxy S25 Ultra 5G, 9H Tempered Glass Metal Individual Ring Cover, Easy Installation Tray, HD Clear, 1 Set (Black)","New","4.59","No",,"Yes","67","64","0","3","67","46.38","0","0","0","0","0","0","64","0","0","64",
"RPLH260308","X002JM73A5","B0GTTXGMQW","MNFPSJB Night Driving over Glasses, Anti Glare Headlight Fit over Glasses, Yellow Polarised Night Vision Glasses for Men & Women","New","7.49","No",,"Yes","19","11","0","8","19","99.96","0","0","0","0","0","0","11","0","0","11",
"RPLH260309","X002JLFNDZ","B0GTQ52S7Q","MNFPSJB 3D Floral Press On Nails Medium Long Almond Shape, Brown Glossy Full Cover False Nails with Autumn Flower Design, Reusable Gel Artificial Nails Kit with Nail File & Jelly Glue Stickers for Wom","New","4.39","No",,"Yes","26","26","0","0","26","99.96","0","0","0","0","0","0","26","0","0","26",
"RPLH260311","X002JLE9CL","B0GTQ92FQJ","Individual Eyelashes Cluster Lashes Mix 8-16mm D Curl Lash Extensions DIY At Home Natural Wispy False Lashes 100D 0.07 Volume Fake Eyelashes Reusable","New","5.29","No",,"Yes","30","29","0","1","30","99.96","0","0","0","0","0","0","29","0","0","29",
"RPLH260312","X002JLBX4N","B0GTQT2HPT","MNFPSJB Handheld Cheese Grater Lemon Zester, Stainless Steel Fine Micro Grater with Non-Slip Handle, Mini Kitchen Grater for Hard Cheese Ginger Chocolate Citrus Garlic Nutmeg Food Prep","New","6.49","No",,"Yes","26","24","0","2","26","242.53","0","0","0","0","0","0","24","0","0","24",
"RPLH260313","X002JLFY6B","B0GTQPSMLF","MNFPSJB 2 Pack CR8E Spark Plugs, 10mm Thread Motorcycle Spark Plug Replacement, High Performance Ignition Parts, Improved Fuel Efficiency, Replaces RG94C for Motorbike Engine Maintenance","New","6.09","No",,"Yes","30","30","0","0","30","99.96","0","0","0","0","0","0","30","0","0","30",
"RPLH260315","X002JLSO4Z","B0GTT6BQRK","MNFPSJB RFID Blocking Credit Card Holder, 20 Card Slots Slim PU Leather Zipper Wallet with 2 ID Pockets, Compact RFID Card Protector Wallet for Men and Women Daily Use, Black","New","4.89","No",,"Yes","30","30","0","0","30","99.96","0","0","0","0","0","0","30","0","0","30",
"RPLH260316","X002JLSRQF","B0GTSD9G81","MNFPSJB 4Pcs Nose Fixing Clips, Lightweight Portable Nasal Clips for Nosebleed Stopper, Comfortable Breathing Aid with Non-Slip Design for Home Daily Use and Travel","New","7.59","No",,"Yes","45","41","0","4","45","99.96","0","0","0","0","0","0","41","0","0","41",
"RPLH260317","X002JMJEX9","B0GTV7234J","MNFPSJB 1PCS Heart Shaped Silicone Molds, Non-Stick Food Grade Chocolate Candy Moulds, Heat Resistant Baking Molds for Cake Decorations, Candles, Bath Bombs, Jelly & Wedding Favours","New","5.69","No",,"Yes","28","26","0","2","28","99.96","0","0","0","0","0","0","26","0","0","26",
"RPLH260318","X002JMSNOF","B0GTTTB9Y6","MNFPSJB Unisex Retro Round Glasses, Vintage Gold Metal Frame Clear Lens Eyeglasses, Lightweight Fashion Eyewear for Daily Wear Cosplay Parties","New","4.39","No",,"Yes","52","39","1","12","52","101.93","0","0","0","0","0","0","39","0","0","39",
"RPLH260319","X002JMG80B","B0GTV277S1","MNFPSJB Polarized Clip On Sunglasses for Men Women, Anti-Glare UV400 Protection Flip Up Sunglasses for Driving Travel Outdoor Sport, Black","New","5.89","No",,"Yes","24","22","0","2","24","99.96","0","0","0","0","0","0","22","0","0","22",
"RPLH260320","X002JMNNRH","B0GTV4B6YT","A-Z Personalized Makeup Bag,Birthday Gifts for Women Mom,Gifts for Best Friend,Bride Bridesmaid Cosmetic Bag(A)","New","5.49","No",,"Yes","30","30","0","0","30","99.96","0","0","0","0","0","0","30","0","0","30",
"RPLH260321","X002JM541F","B0GTTHTXXF","Nana Spoon Gifts from Grandchildren Grandkids, Good Morning Nana Spoons for Grandma Grandmother Mothers Day Birthday Gift for Nana Nanny Tea Coffee Engraved Spoon for Coffee Lover Gift","New","5.39","No",,"Yes","31","29","0","1","31","99.96","0","0","0","1","0","0","29","0","0","29",
"RPLH260322","X002JM32GT","B0GTT19FTN","Pack of 6 Light Mixed Brown 20mm Round Faux Horn Sew On Plastic Buttons for Coats Jackets Cardigans Flat 4 Holes 32L","New","4.79","No",,"Yes","48","21","0","0","48","99.96","0","0","0","0","0","0","21","0","27","48",
"RPLH260323","X002JM4IZD","B0GTTL2HQ5","Ear Hooks Ear Hook for AirPods 1 AirPods 2 AirPods 3 AirPods Pro/Pro 2, Sports Activity Headset Ear Hooks for Apple AirPods 1 AirPods 2 AirPods 3 AirPods Pro/Pro 2-White","New","6.99","No",,"Yes","35","33","0","2","35","99.96","0","0","0","0","0","0","33","0","0","33",
"RPLH260324","X002JM54TH","B0GTTHKN54","Ear Plugs for Sleep, Hearing Protection Ear Plugs Noise Cancelling 30dB, Reusable Soft Silicone Earplugs for Sleep, Focus, Travel or Concerts, Ear Tips in XS/S/M/L - Black","New","4.39","No",,"Yes","28","25","0","3","28","99.96","0","0","0","0","0","0","25","0","0","25",
"RPLH260325","X002JMBHU7","B0GTTXTKFD","MNFPSJB Funny Charging Cable Organiser Pouch, Zipper Toiletry Bag, Portable Travel Charger Organiser for Women Men, White Modern Style for Cables, Cosmetics & Essentials","New","4.79","No",,"Yes","30","28","0","2","30","99.96","0","0","0","0","0","0","28","0","0","28",
"RPLH260326","X002JLXM01","B0GTTNQH9W","MNFPSJB 2PCS Pull Cord Handle, Recoil Starter Pull, Gasoline Engine Pull Starter Grip, Replacement Recoil Starter for Lawn Mower, Generator, Chainsaw, Trimmer, Edger Brush Cutter, Engine Parts","New","5.39","No",,"Yes","30","29","0","1","30","99.96","0","0","0","0","0","0","29","0","0","29",
"RPLH260327","X002JM6HUR","B0GTTHPQC1","MNFPSJB 6 Pack Professional Hair Clips for Styling Sectioning, 11cm Black Non Slip No-Trace Duck Billed Hair Clips with Silicone Band for Salon Home Hairdressing","New","4.59","No",,"Yes","29","26","0","3","29","99.96","0","0","0","0","0","0","26","0","0","26",
"RPLH260328","X002JM6NXD","B0GTTFLCRT","4Pcs Walker C-Clamp Accessories, Grey C-Type Buckle for Aidapt Commode Walker & Perch Stool, 22mm Tube 25mm Pin","New","4.39","No",,"Yes","45","43","0","2","45","144.7","0","0","0","0","0","0","43","0","0","43",
"RPLH260329","X002JMNR8R","B0GTV8T46V","2 Pcs Toilet Seat Fixings, Toilet Seat Bottom Fixing Replacement Service Nuts for Toilet Bathroom","New","5.09","No",,"Yes","22","21","0","1","22","99.96","0","0","0","0","0","0","21","0","0","21",
"RPLH260330","X002JM8I8B","B0GTV636FL","MNFPSJB Hexagonal Polarised Sunglasses for Women Men, Trendy Small Square Frame Gold Brown TAC Lenses, UV400 Protection Lightweight Metal Alloy Sunnies for Driving Fishing Outdoor Daily Wear","New","4.99","No",,"Yes","8","5","0","3","8","99.96","0","0","0","0","0","0","5","0","0","5",
"RPLH260331","X002JMNYF3","B0GTVC4QKB","MNFPSJB 3 Pack Heart Shaped Hair Clips, Red Pink Watermelon Red Plastic Hair Barrettes, 3cm Mini Hair Accessories for Valentine’s Day Party Dating, Fits All Straight Curly Braided Hair","New","4.29","No",,"Yes","29","29","0","0","29","99.96","0","0","0","0","0","0","29","0","0","29",
"RPLH260332","X002JMNW4L","B0GTV881TT","MNFPSJB 3Pcs Sunflower Hair Clips for Adult Women, Yellow Floral Barrettes, Elegant Hair Accessories for Wedding Bridal Party Beach Vacation Daily Wear, All Hair Types","New","4.69","No",,"Yes","23","23","0","0","23","99.96","0","0","0","0","0","0","23","0","0","23",
"RPLH260333","X002JMWBHZ","B0GTVTKDFV","Pack of 2 Rave Stickers, Eyeliner Gems, Rhinestones, Festival, Eyeliner, Face, Bindi Decorations, Glitter, Crystal Stickers for Men, Women, Children, Halloween, Prank, Make Up Costume","New","4.39","No",,"Yes","19","19","0","0","39","99.96","0","20","0","0","0","0","19","0","0","19",
"RPLH260335","X002JMRBQ1","B0GTVT5TNH","Cycling Bandana Skull Cap, Cooling Durag Helmet Liner, Sweat Head Scarf Running Hat Beanie for Men Cycling Motorcycle Running Black","New","6.99","No",,"Yes","43","42","0","1","43","220.08","0","0","0","0","0","0","42","0","0","42",
"RPLH260336","X002JMO71D","B0GTVJ1BRL","MNFPSJB Cycling Skull Cap Helmet Liner, Cooling Mesh Cycling Caps Under Helmet, Sweat Running Hat Beanie for Men Women Black","New","6.59","No",,"Yes","30","28","0","2","30","99.96","0","0","0","0","0","0","28","0","0","28",
"RPLH260337","X002JMVS8D","B0GTVFTSYZ","90 Degree Door Lock Hasp Latch, Stainless Steel Right Angle Sliding Door Locking Latch, Bending Buckle Bolt Lock for Push Sliding Barn Door Window (Silver)","New","5.09","No",,"Yes","12","12","0","0","52","99.96","0","40","0","0","0","0","12","0","0","12",
"RPLH260338","X002JMUZJV","B0GTVNCYDZ","Shower Cap for Women Fashion-Forward, with Double Layer, Waterproof, Reusable, Express Your Unique Style with Bold and Chic Leopard Print Shower Cap，bonnet for curly hair，satin bonnet for sleeping","New","6.49","No",,"Yes","30","30","0","0","30","99.96","0","0","0","0","0","0","30","0","0","30",
"RPLH260340","X002JMN4U3","B0GTV5PQLW","55cm portable woven pet dog leash - anti slip and wear-resistant traction rope, suitable for small and medium-sized dogs, essential for safe pet walking","New","5.19","No",,"Yes","10","10","0","0","10","99.96","0","0","0","0","0","0","10","0","0","10",
"RPLH260341","X002JMRJW7","B0GTV7ZRPH","MNFPSJB Red Carrot Shaped Drain Soap Box - Cute Cartoon Dustproof Moisture Proof Soap Storage Holder for Bathroom, Toilet, Travel & Car","New","4.59","No",,"Yes","10","9","0","1","10","99.96","0","0","0","0","0","0","9","0","0","9",
"RPLH260342","X002JOHVLT","B0GV236K31","10Pcs Hair Combs Slides for Women Small Metal 1.6 Inch Five Tooth Side Hair Combs Secure Hold Mini Insert Headdress for Wedding and Daily Use","New","5.49","No",,"Yes","49","48","0","1","49","99.96","0","0","0","0","0","0","48","0","0","48",
"RPLH260343","X002JQA5ND","B0GV5KB28Z","Heard Nurse Badge Reel for Nurses Id Badge Holder Retractable for Women Nursing Id Holder Clip for Doctor Nurse Retractable Reel for Student Leopard Print","New","5.09","No",,"Yes","17","17","0","0","37","99.96","0","20","0","0","0","0","17","0","0","17",
"RPLH260344","X002JOHK0B","B0GV219N6L","8Pcs Lobster Clasp Extenders, Mini Bracelet Necklace Extender, Lanyard Snap Hook, Jewelry Lobster Clasp for DIY Bracelet Necklace Making","New","4.59","No",,"Yes","28","15","0","13","28","85.54","0","0","0","0","0","0","15","0","0","15",
"RPLH260345","X002JORHN1","B0GV238L3H","MNFPSJB Silver Diamante Hair Clips for Women, Sparkling Flower Design Hair Pins, Elegant Wedding Bridal Hair Accessories for Long Hair Braids Updos, Perfect for Prom Parties Daily Wear","New","4.69","No",,"Yes","51","50","0","1","51","99.96","0","0","0","0","0","0","50","0","0","50",
"RPLH260346","X002JOP2LP","B0GV26148Z","12PCS Silky Satin Hair Bows Ties for Girls, Bowknot Ribbon Ponytail Holders, Cute Bow Hair Accessories for Bubble Braids, Black & White No Damage Hair Bands, Elastics Hair Ties for Women","New","4.69","No",,"Yes","25","25","0","0","25","99.96","0","0","0","0","0","0","25","0","0","25",
"RPLH260348","X002JOQLAB","B0GV285Z2S","MNFPSJB 1 Pack Transparent Plastic Wallet Inserts for Credit Cards, Durable PVC Cardholder for ID, Membership & Credit Cards(10Pages 20 Slots & 10 Pages 10 Slots, 9.5 X 6.5 cm)","New","4.29","No",,"Yes","27","27","0","0","27","99.96","0","0","0","0","0","0","27","0","0","27",
"RPLH260349","X002JOQMTV","B0GV2DXL57","Fabric Swimming Cap, Unisex Stretch Swim Cap Comfortable Light Swim Hats for Men and Women，black swimming cap","New","4.59","No",,"Yes","26","24","0","2","26","99.96","0","0","0","0","0","0","24","0","0","24",
"RPLH260350","X002JOHZBP","B0GV2D9QS8","16 Pieces Hair Ties for Women, Elastic Hair Band, Wide Scrunchies Ties Soft No Damage, Thick Hair Elastic Bands Hair Accessories for Women","New","4.69","No",,"Yes","21","21","0","0","21","99.96","0","0","0","0","0","0","21","0","0","21",
"RPLH260351","X002JOQS9F","B0GV26DGVG","MNFPSJB 20 Card Zipper Card Bag - Durable PU Leather Business Card Bag, Can Store Credit Cards, ID Cards, Business Cards, and Keys (Black)","New","4.89","No",,"Yes","29","27","0","2","29","99.96","0","0","0","0","0","0","27","0","0","27",
"RPLH260353","X002JOUGS9","B0GV2PGN8R","MNFPSJB Gold and Black Tie Clip for Men, Matte Black Skinny Tie Bar with Striped Enamel, Classic Men's Suit Accessory for Wedding Business Graduation Formal Occasions","New","6.89","No",,"Yes","45","41","0","4","45","99.96","0","0","0","0","0","0","41","0","0","41",
"RPLH260354","X002JQ8N5F","B0GV2RPJHV","6PCS Pink Bow Curly Straws, Pink Bow Glitter Party Straws, Elegant Plastic Straws Reusable for Adults Birthday Party Family Reunion Decorations Supplies","New","7.69","No",,"Yes","52","51","0","1","52","1949.24","0","0","0","0","0","0","51","0","0","51",
"RPLH260355","X002JORTH5","B0GV2V33XV","MNFPSJB 3 Pairs Invisible Clear Bra Straps, Non-Slip Adjustable Soft Transparent Replacement Shoulder Straps for Women, Compatible with Strapless Bras, Spaghetti Tops & Summer Dresses","New","4.09","No",,"Yes","40","22","0","1","40","99.96","0","0","0","0","0","0","22","0","17","39",
"RPLH260357","X002JOV3U9","B0GV3HQ2M6","MNFPSJB 3 Pcs Plastic Water Bottle Openers, Easy Grip Ergonomic Lid Openers for Soda and Beverage Bottles, Multi-Purpose Kitchen Gadgets for Weak Hands, Compact Portable Bottle Cap Remover","New","5.99","No",,"Yes","29","29","0","0","29","176.32","0","0","0","0","0","0","29","0","0","29",
"RPLH260358","X002JOXAIH","B0GV3M6F9F","MNFPSJB Red Tartan Tie for Burns Night, Traditional Scottish Heritage Necktie, Classic Plaid Tie for Burns Supper Ceilidh Formal Events, Unisex Adult Long Fancy Dress Accessory","New","6.49","No",,"Yes","27","27","0","0","27","99.96","0","0","0","0","0","0","27","0","0","27",
"RPLH260359","X002JOSTZL","B0GV3QHB73","MNFPSJB Polarized Night Driving Glasses for Men & Women - Anti-Glare Yellow Lenses for Enhanced Night Vision, Ultimate Comfort & Eye Protection for Safe Driving in Low Light Conditions","New","4.99","No",,"Yes","26","16","0","10","26","99.96","0","0","0","0","0","0","16","0","0","16",
"RPLH260360","X002JP0FQ1","B0GV3PGTMF","MNFPSJB Eyeglass Chain for Women – Stylish Glasses Strap with Adjustable Loops – Eyeglass Holder Necklace for Sunglasses & Reading Glasses – Lightweight Glasses Lanyard for Everyday Wear","New","5.07","No",,"Yes","29","13","0","16","29","99.96","0","0","0","0","0","0","13","0","0","13",
"RPLH260363","X002JPRF5F","B0GV47NJ5F","Car Exhaust Manifold Gasket 54mm,Exhaust Flange Seal Donut Ring Muffler,Universal Muffler SealerDonut,Graphite Donut Gasket to Prevent Leak Noise for Car,SUV,Truck,RV","New","8.09","No",,"Yes","27","27","0","0","57","99.96","0","30","0","0","0","0","27","0","0","27",
"RPLH260364","X002JQ7LTT","B0GV75YGYH","1 Piece Polypropylene Shoulder Strap Replacement 2.5cm Wide Light Blue Nylon Adjustable Bag Strap for Laptop Handbag,Backpack,Crossbody,Shoulder Bag","New","5.19","No",,"Yes","34","33","0","1","34","99.96","0","0","0","0","0","0","33","0","0","33",
"RPLH260365","X002JPGPY7","B0GV46XSK1","1 Pair of Smart Glasses Sound Enhancers, Premium Durable Silicone Audio Enhancers Compatible with Meta Skyler/Headliner for AI & AR Smart Glasses (Black)","New","5.29","No",,"Yes","25","25","0","0","25","99.8","0","0","0","0","0","0","25","0","0","25",
"RPLH260366","X002JPS987","B0GV47YT9T","4 Sets Car Relay Plug Holders with 6.3mm Terminals for 4 Pin 5 Pin Relays 10A 12V/24V Automotive Relay Socket Base Connector Replacement Parts","New","7.59","No",,"Yes","38","37","0","0","38","99.96","0","0","0","0","0","0","37","0","1","38",
"RPLH260367","X002JPET0T","B0GV43YB19","MNFPSJB Wonder Web Hemming Tape, Hem Tape for Curtains, Double-Sided Fabric Tape, Use for Curtains,Clothing, Carpets, Home Decor, rug tape，double sided carpet tape，rug to carpet gripper","New","6.39","No",,"Yes","30","30","0","0","30","99.96","0","0","0","0","0","0","30","0","0","30",
"RPLH260368","X002JPGTZR","B0GV43H8SZ","MNFPSJB 24Pcs Rose Pink Short Press On Nails, Glossy Gel Finish Fake Nail Art Tips, Reusable False Nails Kit with Nail File, Cuticle Stick & Adhesive Tabs for Women Daily & Office Wear","New","4.09","No",,"Yes","37","36","0","1","37","168.95","0","0","0","0","0","0","36","0","0","36",
"RPLH260369","X002JP2FUZ","B0GV3RX43G","MNFPSJB Retro Narrow Oval Blue Light Blocking Glasses for Women Men, Small Anti Blue Light Eyeglasses for Computer Gaming Office Reading, Hawksbill Classic Style","New","5.79","No",,"Yes","26","24","0","2","26","99.96","0","0","0","0","0","0","24","0","0","24",
"RPLH260370","X002JP2FPF","B0GV3QBW13","MNFPSJB 4 Pack Black Fine Mist Spray Nozzle Tops, Reusable Replacement Spray Pump Heads for 18 Caliber Bottles, Leak-Proof Sprayers for Essential Oils, Perfumes, Room Fresheners & Cleaning Solutions","New","5.99","No",,"Yes","56","53","0","2","56","99.96","0","0","0","1","0","0","53","0","0","53",
"RPLH260371","X002JPBJ11","B0GV3MH8CL","MNFPSJB Unisex Square Sunglasses, Fashion Flat Top Big Frame Rectangular Shades for Adults, Black, Lightweight Comfortable Design for Daily Wear & Travel","New","5.79","No",,"Yes","70","61","0","1","220","99.96","0","150","0","0","0","0","61","0","8","69",
"RPLH260372","X002JP0Z4X","B0GV3THDX5","MNFPSJB Secure Hand Strap for 6-7.5 Inch E-Readers and Tablets - Versatile Lightweight Finger Grip Holder with High Elasticity Nylon Fabric - Two-Jaw Snap-On Design - Matcha Green","New","5.29","No",,"Yes","30","15","0","15","30","99.96","0","0","0","0","0","0","15","0","0","15",
"RPLH260373","X002JRN78R","B0GVDN6K4Y","Nose Pads Soft Foam Adhesive Anti-Slip Silicone Eyeglass Nose Pads Stick On for Glasses Eyeglasses Sunglasses 12 Pairs, 1.5mm,Skin Color","New","4.89","No",,"Yes","67","63","1","2","87","99.96","0","20","0","1","0","0","63","0","0","63",
"RPLH260377","X002JRNLTR","B0GVDZC7M4","MNFPSJB Tangerine Amber Lens Sunglasses Black Chunky Oval Frame Lightly Tinted Colour See Through","New","5.79","No",,"Yes","30","27","1","2","30","99.96","0","0","0","0","0","0","27","0","0","27",
"RPLH260378","X002JRHRPV","B0GVDMBC63","2 Pcs Floss Bobbin Winder Embroidery Thread Bobbins Winder Reel Sewing and Sewing Accessories for Cross Stitch Thread Embroidery Crafting DIY","New","8.39","No",,"Yes","16","14","0","2","66","99.96","0","50","0","0","0","0","14","0","0","14",
"RPLH260380","X002JRLDD3","B0GVDQRYHS","3/4"" Universal Inlet Hose Filter Mesh Washers for Washing Machines & Dishwashers, 24.5mm OD x 16mm ID x 3mm, Pack of 2","New","4.49","No",,"Yes","26","26","0","0","26","99.96","0","0","0","0","0","0","26","0","0","26",
"RPLH260381","X002JRLD8X","B0GVDT7GYP","MNFPSJB Phone Lanyard Tether Tab, Strap Metal Patch,Universal Phone Lanyard Tether Patch Without Adhesive","New","5.49","No",,"Yes","27","24","0","3","27","99.96","0","0","0","0","0","0","24","0","0","24",
"RPLH260382","X002JRL9OV","B0GVDCR5WX","MNFPSJB Travel Makeup Bag for Women Girls, Waterproof Canvas Cosmetic Pouch, Portable Toiletry Organizer, Cute Travel Gifts for Best Friend, Daughter, Sister, Wife, Girlfriend - White, 23x17cm","New","6.59","No",,"Yes","26","26","0","0","26","99.96","0","0","0","0","0","0","26","0","0","26",
"RPLH260383","X002JRLD0L","B0GVDNWM3Z","MNFPSJB Knitting Storage Bag, Portable Yarn Organiser Pouch for Crocheting, Crochet Hook Bag for Knitting Lovers, Travel-Friendly Knitting Accessories Bag for Women, White","New","5.39","No",,"Yes","29","29","0","0","29","99.96","0","0","0","0","0","0","29","0","0","29",
"RPLH260384","X002JRLGIF","B0GVD8M3C6","Funny Engraved Coffee Spoon - Best Friend Birthday Gifts for Women, BFF Friendship Presents, Christmas Valentine Gifts for Coffee Lovers, Wife Girlfriend Sister Colleague","New","5.89","No",,"Yes","20","9","0","11","20","99.96","0","0","0","0","0","0","9","0","0","9",
"RPLH260385","X002JRHRW9","B0GVD8DF2W","MNFPSJB Antique Brass Tie Backs Ball End Curtain Drape Tassel Screw in Hooks U Shaped Hooks Antique Brass Curtain Tie Back Fixings for Curtains Clothes Coat Hanger Hook Pack of 2.","New","5.99","No",,"Yes","84","76","0","6","84","37.36","0","0","0","1","0","0","76","0","1","77",
"RPLH260386","X002JRHTTZ","B0GVDM5NMP","MNFPSJB 6 Pcs Belt Loop Keepers, Leather Loop Keeper Belt Straps Holder Retainer Band Belts Accessories for Wide Belts","New","4.69","No",,"Yes","22","22","0","0","22","99.96","0","0","0","0","0","0","22","0","0","22",
"RPLH260387","X002JRNGSD","B0GVDC9RG7","24Pcs Medium Almond Press On Nails, 3D Floral Leopard Design Glossy Full Cover False Nails, Reusable Artificial Acrylic Nails with Jelly Glue Stickers & Nail File for Women Daily Wear & Partie","New","4.39","No",,"Yes","39","38","0","0","39","10","0","0","0","1","0","0","38","0","0","38",
"RPLH260389","X002JRNGP1","B0GVDBMB1V","MNFPSJB Luxe Fabric Scrunchies, No Damage Hair Ties for Sleeping, Ultra-Gentle on All Hair Types, 12 Pack","New","5.29","No",,"Yes","29","15","0","14","29","99.96","0","0","0","0","0","0","15","0","0","15",
"RPLH260390","X002JRKI0H","B0GVDN2ZDX","MNFPSJB 24Pcs Short Almond Press On Nails, Glossy Red French Tip Fake Nails with Cute Cherry Design, Reusable False Nails with 12 Sizes, Complete Home Manicure Kit with Adhesive Tabs & Tools","New","4.59","No",,"Yes","20","17","0","3","20","99.96","0","0","0","0","0","0","17","0","0","17",
"RPLH260391","X002JRB5PJ","B0GVDP8K7J","MNFPSJB Almond French Tip Press On Nails, 24Pcs Medium Long Glossy False Nails with Golden Line & Bow Design, Full Cover Stick On Nails for Women, 12 Sizes with Complete Application Kit","New","4.19","No",,"Yes","19","17","0","2","19","99.96","0","0","0","0","0","0","17","0","0","17",
"RPLH260393","X002JRKFTV","B0GVDP43WJ","2-Pack Buckle Chin Clips Durable Closure Straps for Bike, MTB & Motorcycle Helmets Replacement Accessories","New","5.19","No",,"Yes","62","55","0","6","62","75.54","0","0","0","1","0","0","55","0","0","55",
"ZQLH240906","X0024CNJKD","B0DG2XMJT9","MNFPSJB 8 Pack Reusable Curly Plastic Straws, Multi-Color Spiral Drinking Straws with Removable Patterns, for Party Cocktail Christmas Birthday Events","New","6.99","No",,"Yes","30","28","0","0","80","621.07","0","50","0","0","0","0","28","0","2","30",
"ZQLH2409105","X0024M3SXL","B0DGSR4H7D","2 Pcs U Shaped Hair Pins，Hair Pins for Buns，Metal Hair Sticks Vintage Hairpin Holder Hair Clip Pin French for Women Girls","New","2.39","No",,"Yes","0","0","0","0","0","5.24","0","0","0","0","0","10","0","0","0","0",
"ZQLH2409113","X0024XI8UD","B0DHFRQPXG","MNFPSJB 5 Pack U Shaped Hair Pins for Buns, Large Bobby Pins for Thick Hair Extra Hold, Retro Acrylic French Twist Hair Styling Tools for Adult Women","New","4.19","No",,"Yes","0","0","0","0","0","187.47","0","0","0","0","0","0","0","0","0","0",
"ZQLH2409115","X0024XMIS1","B0DHFYJC1K","Door Observer Black Peephole or Peephole with Privacy Cover Door Peephole","New","6.99","No",,"Yes","86","69","1","0","86","284.81","0","0","0","0","0","60","69","0","16","85",
"ZQLH2409117","X0024XJYA1","B0DHG6NV8R","Silver Stud Earrings，Ear Studs for Women, Stud Earrings White Gold Cubic Zirconia Heart Studs│Dainty Earrings Jewellery Gifts for Girls，Silver Studs","New","2.89","No",,"Yes","0","0","0","0","0","10.49","0","0","0","0","0","0","0","0","0","0",
"ZQLH2409121","X0024XPTBJ","B0DHGF3L6J","2Pcs Satin Hair Ties,Silk Hair Scrunchies for Frizz Prevention, Silk Hair Ties for Breakage Prevention, Elastic ponytail Holders,Black Scrunchies for Women﻿,Satin Scrunchies","New","4.09","No",,"Yes","68","68","0","0","68","199.92","0","0","0","0","0","0","68","0","0","68",
"ZQLH2409131","X00253LQQP","B0DHXLCBCK","2 Pack Soft Glasses Case for Men Women，Squeeze Closure Premium PU Leather Sunglasses Eyeglasses Storage Pouch，Glasses Pouch","New","3.59","No",,"Yes","3","3","0","0","28","145.84","0","25","0","0","0","10","3","0","0","3",
"ZQLH2409133","X00255M9FZ","B0DJ29NYBZ","Lint Shavers - Rug Hair Scraper, Stair Carpet Brush, Pet Hair Remover Tool, Stair Comb - Perfect for Removing Pet Hair from Carpets and Rugs","New","6.29","No",,"Yes","15","14","0","1","115","188.45","0","100","0","0","0","10","14","0","0","14",
"ZQLH2409142","X00255FA5B","B0DJ27TB7F","MNFPSJB 3 Pack Pet Pill Feeder Dispenser, Soft Tip Dog Cat Medicine Feeder, Reusable Syringe Tool for Pills Capsules Liquid Water Small Animals","New","4.59","No",,"Yes","19","19","0","0","19","78.82","0","0","0","0","0","0","19","0","0","19",
"ZQLH240915","X0024DMUVL","B0DG56L181","Generic 7-Piece Plastic Kid Kitchen Knife Set, Toddler Knife, Plastic Knife, Reusable Nylon Chef Knife, Safe Cooking Knives for Kids","New","6.49","No",,"Yes","33","32","0","1","33","360.02","0","0","0","0","0","50","32","0","0","32",
"ZQLH240924","X0024FR875","B0DGCWK58W","MNFPSJB 2 Pack Stainless Steel Cherry Pitter Tool, Olive Stoner Seed Remover, Portable Fruit Corer Pitting Tool for Cherries Olives Dates Hawthorn Kitchen Use","New","4.19","No",,"Yes","0","0","0","0","0","429.01","0","0","0","0","0","0","0","0","0","0",
"ZQLH240929","X0024E64BH","B0DG5S56ZJ","Wooden Cooking Spoons 3 Pieces Honey Spoon Coffee Spoon Self Stirring Spoon Soup Spoons Wood Natural Wood Spoons Wooden Teaspoons Wood Dessert Spoons Long Handle Small Wooden Spoon","New","4.19","No",,"Yes","21","21","0","0","21","137.98","0","0","0","0","0","0","21","0","0","21",
"ZQLH240932-1","X0024QY7P5","B0DGWYMBHJ","Sterling Silver Stud Earrings for women, Silver Studs, Silver Flower Cubic Zirconia Hypoallergenic Helix Cartilage Earrings Jewelry Gifts for Girls,Silver Stud Earrings,Ear Studs for Women","New","4.19","No",,"Yes","0","0","0","0","0","3.77","0","0","0","0","0","10","0","0","0","0",
"ZQLH240939","X0024EK1LB","B0DG84WVRQ","4 pcs for Small Travel Long Fruit Home Practical Tiny Portable Tasting Handle Prong Kitchen Cocktail Steel Stainless Dinner Banquet Forks Bar Teeth Accessory Pickle Fork,Dessert Forks,Cake Forks","New","4.99","No",,"Yes","0","0","0","0","0","154.04","0","0","0","0","0","0","0","0","0","0",
"ZQLH240955-1","X0024FQDK3","B0DGCNXQ8Z","Set of 2 Military Dog Tags - Stainless Steel Nickel Plated Army Style With Ball Chains & Silencers, Necklace for Men","New","6.29","No",,"Yes","65","57","0","1","125","94.55","0","60","0","0","0","60","57","0","7","64",
"ZQLH240964","X0024FNM2Z","B0DGBPRJHV","3 Pcs Contour Brushes Set, Concealer Brush for Under Eyes,Nose Contour Brush, Blending Brush for Blending Setting Buffing with Liquid, Cream and Powder Cosmetic，Powder Brush","New","4.69","No",,"Yes","27","27","0","0","27","153.06","0","0","0","0","0","0","27","0","0","27",
"ZQLH240976","X0024FOAFD","B0DGC1ZFBM","Cuticle Pusher Nail Art & Uv Gel Nail Remover Tool for Fingernail Polish Manicure Pedicure Cuticle Trimmer,Nail Scraper Nail Cuticle Cleaner，Nail Cleaner Tool，Gel Remover Tool﻿","New","3.09","No",,"Yes","0","0","0","0","0","5.41","0","0","0","0","0","0","0","0","0","0",
"ZQLH240978","X0024FRJNN","B0DGD29PL9","Nylon Dog Lead and Training Leash - Red Durable Rope for Small and Medium Dogs - Walking and Training","New","4.09","No",,"Yes","32","31","0","1","62","373.95","0","30","0","0","0","30","31","0","0","31",
"ZQLH240984","X0024FI95P","B0DGC8611Q","Y Shape Stainless Steel Peeler, Straight Blade Vegetable Fruit Peeler with Built-in Potato Eye Remover, Ergonomic Non-Slip Manual Kitchen Peeler for Potato Carrot Cucumber Apple Pear","New","3.99","No",,"Yes","0","0","0","0","0","265.96","0","0","0","0","0","0","0","0","0","0",
"ZQLH240991","X0024FRIWP","B0DGD3K98P","Pet Pill Plunger Popper, Animal Medicine Feeder Side Grip Press Type with Silicone Tip for Dogs Cats Birds cat pill dispenser","New","5.29","No",,"Yes","82","81","0","0","83","304.96","0","0","1","0","0","0","81","0","1","82",
"ZQLH24101401","X0025IWBKF","B0DK1DBSQL","Spiralizers, Manual Graters & Slicers - Spiralizer for Vegetables, Courgette Spiralizer, Zucchini Spaghetti Maker Ideal for Vegetable and Fruit Slicing","New","7.99","No",,"Yes","47","47","0","0","77","232.37","0","30","0","0","0","0","47","0","0","47",
"ZQLH24101404","X0025J9IQ9","B0DK1NT53N","Spiralizer for Vegetables & Manual Graters, Stainless Steel Zucchini Spaghetti Maker，Spiralizer Included Ideal for Vegetable & Fruit Slicing","New","8.39","No",,"Yes","24","22","0","2","64","909.65","0","40","0","0","0","0","22","0","0","22",
"ZQLH24101405","X0025JEHSX","B0DK1RC6HD","Pet Pill Plunger Popper,cat pill popper,pill popper for cats,Animal Medicine Feeder Side Grip Press Type with Silicone Tip for Dogs Cats Birds cat pill dispenser","New","3.99","No",,"Yes","17","17","0","0","17","80.95","0","0","0","0","0","0","17","0","0","17",
"ZQLH24101409","X0025JHEND","B0DK247LYG","8 Pieces Plastic Reusable Straws - Curly Straws for Kids and Adults，Bendy Straws，Cocktail Straws - Party Straws for Home Bar Beverage Shop Weddings Birthdays Family Reunion，Christmas Straws","New","7.39","No",,"Yes","76","57","0","1","106","421.15","0","30","0","0","0","0","57","0","18","75",
"ZQLH24101410","X0025JHCPD","B0DK216CMN","8 Pieces Plastic Reusable Bendy and Curly Straws for Kids - Party Supplies for Home, Bar, Beverage Shop, Weddings, Birthdays, Family Reunion, Cocktails and Christmas","New","6.99","No",,"Yes","107","105","0","2","237","1206.58","0","130","0","0","0","0","105","0","0","105",
"ZQLH24103110","X0025Z0I5D","B0DLKK7TKM","Convenient Bar Bottle Opener Keyring - Beer Bottle Opener - Novelty Personalised Beer Vial Keychain Openers","New","3.39","No",,"Yes","4","3","0","1","4","40.31","0","0","0","0","0","0","3","0","0","3",
"ZQLH24110101","X0025ZRXL5","B0DLN66FYW","Generic Stainless Steel Butter Knife Set - Versatile Butter Spreader and Knife - Perfect for Spreading Butter and Jam - Set of 2","New","4.99","No",,"Yes","35","33","0","1","35","71.28","0","0","0","1","0","0","33","0","0","33",
"ZQLH241102009","X0026080QL","B0DLTDRMCG","10 Piece Complete Measuring Spoon Sets - Teaspoon Measuring Spoons and Cups for Baking - Essential Kitchen Tool for Accurate Measurements - Spoon Measuring Set for Precision Cooking - Measuring Scoop","New","6.79","No",,"Yes","53","53","0","0","53","533.73","0","0","0","0","0","0","53","0","0","53",
"ZQLH241103008","X00260T80D","B0DLV73XG1","2pcs Versatile Ice Cream Scoops with Trigger, Melon Baller, and Cookie Scoops for Baking - Small Ice Cream Scoop, Potato Scoop,Cookie Dough Scoop，Meatball Maker，Mash Potato Scoop，Random Color","New","6.39","No",,"Yes","0","0","0","0","0","200.25","0","0","0","0","0","50","0","0","0","0",
"ZQLH241103011","X00260THBD","B0DLV77T3K","MNFPSJB Garlic Press, Garlic Chopper Crusher Grater Grinder, Manual Stainless Steel Garlic Mincer Tool, Easy to Use & Compact Grey Kitchen Gadget for Effortless Garlic Preparation","New","5.09","No",,"Yes","0","0","0","0","0","285.95","0","0","0","0","0","0","0","0","0","0",
"ZQLH24110407","X002616ZQ7","B0DPSPF2Y2","Generic Egg Separator - Stainless Steel Separator - Easy to Use Egg Yolk White Divider - Kitchen Baking Tools","New","4.29","No",,"Yes","33","20","0","13","33","348.55","0","0","0","0","0","0","20","0","0","20",
"ZQLH24110408","X00261ADKB","B0DLW886KQ","Egg Yolk Separator - Egg Separator, Egg White Separator - Easy Egg Divider Tool for Baking and Cooking -Egg Separator Egg Yolk White Divider - Efficient Egg Separator Tool","New","4.39","No",,"Yes","59","58","0","0","59","517.01","0","0","0","1","0","0","58","0","0","58",
"ZQLH24110416","X00261J8E3","B0DLWL226Q","MNFPSJB Plastic Butter Knife Spreader, 3-in-1 Butter Cutter Cheese Knife with Integrated Silicone Scraper, Reusable Spreading Tool for Butter Jam Cream Peanut Butter, Short Head Yellow","New","5.69","No",,"Yes","0","0","0","0","0","489.65","0","0","0","0","0","0","0","0","0","0",
"ZQLH24110511-1","X002N7JDIB","B0H9CJR2RM","Bath Sponge -2-piece Set, Soft Bath Sponge Set, Cute Animal Pattern, Bath Ball, scrubbing Tool","New","6.99","No",,"Yes","0","0","0","0","80","143.06","0","80","0","0","0","0","0","0","0","0",
"ZQLH24110512","X00262645N","B0DM1LFDBQ","Generic Kids Sponges for Bath - 2 Count, Soft Bath Sponge Set, Cute Animal Design, Polyester, Net Style, White Clouds + Pink Clouds","New","4.59","No",,"Yes","9","9","0","0","29","422.46","0","20","0","0","0","0","9","0","0","9",
"ZQLH24110904","X00265RKNZ","B0DMJYLFVV","2 Pcs Cake Sculpting & Modeling Tools - Cake Smoother, Cake Icing Smoother, Cake Scraper Buttercream Smoother, Fondant Smoother，Cake Icing Tools，Icing Smoother Tool，Fondant Tools","New","4.39","No",,"Yes","125","125","0","0","125","838.53","0","0","0","0","0","0","125","0","0","125",
"ZQLH24110906","X00265RQR5","B0DMJYSS5B","Cake Sculpting & Modeling Tools - Cake Smoother, Cake Icing Smoother Tool, Cake Scraper Buttercream Smoother - Cake Decorating Kit for Fondant with Fondant Smoother - Essential Cake Icing Tools","New","4.59","No",,"Yes","38","33","0","4","38","325.61","0","0","0","1","0","0","33","0","0","33",
"ZQLH24111301","X0026AA6TZ","B0DN1B2NYJ","Mens Polarised Sunglasses Classic Pilot Style Sunglasses for Men and Women，Black Sunglasses Mens，Driving Sunglasses Mens","New","5.59","No",,"Yes","25","24","0","1","26","172.72","0","0","1","0","0","0","24","0","0","24",
"ZQLH24111511","X0026B2VCJ","B0DN57RYYG","Classic Oval Sunglasses Retro Style for Men & Women Round Circle Black Glasses Mens Polarised Sunglasses","New","3.99","No",,"Yes","0","0","0","0","0",,"0","0","0","0","0","0","0","0","0","0",
"ZQLH251201","X002H6W1QJ","B0GC6LJLRZ","MNFPSJB 3 Pack Sweater Pilling Remover Combs, Solid Wood Cashmere Lint Comb, Manual Fabric Fuzz Shaver for Clothing Knits Wool Coats Scarves & Pet Hair Removal","New","3.89","No",,"Yes","0","0","0","0","0","99.96","0","0","0","0","0","0","0","0","0","0",
"ZQLH251202","X002H6SU5F","B0GC5GNLPM","Pet Hair Remover Lint, Carpet Hair Remover Tool, Reusable Animal Hair Remover for Dogs and Cats, Easy to Clean Pet Fur from Carpet, Sofa, Furniture, Rugs, Laundry, Clothes and bedding","New","4.89","No",,"Yes","0","0","0","0","0","99.96","0","0","0","0","0","0","0","0","0","0",
"ZQLH251203","X002H6U5HB","B0GC5C7VGM","MNFPSJB Pet Grooming Glove – 2-Pack Left & Right Mitt with Soft Tips | Deshedding Brush for Dogs, Cats, Horses & Rabbits | Gentle Hair Remover & Massage Tool","New","4.79","No",,"Yes","0","0","0","0","10","99.96","0","10","0","0","0","0","0","0","0","0",
"ZQLH251204-1","X002H8KY43","B0GCDGXCVB","MNFPSJB 160cm Flexible Drain Unclogger, 4 Claw Sink Drain Snake Grabber, Stainless Steel & PP Hair Cleaning Tool, Reusable Drain Auger for Kitchen, Bathroom, Bathtub & Sewer Drains","New","4.29","No",,"Yes","0","0","0","0","0","3465.04","0","0","0","0","0","0","0","0","0","0",
"ZQLH251205","X002H6TMRZ","B0GC5FGFQV","MNFPSJB 2 Pieces Handheld Facial Hair Removal Threading Epilator, Spring Facial Hair Threader Remover Tool, Manual Face Hair Remover Beauty Tools for Women, Blue & Purple","New","5.39","No",,"Yes","29","29","0","0","29","99.96","0","0","0","0","0","0","29","0","0","29",
"ZQLH251206","X002H6PW0V","B0GC5H8HNG","MNFPSJB 25 Pcs Silver Duck Bill Hair Clips, 3.54 Inch Rustproof Metal Alligator Curl Clips with Holes for Hair Styling, Coloring, Thick Hair Sectioning, Salon Use & DIY Hair Bows Accessories","New","5.09","No",,"Yes","20","20","0","0","20","99.96","0","0","0","0","0","0","20","0","0","20",
"ZQLH251207","X002H6RVIR","B0GC657J97","10 Pieces No Crease Hair Clip No Bend Clips Hair Clips Curl Pin Clips Makeup Hairpin for Bangs Finger Waves Makeup Application Hairdressing Hairpins for Women Girl(Black)","New","4.39","No",,"Yes","26","23","0","3","26","99.96","0","0","0","0","0","0","23","0","0","23",
"ZQLH251208","X002H6P9GN","B0GC668BPP","50pcs Hairdressing Double Prong Curl Clips, 1.8in Curl Setting Section Hair Clips Metal Alligator Clips Hairpins for Hair Bow Great Pin Curl Clip Styling Clips for Salon Barber","New","6.39","No",,"Yes","25","25","0","0","25","99.96","0","0","0","0","0","0","25","0","0","25",
"ZQLH251209","X002H6QBRJ","B0GC72XTXK","MNFPSJB 6Pcs Nail Art Brushes Set, Gel Polish Design Painting Tools with Extension Gel Brush, Builder Gel Brush, Liner Brush & Dotting Pen for Professional Salon & Home DIY Manicure","New","4.99","No",,"Yes","30","24","0","6","30","99.96","0","0","0","0","0","0","24","0","0","24",
"ZQLH251210","X002H6YY0Z","B0GC6YZMD9","100 PCS Nail Sponges for Ombré, Nail Art Tools Sponge Brush, Nail Art Sponge with 1 Metal Grabber Nail Brushes Storage and Box for Nail Art Design Manicure Diy","New","4.59","No",,"Yes","0","0","0","0","0","99.96","0","0","0","0","0","0","0","0","0","0",
"ZQLH251211","X002H6Y9Z5","B0GC6XQ18W","5 Pcs Professional Nail Art Brush Set - Dual-ended, Acrylic Dust, Fine Line Brushes for Gel Polish DIY Design","New","4.79","No",,"Yes","6","6","0","0","6","99.96","0","0","0","0","0","0","6","0","0","6",
"ZQLH251212","X002H6LTPD","B0GC6QFMV6","MNFPSJB 6 Pcs Double-Ended Nail Art Brush Kit, Black Dotting Liner Brushes for Gel Polish French Nail Salon Home DIY","New","3.99","No",,"Yes","0","0","0","0","0","202.05","0","0","0","0","0","0","0","0","0","0",
"ZQLH251213","X002H6POZT","B0GC75ZWWS","MNFPSJB 5 Pack Nail Art Liner Brushes, 5 Sizes Fine Detail Striping Brushes with Pink Aluminum Handle, Professional Manicure Tools for Gel Polish, Salon & Home DIY Nail Art Use","New","3.19","No",,"Yes","0","0","0","0","0","99.96","0","0","0","0","0","0","0","0","0","0",
"ZQLH251214","X002H6QXMH","B0GC75G1VG","Dual Ended Sponge Applicator Pen - Portable Dimensions - Buffs Pigments, Glitters and Flakes - Gradient, Ombre Effect, DIY Nail Art Tool - 4 Replacement Heads - Vegan and Cruelty Free","New","4.39","No",,"Yes","40","39","0","1","40","99.96","0","0","0","0","0","0","39","0","0","39",
"ZQLH251215","X002H6QWAF","B0GC5RKVHL","MNFPSJB 27.5cm Heat Resistant Silicone Spoon Spatula, Seamless Flexible Non-Stick Rubber Spatula, Dishwasher Safe for Nonstick Cookware Baking Stirring Scraping","New","3.79","No",,"Yes","0","0","0","0","0","207.95","0","0","0","0","0","0","0","0","0","0",
"ZQLH251216","X002H6ZW3X","B0GC6K465J","20pcs Candy Color Small Hair Clips, 4.9cm Colorful No Crease No Slip Metal Snap Mini Hair Barrette Hairpin Accessories for Kids Teens Women Brown","New","4.39","No",,"Yes","10","10","0","0","10","102.58","0","0","0","0","0","0","10","0","0","10",
"ZQLH251217","X002H7UKED","B0GCC4YF7V","MNFPSJB 15 Pack White Pearl Hair Claw Clips, Mini Floral Daisy Hair Clips, Vintage Victorian Style Small Hair Accessories, Artificial Pearl & Alloy Hair Claws for Adult Women, All Hair Types","New","5.59","No",,"Yes","20","18","0","2","20","99.96","0","0","0","0","0","0","18","0","0","18",
"ZQLH251218","X002H7H2ZN","B0GCBFFQSH","Small Hair Clips for Women, 6 Pcs Claw Clips Non-Slip for Fine Hair Accessories (Black and Brown) - for Girls, Straight, Wavy, Curly Hair","New","6.09","No",,"Yes","3","3","0","0","23","99.96","0","20","0","0","0","0","3","0","0","3",
"ZQLH251219","X002H7N8PL","B0GC8W6GPC","MNFPSJB 6 Pack Plastic Food Bag Clips, Multicolor Press-Type Reusable Seal Clips for Snack Bread Food Bags Home Kitchen Office Camping","New","4.19","No",,"Yes","0","0","0","0","0","99.96","0","0","0","0","0","0","0","0","0","0",
"ZQLH251221","X002H7YOL3","B0GCB44VDJ","MNFPSJB 30 Pack 3cm Mini Snap Hair Clips, Metal Non-Slip Hair Barrettes, Macaron Candy Colour Small Hairpins with Storage Box for Fine Hair Women & Teenage Girls","New","5.99","No",,"Yes","26","26","0","0","26","99.96","0","0","0","0","0","0","26","0","0","26",
"ZQLH251222","X002H7V0J7","B0GC9P8SBL","Mini Snap Hair Clips for Girls & Women - Small, Metal Hair Slides (Black x6)","New","3.39","No",,"Yes","0","0","0","0","0","99.96","0","0","0","0","0","0","0","0","0","0",
"ZQLH251223","X002H7H5KF","B0GCD66GNS","Hair Clips, Small Barrettes Claw Clips Hair Accessories for Women Girls, Set of 5 Flower Headwear for Party Wedding Daily, Clear Colour","New","4.59","No",,"Yes","13","13","0","0","13","99.96","0","0","0","0","0","0","13","0","0","13",
"ZQLH251224","X002H7H93N","B0GCBWPG39","20 Pcs Flower Claw Clips Mini Hair Clips Small Hairs Clips Sweet Mini Barrettes Non-Slip Small Hairs Clips for Women Cute Hair Clips Haires Accessories for Women Photograph, Party, Wedding","New","6.29","No",,"Yes","92","89","0","2","120","99.96","0","28","0","0","0","0","89","0","1","90",
"ZQLH251225","X002H7ZJQ7","B0GCDNJBRN","8PCS Small Hair Claw Clips for Women Girls, Double Row Teeth Small Hair Clips for Fine Thin Hair, Cute Square Claw Clips No Slip Jaw Clips Hair Clamps Mini Accessories","New","5.59","No",,"Yes","53","53","0","0","53","99.96","0","0","0","0","0","0","53","0","0","53",
"ZQLH251226","X002H7V2S1","B0GC9P8SW5","12 PCS Mini Gold Hair Clips Hair Claw Clips Small Gold Mini Hairs Clip for Thin Thick Hairs Cute Golden Metal Flower Clip Small Metal Claw Hairpin Strong Hold Hairpin for Women","New","7.69","No",,"Yes","34","33","0","1","104","99.96","0","70","0","0","0","0","33","0","0","33",
"ZQLH251227","X002H7V9LB","B0GCB44WQ4","Set of 3 Hair Bun Invisible Wig Clips - Adds Volume and Fullness, Basic and Princess Style Thickening Hair Pads, Hair Styling Insertion Tool (Dark Brown)","New","5.39","No",,"Yes","19","17","0","2","49","99.96","0","30","0","0","0","0","17","0","0","17",
"ZQLH251228","X002H7Z1PB","B0GC9S2261","12 Pcs Black Vintage Hair Pins Mini Bobby Pins Fashion BB Clip Invisible Bangs Clip Small Bobby Pins for Women and Girls Decorative Wedding Dainty Hair Pins Hair Accessories","New","4.79","No",,"Yes","22","20","1","1","22","99.96","0","0","0","0","0","0","20","0","0","20",
"ZQLH251229","X002H7V8RL","B0GCB5HTGK","20 Pcs Hair Grips, Mini Double Grip Hair Clips, Metal Snap Hair-Clips, Rust-Resistant and Durable, Accessories for Thin and Thick Hair Making, Salon Supplies, for Women and Girls, 4 Colors","New","5.09","No",,"Yes","21","21","0","0","121","99.96","0","100","0","0","0","0","21","0","0","21",
"ZQLH251230","X002H82PJZ","B0GCD657N7","20 Pcs Mini Flower Hair Clips with Pearls and Rhinestones, for Women and Girls, Suitable for Daily, Party, and Wedding (White)","New","5.89","No",,"Yes","86","74","0","9","86","99.96","0","0","0","3","0","0","74","0","0","74",
"ZQLH251231","X002H7WFQJ","B0GCBYSRYK","10 Pcs Small Hair Clips, Mini Flower Hair Clips Blue Small Flower Clips for Girls Women for Daily Party Wedding Hairstyle Accessories","New","5.69","No",,"Yes","107","76","0","13","107","99.96","0","0","0","1","0","0","76","0","17","93",
"ZQLH251232","X002H7Z5YN","B0GC9S2W7Z","6 Pcs Small Cherry Hair Clips - Cute Rhinestone Claw Clips for Women Girls, Small Cherry Claw Clip for Half Up Styles, Decorative Rhinestone Hair Accessories, No Crease Metal Springs","New","5.79","No",,"Yes","47","44","0","3","47","99.96","0","0","0","0","0","0","44","0","0","44",
"ZQLH251233","X002H8010P","B0GCCW1VKH","MNFPSJB 60 Pack Double Sided Hair Extension Tapes, Blue Waterproof Heat Resistant Adhesive Tape, tape tabs，tape tabs for hair extensions，Tape for Wigs All Hair Types","New","3.39","No",,"Yes","0","0","0","0","0","99.96","0","0","0","0","0","0","0","0","0","0",
"ZQLH251234","X002H862EJ","B0GCD13V2X","Upgraded Kitchen Sink Plug Strainer Stainless Steel Strainers Sink Plugs Replacement Drain Stopper for Food/Hair Catcher - UK Sinks Hole Diameter (78mm)","New","3.79","No",,"Yes","0","0","0","0","0","99.96","0","0","0","0","0","0","0","0","0","0",
"ZQLH251235","X002H86X3T","B0GCCZSY1P","MNFPSJB 2 Pack Silicone Bathtub Stoppers, Extra Large 15.5x13cm Universal Drain Plugs with Suction Cup, Leakproof Sink Stoppers for Kitchen, Bathroom & Shower, White & Black","New","4.79","No",,"Yes","5","5","0","0","5","99.96","0","0","0","0","0","0","5","0","0","5",
"ZQLH251236","X002H87APJ","B0GCD19F7Z","Push Button Click Clack Plug Wash BasinSink Tap Bath Kitchen Drain Stopper Pop Up Plug Replacement Suitable for 36mm Diameter Bathroom Sink Drain，sink overflow cover，pop up plugs for wash basins ﻿","New","4.69","No",,"Yes","15","15","0","0","15","99.96","0","0","0","0","0","0","15","0","0","15",
"ZQLH251237","X002H87WQL","B0GCFJ6Q4K","Universal Bath Plug, 40-45mm Hole Stainless Steel Drain Plug Replacement,for Bathtub, Kitchen, Laundry Sink, Rv Sink Etc sink Drain Stopper","New","6.34","No",,"Yes","57","57","0","0","57","99.96","0","0","0","0","0","0","57","0","0","57",
"ZQLH251238","X002H80VB9","B0GCD14SGG","MNFPSJB 2 Pack Universal Silicone Drain Plug, Grey Press-Type Drain Stopper with Hair Catcher Strainer, Odour Barrier Seal for Bathroom Bathtub Washbasin Kitchen Sink","New","5.09","No",,"Yes","22","22","0","0","22","99.96","0","0","0","0","0","0","22","0","0","22",
"ZQLH251239","X002H80RQD","B0GCD1CXN2","Universal Silicone Drain Plug - Washbasin Plug and Bathtub Plug with Press and Hair Strainer Function - Practical Drain Strainer for Washbasins, Bathtubs and Sinks, 2 Pieces","New","5.99","No",,"Yes","27","27","0","0","27","99.96","0","0","0","0","0","0","27","0","0","27",
"ZQLH251240","X002H877EX","B0GCF5QKZG","MNFPSJB 2 Pack 10cm Silicone Floor Drain Deodorant Plugs, Blue Press-Type Anti-Odor Drain Seal Covers for Bathroom Shower Kitchen","New","3.49","No",,"Yes","0","0","0","0","0","99.96","0","0","0","0","0","0","0","0","0","0",
"ZQLH251242","X002H80X71","B0GCCQRGP9","Shower Drain Stopper Lightweight and Soft, TPE/TPR Drain Hair Catcher, Strainers Protectors Cover ​for Floor, Laundry, Kitchen, Bathroom Laundry, and Bathtub","New","3.69","No",,"Yes","0","0","0","0","0","99.96","0","0","0","0","0","0","0","0","0","0",
"ZQLH251243","X002H86F87","B0GCF5M726","3Pcs French Hair Pin Metal 14cm/5.5in French Pin French Twist Hair Pin U Shaped Hair Fork Gold Silver Black Hair Pins Large Updo Hairpin for Women Girls All Hairstyle Decorative Accessories","New","6.39","No",,"Yes","16","16","0","0","16","99.96","0","0","0","0","0","0","16","0","0","16",
"ZQLH251244","X002H88CMJ","B0GCDB96KL","3 Pcs Wedding Hair Accessories for Women, Crystal Rhinestone Bridal Hair Pins Flower Bridesmaid Hair Accessories for Brides Bridesmaids Guest Women Girls (Gold)","New","5.99","No",,"Yes","38","34","0","3","218","99.96","0","180","0","0","0","0","34","0","1","35",
"ZQLH251245","X002H884O5","B0GCFKKMYG","2Pcs Diamanté Hair Clips, Sparkling Silver Rhinestone Pearl Flower Hair Clips for Women Wedding Bridal Hairpins Prom Elegant Floral Hair Accessories Barrettes for Bridesmaid Wedding Guest","New","6.59","No",,"Yes","57","57","0","0","147","99.96","0","90","0","0","0","0","57","0","0","57",
"ZQLH251246","X002H86KMD","B0GCFFYC73","2 Pack French Hair Pin French Twist U Shaped Hair Pin Fork Updo Chignon HairPins for women","New","4.79","No",,"Yes","8","8","0","0","38","99.96","0","30","0","0","0","0","8","0","0","8",
"ZQLH251250","X002HAVQCF","B0GCYV5ZYS","Cat Brush for Tear Stain Removal & Flea Comb - Stainless Steel Gentle Grooming Tool with Rounded Tips, Pain-Free Detangling for Long/Short Hair Cats","New","5.19","No",,"Yes","18","18","0","0","18","99.96","0","0","0","0","0","0","18","0","0","18",
"ZQLH251251","X002HARDV3","B0GCZWSV7Y","MNFPSJB 4 Pack Black Plastic Pocket Hair Combs, Dual-Sided Fine & Standard Teeth Styling Combs for Home Salon Travel Barber Use","New","3.59","No",,"Yes","32","32","0","0","32","99.96","0","0","0","0","0","0","32","0","0","32",
"ZQLH251252","X002HAREBR","B0GD16YWVJ","MNFPSJB Black Wide Tooth Hair Comb for Women & Men, Anti-Tangle Styling Comb with Smooth Round-Ended Teeth, Suitable for All Hair Types, Ideal for Home, Salon & Barber Daily Use，texture comb，mens styl","New","3.29","No",,"Yes","20","19","0","1","20","99.96","0","0","0","0","0","0","19","0","0","19",
"ZQLH251253","X002HAX2QN","B0GD12T72V","3-Piece Carbon Fibre Hair Comb Set - Fine & Standard Tooth, Anti-static, Heat Resistant, Black - Men & Women, Home Salon Styling","New","4.09","No",,"Yes","20","15","0","5","20","99.96","0","0","0","0","0","0","15","0","0","15",
"ZQLH251254","X002HB6LM9","B0GCZTHZXK","MNFPSJB Silver Zinc Alloy Cat Bookmark, Cute Animal Book Marker with Heart Pendant, Lightweight Reading Tool for Cat Lovers Book Lovers Gift","New","3.59","No",,"Yes","3","1","0","2","3","99.96","0","0","0","0","0","0","1","0","0","1",
"ZQLH251255","X002HB46L7","B0GD15RZFN","4 Pcs Classic Stitched Leather Bookmark, Bookmarks with Leather Rope, Page Markers Reading Gifts for Book Lovers, Readers","New","3.49","No",,"Yes","1","0","0","0","1","99.96","0","0","0","1","0","0","0","0","0","0",
"ZQLH251257","X002HB5G43","B0GD12224Z","Funny Goose Bookmark, Funny Cute Goose Book Marks Women Practical Metal Reading Accessories Silly Gift Office Supplies for Book Lover Gift Adults Kids Teens","New","3.59","No",,"Yes","2","2","0","0","2","99.96","0","0","0","0","0","0","2","0","0","2",
"ZQLH251259","X002HAX67D","B0GCZZQ7WZ","Friend Coffee Spoon, Bestie Friendship Gift for Women Girl You're My Bestea Spoons Engraved Coffee Tea Spoons BFF Dessert Spoons Christmas Birthday Gifts for Friends","New","4.79","No",,"Yes","48","46","0","2","48","99.96","0","0","0","0","0","0","46","0","0","46",
"ZQLH251260","X002HB4CLB","B0GD1GXZ9B","MNFPSJB Engraved Coffee Spoon Stainless Steel, Funny Friendship Gift for Bestie Sister Girlfriend Birthday Christmas Valentine's Day","New","3.99","No",,"Yes","0","0","0","0","0","99.96","0","0","0","0","0","0","0","0","0","0",
"ZQLH251261","X002HB78M1","B0GD1G7DCZ","MNFPSJB 4 Pack Stainless Steel Long Handle Latte Spoons, Polished Silver Coffee Tea Spoons for Espresso Hot Chocolate Dessert Ice Cream","New","4.99","No",,"Yes","27","27","0","0","27","99.96","0","0","0","0","0","0","27","0","0","27",
"ZQLH251262","X002HB6IM7","B0GD19NQND","MNFPSJB Silver Stainless Steel Funny Friendship Keychain, Novelty Keyring Gift for Bestie Sister Friends Graduation Birthday Christmas","New","2.99","No",,"Yes","0","0","0","0","0","99.96","0","0","0","0","0","0","0","0","0","0",
"ZQLH251263","X002HB1EP3","B0GCZYQTR6","MNFPSJB Silver Ice Cream Scoop, Heavy Duty Zinc Alloy Frozen Dessert Scoop, Dishwasher Safe, Versatile Kitchen Tool for Ice Cream, Melon Balls, Sorbet & Mashed Potatoes","New","4.49","No",,"Yes","0","0","0","0","0","99.96","0","0","0","0","0","0","0","0","0","0",
"ZQLH251264","X002HBMMLX","B0GD5J3ZDY","Ice Cream Scoop, Icecream Scoop with Trigger Release, Easy Clean, for Gelato, Cookie Dough, Mashed Potatoes and Muffins","New","5.69","No",,"Yes","58","58","0","0","88","403.94","0","30","0","0","0","0","58","0","0","58",
"ZQLH251265","X002HBMFFV","B0GD65JQLJ","2 x Long Handled Teaspoons Spoons Latte Coffee Stainless Steel Set of Tea Spoon Cutlery for Ice Cream Sundae Handle","New","4.69","No",,"Yes","46","35","0","0","46","99.96","0","0","0","0","0","0","35","0","11","46",
"ZQLH251266","X002HBGAG1","B0GD4Q83DJ","Stainless Steel Creative Shovel Spoon, Household Dessert Coffee Ice Cream Spoon, Non-Slip Long Handle with Hanging Hole Design","New","3.99","No",,"Yes","11","10","0","1","41","136.83","0","30","0","0","0","0","10","0","0","10",
"ZQLH251267","X002HBQ2RD","B0GD66MCVM","Car pedal pads, set of 1 pair of brake and clutch pedal rubber replacement covers, 46545-SA5-000","New","4.99","No",,"Yes","46","42","0","4","46","99.96","0","0","0","0","0","0","42","0","0","42",
"ZQLH251268","X002HBQSSB","B0GD6SBWJZ","MNFPSJB Dog Pill Shooter 2 Pieces Pet Piller Pill Dispenser for Large Dogs Handy Pill Gun for Medium to Large Breed Up to 45 Pounds (White Pill Popper 2 Pcs)","New","6.29","No",,"Yes","42","42","0","0","42","99.96","0","0","0","0","0","0","42","0","0","42",
"ZQLH251269","X002HBLCMD","B0GD6MQBM6","MNFPSJB Angled Concealer Brush, Under Eye Precision Makeup Brush, Vegan Synthetic Bristles for Liquid Cream Powder Concealer Foundation Blending","New","3.69","No",,"Yes","32","32","0","0","32","99.96","0","0","0","0","0","0","32","0","0","32",
"ZQLH251270","X002HBTDEH","B0GD6VZ257","Retractable Airbrush – Travel Makeup Brush, suitable for liquid, cream, and powder cosmetics, lightweight aluminum handle, portable face brush","New","5.19","No",,"Yes","1","0","0","1","1","99.96","0","0","0","0","0","0","0","0","0","0",
"ZQLH251271","X002HBVDOF","B0GD6RVBY7","Big Bow Barrettes Long Tail French Ribbon Hair Pins Soft Silky Satin Hair Clip Metal Bowknot Clips 90's Accessories for Party Valentine's Day Women Girl (Navy blue)","New","5.89","No",,"Yes","45","29","0","1","115","99.96","0","70","0","0","0","0","29","0","15","44",
"ZQLH251272","X002HBU1D9","B0GD6F2CCZ","Bow Hair Clip - Navy Hair Bows for Women, Satin Silky Ribbon Bowknot French Barrettes Hair Accessory for Girls(1PC)","New","4.29","No",,"Yes","34","32","0","2","34","99.96","0","0","0","0","0","0","32","0","0","32",
"ZQLH251273","X002HBTNY7","B0GD6VCH7L","2PCS Silky Satin Hair Bows Clip Hair Ribbon Ponytail Holder Accessories Slides Metal Clips Bow for Women Girls Toddlers Teens Kids(Black+White)","New","3.39","No",,"Yes","19","19","0","0","19","99.96","0","0","0","0","0","0","19","0","0","19",
"ZQLH251274","X002HBV2AF","B0GD6PBVRZ","Green Hair Bow - Large Bowknot Hair Clip for Women, Satin Silky Ribbons with Long Tail, French Barrette Hair Accessory for Girls Ponytail Holder","New","4.79","No",,"Yes","59","54","0","5","59","99.96","0","0","0","0","0","0","54","0","0","54",
"ZQLH251275","X002HBR25J","B0GD76KDH5","MNFPSJB Men's Black Solid Pre-Tied Bow Tie, Adjustable Polyester Yarn Bowtie for Weddings Business Parties Formal Events，bow ties for men，mens bow tie ﻿","New","3.39","No",,"Yes","0","0","0","0","0","99.96","0","0","0","0","0","0","0","0","0","0",
"ZQLH251276","X002HBTP4P","B0GD73ZK2G","MNFPSJB Men's Solid Pre-Tied Bow Tie, Adjustable Polyester Yarn Bowtie for Weddings Business Parties Formal Occasions，navy bow tie，blue bow tie","New","3.19","No",,"Yes","0","0","0","0","0","99.96","0","0","0","0","0","0","0","0","0","0",
"ZQLH260101","X002HJ1C11","B0GFSKCLQD","Egg Separator, Stainless Steel Egg White Separator and Egg Yolk Separator Egg Divider, Egg Strainer Spoon Filter Kitchen Baking Tools","New","4.89","No",,"Yes","28","27","0","0","28","75.05","0","0","0","1","0","0","27","0","0","27",
"ZQLH260103","X002HINOTZ","B0GFTZD8MN","MNFPSJB 2pcs BNC Male to Female Elbow Adapter 90 Degree RF Coax Adapter for Security Cameras/Extension Cable BNC Connector Right Angle","New","5.49","No",,"Yes","44","40","0","2","44","28.02","0","0","0","0","0","0","40","0","2","42",
"ZQLH260104","X002HJ4U0L","B0GFSJTV6F","MNFPSJB 2 Pack Cabinet Handles Stainless Steel Cupboard Handles Silver Kitchen Door Handles Furniture Drawer Knobs (Hole Center 160mm)","New","6.15","No",,"Yes","19","17","0","2","19","118.97","0","0","0","0","0","0","17","0","0","17",
"ZQLH260105","X002HJ6RYN","B0GFV5ZX9F","MNFPSJB 2 Pack Black Stainless Steel Cupboard Handles - 160mm Kitchen Cabinet Door Handles Furniture Drawer T Bar Pulls","New","5.69","No",,"Yes","16","14","0","2","56","118.97","0","40","0","0","0","0","14","0","0","14",
"ZQLH260106","X002HIYURZ","B0GFSN1Z92","MNFPSJB 2 Pack Cabinet Handles Stainless Steel Cupboard Handles Silver Kitchen Door Handles Furniture Drawer Knobs (Hole Center 128mm)","New","6.59","No",,"Yes","32","32","0","0","32","97.99","0","0","0","0","0","0","32","0","0","32",
"ZQLH260107","X002HJ66GR","B0GFSFGXF3","MNFPSJB Kitchen Cupboard Handles 96mm T-Shaped Kitchen Door Handles for Drawer and Cabinet Stainless Steel Pulls Suitable for Bedroom, Living Room, Bathroom","New","5.19","No",,"Yes","20","17","0","3","20","175.01","0","0","0","0","0","0","17","0","0","17",
"ZQLH260108","X002HJ5W7L","B0GFVXMF6C","FOUNDATION BRUSH – Perfect Makeup Brush for Liquid Foundation & Powder Make-up, Seamless Blending, Face Brush for Make up, Beauty Tools","New","3.99","No",,"Yes","18","18","0","0","18","99.96","0","0","0","0","0","0","18","0","0","18",
"ZQLH260109","X002HJ5RIZ","B0GFTB7F34","2-Piece Set Foundation Brush Angled Dense and Precision Concealer Brush – Makeup Brushes For Liquid, Cream & Powder Foundation - Dense Bristles, Ergonomic Cylindrical Handle","New","4.99","No",,"Yes","31","30","0","1","31","99.96","0","0","0","0","0","0","30","0","0","30",
"ZQLH260110","X002HJFB3B","B0GFW547K9","MNFPSJB 2 Pack Navy Blue Headbands, Women's Non-Slip Soft Fabric Hair Headbands, Versatile High Top Hair Accessories for Daily Wear, Commute, Dates & Casual Outfits","New","3.99","No",,"Yes","0","0","0","0","0","99.96","0","0","0","0","0","0","0","0","0","0",
"ZQLH260111","X002HJJ9FH","B0GFW1W1PB","2x Thin Satin Hair Bands Headbands Girls Women (Navy blue)","New","5.69","No",,"Yes","33","31","0","2","113","99.96","0","80","0","0","0","0","31","0","0","31",
"ZQLH260112","X002HJEFPL","B0GFW81F17","Toothbrush Head Cover Compatible with Manual Toothbrush & Electric Toothbrush Head, 6 Pack","New","4.69","No",,"Yes","29","28","0","1","29","905.71","0","0","0","0","0","0","28","0","0","28",
"ZQLH260113","X002HJGVZ3","B0GFW6BXY5","MNFPSJB 20 Pack Multicolor Toothbrush Head Covers, Snap-In Design Hygienic Toothbrush Protector Caps, Compatible with Manual & Electric Toothbrush Heads, Reusable Covers for Bathroom & Travel","New","3.69","No",,"Yes","0","0","0","0","0","99.96","0","0","0","0","0","0","0","0","0","0",
"ZQLH260114","X002HJJKV5","B0GFWDFSV5","MNFPSJB 2 Pack Cat Thumb Book Page Holders, Ergonomic One-Hand Reading Bookmarks, Portable Book Accessories for Adults & Teenagers, Ideal Gifts for Book Lovers, Teachers & Students","New","3.59","No",,"Yes","0","0","0","0","0","99.96","0","0","0","0","0","0","0","0","0","0",
"ZQLH260115","X002HJJOO3","B0GFW8BDFR","MNFPSJB Funny Pig Keyring, Just A Girl Who Loves Pigs Heart Shaped Stainless Steel Keychain, Cute Animal Lover Gift for Women Girls, Bag Charm Car Ornament for Birthday Christmas Valentine's Day","New","4.09","No",,"Yes","22","22","0","0","22","99.96","0","0","0","0","0","0","22","0","0","22",
"ZQLH260116","X002HJJE1B","B0GFWDS5Y4","Sink Trim Overflow Cover, Sink Overflow Rings Bathroom Kitchen Basin Drain Cover Hole Insert in Round Caps, Gold","New","4.29","No",,"Yes","25","25","0","0","55","26.71","0","30","0","0","0","0","25","0","0","25",
"ZQLH260117","X002HJHZUX","B0GFWGCH28","9pcs Silicone Sink Overflow Hole Cover, Round Spillover Bath Ring Cap for Kitchen Bathroom Basin Easy-Fit Overflow Drain Cover Insert Plug for Home Washbasin Vanity Sinks Accessories (White)","New","4.59","No",,"Yes","19","19","0","0","19","99.96","0","0","0","0","0","0","19","0","0","19",
"ZQLH260118","X002HJBH6B","B0GFW9D9H1","4 PCS Sink Overflow Ring Round Overflow Hole Cover Basin for Bathroom Kitchen Sink Overflow Drain Cap Cover Sink Hole Round Overflow Cover Basin Trim Overflow Drain Cap Cover","New","3.79","No",,"Yes","22","20","0","2","22","99.96","0","0","0","0","0","0","20","0","0","20",
"ZQLH260119","X002HJI53J","B0GFWG1235","MNFPSJB 6 Pack Small Satin Hair Bow Clips, Non-Slip Soft Hair Barrettes for Women Teenage Girls, for Curly Straight Hair, Party Wedding Daily Hair Accessory Gift","New","4.59","No",,"Yes","6","5","0","1","6","99.96","0","0","0","0","0","0","5","0","0","5",
"ZQLH260120","X002HJHJXB","B0GFW2DTZ8","Funny Coffee Spoon Gift for Friend Besties Chrsitmas Gifts for Women Men Cofee Lover Gifts for Husband Wife Birthday Gift for Girlfriend Boyfriend Gifts for Bf Gf Spoons","New","3.49","No",,"Yes","0","0","0","0","30","99.96","0","30","0","0","0","0","0","0","0","0",
"ZQLH260121","X002HJO1HD","B0GFWG5NK2","Valentines Gifts for Her Him, Anniversary Wedding Gifts for Him Her, Valentines Day Gift for Couples Lovers Stainless Steel Coffee Spoon Pack of 2 Set, Romantic Mr and Mrs Gift","New","5.89","No",,"Yes","46","38","0","1","46","99.96","0","0","0","0","0","0","38","0","7","45",
"ZQLH260122","X002HJLBGH","B0GFWNNVSD","Engraved Stainless Steel Coffee Spoon - Unique Coffee Lovers Gift","New","4.99","No",,"Yes","0","0","0","0","50","89.31","0","50","0","0","0","0","0","0","0","0",
"ZQLH260123","X002HJJYG1","B0GFWNPL5T","MNFPSJB Retro Rimless Rectangle Sunglasses, Tinted Frameless Eyewear, Diamond Cutting Lens, UV400 Protection, Vintage Candy Colours Classic Square Glasses with Eyeglasses Straps Chain","New","8.09","No",,"Yes","35","31","0","4","55","99.96","0","20","0","0","0","0","31","0","0","31",
"ZQLH260124","X002HJLOBJ","B0GFWDQCMS","MNFPSJB Retro Rimless Rectangle Sunglasses, Tinted Frameless Eyewear, Diamond Cutting Lens, UV400 Protection, Vintage Candy Colours Classic Square Glasses(Purple)","New","7.66","No",,"Yes","85","65","0","2","85","99.96","0","0","0","1","0","0","65","0","17","82",
"ZQLH260701","X002NC88P5","B0HB45D17P","Stainless Steel Potato Masher, Dual Layer Heavy Duty Potato Ricer Masher, Non-Stick Smooth Creamy Mash Maker for Potatoes, Vegetables, Baby Food, Dishwasher Safe Kitchen Utensil","New","13.99","No",,"Yes","28","27","0","0","28","4090.38","0","0","0","0","0","0","27","0","1","28",
"amzn.gr.RPALH051-4t3u1VD8kI6XzCxMKOvE-VG","X002JQRVHL","B0F6XJ19TF","MNFPSJB 20 Pack 17mm Car Wheel Nut Covers with Removal Clip, Black Universal Tyre Lug Bolt Caps for Wheel Hub Decoration, Dust & Rust Protection","UsedVeryGood","3.73","No",,"Yes","1","1","0","0","1","99.96","0","0","0","0","0","0","1","0","0","1",
"amzn.gr.RPALH066-9QTsA32h0DGXYJ3ZIpBH-VG","X002IYV23X","B0F72N9Z5H","Windshield Washer Nozzles Replacement for Honda Civic 1987-2005 Fit/Jazz 2001-2008 CR-V 2006-2011 Accord 2003-2008 Acura TSX RL RSX Integra Spray Jet Kit Accessories","UsedVeryGood","4.24","No",,"Yes","1","1","0","0","1","99.96","0","0","0","0","0","0","1","0","0","1",
"amzn.gr.RPALH077-BjIR0UfrfULvo5S_O5qa-VG","X002I6VCMR","B0F6YL8KWL","A black USB to serial cable, converter COM port(0.8m)","UsedVeryGood","4.41","No",,"Yes","1","1","0","0","1","99.96","0","0","0","0","0","0","1","0","0","1",
"amzn.gr.RPALH083-ogQ1v5yR4qdQ4k1qUG73-AC","X002G3WPH3","B0F6XGN2HC","Anne Boleyn Ugly Betty Letter Pearl Necklace，A Niche Design With A Light And Luxurious French Fashion Necklace，Elegant And Minimalist Vintage Silver Necklace","UsedAcceptable","3.74","No",,"Yes","1","1","0","0","1","99.96","0","0","0","0","0","0","1","0","0","1",
"amzn.gr.RPALH083-tNfGJuAmr32cRmYvKT67-GD","X002KB0HS5","B0F6XGN2HC","Anne Boleyn Ugly Betty Letter Pearl Necklace，A Niche Design With A Light And Luxurious French Fashion Necklace，Elegant And Minimalist Vintage Silver Necklace","UsedGood","3.99","No",,"Yes","1","1","0","0","1","99.96","0","0","0","0","0","0","1","0","0","1",
"amzn.gr.RPALH083-z0i7iet4kBdv9uTIMv_D-AC","X002G6PAM7","B0F6XGN2HC","Anne Boleyn Ugly Betty Letter Pearl Necklace，A Niche Design With A Light And Luxurious French Fashion Necklace，Elegant And Minimalist Vintage Silver Necklace","UsedAcceptable","3.74","No",,"Yes","1","1","0","0","1","99.96","0","0","0","0","0","0","1","0","0","1",
"amzn.gr.RPALH241-0JC2sN7v4hf_ibXxM9OA-LN","X002GF1LXP","B0F6XBYW61","USB C to Mini USB Adapter 2 Pack, USB Type C Female to Mini USB 2.0 Type-B Male Adapter, Support Charging and Data Transfer, Black","UsedLikeNew","5.48","No",,"Yes","1","1","0","0","1","99.96","0","0","0","0","0","0","1","0","0","1",
"amzn.gr.RPALH374-7uaigrrtQtRrQvU5soXW-LN","X002G5TJS9","B0F74H6W2T","HDMI to 3 RCA Converter Cable (1.5m Black)","UsedLikeNew","4.85","No",,"Yes","1","1","0","0","1","99.96","0","0","0","0","0","0","1","0","0","1",
"amzn.gr.RPALH374-LzAUzGCkWVvEpdSBRXkT-VG","X002F899YB","B0F74H6W2T","HDMI to 3 RCA Converter Cable (1.5m Black)","UsedVeryGood","4.58","No",,"Yes","2","2","0","0","2","99.96","0","0","0","0","0","0","2","0","0","2",
"amzn.gr.RPALH398-FjngESg_ofpDi05ZkP1c-VG","X002G39TJP","B0F6XC9B11","Nylon Potato Mashers Durable Potato Masher Black Potatoes Masher Baby Food Masher with Non Slip Handle for Mashed Potatoes Fruits Vegetables","UsedVeryGood","5.60","No",,"Yes","1","1","0","0","1","1086.95","0","0","0","0","0","0","1","0","0","1",
"amzn.gr.RPALH400-ERoeeQ5jXXsslxuXyLR3-AC","X002FUT3DV","B0F6XS4XVB","2X Silver Chrome Plated Copper Metal Bathroom Sink Overflow Ring Replacement, Basin Overflow Hole Insert Plug Round Cover Ring for Kitchen Bathroom wash Basin Bowl Sink Trim","UsedAcceptable","5.02","No",,"Yes","1","1","0","0","1","287.1","0","0","0","0","0","0","1","0","0","1",
"amzn.gr.RPALH491-QaoMT6zEaGpAavLDP0M--LN","X002HRUVD3","B0F6X3593V","2pc Parcel shelf string clip holders fits Golf Audi A3 S3 MK2 8P 8V Q5 SQ5 8R MK1","UsedLikeNew","4.49","No",,"Yes","1","1","0","0","1","99.96","0","0","0","0","0","0","1","0","0","1",
"amzn.gr.RPALH514-K4V_WJb6_4agDewdUqE2-LN","X002MICUTP","B0GL2FDXNY","Clutch Brake Pedal Pads Cover Kit for Citroen, Rubber Clutch Brake Pedal Cap for Citroen Dispatch Berlingo Peugeot 306 Rubbers, Replacement Automobile Accessories, 9120804880, 450412, 4504.12","UsedLikeNew","7.10","No",,"Yes","1","1","0","0","1","99.96","0","0","0","0","0","0","1","0","0","1",
"amzn.gr.RPALH542--RztfrNyqjRiMyVILncQ-LN","X002LU24GN","B0GL83NZF4","2PCS Shower Floor Drain Backflow Preventer Sewer Core Anti-Odor Plug for Kitchen Bathroom","Unknown",,,,,"0","0","0","0","0","99.96","0","0","0","0","0","0","0","0","0","0",
"amzn.gr.RPLH260363-jsUfCJLWafNimVaFA2-VG","X002NIUCEJ","B0GV47NJ5F","Car Exhaust Manifold Gasket 54mm,Exhaust Flange Seal Donut Ring Muffler,Universal Muffler SealerDonut,Graphite Donut Gasket to Prevent Leak Noise for Car,SUV,Truck,RV","UsedVeryGood","6.88","No",,"Yes","1","1","0","0","1","99.96","0","0","0","0","0","0","1","0","0","1",
"amzn.gr.ZQLH2409142-5cWSwoM2JdNZtJkXK-LN","X002HOE8CV","B0DJ27TB7F","MNFPSJB 3 Pack Pet Pill Feeder Dispenser, Soft Tip Dog Cat Medicine Feeder, Reusable Syringe Tool for Pills Capsules Liquid Water Small Animals","UsedLikeNew","4.13","No",,"Yes","1","1","0","0","1","78.82","0","0","0","0","0","0","1","0","0","1",
"amzn.gr.ZQLH24101404-YGp0CUF3tmTg1kyV-VG","X002MYJ0MT","B0DK1NT53N","Spiralizer for Vegetables & Manual Graters, Stainless Steel Zucchini Spaghetti Maker，Spiralizer Included Ideal for Vegetable & Fruit Slicing","UsedVeryGood","7.13","No",,"Yes","1","1","0","0","1","909.65","0","0","0","0","0","0","1","0","0","1",
"amzn.gr.ZQLH24110406-5JAGJC7TnIoU4Aj7-VG","X002EYRZHT","B0DLW6F3NC","Egg Separator Tool，Egg Yolk Separator and Egg White Separator - Easy Egg Breaker and Yolk Separator in One Tool","UsedVeryGood","5.99","No",,"Yes","10","10","0","0","10","428.85","0","0","0","0","0","0","10","0","0","10",
