"snapshot-date","sku","fnsku","asin","product-name","condition","available","fc-transfer","pending-removal-quantity","inv-age-0-to-90-days","inv-age-91-to-180-days","inv-age-181-to-270-days","inv-age-271-to-365-days","inv-age-366-to-455-days","inv-age-456-plus-days","currency","units-shipped-t7","units-shipped-t30","units-shipped-t60","units-shipped-t90","alert","your-price","sales-price","lowest-price-new-plus-shipping","lowest-price-used","recommended-action","healthy-inventory-level","recommended-sales-price","recommended-sale-duration-days","recommended-removal-quantity","estimated-cost-savings-of-recommended-actions","sell-through","item-volume","volume-unit-measurement","storage-type","storage-volume","marketplace","product-group","sales-rank","days-of-supply","estimated-excess-quantity","weeks-of-cover-t30","weeks-of-cover-t90","featuredoffer-price","sales-shipped-last-7-days","sales-shipped-last-30-days","sales-shipped-last-60-days","sales-shipped-last-90-days","inv-age-0-to-30-days","inv-age-31-to-60-days","inv-age-61-to-90-days","inv-age-181-to-330-days","inv-age-331-to-365-days","estimated-storage-cost-next-month","inbound-quantity","inbound-working","inbound-shipped","inbound-received","Total Reserved Quantity","unfulfillable-quantity","quantity-to-be-charged-ais-241-270-days","estimated-ais-241-270-days","quantity-to-be-charged-ais-271-300-days","estimated-ais-271-300-days","quantity-to-be-charged-ais-301-330-days","estimated-ais-301-330-days","quantity-to-be-charged-ais-331-365-days","estimated-ais-331-365-days","quantity-to-be-charged-ais-366-455-days","estimated-ais-366-455-days","quantity-to-be-charged-ais-456-plus-days","estimated-ais-456-plus-days","historical-days-of-supply","Recommended ship-in quantity","Recommended ship-in date","Last updated date for Historical Days of Supply","Short term historical days of supply","Long term historical days of supply","Inventory age snapshot date","Inventory Supply at FBA","Reserved FC Processing","Reserved Customer Order","Reserved Staging","Total Days of Supply (including units from open shipments)","is-seasonal-in-next-3-months","season-name","season-start-date","season-end-date"
"2026-08-13","ZQLH240991","X0024FRIWP","B0DGD3K98P","Pet Pill Plunger Popper, Animal Medicine Feeder Side Grip Press Type with Silicone Tip for Dogs Cats Birds cat pill dispenser","New","81","1","0","84","0","0","0","0","0","GBP","6","31","53","90","Low traffic","5.29","0.0","5.29","0.0","NoExcessInventory","83","0.0","0","0","0.0","1.5","0.010769","cubic feet","Standard","0.872289","UK","gl_pet_products","34332","112","0","10","11","5.29","26.46","136.71","232.88","379.22","30","54","0","0","0","0.54","0","0","0","0","3","0","","","","","","","","","","","","","70.6","6","2026-08-23","2026-08-09","70.6","49.2","2026-08-10","82","3","0","0","119","N","","",""
"2026-08-13","ZQLH260108","X002HJ5W7L","B0GFVXMF6C","FOUNDATION BRUSH – Perfect Makeup Brush for Liquid Foundation & Powder Make-up, Seamless Blending, Face Brush for Make up, Beauty Tools","New","18","0","0","18","0","0","0","0","0","GBP","1","6","6","9","Low traffic","3.99","0.0","3.99","0.0","Create Outlet deal","0","3.19","2","0","57.15","0.68","0.003531","cubic feet","Standard","0.063558","UK","gl_beauty","199325","166","0","12","26","3.99","3.32","19.92","19.92","29.4","0","18","0","0","0","0.04","0","0","0","0","0","0","","","","","","","","","","","","","126.0","0","","2026-08-09","108.2","126.0","2026-08-10","18","0","0","0","166","N","","",""
"2026-08-13","RPALH367","X002AMWP9N","B0F6XJ27L1","Vacuum Pump Valve Replacement Brake Vacuum Pump Valve Repair for Ford Transit/Courier/B-Max CB2/Focus CB8/Fiesta CCN, CM5G2A451GA 1867424","New","17","1","0","20","0","0","0","0","0","GBP","0","0","1","9","Low traffic","4.79","0.0","4.79","0.0","Create Outlet deal","6","3.83","2","0","2.0","1.16","0.003531","cubic feet","","0.060027","UK","gl_biss","233088","366","0","","24","4.79","0.0","0.0","3.99","35.4","20","0","0","0","0","0.04","0","0","0","0","2","0","","","","","","","","","","","","","","0","","","","61.3","2026-08-10","18","0","2","0","366","N","","",""
"2026-08-13","RPLH260368","X002JPGTZR","B0GV43H8SZ","MNFPSJB 24Pcs Rose Pink Short Press On Nails, Glossy Gel Finish Fake Nail Art Tips, Reusable False Nails Kit with Nail File, Cuticle Stick & Adhesive Tabs for Women Daily & Office Wear","New","36","0","0","20","17","0","0","0","0","GBP","0","0","1","3","Low traffic","4.09","0.0","4.29","0.0","Advertise listing","0","0.0","0","0","78.22","0.11","0.005967","cubic feet","Standard","0.214812","UK","gl_beauty","437142","366","36","","156","4.29","0.0","0.0","3.91","11.89","0","20","0","0","0","0.09","0","0","0","0","1","0","","","","","","","","","","","","","","0","","","","742.3","2026-08-10","36","1","0","0","366","N","","",""
"2026-08-13","RPALH510","X002IG82W5","B0GMP2QTL6","MNFPSJB 1pcs Bite Alarms Carp Fishing Swingers Bobbins for Fishing Alarm Indicator,Chain Bite Alarm Tools Green","New","11","0","0","11","0","0","0","0","0","GBP","2","7","12","15","Low traffic","6.94","0.0","6.94","0.0","NoRestockExcessActionRequired","","","0","0","","1.4","0.003531","cubic feet","Standard","0.038841","UK","gl_sports","56255","46","0","6","9","6.94","11.56","40.8","70.89","89.23","0","10","1","0","0","","0","0","0","0","0","0","","","","","","","","","","","","","92.8","10","2026-08-10","2026-08-09","91.2","92.8","2026-08-10","11","0","0","0","46","N","","",""
"2026-08-13","RPALH469","X002ANOYJV","B0F73ZV62C","MNFPSJB 2Pcs MNFPSJB Rasta Bracelet Jamaica Rope Adjustable Drawstring Braided Leather Men's Women's Jewelry Gifts","New","62","7","0","70","0","0","0","0","0","GBP","0","24","25","37","Low traffic","3.89","0.0","3.89","0.0","Create Outlet deal","22","3.11","2","0","25.17","1.47","0.003531","cubic feet","Apparel","0.218922","UK","gl_jewelry","305372","366","0","15","32","3.89","0.0","77.76","81.0","118.63","70","0","0","0","0","0.16","30","0","30","0","0","0","","","","","","","","","","","","","13.2","0","","2026-08-09","12.5","13.2","2026-08-10","99","0","0","0","366","N","","",""
"2026-08-13","RPALH324","X002AMRNB3","B0F6XC653X","3 Pcs Telescopic Teachers Pointer Mini Retractable Teacher Pointer Stick Extendable Hand Pointer Finger Pointer Stick for Teacher Classroom Teacher Aids (Blue Red Green)","New","1","0","0","5","0","0","0","0","0","GBP","0","0","4","5","Low traffic","4.69","0.0","4.69","0.0","Create Outlet deal","0","0.0","0","0","5.06","1.05","0.015097","cubic feet","","0.015097","UK","gl_wireless","245000","22","0","","2","4.69","0.0","0.0","14.62","18.19","0","0","5","0","0","0.01","0","0","0","0","4","0","","","","","","","","","","","","","","0","","","","107.8","2026-08-10","1","4","0","0","110","N","","",""
"2026-08-13","RPALH073","X002AMOWNZ","B0F6X7B9KH","MNFPSJB 100 Pcs Penny Sleeves, 91 x 66mm Ultra-Clear Trading Card Sleeves, Transparent Plastic Card Protectors for Adult Collectors, Game Cards & Collectible Trading Cards","New","16","1","0","20","7","0","0","0","0","GBP","1","2","3","3","Low traffic","4.99","0.0","4.99","0.0","Create Outlet deal","0","0.0","0","0","70.32","0.21","0.003531","cubic feet","","0.056496","UK","gl_office_product","159689","305","17","32","69","4.99","4.16","8.48","12.8","12.8","20","0","0","0","0","0.04","0","0","0","0","10","0","","","","","","","","","","","","","322.0","0","","2026-08-09","191.0","322.0","2026-08-10","17","10","0","0","366","N","","",""
"2026-08-13","RPALH481","X002AN0V8T","B0F6Y6JXH8","Selene™ Nano Toothbrush | Soft Bristle Manual for Adults Children | Micro-Nano Design 20,000 Bristles Gentle Cleaning Fragile Gums","New","273","7","0","298","0","0","0","0","0","GBP","15","143","244","324","Low traffic","6.89","0.0","6.89","0.0","NoRestockExcessActionRequired","74","6.55","52","0","39.14","2.63","0.007231","cubic feet","","1.974063","UK","gl_personal_care_appliances","25556","110","0","10","14","6.89","86.1","820.82","1400.56","1853.64","262","36","0","0","0","0.68","100","0","100","0","13","0","","","","","","","","","","","","","33.4","0","","2026-08-09","33.4","22.9","2026-08-10","380","12","1","0","113","N","","",""
"2026-08-13","RPALH191","X002AO69RP","B0F74CK7ZC","Precision Slanted Eyebrow Tweezers for Men & Women - Stainless Steel, Ideal for Facial Hair & Ingrown Hair Removal","New","47","0","0","49","0","0","0","0","0","GBP","0","5","13","21","Low traffic","5.19","0.0","5.39","0.0","NoExcessInventory","47","0.0","0","0","0.0","0.61","0.003531","cubic feet","Other","0.165957","UK","gl_home_improvement","123194","238","0","37","29","5.39","0.0","22.45","58.37","94.29","1","48","0","0","0","0.1","0","0","0","0","2","0","","","","","","","","","","","","","312.8","0","","2026-08-09","312.8","128.1","2026-08-10","47","2","0","0","248","N","","",""
"2026-08-13","ZQLH251235","X002H86X3T","B0GCCZSY1P","MNFPSJB 2 Pack Silicone Bathtub Stoppers, Extra Large 15.5x13cm Universal Drain Plugs with Suction Cup, Leakproof Sink Stoppers for Kitchen, Bathroom & Shower, White & Black","New","5","0","0","1","5","0","0","0","0","GBP","1","3","6","9","Low traffic","4.79","0.0","4.79","0.0","Create Outlet deal","0","3.83","2","0","21.87","0.82","0.003531","cubic feet","Standard","0.017655","UK","gl_home","245550","52","0","6","7","4.79","3.99","11.97","23.94","36.08","0","1","0","0","0","0.01","0","0","0","0","0","0","","","","","","","","","","","","","127.3","3","2026-08-11","2026-08-09","78.3","127.3","2026-08-10","5","0","0","0","52","N","","",""
"2026-08-13","RPALH166","X002AMZBRL","B0F6XGP2JP","Travel Cutlery - Premium Spork Reusable- Portable Camping Cutlery Set,Bottle Can Opener Outdoor Spoon Fork Eating Multi-Tool Utensil (Black)","New","15","0","0","16","0","0","0","0","0","GBP","0","4","4","15","Low traffic","4.09","0.0","4.09","0.0","Create Outlet deal","0","3.27","2","0","58.08","3.53","0.003531","cubic feet","","0.052965","UK","gl_kitchen","136624","114","0","15","13","4.09","0.0","13.64","13.64","51.15","16","0","0","0","0","0.04","0","0","0","0","1","0","","","","","","","","","","","","","120.0","8","2026-08-23","2026-08-09","120.0","40.1","2026-08-10","15","1","0","0","122","N","","",""
"2026-08-13","RPALH362","X002AO56AL","B0F74QL21C","2 Pcs Replacement Sink Basin Pop Up Click Clack Brass Plug Assembly with Internal Spring for Bathroom Bathtub Sink Drain Stopper","New","113","0","0","113","0","0","0","0","0","GBP","0","2","10","49","Low traffic","4.99","0.0","5.19","0.0","Create Outlet deal","31","3.99","2","0","187.74","0.86","0.003531","cubic feet","Standard","0.399003","UK","gl_home","557578","366","0","226","29","5.19","0.0","8.98","44.9","199.34","0","113","0","0","0","0.28","0","0","0","0","0","0","","","","","","","","","","","","","840.0","0","","2026-08-09","840.0","92.7","2026-08-10","113","0","0","0","366","N","","",""
"2026-08-13","RPALH591","X002I8VDXX","B0GKZVHTGR","2-piece Universal Bathtub Stopper With Stainless Steel Chain, Replacement Bathtub Plug, 42-45mm","New","24","0","0","24","0","0","0","0","0","GBP","3","7","7","9","Low traffic","4.79","0.0","4.79","0.0","NoRestockExcessActionRequired","24","0.0","0","0","0.0","0.59","0.003531","cubic feet","Standard","0.084744","UK","gl_home","458048","78","0","13","34","4.79","11.97","27.93","27.93","36.57","17","0","7","0","0","0.05","0","0","0","0","0","0","","","","","","","","","","","","","156.2","0","","2026-08-09","114.3","156.2","2026-08-10","24","0","0","0","78","N","","",""
"2026-08-13","RPLH260360","X002JP0FQ1","B0GV3PGTMF","MNFPSJB Eyeglass Chain for Women – Stylish Glasses Strap with Adjustable Loops – Eyeglass Holder Necklace for Sunglasses & Reading Glasses – Lightweight Glasses Lanyard for Everyday Wear","New","13","0","0","2","27","0","0","0","0","GBP","0","0","0","2","Low traffic","5.07","0.0","5.27","0.0","Create Outlet deal","0","5.01","2","0","29.24","0.07","0.003531","cubic feet","Apparel","0.045903","UK","gl_apparel","2052378","366","13","","84","5.67","0.0","0.0","0.0","10.44","0","0","2","0","0","0.03","0","0","0","0","16","0","","","","","","","","","","","","","","0","","","","1302.5","2026-08-10","13","16","0","0","366","Y","Holiday Season","2026-09-05","2027-01-23"
"2026-08-13","RPALH165","X002AO51SD","B0F741Y3VH","Disco Glitter Party Decoration Set - Dancing Queen Theme for Bachelorette, Birthday & Bridal Showers (Mamma Mia Inspired)","New","47","0","0","47","0","0","0","0","0","GBP","3","14","34","49","Low traffic","6.29","0.0","6.29","0.0","NoExcessInventory","47","0.0","0","0","0.0","2.58","0.013668","cubic feet","Standard","0.642396","UK","gl_lawn_and_garden","123742","177","0","13","12","6.29","14.74","73.57","178.1","255.5","47","0","0","0","0","0.4","0","0","0","0","0","0","","","","","","","","","","","","","69.4","0","","2026-08-09","69.4","31.0","2026-08-10","47","0","0","0","177","N","","",""
"2026-08-13","RPALH218","X002AO566Z","B0F74H9LZ6","MNFPSJB 10 Pcs Soy Sauce Bottles Container Sushi Tools Fish-shaped Bento Seasoning for Sashimi Salads (4ml)","New","34","10","0","39","0","0","0","0","0","GBP","2","4","16","25","Low traffic","4.69","0.0","4.69","0.0","NoExcessInventory","44","0.0","0","0","0.0","1.17","0.003531","cubic feet","Standard","0.120054","UK","gl_home","358527","151","0","34","17","4.69","7.82","15.8","66.68","104.84","15","24","0","0","0","0.1","0","0","0","0","0","0","","","","","","","","","","","","","135.5","0","","2026-08-09","135.5","69.0","2026-08-10","44","0","0","0","151","N","","",""
"2026-08-13","RPALH431","X002AMWPNT","B0F6XS4M6W","2Pcs Hot and Cold Water Inlet M10 Threaded Brass Plug Faucet Tap Flexible Pipe Water Inlet for Bathroom and Kitchen Mixer Taps 10 mm","New","35","0","0","37","0","0","0","0","0","GBP","1","19","27","38","Low traffic","6.49","0.0","6.69","0.0","NoExcessInventory","35","0.0","0","0","0.0","1.16","0.003531","cubic feet","","0.123585","UK","gl_home_improvement","190288","142","0","13","22","6.69","5.57","105.83","150.39","211.66","0","37","0","0","0","0.08","30","0","30","0","1","0","","","","","","","","","","","","","64.0","0","","2026-08-09","64.0","62.6","2026-08-10","65","1","0","0","145","N","","",""
"2026-08-13","RPALH443","X002AMRUAH","B0F6XS68JD","USB Charger Compatible with Panasonic Shaver, 5.4V USB Cable for Panasonic ES-LV97, ES-LA63, ES-LA93, RE7-51, RE7-59, RE740, RE768, REGC20 etc.","New","15","0","0","16","0","0","0","0","0","GBP","4","11","23","33","Low traffic","5.79","0.0","5.79","0.0","NoExcessInventory","15","0.0","0","0","0.0","1.57","0.003531","cubic feet","","0.052965","UK","gl_electronics","","132","0","20","21","5.79","19.28","53.02","111.03","160.93","1","15","0","0","0","0.03","40","0","40","0","1","0","","","","","","","","","","","","","75.7","0","","2026-08-09","75.7","56.7","2026-08-10","55","0","1","0","136","N","","",""
"2026-08-13","RPALH420","X002AO6DSP","B0F73TC143","10Pcs 4mm Speaker Banana,Banana Plug for Speaker Wire Gold Plated Speaker Wire Banana Plugs Connectors","New","38","0","0","38","0","0","0","0","0","GBP","2","18","38","70","Low traffic","5.69","0.0","5.69","0.0","NoRestockExcessActionRequired","38","0.0","0","0","0.0","2.65","0.003531","cubic feet","Standard","0.134178","UK","gl_biss","14431","242","0","17","14","5.69","9.48","85.32","180.12","321.72","30","8","0","0","0","0.07","40","0","40","0","0","0","","","","","","","","","","","","","74.9","0","","2026-08-09","74.9","38.1","2026-08-10","78","0","0","0","242","N","","",""
"2026-08-13","RPALH306","X002AO6D3P","B0F74LNSH2","TV Aerial Coaxial Cable F-Connectors Adapter - 2 Pcs TV F/T Plug Type Male to Female Coaxial Socket Adapter, F Socket Female to Coax Plug Male TV Aerial Connector Adaptor for Cable Lead","New","86","1","0","93","0","0","0","0","0","GBP","9","82","125","169","","4.99","0.0","4.99","0.0","NoRestockExcessActionRequired","11","3.32","43","0","177.52","4.91","0.001413","cubic feet","Standard","0.121518","UK","gl_biss","12407","295","0","11","18","4.99","37.44","341.12","514.22","666.72","93","0","0","0","0","0.08","150","0","150","0","2","0","","","","","","","","","","","","","32.2","0","","2026-08-09","32.2","20.7","2026-08-10","237","0","2","0","296","N","","",""
"2026-08-13","ZQLH24101405","X0025JEHSX","B0DK1RC6HD","Pet Pill Plunger Popper,cat pill popper,pill popper for cats,Animal Medicine Feeder Side Grip Press Type with Silicone Tip for Dogs Cats Birds cat pill dispenser","New","17","0","0","17","0","0","0","0","0","GBP","1","2","3","3","Low traffic","3.99","0.0","3.99","0.0","Create Outlet deal","0","3.27","2","0","83.78","0.26","0.00286","cubic feet","Standard","0.04862","UK","gl_pet_products","94103","160","0","34","73","3.99","3.32","6.73","10.14","10.14","0","10","7","0","0","0.03","0","0","0","0","0","0","","","","","","","","","","","","","369.0","0","","2026-08-09","275.5","369.0","2026-08-10","17","0","0","0","160","N","","",""
"2026-08-13","RPLH260322","X002JM32GT","B0GTT19FTN","Pack of 6 Light Mixed Brown 20mm Round Faux Horn Sew On Plastic Buttons for Coats Jackets Cardigans Flat 4 Holes 32L","New","21","27","0","31","17","0","0","0","0","GBP","1","5","10","12","Low traffic","4.79","0.0","4.79","0.0","Create Outlet deal","0","4.15","2","0","104.26","0.38","0.003531","cubic feet","Standard","0.074151","UK","gl_office_product","230400","290","48","16","22","4.79","3.99","19.95","41.7","50.64","30","0","1","0","0","0.12","0","0","0","0","0","0","","","","","","","","","","","","","191.7","0","","2026-08-09","162.8","191.7","2026-08-10","48","0","0","0","290","N","","",""
"2026-08-13","RPALH331","X002AOCFUP","B0F73Z9P23","2-Pair Lace Thigh-High Stockings Set - Women's Translucent Hold-Ups with Breathable Comfort | Sexy & Versatile for All Outfits (Black/Red)","New","22","0","0","16","6","0","0","0","0","GBP","4","6","9","11","Low traffic","5.19","0.0","5.19","0.0","CreateShippingPlan","12","0.0","0","0","25.07","0.52","0.018228","cubic feet","Apparel","0.401016","UK","gl_apparel","135128","64","0","14","26","5.19","17.28","25.92","39.39","48.87","0","16","0","0","0","0.22","0","0","0","0","0","0","","","","","","","","","","","","","166.6","0","","2026-08-09","164.2","166.6","2026-08-10","22","0","0","0","64","N","","",""
"2026-08-13","RPALH563","X002I9MUVB","B0GL6XCYX9","MNFPSJB 6 PCS Invisible Pant Leg Clips, Plastic Trouser Hem for Jeans and Trousers, Discreet Pant Leg Fasteners to Make Pants Tighter, Easy Install Portable Hem Clips for Daily Wear","New","22","1","0","26","3","0","0","0","0","GBP","0","1","2","2","Low traffic","4.19","0.0","4.19","0.0","NoExcessInventory","23","0.0","0","0","0.0","0.15","0.003531","cubic feet","Apparel","0.077682","UK","gl_apparel","1281223","366","0","88","143","4.19","0.0","3.49","7.15","7.15","20","0","6","0","0","0.04","0","0","0","0","6","0","","","","","","","","","","","","","470.5","0","","2026-08-09","416.0","470.5","2026-08-10","23","6","0","0","366","N","","",""
"2026-08-13","RPALH474","X002AN5CG5","B0F6XWGMP7","Corrosion Resistant (Silver) Aluminium Tyre Wheel Alloy Valve Caps Dust Caps (4 Pack) Universal for Cars, SUVs, Bicycles, Motorcycles, Trucks | Plastic Insert | Screw-On","New","55","0","0","55","0","0","0","0","0","GBP","1","14","22","27","Low traffic","4.99","0.0","4.99","0.0","NoExcessInventory","55","0.0","0","0","0.0","0.93","0.0138","cubic feet","","0.759","UK","gl_automotive","67208","257","0","27","45","4.99","4.16","58.24","91.68","112.88","33","22","0","0","0","0.48","40","0","40","0","0","0","","","","","","","","","","","","","78.3","0","","2026-08-09","78.3","77.3","2026-08-10","95","0","0","0","257","N","","",""
"2026-08-13","RPALH373","X002AN1A4D","B0F6Y8FTH4","MNFPSJB Boys' Necklaces 2 Pcs Football Stuff 3D Pendant Chain Kids Gifts for Men Women Unisex","New","51","7","0","60","0","0","0","0","0","GBP","0","26","41","49","Low traffic","5.29","0.0","5.49","0.0","NoExcessInventory","58","0.0","0","0","0.0","1.63","0.003531","cubic feet","","0.180081","UK","gl_jewelry","292188","366","0","15","26","5.29","0.0","118.82","187.37","221.97","60","0","0","0","0","0.14","50","0","50","0","0","0","","","","","","","","","","","","","20.2","0","","2026-08-09","9.6","20.2","2026-08-10","108","0","0","0","366","N","","",""
"2026-08-13","RPALH146","X002AMOXCZ","B0F6XS3X6D","Eyeglass Chain 2 PCS Fashion Sunglasses Chain, Glasses Round Neck for Women Men, Anti-lost String for Glasses Retainer Sunglasses Strap Holder Lanyard Mask Chain Necklace","New","8","0","0","1","8","0","0","0","0","GBP","0","3","8","9","Low traffic","4.19","0.0","4.19","0.0","GoToRestock","8","0.0","0","0","0.0","0.65","0.003531","cubic feet","","0.028248","UK","gl_apparel","498981","106","0","10","11","4.19","0.0","10.47","28.42","32.16","0","0","1","0","0","0.01","0","0","0","0","1","0","","","","","","","","","","","","","141.3","0","","2026-08-09","73.0","141.3","2026-08-10","8","1","0","0","130","N","","",""
"2026-08-13","RPALH569","X002IGHSST","B0GMQN9C9T","Knot Tying Tool Set With Hook Covers, 4 Pack Accessories For Sea, Safe Hook Guard, Braid-to-Leader Knot Helper, Transport Fully Rigged Rods, Blue, Compact 2.5×4 Cm Size","New","19","0","0","22","0","0","0","0","0","GBP","3","5","6","10","Low traffic","4.79","0.0","4.79","0.0","Create Outlet deal","0","3.83","2","0","76.24","0.77","0.003531","cubic feet","Standard","0.067089","UK","gl_sports","47162","303","0","15","24","4.79","11.97","19.95","24.11","40.75","15","7","0","0","0","0.05","0","0","0","0","3","0","","","","","","","","","","","","","240.0","0","","2026-08-09","240.0","126.1","2026-08-10","19","0","3","0","366","N","","",""
"2026-08-13","RPALH180","X002AMWPM5","B0F6W95Z4Z","Section Adhesive Island Dressings Pads,Wound Cover Barrier Absorbent Patche, Transparent Film Bandage-10Pcs-6 * 7CM","New","32","0","0","32","0","0","0","0","0","GBP","2","7","17","27","Low traffic","4.09","0.0","4.09","0.0","NoRestockExcessActionRequired","32","0.0","0","0","0.0","1.15","0.003531","cubic feet","","0.112992","UK","gl_drugstore","74100","239","0","35","29","4.09","6.82","23.87","57.97","90.37","1","31","0","0","0","0.07","30","0","30","0","0","0","","","","","","","","","","","","","98.0","0","","2026-08-09","98.0","63.1","2026-08-10","62","0","0","0","239","N","","",""
"2026-08-13","RPALH548","X002IAHRCH","B0GL89TN15","Lily Of The Valley Brooch Gifts, Queen Elizabeth's Favourite Flower White","New","42","0","0","42","0","0","0","0","0","GBP","1","2","2","6","Low traffic","7.09","0.0","7.09","0.0","Create Outlet deal","21","6.55","2","0","20.99","0.24","0.004603","cubic feet","Apparel","0.193326","UK","gl_jewelry","866888","366","0","84","91","7.09","5.91","12.15","12.15","39.94","0","39","3","0","0","0.1","0","0","0","0","0","0","","","","","","","","","","","","","1302.0","0","","2026-08-09","1302.0","416.4","2026-08-10","42","0","0","0","366","N","","",""
"2026-08-13","RPALH279","X002AMWOOJ","B0F6XGM362","Yoga Mat Strap Adjustable Yoga Mat Carry Back Padding Elastic Belt Fitness Stretch Pilates Holder Exercises Aerobics Outdoor Sports Mats Multi-Purpose Non-Slip Shoulder Carrier for All Mat Sizes","New","89","3","0","93","0","0","0","0","0","GBP","0","5","27","60","Low traffic","6.19","0.0","6.39","0.0","NoExcessInventory","92","0.0","0","0","0.0","1.43","0.003531","cubic feet","","0.314259","UK","gl_apparel","115504","366","0","71","19","6.39","0.0","26.6","141.4","305.31","58","35","0","0","0","0.16","0","0","0","0","1","0","","","","","","","","","","","","","270.5","0","","2026-08-09","270.5","44.0","2026-08-10","92","1","0","0","366","N","","",""
"2026-08-13","RPALH544","X002IGD5TZ","B0GMN9RLZ3","MNFPSJB Pack of 3 First Aid Kit Located Here Signs, Green High-Visibility Self-Adhesive Stickers, Durable Weatherproof for Office Factory Public Spaces","New","10","0","0","0","10","0","0","0","0","GBP","","","","","Low traffic","6.59","0.0","6.79","0.0","Advertise listing","0","0.0","0","0","21.87","0.0","0.003531","cubic feet","Standard","0.03531","UK","gl_office_product","","","10","","","6.79","","","","","0","0","0","0","0","0.02","0","0","0","0","0","0","","","","","","","","","","","","","","0","","","","","2026-08-10","10","0","0","0","","N","","",""
"2026-08-13","ZQLH24110906","X00265RQR5","B0DMJYSS5B","Cake Sculpting & Modeling Tools - Cake Smoother, Cake Icing Smoother Tool, Cake Scraper Buttercream Smoother - Cake Decorating Kit for Fondant with Fondant Smoother - Essential Cake Icing Tools","New","33","0","0","38","0","0","0","0","0","GBP","0","6","15","27","Low traffic","4.59","0.0","4.59","0.0","NoExcessInventory","33","0.0","0","0","0.02","2.2","0.011498","cubic feet","Standard","0.379434","UK","gl_kitchen","541606","132","0","22","15","4.59","0.0","22.92","56.66","97.01","38","0","0","0","0","0.25","0","0","0","0","4","0","","","","","","","","","","","","","56.6","0","","2026-08-09","56.6","25.2","2026-08-10","33","4","0","0","150","N","","",""
"2026-08-13","RPALH260305","X002JK2Z9L","B0GTLRP1BN","Glass Nail Files for Natural Nails, Long Lasting Etch Glass Nail File with Hardcase Stocking Fillers Gifts for Women - Rose Gold","New","37","0","0","20","17","0","0","0","0","GBP","0","2","11","13","Low traffic","4.59","0.0","4.79","0.0","Create Outlet deal","0","0.0","0","0","80.47","0.45","0.003531","cubic feet","Standard","0.130647","UK","gl_drugstore","205586","366","77","154","77","4.79","0.0","8.15","45.59","53.91","20","0","0","0","0","0.09","40","0","40","0","0","0","","","","","","","","","","","","","192.0","0","","2026-08-09","192.0","184.3","2026-08-10","77","0","0","0","366","N","","",""
"2026-08-13","RPALH460","X002AMRPA7","B0F6WKMV7Q","Pack of 3 Toilet Seat Brush, Toilet Brush with Rim Cleaning, Toilet Cleaning Brush, Portable Curved Toilet Brush, Toilet Rim Cleaner (Blue, Green, Pink)","New","21","0","0","26","0","0","0","0","0","GBP","0","11","17","25","Low traffic","5.99","0.0","5.99","0.0","NoExcessInventory","21","0.0","0","0","0.0","1.18","0.041087","cubic feet","","0.862827","UK","gl_home","455405","146","0","18","26","5.99","0.0","54.89","84.83","124.75","0","26","0","0","0","0.45","30","0","30","0","5","0","","","","","","","","","","","","","80.1","0","","2026-08-09","79.8","80.1","2026-08-10","51","5","0","0","161","N","","",""
"2026-08-13","RPALH204","X002ANOYTB","B0F73X1CHP","6 Pieces Ceramic White Spoon, Jam Mini Dessert Teaspoon, Tableware Set Restaurants Dessert Shops Cafes (13 * 2.5cm)","New","87","2","0","94","0","0","0","0","0","GBP","6","22","49","74","Low traffic","5.99","0.0","5.99","0.0","NoExcessInventory","89","0.0","0","0","0.0","1.85","0.028295","cubic feet","Standard","2.461665","UK","gl_kitchen","152474","112","0","16","15","5.99","29.94","109.78","244.51","369.26","92","2","0","0","0","1.61","1","0","1","0","4","0","","","","","","","","","","","","","46.7","0","","2026-08-09","46.7","29.4","2026-08-10","90","0","4","0","116","N","","",""
"2026-08-13","RPALH518","X002I97435","B0GL28G6K4","Green Solid Hair Claws Large Clips Strong Hold Big Claw Barrettes for Women Girls Thick Thin Long Hair No Slip Square Hairpin","New","18","0","0","20","0","0","0","0","0","GBP","1","5","11","13","Low traffic","5.39","0.0","5.39","0.0","NoExcessInventory","18","0.0","0","0","0.0","1.3","0.003531","cubic feet","Standard","0.063558","UK","gl_beauty","159918","144","0","30","38","5.39","4.49","23.11","52.37","62.35","20","0","0","0","0","0.04","20","0","20","0","1","0","","","","","","","","","","","","","105.2","0","","2026-08-09","105.2","92.7","2026-08-10","38","0","1","0","147","N","","",""
"2026-08-13","RPALH098","X002AMRVNN","B0F6XRMY33","2Pcs Microwave Oven Turntable Coupler Roller Support Tray Shaft Replacement","New","19","0","0","19","0","0","0","0","0","GBP","2","8","14","17","Low traffic","4.29","0.0","4.29","0.0","NoExcessInventory","19","0.0","0","0","0.0","1.1","0.003531","cubic feet","","0.067089","UK","gl_kitchen","410406","241","0","19","29","4.29","7.14","28.56","49.98","60.69","1","18","0","0","0","0.04","20","0","20","0","0","0","","","","","","","","","","","","","116.8","0","","2026-08-09","116.8","101.4","2026-08-10","39","0","0","0","241","N","","",""
"2026-08-13","RPALH355","X002ANSWPD","B0F6YV8DPF","MNFPSJB 10 Pack Pink Silicone Nail Drill Dust Guards, Universal Electric Nail Bit Protector Caps, Dust Collector Stopper Covers for Salon Home Nail Art Accessories","New","2","0","0","1","1","0","0","0","0","GBP","3","8","18","25","Low traffic","3.99","0.0","3.99","0.0","NoExcessInventory","2","0.0","0","0","0.0","1.67","0.003531","cubic feet","","0.007062","UK","gl_beauty","163773","135","0","17","17","3.99","9.96","26.56","59.76","83.17","0","1","0","0","0","0.0","32","0","32","0","0","0","","","","","","","","","","","","","58.4","0","","2026-08-09","23.8","58.4","2026-08-10","34","0","0","0","135","N","","",""
"2026-08-13","RPLH260380","X002JRLDD3","B0GVDQRYHS","3/4"" Universal Inlet Hose Filter Mesh Washers for Washing Machines & Dishwashers, 24.5mm OD x 16mm ID x 3mm, Pack of 2","New","25","0","0","1","25","0","0","0","0","GBP","0","4","4","4","Low traffic","4.49","0.0","4.69","0.0","Create Outlet deal","0","0.0","0","0","57.13","0.14","0.003531","cubic feet","Standard","0.088275","UK","gl_biss","","366","25","25","81","4.69","0.0","16.28","16.28","16.28","0","0","1","0","0","0.06","0","0","0","0","0","0","","","","","","","","","","","","","652.3","0","","2026-08-09","201.0","652.3","2026-08-10","25","0","0","0","366","N","","",""
"2026-08-13","RPALH047","X002AMRTGR","B0F6XS674J","1PCS Microwave Egg Poacher 2 Plastic Egg Poacher Microwave White Poached Egg Maker Microwave Eggs Capacity Poached Egg Steamer Cups Egg Maker and Microwave Egg Boiler Poacher for Home Breakfast","New","33","0","0","35","0","0","0","0","0","GBP","2","12","21","33","Low traffic","5.99","0.0","5.99","0.0","NoExcessInventory","29","0.0","0","0","0.0","1.89","0.003531","cubic feet","","0.116523","UK","gl_kitchen","171104","123","0","11","13","5.99","9.98","59.88","103.6","161.44","20","15","0","0","0","0.06","0","0","0","0","0","0","","","","","","","","","","","","","106.5","0","","2026-08-09","106.5","51.5","2026-08-10","33","0","0","0","123","N","","",""
"2026-08-13","RPALH570","X002I96EWR","B0GL25JYWT","2PCS Happy Spoon Multifunctional Lickable Cat Treats Squeeze up Cat Liquid Snack Feeding Spoon","New","30","0","0","30","0","0","0","0","0","GBP","0","4","6","6","Low traffic","4.99","0.0","4.99","0.0","Create Outlet deal","0","3.99","2","0","548.35","0.43","0.126388","cubic feet","Standard","3.79164","UK","gl_pet_products","102646","254","0","30","65","4.99","0.0","16.64","24.62","24.62","20","10","0","0","0","2.64","0","0","0","0","0","0","","","","","","","","","","","","","205.8","0","","2026-08-09","174.0","205.8","2026-08-10","30","0","0","0","254","N","","",""
"2026-08-13","RPALH168","X002AMUQPN","B0F6WKDW32","Cross Necklace Gold Plastic Crucifix Cross Pendant Nun Costume Accessory Halloween Fancy Dress Accessories","New","20","0","0","1","0","19","0","0","0","GBP","2","3","8","11","Low traffic","5.19","0.0","5.19","0.0","CreateShippingPlan","1","0.0","0","0","36.29","0.43","0.012822","cubic feet","","0.25644","UK","gl_jewelry","142533","87","0","26","23","5.19","8.64","13.13","35.58","49.3","0","1","0","19","0","0.17","0","0","0","0","0","0","","","","","","","","","","","","","329.0","1","2026-09-02","2026-08-09","329.0","189.3","2026-08-10","20","0","0","0","87","N","","",""
"2026-08-13","RPALH114","X002AMRW2D","B0F6XMJGJD","MNFPSJB 3 Pack USB C Female to Micro USB Male Adapter, Type C to Micro USB Converter for Charging & Data Transfer, for Micro USB Phones Tablets Laptops","New","71","0","0","71","0","0","0","0","0","GBP","1","7","16","37","Low traffic","5.19","0.0","5.19","0.0","NoExcessInventory","71","0.0","0","0","0.0","0.78","7.06E-4","cubic feet","","0.050126","UK","gl_electronics","52558","292","0","40","24","5.19","4.32","30.24","70.65","168.34","0","71","0","0","0","0.03","0","0","0","0","0","0","","","","","","","","","","","","","252.4","0","","2026-08-09","252.4","107.5","2026-08-10","71","0","0","0","292","N","","",""
"2026-08-13","RPALH524","X002I9VNZF","B0GL7QDHSS","5ml Measuring Spoons, Tablespoon Coffee Scoop for Powder Collagen Supplements Spoon Set Matcha Spoon Kitchen Gold Stainless Steel Measuring Spoons for Milk Powder Sugar Flour Ground Coffee","New","20","0","0","31","0","0","0","0","0","GBP","0","1","2","4","Low traffic","4.19","0.0","4.19","0.0","Create Outlet deal","0","3.99","2","0","44.57","0.28","0.003531","cubic feet","Standard","0.07062","UK","gl_kitchen","964590","141","0","80","65","4.19","0.0","3.49","7.65","15.97","20","0","11","0","0","0.05","0","0","0","0","11","0","","","","","","","","","","","","","667.0","0","","2026-08-09","667.0","231.2","2026-08-10","20","11","0","0","213","N","","",""
"2026-08-13","RPLH260312","X002JLBX4N","B0GTQT2HPT","MNFPSJB Handheld Cheese Grater Lemon Zester, Stainless Steel Fine Micro Grater with Non-Slip Handle, Mini Kitchen Grater for Hard Cheese Ginger Chocolate Citrus Garlic Nutmeg Food Prep","New","24","0","0","0","25","0","0","0","0","GBP","0","1","3","4","Low traffic","6.49","0.0","6.69","0.0","Create Outlet deal","0","5.67","2","0","61.09","0.14","0.008568","cubic feet","Standard","0.205632","UK","gl_kitchen","875131","366","24","96","78","6.69","0.0","5.74","17.56","23.47","0","0","0","0","0","0.14","0","0","0","0","2","0","","","","","","","","","","","","","805.0","0","","2026-08-09","805.0","634.8","2026-08-10","24","2","0","0","366","N","","",""
"2026-08-13","RPALH163","X002AO4YOZ","B0F745774M","MNFPSJB 2 Pack Retro Shark Rings, Adjustable Open Alloy Rings, Great White & Hammerhead Shark Design, Unisex Punk Vintage Jewelry for Men Women, Ideal Gifts for Birthdays & Valentine's Day","New","15","0","0","15","0","0","0","0","0","GBP","3","12","15","22","Low traffic","5.09","0.0","5.09","0.0","NoExcessInventory","15","0.0","0","0","0.0","1.28","0.003531","cubic feet","Apparel","0.052965","UK","gl_jewelry","138649","166","0","15","26","5.09","12.72","50.88","63.6","93.28","0","15","0","0","0","0.03","30","0","30","0","0","0","","","","","","","","","","","","","76.9","0","","2026-08-09","62.5","76.9","2026-08-10","45","0","0","0","166","N","","",""
"2026-08-13","RPALH450","X002AMRVNX","B0F6W8YGSR","Car Radio Removal Tool, 2Pcs Radio Removal Tool Car Stereo Removal Tools Stereo Release Keys Car Radio Release Lever Removal Pins for Double DIN Head Unit CD Player Navigation Disassembly","New","34","0","0","35","0","0","0","0","0","GBP","2","15","29","36","Low traffic","5.59","0.0","5.59","0.0","NoExcessInventory","34","0.0","0","0","0.0","1.7","0.003531","cubic feet","","0.120054","UK","gl_electronics","26802","175","0","17","23","5.59","9.32","69.9","135.14","167.76","35","0","0","0","0","0.07","30","0","30","0","0","0","","","","","","","","","","","","","50.8","0","","2026-08-09","50.8","49.9","2026-08-10","64","0","0","0","175","N","","",""
"2026-08-13","ZQLH24110407","X002616ZQ7","B0DPSPF2Y2","Generic Egg Separator - Stainless Steel Separator - Easy to Use Egg Yolk White Divider - Kitchen Baking Tools","New","20","0","0","34","0","0","0","0","0","GBP","2","7","14","21","Low traffic","4.29","0.0","4.29","0.0","Create Outlet deal","21","0.0","0","0","0.35","0.7","0.012307","cubic feet","Standard","0.24614","UK","gl_kitchen","368353","84","0","11","12","4.29","7.14","24.99","49.98","74.33","1","15","18","0","0","0.17","0","0","0","0","13","0","","","","","","","","","","","","","190.3","0","","2026-08-09","190.3","127.2","2026-08-10","20","13","0","0","134","N","","",""
"2026-08-13","RPLH260309","X002JLFNDZ","B0GTQ52S7Q","MNFPSJB 3D Floral Press On Nails Medium Long Almond Shape, Brown Glossy Full Cover False Nails with Autumn Flower Design, Reusable Gel Artificial Nails Kit with Nail File & Jelly Glue Stickers for Wom","New","26","0","0","0","26","0","0","0","0","GBP","0","3","3","4","Low traffic","4.39","0.0","4.39","0.0","Advertise listing","0","0.0","0","0","59.76","0.14","0.003531","cubic feet","Standard","0.091806","UK","gl_beauty","275570","366","26","34","84","4.39","0.0","11.46","11.46","15.78","0","0","0","0","0","0.06","0","0","0","0","0","0","","","","","","","","","","","","","640.3","0","","2026-08-09","269.0","640.3","2026-08-10","26","0","0","0","366","N","","",""
"2026-08-13","RPALH265","X002AMULWV","B0F6X1G8G7","Display Port DP Male To HDMI Female Adapter Converter For 4K HD 1080P HDTV Desktop, Laptop, Projector, Monitor, HDTV","New","7","0","0","9","0","0","0","0","0","GBP","12","33","45","65","Low traffic","3.99","0.0","3.79","0.0","NoExcessInventory","7","0.0","0","0","0.0","6.24","0.003531","cubic feet","","0.024717","UK","gl_electronics","25660","134","0","5","9","3.79","37.92","104.28","142.2","205.4","9","0","0","0","0","0.01","40","0","40","0","0","0","","","","","","","","","","","","","22.1","0","","2026-08-09","8.4","22.1","2026-08-10","47","0","0","0","134","N","","",""
"2026-08-13","RPALH259","X002AMWPQV","B0F6XG8C41","(6-Pack) Replacement Spring for Garden Secateurs, 6cm Standard Fitting Stainless Steel Heavy Duty Volute Spring for Bypass Pruners, Gardening Tools Accessories Pruning Shears Parts Common","New","36","0","0","36","0","0","0","0","0","GBP","3","18","32","40","Low traffic","4.29","0.0","4.29","0.0","Create Outlet deal","6","3.35","2","0","43.53","1.56","0.003531","cubic feet","","0.127116","UK","gl_home_improvement","32485","160","0","16","24","4.29","10.71","64.26","112.32","140.24","30","6","0","0","0","0.08","40","0","40","0","0","0","","","","","","","","","","","","","53.7","0","","2026-08-09","46.6","53.7","2026-08-10","76","0","0","0","160","N","","",""
"2026-08-13","amzn.gr.RPALH374-LzAUzGCkWVvEpdSBRXkT-VG","X002F899YB","B0F74H6W2T","HDMI to 3 RCA Converter Cable (1.5m Black)","Used","2","0","0","0","1","1","0","0","0","GBP","0","0","0","0","Low traffic","4.58","0.0","5.39","4.58","Advertise listing","2","0.0","0","0","0.0","1.09","0.003531","cubic feet","Standard","0.007062","UK","gl_biss","30438","6","0","","","5.39","0.0","0.0","0.0","0.0","0","0","0","1","0","0.0","0","0","0","0","0","0","","","","","","","","","","","","","","26","2026-08-12","","","","2026-08-10","2","0","0","0","6","N","","",""
"2026-08-13","ZQLH260121","X002HJO1HD","B0GFWG5NK2","Valentines Gifts for Her Him, Anniversary Wedding Gifts for Him Her, Valentines Day Gift for Couples Lovers Stainless Steel Coffee Spoon Pack of 2 Set, Romantic Mr and Mrs Gift","New","28","17","0","46","0","0","0","0","0","GBP","3","11","24","29","Low traffic","5.89","0.0","5.89","0.0","Create Outlet deal","0","4.71","2","0","91.93","1.72","0.003531","cubic feet","Standard","0.098868","UK","gl_kitchen","281416","116","0","10","12","5.89","14.73","54.01","117.84","142.39","46","0","0","0","0","0.11","0","0","0","0","1","0","","","","","","","","","","","","","44.0","0","","2026-08-09","44.0","39.9","2026-08-10","45","0","1","0","118","N","","",""
"2026-08-13","RPALH142","X002AMRUEX","B0F6X5FXYB","2Pcs Car Styling Insignia Emblem Wings Stickers Decoration Accessories For BMW Mini Cooper Door Lock Knobs (Colored rice flag style)","New","52","0","0","56","0","0","0","0","0","GBP","4","27","57","80","","6.49","0.0","6.49","0.0","NoExcessInventory","52","0.0","0","0","0.0","2.13","0.003531","cubic feet","","0.183612","UK","gl_automotive","48028","132","0","18","19","6.49","21.64","146.07","307.35","427.87","40","16","0","0","0","0.11","70","0","70","0","1","0","","","","","","","","","","","","","61.6","0","","2026-08-09","61.6","31.8","2026-08-10","122","0","1","0","133","N","","",""
"2026-08-13","RPALH082","X002ANOSVF","B0F742FQ8C","Dog Bath Brush, Shampoo Massage Silicone Comb, Pet Grooming Detangling Removing Loose Undercoat Shed Fur (Blue)","New","33","25","0","59","0","0","0","0","0","GBP","7","45","82","102","Low traffic","7.49","0.0","7.49","0.0","NoExcessInventory","58","0.0","0","0","0.0","4.16","0.003531","cubic feet","Standard","0.116523","UK","gl_personal_care_appliances","34871","253","0","19","27","7.49","43.68","280.8","511.68","636.48","59","0","0","0","0","0.13","186","0","186","0","4","0","","","","","","","","","","","","","13.3","0","","2026-08-09","12.7","13.3","2026-08-10","244","4","0","0","257","N","","",""
"2026-08-13","RPALH529","X002IGI4NR","B0GMQC8J4Q","5 Sheets Letter Stickers, Gold Letter Stickers, Self Adhesive Letters, Waterproof Glitter Alphabet Decals for Mailbox Water Bottle DIY Art Craft Notebook Scrapbook Card","New","48","4","0","53","0","0","0","0","0","GBP","0","0","9","9","Low traffic","4.49","0.0","4.49","0.0","Advertise listing","","","0","0","","0.39","0.033008","cubic feet","Standard","1.584384","UK","gl_home","1058516","366","0","","69","4.49","0.0","0.0","33.83","33.83","30","15","8","0","0","","0","0","0","0","1","0","","","","","","","","","","","","","","0","","","","254.1","2026-08-10","52","1","0","0","366","N","","",""
"2026-08-13","RPALH320","X002AMWPWF","B0F6XMHZ8G","3 Pcs Diamond Art Pen Compatible with Diamond Painting Embroidery Crossing-Stitch Painting Tool","New","20","0","0","23","0","0","0","0","0","GBP","2","3","4","13","Low traffic","4.69","0.0","4.69","0.0","NoRestockExcessActionRequired","20","0.0","0","0","0.09","0.8","0.012581","cubic feet","","0.25162","UK","gl_office_product","447142","175","0","26","20","4.69","7.82","11.73","15.64","50.83","0","23","0","0","0","0.16","0","0","0","0","1","0","","","","","","","","","","","","","252.3","0","","2026-08-09","252.3","89.4","2026-08-10","20","1","0","0","183","N","","",""
"2026-08-13","ZQLH251266","X002HBGAG1","B0GD4Q83DJ","Stainless Steel Creative Shovel Spoon, Household Dessert Coffee Ice Cream Spoon, Non-Slip Long Handle with Hanging Hole Design","New","10","0","0","11","0","0","0","0","0","GBP","2","15","23","37","Low traffic","3.99","0.0","3.99","0.0","NoExcessInventory","10","0.0","0","0","0.0","2.89","0.004831","cubic feet","Standard","0.04831","UK","gl_kitchen","265165","78","0","10","14","3.99","6.64","49.8","75.4","118.14","0","11","0","0","0","0.03","30","0","30","0","1","0","","","","","","","","","","","","","49.8","7","2026-08-12","2026-08-09","49.8","35.4","2026-08-10","40","0","1","0","81","N","","",""
"2026-08-13","ZQLH260101","X002HJ1C11","B0GFSKCLQD","Egg Separator, Stainless Steel Egg White Separator and Egg Yolk Separator Egg Divider, Egg Strainer Spoon Filter Kitchen Baking Tools","New","27","0","0","28","0","0","0","0","0","GBP","1","2","2","2","Low traffic","4.89","0.0","4.89","0.0","Advertise listing","9","0.0","0","0","5.37","0.14","0.002649","cubic feet","Standard","0.071523","UK","gl_kitchen","249507","366","0","54","175","4.89","4.07","8.14","8.14","8.14","0","15","13","0","0","0.05","0","0","0","0","0","0","","","","","","","","","","","","","912.0","0","","2026-08-09","912.0","281.6","2026-08-10","27","0","0","0","366","N","","",""
"2026-08-13","RPALH384","X002AMZCH5","B0F6X5DDRD","Anti Slip Tape, Hazard Tape Black and Yellow, 5m x50mm Hazard Warning Tape, Caution Tape, Warning Hazard Safety Tape, Self Adhesive Floor Marking Tape, for Indoor and Outdoor Use","New","117","13","0","86","0","0","0","0","0","GBP","19","79","135","158","Low traffic","7.09","0.0","7.09","0.0","NoRestockExcessActionRequired","130","0.0","0","0","0.0","3.37","0.003531","cubic feet","","0.413127","UK","gl_biss","74307","73","0","7","12","7.09","112.29","466.89","797.85","933.78","51","35","0","0","0","0.27","30","0","30","0","2","0","","","","","","","","","","","","","43.8","34","2026-08-24","2026-08-09","43.8","30.9","2026-08-10","160","2","0","0","74","N","","",""
"2026-08-13","RPALH500","X002IGBTHF","B0GMNR3N9S","MNFPSJB 2pcs Golden Thumbs Up Trophy, 13cm/5.12in Engraving Funny Winner Award Realistic Plastic Trophy for Celebrations Sports Game Classroom Competition Rewards Gifts","New","4","0","0","4","0","0","0","0","0","GBP","0","2","6","6","Low traffic","6.99","0.0","7.19","0.0","Advertise listing","","","0","0","","1.2","0.003531","cubic feet","Standard","0.014124","UK","gl_sports","","277","0","48","52","7.19","0.0","12.32","37.12","37.12","0","0","4","0","0","","20","0","20","0","0","0","","","","","","","","","","","","","76.0","0","","2026-08-09","43.3","76.0","2026-08-10","24","0","0","0","277","N","","",""
"2026-08-13","ZQLH251245","X002H884O5","B0GCFKKMYG","2Pcs Diamanté Hair Clips, Sparkling Silver Rhinestone Pearl Flower Hair Clips for Women Wedding Bridal Hairpins Prom Elegant Floral Hair Accessories Barrettes for Bridesmaid Wedding Guest","New","57","0","0","58","0","0","0","0","0","GBP","4","32","82","98","Low traffic","6.59","0.0","6.59","0.0","NoExcessInventory","57","0.0","0","0","0.0","3.43","0.003531","cubic feet","Standard","0.201267","UK","gl_beauty","109314","188","0","18","19","6.59","21.96","175.68","447.46","532.58","58","0","0","0","0","0.12","90","0","90","0","0","0","","","","","","","","","","","","","31.4","0","","2026-08-09","31.4","18.0","2026-08-10","147","0","0","0","188","N","","",""
"2026-08-13","RPLH260326","X002JLXM01","B0GTTNQH9W","MNFPSJB 2PCS Pull Cord Handle, Recoil Starter Pull, Gasoline Engine Pull Starter Grip, Replacement Recoil Starter for Lawn Mower, Generator, Chainsaw, Trimmer, Edger Brush Cutter, Engine Parts","New","29","0","0","0","30","0","0","0","0","GBP","","","","","Low traffic","5.39","0.0","5.59","0.0","Advertise listing","0","0.0","0","0","67.51","0.0","0.003531","cubic feet","Standard","0.102399","UK","gl_lawn_and_garden","","","29","","","5.79","","","","","0","0","0","0","0","0.07","0","0","0","0","1","0","","","","","","","","","","","","","","0","","","","","2026-08-10","29","1","0","0","","N","","",""
"2026-08-13","RPALH484","X002AMWP25","B0F6X6X7NZ","T10 W5W Auto Light Bulb Socket Lamp Holder Connector Extension x 2 pcs","New","20","16","0","38","0","0","0","0","0","GBP","3","10","15","22","Low traffic","3.79","0.0","3.79","0.0","NoExcessInventory","36","0.0","0","0","0.0","1.4","0.003531","cubic feet","","0.07062","UK","gl_biss","89276","127","0","8","11","3.79","9.48","31.6","46.72","66.8","35","3","0","0","0","0.08","0","0","0","0","2","0","","","","","","","","","","","","","75.4","0","","2026-08-09","75.4","63.1","2026-08-10","36","2","0","0","136","N","","",""
"2026-08-13","RPALH109","X002AN8ASR","B0F6YCMNGM","MNFPSJB 10Pcs 2 Pin 8mm COB LED Strip Light Connectors Wide Unwired Solderless Connection Wire Quick Adapter Waterproof","New","19","0","0","23","0","0","0","0","0","GBP","2","6","8","15","Low traffic","4.69","0.0","4.69","0.0","GoToRestock","19","0.0","0","0","0.0","0.79","0.003531","cubic feet","","0.067089","UK","gl_home","147133","83","0","12","16","4.69","7.82","23.46","31.28","58.65","0","15","8","0","0","0.04","0","0","0","0","2","0","","","","","","","","","","","","","204.5","0","","2026-08-09","204.5","129.4","2026-08-10","19","2","0","0","92","N","","",""
"2026-08-13","RPALH138","X002ANTGB7","B0F6YY5GSD","2Pcs White and Yellow Daisy Flower Headband Crown Boho Flower Headband Floral Hair Wreath Boho Headpiece for Bridal Women Girls Hippie Wedding Party Beach Festival","New","30","4","0","37","0","0","0","0","0","GBP","12","68","68","78","Low traffic","4.39","0.0","4.39","0.0","Create Outlet deal","0","3.19","2","0","156.93","5.89","0.017085","cubic feet","","0.51255","UK","gl_beauty","56232","188","0","6","18","4.39","43.07","231.37","231.37","264.57","37","0","0","0","0","0.08","80","0","80","0","1","1","","","","","","","","","","","","","19.9","0","","2026-08-09","19.9","17.6","2026-08-10","114","0","1","0","190","N","","",""
"2026-08-13","RPLH260386","X002JRHTTZ","B0GVDM5NMP","MNFPSJB 6 Pcs Belt Loop Keepers, Leather Loop Keeper Belt Straps Holder Retainer Band Belts Accessories for Wide Belts","New","22","0","0","15","7","0","0","0","0","GBP","0","0","4","7","Low traffic","4.69","0.0","4.89","0.0","Create Outlet deal","0","4.5","2","0","47.24","0.38","0.003531","cubic feet","Apparel","0.077682","UK","gl_apparel","972431","366","22","","40","4.89","0.0","0.0","18.52","32.59","0","0","15","0","0","0.04","0","0","0","0","0","0","","","","","","","","","","","","","660.0","0","","2026-08-09","660.0","258.9","2026-08-10","22","0","0","0","366","N","","",""
"2026-08-13","RPALH229","X002AMOXB1","B0F6XJ55TT","Masking Fluid Pen, Ruling Pen Adjustable Cross Hinge Fine Traight Line Art Ruler Art Drawing Fixed Hinged Line Guide Liquid for Masking Fluid Fine Drawing Tool","New","34","0","0","20","15","0","0","0","0","GBP","1","3","4","8","Low traffic","4.49","0.0","4.49","0.0","NoRestockExcessActionRequired","2","0.0","0","0","60.55","0.38","0.003531","cubic feet","","0.120054","UK","gl_office_product","135241","274","32","45","55","4.49","3.74","11.22","14.96","30.24","20","0","0","0","0","0.08","0","0","0","0","0","0","","","","","","","","","","","","","302.3","0","","2026-08-09","302.3","264.9","2026-08-10","34","0","0","0","274","N","","",""
"2026-08-13","RPALH567","X002I986W3","B0GL2DYD73","2pcs Egg Membrane Chalaza Remover Tongs, 5.98 Inch Toothed Design Eggshell Fragment Tong Stainless Steel Multipurpose Kitchen Tool for Cooking Food Cake Bakers Pastry Chefs (Black, Silver)","New","22","0","0","21","0","0","0","0","0","GBP","1","7","11","12","Low traffic","4.59","0.0","4.59","0.0","Create Outlet deal","2","3.67","2","0","40.75","0.98","0.003531","cubic feet","Standard","0.077682","UK","gl_kitchen","511824","105","0","12","23","4.59","3.82","26.74","42.87","47.03","21","0","0","0","0","0.05","0","0","0","0","0","0","","","","","","","","","","","","","66.0","0","","2026-08-09","53.5","66.0","2026-08-10","22","0","0","0","105","N","","",""
"2026-08-13","RPALH239","X002AMWQ2T","B0F6X2Z9VT","MNFPSJB 2 Pairs Sleep Earplugs, 24dB SNR Soft Silicone Ear Plugs for Sleeping, 3 Sizes Custom Fit Reusable Noise Reduction Earplugs for Side Sleepers Meditation","New","16","0","0","0","18","0","0","0","0","GBP","5","14","20","28","Low traffic","3.59","0.0","3.59","0.0","CreateShippingPlan","17","0.0","0","0","0.0","0.83","0.003531","cubic feet","","0.056496","UK","gl_drugstore","89441","36","0","4","7","3.59","14.95","41.86","60.82","86.43","0","0","0","0","0","0.04","0","0","0","0","1","0","","","","","","","","","","","","","125.8","20","2026-08-11","2026-08-09","72.8","125.8","2026-08-10","16","1","0","0","40","N","","",""
"2026-08-13","ZQLH260104","X002HJ4U0L","B0GFSJTV6F","MNFPSJB 2 Pack Cabinet Handles Stainless Steel Cupboard Handles Silver Kitchen Door Handles Furniture Drawer Knobs (Hole Center 160mm)","New","19","0","0","15","4","0","0","0","0","GBP","1","5","7","10","Low traffic","6.15","0.0","6.15","0.0","Create Outlet deal","3","4.92","2","0","26.04","0.59","0.004202","cubic feet","Standard","0.079838","UK","gl_home_improvement","202632","101","16","15","24","6.15","5.12","25.6","36.18","52.56","0","15","0","0","0","0.05","0","0","0","0","0","0","","","","","","","","","","","","","137.9","0","","2026-08-09","134.2","137.9","2026-08-10","19","0","0","0","101","N","","",""
"2026-08-13","ZQLH251228","X002H7Z1PB","B0GC9S2261","12 Pcs Black Vintage Hair Pins Mini Bobby Pins Fashion BB Clip Invisible Bangs Clip Small Bobby Pins for Women and Girls Decorative Wedding Dainty Hair Pins Hair Accessories","New","20","0","0","22","0","0","0","0","0","GBP","1","7","15","19","Low traffic","4.79","0.0","4.79","0.0","NoExcessInventory","20","0.0","0","0","0.0","1.55","0.003531","cubic feet","Standard","0.07062","UK","gl_beauty","138721","79","0","11","13","4.91","3.99","27.93","61.21","78.01","20","2","0","0","0","0.04","0","0","0","0","1","1","","","","","","","","","","","","","63.1","6","2026-09-03","2026-08-09","63.1","50.7","2026-08-10","20","1","0","0","83","N","","",""
"2026-08-13","RPALH430","X002AMRTGH","B0F6XQRNV6","Waterproof RJ45 Coupler for Cat6/Cat5E/Cat5, IP68 Outdoor Ethernet Connector Female to Female Shielded Network Cable Extender, Compatible with Security Cameras, Laptops, Gaming Consoles, Black","New","27","0","0","27","0","0","0","0","0","GBP","0","10","27","38","Low traffic","4.59","0.0","4.59","0.0","Create Outlet deal","4","0.0","0","0","1.95","1.5","0.003531","cubic feet","","0.095337","UK","gl_pc","","205","0","22","19","4.59","0.0","38.2","103.14","145.16","1","26","0","0","0","0.06","30","0","30","0","0","0","","","","","","","","","","","","","77.3","0","","2026-08-09","77.3","52.0","2026-08-10","57","0","0","0","205","N","","",""
"2026-08-13","RPALH503","X002I8YV73","B0GL1LDVY7","Push to Open Heavy Duty, 2 Pack Opener Door Catch for Cupboard Grey Spring Release Touch Latch Drawer Door for Closet Closing Closure Spring Push Latch Roller Catch","New","69","6","0","85","0","0","0","0","0","GBP","49","107","124","139","","7.79","0.0","7.79","0.0","Create Outlet deal","0","6.23","2","0","159.94","5.72","0.003531","cubic feet","Standard","0.243639","UK","gl_home_improvement","28613","46","0","5","14","7.79","318.01","694.43","804.76","902.28","85","0","0","0","0","0.18","90","0","90","0","8","1","","","","","","","","","","","","","23.9","145","2026-08-15","2026-08-09","23.9","19.8","2026-08-10","165","7","1","0","48","N","","",""
"2026-08-13","RPLH260313","X002JLFY6B","B0GTQPSMLF","MNFPSJB 2 Pack CR8E Spark Plugs, 10mm Thread Motorcycle Spark Plug Replacement, High Performance Ignition Parts, Improved Fuel Efficiency, Replaces RG94C for Motorbike Engine Maintenance","New","30","0","0","0","30","0","0","0","0","GBP","","","","","Low traffic","6.09","0.0","6.29","0.0","Advertise listing","0","0.0","0","0","69.97","0.0","0.003531","cubic feet","Standard","0.10593","UK","gl_automotive","","","30","","","6.89","","","","","0","0","0","0","0","0.07","0","0","0","0","0","0","","","","","","","","","","","","","","0","","","","","2026-08-10","30","0","0","0","","N","","",""
"2026-08-13","ZQLH260112","X002HJEFPL","B0GFW81F17","Toothbrush Head Cover Compatible with Manual Toothbrush & Electric Toothbrush Head, 6 Pack","New","28","0","0","30","0","0","0","0","0","GBP","3","8","11","21","Low traffic","4.69","0.0","4.69","0.0","NoRestockExcessActionRequired","0","0.0","0","0","152.03","1.19","0.031983","cubic feet","Standard","0.895524","UK","gl_home","118583","125","0","14","17","4.69","11.73","31.28","43.49","83.56","0","30","0","0","0","0.07","0","0","0","0","1","0","","","","","","","","","","","","","169.0","0","","2026-08-09","169.0","82.3","2026-08-10","28","1","0","0","129","N","","",""
"2026-08-13","RPALH585","X002I8MS8R","B0GL17HL6M","Egg Slicer, Stainless Steel Eggs Cutter, Mushroom Cutter Tomato Sectioner Potato Press Machine Splitter Multi Purpose Slicer for Slicing Potatoes, Carrots, Mushrooms","New","10","0","0","10","0","0","0","0","0","GBP","1","4","4","6","Low traffic","3.89","0.0","3.89","0.0","NoExcessInventory","10","0.0","0","0","0.0","0.62","0.003531","cubic feet","Standard","0.03531","UK","gl_kitchen","519331","84","0","10","21","3.89","3.24","12.96","12.96","20.08","0","0","10","0","0","0.02","0","0","0","0","0","0","","","","","","","","","","","","","164.4","3","2026-08-23","2026-08-09","93.3","164.4","2026-08-10","10","0","0","0","84","N","","",""
"2026-08-13","ZQLH251265","X002HBMFFV","B0GD65JQLJ","2 x Long Handled Teaspoons Spoons Latte Coffee Stainless Steel Set of Tea Spoon Cutlery for Ice Cream Sundae Handle","New","32","14","0","42","1","0","0","0","0","GBP","3","7","13","17","Low traffic","4.69","0.0","4.69","0.0","Create Outlet deal","0","3.91","2","0","152.64","0.69","0.003531","cubic feet","Standard","0.112992","UK","gl_kitchen","210547","214","46","18","24","4.69","11.73","27.37","51.79","68.07","27","15","0","0","0","0.11","0","0","0","0","0","0","","","","","","","","","","","","","106.2","0","","2026-08-09","106.2","88.6","2026-08-10","46","0","0","0","214","N","","",""
"2026-08-13","RPLH260346","X002JOP2LP","B0GV26148Z","12PCS Silky Satin Hair Bows Ties for Girls, Bowknot Ribbon Ponytail Holders, Cute Bow Hair Accessories for Bubble Braids, Black & White No Damage Hair Bands, Elastics Hair Ties for Women","New","25","0","0","0","25","0","0","0","0","GBP","0","0","3","5","Low traffic","4.69","0.0","4.89","0.0","Create Outlet deal","0","4.55","2","0","57.61","0.19","0.003531","cubic feet","Standard","0.088275","UK","gl_beauty","381813","366","25","","65","4.89","0.0","0.0","14.22","24.04","0","0","0","0","0","0.06","0","0","0","0","0","0","","","","","","","","","","","","","","0","","","","486.2","2026-08-10","25","0","0","0","366","N","","",""
"2026-08-13","amzn.gr.ZQLH24101404-YGp0CUF3tmTg1kyV-VG","X002MYJ0MT","B0DK1NT53N","Spiralizer for Vegetables & Manual Graters, Stainless Steel Zucchini Spaghetti Maker，Spiralizer Included Ideal for Vegetable & Fruit Slicing","Used","1","0","0","1","0","0","0","0","0","GBP","","","","","Low traffic","7.13","0.0","8.39","7.13","Advertise listing","","","0","0","","2.85","0.058481","cubic feet","Standard","0.058481","UK","gl_kitchen","197631","1","0","","","8.39","","","","","0","1","0","0","0","","0","0","0","0","0","0","","","","","","","","","","","","","","51","2026-08-12","","","","2026-08-10","1","0","0","0","1","N","","",""
"2026-08-13","RPALH451","X002ANN0MX","B0F6YV5C1F","2 Pc Make Up Brush Type Makeup Brushes Cosmetics Face Kabuki Foundation Brushes Cosmetic Foundation Makeup Brush","New","8","0","0","9","0","0","0","0","0","GBP","4","23","39","51","Low traffic","4.49","0.0","4.49","0.0","NoExcessInventory","9","0.0","0","0","0.0","2.72","0.003531","cubic feet","","0.028248","UK","gl_beauty","72197","95","0","8","12","4.49","14.96","86.02","145.86","190.91","9","0","0","0","0","0.01","40","0","40","0","1","0","","","","","","","","","","","","","34.3","10","2026-09-03","2026-08-09","18.8","34.3","2026-08-10","48","1","0","0","97","N","","",""
"2026-08-13","amzn.gr.RPALH374-7uaigrrtQtRrQvU5soXW-LN","X002G5TJS9","B0F74H6W2T","HDMI to 3 RCA Converter Cable (1.5m Black)","Used","1","0","0","0","1","0","0","0","0","GBP","0","0","0","0","Low traffic","4.85","0.0","5.39","4.58","Advertise listing","1","0.0","0","0","0.0","1.09","0.003531","cubic feet","Standard","0.003531","UK","gl_biss","30438","3","0","","","5.39","0.0","0.0","0.0","0.0","0","0","0","0","0","0.0","0","0","0","0","0","0","","","","","","","","","","","","","","27","2026-08-12","","","","2026-08-10","1","0","0","0","3","N","","",""
"2026-08-13","ZQLH251271","X002HBVDOF","B0GD6RVBY7","Big Bow Barrettes Long Tail French Ribbon Hair Pins Soft Silky Satin Hair Clip Metal Bowknot Clips 90's Accessories for Party Valentine's Day Women Girl (Navy blue)","New","25","19","0","23","0","0","0","0","0","GBP","4","31","53","73","Low traffic","5.89","0.0","5.89","0.0","NoExcessInventory","44","0.0","0","0","0.0","4.36","0.003531","cubic feet","Standard","0.088275","UK","gl_beauty","86054","105","0","12","16","5.89","19.64","152.21","260.23","356.85","17","6","0","0","0","0.1","70","0","70","0","2","0","","","","","","","","","","","","","19.7","0","","2026-08-09","19.7","15.6","2026-08-10","114","2","0","0","106","N","","",""
"2026-08-13","RPALH499","X002I8VFX1","B0GL163HV7","10 Pcs Nylon Straw Cleaning Brush Set – Bottle Pipe Cleaner Brushes for Straws, Kettles, Tubes & Spouts – Flexible Stainless Steel Wire with High-Density Nylon Bristles – Multi-Size Pipe Cleaner Set","New","9","0","0","0","9","0","0","0","0","GBP","0","1","1","1","Low traffic","5.79","0.0","5.79","0.0","Advertise listing","0","0.0","0","0","22.41","0.1","0.003531","cubic feet","Standard","0.031779","UK","gl_home","212256","366","9","36","117","5.79","0.0","4.82","4.82","4.82","0","0","0","0","0","0.02","0","0","0","0","0","0","","","","","","","","","","","","","885.0","0","","2026-08-09","285.0","885.0","2026-08-10","9","0","0","0","366","N","","",""
"2026-08-13","RPALH101","X002AN1MQJ","B0F6YG2BLM","2Pcs Guitar Pick Box Metal Guitar Pick Holder Case Guitar Accessories Hollow Out Design with Internal Elastic Device Easy Remove Paddle Hold up to 3-6 Plectrums Same Time Black","New","17","0","0","0","17","0","0","0","0","GBP","0","0","4","7","Low traffic","3.29","0.0","3.29","0.0","Create Outlet deal","0","2.63","2","0","58.64","0.35","8.9E-4","cubic feet","Standard","0.01513","UK","gl_musical_instruments","","366","17","","31","3.29","0.0","0.0","10.96","19.42","0","0","0","0","0","0.01","0","0","0","0","0","0","","","","","","","","","","","","","261.7","0","","2026-08-09","128.5","261.7","2026-08-10","17","0","0","0","366","N","","",""
"2026-08-13","RPALH292","X002AMRVFV","B0F6W9C179","MNFPSJB Black Foot File Pumice Stone, Professional Pedicure Rasp with Wooden Handle, Exfoliating Foot Scrubber for Hard Dead Skin, Calluses, Cracked Heels, Corns & Rough Skin","New","19","0","0","15","5","0","0","0","0","GBP","3","4","5","10","Low traffic","4.19","0.0","4.19","0.0","NoExcessInventory","19","0.0","0","0","0.0","0.57","0.004351","cubic feet","","0.082669","UK","gl_personal_care_appliances","82086","166","0","19","24","4.19","10.47","13.96","17.53","34.9","0","15","0","0","0","0.05","0","0","0","0","0","0","","","","","","","","","","","","","680.0","0","","2026-08-09","680.0","224.0","2026-08-10","19","0","0","0","166","N","","",""
"2026-08-13","RPALH501","X002I8YE89","B0GL1MG6Z7","2pcs Elegant Crystal Floral Brooch, Fashion Rhinestone Pin for Women, Clothing Accessory for Dresses and Sweaters, Silver and Gold with Blue and Purple Crystals","New","29","0","0","29","0","0","0","0","0","GBP","1","6","12","13","Low traffic","6.29","0.0","6.29","0.0","NoExcessInventory","29","0.0","0","0","0.0","0.86","0.003531","cubic feet","Apparel","0.102399","UK","gl_jewelry","492762","158","0","19","29","6.29","5.24","31.44","65.82","71.55","20","9","0","0","0","0.06","0","0","0","0","0","0","","","","","","","","","","","","","139.8","0","","2026-08-09","139.8","95.2","2026-08-10","29","0","0","0","158","N","","",""
"2026-08-13","ZQLH2409131","X00253LQQP","B0DHXLCBCK","2 Pack Soft Glasses Case for Men Women，Squeeze Closure Premium PU Leather Sunglasses Eyeglasses Storage Pouch，Glasses Pouch","New","3","0","0","3","0","0","0","0","0","GBP","1","4","10","13","Low traffic","3.59","0.0","3.59","0.0","Create Outlet deal","0","2.87","2","0","11.71","2.36","0.005149","cubic feet","Apparel","0.015447","UK","gl_apparel","264934","246","0","28","28","3.59","2.99","11.96","29.9","38.87","0","0","3","0","0","0.01","25","0","25","0","0","0","","","","","","","","","","","","","67.4","0","","2026-08-09","52.0","67.4","2026-08-10","28","0","0","0","246","N","","",""
"2026-08-13","RPALH282","X002ANOS1F","B0F74LL94V","3 Pieces School Bows Headbands, Navy Blue Hair Bands Girls, Uniform Colours Bow Hairbands Set, Birthday Gift Accessories","New","59","0","0","60","0","0","0","0","0","GBP","3","14","29","48","Low traffic","6.19","0.0","6.19","0.0","NoExcessInventory","58","0.0","0","0","0.0","1.52","0.028181","cubic feet","Standard","1.662679","UK","gl_beauty","131947","160","0","17","16","6.19","15.48","72.24","148.37","237.87","60","0","0","0","0","1.01","1","0","1","0","0","0","","","","","","","","","","","","","185.3","0","","2026-08-09","185.3","68.5","2026-08-10","60","0","0","0","160","N","","",""
"2026-08-13","RPALH528","X002IA8KYB","B0GL8BSTR6","Silicone Spatula Spoon for Cooking, High Heat Resistant Rubber Spatula Commercial Heavy Duty Silicone Scraper with Handle for Kitchen Baking Cooking, Non Abrasive and Stain Resistant","New","45","0","0","41","5","0","0","0","0","GBP","0","0","3","8","Low traffic","5.09","0.0","5.09","0.0","Create Outlet deal","0","4.23","2","0","177.22","0.26","0.012632","cubic feet","Standard","0.56844","UK","gl_kitchen","1659670","366","45","","73","5.09","0.0","0.0","12.72","34.77","1","30","10","0","0","0.11","0","0","0","0","1","0","","","","","","","","","","","","","","0","","","","300.3","2026-08-10","45","1","0","0","366","N","","",""
"2026-08-13","RPALH558","X002I9XLKZ","B0GL7JT7ZB","MNFPSJB Bra Extenders 2 Hooks for Women: 9 Pcs Elastic Bra Strap Extender with 3 Rows for Daily Wear - Soft Comfortable Extensions Ideal for Plus Size (Black, White, Skin Colors)","New","22","0","0","25","0","0","0","0","0","GBP","0","3","13","21","Low traffic","4.09","0.0","4.09","0.0","NoRestockExcessActionRequired","22","0.0","0","0","0.0","1.38","0.003531","cubic feet","Apparel","0.077682","UK","gl_apparel","429445","366","0","69","32","4.09","0.0","10.23","45.93","73.69","3","22","0","0","0","0.04","30","0","30","0","3","0","","","","","","","","","","","","","153.2","0","","2026-08-09","153.2","52.3","2026-08-10","52","3","0","0","366","N","","",""
"2026-08-13","ZQLH251253","X002HAX2QN","B0GD12T72V","3-Piece Carbon Fibre Hair Comb Set - Fine & Standard Tooth, Anti-static, Heat Resistant, Black - Men & Women, Home Salon Styling","New","15","0","0","15","5","0","0","0","0","GBP","1","2","3","4","Low traffic","4.09","0.0","4.09","0.0","NoExcessInventory","15","0.0","0","0","0.0","0.27","0.003531","cubic feet","Standard","0.052965","UK","gl_beauty","185296","113","0","30","48","4.09","3.41","6.82","10.23","13.8","0","0","15","0","0","0.03","0","0","0","0","5","0","","","","","","","","","","","","","318.0","0","","2026-08-09","318.0","312.2","2026-08-10","15","5","0","0","144","N","","",""
"2026-08-13","RPALH374","X002ANZDE1","B0F74H6W2T","HDMI to 3 RCA Converter Cable (1.5m Black)","New","27","0","0","22","5","0","0","0","0","GBP","2","12","20","35","Low traffic","5.39","0.0","5.39","4.58","GoToRestock","26","0.0","0","0","0.0","1.09","0.003531","cubic feet","Standard","0.095337","UK","gl_biss","30438","88","0","9","10","5.39","8.98","53.88","90.48","160.38","20","2","0","0","0","0.05","0","0","0","0","0","0","","","","","","","","","","","","","72.2","15","2026-08-26","2026-08-09","63.2","72.2","2026-08-10","27","0","0","0","88","N","","",""
"2026-08-13","ZQLH251216","X002H6ZW3X","B0GC6K465J","20pcs Candy Color Small Hair Clips, 4.9cm Colorful No Crease No Slip Metal Snap Mini Hair Barrette Hairpin Accessories for Kids Teens Women Brown","New","10","0","0","10","0","0","0","0","0","GBP","1","6","6","9","Low traffic","4.39","0.0","4.39","0.0","NoExcessInventory","10","0.0","0","0","0.0","0.62","0.00362","cubic feet","Standard","0.0362","UK","gl_beauty","168371","47","0","6","14","4.39","3.66","21.96","21.96","33.69","0","0","10","0","0","0.02","0","0","0","0","0","0","","","","","","","","","","","","","157.6","10","2026-08-11","2026-08-09","85.6","157.6","2026-08-10","10","0","0","0","47","N","","",""
"2026-08-13","RPALH253","X002ANOS6F","B0F73SWBYG","LUMIAO Radiator Cap Compatible with MNFPSJB Fiesta Black Coolant Cap Replacement, Tank Cap Coolant Tank Lid with B-Max, C-Max, Ecosport, Fiesta MK6, MK7, Focus C-Max, MK2","New","98","0","0","60","0","45","0","0","0","GBP","5","17","69","103","Low traffic","4.39","0.0","4.39","0.0","NoExcessInventory","98","0.0","0","0","0.0","0.93","0.005139","cubic feet","Standard","0.503622","UK","gl_automotive","22635","161","0","30","16","4.39","18.3","62.22","239.11","351.99","60","0","0","45","0","0.33","30","0","30","0","4","0","","","","","","","","","","","","","105.2","0","","2026-08-09","105.2","87.1","2026-08-10","128","4","0","0","168","N","","",""
"2026-08-13","RPLH260332","X002JMNW4L","B0GTV881TT","MNFPSJB 3Pcs Sunflower Hair Clips for Adult Women, Yellow Floral Barrettes, Elegant Hair Accessories for Wedding Bridal Party Beach Vacation Daily Wear, All Hair Types","New","23","0","0","0","23","0","0","0","0","GBP","0","2","4","6","Low traffic","4.69","0.0","4.89","0.0","Create Outlet deal","0","4.39","2","0","53.15","0.23","0.003531","cubic feet","Standard","0.081213","UK","gl_beauty","240127","230","23","46","49","4.89","0.0","8.14","17.45","27.27","0","0","0","0","0","0.06","0","0","0","0","0","0","","","","","","","","","","","","","395.2","0","","2026-08-09","368.5","395.2","2026-08-10","23","0","0","0","230","N","","",""
"2026-08-13","ZQLH251207","X002H6RVIR","B0GC657J97","10 Pieces No Crease Hair Clip No Bend Clips Hair Clips Curl Pin Clips Makeup Hairpin for Bangs Finger Waves Makeup Application Hairdressing Hairpins for Women Girl(Black)","New","23","0","0","26","0","0","0","0","0","GBP","0","3","6","12","Low traffic","4.39","0.0","4.59","0.0","NoExcessInventory","23","0.0","0","0","0.0","0.62","0.003531","cubic feet","Standard","0.081213","UK","gl_beauty","228088","213","0","30","24","4.99","0.0","12.64","25.6","51.52","0","19","7","0","0","0.05","0","0","0","0","3","0","","","","","","","","","","","","","270.3","0","","2026-08-09","270.3","97.6","2026-08-10","23","3","0","0","239","N","","",""
"2026-08-13","RPLH260325","X002JMBHU7","B0GTTXTKFD","MNFPSJB Funny Charging Cable Organiser Pouch, Zipper Toiletry Bag, Portable Travel Charger Organiser for Women Men, White Modern Style for Cables, Cosmetics & Essentials","New","28","0","0","0","30","0","0","0","0","GBP","","","","","Low traffic","4.79","0.0","4.79","0.0","Advertise listing","0","3.83","9","0","64.01","0.0","0.003531","cubic feet","Standard","0.098868","UK","gl_luggage","","","28","","","","","","","","0","0","0","0","0","0.07","0","0","0","0","2","0","","","","","","","","","","","","","","0","","","","","2026-08-10","28","2","0","0","","N","","",""
"2026-08-13","RPALH505","X002I92U3T","B0GL1WRV1Y","7 Day Pill Organiser | BPA-Free Wheat Straw Medicine Organiser | Weekly Tablet Container | Aesthetic Medication Organizer Pill Box | Cute Travel Vitamin Case (Soft Pink)","New","15","0","0","15","1","0","0","0","0","GBP","1","1","3","7","Low traffic","7.39","0.0","7.39","0.0","Create Outlet deal","0","6.55","2","0","102.06","0.62","0.018926","cubic feet","Standard","0.28389","UK","gl_drugstore","71671","181","15","60","27","7.39","6.16","6.16","19.8","47.08","0","15","0","0","0","0.2","0","0","0","0","1","0","","","","","","","","","","","","","","0","","","","223.4","2026-08-10","15","1","0","0","193","N","","",""
"2026-08-13","ZQLH251209","X002H6QBRJ","B0GC72XTXK","MNFPSJB 6Pcs Nail Art Brushes Set, Gel Polish Design Painting Tools with Extension Gel Brush, Builder Gel Brush, Liner Brush & Dotting Pen for Professional Salon & Home DIY Manicure","New","24","0","0","0","30","0","0","0","0","GBP","0","1","1","3","Low traffic","4.99","0.0","4.99","0.0","Create Outlet deal","0","0.0","0","0","145.11","0.1","0.003531","cubic feet","Standard","0.084744","UK","gl_beauty","209487","366","24","96","104","4.99","0.0","4.16","4.16","13.3","0","0","0","0","0","0.07","0","0","0","0","6","0","","","","","","","","","","","","","","0","","","","1406.5","2026-08-10","24","6","0","0","366","N","","",""
"2026-08-13","RPALH400","X002AMRW3R","B0F6XS4XVB","2X Silver Chrome Plated Copper Metal Bathroom Sink Overflow Ring Replacement, Basin Overflow Hole Insert Plug Round Cover Ring for Kitchen Bathroom wash Basin Bowl Sink Trim","New","84","0","0","86","0","0","0","0","0","GBP","3","14","33","78","Low traffic","6.69","0.0","6.69","5.02","GoToRestock","84","0.0","0","0","0.0","1.39","9.15E-4","cubic feet","","0.07686","UK","gl_home_improvement","108083","89","0","24","14","6.69","16.71","77.98","183.81","434.46","1","85","0","0","0","0.04","0","0","0","0","1","0","","","","","","","","","","","","","187.2","0","","2026-08-09","187.2","58.0","2026-08-10","84","1","0","0","90","N","","",""
"2026-08-13","ZQLH251243","X002H86F87","B0GCF5M726","3Pcs French Hair Pin Metal 14cm/5.5in French Pin French Twist Hair Pin U Shaped Hair Fork Gold Silver Black Hair Pins Large Updo Hairpin for Women Girls All Hairstyle Decorative Accessories","New","16","0","0","10","6","0","0","0","0","GBP","0","0","0","0","Low traffic","6.39","0.0","6.39","0.0","Advertise listing","16","0.0","0","0","0.0","0.0","0.003531","cubic feet","Standard","0.056496","UK","gl_beauty","329445","282","0","","","6.39","0.0","0.0","0.0","0.0","0","0","10","0","0","0.03","0","0","0","0","0","0","","","","","","","","","","","","","","0","","","","1252.0","2026-08-10","16","0","0","0","282","N","","",""
"2026-08-13","amzn.gr.RPLH260363-jsUfCJLWafNimVaFA2-VG","X002NIUCEJ","B0GV47NJ5F","Car Exhaust Manifold Gasket 54mm,Exhaust Flange Seal Donut Ring Muffler,Universal Muffler SealerDonut,Graphite Donut Gasket to Prevent Leak Noise for Car,SUV,Truck,RV","Used","1","0","0","1","0","0","0","0","0","GBP","","","","","Low conversion","6.88","0.0","8.09","6.87","Lower price","","","0","0","","1.17","0.003531","cubic feet","","0.003531","UK","gl_automotive","81201","2","0","","","8.09","","","","","1","0","0","0","0","","0","0","0","0","0","0","","","","","","","","","","","","","","34","2026-08-12","","","","2026-08-10","1","0","0","0","2","N","","",""
"2026-08-13","RPALH386","X002ANTRNT","B0F6ZFTVCM","MNFPSJB 3 Pcs Muslin Cloths for Cooking, 200 Mesh Reusable Cheese Cloths, Fine Straining Cloth for Nut Milk, Homebrew Wines, Soy Milk, Soup, Coffee & Juice, White","New","9","0","0","10","0","0","0","0","0","GBP","0","0","0","0","Low traffic","4.19","0.0","4.19","0.0","Advertise listing","0","0.0","0","0","32.92","0.0","0.047894","cubic feet","","0.431046","UK","gl_kitchen","1113231","366","0","","","4.19","0.0","0.0","0.0","0.0","0","0","10","0","0","0.02","0","0","0","0","1","0","","","","","","","","","","","","","","0","","","","","2026-08-10","9","1","0","0","366","N","","",""
"2026-08-13","RPALH034","X002AN925H","B0F6Y7NS99","20 Pcs Expanding Foam Nozzle Replacement, Gun Filler Spare Suitable Caulking Sealing Small Gaps Balcony Doors","New","32","0","0","32","0","0","0","0","0","GBP","0","6","9","30","Low traffic","4.69","0.0","4.89","0.0","NoRestockExcessActionRequired","32","0.0","0","0","0.0","1.1","0.024367","cubic feet","","0.779744","UK","gl_home_improvement","233879","149","0","21","13","4.89","0.0","24.42","36.63","119.38","0","32","0","0","0","0.46","0","0","0","0","0","0","","","","","","","","","","","","","150.0","0","","2026-08-09","150.0","70.0","2026-08-10","32","0","0","0","149","N","","",""
"2026-08-13","RPALH399","X002AMRU1L","B0F6XJ26X6","4pcs 1ml Dropper, Glass Dropper with Measurements Bent & Straight Tip Calibrated Accurate Dose Measuring Pipettes Dropper for Essential Oils, Feeding, Ear, Laboratory","New","45","0","0","45","0","0","0","0","0","GBP","3","5","10","30","Low traffic","4.79","0.0","4.79","0.0","NoExcessInventory","45","0.0","0","0","0.0","1.13","0.003531","cubic feet","","0.158895","UK","gl_kitchen","32231","157","0","36","19","4.79","11.97","20.12","40.92","124.12","0","45","0","0","0","0.09","0","0","0","0","0","0","","","","","","","","","","","","","366.8","0","","2026-08-09","366.8","87.3","2026-08-10","45","0","0","0","157","N","","",""
"2026-08-13","RPLH260335","X002JMRBQ1","B0GTVT5TNH","Cycling Bandana Skull Cap, Cooling Durag Helmet Liner, Sweat Head Scarf Running Hat Beanie for Men Cycling Motorcycle Running Black","New","43","0","0","38","5","0","0","0","0","GBP","0","2","6","10","Low traffic","6.99","0.0","7.19","0.0","NoExcessInventory","43","0.0","0","0","0.0","0.34","0.007769","cubic feet","Apparel","0.334067","UK","gl_apparel","817168","366","0","86","55","7.37","0.0","12.98","39.95","68.43","0","37","1","0","0","0.16","0","0","0","0","0","0","","","","","","","","","","","","","652.5","0","","2026-08-09","652.5","179.4","2026-08-10","43","0","0","0","366","N","","",""
"2026-08-13","RPALH260312","X002JM7B6V","B0GTTPF29G","Car Sound Deadener Dampers Door Lock Buffer Deadening Damping Rubber Pad Shock Resistant Damping Protector","New","27","0","0","15","12","0","0","0","0","GBP","3","3","3","3","Low traffic","4.99","0.0","4.99","0.0","Advertise listing","0","0.0","0","0","59.26","0.12","0.003531","cubic feet","Standard","0.095337","UK","gl_home_improvement","115325","366","27","36","117","4.99","12.96","12.96","12.96","12.96","0","0","15","0","0","0.07","0","0","0","0","0","0","","","","","","","","","","","","","842.3","0","","2026-08-09","297.3","842.3","2026-08-10","27","0","0","0","366","N","","",""
"2026-08-13","ZQLH251214","X002H6QXMH","B0GC75G1VG","Dual Ended Sponge Applicator Pen - Portable Dimensions - Buffs Pigments, Glitters and Flakes - Gradient, Ombre Effect, DIY Nail Art Tool - 4 Replacement Heads - Vegan and Cruelty Free","New","39","0","0","40","0","0","0","0","0","GBP","0","2","7","9","Low traffic","4.39","0.0","4.39","0.0","Advertise listing","0","0.0","0","0","153.35","0.68","0.003531","cubic feet","Standard","0.137709","UK","gl_beauty","209525","284","0","78","56","4.39","0.0","7.32","25.62","32.94","40","0","0","0","0","0.1","0","0","0","0","1","0","","","","","","","","","","","","","294.5","0","","2026-08-09","294.5","102.8","2026-08-10","39","1","0","0","291","N","","",""
"2026-08-13","RPALH111","X002ANH2J5","B0F6YG5H1D","Cuticle Trimmer, 6 Pcs Cuticle Remover, Cuticle Pusher, Nail Cuticle Remover, Nail Art Tools, Nail Cleaner Tool","New","10","0","0","14","0","0","0","0","0","GBP","3","5","10","11","Low traffic","3.69","0.0","3.69","0.0","NoRestockExcessActionRequired","","","0","0","","1.57","0.003531","cubic feet","","0.03531","UK","gl_home_improvement","140883","156","0","24","35","3.69","9.21","15.35","30.7","34.02","14","0","0","0","0","","20","0","20","0","4","0","","","","","","","","","","","","","69.2","0","","2026-08-09","69.2","68.8","2026-08-10","30","4","0","0","180","N","","",""
"2026-08-13","RPALH017","X002ANYT5F","B0F72NLHCN","4Pcs Windshield Wiper Washer Non Return Check Valve 8532126020 Washer Jet Non Return Valve Fit for Toyota Highlander Lexus is F/ IS350 Wiper Washer Jets","New","31","0","0","33","0","0","0","0","0","GBP","9","26","35","43","Low traffic","4.99","0.0","4.99","0.0","NoExcessInventory","31","0.0","0","0","0.0","2.73","0.003531","cubic feet","","0.109461","UK","gl_home_improvement","16901","134","0","9","18","4.99","37.44","108.16","145.6","177.69","33","0","0","0","0","0.07","30","0","30","0","0","0","","","","","","","","","","","","","40.7","0","","2026-08-09","40.7","36.2","2026-08-10","61","0","0","0","134","N","","",""
"2026-08-13","RPALH462","X002AN0XHN","B0F6Y4G5X1","2Pcs Over Door Hooks Single Hangers Without Nails Stainless Steel Reversible Wreath Hanging Towel Coats Hats Bags Bathroom","New","51","7","0","56","0","0","0","0","0","GBP","4","14","22","32","Low traffic","3.79","0.0","3.79","0.0","NoRestockExcessActionRequired","58","0.0","0","0","0.0","1.35","0.003531","cubic feet","","0.180081","UK","gl_home_improvement","145057","146","0","14","20","3.79","12.64","44.24","69.52","102.4","48","8","0","0","0","0.14","0","0","0","0","0","0","","","","","","","","","","","","","54.0","0","","2026-08-09","38.6","54.0","2026-08-10","58","0","0","0","146","N","","",""
"2026-08-13","ZQLH251238","X002H80VB9","B0GCD14SGG","MNFPSJB 2 Pack Universal Silicone Drain Plug, Grey Press-Type Drain Stopper with Hair Catcher Strainer, Odour Barrier Seal for Bathroom Bathtub Washbasin Kitchen Sink","New","22","0","0","22","0","0","0","0","0","GBP","0","4","10","17","Low traffic","5.09","0.0","5.09","0.0","Create Outlet deal","0","4.07","2","0","98.28","1.17","0.003531","cubic feet","Standard","0.077682","UK","gl_home","721064","204","0","22","16","5.09","0.0","16.96","42.4","72.25","21","1","0","0","0","0.05","0","0","0","0","0","0","","","","","","","","","","","","","93.6","0","","2026-08-09","93.6","75.5","2026-08-10","22","0","0","0","204","N","","",""
"2026-08-13","RPALH209","X002AMRXNB","B0F6XQMQL9","2-Pack USB 3.0 Right Angle Adapters, USB-A Male to Female 90-Degree Extension Connectors, High-Speed Data Transfer and Charging for Devices with USB-A Ports","New","58","0","0","60","0","0","0","0","0","GBP","3","5","9","25","Low traffic","4.79","0.0","4.79","0.0","NoExcessInventory","58","0.0","0","0","-2.36","0.64","0.003531","cubic feet","","0.204798","UK","gl_electronics","26844","327","0","46","30","4.79","11.97","19.95","35.91","95.26","2","58","0","0","0","0.13","0","0","0","0","3","0","","","","","","","","","","","","","968.0","0","","2026-08-09","968.0","138.4","2026-08-10","58","3","0","0","350","N","","",""
"2026-08-13","ZQLH260124","X002HJLOBJ","B0GFWDQCMS","MNFPSJB Retro Rimless Rectangle Sunglasses, Tinted Frameless Eyewear, Diamond Cutting Lens, UV400 Protection, Vintage Candy Colours Classic Square Glasses with Eyeglasses Straps Chain(Purple)","New","65","17","0","85","0","0","0","0","0","GBP","0","9","23","35","Low traffic","7.66","0.0","7.66","0.0","Create Outlet deal","25","6.12","2","0","107.19","0.92","0.003531","cubic feet","Footwear","0.229515","UK","gl_shoes","365931","357","0","28","24","7.66","0.0","57.42","146.74","223.3","42","43","0","0","0","0.16","0","0","0","0","2","0","","","","","","","","","","","","","132.9","0","","2026-08-09","132.9","63.7","2026-08-10","82","2","0","0","366","N","","",""
"2026-08-13","RPALH454","X002AMULX5","B0F6XGNQPT","MNFPSJB Silver Bohemian Rhinestone Beaded Belly Chain, Fashion Body Waist Chain for Women Party Beach Vacation Daily Wear","New","44","0","0","50","0","0","0","0","0","GBP","6","11","14","37","Low traffic","4.59","0.0","4.59","0.0","Create Outlet deal","25","4.23","2","0","4.98","1.48","0.003531","cubic feet","","0.155364","UK","gl_jewelry","141172","186","0","16","15","4.59","22.92","42.36","54.33","140.62","32","18","0","0","0","0.1","0","0","0","0","5","0","","","","","","","","","","","","","207.0","0","","2026-08-09","207.0","59.8","2026-08-10","44","5","0","0","214","N","","",""
"2026-08-13","RPALH211","X002ANRUTR","B0F6Z1Q1CQ","4Pcs Red Lip Stickers Waterproof Tattoo Decorative Stickers Makeup Red Lip Temporary Tattoos for Women Girls","New","76","0","0","77","0","0","0","0","0","GBP","5","20","23","170","Low traffic","3.99","0.0","3.99","0.0","Create Outlet deal","13","3.19","25","0","110.99","2.42","0.014961","cubic feet","","1.137036","UK","gl_beauty","73704","176","0","15","5","3.99","16.6","66.4","76.36","491.92","50","27","0","0","0","0.76","0","0","0","0","0","0","","","","","","","","","","","","","103.0","0","","2026-08-09","103.0","32.6","2026-08-10","76","0","0","0","176","N","","",""
"2026-08-13","RPALH562","X002IAXWTT","B0GLDW17KX","5 Pcs Sports Headband for Boys, Elastic Sports Hairbands Non Slip, Thin Football Headbands, Running Hairbands, Sweat Bands for Kids, Women, Girls","New","4","0","0","12","0","0","0","0","0","GBP","2","8","12","12","Low traffic","4.59","0.0","4.59","0.0","CreateShippingPlan","","","0","0","","0.83","0.003531","cubic feet","Standard","0.014124","UK","gl_sports","314274","16","0","2","4","4.59","7.64","30.56","45.93","45.93","0","0","12","0","0","","0","0","0","0","9","0","","","","","","","","","","","","","124.0","9","2026-08-11","2026-08-09","58.4","124.0","2026-08-10","4","9","0","0","51","N","","",""
"2026-08-13","RPALH186","X002AMYURX","B0F6X35946","MNFPSJB 1 Piece Foldable Silver Handbag Hook, Zinc Alloy Non-Slip Table Purse Hook Hanger, Portable Edge Mount Bag Holder for Restaurant Cafe Daily Use","","0","0","0","0","0","0","1","0","0","GBP","0","0","3","14","","0.0","0.0","0.0","0.0","CreateShippingPlan","","","0","0","","0.32","0.001614","cubic feet","","0.0","UK","gl_home","","0","0","","0","3.59","0.0","0.0","8.97","43.05","0","0","0","0","1","","0","0","0","0","0","0","0","0.0","0","0.0","0","0.0","1","0.01","0","0.0","0","0.0","286.5","11","2026-07-11","2026-08-09","3.0","286.5","2026-08-10","0","0","0","0","0","N","","",""
"2026-08-13","RPALH395","X002AMRP9X","B0F6XLCRJF","20 Pcs Aligner Removal Tool Retainer Remover Tool Aligner Tooth Hook Invisible Braces Remover Hook for Removing Invisible Braces Orthodontic Retainers Tooth Cleaning Oral Care (5Colors)","New","34","0","0","38","0","0","0","0","0","GBP","3","7","10","18","Low traffic","4.09","0.0","4.09","0.0","NoRestockExcessActionRequired","34","0.0","0","0","0.0","0.92","0.003531","cubic feet","","0.120054","UK","gl_drugstore","94867","174","0","19","24","4.09","10.23","23.87","34.1","60.7","30","0","8","0","0","0.08","0","0","0","0","3","0","","","","","","","","","","","","","192.2","0","","2026-08-09","192.2","115.6","2026-08-10","34","3","0","0","188","N","","",""
"2026-08-13","amzn.gr.RPALH398-FjngESg_ofpDi05ZkP1c-VG","X002G39TJP","B0F6XC9B11","Nylon Potato Mashers Durable Potato Masher Black Potatoes Masher Baby Food Masher with Non Slip Handle for Mashed Potatoes Fruits Vegetables","Used","1","0","0","0","0","0","1","0","0","GBP","","","","","Low traffic","5.6","0.0","6.59","5.6","Advertise listing","1","0.0","0","0","0.0","0.68","0.038384","cubic feet","Standard","0.038384","UK","gl_kitchen","174191","2","0","","","6.59","","","","","0","0","0","1","0","0.01","0","0","0","0","0","0","0","0.0","1","0.12","0","0.0","0","0.0","0","0.0","0","0.0","","54","2026-08-12","","","","2026-08-10","1","0","0","0","2","N","","",""
"2026-08-13","ZQLH251226","X002H7V2S1","B0GC9P8SW5","12 PCS Mini Gold Hair Clips Hair Claw Clips Small Gold Mini Hairs Clip for Thin Thick Hairs Cute Golden Metal Flower Clip Small Metal Claw Hairpin Strong Hold Hairpin for Women","New","33","0","0","36","0","0","0","0","0","GBP","2","24","54","68","Low traffic","7.69","0.0","7.69","0.0","NoExcessInventory","33","0.0","0","0","0.0","2.73","0.003531","cubic feet","Standard","0.116523","UK","gl_beauty","74181","128","0","17","19","7.69","12.82","153.84","346.14","435.88","1","35","0","0","0","0.06","70","0","70","0","1","0","","","","","","","","","","","","","55.4","0","","2026-08-09","55.4","32.1","2026-08-10","103","0","1","0","129","N","","",""
"2026-08-13","RPALH468","X002AMRVFB","B0F6XQC63S","Windscreen Washer Hose Connector, Car Window Washer Hose Connection 90 Degree Bend Windshield Washer Hose Connector Fit for Vauxhall Vastra H/Corsa D/Zafira B","New","48","12","0","60","0","0","0","0","0","GBP","1","8","19","24","Low traffic","5.29","0.0","5.29","0.0","NoExcessInventory","60","0.0","0","0","0.0","1.19","0.003531","cubic feet","","0.169488","UK","gl_home_improvement","94041","183","0","24","26","5.29","4.41","35.28","83.79","105.84","60","0","0","0","0","0.14","0","0","0","0","0","0","","","","","","","","","","","","","24.9","0","","2026-08-09","19.3","24.9","2026-08-10","60","0","0","0","183","N","","",""
"2026-08-13","RPALH217","X002AN7X5D","B0F6Y33BND","12Pcs Pill Pouch Bags Zippered,Pill Pouch Set,Travel Medicine Organizer,Reusable Clear Plastic Self Sealing Medicine Bag,for Pills and Small Items(Multicolor)","New","25","17","0","23","0","0","0","0","0","GBP","2","38","69","95","Low traffic","5.89","0.0","5.89","0.0","NoExcessInventory","42","0.0","0","0","0.0","12.26","0.003531","cubic feet","","0.088275","UK","gl_luggage","60202","295","0","15","20","5.89","9.82","186.58","338.79","466.45","23","0","0","0","0","0.08","126","0","126","0","0","0","","","","","","","","","","","","","11.9","0","","2026-08-09","11.9","9.5","2026-08-10","168","0","0","0","295","N","","",""
"2026-08-13","RPALH117","X002ANYI0L","B0F72FWC88","2 Pcs USB Light for Laptop, Warm White Reading Led Keyboard Light (Black)","New","12","0","0","2","0","10","0","0","0","GBP","0","5","10","14","Low traffic","4.79","0.0","4.79","0.0","NoExcessInventory","12","0.0","0","0","0.0","0.71","0.003531","cubic feet","Standard","0.042372","UK","gl_home","36710","99","0","25","29","4.79","0.0","19.95","41.25","58.89","1","0","1","10","0","0.02","20","0","20","0","0","0","","","","","","","","","","","","","125.0","0","","2026-08-09","76.2","125.0","2026-08-10","32","0","0","0","99","N","","",""
"2026-08-13","RPALH422","X002AMUM9X","B0F6WKGV23","12 Pcs Pencil Grips For Children & Adults, Five-Finger Ergonomic Pen Grips, Ambidextrous Handwriting Grip Corrector","New","35","0","0","36","0","0","0","0","0","GBP","2","3","7","16","Low traffic","4.59","0.0","4.59","0.0","NoRestockExcessActionRequired","14","4.12","19","0","3.42","0.64","0.003531","cubic feet","","0.123585","UK","gl_office_product","69946","221","0","46","28","4.59","7.64","11.46","26.58","59.52","0","36","0","0","0","0.08","0","0","0","0","0","0","","","","","","","","","","","","","558.5","0","","2026-08-09","558.5","156.3","2026-08-10","35","0","0","0","221","N","","",""
"2026-08-13","RPALH310","X002AMRTRL","B0F6W8YGQC","6Pcs Vintage Leather Horn Toggle Bottons DIY Accessories Retro Horn Buttons PU Beautiful Tight Sewing-on Toggle Buttons for DIY Duffle Coat Jacket","New","28","0","0","19","9","0","0","0","0","GBP","0","4","7","13","Low traffic","5.09","0.0","5.09","0.0","NoExcessInventory","28","0.0","0","0","1.46","0.66","0.003531","cubic feet","","0.098868","UK","gl_office_product","516597","100","0","28","28","5.09","0.0","16.96","30.19","57.64","19","0","0","0","0","0.07","0","0","0","0","0","0","","","","","","","","","","","","","178.3","0","","2026-08-09","178.3","133.9","2026-08-10","28","0","0","0","100","N","","",""
"2026-08-13","RPALH248","X002AMRXGX","B0F6XQV72G","3 Pack 4 Way Nail Buffer for Natural and Acrylic Nails, Block Nail Files and Buffers Smoother Buffing Block Polisher Fingernail File Buffer for Buffing Shinning","New","69","0","0","70","0","0","0","0","0","GBP","1","3","8","21","Low traffic","4.29","0.0","4.29","0.0","NoRestockExcessActionRequired","69","0.0","0","0","0.0","0.44","0.003531","cubic feet","","0.243639","UK","gl_drugstore","181207","366","0","92","42","4.29","3.57","10.88","29.58","77.52","0","50","20","0","0","0.16","0","0","0","0","1","0","","","","","","","","","","","","","1067.0","0","","2026-08-09","1067.0","163.9","2026-08-10","69","1","0","0","366","N","","",""
"2026-08-13","RPLH260385","X002JRHRW9","B0GVD8DF2W","MNFPSJB Antique Brass Tie Backs Ball End Curtain Drape Tassel Screw in Hooks U Shaped Hooks Antique Brass Curtain Tie Back Fixings for Curtains Clothes Coat Hanger Hook Pack of 2.","New","76","0","0","83","0","0","0","0","0","GBP","3","17","25","48","Low traffic","5.99","0.0","5.99","0.0","Create Outlet deal","0","5.03","2","0","387.07","1.12","0.001317","cubic feet","Standard","0.100092","UK","gl_home_improvement","213331","140","0","17","20","5.99","14.97","84.83","125.08","243.22","34","49","0","0","0","0.19","0","0","0","0","6","0","","","","","","","","","","","","","128.7","0","","2026-08-09","128.7","66.7","2026-08-10","76","6","0","0","153","N","","",""
"2026-08-13","RPALH085","X002AO6E7F","B0F74GJP1B","Mini Usb Charger Cable Lead Dash Cam Cable Compatible with Select Fuji Finepix Nikon Digital Cameras for Image Transfer & Select Models Battery Charging","New","9","0","0","10","0","0","0","0","0","GBP","5","21","36","49","Low traffic","4.69","0.0","4.69","0.0","NoExcessInventory","10","0.0","0","0","0.0","5.94","0.003531","cubic feet","Standard","0.031779","UK","gl_biss","22042","137","0","11","15","4.69","19.55","82.11","140.76","187.34","10","0","0","0","0","0.02","50","0","50","0","2","0","","","","","","","","","","","","","31.4","0","","2026-08-09","30.6","31.4","2026-08-10","59","2","0","0","142","N","","",""
"2026-08-13","ZQLH240915","X0024DMUVL","B0DG56L181","Generic 7-Piece Plastic Kid Kitchen Knife Set, Toddler Knife, Plastic Knife, Reusable Nylon Chef Knife, Safe Cooking Knives for Kids","New","32","0","0","30","5","0","0","0","0","GBP","0","11","19","26","Low traffic","6.49","0.0","6.49","0.0","NoExcessInventory","32","0.0","0","0","0.0","0.98","0.012713","cubic feet","Standard","0.406816","UK","gl_kitchen","541925","92","0","11","16","6.49","0.0","60.95","106.19","146.37","30","0","0","0","0","0.26","0","0","0","0","1","0","","","","","","","","","","","","","73.7","0","","2026-08-09","49.1","73.7","2026-08-10","32","1","0","0","96","N","","",""
"2026-08-13","RPALH543","X002IABAE3","B0GL8L25SM","MNFPSJB Universal Hand Strap For 4-8 Innch E-readers, With A Retractable Reading Stand And A Versatile, Lightweight Finger Grip Clip","New","35","0","0","29","6","0","0","0","0","GBP","0","0","0","3","Low traffic","5.89","0.0","5.89","0.0","Create Outlet deal","0","0.0","0","0","171.27","0.14","0.003531","cubic feet","Standard","0.123585","UK","gl_wireless","154351","366","35","","151","5.89","0.0","0.0","0.0","16.47","0","29","0","0","0","0.09","0","0","0","0","0","0","","","","","","","","","","","","","","0","","","","602.0","2026-08-10","35","0","0","0","366","N","","",""
"2026-08-13","RPALH260307","X002JKRQUT","B0GTPTFG9M","MNFPSJB 2-in-1 Pill Cutter and Storage Box - Professional Tablet Splitter for Small and Large Pills with Sharp Stainless Steel Blade - Portable Pill Organiser for Travel and Daily Use, Grey，Pill case","New","30","0","0","0","30","0","0","0","0","GBP","","","","","Low traffic","4.19","0.0","4.19","0.0","Advertise listing","0","0.0","0","0","69.57","0.0","0.003822","cubic feet","Standard","0.11466","UK","gl_drugstore","","","30","","","4.19","","","","","0","0","0","0","0","0.08","0","0","0","0","0","0","","","","","","","","","","","","","","0","","","","","2026-08-10","30","0","0","0","","N","","",""
"2026-08-13","ZQLH251211","X002H6Y9Z5","B0GC6XQ18W","5 Pcs Professional Nail Art Brush Set - Dual-ended, Acrylic Dust, Fine Line Brushes for Gel Polish DIY Design","New","6","0","0","0","0","6","0","0","0","GBP","0","1","3","3","Low traffic","4.79","0.0","4.79","0.0","Create Outlet deal","0","3.83","2","0","15.55","0.39","0.003531","cubic feet","Standard","0.021186","UK","gl_beauty","358688","135","6","24","26","4.79","0.0","3.99","11.97","11.97","0","0","0","6","0","0.01","0","0","0","0","0","0","","","","","","","","","","","","","185.0","0","","2026-08-09","185.0","173.3","2026-08-10","6","0","0","0","135","N","","",""
"2026-08-13","RPALH555","X002IGANX1","B0GMPXL7CW","Makeup Bag 'I’m Not Dramatic, I’m Theatrical' Zipper Makeup Bag","New","12","0","0","12","0","0","0","0","0","GBP","3","8","12","16","Low traffic","4.99","0.0","4.99","0.0","Create Outlet deal","0","4.15","2","0","55.27","1.83","0.003531","cubic feet","Standard","0.042372","UK","gl_luggage","125208","174","0","21","34","4.99","12.48","33.76","51.04","68.84","10","2","0","0","0","0.03","30","0","30","0","0","0","","","","","","","","","","","","","59.4","0","","2026-08-09","46.0","59.4","2026-08-10","42","0","0","0","174","N","","",""
"2026-08-13","RPALH573","X002IB0MD7","B0GLF553KP","50 PCS Under-Desk Cable Management, Self-Adhesive and Reusable, Computer Cable Organizer","New","6","0","0","0","6","0","0","0","0","GBP","1","1","1","3","Low traffic","4.39","0.0","4.39","0.0","NoRestockExcessActionRequired","0","0.0","0","0","25.25","0.43","0.003531","cubic feet","Standard","0.021186","UK","gl_home_improvement","788168","138","6","24","26","4.39","3.66","3.66","3.66","11.64","0","0","0","0","0","0.01","0","0","0","0","0","0","","","","","","","","","","","","","314.5","0","","2026-08-09","204.0","314.5","2026-08-10","6","0","0","0","138","N","","",""
"2026-08-13","RPLH260351","X002JOQS9F","B0GV26DGVG","MNFPSJB 20 Card Zipper Card Bag - Durable PU Leather Business Card Bag, Can Store Credit Cards, ID Cards, Business Cards, and Keys (Black)","New","27","0","0","0","29","0","0","0","0","GBP","0","0","1","1","Low traffic","4.89","0.0","5.09","0.0","Advertise listing","0","0.0","0","0","61.8","0.03","0.003531","cubic feet","Standard","0.095337","UK","gl_luggage","1939220","366","27","","351","5.09","0.0","0.0","4.91","4.91","0","0","0","0","0","0.07","0","0","0","0","2","0","","","","","","","","","","","","","","0","","","","2660.0","2026-08-10","27","2","0","0","366","N","","",""
"2026-08-13","ZQLH251274","X002HBV2AF","B0GD6PBVRZ","Green Hair Bow - Large Bowknot Hair Clip for Women, Satin Silky Ribbons with Long Tail, French Barrette Hair Accessory for Girls Ponytail Holder","New","54","0","0","59","0","0","0","0","0","GBP","0","4","10","17","Low traffic","4.79","0.0","4.79","0.0","Create Outlet deal","16","3.83","2","0","6.51","0.66","0.003531","cubic feet","Standard","0.190674","UK","gl_beauty","189212","231","0","54","41","4.79","0.0","16.3","41.26","70.38","30","29","0","0","0","0.13","0","0","0","0","5","0","","","","","","","","","","","","","205.8","0","","2026-08-09","205.8","103.6","2026-08-10","54","5","0","0","255","N","","",""
"2026-08-13","RPLH260355","X002JORTH5","B0GV2V33XV","MNFPSJB 3 Pairs Invisible Clear Bra Straps, Non-Slip Adjustable Soft Transparent Replacement Shoulder Straps for Women, Compatible with Strapless Bras, Spaghetti Tops & Summer Dresses","New","22","17","0","20","20","0","0","0","0","GBP","2","3","8","10","Low traffic","4.09","0.0","4.09","0.0","NoRestockExcessActionRequired","0","0.0","0","0","84.16","0.33","0.003531","cubic feet","Apparel","0.077682","UK","gl_apparel","194724","366","39","29","28","4.09","6.82","10.23","28.08","35.22","20","0","0","0","0","0.08","0","0","0","0","1","0","","","","","","","","","","","","","339.5","0","","2026-08-09","339.5","260.3","2026-08-10","39","1","0","0","366","N","","",""
"2026-08-13","ZQLH251261","X002HB78M1","B0GD1G7DCZ","MNFPSJB 4 Pack Stainless Steel Long Handle Latte Spoons, Polished Silver Coffee Tea Spoons for Espresso Hot Chocolate Dessert Ice Cream","New","27","0","0","14","13","0","0","0","0","GBP","0","4","7","11","Low traffic","4.99","0.0","4.99","0.0","Create Outlet deal","0","3.99","2","0","111.53","0.49","0.003531","cubic feet","Standard","0.095337","UK","gl_kitchen","754680","126","27","27","31","4.99","0.0","16.64","29.12","45.76","14","0","0","0","0","0.07","0","0","0","0","0","0","","","","","","","","","","","","","175.0","0","","2026-08-09","175.0","163.4","2026-08-10","27","0","0","0","126","N","","",""
"2026-08-13","RPLH260319","X002JMG80B","B0GTV277S1","MNFPSJB Polarized Clip On Sunglasses for Men Women, Anti-Glare UV400 Protection Flip Up Sunglasses for Driving Travel Outdoor Sport, Black","New","22","0","0","0","25","0","0","0","0","GBP","2","3","4","5","Low traffic","5.89","0.0","5.89","0.0","Create Outlet deal","0","0.0","0","0","50.0","0.14","0.003531","cubic feet","Footwear","0.077682","UK","gl_shoes","397464","348","22","29","57","5.89","9.82","14.73","19.97","25.96","0","0","0","0","0","0.04","0","0","0","0","2","0","","","","","","","","","","","","","645.8","0","","2026-08-09","278.7","645.8","2026-08-10","22","2","0","0","366","N","","",""
"2026-08-13","RPLH260349","X002JOQMTV","B0GV2DXL57","Fabric Swimming Cap, Unisex Stretch Swim Cap Comfortable Light Swim Hats for Men and Women，black swimming cap","New","24","0","0","15","11","0","0","0","0","GBP","0","2","4","4","Low traffic","4.59","0.0","4.79","0.0","Create Outlet deal","0","3.83","2","0","52.42","0.16","0.003531","cubic feet","Standard","0.084744","UK","gl_sports","167546","366","24","48","78","4.79","0.0","7.98","16.13","16.13","0","0","15","0","0","0.06","0","0","0","0","2","0","","","","","","","","","","","","","610.0","0","","2026-08-09","409.0","610.0","2026-08-10","24","2","0","0","366","N","","",""
"2026-08-13","ZQLH2409121","X0024XPTBJ","B0DHGF3L6J","2Pcs Satin Hair Ties,Silk Hair Scrunchies for Frizz Prevention, Silk Hair Ties for Breakage Prevention, Elastic ponytail Holders,Black Scrunchies for Women﻿,Satin Scrunchies","New","68","0","0","68","0","0","0","0","0","GBP","0","7","23","42","Low traffic","4.09","0.0","4.29","0.0","NoExcessInventory","68","0.0","0","0","0.0","1.24","0.007063","cubic feet","Standard","0.480284","UK","gl_beauty","146873","254","0","38","21","4.29","0.0","25.16","83.65","142.07","30","38","0","0","0","0.31","0","0","0","0","0","0","","","","","","","","","","","","","175.6","0","","2026-08-09","175.6","67.9","2026-08-10","68","0","0","0","254","N","","",""
"2026-08-13","RPALH365","X002ANM1KZ","B0F6YTMRH3","Watch Cleaning Putty, Watchmaking Cleaning Putty Wristwatch Movement Repairing, Watch Cleaning Putty with 5 Wooden Sticks","New","20","0","0","27","0","0","0","0","0","GBP","4","21","28","44","Low traffic","4.99","0.0","4.99","0.0","NoExcessInventory","20","0.0","0","0","0.0","2.89","0.003531","cubic feet","","0.07062","UK","gl_watch","99094","97","0","9","14","4.99","16.64","87.36","116.48","181.17","20","7","0","0","0","0.04","30","0","30","0","5","0","","","","","","","","","","","","","41.5","3","2026-09-03","2026-08-09","41.5","39.5","2026-08-10","50","5","0","0","106","N","","",""
"2026-08-13","RPALH115","X002AO51U1","B0F7465QMC","We Are So Proud Of You Banner Black Glittery Graduation Congratulations Decoration Hanging Garland for Graduation Retirement Grad Party Decor Supplies (Pre-strung) Black","","0","0","0","0","1","0","0","0","0","GBP","0","0","0","7","","0.0","0.0","0.0","0.0","CreateShippingPlan","","","0","0","","0.72","0.003531","cubic feet","Standard","0.0","UK","gl_kitchen","","0","0","","0","4.19","0.0","0.0","0.0","25.11","0","0","0","0","0","","0","0","0","0","0","0","","","","","","","","","","","","","","37","2026-06-14","","","69.0","2026-08-10","0","0","0","0","0","N","","",""
"2026-08-13","RPALH104","X002AMWPLL","B0F6W9BWP4","MNFPSJB Self Adhesive Giant Googly Wiggle Eyes, 2 Pack 76mm (3 Inch) Large Plastic Wiggle Eyes for DIY Crafts, Home Decor, Party Ornaments & Handmade Projects","New","10","0","0","0","10","0","0","0","0","GBP","2","5","5","11","Low traffic","3.49","0.0","3.49","0.0","Create Outlet deal","0","3.19","2","0","41.45","0.68","0.010594","cubic feet","","0.10594","UK","gl_kitchen","116137","60","0","8","11","3.49","5.82","14.55","14.55","34.56","0","0","0","0","0","0.07","0","0","0","0","0","0","","","","","","","","","","","","","147.1","4","2026-08-28","2026-08-09","102.8","147.1","2026-08-10","10","0","0","0","60","N","","",""
"2026-08-13","RPALH409","X002ANOYOV","B0F741BXYF","1 Piece Bow Hair Clip, Streamer Solid Color Tassel Large Women's Accessories (Green)","New","51","0","0","0","51","0","0","0","0","GBP","0","1","3","13","Low traffic","4.19","0.0","4.39","0.0","Create Outlet deal","22","0.0","0","0","27.96","0.27","0.003531","cubic feet","Standard","0.180081","UK","gl_beauty","213787","284","29","204","51","4.39","0.0","3.99","12.39","54.95","0","0","0","0","0","0.12","0","0","0","0","0","0","","","","","","","","","","","","","771.0","0","","2026-08-09","771.0","294.9","2026-08-10","51","0","0","0","284","N","","",""
"2026-08-13","RPALH546","X002IA0FZX","B0GL8FVQQT","Clover Brooch, Clover, Garment Badge With Pearls, Scarves, Shawls, Hats, Ornaments","New","22","0","0","15","7","0","0","0","0","GBP","0","0","1","1","Low traffic","4.79","0.0","4.79","0.0","Advertise listing","0","0.0","0","0","85.98","0.07","0.003531","cubic feet","Apparel","0.077682","UK","gl_jewelry","1322800","366","22","","286","4.79","0.0","0.0","4.49","4.49","0","15","0","0","0","0.05","0","0","0","0","0","0","","","","","","","","","","","","","","0","","","","1439.0","2026-08-10","22","0","0","0","366","N","","",""
"2026-08-13","RPALH208","X002AMRY8Z","B0F6WKL5ZC","Black Studded Choker Punk Goth Metal Spike Studded Necklace PU Leather Collar Adjustable Leather Necklace for Women Men","New","38","0","0","38","0","0","0","0","0","GBP","4","15","27","41","Low traffic","4.79","0.0","4.79","0.0","NoExcessInventory","38","0.0","0","0","0.0","1.61","0.003531","cubic feet","","0.134178","UK","gl_jewelry","215362","115","0","16","19","4.79","15.96","59.85","107.73","165.97","0","38","0","0","0","0.07","25","0","25","0","0","0","","","","","","","","","","","","","87.7","0","","2026-08-09","87.7","56.6","2026-08-10","63","0","0","0","115","N","","",""
"2026-08-13","RPALH260322","X002JL9L9R","B0GTQB52NC","Resistance Bands for Women and Men Pull up Bands Exercise Loop Band for Body Stretching Powerlifting Yoga Pilates Resistance Training","New","30","0","0","0","30","0","0","0","0","GBP","","","","","Low traffic","7.99","0.0","8.19","0.0","Advertise listing","0","0.0","0","0","71.35","0.0","0.003531","cubic feet","Standard","0.10593","UK","gl_sports","","","30","","","8.39","","","","","0","0","0","0","0","0.07","0","0","0","0","0","0","","","","","","","","","","","","","","0","","","","","2026-08-10","30","0","0","0","","N","","",""
"2026-08-13","RPLH260358","X002JOXAIH","B0GV3M6F9F","MNFPSJB Red Tartan Tie for Burns Night, Traditional Scottish Heritage Necktie, Classic Plaid Tie for Burns Supper Ceilidh Formal Events, Unisex Adult Long Fancy Dress Accessory","New","27","0","0","0","27","0","0","0","0","GBP","0","0","0","3","Low traffic","6.49","0.0","6.69","0.0","Create Outlet deal","0","5.91","2","0","61.74","0.11","0.003531","cubic feet","Apparel","0.095337","UK","gl_apparel","1733720","366","27","","117","7.09","0.0","0.0","0.0","18.48","0","0","0","0","0","0.05","0","0","0","0","0","0","","","","","","","","","","","","","","0","","","","826.3","2026-08-10","27","0","0","0","366","N","","",""
"2026-08-13","RPALH525","X002IA4KN1","B0GL7B5P1X","Long Handle Spork and Spoon Eco-Friendly Ultralight Portabale Flatware for Outdoor Camping Backpacking Hiking Travel Picnic Tableware with Bag(Sandblasting Spork)","New","24","0","0","21","4","0","0","0","0","GBP","1","2","4","8","Low traffic","5.29","0.0","5.29","0.0","Create Outlet deal","6","4.74","2","0","55.58","0.38","0.035315","cubic feet","Standard","0.84756","UK","gl_kitchen","235515","259","18","48","39","5.29","4.41","9.32","19.14","39.1","0","20","1","0","0","0.57","0","0","0","0","0","0","","","","","","","","","","","","","778.0","0","","2026-08-09","778.0","232.1","2026-08-10","24","0","0","0","259","N","","",""
"2026-08-13","ZQLH251239","X002H80RQD","B0GCD1CXN2","Universal Silicone Drain Plug - Washbasin Plug and Bathtub Plug with Press and Hair Strainer Function - Practical Drain Strainer for Washbasins, Bathtubs and Sinks, 2 Pieces","New","27","0","0","15","12","0","0","0","0","GBP","1","2","7","10","Low traffic","5.99","0.0","5.99","0.0","Create Outlet deal","0","5.16","2","0","138.69","0.48","0.003531","cubic feet","Standard","0.095337","UK","gl_home","319312","175","27","54","35","5.99","4.99","9.98","34.93","49.9","15","0","0","0","0","0.07","0","0","0","0","0","0","","","","","","","","","","","","","274.5","0","","2026-08-09","274.5","187.8","2026-08-10","27","0","0","0","175","N","","",""
"2026-08-13","ZQLH251225","X002H7ZJQ7","B0GCDNJBRN","8PCS Small Hair Claw Clips for Women Girls, Double Row Teeth Small Hair Clips for Fine Thin Hair, Cute Square Claw Clips No Slip Jaw Clips Hair Clamps Mini Accessories","New","53","0","0","53","0","0","0","0","0","GBP","1","2","6","23","Low traffic","5.59","0.0","5.59","0.0","Create Outlet deal","0","4.68","2","0","243.86","0.72","0.003531","cubic feet","Standard","0.187143","UK","gl_beauty","160611","366","0","106","29","5.59","4.66","9.32","29.11","111.86","0","53","0","0","0","0.13","0","0","0","0","0","0","","","","","","","","","","","","","541.0","0","","2026-08-09","541.0","105.2","2026-08-10","53","0","0","0","366","N","","",""
"2026-08-13","RPALH490","X002AMOWZD","B0F6X3C348","Disappearing Cloth Thumb Tip Finger Fake Magic Soft Red Trick Close Up Vanish Appearing Novelty,Magic Tricks, Fake Finger","New","23","0","0","26","0","0","0","0","0","GBP","4","15","24","36","Low traffic","3.99","0.0","3.99","0.0","Create Outlet deal","3","0.0","0","0","40.6","2.47","0.003531","cubic feet","","0.081213","UK","gl_toy","90951","271","0","14","19","3.99","13.28","49.8","79.68","119.52","20","6","0","0","0","0.05","30","0","30","0","3","0","","","","","","","","","","","","","51.5","0","","2026-08-09","51.5","35.5","2026-08-10","53","3","0","0","287","N","","",""
"2026-08-13","ZQLH251246","X002H86KMD","B0GCFFYC73","2 Pack French Hair Pin French Twist U Shaped Hair Pin Fork Updo Chignon HairPins for women","New","8","0","0","0","0","8","0","0","0","GBP","0","1","2","2","Low traffic","4.79","0.0","4.79","0.0","Create Outlet deal","0","0.0","0","0","41.54","0.22","0.003531","cubic feet","Standard","0.028248","UK","gl_beauty","337167","366","38","152","247","4.79","0.0","3.99","7.98","7.98","0","0","0","8","0","0.02","30","0","30","0","0","0","","","","","","","","","","","","","422.5","0","","2026-08-09","122.5","422.5","2026-08-10","38","0","0","0","366","N","","",""
"2026-08-13","ZQLH251255","X002HB46L7","B0GD15RZFN","4 Pcs Classic Stitched Leather Bookmark, Bookmarks with Leather Rope, Page Markers Reading Gifts for Book Lovers, Readers","","0","0","0","0","1","0","0","0","0","GBP","0","0","1","1","","0.0","0.0","0.0","0.0","CreateShippingPlan","","","0","0","","0.1","0.003531","cubic feet","Standard","0.0","UK","gl_office_product","","0","0","","0","3.49","0.0","0.0","2.91","2.91","0","0","0","0","0","","0","0","0","0","0","0","","","","","","","","","","","","","1169.0","0","","2026-08-09","329.0","1169.0","2026-08-10","0","0","0","0","0","N","","",""
"2026-08-13","RPALH549","X002IAVRWN","B0GL8GJ9VR","MNFPSJB Set of 2 Jar & Bottle Openers, Non-Slip Ergonomic Grip Can Openers, Durable ABS Lid Openers for Weak Hands, Fits Various Jar Lids & Bottle Caps","New","10","0","0","0","10","0","0","0","0","GBP","","","","","Low traffic","4.69","0.0","4.69","0.0","Advertise listing","0","0.0","0","0","23.79","0.0","0.003531","cubic feet","Standard","0.03531","UK","gl_kitchen","","","10","","","4.69","","","","","0","0","0","0","0","0.02","0","0","0","0","0","0","","","","","","","","","","","","","","0","","","","","2026-08-10","10","0","0","0","","N","","",""
"2026-08-13","RPALH519","X002IFR3RL","B0GMHMVRZK","5PCS Anti-Lost Silicone Rubber Rings 20mm Diameter Black Non-Lost O Rings Multipurpose Necklace Lanyard Replacement Pendant Carrying Kit for Pens Device Keychains Office Supplies","New","23","15","0","38","0","0","0","0","0","GBP","4","9","13","18","Low traffic","5.09","0.0","5.09","0.0","Create Outlet deal","0","0.0","0","0","170.38","0.84","0.003531","cubic feet","Standard","0.081213","UK","gl_office_product","","174","0","10","17","5.09","16.96","38.16","55.2","77.65","19","19","0","0","0","0.09","1","0","0","1","0","0","","","","","","","","","","","","","126.3","0","","2026-08-09","126.3","89.0","2026-08-10","39","0","0","0","174","N","","",""
"2026-08-13","ZQLH240964","X0024FNM2Z","B0DGBPRJHV","3 Pcs Contour Brushes Set, Concealer Brush for Under Eyes,Nose Contour Brush, Blending Brush for Blending Setting Buffing with Liquid, Cream and Powder Cosmetic，Powder Brush","New","27","0","0","28","0","0","0","0","0","GBP","1","2","4","8","Low traffic","4.69","0.0","4.69","0.0","NoRestockExcessActionRequired","27","0.0","0","0","0.0","0.36","0.005403","cubic feet","Standard","0.145881","UK","gl_beauty","218331","166","0","54","43","4.69","3.91","7.82","15.96","31.76","1","15","12","0","0","0.1","0","0","0","0","0","0","","","","","","","","","","","","","826.0","0","","2026-08-09","826.0","182.0","2026-08-10","27","0","0","0","166","N","","",""
"2026-08-13","ZQLH251269","X002HBLCMD","B0GD6MQBM6","MNFPSJB Angled Concealer Brush, Under Eye Precision Makeup Brush, Vegan Synthetic Bristles for Liquid Cream Powder Concealer Foundation Blending","New","32","0","0","21","11","0","0","0","0","GBP","0","1","2","6","Low traffic","3.69","0.0","3.69","0.0","Create Outlet deal","0","2.95","2","0","119.71","0.31","0.003531","cubic feet","Standard","0.112992","UK","gl_beauty","240939","366","32","128","69","3.69","0.0","3.07","6.14","18.42","21","0","0","0","0","0.08","0","0","0","0","0","0","","","","","","","","","","","","","783.0","0","","2026-08-09","783.0","289.7","2026-08-10","32","0","0","0","366","N","","",""
"2026-08-13","RPALH021","X002AMRVRJ","B0F6XQRNT2","6PCS Silicone Seam Tools, Reusable Caulk Finishing Tool Kit, Silicone Caulking Tool Caulk Applicator Finishing Tool Silicone Remover Tool for Kitchen Bathroom Joint Floor","New","52","0","0","54","0","0","0","0","0","GBP","1","10","17","39","Low traffic","5.09","0.0","5.09","0.0","Create Outlet deal","14","4.07","2","0","70.92","1.79","0.003531","cubic feet","","0.183612","UK","gl_home_improvement","234719","232","0","20","17","5.09","4.24","42.4","72.16","162.25","45","9","0","0","0","0.12","0","0","0","0","2","0","","","","","","","","","","","","","124.7","0","","2026-08-09","124.7","57.8","2026-08-10","52","2","0","0","242","N","","",""
"2026-08-13","ZQLH24110408","X00261ADKB","B0DLW886KQ","Egg Yolk Separator - Egg Separator, Egg White Separator - Easy Egg Divider Tool for Baking and Cooking -Egg Separator Egg Yolk White Divider - Efficient Egg Separator Tool","New","58","0","0","61","0","0","0","0","0","GBP","1","8","13","22","Low traffic","4.39","0.0","4.39","0.0","NoExcessInventory","58","0.0","0","0","0.0","0.51","0.018259","cubic feet","Standard","1.059022","UK","gl_kitchen","486007","231","0","29","34","4.39","3.66","29.28","47.58","80.52","0","40","21","0","0","0.68","0","0","0","0","0","0","","","","","","","","","","","","","217.1","0","","2026-08-09","217.1","165.5","2026-08-10","58","0","0","0","231","N","","",""
"2026-08-13","RPALH356","X002AMYUKZ","B0F6XBXD37","GPU Support, GPU Brace Support, Graphics Card GPU Brace Support, Video Card Anti Sag Holder, Stand Holder Graphics Card Support, Prevent Graphics Card Sagging And Damage To Your Pc","New","24","0","0","24","0","0","0","0","0","GBP","0","2","2","5","Low traffic","4.19","0.0","4.19","0.0","Create Outlet deal","0","3.35","52","0","81.57","0.31","0.003531","cubic feet","","0.084744","UK","gl_pc","103896","274","0","48","62","4.19","0.0","6.98","6.98","17.11","0","15","9","0","0","0.06","0","0","0","0","0","0","","","","","","","","","","","","","366.0","0","","2026-08-09","366.0","272.0","2026-08-10","24","0","0","0","274","N","","",""
"2026-08-13","RPLH260336","X002JMO71D","B0GTVJ1BRL","MNFPSJB Cycling Skull Cap Helmet Liner, Cooling Mesh Cycling Caps Under Helmet, Sweat Running Hat Beanie for Men Women Black","New","28","0","0","0","30","0","0","0","0","GBP","","","","","Low traffic","6.59","0.0","6.79","0.0","Advertise listing","0","0.0","0","0","64.74","0.0","0.003531","cubic feet","Apparel","0.098868","UK","gl_apparel","","","28","","","7.19","","","","","0","0","0","0","0","0.06","0","0","0","0","2","0","","","","","","","","","","","","","","0","","","","","2026-08-10","28","2","0","0","","N","","",""
"2026-08-13","RPALH337","X002AMZCA7","B0F6X1ZWNW","MNFPSJB 10 Pcs 0.7mm Back Probe Pins, Non-Destructive Wire Piercing Test Probes, Stainless Steel Multimeter Probes with 4mm Banana Socket for Car Repair Electrical Testing","New","15","0","0","0","16","0","0","0","0","GBP","0","6","16","16","Low traffic","4.49","0.0","4.49","0.0","Create Outlet deal","0","3.59","2","0","62.13","0.63","0.003531","cubic feet","","0.052965","UK","gl_biss","250401","273","45","30","36","4.49","0.0","22.44","59.84","59.84","0","0","0","0","0","0.04","30","0","30","0","1","0","","","","","","","","","","","","","150.3","0","","2026-08-09","81.3","150.3","2026-08-10","45","0","1","0","280","N","","",""
"2026-08-13","RPALH444","X002AMRXBD","B0F6XRQLV8","Happy Birthday Confetti 30g for Table Star Glitter Confetti Birthday Decorations Black Gold Table Sprinkles Sequins for Party","New","40","0","0","40","0","0","0","0","0","GBP","0","4","10","21","Low traffic","4.89","0.0","5.09","0.0","Create Outlet deal","3","3.83","2","0","3.74","1.38","0.003531","cubic feet","","0.14124","UK","gl_toy","608936","325","0","40","24","5.09","0.0","16.96","34.05","64.19","40","0","0","0","0","0.09","0","0","0","0","0","0","","","","","","","","","","","","","73.4","0","","2026-08-09","73.4","29.9","2026-08-10","40","0","0","0","325","N","","",""
"2026-08-13","RPLH260373","X002JRN78R","B0GVDN6K4Y","Nose Pads Soft Foam Adhesive Anti-Slip Silicone Eyeglass Nose Pads Stick On for Glasses Eyeglasses Sunglasses 12 Pairs, 1.5mm,Skin Color","New","64","0","0","68","0","0","0","0","0","GBP","0","4","17","38","Low traffic","4.89","0.0","5.09","0.0","NoRestockExcessActionRequired","0","0.0","0","0","254.59","0.97","0.003531","cubic feet","Standard","0.225984","UK","gl_drugstore","157212","279","0","84","28","5.09","0.0","18.28","77.78","173.43","0","68","0","0","0","0.15","20","0","20","0","2","1","","","","","","","","","","","","","338.8","0","","2026-08-09","338.8","76.5","2026-08-10","84","2","0","0","286","N","","",""
"2026-08-13","RPALH491","X002AMRPMF","B0F6X3593V","2pc Parcel shelf string clip holders fits Golf Audi A3 S3 MK2 8P 8V Q5 SQ5 8R MK1","New","9","0","0","9","0","0","0","0","0","GBP","5","16","26","32","Low traffic","4.99","0.0","4.99","4.49","NoExcessInventory","9","0.0","0","0","0.0","2.29","0.003531","cubic feet","","0.031779","UK","gl_biss","19409","91","0","7","11","4.99","20.8","66.56","108.16","133.12","4","5","0","0","0","0.01","20","0","20","0","0","0","","","","","","","","","","","","","43.5","0","","2026-08-09","36.2","43.5","2026-08-10","29","0","0","0","91","N","","",""
"2026-08-13","RPALH272","X002AMRT35","B0F6WVGLTW","Hexagon Cookie Cutter Set,3 PCS Stainless Steel Football Cookie Cutters,Football Cake Cutters,Hexagon Cutters for Football Cake Decorations,Fondant Cutter for Baking,Party Supplies and Crafts","New","50","0","0","47","5","0","0","0","0","GBP","0","1","10","22","Low traffic","5.89","0.0","5.89","0.0","NoExcessInventory","50","0.0","0","0","0.0","0.66","0.016815","cubic feet","","0.84075","UK","gl_kitchen","717554","267","0","200","29","5.89","0.0","4.91","49.26","106.48","15","31","1","0","0","0.54","0","0","0","0","2","0","","","","","","","","","","","","","1358.0","0","","2026-08-09","1358.0","105.5","2026-08-10","50","2","0","0","277","N","","",""
"2026-08-13","RPALH581","X002I8T7EZ","B0GL1NJNNX","MNFPSJB Stainless Steel Egg Separator, Egg White Yolk Divider Strainer Spoon, Professional Kitchen Baking Tool for Cakes Meringues Mayonnaise","New","17","0","0","10","8","0","0","0","0","GBP","0","0","0","2","Low traffic","5.19","0.0","5.19","0.0","Advertise listing","0","0.0","0","0","38.64","0.15","0.003531","cubic feet","Standard","0.060027","UK","gl_kitchen","2757401","366","17","","110","5.19","0.0","0.0","0.0","9.14","0","10","0","0","0","0.04","0","0","0","0","0","0","","","","","","","","","","","","","","0","","","","560.5","2026-08-10","17","0","0","0","366","N","","",""
"2026-08-13","RPALH571","X002I94S5H","B0GL2LS2L3","20 Pairs Corded Ear Plugs， Reusable Silicone Earplugs Sleep Noise Cancelling, for Noise Cancelling and Hearing Protection (Orange)","New","54","0","0","56","0","0","0","0","0","GBP","5","13","27","42","Low traffic","4.79","0.0","4.79","0.0","NoRestockExcessActionRequired","","","0","0","","1.67","0.003531","cubic feet","Standard","0.190674","UK","gl_drugstore","48979","107","0","16","16","4.79","19.95","51.87","107.73","170.13","29","27","0","0","0","","0","0","0","0","2","0","","","","","","","","","","","","","154.2","0","","2026-08-09","154.2","68.0","2026-08-10","54","2","0","0","111","N","","",""
"2026-08-13","RPALH260309","X002JKZP9N","B0GTPZ81P3","6 Pack Fire Exit Keep Clear Signs 300mm x 100mm, Self-Adhesive Vinyl Safety Stickers for Doors & Walls, Waterproof UV Resistant, Indoor Outdoor Use，fire exit signs self adhesive","New","30","0","0","0","31","0","0","0","0","GBP","","","","","Low traffic","5.59","0.0","5.79","0.0","Advertise listing","0","0.0","0","0","80.38","0.0","0.012495","cubic feet","Standard","0.37485","UK","gl_office_product","","","30","","","","","","","","0","0","0","0","0","0.26","0","0","0","0","1","0","","","","","","","","","","","","","","0","","","","","2026-08-10","30","1","0","0","","N","","",""
"2026-08-13","RPALH077","X002ANBDUT","B0F6YL8KWL","A black USB to serial cable, converter COM port(0.8m)","New","12","0","0","3","9","0","0","0","0","GBP","0","0","0","1","Low traffic","5.19","0.0","5.19","4.41","CreateShippingPlan","0","0.0","0","0","54.98","0.09","0.003531","cubic feet","","0.042372","UK","gl_electronics","84735","366","12","","156","5.39","0.0","0.0","0.0","4.91","1","1","1","0","0","0.03","0","0","0","0","0","0","","","","","","","","","","","","","","0","","","","960.0","2026-08-10","12","0","0","0","366","N","","",""
"2026-08-13","RPLH260320","X002JMNNRH","B0GTV4B6YT","A-Z Personalized Makeup Bag,Birthday Gifts for Women Mom,Gifts for Best Friend,Bride Bridesmaid Cosmetic Bag(A)","New","30","0","0","0","30","0","0","0","0","GBP","","","","","Low traffic","5.49","0.0","5.69","0.0","Advertise listing","0","0.0","0","0","69.22","0.0","0.003531","cubic feet","Standard","0.10593","UK","gl_luggage","","","30","","","5.89","","","","","0","0","0","0","0","0.07","0","0","0","0","0","0","","","","","","","","","","","","","","0","","","","","2026-08-10","30","0","0","0","","N","","",""
"2026-08-13","ZQLH251229","X002H7V8RL","B0GCB5HTGK","20 Pcs Hair Grips, Mini Double Grip Hair Clips, Metal Snap Hair-Clips, Rust-Resistant and Durable, Accessories for Thin and Thick Hair Making, Salon Supplies, for Women and Girls, 4 Colors","New","21","0","0","21","0","0","0","0","0","GBP","1","7","27","38","Low traffic","5.09","0.0","5.09","0.0","NoExcessInventory","21","0.0","0","0","0.0","2.4","0.003531","cubic feet","Standard","0.074151","UK","gl_beauty","82587","366","0","69","41","5.09","4.24","29.76","113.28","158.9","2","19","0","0","0","0.05","100","0","100","0","0","0","","","","","","","","","","","","","54.5","0","","2026-08-09","54.5","32.5","2026-08-10","121","0","0","0","366","N","","",""
"2026-08-13","RPALH437","X002AMZCAH","B0F6XMKRYW","10 Pcs Rattle Balls Inserts Rattle Box Repair Noise Maker Noise Maker Insert Rattle for Animal Puppet Pet Toy Rattles and Plush Rings","New","31","0","0","31","3","0","0","0","0","GBP","3","15","25","34","Low traffic","5.99","0.0","5.99","0.0","NoExcessInventory","31","0.0","0","0","0.0","1.09","0.003531","cubic feet","","0.109461","UK","gl_baby_product","140674","149","0","16","23","5.99","14.97","74.85","124.75","169.66","30","1","0","0","0","0.07","30","0","30","0","2","0","","","","","","","","","","","","","84.5","0","","2026-08-09","57.8","84.5","2026-08-10","61","1","1","0","154","N","","",""
"2026-08-13","RPALH487","X002AMOX07","B0F6X7B9LR","2pc Cover Cap Set For Nut and Bolt on Window Wiper Arm - Fits VW, Skoda, Seat (Part: 5N0955205 9B9)","New","13","0","0","16","0","0","0","0","0","GBP","14","33","47","70","","5.09","0.0","4.89","0.0","NoExcessInventory","13","0.0","0","0","0.0","2.85","0.003531","cubic feet","","0.045903","UK","gl_automotive","10733","82","0","8","13","4.89","56.98","134.31","191.29","281.7","1","15","0","0","0","0.01","60","0","60","0","0","0","","","","","","","","","","","","","51.7","17","2026-08-21","2026-08-09","51.7","37.2","2026-08-10","73","0","0","0","82","N","","",""
"2026-08-13","RPLH260318","X002JMSNOF","B0GTTTB9Y6","MNFPSJB Unisex Retro Round Glasses, Vintage Gold Metal Frame Clear Lens Eyeglasses, Lightweight Fashion Eyewear for Daily Wear Cosplay Parties","New","39","0","0","40","11","0","0","0","0","GBP","1","11","14","18","Low traffic","4.39","0.0","4.39","0.0","Create Outlet deal","0","3.51","2","0","152.51","0.57","0.003599","cubic feet","Footwear","0.140361","UK","gl_shoes","152003","241","39","14","28","4.39","3.66","40.26","51.57","67.7","40","0","0","0","0","0.08","0","0","0","0","12","1","","","","","","","","","","","","","166.7","0","","2026-08-09","127.4","166.7","2026-08-10","39","12","0","0","320","N","","",""
"2026-08-13","ZQLH2409113","X0024XI8UD","B0DHFRQPXG","MNFPSJB 5 Pack U Shaped Hair Pins for Buns, Large Bobby Pins for Thick Hair Extra Hold, Retro Acrylic French Twist Hair Styling Tools for Adult Women","","0","0","0","1","0","0","0","0","0","GBP","0","1","2","4","","0.0","0.0","0.0","0.0","CreateShippingPlan","","","0","0","","0.34","0.006622","cubic feet","Standard","0.0","UK","gl_beauty","","0","0","0","0","4.19","0.0","3.49","6.98","13.96","0","0","1","0","0","","0","0","0","0","0","0","","","","","","","","","","","","","421.7","0","","2026-08-09","133.5","421.7","2026-08-10","0","0","0","0","0","N","","",""
"2026-08-13","RPLH260389","X002JRNGP1","B0GVDBMB1V","MNFPSJB Luxe Fabric Scrunchies, No Damage Hair Ties for Sleeping, Ultra-Gentle on All Hair Types, 12 Pack","New","15","0","0","0","29","0","0","0","0","GBP","0","0","1","1","Low traffic","5.09","0.0","5.29","0.0","Advertise listing","0","0.0","0","0","34.88","0.03","0.003531","cubic feet","Standard","0.052965","UK","gl_beauty","427503","366","15","","195","5.89","0.0","0.0","4.91","4.91","0","0","0","0","0","0.04","0","0","0","0","14","0","","","","","","","","","","","","","2672.0","0","","2026-08-09","872.0","2672.0","2026-08-10","15","14","0","0","366","N","","",""
"2026-08-13","RPALH189","X002AMRVND","B0F6XWWR55","6PCS 20g Stainless Steel Nose Stud clear jewel cubic zirconia nose studs Tragus Earring Bars Set Unisex Women Men 1.8mm Clear Diamond","","0","0","0","0","2","0","0","0","0","GBP","0","0","3","5","","0.0","0.0","0.0","0.0","CreateShippingPlan","","","0","0","","1.11","0.003531","cubic feet","","0.0","UK","gl_jewelry","","0","0","","0","4.19","0.0","0.0","10.47","17.79","0","0","0","0","0","","0","0","0","0","0","0","","","","","","","","","","","","","","6","2026-07-07","","","58.0","2026-08-10","0","0","0","0","0","N","","",""
"2026-08-13","ZQLH2409133","X00255M9FZ","B0DJ29NYBZ","Lint Shavers - Rug Hair Scraper, Stair Carpet Brush, Pet Hair Remover Tool, Stair Comb - Perfect for Removing Pet Hair from Carpets and Rugs","New","14","0","0","17","0","0","0","0","0","GBP","5","26","46","71","Low traffic","6.29","0.0","6.29","0.0","NoExcessInventory","14","0.0","0","0","0.0","3.04","0.006657","cubic feet","Standard","0.093198","UK","gl_home","211032","144","0","17","20","6.29","26.2","136.24","241.04","372.04","0","17","0","0","0","0.04","100","0","100","0","2","0","","","","","","","","","","","","","41.5","0","","2026-08-09","41.5","33.6","2026-08-10","114","2","0","0","146","N","","",""
"2026-08-13","RPALH164","X002AMZC7P","B0F6XQKXTQ","6Pack Blind Pull Cord Ends Window Wood Safety Knobs Repair Replacement Parts Wooden Hanging Ball Small Pendants Drops Connectors Accessories for Bathroom Blinds Light and Shades Decoration,White","New","16","0","0","15","2","0","0","0","0","GBP","2","6","9","16","Low traffic","5.19","0.0","5.19","0.0","NoExcessInventory","16","0.0","0","0","0.0","0.86","0.006198","cubic feet","","0.099168","UK","gl_home","520278","85","0","10","13","5.19","8.64","25.92","39.56","72.5","0","15","0","0","0","0.06","0","0","0","0","0","0","","","","","","","","","","","","","98.5","4","2026-08-21","2026-08-09","98.5","89.7","2026-08-10","16","0","0","0","85","N","","",""
"2026-08-13","RPALH516","X002I97XR7","B0GL2LWRVT","MNFPSJB 3 Pairs (6 Pcs) Black Plastic Wheelie Bin Lid Hinge Pins, Replacement Tilting Mechanism Parts for 240L Outdoor Household & Commercial Waste Bins","New","10","0","0","0","10","0","0","0","0","GBP","","","","","Low traffic","6.69","0.0","6.69","0.0","Advertise listing","0","0.0","0","0","61.61","0.0","0.035315","cubic feet","Standard","0.35315","UK","gl_home_improvement","","","10","","","6.69","","","","","0","0","0","0","0","0.25","0","0","0","0","0","0","","","","","","","","","","","","","","0","","","","","2026-08-10","10","0","0","0","","N","","",""
"2026-08-13","RPALH260","X002ANOGRL","B0F72TFG29","In My Auntie Era Keychain, Auntie Key Chain Gift Ideas from Niece Nephew Best Aunt Keyring Birthday Gifts for Aunt","New","36","0","0","35","1","0","0","0","0","GBP","0","3","15","21","Low traffic","3.49","0.0","3.49","0.0","NoExcessInventory","36","0.0","0","0","0.0","0.84","0.003531","cubic feet","","0.127116","UK","gl_apparel","437320","180","0","50","23","3.49","0.0","8.73","43.14","59.07","20","15","0","0","0","0.07","2","0","0","2","0","0","","","","","","","","","","","","","153.2","0","","2026-08-09","153.2","87.6","2026-08-10","38","0","0","0","180","N","","",""
"2026-08-13","RPALH381","X002AMOX6V","B0F6X6X7NL","Stylish Minimalist Business Card Holder of Natural Beech Wood","New","86","0","0","87","0","0","0","0","0","GBP","1","7","8","33","Low traffic","6.09","0.0","6.09","0.0","NoExcessInventory","86","0.0","0","0","0.0","0.68","0.003531","cubic feet","","0.303666","UK","gl_home_improvement","112078","218","0","49","33","6.09","5.07","35.49","40.56","167.31","0","87","0","0","0","0.2","0","0","0","0","1","0","","","","","","","","","","","","","381.6","0","","2026-08-09","381.6","102.4","2026-08-10","86","1","0","0","222","N","","",""
"2026-08-13","ZQLH251208","X002H6P9GN","B0GC668BPP","50pcs Hairdressing Double Prong Curl Clips, 1.8in Curl Setting Section Hair Clips Metal Alligator Clips Hairpins for Hair Bow Great Pin Curl Clip Styling Clips for Salon Barber","New","25","0","0","25","0","0","0","0","0","GBP","4","6","13","17","Low traffic","6.39","0.0","6.39","0.0","NoRestockExcessActionRequired","25","0.0","0","0","0.68","1.01","0.003531","cubic feet","Standard","0.088275","UK","gl_beauty","78581","126","0","16","19","6.39","21.28","31.92","69.52","91.16","20","0","5","0","0","0.06","0","0","0","0","0","0","","","","","","","","","","","","","163.5","0","","2026-08-09","163.5","121.9","2026-08-10","25","0","0","0","126","N","","",""
"2026-08-13","ZQLH251268","X002HBQSSB","B0GD6SBWJZ","MNFPSJB Dog Pill Shooter 2 Pieces Pet Piller Pill Dispenser for Large Dogs Handy Pill Gun for Medium to Large Breed Up to 45 Pounds (White Pill Popper 2 Pcs)","New","42","0","0","30","12","0","0","0","0","GBP","0","2","8","11","Low traffic","6.29","0.0","6.49","0.0","NoExcessInventory","42","0.0","0","0","0.0","0.44","0.003531","cubic feet","Standard","0.148302","UK","gl_pet_products","126125","205","0","84","49","6.49","0.0","11.14","47.5","65.68","30","0","0","0","0","0.1","0","0","0","0","0","0","","","","","","","","","","","","","352.0","0","","2026-08-09","352.0","131.6","2026-08-10","42","0","0","0","205","N","","",""
"2026-08-13","RPALH106","X002AO1KPL","B0F741FX8G","6PCS Waterproof USB-C Panel Mount Kit - Type C Female 2-Pin Soldering Connector with Pigtail Cable (3A Charging, Black)","New","29","0","0","29","0","0","0","0","0","GBP","1","6","13","25","Low traffic","4.39","0.0","4.39","0.0","NoExcessInventory","29","0.0","0","0","0.25","1.27","0.003531","cubic feet","Standard","0.102399","UK","gl_biss","59336","137","0","19","15","4.39","3.66","21.96","47.58","88.98","0","29","0","0","0","0.07","0","0","0","0","0","0","","","","","","","","","","","","","138.3","0","","2026-08-09","138.3","70.1","2026-08-10","29","0","0","0","137","N","","",""
"2026-08-13","RPALH329","X002ANH3XF","B0F6YJB1Q5","6Pcs Elegant Triangle Shirt Collar Pin Fashionable Hollow Pattern Shirt Collar Pins Simple Nobe Brooches Accessories Palace for Men Women Shirt Suit","New","14","0","0","15","0","0","0","0","0","GBP","2","7","15","29","Low traffic","4.99","0.0","4.99","0.0","NoExcessInventory","14","0.0","0","0","0.0","1.71","0.016062","cubic feet","Standard","0.224868","UK","gl_office_product","190196","159","0","25","19","4.99","8.32","28.44","60.36","118.39","15","0","0","0","0","0.11","30","0","30","0","0","0","","","","","","","","","","","","","56.2","0","","2026-08-09","56.2","44.5","2026-08-10","44","0","0","0","159","N","","",""
"2026-08-13","ZQLH251221","X002H7YOL3","B0GCB44VDJ","MNFPSJB 30 Pack 3cm Mini Snap Hair Clips, Metal Non-Slip Hair Barrettes, Macaron Candy Colour Small Hairpins with Storage Box for Fine Hair Women & Teenage Girls","New","26","0","0","26","0","0","0","0","0","GBP","1","6","11","21","Low traffic","5.99","0.0","5.99","0.0","Create Outlet deal","3","4.79","2","0","65.18","1.66","0.003531","cubic feet","Standard","0.091806","UK","gl_beauty","176429","105","0","17","16","5.99","4.99","29.94","54.89","104.07","20","6","0","0","0","0.06","0","0","0","0","0","0","","","","","","","","","","","","","136.0","0","","2026-08-09","136.0","57.4","2026-08-10","26","0","0","0","105","N","","",""
"2026-08-13","RPALH126","X002ANOG67","B0F72VFYXR","2pc Black Momentary Push Button Switches – 12v 5A for Screen Wash/Horn for Kit & Classic Cars","New","19","0","0","19","0","0","0","0","0","GBP","0","1","11","21","Low traffic","4.29","0.0","4.29","0.0","NoExcessInventory","19","0.0","0","0","0.5","1.69","0.003531","cubic feet","","0.067089","UK","gl_biss","131133","355","0","196","30","4.29","0.0","3.57","38.47","72.9","0","19","0","0","0","0.04","30","0","30","0","0","0","","","","","","","","","","","","","596.0","0","","2026-08-09","596.0","39.5","2026-08-10","49","0","0","0","355","N","","",""
"2026-08-13","RPALH509","X002I8ZZOV","B0GL26VXDJ","Seasoning Bottle, Stainless Steel Spice Jar with Rotating Lids, BBQ Shaker Storage Containers, Spice Bottles for Kitchen, Cooking, Salt, Black Pepper, Seasonings","New","19","0","0","20","0","0","0","0","0","GBP","1","7","10","16","Low traffic","7.19","0.0","7.19","0.0","NoExcessInventory","17","0.0","0","0","0.0","0.81","0.003531","cubic feet","Standard","0.067089","UK","gl_kitchen","300295","71","0","10","15","7.19","5.99","42.27","61.07","98.99","1","19","0","0","0","0.04","0","0","0","0","0","0","","","","","","","","","","","","","121.0","13","2026-08-21","2026-08-09","121.0","96.7","2026-08-10","19","0","0","0","71","N","","",""
"2026-08-13","RPLH260393","X002JRKFTV","B0GVDP43WJ","2-Pack Buckle Chin Clips Durable Closure Straps for Bike, MTB & Motorcycle Helmets Replacement Accessories","New","55","0","0","61","0","0","0","0","0","GBP","2","16","25","28","Low traffic","5.19","0.0","5.19","0.0","Create Outlet deal","0","4.15","2","0","118.12","0.81","0.00267","cubic feet","Standard","0.14685","UK","gl_sports","46121","240","0","13","25","5.19","8.64","69.12","108.0","120.96","60","1","0","0","0","0.14","0","0","0","0","6","0","","","","","","","","","","","","","83.7","0","","2026-08-09","38.0","83.7","2026-08-10","55","6","0","0","272","N","","",""
"2026-08-13","RPALH260311","X002JL6IFR","B0GTQ6QKG5","PU Leather Mini Squeeze Coin Purse Small KeychainWallet Earbud Case Cable Organizer Pouch SmallCash Holder Change Pouch for Men Women Size 3.15X3.15 in-Black","New","53","0","0","56","0","0","0","0","0","GBP","2","8","15","30","Low traffic","5.29","0.0","5.29","0.0","Create Outlet deal","0","4.67","2","0","113.11","0.79","0.003531","cubic feet","Standard","0.187143","UK","gl_luggage","418832","179","0","26","22","5.29","8.82","35.28","67.11","138.21","0","56","0","0","0","0.13","0","0","0","0","1","0","","","","","","","","","","","","","223.4","0","","2026-08-09","223.4","92.3","2026-08-10","53","1","0","0","182","N","","",""
"2026-08-13","RPALH438","X002AO68G7","B0F74GSPXF","5 Pcs Cat Knot Remover, Dog Comb Pet Grooming Dematting Brush for Tangled Hair Removal, Shedding Tool Puppy Kitten","New","55","1","0","59","0","0","0","0","0","GBP","5","17","33","50","Low traffic","4.69","0.0","4.69","0.0","NoExcessInventory","57","0.0","0","0","0.0","2.34","0.003531","cubic feet","Standard","0.194205","UK","gl_beauty","31075","107","0","12","14","4.69","19.55","66.47","124.82","181.26","59","0","0","0","0","0.13","0","0","0","0","2","0","","","","","","","","","","","","","51.9","0","","2026-08-09","51.9","23.9","2026-08-10","56","2","0","0","111","N","","",""
"2026-08-13","amzn.gr.RPALH083-tNfGJuAmr32cRmYvKT67-GD","X002KB0HS5","B0F6XGN2HC","Anne Boleyn Ugly Betty Letter Pearl Necklace，A Niche Design With A Light And Luxurious French Fashion Necklace，Elegant And Minimalist Vintage Silver Necklace","Used","1","0","0","0","1","0","0","0","0","GBP","","","","","Low traffic","3.99","0.0","4.99","3.74","Advertise listing","1","0.0","0","0","0.0","0.61","0.003531","cubic feet","Apparel","0.003531","UK","gl_jewelry","218592","2","0","","","4.99","","","","","0","0","0","0","0","0.0","0","0","0","0","0","0","","","","","","","","","","","","","","37","2026-08-12","","","","2026-08-10","1","0","0","0","2","N","","",""
"2026-08-13","RPLH260363","X002JPRF5F","B0GV47NJ5F","Car Exhaust Manifold Gasket 54mm,Exhaust Flange Seal Donut Ring Muffler,Universal Muffler SealerDonut,Graphite Donut Gasket to Prevent Leak Noise for Car,SUV,Truck,RV","New","27","0","0","27","0","0","0","0","0","GBP","1","12","23","34","","8.09","0.0","8.09","6.87","Create Outlet deal","0","6.47","2","0","63.41","1.17","0.003531","cubic feet","Standard","0.095337","UK","gl_automotive","81201","168","0","19","21","8.09","6.74","80.88","155.02","229.16","0","27","0","0","0","0.07","30","0","30","0","0","0","","","","","","","","","","","","","65.3","0","","2026-08-09","65.3","64.7","2026-08-10","57","0","0","0","168","N","","",""
"2026-08-13","RPALH572","X002I94WFX","B0GL2M9W45","4pcs Mini Gold Spoon, Mini Shovel, Pendants, Necklace Vials - Metal, Home Supplies, DIY Necklace, Key Chain","New","14","0","0","14","0","0","0","0","0","GBP","0","1","6","9","Low traffic","4.49","0.0","4.49","0.0","Create Outlet deal","0","3.75","2","0","60.66","0.86","0.003531","cubic feet","Standard","0.049434","UK","gl_kitchen","1370898","366","0","132","47","4.49","0.0","3.91","23.46","35.19","0","14","0","0","0","0.03","19","0","19","0","0","0","","","","","","","","","","","","","436.0","0","","2026-08-09","436.0","90.0","2026-08-10","33","0","0","0","366","N","","",""
"2026-08-13","RPLH260370","X002JP2FPF","B0GV3QBW13","MNFPSJB 4 Pack Black Fine Mist Spray Nozzle Tops, Reusable Replacement Spray Pump Heads for 18 Caliber Bottles, Leak-Proof Sprayers for Essential Oils, Perfumes, Room Fresheners & Cleaning Solutions","New","53","0","0","56","0","0","0","0","0","GBP","1","9","18","28","Low traffic","5.99","0.0","5.99","0.0","Create Outlet deal","0","4.95","2","0","111.44","0.89","0.003531","cubic feet","Standard","0.187143","UK","gl_home","355245","140","0","23","24","5.99","4.99","45.42","91.86","143.46","32","22","2","0","0","0.13","0","0","0","0","2","0","","","","","","","","","","","","","118.8","0","","2026-08-09","118.8","88.6","2026-08-10","53","2","0","0","147","N","","",""
"2026-08-13","RPALH005","X002A9G4T3","B0F59ST7PJ","10PCS for Blades - Premium Fine Point for Maker 3 Blades, Compatible for Blade, Explore Air/Air 2-45°/60° Cutting Replacement Blades for Precision Cutting","","0","0","0","1","0","1","0","0","0","GBP","0","2","14","22","","0.0","0.0","0.0","0.0","CreateShippingPlan","","","0","0","","0.85","0.003531","cubic feet","Standard","0.0","UK","gl_kitchen","","0","0","0","0","3.89","0.0","6.48","45.36","71.28","1","0","0","1","0","","0","0","0","0","0","0","1","0.0","0","0.0","0","0.0","0","0.0","0","0.0","0","0.0","105.1","11","2026-08-01","2026-08-09","99.7","105.1","2026-08-10","0","0","0","0","0","N","","",""
"2026-08-13","ZQLH251205","X002H6TMRZ","B0GC5FGFQV","MNFPSJB 2 Pieces Handheld Facial Hair Removal Threading Epilator, Spring Facial Hair Threader Remover Tool, Manual Face Hair Remover Beauty Tools for Women, Blue & Purple","New","29","0","0","30","0","0","0","0","0","GBP","4","14","21","34","Low traffic","5.39","0.0","5.39","0.0","Create Outlet deal","1","4.31","2","0","77.19","2.16","0.003531","cubic feet","Standard","0.102399","UK","gl_personal_care_appliances","57517","57","0","8","11","5.39","17.96","62.86","94.45","152.26","30","0","0","0","0","0.07","0","0","0","0","1","0","","","","","","","","","","","","","78.1","22","2026-08-21","2026-08-09","78.1","43.5","2026-08-10","29","1","0","0","59","N","","",""
"2026-08-13","RPALH339","X002AN4JGT","B0F6Y8NN45","2 PCS L7T Spark Plug Universal 2 Stoke Engine Nickel Alloy for Strimmer Chainsaw Lawnmower Hedge Trimmer Cutter Accessories","New","48","0","0","50","0","0","0","0","0","GBP","7","10","30","44","Low traffic","5.89","0.0","5.89","0.0","NoExcessInventory","48","0.0","0","0","0.0","1.83","0.003531","cubic feet","","0.169488","UK","gl_automotive","61458","205","0","19","14","5.89","34.37","49.1","147.41","213.77","50","0","0","0","0","0.1","0","0","0","0","0","0","","","","","","","","","","","","","140.1","0","","2026-08-09","140.1","53.8","2026-08-10","48","0","0","0","205","N","","",""
"2026-08-13","RPALH446","X002AMYUT1","B0F6XC916D","3Pcs Exquisite Ornaments Retro Benches Miniature Fairy Garden Bonsai Ornaments Dollhouse Decoration Durable and Useful Decorative Objects Accessories","New","25","0","0","25","0","0","0","0","0","GBP","0","3","7","9","Low traffic","4.09","0.0","4.09","0.0","NoExcessInventory","24","0.0","0","0","0.0","0.61","0.003531","cubic feet","","0.088275","UK","gl_toy","188934","111","0","33","36","4.09","0.0","10.23","23.87","30.69","0","25","0","0","0","0.05","0","0","0","0","0","0","","","","","","","","","","","","","140.6","0","","2026-08-09","135.7","140.6","2026-08-10","25","0","0","0","111","N","","",""
"2026-08-13","RPALH207","X002AO9YU9","B0F74LYNYV","2Pcs TV PAL Male to Female Adapter TV Aerial Coaxial Adaptor Right Angle RF Coax Connector 90 Degree Cable Connector Aerial Splitter for Wall Mounted TVs Satellite And Antenna Cables Copper","New","33","0","0","33","0","0","0","0","0","GBP","5","8","12","17","Low traffic","3.99","0.0","3.99","0.0","NoExcessInventory","33","0.0","0","0","0.05","0.54","0.003531","cubic feet","Standard","0.116523","UK","gl_biss","16297","163","0","16","25","3.99","16.6","26.56","39.93","56.98","0","20","13","0","0","0.08","0","0","0","0","0","0","","","","","","","","","","","","","201.2","0","","2026-08-09","201.2","166.3","2026-08-10","33","0","0","0","163","N","","",""
"2026-08-13","RPALH416","X002AMOX6L","B0F6XMJGJY","2Pcs Book Clip for Reading,Transparent Book Clip,Book Page Holder,Page Holders for Reading,Paper Clip Book Markers,Transparent Music Page Holder,Bookmark Book Holder,Reading Accessories for Book Lover","New","75","0","0","76","0","0","0","0","0","GBP","8","23","38","55","Low traffic","4.99","0.0","4.99","0.0","NoExcessInventory","75","0.0","0","0","0.33","1.85","0.003531","cubic feet","","0.264825","UK","gl_office_product","42178","113","0","13","17","4.99","33.28","95.68","156.61","218.02","76","0","0","0","0","0.17","0","0","0","0","0","0","","","","","","","","","","","","","74.0","0","","2026-08-09","74.0","38.3","2026-08-10","75","0","0","0","113","N","","",""
"2026-08-13","RPALH040","X002ANOSUB","B0F74KB8ZX","72 Pcs Tap Washer Assortment - Mixer Tap Repair Kit for Leaking Faucets in Bathrooms, Kitchens & Offices","New","48","0","0","48","0","0","0","0","0","GBP","3","7","13","17","Low traffic","5.09","0.0","5.09","0.0","NoRestockExcessActionRequired","12","0.0","0","0","79.63","0.78","0.003531","cubic feet","Standard","0.169488","UK","gl_biss","66283","258","0","27","36","5.09","12.72","29.68","57.1","75.38","41","3","4","0","0","0.11","0","0","0","0","0","0","","","","","","","","","","","","","301.8","0","","2026-08-09","301.8","146.6","2026-08-10","48","0","0","0","258","N","","",""
"2026-08-13","RPALH283","X002AMYULJ","B0F6XJ2WHN","10 Pieces Hair Extension Loop Needle Threader Pulling Hook Tool and Bead Device Tool Micro Loop Nano Beads Device Hair Extension Threader for Hair or Feather Extensions","New","40","0","0","40","0","0","0","0","0","GBP","11","13","16","26","Low traffic","3.99","0.0","3.99","0.0","NoExcessInventory","40","0.0","0","0","0.1","1.05","0.007247","cubic feet","","0.28988","UK","gl_biss","54751","260","0","12","20","3.99","36.52","43.16","53.12","86.32","31","0","9","0","0","0.09","0","0","0","0","0","0","","","","","","","","","","","","","441.0","0","","2026-08-09","441.0","199.6","2026-08-10","40","0","0","0","260","N","","",""
"2026-08-13","RPALH210","X002AN3YSN","B0F6Y3S4C4","Fathers Day Gift for Dad Thoughtful Coffee Spoon 'Daddy's Coffee' Caring Birthday Gift Present for Dad","New","81","0","0","81","0","10","0","0","0","GBP","1","3","26","38","Low traffic","4.19","0.0","4.19","0.0","Create Outlet deal","24","3.17","2","0","81.96","0.76","0.001622","cubic feet","","0.131382","UK","gl_kitchen","530800","366","57","108","27","4.19","3.49","10.47","89.55","129.82","80","1","0","10","0","0.09","0","0","0","0","10","0","","","","","","","","","","","","","628.0","0","","2026-08-09","628.0","88.3","2026-08-10","81","10","0","0","366","N","","",""
"2026-08-13","RPALH452","X002AN45P9","B0F6XY291J","Tennis Racket Vibration Dampener, Soft Silicone Racquet Shock Absorber String Damping","New","36","0","0","38","0","0","0","0","0","GBP","1","11","22","31","Low traffic","4.49","0.0","4.49","0.0","Create Outlet deal","4","3.75","2","0","2.17","1.08","0.003531","cubic feet","","0.127116","UK","gl_sports","123856","366","0","27","31","4.49","3.74","42.84","84.15","116.28","1","37","0","0","0","0.08","40","0","40","0","2","0","","","","","","","","","","","","","94.2","0","","2026-08-09","94.2","68.7","2026-08-10","76","2","0","0","366","N","","",""
"2026-08-13","RPALH360","X002AMWPVB","B0F6W9BTS9","Heavy Duty Stainless Steel Mirror Rope 2m x 1.5mm for Frames and Photos - 2Pcs Holds Up to 20kg","New","22","1","0","24","0","0","0","0","0","GBP","0","3","11","11","Low traffic","4.19","0.0","4.19","0.0","Create Outlet deal","17","0.0","0","0","0.0","1.33","0.003531","cubic feet","","0.077682","UK","gl_biss","239470","179","0","29","26","4.19","0.0","10.47","36.4","36.4","20","4","0","0","0","0.04","0","0","0","0","0","0","","","","","","","","","","","","","119.7","0","","2026-08-09","119.7","53.8","2026-08-10","23","0","0","0","179","N","","",""
"2026-08-13","RPLH260321","X002JM541F","B0GTTHTXXF","Nana Spoon Gifts from Grandchildren Grandkids, Good Morning Nana Spoons for Grandma Grandmother Mothers Day Birthday Gift for Nana Nanny Tea Coffee Engraved Spoon for Coffee Lover Gift","New","29","0","0","1","30","0","0","0","0","GBP","","","","","Low traffic","5.39","0.0","5.59","0.0","Advertise listing","0","0.0","0","0","67.65","0.0","0.003531","cubic feet","Standard","0.102399","UK","gl_kitchen","","","29","","","","","","","","0","1","0","0","0","0.07","0","0","0","0","1","0","","","","","","","","","","","","","","0","","","","","2026-08-10","29","1","0","0","","N","","",""
"2026-08-13","RPALH051","X002AMWQB5","B0F6XJ19TF","MNFPSJB 20 Pack 17mm Car Wheel Nut Covers with Removal Clip, Black Universal Tyre Lug Bolt Caps for Wheel Hub Decoration, Dust & Rust Protection","New","36","0","0","21","17","0","0","0","0","GBP","0","0","10","13","Low traffic","4.39","0.0","4.39","3.73","NoRestockExcessActionRequired","36","0.0","0","0","0.0","0.44","0.003531","cubic feet","","0.127116","UK","gl_automotive","162470","321","0","","36","4.39","0.0","0.0","38.2","49.83","20","1","0","0","0","0.08","0","0","0","0","2","0","","","","","","","","","","","","","","0","","","","158.9","2026-08-10","36","2","0","0","341","N","","",""
"2026-08-13","amzn.gr.RPALH491-QaoMT6zEaGpAavLDP0M--LN","X002HRUVD3","B0F6X3593V","2pc Parcel shelf string clip holders fits Golf Audi A3 S3 MK2 8P 8V Q5 SQ5 8R MK1","Used","1","0","0","0","0","1","0","0","0","GBP","","","","","Low traffic","4.49","0.0","4.99","4.49","Advertise listing","1","0.0","0","0","0.0","2.29","0.003531","cubic feet","Standard","0.003531","UK","gl_biss","19409","2","0","","","4.99","","","","","0","0","0","1","0","0.0","0","0","0","0","0","0","","","","","","","","","","","","","","29","2026-08-12","","","","2026-08-10","1","0","0","0","2","N","","",""
"2026-08-13","RPALH326","X002AMRVXX","B0F6X79SBM","Desoldering Pump 2 Pack Solder Remover Tool Solder Sucker Desoldering Vacuum Pump Manual Desoldering Suction Pump Soldering Accessories","New","20","0","0","23","0","0","0","0","0","GBP","2","3","3","9","Low traffic","4.49","0.0","4.49","0.0","Create Outlet deal","0","3.43","2","0","86.29","0.63","0.003531","cubic feet","","0.07062","UK","gl_home_improvement","213871","191","0","26","28","4.49","7.48","11.22","11.22","32.32","1","20","2","0","0","0.05","0","0","0","0","2","0","","","","","","","","","","","","","351.0","0","","2026-08-09","351.0","123.8","2026-08-10","20","2","0","0","211","N","","",""
"2026-08-13","RPALH343","X002AMWQBF","B0F6XG7BGP","MNFPSJB 2 Pack Universal Sink Plugs with 40cm Chain, Rubber Bath Plug Replacement, Fits 42-45mm Drains for Kitchen Bathroom Sink Bathtub Laundry Basin","New","19","0","0","0","19","0","0","0","0","GBP","0","1","2","4","Low traffic","5.39","0.0","5.59","0.0","GoToRestock","19","0.0","0","0","0.0","0.19","0.010594","cubic feet","","0.201286","UK","gl_home","535062","125","0","76","61","5.59","0.0","4.66","9.82","20.97","0","0","0","0","0","0.1","0","0","0","0","0","0","","","","","","","","","","","","","591.0","0","","2026-08-09","591.0","311.3","2026-08-10","19","0","0","0","125","N","","",""
"2026-08-13","ZQLH240929","X0024E64BH","B0DG5S56ZJ","Wooden Cooking Spoons 3 Pieces Honey Spoon Coffee Spoon Self Stirring Spoon Soup Spoons Wood Natural Wood Spoons Wooden Teaspoons Wood Dessert Spoons Long Handle Small Wooden Spoon","New","21","0","0","15","6","0","0","0","0","GBP","1","2","4","7","Low traffic","4.19","0.0","4.19","0.0","Create Outlet deal","0","3.35","2","0","79.92","0.42","0.004873","cubic feet","Standard","0.102333","UK","gl_kitchen","515868","261","21","42","39","4.19","3.49","6.98","13.96","23.92","0","15","0","0","0","0.07","0","0","0","0","0","0","","","","","","","","","","","","","341.5","0","","2026-08-09","341.5","191.9","2026-08-10","21","0","0","0","261","N","","",""
"2026-08-13","RPALH240","X002AMRTEJ","B0F6XS39DW","P21w 1156 Ba15s LED Bulb 6000K White 6W Super Bright 24-SMD 3030 12V-24V LED Light Bulbs for RV Interior Lights Auto Backup Reverse Light, Tail Turn Signal Light, Stop DRL Lights, Rear Fog Lamp(2PCS)","New","65","15","0","76","0","0","0","0","0","GBP","3","6","22","46","Low traffic","7.09","0.0","7.09","0.0","NoExcessInventory","80","0.0","0","0","0.0","0.99","0.003531","cubic feet","","0.229515","UK","gl_automotive","66223","214","0","43","18","7.09","17.73","35.94","133.06","278.74","23","53","0","0","0","0.16","0","0","0","0","1","0","","","","","","","","","","","","","312.2","0","","2026-08-09","312.2","79.6","2026-08-10","80","1","0","0","216","Y","Holiday Season","2026-10-03","2027-01-01"
"2026-08-13","ZQLH2409142","X00255FA5B","B0DJ27TB7F","MNFPSJB 3 Pack Pet Pill Feeder Dispenser, Soft Tip Dog Cat Medicine Feeder, Reusable Syringe Tool for Pills Capsules Liquid Water Small Animals","New","19","0","0","0","19","0","0","0","0","GBP","0","0","0","4","Low traffic","4.59","0.0","4.59","4.13","Create Outlet deal","0","3.43","2","0","82.61","0.19","0.002781","cubic feet","Standard","0.052839","UK","gl_pet_products","149682","366","19","","61","4.59","0.0","0.0","0.0","14.78","0","0","0","0","0","0.04","0","0","0","0","0","0","","","","","","","","","","","","","","0","","","","444.0","2026-08-10","19","0","0","0","366","N","","",""
"2026-08-13","RPALH424","X002AN5KC1","B0F6Y6J9BJ","2 Pcs Soft Silicone Bottle Cleaner Brush for Glass Cups Thermoses Various Containers","New","26","0","0","0","26","0","0","0","0","GBP","0","2","3","5","Low traffic","4.29","0.0","4.49","0.0","Create Outlet deal","0","3.51","2","0","161.39","0.18","0.032202","cubic feet","","0.837252","UK","gl_home","38238","366","26","52","67","4.49","0.0","7.81","12.13","20.77","0","0","0","0","0","0.58","0","0","0","0","0","0","","","","","","","","","","","","","508.6","0","","2026-08-09","404.5","508.6","2026-08-10","26","0","0","0","366","N","","",""
"2026-08-13","RPALH348","X002AMYUIH","B0F6XS3WHF","3 PCS Cake Smoother, Cake Smoothers for Fondant, Cake Icing Smoother Tool Fondant Cake Decorating Icing Smoother Fondant Smoother Plastic Sugarcraft Suitable for Home Kitchens Cake Shops Candy Shops","New","19","0","0","19","0","0","0","0","0","GBP","1","3","8","25","Low traffic","4.89","0.0","4.89","0.0","Create Outlet deal","10","3.19","2","0","6.12","2.08","0.003531","cubic feet","","0.067089","UK","gl_kitchen","557192","95","0","25","9","4.89","4.07","12.21","30.67","86.34","19","0","0","0","0","0.04","0","0","0","0","0","0","","","","","","","","","","","","","188.0","5","2026-08-30","2026-08-09","188.0","41.1","2026-08-10","19","0","0","0","95","N","","",""
"2026-08-13","ZQLH24111301","X0026AA6TZ","B0DN1B2NYJ","Mens Polarised Sunglasses Classic Pilot Style Sunglasses for Men and Women，Black Sunglasses Mens，Driving Sunglasses Mens","New","25","0","0","24","0","0","0","0","0","GBP","5","10","14","21","Low traffic","5.59","0.0","5.59","0.0","NoExcessInventory","24","0.0","0","0","0.0","1.01","0.006102","cubic feet","Footwear","0.15255","UK","gl_shoes","116106","98","0","10","16","5.59","23.3","46.6","65.24","98.98","20","0","4","0","0","0.08","1","0","0","1","0","0","","","","","","","","","","","","","93.7","2","2026-08-22","2026-08-09","53.4","93.7","2026-08-10","26","0","0","0","98","N","","",""
"2026-08-13","RPALH410","X002ANP067","B0F741JP1F","10 PCS Trekking Pole Clips Sturdy Hiking Pole Clips Walking Stick Holder Double Rod Buckle Connector Walking Stick Accessories for Outdoor Hiking Camping(Black)","New","50","0","0","53","0","0","0","0","0","GBP","4","11","17","33","Low traffic","4.49","0.0","4.49","0.0","Create Outlet deal","29","3.59","2","0","8.38","0.93","0.003531","cubic feet","Standard","0.17655","UK","gl_sports","93597","196","0","18","19","4.49","14.96","41.14","63.58","121.72","1","52","0","0","0","0.12","0","0","0","0","1","0","","","","","","","","","","","","","184.8","0","","2026-08-09","184.8","84.1","2026-08-10","50","0","1","0","200","N","","",""
"2026-08-13","RPALH508","X002I8WUQR","B0GL2BQ66W","2 Pack Heavy Duty Suction Cups, 5.5CM Car Dent Puller & Glass Lifter – Dual-Purpose Dent Removal Tools for Car Repair, Furniture, Tiles, Windows, Phone Holder ，small dent puller，dent puller","New","26","0","0","21","5","0","0","0","0","GBP","0","2","5","5","Low traffic","6.09","0.0","6.09","0.0","Advertise listing","0","0.0","0","0","140.71","0.37","0.035315","cubic feet","Standard","0.91819","UK","gl_biss","112478","359","26","52","67","6.09","0.0","10.14","26.02","26.02","21","0","0","0","0","0.64","0","0","0","0","0","1","","","","","","","","","","","","","263.5","0","","2026-08-09","263.5","215.2","2026-08-10","26","0","0","0","359","N","","",""
"2026-08-13","RPLH260329","X002JMNR8R","B0GTV8T46V","2 Pcs Toilet Seat Fixings, Toilet Seat Bottom Fixing Replacement Service Nuts for Toilet Bathroom","New","21","0","0","0","23","0","0","0","0","GBP","3","6","6","6","Low traffic","5.09","0.0","5.09","0.0","Create Outlet deal","0","4.07","2","0","48.48","0.25","0.003531","cubic feet","Standard","0.074151","UK","gl_home_improvement","100993","86","0","14","45","5.09","12.72","25.78","25.78","25.78","0","0","0","0","0","0.05","0","0","0","0","1","0","","","","","","","","","","","","","438.8","0","","2026-08-09","138.7","438.8","2026-08-10","21","1","0","0","91","N","","",""
"2026-08-13","RPALH234","X002AMRW9B","B0F6WKRW8F","6mm Fuel Tap Switch, Aluminum Fuel Shut off Valve, Motorcycle Fuel Tank Tap for 90 110 120 125 140 Pit Dirt Quad Motorcycle Replacement Accessories","New","9","0","0","10","0","0","0","0","0","GBP","0","6","10","17","Low traffic","4.59","0.0","4.79","0.0","CreateShippingPlan","8","0.0","0","0","5.57","1.58","0.003531","cubic feet","","0.031779","UK","gl_biss","90441","49","0","6","6","4.79","0.0","23.94","39.9","67.83","0","10","0","0","0","0.02","0","0","0","0","1","0","","","","","","","","","","","","","69.3","7","2026-08-23","2026-08-09","69.3","65.1","2026-08-10","9","0","1","0","55","N","","",""
"2026-08-13","RPALH260301","X002JC488Z","B0GSJ58MZN","MNFPSJB Clear Pencil Case 2 Pack, Transparent PVC Pencil Pouch, 20x8x4cm, Black & White, Water Resistant Stationery Organiser for Office Supplies, Toiletries, Clear Pencil case for Exams","New","18","0","0","0","18","0","0","0","0","GBP","0","0","2","2","Low traffic","5.19","0.0","5.19","0.0","Advertise listing","0","0.0","0","0","41.8","0.11","0.003531","cubic feet","Standard","0.063558","UK","gl_luggage","580462","366","18","","117","5.19","0.0","0.0","8.98","8.98","0","0","0","0","0","0.04","0","0","0","0","0","0","","","","","","","","","","","","","","0","","","","852.0","2026-08-10","18","0","0","0","366","N","","",""
"2026-08-13","RPALH100","X002AMWOWL","B0F6W9BMK1","Piercing Ball Grabber, 2 Pcs 4-Claw Diamond Holder Pick Up Tool, Prong Tweezer, Pick Up Tool for Small Parts, Jewelry, Gem","New","8","0","0","0","10","0","0","0","0","GBP","1","5","8","8","Low traffic","3.59","0.0","3.59","0.0","Create Outlet deal","0","0.0","0","0","31.42","0.52","0.003531","cubic feet","","0.028248","UK","gl_home_improvement","138330","64","0","6","13","3.59","2.99","14.95","23.58","23.58","0","0","0","0","0","0.02","0","0","0","0","2","0","","","","","","","","","","","","","176.4","3","2026-08-20","2026-08-09","76.4","176.4","2026-08-10","8","2","0","0","85","N","","",""
"2026-08-13","RPALH393","X002AMRVUV","B0F6W96P9N","Bear Silicone Fondant Moulds Cute Bear Chocolate Mould for Cake Decorating Cupcake Topper Candy Gum Paste Polymer Clay","New","59","0","0","60","0","0","0","0","0","GBP","7","15","24","44","Low traffic","5.39","0.0","5.39","0.0","NoExcessInventory","59","0.0","0","0","0.0","0.95","0.003531","cubic feet","","0.208329","UK","gl_kitchen","227963","100","0","15","17","5.39","31.43","67.52","111.08","207.92","0","60","0","0","0","0.13","0","0","0","0","0","0","","","","","","","","","","","","","143.1","5","2026-08-20","2026-08-09","143.1","86.2","2026-08-10","59","0","0","0","100","N","","",""
"2026-08-13","RPALH485","X002ANMXD5","B0F6YV9WKJ","White Battery Holder Shell Back Door Cover Lid Replacement, Compatible with Xbox One Wireless Controllers","New","50","0","0","45","7","0","0","0","0","GBP","1","2","4","16","Low traffic","4.09","0.0","4.09","0.0","NoRestockExcessActionRequired","50","0.0","0","0","0.0","0.44","0.003531","cubic feet","","0.17655","UK","gl_video_games","19885","350","0","100","40","4.09","3.41","6.82","14.05","57.97","0","45","0","0","0","0.12","0","0","0","0","1","0","","","","","","","","","","","","","1542.0","0","","2026-08-09","1542.0","162.9","2026-08-10","50","1","0","0","359","N","","",""
"2026-08-13","RPALH066","X002AO1C3L","B0F72N9Z5H","Windshield Washer Nozzles Replacement for Honda Civic 1987-2005 Fit/Jazz 2001-2008 CR-V 2006-2011 Accord 2003-2008 Acura TSX RL RSX Integra Spray Jet Kit Accessories","New","23","0","0","27","0","0","0","0","0","GBP","3","11","29","36","Low traffic","4.99","0.0","4.99","4.24","NoExcessInventory","23","0.0","0","0","0.0","2.18","0.003531","cubic feet","","0.081213","UK","gl_home_improvement","24032","166","0","19","19","4.99","12.48","45.76","119.11","146.02","27","0","0","0","0","0.05","30","0","30","0","4","0","","","","","","","","","","","","","90.0","0","","2026-08-09","90.0","44.3","2026-08-10","53","4","0","0","180","N","","",""
"2026-08-13","RPLH260387","X002JRNGSD","B0GVDC9RG7","24Pcs Medium Almond Press On Nails, 3D Floral Leopard Design Glossy Full Cover False Nails, Reusable Artificial Acrylic Nails with Jelly Glue Stickers & Nail File for Women Daily Wear & Partie","New","38","0","0","30","9","0","0","0","0","GBP","0","0","0","1","Low traffic","4.39","0.0","4.59","0.0","Advertise listing","0","0.0","0","0","75.06","0.04","3.53E-4","cubic feet","Standard","0.013414","UK","gl_beauty","606233","366","38","","494","4.59","0.0","0.0","0.0","4.82","0","20","10","0","0","0.0","0","0","0","0","0","0","","","","","","","","","","","","","","0","","","","2351.0","2026-08-10","38","0","0","0","366","N","","",""
"2026-08-13","RPALH183","X002AMYUUZ","B0F6X38F5Y","3 Pcs Mesh Laundry Bags for Delicates, Durable Honeycomb Lingerie Bags with Elastic Zipper Protector for Washing Machine Dryer Delicates Bag to Wash Hosiery Stocking Underwear Bra Lingerie","New","38","0","0","30","8","0","0","0","0","GBP","0","2","3","9","Low traffic","4.49","0.0","4.49","0.0","Create Outlet deal","9","3.75","2","0","4.15","0.41","0.068649","cubic feet","","2.608662","UK","gl_home","577691","366","29","76","54","4.49","0.0","7.48","11.22","34.84","0","30","0","0","0","0.09","0","0","0","0","0","0","","","","","","","","","","","","","584.5","0","","2026-08-09","584.5","180.1","2026-08-10","38","0","0","0","366","N","","",""
"2026-08-13","RPALH554","X002I9TUYV","B0GL7N4ZDP","6 Pairs Heel Cushion Pads, Shoe Back Cushion Pads, Heel Grips for Trainers Loose Shoes Unisex (Grey*3 Pairs, Black*3 Pairs)","New","41","0","0","41","0","0","0","0","0","GBP","0","2","9","15","Low traffic","4.29","0.0","4.29","0.0","NoRestockExcessActionRequired","41","0.0","0","0","0.0","0.76","0.003531","cubic feet","Standard","0.144771","UK","gl_drugstore","175490","261","0","82","35","4.29","0.0","7.14","31.33","51.79","20","20","1","0","0","0.09","0","0","0","0","0","0","","","","","","","","","","","","","391.5","0","","2026-08-09","391.5","98.2","2026-08-10","41","0","0","0","261","N","","",""
"2026-08-13","RPALH099","X002AMOWUX","B0F6XWWTNX","2 Pieces Pet Pill Dispenser for Small Cats Dogs, Pill Gun Dispenser Shooter Soft Tip Tablet Syringe Pusher Animal Medicine Feeder Reusable Cat Pill Dispenser for Feeding Accessories (Green)","New","65","0","0","67","0","0","0","0","0","GBP","0","1","15","39","Low traffic","4.89","0.0","5.09","0.0","NoExcessInventory","65","0.0","0","0","0.0","1.21","0.003531","cubic feet","","0.229515","UK","gl_pet_products","93185","366","0","380","31","5.09","0.0","4.41","69.41","174.04","20","47","0","0","0","0.14","30","0","30","0","2","0","","","","","","","","","","","","","1949.0","0","","2026-08-09","1949.0","67.0","2026-08-10","95","2","0","0","366","Y","Holiday Season","2026-09-26","2027-01-30"
"2026-08-13","RPALH576","X002I93ZFL","B0GL22L9SS","MNFPSJB But Did You Die Keychain, Personalized Custom Motorcycle Key Tag Keyring Hand Wrist Lanyard Wristlet for Luggage Funny Key Chain Ring Accessories for Car Scooters Trucks Dirt Bike","New","34","0","0","38","0","0","0","0","0","GBP","1","8","22","35","Low traffic","5.19","0.0","5.19","0.0","NoRestockExcessActionRequired","34","0.0","0","0","0.0","1.46","0.003531","cubic feet","Apparel","0.120054","UK","gl_apparel","100234","226","0","32","23","5.19","4.32","34.56","95.04","148.38","0","38","0","0","0","0.06","30","0","30","0","1","0","","","","","","","","","","","","","156.3","0","","2026-08-09","156.3","56.5","2026-08-10","64","1","0","0","230","N","","",""
"2026-08-13","ZQLH260105","X002HJ6RYN","B0GFV5ZX9F","MNFPSJB 2 Pack Black Stainless Steel Cupboard Handles - 160mm Kitchen Cabinet Door Handles Furniture Drawer T Bar Pulls","New","14","0","0","17","0","0","0","0","0","GBP","9","15","26","30","Low traffic","5.69","0.0","5.69","0.0","Create Outlet deal","0","4.55","2","0","67.09","2.64","0.004202","cubic feet","Standard","0.058828","UK","gl_home_improvement","79326","129","0","14","23","5.69","42.66","71.11","123.33","142.78","17","0","0","0","0","0.04","40","0","40","0","2","0","","","","","","","","","","","","","47.6","0","","2026-08-09","47.2","47.6","2026-08-10","54","2","0","0","136","N","","",""
"2026-08-13","ZQLH260109","X002HJ5RIZ","B0GFTB7F34","2-Piece Set Foundation Brush Angled Dense and Precision Concealer Brush – Makeup Brushes For Liquid, Cream & Powder Foundation - Dense Bristles, Ergonomic Cylindrical Handle","New","30","0","0","20","11","0","0","0","0","GBP","0","2","3","4","Low traffic","4.99","0.0","4.99","0.0","NoExcessInventory","30","0.0","0","0","0.0","0.22","0.003531","cubic feet","Standard","0.10593","UK","gl_beauty","274340","249","0","60","97","4.99","0.0","8.64","12.96","17.37","20","0","0","0","0","0.07","0","0","0","0","1","0","","","","","","","","","","","","","402.3","0","","2026-08-09","371.0","402.3","2026-08-10","30","1","0","0","258","N","","",""
"2026-08-13","RPLH260357","X002JOV3U9","B0GV3HQ2M6","MNFPSJB 3 Pcs Plastic Water Bottle Openers, Easy Grip Ergonomic Lid Openers for Soda and Beverage Bottles, Multi-Purpose Kitchen Gadgets for Weak Hands, Compact Portable Bottle Cap Remover","New","29","0","0","0","29","0","0","0","0","GBP","0","0","1","1","Low traffic","5.99","0.0","6.19","0.0","Advertise listing","0","0.0","0","0","70.93","0.03","0.00623","cubic feet","Standard","0.18067","UK","gl_kitchen","1726072","366","29","","377","6.79","0.0","0.0","5.66","5.66","0","0","0","0","0","0.13","0","0","0","0","0","0","","","","","","","","","","","","","2670.0","0","","2026-08-09","870.0","2670.0","2026-08-10","29","0","0","0","366","N","","",""
"2026-08-13","RPALH157","X002ANN0G9","B0F6YZB53M","Black Rabbit Ears Hare Headband Fancy Dress Costume Accessory Easter Bunny","New","17","0","0","10","9","0","0","0","0","GBP","0","2","4","7","Low traffic","5.99","0.0","5.99","0.0","Create Outlet deal","0","5.11","2","0","193.42","0.4","0.062516","cubic feet","","1.062772","UK","gl_toy","237528","77","0","34","31","5.99","0.0","10.32","20.96","36.92","0","10","0","0","0","0.74","0","0","0","0","2","0","","","","","","","","","","","","","299.5","0","","2026-08-09","299.5","230.4","2026-08-10","17","1","1","0","84","N","","",""
"2026-08-13","RPALH496","X002I8NHBT","B0GKZKBS1B","2 Pack Curtain Holdbacks Adhesive Curtain Tie Backs Hooks, L Shaped Holdbacks No Drill Black Tie Backs for Curtains, Wall MountedHooks for Home Decor Living Room Bedroom","New","37","0","0","35","5","0","0","0","0","GBP","0","2","2","9","Low traffic","6.69","0.0","6.89","0.0","Advertise listing","37","0.0","0","0","0.0","0.34","0.003531","cubic feet","Standard","0.130647","UK","gl_home","706505","269","0","74","53","6.89","0.0","11.48","11.48","59.56","0","20","15","0","0","0.08","0","0","0","0","3","0","","","","","","","","","","","","","623.0","0","","2026-08-09","623.0","253.1","2026-08-10","37","3","0","0","295","N","","",""
"2026-08-13","ZQLH24110101","X0025ZRXL5","B0DLN66FYW","Generic Stainless Steel Butter Knife Set - Versatile Butter Spreader and Knife - Perfect for Spreading Butter and Jam - Set of 2","New","33","0","0","34","0","0","0","0","0","GBP","0","2","2","9","Low traffic","4.99","0.0","4.99","0.0","NoRestockExcessActionRequired","33","0.0","0","0","0.02","0.4","0.002517","cubic feet","Standard","0.083061","UK","gl_kitchen","621156","277","0","66","47","4.99","0.0","8.32","8.32","40.94","0","20","14","0","0","0.05","0","0","0","0","1","0","","","","","","","","","","","","","528.5","0","","2026-08-09","528.5","189.9","2026-08-10","33","1","0","0","292","N","","",""
"2026-08-13","RPALH260315","X002JL74AF","B0GTQ6PQBC","FOUNDATION BRUSH – Perfect Makeup Brush for Liquid Foundation & Powder Make-up, Seamless Blending, Face Brush for Make up, Beauty Tools","New","26","0","0","0","26","0","0","0","0","GBP","0","4","4","4","Low traffic","5.99","0.0","6.19","0.0","Create Outlet deal","0","5.27","2","0","61.26","0.14","0.003531","cubic feet","Standard","0.091806","UK","gl_beauty","245284","176","26","26","84","6.35","0.0","21.96","21.96","21.96","0","0","0","0","0","0.06","0","0","0","0","0","0","","","","","","","","","","","","","655.5","0","","2026-08-09","205.5","655.5","2026-08-10","26","0","0","0","176","N","","",""
"2026-08-13","RPALH574","X002IGJ46D","B0GMQH1BK7","2pcs Double Round Necklace Clasp and Closure - Mental Safety Clasp for Jewelry Making Bracelets (Gold)","New","69","0","0","73","0","0","0","0","0","GBP","1","8","12","38","Low traffic","5.79","0.0","5.79","0.0","NoRestockExcessActionRequired","","","0","0","","1.25","0.001081","cubic feet","Standard","0.074589","UK","gl_office_product","529890","151","0","34","23","5.79","4.82","38.56","57.84","178.76","42","31","0","0","0","","0","0","0","0","2","0","","","","","","","","","","","","","304.9","0","","2026-08-09","304.9","67.4","2026-08-10","69","1","1","0","155","N","","",""
"2026-08-13","RPALH539","X002IAEKMH","B0GL8CZXC1","Engine Coolant Temperature Sensor With Seal Ring For Vauxhall Opel Astra H J Corsa D E Insignia A Meriva A B Zafira B C Vectra Signum Chevrolet Cruze Orlando Aveo 1338370 6338045 55591401","New","21","0","0","21","0","0","0","0","0","GBP","0","8","10","13","Low traffic","7.99","0.0","8.19","0.0","NoExcessInventory","21","0.0","0","0","0.0","0.8","0.003531","cubic feet","Standard","0.074151","UK","gl_biss","105090","139","0","10","21","8.19","0.0","54.56","68.2","88.93","0","20","1","0","0","0.05","0","0","0","0","0","0","","","","","","","","","","","","","126.3","0","","2026-08-09","83.2","126.3","2026-08-10","21","0","0","0","139","N","","",""
"2026-08-13","RPLH260315","X002JLSO4Z","B0GTT6BQRK","MNFPSJB RFID Blocking Credit Card Holder, 20 Card Slots Slim PU Leather Zipper Wallet with 2 ID Pockets, Compact RFID Card Protector Wallet for Men and Women Daily Use, Black","New","30","0","0","0","30","0","0","0","0","GBP","","","","","Low traffic","4.89","0.0","5.09","0.0","Advertise listing","0","0.0","0","0","69.91","0.0","0.003531","cubic feet","Standard","0.10593","UK","gl_luggage","","","30","","","5.09","","","","","0","0","0","0","0","0.07","0","0","0","0","0","0","","","","","","","","","","","","","","0","","","","","2026-08-10","30","0","0","0","","N","","",""
"2026-08-13","amzn.gr.RPALH083-z0i7iet4kBdv9uTIMv_D-AC","X002G6PAM7","B0F6XGN2HC","Anne Boleyn Ugly Betty Letter Pearl Necklace，A Niche Design With A Light And Luxurious French Fashion Necklace，Elegant And Minimalist Vintage Silver Necklace","Used","1","0","0","0","0","0","1","0","0","GBP","","","","","Low traffic","3.74","0.0","4.99","3.74","Advertise listing","1","0.0","0","0","0.0","0.61","0.003531","cubic feet","Apparel","0.003531","UK","gl_jewelry","218592","2","0","","","4.99","","","","","0","0","0","1","0","0.0","0","0","0","0","0","0","0","0.0","1","0.01","0","0.0","0","0.0","0","0.0","0","0.0","","37","2026-08-12","","","","2026-08-10","1","0","0","0","2","N","","",""
"2026-08-13","RPLH260384","X002JRLGIF","B0GVD8M3C6","Funny Engraved Coffee Spoon - Best Friend Birthday Gifts for Women, BFF Friendship Presents, Christmas Valentine Gifts for Coffee Lovers, Wife Girlfriend Sister Colleague","New","9","0","0","15","4","0","0","0","0","GBP","2","3","9","11","Low traffic","5.89","0.0","5.89","0.0","Create Outlet deal","0","0.0","0","0","20.9","0.51","0.003531","cubic feet","Standard","0.031779","UK","gl_kitchen","213466","60","0","12","10","5.89","9.82","14.73","47.33","58.31","0","0","15","0","0","0.02","0","0","0","0","11","0","","","","","","","","","","","","","228.7","0","","2026-08-09","228.7","219.7","2026-08-10","9","11","0","0","133","N","","",""
"2026-08-13","RPALH158","X002AO4TK9","B0F7426TLB","8 Dyslexia, Coloured Reading Overlays and Protective Case - Enhance Reading Comfort and Speed with Tinted Guided Strips - Ideal for Dyslexia, ADHD, Irlen Syndrome, and Visual Stress","New","49","0","0","50","0","0","0","0","0","GBP","0","3","10","48","Low traffic","4.69","0.0","4.69","0.0","NoExcessInventory","49","0.0","0","0","0.0","1.75","0.003531","cubic feet","Standard","0.173019","UK","gl_office_product","190718","245","0","65","13","4.69","0.0","11.73","40.76","192.89","15","35","0","0","0","0.11","0","0","0","0","1","0","","","","","","","","","","","","","456.0","0","","2026-08-09","456.0","71.1","2026-08-10","49","1","0","0","249","N","","",""
"2026-08-13","RPLH260366","X002JPS987","B0GV47YT9T","4 Sets Car Relay Plug Holders with 6.3mm Terminals for 4 Pin 5 Pin Relays 10A 12V/24V Automotive Relay Socket Base Connector Replacement Parts","New","37","1","0","38","0","0","0","0","0","GBP","3","12","19","21","Low traffic","7.59","0.0","7.59","0.0","Create Outlet deal","0","0.0","0","0","82.46","0.87","0.003531","cubic feet","Standard","0.130647","UK","gl_biss","38456","114","0","12","22","7.59","18.96","75.84","120.08","133.56","30","0","8","0","0","0.09","0","0","0","0","0","0","","","","","","","","","","","","","96.5","0","","2026-08-09","42.6","96.5","2026-08-10","38","0","0","0","114","N","","",""
"2026-08-13","ZQLH24101409","X0025JHEND","B0DK247LYG","8 Pieces Plastic Reusable Straws - Curly Straws for Kids and Adults，Bendy Straws，Cocktail Straws - Party Straws for Home Bar Beverage Shop Weddings Birthdays Family Reunion，Christmas Straws","New","56","19","0","36","0","0","0","0","0","GBP","1","14","44","54","Low traffic","7.39","0.0","7.39","0.0","NoExcessInventory","75","0.0","0","0","0.53","2.51","0.014875","cubic feet","Standard","0.833","UK","gl_kitchen","212075","168","0","24","20","7.39","6.16","86.24","271.04","332.64","30","6","0","0","0","0.73","30","0","30","0","1","0","","","","","","","","","","","","","43.0","0","","2026-08-09","36.4","43.0","2026-08-10","105","1","0","0","170","N","","",""
"2026-08-13","ZQLH251217","X002H7UKED","B0GCC4YF7V","MNFPSJB 15 Pack White Pearl Hair Claw Clips, Mini Floral Daisy Hair Clips, Vintage Victorian Style Small Hair Accessories, Artificial Pearl & Alloy Hair Claws for Adult Women, All Hair Types","New","18","0","0","0","20","0","0","0","0","GBP","3","5","5","5","Low traffic","5.59","0.0","5.59","0.0","Create Outlet deal","0","0.0","0","0","96.4","0.21","0.003531","cubic feet","Standard","0.063558","UK","gl_beauty","128885","82","0","14","46","5.59","13.98","23.3","23.3","23.3","0","0","0","0","0","0.05","0","0","0","0","2","0","","","","","","","","","","","","","446.6","0","","2026-08-09","146.6","446.6","2026-08-10","18","2","0","0","93","N","","",""
"2026-08-13","RPALH083","X002AMWPR5","B0F6XGN2HC","Anne Boleyn Ugly Betty Letter Pearl Necklace，A Niche Design With A Light And Luxurious French Fashion Necklace，Elegant And Minimalist Vintage Silver Necklace","New","51","0","0","31","21","0","0","0","0","GBP","2","13","18","35","Low traffic","4.99","0.0","4.99","3.74","Create Outlet deal","14","3.99","2","0","3.68","0.61","0.003531","cubic feet","","0.180081","UK","gl_jewelry","218592","125","37","15","18","4.99","8.32","54.08","74.88","145.6","1","30","0","0","0","0.12","0","0","0","0","0","0","","","","","","","","","","","","","134.1","5","2026-08-20","2026-08-09","134.1","124.0","2026-08-10","51","0","0","0","125","N","","",""
"2026-08-13","RPALH260303","X002JM5LZJ","B0GTLWQFR7","Window Scraper, 10 Piece Plastic ScraperReplacement, for Remove Labels Stickers Decals,Plastic Razor Blade Scraper，Plastic Scraper，Plastic Razor Blades","New","27","0","0","1","26","0","0","0","0","GBP","0","3","4","4","Low traffic","4.79","0.0","4.99","0.0","Create Outlet deal","0","4.31","2","0","62.24","0.14","0.003531","cubic feet","Standard","0.095337","UK","gl_home_improvement","285227","366","27","36","87","4.99","0.0","13.14","17.63","17.63","0","0","1","0","0","0.07","0","0","0","0","0","0","","","","","","","","","","","","","673.3","0","","2026-08-09","284.0","673.3","2026-08-10","27","0","0","0","366","N","","",""
"2026-08-13","RPALH526","X002IGEUXF","B0GMPC9H3Z","10 Pairs Gold Flower Metal Press Studs Fasteners, Large Sewing Snap Fasteners and Press Studs for Clothing, Snap Buttons Sew on Clothing Coats Jackets, DIY Sewing Crafts Supplies","New","48","0","0","49","0","0","0","0","0","GBP","1","11","16","29","Low traffic","5.99","0.0","5.99","0.0","NoExcessInventory","48","0.0","0","0","0.0","0.99","0.003531","cubic feet","Standard","0.169488","UK","gl_home","593983","176","0","17","21","5.99","4.99","54.89","79.84","144.15","0","49","0","0","0","0.11","0","0","0","0","0","0","","","","","","","","","","","","","144.3","0","","2026-08-09","144.3","88.2","2026-08-10","48","0","0","0","176","N","","",""
"2026-08-13","RPALH480","X002AMOX3T","B0F6W9C1LZ","Windscreen Washer Bottle Tank Cover Cap Lid For Vauxhall Opel Astra H Corsa D Zafira B 13118170 6450562","New","23","2","0","41","0","0","0","0","0","GBP","4","23","38","48","Low traffic","4.99","0.0","4.99","0.0","NoExcessInventory","26","0.0","0","0","0.0","1.67","0.003531","cubic feet","","0.081213","UK","gl_automotive","63937","150","0","9","14","4.99","16.64","95.68","156.21","196.11","31","10","0","0","0","0.04","30","0","30","0","13","0","","","","","","","","","","","","","36.9","0","","2026-08-09","31.6","36.9","2026-08-10","55","13","0","0","182","N","","",""
"2026-08-13","RPLH260317","X002JMJEX9","B0GTV7234J","MNFPSJB 1PCS Heart Shaped Silicone Molds, Non-Stick Food Grade Chocolate Candy Moulds, Heat Resistant Baking Molds for Cake Decorations, Candles, Bath Bombs, Jelly & Wedding Favours","New","26","0","0","0","28","0","0","0","0","GBP","0","1","2","2","Low traffic","5.69","0.0","5.89","0.0","Advertise listing","0","0.0","0","0","63.53","0.07","0.003531","cubic feet","Standard","0.091806","UK","gl_kitchen","913876","366","26","104","169","5.89","0.0","4.91","9.98","9.98","0","0","0","0","0","0.07","0","0","0","0","2","0","","","","","","","","","","","","","1327.0","0","","2026-08-09","863.0","1327.0","2026-08-10","26","2","0","0","366","N","","",""
"2026-08-13","RPALH030","X002ANFBT3","B0F6YGCQRT","2 Pcs Blue Light Blocking Glasses, Anti Glare Gamer Glasses for Women Men Blue Light Filter Computer Glasses Yellow Lens Eyewear Vintage Eyeglasses Anti Eyestrain for Computer Screen TVs Mobile Phones","New","37","0","0","40","0","0","0","0","0","GBP","5","25","49","72","Low traffic","5.79","0.0","5.79","0.0","NoExcessInventory","37","0.0","0","0","0.0","1.41","0.02794","cubic feet","","1.03378","UK","gl_shoes","32393","74","0","10","12","5.79","24.1","120.5","236.18","347.04","1","39","0","0","0","0.42","30","0","30","0","1","0","","","","","","","","","","","","","65.5","4","2026-08-21","2026-08-09","65.5","62.9","2026-08-10","67","1","0","0","75","Y","Holiday Season","2026-10-31","2027-03-27"
"2026-08-13","RPLH260337","X002JMVS8D","B0GTVFTSYZ","90 Degree Door Lock Hasp Latch, Stainless Steel Right Angle Sliding Door Locking Latch, Bending Buckle Bolt Lock for Push Sliding Barn Door Window (Silver)","New","12","0","0","0","12","0","0","0","0","GBP","0","2","20","32","Low traffic","5.09","0.0","5.29","0.0","Create Outlet deal","0","4.39","2","0","28.0","1.51","0.003531","cubic feet","Standard","0.042372","UK","gl_home_improvement","335110","218","52","104","21","5.29","0.0","9.14","94.46","166.34","0","0","0","0","0","0.03","40","0","40","0","0","0","","","","","","","","","","","","","103.0","0","","2026-08-09","40.9","103.0","2026-08-10","52","0","0","0","218","N","","",""
"2026-08-13","ZQLH260116","X002HJJE1B","B0GFWDS5Y4","Sink Trim Overflow Cover, Sink Overflow Rings Bathroom Kitchen Basin Drain Cover Hole Insert in Round Caps, Gold","New","25","0","0","25","0","0","0","0","0","GBP","1","8","9","14","Low traffic","4.29","0.0","4.29","0.0","Create Outlet deal","0","3.27","2","0","96.94","0.92","0.001537","cubic feet","Standard","0.038425","UK","gl_home","585845","366","0","27","51","4.29","3.57","27.44","30.85","49.72","20","0","5","0","0","0.03","30","0","30","0","0","0","","","","","","","","","","","","","121.9","0","","2026-08-09","117.9","121.9","2026-08-10","55","0","0","0","366","N","","",""
"2026-08-13","RPALH062","X002AMZBNP","B0F6XHRVKM","2 Pieces MS170 MS180 017 018 Fuel Cap and Oil Cap, Petrol Cap Replacement for Chainsaw","New","34","0","0","15","20","0","0","0","0","GBP","0","3","5","12","Low traffic","5.69","0.0","5.89","0.0","NoExcessInventory","34","0.0","0","0","0.0","0.37","0.003531","cubic feet","","0.120054","UK","gl_automotive","111200","197","0","45","36","5.89","0.0","15.05","25.87","63.74","0","15","0","0","0","0.08","0","0","0","0","1","0","","","","","","","","","","","","","367.0","0","","2026-08-09","367.0","249.7","2026-08-10","34","1","0","0","202","N","","",""
"2026-08-13","RPALH379","X002AMZC75","B0F6X35ML7","1 Pair Vodka Bottle Drop Earring Creative Cartoon Drinking Beer Style Pandent Earring Clear Bottle Dangle Hanging Ornament Practical Design and Durable Jewellery Findings","New","24","0","0","25","0","0","0","0","0","GBP","1","2","7","12","Low traffic","4.89","0.0","4.89","0.0","NoExcessInventory","24","0.0","0","0","0.0","0.78","0.003531","cubic feet","","0.084744","UK","gl_jewelry","367595","161","0","48","26","4.89","4.07","8.14","29.34","51.39","0","20","5","0","0","0.05","0","0","0","0","1","0","","","","","","","","","","","","","264.7","0","","2026-08-09","264.7","105.5","2026-08-10","24","1","0","0","170","N","","",""
"2026-08-13","RPALH534","X002IGFM73","B0GMPKQH1T","48 Premium Football Stickers for Kids - 3cm Vinyl Soccer Ball Decals for Scrapbooks, Party Decorations & Rewards - for Sports Parties, Team Gifts & School Projects","New","40","0","0","40","0","0","0","0","0","GBP","0","0","1","8","Low traffic","4.69","0.0","4.89","0.0","Create Outlet deal","0","4.15","2","0","153.48","0.46","0.003531","cubic feet","Standard","0.14124","UK","gl_home","400954","366","0","","65","4.89","0.0","0.0","4.32","34.56","30","0","10","0","0","0.1","0","0","0","0","0","0","","","","","","","","","","","","","","0","","","","153.3","2026-08-10","40","0","0","0","366","N","","",""
"2026-08-13","RPALH449","X002AO51HJ","B0F745TN22","2Pcs Lighter Flints Screw Spring with Base Plate for Lighters Replacement Repair Kit Accessories","New","29","0","0","29","0","0","0","0","0","GBP","2","13","19","23","Low traffic","4.29","0.0","4.29","0.0","NoRestockExcessActionRequired","4","3.12","8","0","51.0","1.56","0.003531","cubic feet","Standard","0.102399","UK","gl_home","281321","102","0","8","16","4.29","7.14","46.41","67.67","81.39","29","0","0","0","0","0.07","0","0","0","0","0","0","","","","","","","","","","","","","49.7","0","","2026-08-09","39.2","49.7","2026-08-10","29","0","0","0","102","N","","",""
"2026-08-13","RPLH260330","X002JM8I8B","B0GTV636FL","MNFPSJB Hexagonal Polarised Sunglasses for Women Men, Trendy Small Square Frame Gold Brown TAC Lenses, UV400 Protection Lightweight Metal Alloy Sunnies for Driving Fishing Outdoor Daily Wear","New","5","0","0","1","7","0","0","0","0","GBP","1","10","20","22","Low traffic","4.99","0.0","4.99","0.0","Create Outlet deal","0","3.99","2","0","11.1","1.11","0.003531","cubic feet","Footwear","0.017655","UK","gl_shoes","375573","15","0","2","2","4.99","4.16","41.6","83.36","92.0","0","0","1","0","0","0.01","0","0","0","0","3","0","","","","","","","","","","","","","93.1","20","2026-08-11","2026-08-09","35.0","93.1","2026-08-10","5","3","0","0","25","N","","",""
"2026-08-13","RPALH366","X002AMRSSV","B0F6XRLY3T","10 PCS Battery Holder Converter - Battery Holder Adapter Cell Plastic Case Switcher for AAA to AA Size","New","6","0","0","0","8","0","0","0","0","GBP","2","4","13","15","Low traffic","4.59","0.0","4.59","0.0","NoExcessInventory","6","0.0","0","0","0.0","0.9","0.003531","cubic feet","","0.021186","UK","gl_electronics","26478","148","0","36","31","4.59","7.64","15.28","50.0","57.81","0","0","0","0","0","0.01","30","0","30","0","1","0","","","","","","","","","","","","","158.5","0","","2026-08-09","158.5","110.3","2026-08-10","36","1","0","0","152","N","","",""
"2026-08-13","RPALH447","X002AN8RNZ","B0F6Y7RGXW","MNFPSJB Bar End Plug Cap 1 Pair Aluminum Bike Handlebar Ends Plugs Bicycle Road Mountain BMX (Black)","New","45","0","0","48","0","0","0","0","0","GBP","0","3","5","19","Low traffic","4.29","0.0","4.29","0.0","NoExcessInventory","45","0.0","0","0","0.0","0.69","0.003531","cubic feet","","0.158895","UK","gl_biss","120731","302","0","60","30","4.29","0.0","10.71","17.94","63.81","20","20","8","0","0","0.1","0","0","0","0","3","0","","","","","","","","","","","","","321.8","0","","2026-08-09","321.8","127.2","2026-08-10","45","2","1","0","326","N","","",""
"2026-08-13","RPALH459","X002AOCD9N","B0F745P63M","Adjustable Unisex Ring Set - Silver Leaf & Viking Style Open Rings for Men/Women | Chunky Fidget Thumb/Toe Ring | Vintage Hip Hop Jewelry Gift","New","18","12","0","30","0","0","0","0","0","GBP","3","7","12","14","Low traffic","4.19","0.0","4.19","0.0","Create Outlet deal","0","3.35","2","0","89.47","0.79","0.003531","cubic feet","Apparel","0.063558","UK","gl_jewelry","295130","165","0","10","16","4.19","10.47","24.43","42.73","50.05","21","9","0","0","0","0.07","0","0","0","0","0","0","","","","","","","","","","","","","73.0","0","","2026-08-09","73.0","65.7","2026-08-10","30","0","0","0","165","N","","",""
"2026-08-13","amzn.gr.RPALH241-0JC2sN7v4hf_ibXxM9OA-LN","X002GF1LXP","B0F6XBYW61","USB C to Mini USB Adapter 2 Pack, USB Type C Female to Mini USB 2.0 Type-B Male Adapter, Support Charging and Data Transfer, Black","Used","1","0","0","0","0","1","0","0","0","GBP","","","","","Low traffic","5.48","0.0","6.09","5.48","Advertise listing","1","0.0","0","0","0.0","1.14","0.003531","cubic feet","Standard","0.003531","UK","gl_electronics","45298","1","0","","","6.09","","","","","0","0","0","1","0","0.0","0","0","0","0","0","0","1","0.0","0","0.0","0","0.0","0","0.0","0","0.0","0","0.0","","41","2026-08-12","","","","2026-08-10","1","0","0","0","1","N","","",""
"2026-08-13","ZQLH260115","X002HJJOO3","B0GFW8BDFR","MNFPSJB Funny Pig Keyring, Just A Girl Who Loves Pigs Heart Shaped Stainless Steel Keychain, Cute Animal Lover Gift for Women Girls, Bag Charm Car Ornament for Birthday Christmas Valentine's Day","New","22","0","0","21","1","0","0","0","0","GBP","2","2","5","7","Low traffic","4.09","0.0","4.09","0.0","Create Outlet deal","0","3.35","2","0","64.6","0.41","0.003531","cubic feet","Apparel","0.077682","UK","gl_apparel","242215","273","22","44","40","4.09","6.82","6.82","17.62","25.26","1","20","0","0","0","0.04","0","0","0","0","0","0","","","","","","","","","","","","","357.5","0","","2026-08-09","357.5","173.6","2026-08-10","22","0","0","0","273","N","","",""
"2026-08-13","RPLH260354","X002JQ8N5F","B0GV2RPJHV","6PCS Pink Bow Curly Straws, Pink Bow Glitter Party Straws, Elegant Plastic Straws Reusable for Adults Birthday Party Family Reunion Decorations Supplies","New","51","0","0","50","4","0","0","0","0","GBP","3","10","22","26","Low traffic","7.69","0.0","7.69","0.0","Create Outlet deal","0","6.15","2","0","454.54","0.84","0.058194","cubic feet","Standard","2.967894","UK","gl_kitchen","304892","127","51","20","25","7.69","19.23","64.1","141.02","166.66","50","0","0","0","0","2.07","0","0","0","0","1","0","","","","","","","","","","","","","96.5","0","","2026-08-09","96.5","96.0","2026-08-10","51","1","0","0","129","N","","",""
"2026-08-13","amzn.gr.ZQLH24110406-5JAGJC7TnIoU4Aj7-VG","X002EYRZHT","B0DLW6F3NC","Egg Separator Tool，Egg Yolk Separator and Egg White Separator - Easy Egg Breaker and Yolk Separator in One Tool","Used","10","0","0","10","0","0","0","0","0","GBP","0","0","0","0","Low traffic","5.99","0.0","0.0","5.99","Lower price","","","0","0","","0.0","0.015146","cubic feet","Standard","0.15146","UK","gl_kitchen","1105657","366","0","","","5.09","0.0","0.0","0.0","0.0","10","0","0","0","0","","0","0","0","0","0","0","","","","","","","","","","","","","","10","2026-01-04","","","","2026-08-10","10","0","0","0","366","Y","Holiday Season","2026-10-24","2027-01-09"
"2026-08-13","RPALH258","X002AMRSSB","B0F6XFL6L8","20pcs Wheel Arch Trim Clips Universal Side Door Front Rear Wheel Arch Moulding Fasteners Car Rivet Retainer Clip Parts for R50 R52 R53 R55 R56 Grey Plastic Exterior","New","39","0","0","41","0","0","0","0","0","GBP","1","2","9","20","Low traffic","4.49","0.0","4.49","0.0","NoExcessInventory","39","0.0","0","0","0.0","0.75","0.003531","cubic feet","","0.137709","UK","gl_biss","144883","214","0","78","25","4.49","3.74","7.65","36.14","79.15","0","40","1","0","0","0.09","0","0","0","0","1","0","","","","","","","","","","","","","1219.0","0","","2026-08-09","1219.0","113.5","2026-08-10","39","1","0","0","220","N","","",""
"2026-08-13","RPALH260320","X002JL1PTV","B0GTQ8R69M","30 Pcs Paint Brushes, Small Brush Bulk for Detail Painting","New","26","0","0","0","28","0","0","0","0","GBP","0","0","2","2","Low traffic","5.89","0.0","5.89","0.0","Advertise listing","0","0.0","0","0","146.58","0.07","0.003531","cubic feet","Standard","0.091806","UK","gl_home","1552990","366","26","","169","5.89","0.0","0.0","10.48","10.48","0","0","0","0","0","0.06","0","0","0","0","0","0","","","","","","","","","","","","","","0","","","","2572.0","2026-08-10","26","0","0","0","366","N","","",""
"2026-08-13","RPALH295","X002AN4E9L","B0F6Y2DRQY","Stainless Steel Wire Skimmer Spoon Strainer Spider Kitchen Mesh Tool with Long Handle Non-Stick Cooking Strainer(S)","New","46","1","0","48","0","0","0","0","0","GBP","6","23","50","64","Low traffic","5.79","0.0","5.79","0.0","NoExcessInventory","47","0.0","0","0","0.0","2.17","0.024417","cubic feet","","1.123182","UK","gl_kitchen","309129","160","0","13","15","5.79","28.92","112.39","246.61","310.26","42","6","0","0","0","0.74","30","0","30","0","0","0","","","","","","","","","","","","","46.6","0","","2026-08-09","46.6","45.7","2026-08-10","77","0","0","0","160","N","","",""
"2026-08-13","RPALH553","X002IGG37B","B0GMPXWL8T","MNFPSJB Diabetic Food Chart Your Grocery & Shopping List for Nutrition that Supports Blood Sugar Control and Diabetes Management Diabetes Food List","New","2","0","0","2","0","0","0","0","0","GBP","2","15","20","27","Low traffic","5.29","0.0","5.29","0.0","NoRestockExcessActionRequired","2","0.0","0","0","0.0","3.06","0.012858","cubic feet","Standard","0.025716","UK","gl_home","365656","79","0","8","15","5.29","8.82","64.62","86.83","118.82","0","2","0","0","0","0.0","30","0","30","0","0","0","","","","","","","","","","","","","37.8","12","2026-08-25","2026-08-09","27.9","37.8","2026-08-10","32","0","0","0","79","N","","",""
"2026-08-13","RPALH313","X002AMWQ4R","B0F6XMJFKH","2PCS Belt Clip Hooks Compatible with Milwaukee M12 12V Impact Driver Hammer Drill Power Tools Replacement Parts with 2PCS Screws Metal","New","36","0","0","36","0","0","0","0","0","GBP","1","4","11","22","Low traffic","5.69","0.0","5.69","0.0","NoExcessInventory","36","0.0","0","0","0.0","0.89","0.003531","cubic feet","","0.127116","UK","gl_tools","145329","159","0","36","21","5.69","4.74","19.3","53.67","107.68","0","36","0","0","0","0.08","0","0","0","0","0","0","","","","","","","","","","","","","386.3","0","","2026-08-09","386.3","86.4","2026-08-10","36","0","0","0","159","N","","",""
"2026-08-13","RPALH488","X002AO4YXV","B0F7459V3N","10 Pin MNFPSJB Rear View Camera Adapter Wiring Harness Video Input Adapter for Android Car Radio Stereo Backup Camera Adapter Cable","New","64","0","0","67","0","0","0","0","0","GBP","4","15","36","60","Low traffic","5.89","0.0","5.89","0.0","NoExcessInventory","64","0.0","0","0","0.0","2.03","0.003531","cubic feet","Standard","0.225984","UK","gl_electronics","26676","228","0","30","24","5.89","19.64","73.65","176.76","294.6","63","4","0","0","0","0.14","50","0","50","0","0","0","","","","","","","","","","","","","52.9","0","","2026-08-09","52.9","34.1","2026-08-10","114","0","0","0","228","N","","",""
"2026-08-13","ZQLH251224","X002H7H93N","B0GCBWPG39","20 Pcs Flower Claw Clips Mini Hair Clips Small Hairs Clips Sweet Mini Barrettes Non-Slip Small Hairs Clips for Women Cute Hair Clips Haires Accessories for Women Photograph, Party, Wedding","New","87","3","0","93","0","0","0","0","0","GBP","5","31","47","63","Low traffic","6.29","0.0","6.29","0.0","NoExcessInventory","90","0.0","0","0","0.0","1.4","0.003531","cubic feet","Standard","0.307197","UK","gl_beauty","49424","134","0","14","23","6.29","26.2","162.44","246.28","330.12","41","52","0","0","0","0.18","28","0","28","0","2","0","","","","","","","","","","","","","72.7","0","","2026-08-09","72.7","52.3","2026-08-10","118","2","0","0","137","N","","",""
"2026-08-13","ZQLH251264","X002HBMMLX","B0GD5J3ZDY","Ice Cream Scoop, Icecream Scoop with Trigger Release, Easy Clean, for Gelato, Cookie Dough, Mashed Potatoes and Muffins","New","58","0","0","58","0","0","0","0","0","GBP","1","13","33","43","Low traffic","5.69","0.0","5.69","0.0","NoRestockExcessActionRequired","58","0.0","0","0","0.0","1.26","0.014264","cubic feet","Standard","0.827312","UK","gl_kitchen","351026","153","0","27","26","5.69","4.74","61.62","156.59","205.69","1","57","0","0","0","0.11","30","0","30","0","0","0","","","","","","","","","","","","","102.4","0","","2026-08-09","102.4","70.1","2026-08-10","88","0","0","0","153","N","","",""
"2026-08-13","RPALH260317","X002JL9PZH","B0GTQ8R54K","MNFPSJB Car Key Faraday Pouch, RFID Signal Blocking Key Case, Anti-Theft Remote Keyless Entry Protector, Double Lined Security Pouch with Key Ring, Black, 1 Pack","New","29","0","0","0","29","0","0","0","0","GBP","0","1","1","1","Low traffic","5.69","0.0","5.89","0.0","Advertise listing","0","0.0","0","0","68.28","0.03","0.003531","cubic feet","Standard","0.102399","UK","gl_electronics","334629","366","29","116","377","5.89","0.0","5.41","5.41","5.41","0","0","0","0","0","0.07","0","0","0","0","0","0","","","","","","","","","","","","","2673.0","0","","2026-08-09","873.0","2673.0","2026-08-10","29","0","0","0","366","N","","",""
"2026-08-13","RPALH513","X002I96M0B","B0GL2FT9CN","2PCS Retractable Keychain,Heavy Duty Badge Reel with 23.6'' Steel Cord,Retractable Keyring Extendable Key Chain Heavy Duty Key Lanyard Belt Clip Badge Holder Pull Reel for Outdoor (Black)","New","23","0","0","24","0","0","0","0","0","GBP","0","3","6","12","Low traffic","7.49","0.0","7.49","0.0","Create Outlet deal","14","6.71","2","0","5.05","0.9","0.003531","cubic feet","Standard","0.081213","UK","gl_office_product","182537","132","0","30","24","7.49","0.0","19.06","39.79","81.73","0","24","0","0","0","0.05","0","0","0","0","0","0","","","","","","","","","","","","","256.3","0","","2026-08-09","256.3","98.5","2026-08-10","23","0","0","0","132","N","","",""
"2026-08-13","ZQLH251223","X002H7H5KF","B0GCD66GNS","Hair Clips, Small Barrettes Claw Clips Hair Accessories for Women Girls, Set of 5 Flower Headwear for Party Wedding Daily, Clear Colour","New","13","0","0","16","0","0","0","0","0","GBP","1","4","14","20","Low traffic","4.59","0.0","4.59","0.0","Create Outlet deal","0","3.03","2","0","56.0","2.42","0.003531","cubic feet","Standard","0.045903","UK","gl_beauty","150815","56","0","13","8","4.59","3.82","15.28","48.0","66.11","16","0","0","0","0","0.03","0","0","0","0","3","0","","","","","","","","","","","","","88.0","8","2026-08-30","2026-08-09","88.0","40.8","2026-08-10","13","3","0","0","69","N","","",""
"2026-08-13","RPALH584","X002I8MO8L","B0GL1D8MW1","Scoop and Pick Jar Spoon and Fork, for Olives in Jars - Green","New","7","0","0","7","0","0","0","0","0","GBP","0","6","12","21","Low traffic","3.69","0.0","3.69","0.0","Create Outlet deal","0","2.95","2","0","26.89","2.9","0.003531","cubic feet","Standard","0.024717","UK","gl_kitchen","547439","42","0","4","4","3.69","0.0","18.42","36.84","65.44","0","7","0","0","0","0.02","0","0","0","0","0","0","","","","","","","","","","","","","52.5","21","2026-08-07","2026-08-09","52.5","33.9","2026-08-10","7","0","0","0","42","N","","",""
"2026-08-13","RPLH260364","X002JQ7LTT","B0GV75YGYH","1 Piece Polypropylene Shoulder Strap Replacement 2.5cm Wide Light Blue Nylon Adjustable Bag Strap for Laptop Handbag,Backpack,Crossbody,Shoulder Bag","New","33","0","0","32","2","0","0","0","0","GBP","7","15","18","22","","5.19","0.0","5.19","0.0","NoExcessInventory","33","0.0","0","0","0.0","0.89","0.003531","cubic feet","Standard","0.116523","UK","gl_automotive","92030","98","0","8","19","5.19","30.24","64.8","77.76","95.4","32","0","0","0","0","0.07","0","0","0","0","1","0","","","","","","","","","","","","","131.1","6","2026-08-30","2026-08-09","84.8","131.1","2026-08-10","33","1","0","0","102","N","","",""
"2026-08-13","RPLH260348","X002JOQLAB","B0GV285Z2S","MNFPSJB 1 Pack Transparent Plastic Wallet Inserts for Credit Cards, Durable PVC Cardholder for ID, Membership & Credit Cards(10Pages 20 Slots & 10 Pages 10 Slots, 9.5 X 6.5 cm)","New","27","0","0","15","12","0","0","0","0","GBP","0","1","1","2","Low traffic","4.29","0.0","4.29","0.0","Advertise listing","0","0.0","0","0","58.04","0.08","0.003531","cubic feet","Standard","0.095337","UK","gl_luggage","863147","366","27","108","175","4.29","0.0","3.57","3.57","8.39","0","0","15","0","0","0.07","0","0","0","0","0","0","","","","","","","","","","","","","1179.0","0","","2026-08-09","826.0","1179.0","2026-08-10","27","0","0","0","366","N","","",""
"2026-08-13","RPALH364","X002AN4H7Z","B0F6Y2JTSY","Spring Loaded Center Punch Automatic Anti-Slip Heavy Duty Hole Tool for Metal Wood Plastic","New","41","0","0","30","12","0","0","0","0","GBP","3","8","16","24","Low traffic","6.09","0.0","6.09","0.0","NoExcessInventory","41","0.0","0","0","0.83","0.76","0.003531","cubic feet","","0.144771","UK","gl_home_improvement","163046","177","0","20","22","6.09","15.21","40.56","82.31","124.23","30","0","0","0","0","0.1","0","0","0","0","1","0","","","","","","","","","","","","","117.1","0","","2026-08-09","117.1","111.6","2026-08-10","41","1","0","0","181","N","","",""
"2026-08-13","RPALH517","X002IG83J7","B0GMNXRTS5","MNFPSJB 2 Pcs 120ml Reusable Squeeze Bottles with Nozzles – Leak-Proof Portable Applicator for Shampoo, Crafts, Travel | Graduated, Eco-Friendly PE Plastic (Red Caps)","New","10","0","0","13","0","0","0","0","0","GBP","11","22","26","33","Low traffic","5.99","0.0","5.99","0.0","NoRestockExcessActionRequired","","","0","0","","4.27","0.003531","cubic feet","Standard","0.03531","UK","gl_home","64085","44","0","7","15","5.99","54.89","108.59","128.31","162.0","13","0","0","0","0","","30","0","30","0","2","0","","","","","","","","","","","","","32.7","37","2026-08-11","2026-08-09","27.2","32.7","2026-08-10","40","1","1","0","47","N","","",""
"2026-08-13","ZQLH251227","X002H7V9LB","B0GCB44WQ4","Set of 3 Hair Bun Invisible Wig Clips - Adds Volume and Fullness, Basic and Princess Style Thickening Hair Pads, Hair Styling Insertion Tool (Dark Brown)","New","17","1","0","21","0","0","0","0","0","GBP","3","13","18","24","Low traffic","5.39","0.0","5.39","0.0","NoExcessInventory","17","0.0","0","0","0.0","1.13","0.003531","cubic feet","Standard","0.060027","UK","gl_beauty","117130","131","0","14","25","5.39","13.47","58.37","80.82","110.08","0","15","6","0","0","0.03","30","0","30","0","1","0","","","","","","","","","","","","","87.2","0","","2026-08-09","63.7","87.2","2026-08-10","48","1","0","0","134","N","","",""
"2026-08-13","RPALH072","X002AMRTH1","B0F6XQKPTG","3Pcs Halloween Monster Angry Eyes Car Decals,15 x 7 cm Black Vinyl Bumper Stickers and Decals, Halloween Funny Monster Stickers for Cars, Trucks, Dents & Sports Cars","New","40","0","0","43","0","0","0","0","0","GBP","5","12","18","28","Low traffic","5.59","0.0","5.59","0.0","NoRestockExcessActionRequired","40","0.0","0","0","0.0","1.24","0.003531","cubic feet","","0.14124","UK","gl_home","48214","150","0","13","18","5.59","23.3","55.92","84.2","132.4","33","10","0","0","0","0.09","0","0","0","0","1","0","","","","","","","","","","","","","172.9","0","","2026-08-09","172.9","82.3","2026-08-10","40","1","0","0","154","N","","",""
"2026-08-13","RPALH579","X002I97SL3","B0GL29YZV9","336pcs Colorful Map Location Marker Pointer,Map Location Stickers Self Adhesive Peel and Stick Indicator Labels for Marking Camping Adventure Sites Travel Destinations","New","59","0","0","59","0","0","0","0","0","GBP","1","7","15","29","Low traffic","4.09","0.0","4.09","0.0","NoRestockExcessActionRequired","","","0","0","","1.1","0.003531","cubic feet","Standard","0.208329","UK","gl_office_product","99013","126","0","33","26","4.09","3.41","23.87","51.15","97.52","31","28","0","0","0","","0","0","0","0","0","0","","","","","","","","","","","","","216.1","0","","2026-08-09","216.1","81.5","2026-08-10","59","0","0","0","126","N","","",""
"2026-08-13","ZQLH240978","X0024FRJNN","B0DGD29PL9","Nylon Dog Lead and Training Leash - Red Durable Rope for Small and Medium Dogs - Walking and Training","New","31","0","0","23","9","0","0","0","0","GBP","1","4","8","14","Low traffic","4.09","0.0","4.09","0.0","NoExcessInventory","31","0.0","0","0","0.0","0.52","0.013208","cubic feet","Standard","0.409448","UK","gl_pet_products","63756","291","0","61","56","4.09","3.41","13.64","27.28","49.24","0","23","0","0","0","0.25","30","0","30","0","1","0","","","","","","","","","","","","","145.1","0","","2026-08-09","145.1","120.5","2026-08-10","61","1","0","0","298","N","","",""
"2026-08-13","RPALH018","X002AN87NP","B0F6Y351X1","Gaming Invites Gamers Party 10 Pcs Kids Console Theme Birthday Celebration Supplies(4X6 in)","New","49","0","0","51","0","0","0","0","0","GBP","0","1","4","9","Low traffic","4.09","0.0","4.09","0.0","NoExcessInventory","49","0.0","0","0","0.0","0.42","0.003531","cubic feet","","0.173019","UK","gl_office_product","239919","366","0","196","70","4.09","0.0","3.41","13.72","30.32","31","15","5","0","0","0.11","0","0","0","0","2","0","","","","","","","","","","","","","723.5","0","","2026-08-09","723.5","260.3","2026-08-10","49","2","0","0","366","N","","",""
"2026-08-13","RPALH333","X002AMOX4N","B0F6XRMTRS","2PCS Replacement Tap Valves Kitchen Mixer tap Cartridge Replacement Brass Ceramic Stem Disc Cartridge Faucet tap Cartridge Replacement 1/4 Turn for Bathroom Kitchen","New","39","0","0","38","0","0","0","0","0","GBP","4","10","18","22","Low traffic","4.39","0.0","4.39","0.0","NoExcessInventory","38","0.0","0","0","0.0","0.92","0.003531","cubic feet","","0.137709","UK","gl_home_improvement","114946","117","0","15","23","4.39","14.64","36.6","68.52","85.98","29","9","0","0","0","0.08","0","0","0","0","0","0","","","","","","","","","","","","","72.9","2","2026-08-22","2026-08-09","57.3","72.9","2026-08-10","39","0","0","0","117","N","","",""
"2026-08-13","ZQLH251251","X002HARDV3","B0GCZWSV7Y","MNFPSJB 4 Pack Black Plastic Pocket Hair Combs, Dual-Sided Fine & Standard Teeth Styling Combs for Home Salon Travel Barber Use","New","32","0","0","30","2","0","0","0","0","GBP","0","1","8","9","Low traffic","3.59","0.0","3.59","0.0","Create Outlet deal","0","2.87","2","0","106.49","0.61","0.003531","cubic feet","Standard","0.112992","UK","gl_beauty","223626","309","32","128","46","3.59","0.0","2.99","23.92","26.91","30","0","0","0","0","0.08","0","0","0","0","0","0","","","","","","","","","","","","","567.0","0","","2026-08-09","567.0","123.6","2026-08-10","32","0","0","0","309","N","","",""
"2026-08-13","RPALH260319","X002JL3LE3","B0GTQD4HLV","MNFPSJB Reusable Shower Cap for Women, Double Layer Waterproof Large Satin Hair Cap, Pink Cloud Design for All Hair Lengths - Ideal for Home, Spa, Salon, Long Hair, Braids & Curly Hair","New","16","0","0","0","20","0","0","0","0","GBP","1","1","1","1","Low traffic","5.49","0.0","5.49","0.0","Advertise listing","0","0.0","0","0","37.33","0.0","0.003531","cubic feet","Standard","0.056496","UK","gl_beauty","","","16","64","208","5.49","4.57","4.57","4.57","4.57","0","0","0","0","0","0.04","0","0","0","0","3","0","","","","","","","","","","","","","","0","","","","","2026-08-10","16","3","0","0","","N","","",""
"2026-08-13","RPALH038","X002AMRTWV","B0F6XMFFFS","Stainless Steel Coffee Scoop: 30ml Metal Measuring Spoon with Short Handle for Ground Coffee, Beans, Powder, Espresso (30ml)","New","9","0","0","10","0","0","0","0","0","GBP","1","8","11","14","Low traffic","4.29","0.0","4.29","0.0","NoExcessInventory","10","0.0","0","0","0.0","1.04","0.006733","cubic feet","","0.060597","UK","gl_kitchen","361683","101","0","14","26","4.29","3.57","28.56","39.27","50.32","0","10","0","0","0","0.03","20","0","20","0","1","0","","","","","","","","","","","","","92.6","0","","2026-08-09","50.6","92.6","2026-08-10","29","1","0","0","104","N","","",""
"2026-08-13","RPALH015","X002AMRXN1","B0F6X6X7ZK","Plumber Tools, ABS Manual Chamfer Portable PPR Calibrator Pipe Reamer Inner and Outer Reamer Calibrator Accessories with Enhanced Calibrator Pipe Reamer Cutter Tool for 16MM 20MM 25MM Plastic Pipe","New","61","0","0","61","0","0","0","0","0","GBP","3","5","20","31","Low traffic","5.89","0.0","5.89","0.0","NoExcessInventory","61","0.0","0","0","0.05","1.11","0.003531","cubic feet","","0.215391","UK","gl_biss","37708","216","0","49","26","5.89","14.73","24.55","99.52","151.66","49","12","0","0","0","0.14","1","0","0","1","0","0","","","","","","","","","","","","","183.8","0","","2026-08-09","183.8","114.5","2026-08-10","62","0","0","0","216","N","","",""
"2026-08-13","RPLH260390","X002JRKI0H","B0GVDN2ZDX","MNFPSJB 24Pcs Short Almond Press On Nails, Glossy Red French Tip Fake Nails with Cute Cherry Design, Reusable False Nails with 12 Sizes, Complete Home Manicure Kit with Adhesive Tabs & Tools","New","17","0","0","0","20","0","0","0","0","GBP","","","","","Low traffic","4.59","0.0","4.79","0.0","Advertise listing","0","0.0","0","0","39.55","0.0","0.003531","cubic feet","Standard","0.060027","UK","gl_beauty","","","17","","","4.79","","","","","0","0","0","0","0","0.04","0","0","0","0","3","0","","","","","","","","","","","","","","0","","","","","2026-08-10","17","3","0","0","","N","","",""
"2026-08-13","ZQLH260701","X002NC88P5","B0HB45D17P","Stainless Steel Potato Masher, Dual Layer Heavy Duty Potato Ricer Masher, Non-Stick Smooth Creamy Mash Maker for Potatoes, Vegetables, Baby Food, Dishwasher Safe Kitchen Utensil","New","25","3","0","28","0","0","0","0","0","GBP","","","","","Low traffic","13.99","0.0","13.99","0.0","Advertise listing","","","0","0","","0.0","0.003531","cubic feet","Standard","0.088275","UK","gl_kitchen","","83","0","","","","","","","","28","0","0","0","0","","0","0","0","0","0","0","","","","","","","","","","","","","","0","","","","","2026-08-10","28","0","0","0","83","N","","",""
"2026-08-13","RPALH260325","X002JL841X","B0GTQFXKFG","Medium Titanium Carabiner Keychain, Heavy Duty Quick Release Snap Hook Clip with Side-Pushing Key Ring,Lightweight Anti-Rust Key Holder for Everyday Use, carabiner keyring，key ring clips","New","22","0","0","2","23","0","0","0","0","GBP","2","4","5","6","Low traffic","6.49","0.0","6.49","0.0","Create Outlet deal","0","5.35","2","0","45.11","0.17","0.003531","cubic feet","Standard","0.077682","UK","gl_sports","103945","311","22","22","47","6.49","10.82","21.96","28.03","34.85","0","1","1","0","0","0.05","0","0","0","0","2","0","","","","","","","","","","","","","521.0","0","","2026-08-09","281.3","521.0","2026-08-10","22","2","0","0","341","N","","",""
"2026-08-13","RPALH489","X002ANODDX","B0F7252H75","1 Pcs Red Momentary Push Button Switch – 12v 5A Screen Wash Horn Kit/Classic Car","New","28","0","0","21","15","0","0","0","0","GBP","2","6","12","16","Low traffic","4.99","0.0","4.99","0.0","NoRestockExcessActionRequired","28","0.0","0","0","0.0","0.56","0.003531","cubic feet","","0.098868","UK","gl_biss","95046","169","0","18","22","4.99","8.32","24.96","50.0","66.96","21","0","0","0","0","0.06","0","0","0","0","5","0","","","","","","","","","","","","","125.8","0","","2026-08-09","113.3","125.8","2026-08-10","28","5","0","0","203","N","","",""
"2026-08-13","RPALH227","X002AMZCBL","B0F6X216T9","Roll of 500 x Cute Panda Stickers Labels Scrapbook Rewards Well Done Teacher Love Animal (2.2cm) 22mm (500 Stickers","New","16","0","0","16","0","0","0","0","0","GBP","2","9","25","34","Low traffic","4.19","0.0","4.19","0.0","NoExcessInventory","16","0.0","0","0","0.0","2.86","0.003531","cubic feet","","0.056496","UK","gl_home","374332","177","0","24","21","4.19","6.98","31.41","86.06","115.94","0","16","0","0","0","0.02","40","0","40","0","0","0","","","","","","","","","","","","","70.2","0","","2026-08-09","70.2","27.6","2026-08-10","56","0","0","0","177","N","","",""
"2026-08-13","RPALH178","X002AMRVVF","B0F6XGKQT9","4 Pcs Car Boot Parcel Shelf Clips Pins Parcel Shelf String Clip Holders Parcel Shelf Holding Strap Suitable for Cars","New","48","1","0","51","0","0","0","0","0","GBP","6","20","32","43","Low traffic","5.39","0.0","5.39","0.0","NoExcessInventory","49","0.0","0","0","0.0","1.48","0.003531","cubic feet","","0.169488","UK","gl_biss","16209","93","0","9","14","5.39","26.94","89.8","143.68","193.07","41","10","0","0","0","0.11","0","0","0","0","0","0","","","","","","","","","","","","","110.3","8","2026-08-23","2026-08-09","110.3","68.4","2026-08-10","49","0","0","0","93","N","","",""
"2026-08-13","amzn.gr.RPALH066-9QTsA32h0DGXYJ3ZIpBH-VG","X002IYV23X","B0F72N9Z5H","Windshield Washer Nozzles Replacement for Honda Civic 1987-2005 Fit/Jazz 2001-2008 CR-V 2006-2011 Accord 2003-2008 Acura TSX RL RSX Integra Spray Jet Kit Accessories","Used","1","0","0","0","1","0","0","0","0","GBP","","","","","Low traffic","4.24","0.0","4.99","4.24","Advertise listing","1","0.0","0","0","0.0","2.18","0.003531","cubic feet","Standard","0.003531","UK","gl_home_improvement","24032","2","0","","","4.99","","","","","0","0","0","0","0","0.0","0","0","0","0","0","0","","","","","","","","","","","","","","28","2026-08-12","","","","2026-08-10","1","0","0","0","2","N","","",""
"2026-08-13","RPALH260323","X002JMAHMV","B0GTQD3GBQ","Heat Mat for Straighteners, Resistant Mat for Curling Iron, Silicone Heat Resistant for Travel Flat Iron Hair Straightener, Protecting for Hair Curler 28 cm x 13.5 cm","New","29","0","0","0","29","0","0","0","0","GBP","0","1","1","1","Low traffic","7.49","0.0","7.69","0.0","Advertise listing","8","0.0","0","0","58.55","0.03","0.003531","cubic feet","Standard","0.102399","UK","gl_personal_care_appliances","","366","21","116","377","8.09","0.0","6.74","6.74","6.74","0","0","0","0","0","0.07","0","0","0","0","0","0","","","","","","","","","","","","","2684.0","0","","2026-08-09","884.0","2684.0","2026-08-10","29","0","0","0","366","Y","Holiday Season","2026-10-17","2027-02-13"
"2026-08-13","RPALH556","X002IA4GXZ","B0GL7JWPWM","2PCS Bike 8mm Hex Crank Arm Fixing Bolts Screws with Caps - Capless Bottom Bracket Screws for Mountain and Road Bikes","New","55","23","0","83","0","0","0","0","0","GBP","2","13","28","43","Low traffic","4.89","0.0","4.89","0.0","Create Outlet deal","0","3.59","2","0","157.89","1.2","0.005687","cubic feet","Standard","0.312785","UK","gl_biss","149489","175","0","16","16","4.89","8.14","53.59","113.98","170.0","39","44","0","0","0","0.19","0","0","0","0","4","0","","","","","","","","","","","","","128.3","0","","2026-08-09","128.3","57.4","2026-08-10","78","4","0","0","184","N","","",""
"2026-08-13","RPALH063","X002AMOX43","B0F6X6YTPC","4Pcs Sink Tap Back Nut 1/2"" BSP Plastic Back Nuts Accessories for Bathroom Basin Taps Mixers Round Faced Flanged Back Nuts Home tools Black","New","41","0","0","40","0","0","0","0","0","GBP","0","8","26","43","Low traffic","4.59","0.0","4.79","0.0","NoExcessInventory","41","0.0","0","0","0.0","2.14","0.003531","cubic feet","","0.144771","UK","gl_biss","217276","347","0","35","21","4.79","0.0","31.92","102.04","162.23","40","0","0","0","0","0.09","30","0","30","0","0","0","","","","","","","","","","","","","115.0","0","","2026-08-09","115.0","42.8","2026-08-10","71","0","0","0","347","N","","",""
"2026-08-13","RPALH495","X002I8W8Y1","B0GKZD8L1Z","5Pcs Star Cookie Cutter Set, Star Cutters for Baking Cutter Christmas Baking Pastry Set, Biscuit Cake Kids Gingerbread Mince Pentagram Shaped Stainless Steels Cookies Mould for Christma Foods Shapes","New","21","0","0","24","0","0","0","0","0","GBP","1","1","8","9","Low traffic","4.43","0.0","4.43","0.0","Create Outlet deal","0","3.54","2","0","77.57","0.98","0.003305","cubic feet","Standard","0.069405","UK","gl_kitchen","551957","180","0","84","30","4.43","3.69","3.69","29.52","33.21","20","0","4","0","0","0.05","0","0","0","0","3","0","","","","","","","","","","","","","687.0","0","","2026-08-09","687.0","129.1","2026-08-10","21","3","0","0","208","N","","",""
"2026-08-13","RPALH502","X002IGG669","B0GMPFJ1B5","MNFPSJB 2pcs Car Seat Gap Strip Storage Box Chair Clamp Cushion Seat Clip Anti-leakage Storage Strip Interior Accessories Prevent Items From Falling General Vehicle Sedan SUV Truck (black)","New","41","0","0","41","0","0","0","0","0","GBP","0","1","3","8","Low traffic","7.49","0.0","7.69","0.0","Create Outlet deal","11","6.71","2","0","66.8","0.32","0.065134","cubic feet","Standard","2.670494","UK","gl_home","37750","366","0","164","66","7.69","0.0","6.41","20.31","55.26","0","30","11","0","0","1.78","0","0","0","0","0","0","","","","","","","","","","","","","1253.0","0","","2026-08-09","1253.0","214.2","2026-08-10","41","0","0","0","366","N","","",""
"2026-08-13","RPALH542","X002IADZO1","B0GL83NZF4","2PCS Shower Floor Drain Backflow Preventer Sewer Core Anti-Odor Plug for Kitchen Bathroom","New","40","0","0","40","0","0","0","0","0","GBP","0","3","18","23","Low traffic","7.69","0.0","7.69","0.0","Create Outlet deal","0","6.31","2","0","87.8","1.39","0.003531","cubic feet","Standard","0.14124","UK","gl_home","666329","137","0","57","24","7.69","0.0","19.39","119.64","153.5","30","10","0","0","0","0.1","3","0","0","3","0","0","","","","","","","","","","","","","139.0","0","","2026-08-09","139.0","69.0","2026-08-10","43","0","0","0","137","N","","",""
"2026-08-13","amzn.gr.RPALH400-ERoeeQ5jXXsslxuXyLR3-AC","X002FUT3DV","B0F6XS4XVB","2X Silver Chrome Plated Copper Metal Bathroom Sink Overflow Ring Replacement, Basin Overflow Hole Insert Plug Round Cover Ring for Kitchen Bathroom wash Basin Bowl Sink Trim","Used","1","0","0","0","0","0","1","0","0","GBP","","","","","Low traffic","5.02","0.0","6.69","5.02","Advertise listing","1","0.0","0","0","0.0","1.39","0.010137","cubic feet","Standard","0.010137","UK","gl_home_improvement","108083","1","0","","","6.69","","","","","0","0","0","1","0","0.0","0","0","0","0","0","0","0","0.0","1","0.03","0","0.0","0","0.0","0","0.0","0","0.0","","77","2026-08-12","","","","2026-08-10","1","0","0","0","1","N","","",""
"2026-08-13","RPALH369","X002AMRT8Z","B0F6X5JYTP","10Pcs Black Hall Element 49E Oh49E Ss49E Linear Sensor Hall Sensor Hall Effect Sensors Industrial Electrical Accessories","New","47","0","0","46","3","0","0","0","0","GBP","1","3","4","9","Low traffic","5.39","0.0","5.39","0.0","Create Outlet deal","13","3.99","2","0","64.05","0.27","0.003531","cubic feet","","0.165957","UK","gl_biss","48882","366","34","62","67","5.39","4.49","13.8","18.79","44.59","1","30","15","0","0","0.11","0","0","0","0","1","0","","","","","","","","","","","","","505.7","0","","2026-08-09","505.7","304.7","2026-08-10","47","1","0","0","366","N","","",""
"2026-08-13","ZQLH251267","X002HBQ2RD","B0GD66MCVM","Car pedal pads, set of 1 pair of brake and clutch pedal rubber replacement covers, 46545-SA5-000","New","46","0","0","31","15","0","0","0","0","GBP","1","4","11","14","","4.99","0.0","4.99","0.0","Create Outlet deal","12","4.39","2","0","20.69","0.46","0.003531","cubic feet","Standard","0.162426","UK","gl_automotive","101234","228","34","46","42","4.99","4.16","17.63","51.74","67.22","30","1","0","0","0","0.11","0","0","0","0","0","0","","","","","","","","","","","","","169.0","0","","2026-08-09","169.0","157.6","2026-08-10","46","0","0","0","228","N","","",""
"2026-08-13","RPALH347","X002AN8SH5","B0F6Y432CB","MNFPSJB 3 Pcs Dog Toothbrush Three Heads Toothbrush for Pet Teeth Care","New","23","0","0","24","0","0","0","0","0","GBP","4","14","21","23","Low traffic","3.99","0.0","3.99","0.0","NoRestockExcessActionRequired","0","3.26","52","0","77.1","1.83","0.003531","cubic feet","","0.081213","UK","gl_personal_care_appliances","61868","366","0","20","41","3.99","13.28","46.48","69.24","75.56","24","0","0","0","0","0.06","50","0","50","0","1","0","","","","","","","","","","","","","37.7","0","","2026-08-09","20.6","37.7","2026-08-10","73","1","0","0","366","N","","",""
"2026-08-13","ZQLH251236","X002H87APJ","B0GCD19F7Z","Push Button Click Clack Plug Wash BasinSink Tap Bath Kitchen Drain Stopper Pop Up Plug Replacement Suitable for 36mm Diameter Bathroom Sink Drain，sink overflow cover，pop up plugs for wash basins ﻿","New","15","0","0","15","0","0","0","0","0","GBP","0","3","5","7","Low traffic","4.69","0.0","4.69","0.0","Create Outlet deal","0","0.0","0","0","68.42","0.48","0.003531","cubic feet","Standard","0.052965","UK","gl_home","822491","161","0","20","27","4.69","0.0","11.73","19.55","28.03","0","0","15","0","0","0.04","0","0","0","0","0","0","","","","","","","","","","","","","244.3","0","","2026-08-09","159.3","244.3","2026-08-10","15","0","0","0","161","N","","",""
"2026-08-13","RPALH256","X002AMRSW7","B0F6WT1HWN","Secure Hand Strap for Kindle E-Readers and Paperwhite, High-Elasticity Versatile Grippy Holder for 6-8"" E-Readers Tablet Phones, Non-Slip, Lightweight and Compact Strapsicle for Kindle","New","22","0","0","21","1","0","0","0","0","GBP","0","0","3","6","Low traffic","3.89","0.0","3.89","0.0","Create Outlet deal","0","3.11","2","0","82.04","0.44","0.003531","cubic feet","Apparel","0.077682","UK","gl_apparel","81895","366","22","","47","3.89","0.0","0.0","9.89","19.61","1","20","0","0","0","0.04","0","0","0","0","0","0","","","","","","","","","","","","","","0","","","","156.8","2026-08-10","22","0","0","0","366","N","","",""
"2026-08-13","ZQLH2409115","X0024XMIS1","B0DHFYJC1K","Door Observer Black Peephole or Peephole with Privacy Cover Door Peephole","New","61","24","0","39","0","0","0","0","0","GBP","4","16","35","46","Low traffic","6.99","0.0","6.99","0.0","NoExcessInventory","45","5.59","2","0","86.98","2.14","0.010059","cubic feet","Standard","0.613599","UK","gl_home_improvement","154617","201","0","15","17","6.99","23.28","93.12","203.7","267.72","37","2","0","0","0","0.59","0","0","0","0","0","1","","","","","","","","","","","","","86.2","0","","2026-08-09","86.2","54.5","2026-08-10","85","0","0","0","201","N","","",""
"2026-08-13","RPLH260372","X002JP0Z4X","B0GV3THDX5","MNFPSJB Secure Hand Strap for 6-7.5 Inch E-Readers and Tablets - Versatile Lightweight Finger Grip Holder with High Elasticity Nylon Fabric - Two-Jaw Snap-On Design - Matcha Green","New","15","0","0","1","29","0","0","0","0","GBP","","","","","Low traffic","5.29","0.0","5.49","0.0","Advertise listing","0","0.0","0","0","35.22","0.0","0.003531","cubic feet","Standard","0.052965","UK","gl_wireless","","","15","","","6.09","","","","","0","0","1","0","0","0.04","0","0","0","0","15","0","","","","","","","","","","","","","","0","","","","","2026-08-10","15","15","0","0","","N","","",""
"2026-08-13","RPALH076","X002AO0AJ3","B0F7257LKQ","8 Pcs Plastic Fake Fish - Colourful Assorted Artificial Plastic Tropical Fish for Bubble Lamp Aquarium Fish Tank Aquarium Decoration (Random style)","New","6","0","0","7","0","0","0","0","0","GBP","3","16","32","47","Low traffic","5.79","0.0","5.79","0.0","NoRestockExcessActionRequired","5","0.0","0","0","0.0","5.94","0.007946","cubic feet","Standard","0.047676","UK","gl_home","61097","124","0","11","12","5.79","14.46","77.12","153.12","222.86","0","7","0","0","0","0.02","40","0","40","0","0","0","","","","","","","","","","","","","26.4","1","2026-08-21","2026-08-09","26.4","22.1","2026-08-10","46","0","0","0","124","N","","",""
"2026-08-13","RPALH139","X002AN5LST","B0F6Y3F36Q","Quilting Pins Sewing Scarf Hijab Pearlized Straight Colorful Head Fabric Loose Dressmaking DIY Craft Flower Decoration(3Pack)","New","9","0","0","0","9","0","0","0","0","GBP","0","2","2","3","Low traffic","3.79","0.0","3.79","0.0","Create Outlet deal","0","3.03","2","0","35.16","0.28","0.003531","cubic feet","","0.031779","UK","gl_home","756707","116","9","18","39","3.79","0.0","6.32","6.32","9.81","0","0","0","0","0","0.02","0","0","0","0","0","0","","","","","","","","","","","","","324.0","1","2026-08-28","2026-08-09","150.0","324.0","2026-08-10","9","0","0","0","116","N","","",""
"2026-08-13","RPALH254","X002AMUM1L","B0F6XJJDWZ","40 Pcs Silicone Toe Protector, Toe Protectors for Women, Silicone Toe Protectors, Toe Covers for Men Gel Toe Separators for Shoes for Corns - Blisters and Ingrown Toenails","New","22","0","0","10","12","0","0","0","0","GBP","1","6","9","11","Low traffic","5.79","0.0","5.99","0.0","NoRestockExcessActionRequired","22","0.0","0","0","0.0","0.42","0.003531","cubic feet","","0.077682","UK","gl_drugstore","112557","134","0","14","26","5.99","4.99","29.94","44.99","55.31","0","0","10","0","0","0.05","0","0","0","0","0","0","","","","","","","","","","","","","231.0","0","","2026-08-09","110.7","231.0","2026-08-10","22","0","0","0","134","N","","",""
"2026-08-13","RPALH105","X002ANYH4X","B0F727C9Z8","10 Pcs Silicone Earring Backs for Wire Earrings Locking Earring Backs for Studs/Droopy Heavy Earring Hypoallergenic and Comfort Rubber Earring Backs for Studs Safety Back Stoppers for Women Men","New","31","0","0","15","16","0","0","0","0","GBP","1","1","3","6","Low traffic","3.59","0.0","3.59","0.0","NoExcessInventory","31","0.0","0","0","0.0","0.2","0.003531","cubic feet","","0.109461","UK","gl_jewelry","303602","366","0","124","67","3.59","2.99","2.99","8.97","18.18","0","0","15","0","0","0.07","0","0","0","0","0","0","","","","","","","","","","","","","959.0","0","","2026-08-09","959.0","408.3","2026-08-10","31","0","0","0","366","N","","",""
"2026-08-13","RPALH260327","X002JLBNLB","B0GTQLND31","MNFPSJB Silicone Stand Base for Pocket 3, ø65mm Nonslip Soft Stable Anti Scratch Desktop Camera Mount Support Base Accessory Compatible with DJI Osmo Pocket 3 Gimbal Camera, AC020","New","25","0","0","0","30","0","0","0","0","GBP","","","","","Low traffic","7.99","0.0","8.19","0.0","Advertise listing","0","0.0","0","0","59.37","0.0","0.003531","cubic feet","Standard","0.088275","UK","gl_wireless","","","25","","","8.39","","","","","0","0","0","0","0","0.06","0","0","0","0","5","0","","","","","","","","","","","","","","0","","","","","2026-08-10","25","5","0","0","","N","","",""
"2026-08-13","RPLH260333","X002JMWBHZ","B0GTVTKDFV","Pack of 2 Rave Stickers, Eyeliner Gems, Rhinestones, Festival, Eyeliner, Face, Bindi Decorations, Glitter, Crystal Stickers for Men, Women, Children, Halloween, Prank, Make Up Costume","New","19","0","0","0","19","0","0","0","0","GBP","0","3","6","8","Low traffic","4.39","0.0","4.59","0.0","Create Outlet deal","0","3.99","2","0","77.5","0.33","0.003531","cubic feet","Standard","0.067089","UK","gl_beauty","263258","366","39","52","63","4.59","0.0","12.48","24.96","33.44","0","0","0","0","0","0.05","20","0","20","0","0","0","","","","","","","","","","","","","269.1","0","","2026-08-09","208.0","269.1","2026-08-10","39","0","0","0","366","Y","Halloween","2026-09-26","2026-11-06"
"2026-08-13","RPALH473","X002AMRV5B","B0F6XRXV3K","MNFPSJB Windscreen Washer Bottle Cap, 54-58mm Universal Aftermarket Replacement Cap, Leak-Proof Fit for Most Vehicle Models","New","55","4","0","63","0","0","0","0","0","GBP","3","14","21","31","","4.99","0.0","4.99","0.0","Create Outlet deal","15","3.99","2","0","101.58","1.23","0.003531","cubic feet","","0.194205","UK","gl_automotive","77935","226","0","16","23","4.99","12.48","58.24","87.36","128.96","60","3","0","0","0","0.14","1","0","0","1","1","0","","","","","","","","","","","","","62.2","0","","2026-08-09","62.2","54.5","2026-08-10","60","1","0","0","230","N","","",""
"2026-08-13","RPALH564","X002IGFYSF","B0GMQ7PYP3","2 Pack Metal Kazoo Musical Instruments, With Lanyard, 2 Colors Kazoo, For Kids Music Lover, A Good Companion For Guitar, Ukulele, Violin, Piano Keyboard","New","67","5","0","83","0","0","0","0","0","GBP","15","65","81","96","Low traffic","4.69","0.0","4.69","0.0","NoRestockExcessActionRequired","","","0","0","","4.13","0.003531","cubic feet","Standard","0.236577","UK","gl_musical_instruments","2682","101","0","10","23","4.69","58.65","254.15","315.52","371.62","83","0","0","0","0","","110","0","110","0","8","0","","","","","","","","","","","","","16.1","0","","2026-08-09","16.1","12.1","2026-08-10","182","8","0","0","105","N","","",""
"2026-08-13","RPALH271","X002AMRTPN","B0F6W95918","MNFPSJB Silver Heart Magnetic Jewelry Clasp, Double Lobster Clasp Necklace Extender, for Bracelet Necklace Closure DIY Jewelry Making, Silver & Gold","New","52","0","0","51","4","0","0","0","0","GBP","2","6","23","33","Low traffic","4.99","0.0","4.99","0.0","NoExcessInventory","52","0.0","0","0","0.0","1.01","0.003531","cubic feet","","0.183612","UK","gl_office_product","399388","187","0","34","20","4.99","8.32","25.12","98.56","142.44","50","0","1","0","0","0.12","0","0","0","0","3","0","","","","","","","","","","","","","132.3","0","","2026-08-09","132.3","72.0","2026-08-10","52","3","0","0","199","N","","",""
"2026-08-13","RPALH448","X002AMULZN","B0F6X2YWC7","1 pcs Zig Zag Presser Foot Straight Stitch Sewing Foot for Low Shank Sewing Machines","New","16","0","0","16","0","0","0","0","0","GBP","1","5","30","34","Low traffic","4.59","0.0","4.59","0.0","GoToRestock","16","0.0","0","0","0.0","2.13","0.003531","cubic feet","","0.056496","UK","gl_kitchen","598315","56","0","12","6","4.59","3.82","19.1","114.12","128.76","0","16","0","0","0","0.03","0","0","0","0","0","0","","","","","","","","","","","","","140.5","10","2026-08-19","2026-08-09","140.5","48.9","2026-08-10","16","0","0","0","56","N","","",""
"2026-08-13","RPALH397","X002AN87SP","B0F6Y7GWDC","Baby Shower Photo Booth Props 10 Pieces Rose Gold Decorations Boy Girl Newborn Party","New","10","0","0","14","0","0","0","0","0","GBP","2","8","20","58","Low traffic","3.59","0.0","3.59","0.0","GoToRestock","10","0.0","0","0","0.0","1.65","0.003531","cubic feet","","0.03531","UK","gl_home","309770","35","0","5","2","3.59","5.98","23.92","59.8","174.93","1","13","0","0","0","0.02","0","0","0","0","3","0","","","","","","","","","","","","","66.4","12","2026-08-12","2026-08-09","66.4","54.4","2026-08-10","10","3","0","0","47","N","","",""
"2026-08-13","ZQLH240955-1","X0024FQDK3","B0DGCNXQ8Z","Set of 2 Military Dog Tags - Stainless Steel Nickel Plated Army Style With Ball Chains & Silencers, Necklace for Men","New","46","19","0","61","0","0","0","0","0","GBP","5","19","56","89","Low traffic","6.29","0.0","6.29","0.0","NoExcessInventory","65","0.0","0","0","0.0","3.27","0.003341","cubic feet","Standard","0.153686","UK","gl_office_product","25843","138","0","22","15","6.29","26.2","99.56","293.44","466.36","53","8","0","0","0","0.06","60","0","60","0","2","0","","","","","","","","","","","","","30.0","0","","2026-08-09","30.0","18.1","2026-08-10","125","2","0","0","141","N","","",""
"2026-08-13","ZQLH251232","X002H7Z5YN","B0GC9S2W7Z","6 Pcs Small Cherry Hair Clips - Cute Rhinestone Claw Clips for Women Girls, Small Cherry Claw Clip for Half Up Styles, Decorative Rhinestone Hair Accessories, No Crease Metal Springs","New","44","0","0","47","0","0","0","0","0","GBP","1","14","30","36","Low traffic","5.79","0.0","5.79","0.0","Create Outlet deal","0","0.0","0","0","184.47","1.57","0.003531","cubic feet","Standard","0.155364","UK","gl_beauty","145324","119","0","12","15","5.79","4.82","67.48","143.8","171.76","47","0","0","0","0","0.11","0","0","0","0","3","0","","","","","","","","","","","","","47.3","0","","2026-08-09","47.3","41.2","2026-08-10","44","3","0","0","126","N","","",""
"2026-08-13","RPALH493","X002AN5QE3","B0F6Y4G8K4","3PCS Mini Funnels Filling Small Bottles Plastic Precision Atomizers Liquid Containers","New","48","0","0","50","0","0","0","0","0","GBP","2","7","13","42","Low traffic","5.59","0.0","5.59","0.0","NoExcessInventory","48","0.0","0","0","0.0","1.76","0.003531","cubic feet","","0.169488","UK","gl_biss","373922","178","0","27","14","5.59","9.32","33.59","63.53","208.72","21","29","0","0","0","0.1","0","0","0","0","2","0","","","","","","","","","","","","","221.9","0","","2026-08-09","221.9","52.9","2026-08-10","48","1","1","0","185","N","","",""
"2026-08-13","ZQLH251252","X002HAREBR","B0GD16YWVJ","MNFPSJB Black Wide Tooth Hair Comb for Women & Men, Anti-Tangle Styling Comb with Smooth Round-Ended Teeth, Suitable for All Hair Types, Ideal for Home, Salon & Barber Daily Use，texture comb，mens styl","New","19","0","0","0","20","0","0","0","0","GBP","0","0","0","1","Low traffic","3.29","0.0","3.29","0.0","Advertise listing","0","0.0","0","0","67.21","0.05","0.003531","cubic feet","Standard","0.067089","UK","gl_beauty","434588","366","19","","247","3.39","0.0","0.0","0.0","2.82","0","0","0","0","0","0.05","0","0","0","0","1","0","","","","","","","","","","","","","","0","","","","1824.0","2026-08-10","19","1","0","0","366","N","","",""
"2026-08-13","RPALH129","X002ANYTGJ","B0F72C8VT3","Taylor Quotes Music Lover Keychain Gifts - Cute Keychains Perfect for Fans, Teen Girls, Daughters, and Women","New","54","2","0","56","0","0","0","0","0","GBP","2","3","13","33","Low traffic","4.09","0.0","4.09","0.0","Create Outlet deal","16","2.95","2","0","79.89","1.77","0.003531","cubic feet","","0.190674","UK","gl_apparel","465168","239","0","72","21","4.09","6.82","10.23","44.33","104.48","56","0","0","0","0","0.11","0","0","0","0","2","0","","","","","","","","","","","","","117.3","0","","2026-08-09","117.3","27.6","2026-08-10","56","2","0","0","250","N","","",""
"2026-08-13","RPALH336","X002AOCDEX","B0F74MSF9N","Staple Removers Heavy Duty Staple Remover Tool Strength Staple Puller Removing for Furniture Floor Wooden Case Carton Photo Frame Carpet Staple (1, 15.1cm) Floor Staple Remover","New","70","0","0","72","0","0","0","0","0","GBP","4","17","31","46","Low traffic","5.89","0.0","5.89","0.0","NoExcessInventory","70","0.0","0","0","0.0","1.68","0.003531","cubic feet","Standard","0.24717","UK","gl_office_product","38560","221","0","16","19","5.89","19.64","83.47","150.68","217.63","72","0","0","0","0","0.17","0","0","0","0","0","0","","","","","","","","","","","","","127.8","0","","2026-08-09","127.8","55.8","2026-08-10","70","0","0","0","221","N","","",""
"2026-08-13","RPALH527","X002IGG1YV","B0GMPY677Z","18th Birthday Gifts for Women Best Friend Daughter Funny 18 Year Old Birthday Gift for Her The Princess is 18 Cute Makeup Bag Celebrate Turning Eighteen","New","10","0","0","0","10","0","0","0","0","GBP","","","","","Low traffic","4.89","0.0","4.89","0.0","Advertise listing","0","0.0","0","0","23.53","0.0","0.003531","cubic feet","Standard","0.03531","UK","gl_luggage","","","10","","","5.49","","","","","0","0","0","0","0","0.02","0","0","0","0","0","0","","","","","","","","","","","","","","0","","","","","2026-08-10","10","0","0","0","","N","","",""
"2026-08-13","RPALH293","X002AMRPFH","B0F6XJHX33","6-Pack Toothbrush Head Covers for Oral-B iO Series iO5, iO7, iO8, iO9, EB17, PRO 3, P4000 – Dustproof Protective Caps for Travel & Home Use","New","39","0","0","41","0","0","0","0","0","GBP","4","12","19","35","Low traffic","3.99","0.0","3.99","0.0","NoExcessInventory","39","0.0","0","0","0.0","1.63","0.003531","cubic feet","","0.137709","UK","gl_luggage","45531","71","0","13","14","3.99","13.28","40.01","65.63","120.84","30","11","0","0","0","0.09","0","0","0","0","2","0","","","","","","","","","","","","","156.7","20","2026-08-23","2026-08-09","156.7","75.2","2026-08-10","39","2","0","0","77","N","","",""
"2026-08-13","RPALH458","X002AN1269","B0F6Y3NSB4","25M 0.2mm Jewellery Wire Copper Craft Tarnish Resistant Beading Silver Jewelry Making Supplies Crafting","New","55","0","0","31","25","0","0","0","0","GBP","0","3","8","11","Low traffic","4.59","0.0","4.59","0.0","NoRestockExcessActionRequired","55","0.0","0","0","0.4","0.28","0.003738","cubic feet","","0.20559","UK","gl_biss","535410","366","0","74","66","4.59","0.0","11.63","32.58","46.39","31","0","0","0","0","0.14","1","0","0","1","2","0","","","","","","","","","","","","","253.4","0","","2026-08-09","207.0","253.4","2026-08-10","56","2","0","0","366","N","","",""
"2026-08-13","RPALH486","X002AMRVH9","B0F6X5JYWC","MNFPSJB 1 Pair Waterproof Oilproof Arm Sleeves, Reusable PVC Oversleeves, Arm Protection Covers for Kitchen Cleaning, Restaurant, Lab & Household Use","New","42","0","0","42","0","0","0","0","0","GBP","0","4","6","21","Low traffic","3.89","0.0","4.09","0.0","NoExcessInventory","42","0.0","0","0","0.0","0.93","0.023216","cubic feet","","0.975072","UK","gl_apparel","130231","211","0","42","26","4.09","0.0","13.64","20.46","71.61","21","21","0","0","0","0.53","0","0","0","0","0","0","","","","","","","","","","","","","309.5","0","","2026-08-09","309.5","83.1","2026-08-10","42","0","0","0","211","N","","",""
"2026-08-13","ZQLH251231","X002H7WFQJ","B0GCBYSRYK","10 Pcs Small Hair Clips, Mini Flower Hair Clips Blue Small Flower Clips for Girls Women for Daily Party Wedding Hairstyle Accessories","New","72","21","0","91","0","0","0","0","0","GBP","13","36","52","62","Low traffic","5.69","0.0","5.69","0.0","NoExcessInventory","93","0.0","0","0","0.0","2.07","0.003531","cubic feet","Standard","0.254232","UK","gl_beauty","33193","101","0","8","15","5.69","61.62","170.64","246.48","294.04","91","0","0","0","0","0.2","0","0","0","0","13","0","","","","","","","","","","","","","24.3","0","","2026-08-09","22.6","24.3","2026-08-10","93","11","2","0","113","N","","",""
"2026-08-13","RPALH013","X002AMRWHN","B0F6XQKQ4N","Coolant Reservoir Cap 13598760 13502353 53330779, Replacement Radiator Expansion Water Tank Cover for Vauxhall Opel Corsa D E Astra J K Insignia A B Mokka X Zafira B Zafira Tourer C Meriva B Adam","New","30","0","0","21","11","0","0","0","0","GBP","1","7","13","21","Low traffic","6.39","0.0","6.39","0.0","NoExcessInventory","30","0.0","0","0","0.0","0.68","0.003531","cubic feet","","0.10593","UK","gl_automotive","105517","151","0","17","18","6.39","5.32","37.24","69.5","113.42","0","21","0","0","0","0.06","0","0","0","0","2","0","","","","","","","","","","","","","153.3","0","","2026-08-09","153.3","135.2","2026-08-10","30","2","0","0","160","N","","",""
"2026-08-13","amzn.gr.RPALH077-BjIR0UfrfULvo5S_O5qa-VG","X002I6VCMR","B0F6YL8KWL","A black USB to serial cable, converter COM port(0.8m)","Used","1","0","0","0","0","1","0","0","0","GBP","","","","","Low traffic","4.41","0.0","5.19","4.41","Advertise listing","0","3.53","9","0","2.56","0.09","0.003531","cubic feet","Standard","0.003531","UK","gl_electronics","84735","22","0","","","5.39","","","","","0","0","0","1","0","0.0","0","0","0","0","0","0","","","","","","","","","","","","","","3","2026-08-12","","","","2026-08-10","1","0","0","0","22","N","","",""
"2026-08-13","RPLH260382","X002JRL9OV","B0GVDCR5WX","MNFPSJB Travel Makeup Bag for Women Girls, Waterproof Canvas Cosmetic Pouch, Portable Toiletry Organizer, Cute Travel Gifts for Best Friend, Daughter, Sister, Wife, Girlfriend - White, 23x17cm","New","26","0","0","16","10","0","0","0","0","GBP","1","3","4","4","Low traffic","6.59","0.0","6.59","0.0","Create Outlet deal","0","5.27","2","0","57.42","0.16","0.003531","cubic feet","Standard","0.091806","UK","gl_luggage","91416","366","26","34","84","6.59","5.49","16.47","22.13","22.13","0","0","16","0","0","0.06","0","0","0","0","0","0","","","","","","","","","","","","","827.3","0","","2026-08-09","425.0","827.3","2026-08-10","26","0","0","0","366","N","","",""
"2026-08-13","RPALH281","X002AMYUUP","B0F6WKJ533","MNFPSJB 2 Pack Pill Popper for Blister Packs, Portable No-Touch Pill Taker Remover Tool, Tablet Dispenser with Storage for Easy Pill Removal","New","350","30","0","394","0","0","0","0","0","GBP","28","188","512","578","Low traffic","5.79","0.0","5.79","0.0","NoExcessInventory","384","0.0","0","0","0.0","1.5","0.014124","cubic feet","","4.9434","UK","gl_drugstore","17850","134","0","12","13","5.79","134.96","894.14","2403.98","2713.62","394","0","0","0","0","3.68","252","0","250","2","9","0","","","","","","","","","","","","","52.4","0","","2026-08-09","18.4","52.4","2026-08-10","632","3","6","0","137","N","","",""
"2026-08-13","RPALH269","X002AN3YF1","B0F6XYGNS9","Crank Arm Puller Removal Tool Bicycle Extractor Pedal Road Mountain Bike Crank Arm Puller, Bicycle Crank Remover, Bottom Bracket Remover","New","47","0","0","47","0","0","0","0","0","GBP","3","40","52","78","Low traffic","6.49","0.0","6.49","0.0","NoExcessInventory","47","0.0","0","0","0.0","2.05","0.003531","cubic feet","","0.165957","UK","gl_sports","40706","211","0","11","19","6.49","16.23","216.4","280.81","414.67","2","45","0","0","0","0.1","70","0","70","0","0","0","","","","","","","","","","","","","63.7","0","","2026-08-09","63.7","40.9","2026-08-10","117","0","0","0","211","N","","",""
"2026-08-13","RPALH439","X002AMOXCP","B0F6X1Z8B2","Widger and Dibber Set, 3 Sets Bulb Planter Tool, Easy Transplanting Sowing Seeds Seedlings Bulbs, Transplanting Widger and Dibber for Garden Greenhouse, multicolor","New","65","0","0","65","0","0","0","0","0","GBP","1","4","8","24","Low traffic","5.09","0.0","5.09","0.0","NoExcessInventory","65","0.0","0","0","0.03","0.71","0.003531","cubic feet","","0.229515","UK","gl_lawn_and_garden","96982","328","0","65","35","5.09","4.24","17.95","36.23","109.35","30","24","11","0","0","0.15","0","0","0","0","0","0","","","","","","","","","","","","","398.5","0","","2026-08-09","398.5","96.7","2026-08-10","65","0","0","0","328","N","","",""
"2026-08-13","RPALH260304","X002JK6GIR","B0GTLQT7VK","6 Pack Toothbrush Head Cover Compatible with Oral B iO Brush Heads, Fits for Oral B iO Series iO4 iO5 iO6 iO7 iO8 iO9, Pro 3, Smart 6, Genius, Dustproof Cover Cap for Travel and Family by","New","20","0","0","0","23","0","0","0","0","GBP","0","1","2","3","Low traffic","4.69","0.0","4.89","0.0","Advertise listing","0","0.0","0","0","86.13","0.12","0.003531","cubic feet","Standard","0.07062","UK","gl_drugstore","181479","366","20","80","86","4.89","0.0","4.07","8.14","12.46","0","0","0","0","0","0.05","0","0","0","0","3","0","","","","","","","","","","","","","751.3","0","","2026-08-09","710.0","751.3","2026-08-10","20","3","0","0","366","N","","",""
"2026-08-13","RPLH260328","X002JM6NXD","B0GTTFLCRT","4Pcs Walker C-Clamp Accessories, Grey C-Type Buckle for Aidapt Commode Walker & Perch Stool, 22mm Tube 25mm Pin","New","43","0","0","30","15","0","0","0","0","GBP","2","5","10","15","Low traffic","4.39","0.0","4.39","0.0","Create Outlet deal","0","3.83","2","0","94.44","0.5","0.005111","cubic feet","Standard","0.219773","UK","gl_drugstore","316266","168","43","34","37","4.39","7.32","18.46","38.92","59.88","30","0","0","0","0","0.11","0","0","0","0","2","0","","","","","","","","","","","","","344.0","0","","2026-08-09","344.0","209.5","2026-08-10","43","2","0","0","176","N","","",""
"2026-08-13","RPALH561","X002IB0MG9","B0GLFCL8ZY","4 Pcs Sweat Bands Wristbands,Sweats Wrist Band Men Sweatband Wristband Black Athletic Elastic Cotton Strip Bracelet Soft Protect Sweat-Absorbing,for Mens Womens Tennis Running Basketball Gymnastics","New","36","0","0","37","0","0","0","0","0","GBP","1","2","5","13","Low traffic","4.59","0.0","4.59","0.0","NoRestockExcessActionRequired","","","0","0","","0.59","0.003531","cubic feet","Standard","0.127116","UK","gl_sports","57864","342","0","72","36","4.59","3.82","7.64","19.1","49.66","3","30","4","0","0","","0","0","0","0","0","0","","","","","","","","","","","","","555.0","0","","2026-08-09","555.0","136.2","2026-08-10","36","0","0","0","342","N","","",""
"2026-08-13","RPALH263","X002AMRVEH","B0F6WTGMGQ","Toenail Clippers for Thick or Ingrown Toenails, Heavy-Duty Stainless Steel Scissors Nail Nippers, with Protective Cover for Men & Women (Black)","New","12","0","0","12","0","0","0","0","0","GBP","4","13","17","18","Low traffic","4.09","0.0","4.09","0.0","NoExcessInventory","12","0.0","0","0","0.0","0.95","0.003531","cubic feet","","0.042372","UK","gl_drugstore","71608","225","0","22","52","4.09","13.64","44.33","57.97","61.54","0","0","12","0","0","0.02","60","0","60","0","0","0","","","","","","","","","","","","","129.3","0","","2026-08-09","58.6","129.3","2026-08-10","72","0","0","0","225","N","","",""
"2026-08-13","RPALH250","X002AMRU57","B0F6XQPCSK","Carburetor Adjustment Tool, Adjusting A Circle Design Carburetor Screriver Carburator Small Engine Carb Tune Up Adjuent Tool, 21-Teeth Splined","New","24","0","0","27","0","0","0","0","0","GBP","0","6","13","18","Low traffic","3.99","0.0","3.99","0.0","NoExcessInventory","24","0.0","0","0","0.0","1.0","0.003531","cubic feet","","0.084744","UK","gl_home_improvement","138826","118","0","16","17","3.99","0.0","19.92","42.52","58.32","20","0","7","0","0","0.05","0","0","0","0","2","0","","","","","","","","","","","","","84.4","0","","2026-08-09","81.3","84.4","2026-08-10","24","2","0","0","131","N","","",""
"2026-08-13","RPLH260367","X002JPET0T","B0GV43YB19","MNFPSJB Wonder Web Hemming Tape, Hem Tape for Curtains, Double-Sided Fabric Tape, Use for Curtains,Clothing, Carpets, Home Decor, rug tape，double sided carpet tape，rug to carpet gripper","New","30","0","0","0","30","0","0","0","0","GBP","","","","","Low traffic","6.39","0.0","6.59","0.0","Advertise listing","0","0.0","0","0","70.39","0.0","0.003531","cubic feet","Standard","0.10593","UK","gl_biss","","","30","","","6.59","","","","","0","0","0","0","0","0.07","0","0","0","0","0","0","","","","","","","","","","","","","","0","","","","","2026-08-10","30","0","0","0","","N","","",""
"2026-08-13","RPALH294","X002AO9ZAD","B0F74R5JN3","1-Piece White Lace Tights Set - Floral Hollow-Out Pantyhose for Women | Lolita Fashion & Versatile Wardrobe Essential","New","21","0","0","22","0","0","0","0","0","GBP","2","3","7","14","Low traffic","3.79","0.0","3.79","0.0","NoRestockExcessActionRequired","21","0.0","0","0","0.26","0.79","0.003531","cubic feet","Apparel","0.074151","UK","gl_apparel","272756","85","0","28","19","3.79","6.32","9.48","22.12","44.24","0","16","6","0","0","0.04","0","0","0","0","1","0","","","","","","","","","","","","","185.3","0","","2026-08-09","185.3","99.5","2026-08-10","21","1","0","0","89","N","","",""
"2026-08-13","RPALH009","X002AMWQ6P","B0F6XRMCQ1","Chain with Cross 2 PCS,Cross Necklace Men for Boys & Girls Silver Golden Cross Necklace Hypoallergenic Cross Chain for Birthdays，Christmas,Easter,Thanksgiving,Silver+Gold,Small Size","New","41","0","0","45","0","0","0","0","0","GBP","2","9","22","32","Low traffic","6.39","0.0","6.39","0.0","NoRestockExcessActionRequired","43","0.0","0","0","0.0","1.49","0.003531","cubic feet","","0.144771","UK","gl_jewelry","203503","152","0","18","16","6.39","10.64","47.88","117.04","170.24","36","9","0","0","0","0.1","0","0","0","0","4","0","","","","","","","","","","","","","122.7","0","","2026-08-09","122.7","53.4","2026-08-10","41","4","0","0","169","N","","",""
"2026-08-13","ZQLH24101404","X0025J9IQ9","B0DK1NT53N","Spiralizer for Vegetables & Manual Graters, Stainless Steel Zucchini Spaghetti Maker，Spiralizer Included Ideal for Vegetable & Fruit Slicing","New","23","0","0","24","0","0","0","0","0","GBP","3","16","33","37","Low traffic","8.39","0.0","8.39","7.13","NoRestockExcessActionRequired","22","0.0","0","0","0.0","2.85","0.058481","cubic feet","Standard","1.345063","UK","gl_kitchen","197631","126","0","15","22","8.39","20.97","111.84","230.67","258.63","20","4","0","0","0","1.8","40","0","40","0","1","0","","","","","","","","","","","","","33.8","0","","2026-08-09","33.8","24.0","2026-08-10","63","1","0","0","128","N","","",""
"2026-08-13","RPLH260359","X002JOSTZL","B0GV3QHB73","MNFPSJB Polarized Night Driving Glasses for Men & Women - Anti-Glare Yellow Lenses for Enhanced Night Vision, Ultimate Comfort & Eye Protection for Safe Driving in Low Light Conditions","New","16","0","0","0","26","0","0","0","0","GBP","3","4","4","4","Low traffic","4.99","0.0","4.99","0.0","Advertise listing","0","0.0","0","0","36.01","0.14","0.003531","cubic feet","Footwear","0.056496","UK","gl_shoes","106563","199","16","16","52","4.99","12.48","16.64","16.64","16.64","0","0","0","0","0","0.03","0","0","0","0","10","0","","","","","","","","","","","","","2692.0","0","","2026-08-09","892.0","2692.0","2026-08-10","16","10","0","0","366","Y","Fall-Winter","2026-10-24","2027-03-06"
"2026-08-13","RPALH311","X002AN0YMR","B0F6Y49J1Z","4 Pcs Drill Hook Tool Belt Clip Replacement Screw Driver Heavy Duty Milwaukee with 4 Screws","New","30","0","0","34","0","0","0","0","0","GBP","0","12","29","42","Low traffic","6.29","0.0","6.49","0.0","NoRestockExcessActionRequired","30","0.0","0","0","0.0","2.46","0.003531","cubic feet","","0.10593","UK","gl_home_improvement","203117","108","0","16","15","6.49","0.0","64.92","156.89","225.86","30","4","0","0","0","0.07","20","0","20","0","4","0","","","","","","","","","","","","","83.0","0","","2026-08-09","83.0","42.2","2026-08-10","50","4","0","0","117","N","","",""
"2026-08-13","RPALH359","X002AMUQL7","B0F6X31DJS","2x Brake And Clutch Pedal Pads Rubber Covers For Honda Civic Accord CR-V Jazz Acura FR-V Legend 46545SA5000 (Manual Vehicles)","New","48","4","0","74","0","0","0","0","0","GBP","5","25","55","76","","6.19","0.0","6.19","0.0","NoExcessInventory","52","0.0","0","0","0.0","2.63","0.003531","cubic feet","","0.169488","UK","gl_automotive","22976","74","0","7","8","6.19","25.8","129.0","280.8","385.59","73","1","0","0","0","0.12","0","0","0","0","22","0","","","","","","","","","","","","","57.4","0","","2026-08-09","57.4","26.8","2026-08-10","52","22","0","0","113","N","","",""
"2026-08-13","RPALH068","X002AMWP75","B0F6XPKTC7","2 Pack Desoldering Pump, Blue Solder Sucker Tool, Desoldering Vacuum Pump for Soldering Accessories","New","9","0","0","11","0","0","0","0","0","GBP","5","15","16","25","Low traffic","4.59","0.0","4.59","0.0","GoToRestock","9","0.0","0","0","0.0","2.0","0.003531","cubic feet","","0.031779","UK","gl_home_improvement","173715","37","0","2","4","4.59","19.1","55.7","59.36","93.19","0","11","0","0","0","0.02","0","0","0","0","0","0","","","","","","","","","","","","","51.9","12","2026-08-11","2026-08-09","50.5","51.9","2026-08-10","9","0","0","0","37","N","","",""
"2026-08-13","ZQLH260117","X002HJHZUX","B0GFWGCH28","9pcs Silicone Sink Overflow Hole Cover, Round Spillover Bath Ring Cap for Kitchen Bathroom Basin Easy-Fit Overflow Drain Cover Insert Plug for Home Washbasin Vanity Sinks Accessories (White)","New","19","0","0","19","0","0","0","0","0","GBP","0","4","8","9","Low traffic","4.59","0.0","4.59","0.0","Create Outlet deal","0","3.67","2","0","75.08","0.95","0.003531","cubic feet","Standard","0.067089","UK","gl_home","621961","105","0","19","27","4.59","0.0","15.28","30.24","33.9","19","0","0","0","0","0.05","0","0","0","0","0","0","","","","","","","","","","","","","102.8","3","2026-08-30","2026-08-09","102.8","100.1","2026-08-10","19","0","0","0","105","N","","",""
"2026-08-13","RPALH341","X002AMYV1X","B0F6XJK3ZB","2 Pack Carbon Brushes for Makita DTD152RMJ Impact Driver DTD152Z DTD152 18v LXT","New","25","0","0","25","0","0","0","0","0","GBP","5","12","18","35","Low traffic","4.99","0.0","4.99","0.0","NoExcessInventory","25","0.0","0","0","0.0","1.61","0.003531","cubic feet","","0.088275","UK","gl_home_improvement","175351","58","0","8","9","4.99","20.8","49.92","74.96","141.91","0","25","0","0","0","0.05","0","0","0","0","0","0","","","","","","","","","","","","","101.6","15","2026-08-23","2026-08-09","101.6","63.6","2026-08-10","25","0","0","0","58","N","","",""
"2026-08-13","RPLH260371","X002JPBJ11","B0GV3MH8CL","MNFPSJB Unisex Square Sunglasses, Fashion Flat Top Big Frame Rectangular Shades for Adults, Black, Lightweight Comfortable Design for Daily Wear & Travel","New","57","12","0","70","0","0","0","0","0","GBP","0","36","57","60","Low traffic","5.79","0.0","5.99","0.0","Create Outlet deal","0","4.79","2","0","141.63","1.62","0.003531","cubic feet","Footwear","0.201267","UK","gl_shoes","302198","366","0","23","44","5.99","0.0","179.64","284.94","301.17","70","0","0","0","0","0.14","150","0","150","0","1","0","","","","","","","","","","","","","27.0","0","","2026-08-09","4.7","27.0","2026-08-10","219","0","1","0","366","N","","",""
"2026-08-13","ZQLH251230","X002H82PJZ","B0GCD657N7","20 Pcs Mini Flower Hair Clips with Pearls and Rhinestones, for Women and Girls, Suitable for Daily, Party, and Wedding (White)","New","75","0","0","87","0","0","0","0","0","GBP","7","29","60","76","Low traffic","5.89","0.0","5.89","0.0","NoExcessInventory","74","0.0","0","0","0.0","2.31","0.003531","cubic feet","Standard","0.264825","UK","gl_beauty","88643","84","0","10","12","5.89","34.37","142.39","293.24","369.08","81","6","0","0","0","0.17","0","0","0","0","9","0","","","","","","","","","","","","","46.5","0","","2026-08-09","46.5","26.7","2026-08-10","75","9","0","0","94","N","","",""
"2026-08-13","ZQLH260103","X002HINOTZ","B0GFTZD8MN","MNFPSJB 2pcs BNC Male to Female Elbow Adapter 90 Degree RF Coax Adapter for Security Cameras/Extension Cable BNC Connector Right Angle","New","29","14","0","35","0","0","0","0","0","GBP","2","10","22","28","Low traffic","5.49","0.0","5.49","0.0","Create Outlet deal","0","4.39","2","0","168.12","1.56","9.92E-4","cubic feet","Standard","0.028768","UK","gl_electronics","46955","142","0","11","13","5.49","9.14","45.7","100.54","128.98","35","0","0","0","0","0.01","0","0","0","0","1","0","","","","","","","","","","","","","68.1","0","","2026-08-09","68.1","63.7","2026-08-10","43","1","0","0","146","N","","",""
"2026-08-13","RPALH212","X002AMWPU7","B0F6XJ19Q8","2in1 Micro USB OTG Adapter Power Cable Splitter HDD, Compatible with For Amazon Firestick 4K TV Fire","New","26","0","0","26","0","0","0","0","0","GBP","2","9","33","38","Low traffic","4.69","0.0","4.69","0.0","NoRestockExcessActionRequired","26","0.0","0","0","0.0","2.3","0.003531","cubic feet","","0.091806","UK","gl_electronics","46440","90","0","20","15","4.69","7.82","35.19","124.31","141.68","26","0","0","0","0","0.06","20","0","20","0","1","0","","","","","","","","","","","","","49.6","12","2026-09-03","2026-08-09","49.6","38.6","2026-08-10","46","1","0","0","92","N","","",""
"2026-08-13","RPALH521","X002I9ICN1","B0GL4QRNN1","Kitchen Sink Strainer, High-Density Mesh Stainless Steel Sink Food Catcher, Anti-Slip Design for Universal Fit in Kitchen Bathroom Utility Sinks","New","8","0","0","8","0","0","0","0","0","GBP","1","1","2","2","Low traffic","4.49","0.0","4.49","0.0","Advertise listing","8","0.0","0","0","0.0","0.24","0.003531","cubic feet","Standard","0.028248","UK","gl_home","54356","366","0","112","182","4.49","3.74","3.74","8.15","8.15","0","0","8","0","0","0.02","20","0","20","0","0","0","","","","","","","","","","","","","393.5","0","","2026-08-09","268.0","393.5","2026-08-10","28","0","0","0","366","N","","",""
"2026-08-13","RPALH304","X002AN8ZVT","B0F6Y8XVD3","12 Pcs LED Bulbs Car Sidelight T10 12V W5W COB Dome Map Door Side Interior Number Plate Capless Trunk Tail (Red)","New","20","0","0","23","0","0","0","0","0","GBP","5","8","9","15","Low traffic","3.89","0.0","3.89","0.0","Create Outlet deal","20","0.0","0","0","-0.32","0.7","0.003531","cubic feet","","0.07062","UK","gl_automotive","63239","136","0","10","17","3.89","16.2","25.92","29.33","49.76","0","15","8","0","0","0.04","0","0","0","0","1","0","","","","","","","","","","","","","166.4","0","","2026-08-09","166.4","111.4","2026-08-10","20","1","0","0","144","N","","",""
"2026-08-13","ZQLH251237","X002H87WQL","B0GCFJ6Q4K","Universal Bath Plug, 40-45mm Hole Stainless Steel Drain Plug Replacement,for Bathtub, Kitchen, Laundry Sink, Rv Sink Etc sink Drain Stopper","New","57","0","0","57","0","0","0","0","0","GBP","1","3","5","26","Low traffic","6.34","0.0","6.34","0.0","NoExcessInventory","57","0.0","0","0","0.0","0.7","0.003531","cubic feet","Standard","0.201267","UK","gl_home","460661","191","0","76","28","6.34","5.28","16.18","27.08","145.1","0","40","17","0","0","0.12","0","0","0","0","0","0","","","","","","","","","","","","","589.3","0","","2026-08-09","589.3","112.8","2026-08-10","57","0","0","0","191","N","","",""
"2026-08-13","ZQLH24110512","X00262645N","B0DM1LFDBQ","Generic Kids Sponges for Bath - 2 Count, Soft Bath Sponge Set, Cute Animal Design, Polyester, Net Style, White Clouds + Pink Clouds","New","9","0","0","9","0","0","0","0","0","GBP","4","14","23","31","Low traffic","4.59","0.0","4.59","0.0","NoRestockExcessActionRequired","9","0.0","0","0","0.0","1.91","0.01492","cubic feet","Standard","0.13428","UK","gl_drugstore","72878","66","0","8","12","4.59","15.28","53.48","87.86","118.42","3","6","0","0","0","0.07","20","0","20","0","0","0","","","","","","","","","","","","","46.5","2","2026-08-21","2026-08-09","37.4","46.5","2026-08-10","29","0","0","0","66","N","","",""
"2026-08-13","RPALH391","X002AN5DE1","B0F6XWR4S2","Brown Teaspoon Chinese Kung Fu Loose Tea Measuring Spoon Japanese Teaspoon Scoop for Home Teahouse Office Nice Design, Tea Accessories","New","14","0","0","14","0","0","0","0","0","GBP","0","4","11","22","Low traffic","4.39","0.0","4.39","0.0","NoExcessInventory","14","0.0","0","0","0.0","2.67","0.003531","cubic feet","","0.049434","UK","gl_kitchen","578242","63","0","14","8","4.39","0.0","14.64","40.09","77.8","14","0","0","0","0","0.03","0","0","0","0","0","0","","","","","","","","","","","","","74.0","8","2026-08-17","2026-08-09","74.0","37.6","2026-08-10","14","0","0","0","63","N","","",""
"2026-08-13","RPALH224","X002AMWQAV","B0F6X37FXH","2Pcs Dosing Ball for Liquid Detergent Foldble Silicone Laundry Dosing Ball Laundry Liquid Dosing Measuring Cups Suitable for Liquid/Powder Detergent Fabric Conditioner Liquid Soap Dispenser","New","34","0","0","34","0","0","0","0","0","GBP","2","6","11","21","Low traffic","4.49","0.0","4.49","0.0","Create Outlet deal","5","3.59","2","0","58.02","1.12","0.003531","cubic feet","","0.120054","UK","gl_kitchen","354501","156","0","22","21","4.49","7.48","22.44","41.14","79.34","0","34","0","0","0","0.08","0","0","0","0","0","0","","","","","","","","","","","","","181.3","0","","2026-08-09","181.3","80.4","2026-08-10","34","0","0","0","156","Y","Holiday Season","2026-09-19","2027-01-30"
"2026-08-13","RPALH260314","X002JL8EI1","B0GTQ3VQVX","Funny Best Friend Engraved Tea Spoon, Stainless Steel Friendship Gift Spoon for Women, Perfect Birthday Christmas BFF Bestie Gift for Tea Coffee Lovers & Female Colleagues","New","28","0","0","0","28","0","0","0","0","GBP","","","","","Low traffic","6.19","0.0","6.39","0.0","Advertise listing","0","0.0","0","0","65.32","0.0","0.003531","cubic feet","Standard","0.098868","UK","gl_kitchen","","","28","","","6.39","","","","","0","0","0","0","0","0.07","0","0","0","0","0","0","","","","","","","","","","","","","","0","","","","","2026-08-10","28","0","0","0","","N","","",""
"2026-08-13","ZQLH260106","X002HIYURZ","B0GFSN1Z92","MNFPSJB 2 Pack Cabinet Handles Stainless Steel Cupboard Handles Silver Kitchen Door Handles Furniture Drawer Knobs (Hole Center 128mm)","New","32","0","0","32","0","0","0","0","0","GBP","1","7","10","13","Low traffic","6.59","0.0","6.59","0.0","NoExcessInventory","32","0.0","0","0","0.02","0.69","0.003461","cubic feet","Standard","0.110752","UK","gl_home_improvement","176823","164","0","18","32","6.59","5.49","39.45","56.43","73.73","20","1","11","0","0","0.07","0","0","0","0","0","0","","","","","","","","","","","","","155.2","0","","2026-08-09","155.2","140.6","2026-08-10","32","0","0","0","164","N","","",""
"2026-08-13","RPALH290","X002AMOX4D","B0F6X36NZX","3-Piece Mini Funnel Set - Silver Aluminium & Stainless Steel, Ideal for Essential Oils, Spices & Flask Filling","New","18","0","0","16","3","0","0","0","0","GBP","0","1","2","5","Low traffic","3.79","0.0","3.79","0.0","NoRestockExcessActionRequired","18","0.0","0","0","0.0","0.3","0.006215","cubic feet","","0.11187","UK","gl_biss","755474","197","0","72","46","3.79","0.0","3.16","6.32","16.55","0","1","15","0","0","0.07","0","0","0","0","0","0","","","","","","","","","","","","","293.2","0","","2026-08-09","276.0","293.2","2026-08-10","18","0","0","0","197","N","","",""
"2026-08-13","RPALH319","X002AN3AUP","B0F6XNQ2M5","2Pcs 16amp Plug, 16 Amp Socket, Caravan Hook up Socket, Hook Up, 16 Amp Plug, 16A 3 Hole 220-250V Industrial Plug & Socket, for Construction Sites, Industrial Plug Connector Set","New","87","0","0","88","0","0","0","0","0","GBP","27","57","90","116","Low traffic","7.99","0.0","7.99","0.0","NoExcessInventory","87","0.0","0","0","2.14","3.51","0.050524","cubic feet","","4.395588","UK","gl_biss","46594","113","0","8","13","7.99","179.82","379.62","599.4","772.56","88","0","0","0","0","2.9","30","0","30","0","0","0","","","","","","","","","","","","","27.5","4","2026-08-15","2026-08-09","27.5","19.0","2026-08-10","117","0","0","0","113","N","","",""
"2026-08-13","RPALH058","X002AMRVP1","B0F6W9BW5D","Garbage can lid replacement lock, suitable for broken garbage cans - grab spare touch garbage cans 20L, 30L, 40L, 45L, 50/60L (2 pairs of packaging)","New","30","3","0","29","3","0","0","0","0","GBP","2","7","9","10","Low traffic","3.39","0.0","3.39","0.0","Create Outlet deal","0","2.71","2","0","82.04","0.5","0.003531","cubic feet","","0.10593","UK","gl_home","387936","357","33","17","39","3.39","5.64","19.74","25.38","28.2","29","0","0","0","0","0.08","0","0","0","0","2","0","","","","","","","","","","","","","129.0","0","","2026-08-09","39.8","129.0","2026-08-10","33","2","0","0","366","N","","",""
"2026-08-13","ZQLH251272","X002HBU1D9","B0GD6F2CCZ","Bow Hair Clip - Navy Hair Bows for Women, Satin Silky Ribbon Bowknot French Barrettes Hair Accessory for Girls(1PC)","New","32","0","0","35","0","0","0","0","0","GBP","2","8","12","21","Low traffic","4.29","0.0","4.29","0.0","NoExcessInventory","32","0.0","0","0","0.0","1.16","0.003531","cubic feet","Standard","0.112992","UK","gl_beauty","179162","122","0","16","19","4.29","7.14","28.56","43.09","76.83","20","15","0","0","0","0.07","0","0","0","0","2","0","","","","","","","","","","","","","113.5","0","","2026-08-09","113.5","81.8","2026-08-10","32","2","0","0","129","N","","",""
"2026-08-13","ZQLH251218","X002H7H2ZN","B0GCBFFQSH","Small Hair Clips for Women, 6 Pcs Claw Clips Non-Slip for Fine Hair Accessories (Black and Brown) - for Girls, Straight, Wavy, Curly Hair","New","3","0","0","0","3","0","0","0","0","GBP","1","4","11","14","Low traffic","6.09","0.0","6.09","0.0","Create Outlet deal","0","4.79","2","0","18.14","1.37","0.003531","cubic feet","Standard","0.010593","UK","gl_beauty","109990","175","23","23","21","6.09","5.07","20.28","55.21","70.34","0","0","0","0","0","0.01","20","0","20","0","0","0","","","","","","","","","","","","","77.2","0","","2026-08-09","27.7","77.2","2026-08-10","23","0","0","0","175","N","","",""
"2026-08-13","RPALH325","X002AN0P03","B0F6Y29YZJ","180Mm Disc Brake Adapter 160 To 203 Post Mount Adapter Aluminium Alloy le Bike Disc Brake Mount Caliper Adapter A F203 For Mountain Bikeycle(Black)","New","33","0","0","35","0","0","0","0","0","GBP","0","9","15","18","Low traffic","5.39","0.0","5.59","0.0","Create Outlet deal","0","4.63","2","0","135.2","0.77","0.003531","cubic feet","","0.116523","UK","gl_sports","101294","292","0","14","23","5.59","0.0","42.1","71.02","85.48","0","35","0","0","0","0.08","0","0","0","0","0","0","","","","","","","","","","","","","131.9","0","","2026-08-09","131.9","98.3","2026-08-10","33","0","0","0","292","N","","",""
"2026-08-13","RPALH090","X002AMWPF7","B0F6WSWKH4","Colorful We Are So Proud Of You Bunting Banner Glittery Graduation Congratulations Decoration Hanging Garland for Graduation Retirement Grad Party Decor Supplies (Pre-strung) Colorful","New","33","5","0","41","0","0","0","0","0","GBP","3","21","21","28","Low traffic","4.29","0.0","4.29","0.0","NoExcessInventory","38","0.0","0","0","0.0","2.4","0.012321","cubic feet","","0.406593","UK","gl_lawn_and_garden","142664","119","0","6","15","4.29","10.71","74.97","74.97","96.46","41","0","0","0","0","0.31","0","0","0","0","0","0","","","","","","","","","","","","","25.6","10","2026-08-23","2026-08-09","25.6","15.4","2026-08-10","38","0","0","0","119","N","","",""
"2026-08-13","RPALH079","X002AN87GH","B0F6Y76ZZR","MNFPSJB Car Battery Positive Terminal Cover, 5Q0971813A OE Replacement Battery Box Cap, Universal Fit ABS Battery Terminal Protector for Most Vehicles","New","18","0","0","3","17","0","0","0","0","GBP","0","7","11","14","Low traffic","4.29","0.0","4.29","0.0","NoExcessInventory","18","0.0","0","0","0.0","0.52","0.003531","cubic feet","","0.063558","UK","gl_automotive","","180","0","21","35","4.29","0.0","24.99","39.27","51.24","0","1","2","0","0","0.04","20","0","20","0","2","0","","","","","","","","","","","","","182.3","0","","2026-08-09","89.1","182.3","2026-08-10","38","2","0","0","191","N","","",""
"2026-08-13","RPLH260383","X002JRLD0L","B0GVDNWM3Z","MNFPSJB Knitting Storage Bag, Portable Yarn Organiser Pouch for Crocheting, Crochet Hook Bag for Knitting Lovers, Travel-Friendly Knitting Accessories Bag for Women, White","New","29","0","0","15","14","0","0","0","0","GBP","0","0","1","1","Low traffic","5.39","0.0","5.39","0.0","Advertise listing","0","0.0","0","0","63.97","0.04","0.003531","cubic feet","Standard","0.102399","UK","gl_kitchen","2036381","366","29","","377","5.39","0.0","0.0","5.16","5.16","0","0","15","0","0","0.07","0","0","0","0","0","0","","","","","","","","","","","","","","0","","","","2495.0","2026-08-10","29","0","0","0","366","N","","",""
"2026-08-13","RPALH235","X002AN5PHL","B0F6Y33QNZ","4pcs Kids Toiletry Wash Bag Travel Solid Color Waterproof Dumpling Shape Make Up Organisers Convenient Women Girls","New","20","1","0","23","0","0","0","0","0","GBP","1","13","27","40","Low traffic","5.19","0.0","5.19","0.0","NoExcessInventory","21","0.0","0","0","0.0","3.27","0.052969","cubic feet","","1.05938","UK","gl_luggage","264856","109","0","15","16","5.19","4.32","56.16","116.64","175.01","21","2","0","0","0","0.58","30","0","30","0","1","1","","","","","","","","","","","","","22.3","0","","2026-08-09","16.2","22.3","2026-08-10","51","0","1","0","110","N","","",""
"2026-08-13","RPLH260301","X002J2N6V5","B0GR9F35K8","2PCS Baggy Rack Holder for Food Prep Bag, Sandwich Bag Holder, Food Storage Clip for Zipper Bags Freezer Bags Food Prepare Meal Planning Bag,food,bag holders for meal prep，plastic","New","33","0","0","0","37","0","0","0","0","GBP","0","1","4","7","Low traffic","6.69","0.0","6.69","0.0","Create Outlet deal","33","0.0","0","0","0.13","0.17","0.056052","cubic feet","Standard","1.849716","UK","gl_home","1000980","231","0","132","61","6.69","0.0","5.57","22.37","39.93","0","0","0","0","0","1.19","0","0","0","0","4","0","","","","","","","","","","","","","1121.0","0","","2026-08-09","1121.0","449.1","2026-08-10","33","4","0","0","265","N","","",""
"2026-08-13","RPLH260391","X002JRB5PJ","B0GVDP8K7J","MNFPSJB Almond French Tip Press On Nails, 24Pcs Medium Long Glossy False Nails with Golden Line & Bow Design, Full Cover Stick On Nails for Women, 12 Sizes with Complete Application Kit","New","17","0","0","10","9","0","0","0","0","GBP","0","0","0","1","Low traffic","4.19","0.0","4.19","0.0","Advertise listing","1","0.0","0","0","34.78","0.06","0.003531","cubic feet","Standard","0.060027","UK","gl_beauty","","366","16","","221","4.39","0.0","0.0","0.0","4.16","0","0","10","0","0","0.04","0","0","0","0","2","0","","","","","","","","","","","","","","0","","","","1613.0","2026-08-10","17","2","0","0","366","N","","",""
"2026-08-13","ZQLH24103110","X0025Z0I5D","B0DLKK7TKM","Convenient Bar Bottle Opener Keyring - Beer Bottle Opener - Novelty Personalised Beer Vial Keychain Openers","New","3","0","0","1","3","0","0","0","0","GBP","0","5","7","12","Low traffic","3.39","0.0","3.39","0.0","GoToRestock","3","0.0","0","0","0.01","1.2","0.001421","cubic feet","Standard","0.004263","UK","gl_kitchen","768029","36","0","2","3","3.39","0.0","14.1","19.74","34.01","1","0","0","0","0","0.0","0","0","0","0","1","0","","","","","","","","","","","","","73.1","3","2026-08-11","2026-08-09","35.8","73.1","2026-08-10","3","1","0","0","46","N","","",""
"2026-08-13","RPALH238","X002AN4JTL","B0F6Y3HV5Z","2-Pack External WiFi Antenna Dual Band 2.4GHz 5GHz 5.8GHz 6dBi SMA Male Aerial Replacement Router Range Extender Gateway Wireless Mini PCI Express PCIE Network Card USB Adapter","New","15","0","0","16","0","0","0","0","0","GBP","2","15","24","40","Low traffic","4.39","0.0","4.39","0.0","GoToRestock","15","0.0","0","0","0.0","2.93","0.003531","cubic feet","","0.052965","UK","gl_electronics","24265","36","0","4","4","4.39","7.32","54.9","89.28","147.84","15","1","0","0","0","0.03","0","0","0","0","0","0","","","","","","","","","","","","","47.8","21","2026-08-12","2026-08-09","47.8","37.9","2026-08-10","15","0","0","0","36","N","","",""
"2026-08-13","RPLH260311","X002JLE9CL","B0GTQ92FQJ","Individual Eyelashes Cluster Lashes Mix 8-16mm D Curl Lash Extensions DIY At Home Natural Wispy False Lashes 100D 0.07 Volume Fake Eyelashes Reusable","New","29","0","0","0","30","0","0","0","0","GBP","","","","","Low traffic","5.29","0.0","5.49","0.0","Advertise listing","0","0.0","0","0","67.0","0.0","0.003531","cubic feet","Standard","0.102399","UK","gl_beauty","","","29","","","5.49","","","","","0","0","0","0","0","0.07","0","0","0","0","1","0","","","","","","","","","","","","","","0","","","","","2026-08-10","29","1","0","0","","N","","",""
"2026-08-13","RPALH170","X002AN2OIJ","B0F6XL8W5B","Stretchy Spiral Keyring, 2 Pcs, Spiral Keyring with Color Carabiner, Retractable Keychain, Spiral Coil Spring Key Chain, Retractable Spring Key Holder, for Backpack, Keys, Phone, Wallet, Fishing Tool","New","31","0","0","31","0","0","0","0","0","GBP","1","6","9","19","Low traffic","3.79","0.0","3.79","0.0","NoExcessInventory","30","0.0","0","0","0.02","0.96","0.013112","cubic feet","Apparel","0.406472","UK","gl_apparel","328571","194","0","20","21","3.79","3.16","18.96","28.1","56.3","0","31","0","0","0","0.21","0","0","0","0","0","0","","","","","","","","","","","","","174.5","0","","2026-08-09","174.5","82.9","2026-08-10","31","0","0","0","194","N","","",""
"2026-08-13","RPALH398","X002AMRWJB","B0F6XC9B11","Nylon Potato Mashers Durable Potato Masher Black Potatoes Masher Baby Food Masher with Non Slip Handle for Mashed Potatoes Fruits Vegetables","New","38","0","0","0","33","6","0","0","0","GBP","4","14","20","39","Low traffic","6.59","0.0","6.59","5.6","CreateShippingPlan","38","0.0","0","0","0.0","0.68","0.027532","cubic feet","","1.046216","UK","gl_kitchen","174191","55","0","10","12","6.59","21.96","76.86","110.31","219.61","0","0","0","6","0","0.66","0","0","0","0","0","0","","","","","","","","","","","","","147.3","25","2026-08-29","2026-08-09","125.4","147.3","2026-08-10","38","0","0","0","55","N","","",""
"2026-08-13","RPALH357","X002AMWPL1","B0F6W92ZTC","2-in-1 Hair Trimmer Comb,Tail Comb,Split End Removal & Hair Styling Tool, Mini Portable Hair Breakage Tool, Dual-Sided Design with Cover, for Thinning Hair Cutting and Styling Scissors Hairdressing","New","35","0","0","30","5","0","0","0","0","GBP","5","11","16","24","Low traffic","4.79","0.0","4.79","0.0","NoRestockExcessActionRequired","35","0.0","0","0","0.0","0.73","0.003531","cubic feet","","0.123585","UK","gl_personal_care_appliances","119650","119","0","12","18","4.79","19.95","44.23","65.19","99.75","0","30","0","0","0","0.08","0","0","0","0","0","0","","","","","","","","","","","","","140.9","0","","2026-08-09","140.9","113.0","2026-08-10","35","0","0","0","119","N","","",""
"2026-08-13","RPALH194","X002ANYVWL","B0F72R5VZG","Wood Leather Edge Burnisher, 149 x 22mm/5.87"" x 0.87"" (L x D), Sandalwood Beech 4 Grooves Wood Leather Edge Slicker Edging Device - (Applications: for Leather Projects)","New","56","0","0","50","13","0","0","0","0","GBP","5","11","20","38","Low traffic","5.89","0.0","5.89","0.0","NoExcessInventory","56","0.0","0","0","0.0","0.81","0.003531","cubic feet","Standard","0.197736","UK","gl_kitchen","286816","84","0","20","19","5.89","24.55","54.17","100.31","194.63","30","20","0","0","0","0.12","0","0","0","0","5","0","","","","","","","","","","","","","219.0","6","2026-08-30","2026-08-09","219.0","109.0","2026-08-10","56","5","0","0","91","N","","",""
"2026-08-13","RPALH160","X002AO1Q0P","B0F74VPTSG","5-Pair Women's Sheer Lace Socks - Breathable Mesh Ankle Socks with Anti-Slip Sole for Summer (See-Through Design)","New","40","0","0","43","0","0","0","0","0","GBP","4","11","23","35","Low traffic","5.39","0.0","5.39","0.0","NoRestockExcessActionRequired","21","0.0","0","0","16.27","1.51","0.003531","cubic feet","Apparel","0.14124","UK","gl_apparel","80826","174","0","14","14","5.39","17.96","50.07","105.99","163.19","37","6","0","0","0","0.07","0","0","0","0","1","0","","","","","","","","","","","","","166.3","0","","2026-08-09","166.3","64.3","2026-08-10","40","1","0","0","178","N","","",""
"2026-08-13","RPALH568","X002I98NBR","B0GL27PCF8","Silk Scarf Ring Brooch, Silver Irregular Simple Scarf Ring Geometric Shawl Scarves Brooch Clip Fashion Dress Accessories Jewelry for Women","New","21","0","0","22","0","0","0","0","0","GBP","1","3","4","6","Low traffic","3.89","0.0","3.89","0.0","NoExcessInventory","21","0.0","0","0","0.48","0.51","0.002034","cubic feet","Apparel","0.042714","UK","gl_jewelry","369573","173","0","28","45","3.89","3.24","9.72","12.96","19.6","15","0","7","0","0","0.03","0","0","0","0","1","0","","","","","","","","","","","","","223.3","0","","2026-08-09","223.3","201.8","2026-08-10","21","1","0","0","182","N","","",""
"2026-08-13","RPALH471","X002AN176T","B0F6Y7GG62","MNFPSJB Mens Silver Chain Cuban Necklace 5mm Sturdy for Women Boy Girls Shiny","New","6","0","0","7","0","0","0","0","0","GBP","2","7","11","13","Low traffic","3.99","0.0","3.99","0.0","GoToRestock","6","0.0","0","0","0.0","1.33","0.003531","cubic feet","","0.021186","UK","gl_jewelry","199145","26","0","3","6","3.99","6.64","23.24","36.7","43.34","0","7","0","0","0","0.01","0","0","0","0","1","0","","","","","","","","","","","","","93.1","14","2026-08-10","2026-08-09","75.2","93.1","2026-08-10","6","1","0","0","30","N","","",""
"2026-08-13","RPALH241","X002AMRXI1","B0F6XBYW61","USB C to Mini USB Adapter 2 Pack, USB Type C Female to Mini USB 2.0 Type-B Male Adapter, Support Charging and Data Transfer, Black","New","60","0","0","61","0","0","0","0","0","GBP","1","9","32","46","Low traffic","6.09","0.0","6.09","5.48","NoExcessInventory","60","0.0","0","0","0.0","1.14","0.003531","cubic feet","","0.21186","UK","gl_electronics","45298","176","0","27","17","6.09","5.07","45.81","164.49","241.35","29","32","0","0","0","0.13","1","0","0","1","0","1","","","","","","","","","","","","","109.6","0","","2026-08-09","109.6","79.5","2026-08-10","61","0","0","0","176","N","","",""
"2026-08-13","RPALH055","X002AN7BPP","B0F6Y38FMB","2Pcs Bicycle Flywheel Cassette Spacer 1.8mm Flywheel Gasket Compatible with SHIMANO 8 9 10 11 Speed ??Mountain Bike 40.5x34.7mm Black","New","40","0","0","46","0","0","0","0","0","GBP","0","17","28","44","Low traffic","5.09","0.0","5.29","0.0","NoExcessInventory","40","0.0","0","0","0.0","1.31","0.003531","cubic feet","","0.14124","UK","gl_sports","92359","202","0","9","11","5.09","0.0","74.97","123.14","186.66","1","45","0","0","0","0.09","0","0","0","0","5","0","","","","","","","","","","","","","93.1","0","","2026-08-09","93.1","59.5","2026-08-10","40","5","0","0","224","N","","",""
"2026-08-13","RPALH069","X002AMRP3J","B0F6XRPCXJ","Stainless Steel Balloon Filling Plier,Durable Portable Balloon Mouth Opening Tool,Balloon Stretcher Pliers for Home Party Supplies Balloon Filling Petals Confetti Sequins Gold Powder(Blue)","New","67","0","0","71","0","0","0","0","0","GBP","8","18","45","83","Low traffic","8.29","0.0","8.29","0.0","GoToRestock","67","0.0","0","0","0.0","1.84","0.029423","cubic feet","","1.971341","UK","gl_home_improvement","46355","78","0","14","10","8.29","55.28","124.38","310.95","573.53","41","30","0","0","0","1.22","0","0","0","0","2","0","","","","","","","","","","","","","143.2","7","2026-08-30","2026-08-09","143.2","68.9","2026-08-10","67","2","0","0","80","N","","",""
"2026-08-13","ZQLH260107","X002HJ66GR","B0GFSFGXF3","MNFPSJB Kitchen Cupboard Handles 96mm T-Shaped Kitchen Door Handles for Drawer and Cabinet Stainless Steel Pulls Suitable for Bedroom, Living Room, Bathroom","New","18","0","0","0","20","0","0","0","0","GBP","0","1","1","2","Low traffic","5.19","0.0","5.19","0.0","Create Outlet deal","6","0.0","0","0","1.6","0.1","0.00618","cubic feet","Standard","0.11124","UK","gl_home_improvement","572254","366","12","72","117","5.19","0.0","4.49","4.49","9.48","0","0","0","0","0","0.07","0","0","0","0","2","0","","","","","","","","","","","","","939.0","0","","2026-08-09","610.0","939.0","2026-08-10","18","2","0","0","366","N","","",""
"2026-08-13","ZQLH241102009","X0026080QL","B0DLTDRMCG","10 Piece Complete Measuring Spoon Sets - Teaspoon Measuring Spoons and Cups for Baking - Essential Kitchen Tool for Accurate Measurements - Spoon Measuring Set for Precision Cooking - Measuring Scoop","New","53","0","0","41","12","0","0","0","0","GBP","0","1","2","8","Low traffic","6.79","0.0","6.99","0.0","NoExcessInventory","53","0.0","0","0","0.0","0.27","0.018851","cubic feet","Standard","0.999103","UK","gl_kitchen","621585","190","0","212","86","6.99","0.0","5.99","12.31","50.57","31","10","0","0","0","0.66","0","0","0","0","0","0","","","","","","","","","","","","","1535.0","0","","2026-08-09","1535.0","312.6","2026-08-10","53","0","0","0","190","N","","",""
"2026-08-13","RPALH536","X002IAI2F3","B0GL8BDZ5G","2PCS Tartan Bow Knot Hair Clips, Red Plaid, Scottish Bow Hair Barrettes, Elegant Hairpins, Fashion Festive Accessories","New","46","0","0","47","0","0","0","0","0","GBP","0","0","4","15","Low traffic","4.39","0.0","4.59","0.0","NoExcessInventory","46","0.0","0","0","0.0","0.59","0.003531","cubic feet","Standard","0.162426","UK","gl_beauty","306603","246","0","","39","4.59","0.0","0.0","17.96","65.37","0","45","2","0","0","0.11","0","0","0","0","1","0","","","","","","","","","","","","","","0","","","","116.5","2026-08-10","46","1","0","0","251","N","","",""
"2026-08-13","RPLH260338","X002JMUZJV","B0GTVNCYDZ","Shower Cap for Women Fashion-Forward, with Double Layer, Waterproof, Reusable, Express Your Unique Style with Bold and Chic Leopard Print Shower Cap，bonnet for curly hair，satin bonnet for sleeping","New","30","0","0","0","30","0","0","0","0","GBP","","","","","Low traffic","6.49","0.0","6.69","0.0","Advertise listing","0","0.0","0","0","70.95","0.0","0.003531","cubic feet","Standard","0.10593","UK","gl_beauty","","","30","","","6.69","","","","","0","0","0","0","0","0.07","0","0","0","0","0","0","","","","","","","","","","","","","","0","","","","","2026-08-10","30","0","0","0","","N","","",""
"2026-08-13","ZQLH24110904","X00265RKNZ","B0DMJYLFVV","2 Pcs Cake Sculpting & Modeling Tools - Cake Smoother, Cake Icing Smoother, Cake Scraper Buttercream Smoother, Fondant Smoother，Cake Icing Tools，Icing Smoother Tool，Fondant Tools","New","125","0","0","120","0","5","0","0","0","GBP","1","4","19","68","Low traffic","4.39","0.0","4.39","0.0","Create Outlet deal","54","2.71","2","0","66.27","0.8","0.029615","cubic feet","Standard","3.701875","UK","gl_kitchen","226351","366","71","125","23","4.39","3.66","14.64","68.35","228.64","0","120","0","5","0","2.48","0","0","0","0","0","0","","","","","","","","","","","","","631.5","0","","2026-08-09","631.5","92.6","2026-08-10","125","0","0","0","366","N","","",""
"2026-08-13","RPALH418","X002AN5SM3","B0F6Y8QK3Z","MNFPSJB 2 Pack Kitchen Cupboard Handles Stainless Steel Door Brushed Cabinet Wardrobe Drawer (Hole Centre 128mm)","New","50","0","0","56","0","0","0","0","0","GBP","0","6","24","29","Low traffic","5.19","0.0","5.19","0.0","NoExcessInventory","50","0.0","0","0","0.0","1.02","0.01412","cubic feet","","0.706","UK","gl_home_improvement","233621","185","0","33","22","5.19","0.0","25.92","109.8","133.1","50","0","6","0","0","0.44","0","0","0","0","5","0","","","","","","","","","","","","","123.0","0","","2026-08-09","123.0","62.3","2026-08-10","50","5","0","0","204","N","","",""
"2026-08-13","RPALH004","X002A9FYF3","B0F59S1CP4","Eyeglass Case Soft Glasses Case Bag Zippered Neoprene Sunglasses Pouch With Clip Protective Eyewear Case Bag Reading Glass Soft Bag Pouch for Men and Women Kids Durable Portable","New","49","0","0","50","1","0","0","0","0","GBP","2","8","11","20","Low traffic","5.89","0.0","5.89","0.0","Create Outlet deal","19","4.23","2","0","5.86","0.61","0.003531","cubic feet","Apparel","0.173019","UK","gl_apparel","149358","279","30","24","31","5.89","9.82","39.92","55.13","102.29","20","30","0","0","0","0.09","0","0","0","0","1","0","","","","","","","","","","","","","227.0","0","","2026-08-09","227.0","144.5","2026-08-10","49","1","0","0","284","N","","",""
"2026-08-13","ZQLH251244","X002H88CMJ","B0GCDB96KL","3 Pcs Wedding Hair Accessories for Women, Crystal Rhinestone Bridal Hair Pins Flower Bridesmaid Hair Accessories for Brides Bridesmaids Guest Women Girls (Gold)","New","37","1","0","40","0","0","0","0","0","GBP","0","48","85","115","Low traffic","5.99","0.0","6.19","0.0","NoExcessInventory","35","0.0","0","0","122.09","5.29","0.003531","cubic feet","Standard","0.130647","UK","gl_beauty","119297","201","0","18","24","6.19","0.0","240.03","424.66","568.7","40","0","0","0","0","0.09","180","0","180","0","2","0","","","","","","","","","","","","","11.5","0","","2026-08-09","11.5","9.5","2026-08-10","218","0","2","0","202","N","","",""
"2026-08-13","RPALH264","X002ANEFP9","B0F6YLB5QN","10 PCS 1 1/8 Precision Headset Caged Ball Bearing With 16 Balls - Bottom Bracket Silver Race Cycling Steering Bearings for MTB and Road Bike","New","47","0","0","49","0","0","0","0","0","GBP","3","11","22","26","Low traffic","5.69","0.0","5.69","0.0","NoExcessInventory","47","0.0","0","0","0.42","1.52","0.009216","cubic feet","","0.433152","UK","gl_sports","25897","161","0","17","23","5.69","14.22","52.14","103.43","121.71","49","0","0","0","0","0.11","0","0","0","0","0","0","","","","","","","","","","","","","93.3","6","2026-09-03","2026-08-09","93.3","45.9","2026-08-10","47","0","0","0","161","N","","",""
"2026-08-13","RPALH512","X002I95603","B0GL24YWWS","4 PCS Flat Hair Clips, Flat for Women, French Hair Claw Clips for Long Short for Women Girls Thick Daily Use Weddings Parties Sports","New","17","0","0","17","0","0","0","0","0","GBP","1","3","3","3","Low traffic","6.49","0.0","6.49","0.0","Advertise listing","0","0.0","0","0","102.54","0.32","0.003531","cubic feet","Standard","0.060027","UK","gl_beauty","163511","127","0","22","73","6.49","5.41","16.39","16.39","16.39","0","17","0","0","0","0.04","0","0","0","0","0","0","","","","","","","","","","","","","334.7","0","","2026-08-09","194.7","334.7","2026-08-10","17","0","0","0","127","N","","",""
"2026-08-13","RPALH504","X002I8TKO7","B0GL1YQYDH","Snoring Chin Strap Anti Snoring Aid for Women & Men (Black)","New","61","0","0","62","0","0","0","0","0","GBP","2","2","8","23","Low traffic","3.79","0.0","3.79","0.0","NoRestockExcessActionRequired","0","0.0","0","0","196.35","0.64","0.003531","cubic feet","Standard","0.215391","UK","gl_drugstore","85990","366","0","122","34","3.79","6.32","6.32","26.24","76.04","2","60","0","0","0","0.15","0","0","0","0","1","0","","","","","","","","","","","","","","0","","","","125.6","2026-08-10","61","1","0","0","366","N","","",""
"2026-08-13","RPLH260324","X002JM54TH","B0GTTHKN54","Ear Plugs for Sleep, Hearing Protection Ear Plugs Noise Cancelling 30dB, Reusable Soft Silicone Earplugs for Sleep, Focus, Travel or Concerts, Ear Tips in XS/S/M/L - Black","New","27","0","0","0","28","0","0","0","0","GBP","0","2","2","2","Low traffic","4.39","0.0","4.59","0.0","Advertise listing","0","0.0","0","0","57.72","0.07","0.003531","cubic feet","Standard","0.095337","UK","gl_drugstore","204985","366","27","54","175","4.59","0.0","8.32","8.32","8.32","0","0","0","0","0","0.06","0","0","0","0","1","0","","","","","","","","","","","","","1327.0","0","","2026-08-09","426.0","1327.0","2026-08-10","27","1","0","0","366","N","","",""
"2026-08-13","ZQLH24101401","X0025IWBKF","B0DK1DBSQL","Spiralizers, Manual Graters & Slicers - Spiralizer for Vegetables, Courgette Spiralizer, Zucchini Spaghetti Maker Ideal for Vegetable and Fruit Slicing","New","47","0","0","50","0","0","0","0","0","GBP","6","15","32","49","Low traffic","7.99","0.0","7.99","0.0","NoExcessInventory","47","0.0","0","0","0.0","1.29","0.008206","cubic feet","Standard","0.385682","UK","gl_kitchen","136756","176","0","20","20","7.99","39.96","99.9","213.12","326.34","0","50","0","0","0","0.24","30","0","30","0","0","0","","","","","","","","","","","","","149.5","0","","2026-08-09","149.5","77.4","2026-08-10","77","0","0","0","176","N","","",""
"2026-08-13","RPALH305","X002AMRY7L","B0F6XPPMN1","2 PCS Pill Popper for Blister Packs, Pill Pusher, Blue","New","869","0","0","0","222","665","0","0","0","GBP","17","122","305","389","Low traffic","5.49","0.0","5.69","0.0","NoExcessInventory","868","0.0","0","0","10.02","0.36","0.013269","cubic feet","","11.530761","UK","gl_drugstore","20106","239","0","28","29","5.69","81.09","607.04","1534.85","1960.73","0","0","0","665","0","7.87","0","0","0","0","14","0","","","","","","","","","","","","","256.6","0","","2026-08-09","196.3","256.6","2026-08-10","869","14","0","0","244","N","","",""
"2026-08-13","RPALH470","X002AMWPED","B0F6XM572P","2-Way Washer Check Valve Universal for Toyota, Lexus, Nissan, Ford and More Brands – Wiper Water Check Valve for Front Windshield Wiper Washer Nozzles Replaces 85321-28020","New","31","7","0","37","0","0","0","0","0","GBP","7","28","62","80","Low traffic","5.99","0.0","5.99","0.0","NoExcessInventory","38","0.0","0","0","0.0","4.21","0.004273","cubic feet","","0.132463","UK","gl_home_improvement","32152","93","0","11","13","5.99","34.93","139.72","309.38","399.2","37","0","0","0","0","0.09","51","0","50","1","0","0","","","","","","","","","","","","","26.5","4","2026-08-12","2026-08-09","26.5","20.6","2026-08-10","89","0","0","0","93","N","","",""
"2026-08-13","RPALH514","X002I96CU1","B0GL2FDXNY","Clutch Brake Pedal Pads Cover Kit for Citroen, Rubber Clutch Brake Pedal Cap for Citroen Dispatch Berlingo Peugeot 306 Rubbers, Replacement Automobile Accessories, 9120804880, 450412, 4504.12","New","35","1","0","38","0","0","0","0","0","GBP","3","14","28","39","","7.89","0.0","7.89","7.1","NoRestockExcessActionRequired","36","0.0","0","0","0.0","1.34","0.003531","cubic feet","Standard","0.123585","UK","gl_automotive","72473","69","0","10","11","7.89","19.71","92.32","186.68","260.82","30","8","0","0","0","0.08","0","0","0","0","2","0","","","","","","","","","","","","","92.6","19","2026-08-30","2026-08-09","92.6","57.9","2026-08-10","36","1","1","0","73","N","","",""
"2026-08-13","RPALH540","X002IA7NKX","B0GL85BBJ1","4pcs A4 Files Folder Fresh Floral Document Bag, PVC Envelope Folder Document with Snap Button for School Home Work Office Organization Clear Colours Folders for Paperwork Plastic Folders","New","52","2","0","56","0","0","0","0","0","GBP","11","43","53","68","","6.99","0.0","6.99","0.0","Create Outlet deal","0","5.59","2","0","283.73","4.4","0.061284","cubic feet","Standard","3.186768","UK","gl_office_product","40205","35","0","4","9","6.99","64.02","250.26","308.46","395.76","56","0","0","0","0","0.13","0","0","0","0","1","1","","","","","","","","","","","","","15.1","75","2026-08-12","2026-08-09","15.1","11.3","2026-08-10","54","1","0","0","36","N","","",""
"2026-08-13","ZQLH251206","X002H6PW0V","B0GC5H8HNG","MNFPSJB 25 Pcs Silver Duck Bill Hair Clips, 3.54 Inch Rustproof Metal Alligator Curl Clips with Holes for Hair Styling, Coloring, Thick Hair Sectioning, Salon Use & DIY Hair Bows Accessories","New","20","0","0","10","10","0","0","0","0","GBP","0","1","1","2","Low traffic","5.09","0.0","5.09","0.0","Advertise listing","0","0.0","0","0","96.26","0.12","0.003531","cubic feet","Standard","0.07062","UK","gl_beauty","286397","366","20","80","130","5.09","0.0","4.24","4.24","8.65","0","10","0","0","0","0.05","0","0","0","0","0","0","","","","","","","","","","","","","752.5","0","","2026-08-09","616.0","752.5","2026-08-10","20","0","0","0","366","N","","",""
"2026-08-13","RPALH275","X002AN0VFH","B0F6Y5SGTX","20 PCS Wooden Rings for Crafts, Macrame Hoops, DIY Arts Jewellery Making Home Decor Pendant Connectors","New","11","0","0","12","0","0","0","0","0","GBP","5","14","25","27","Low traffic","4.39","0.0","4.39","0.0","NoExcessInventory","11","0.0","0","0","0.0","1.37","0.003531","cubic feet","","0.038841","UK","gl_office_product","284499","127","0","16","28","4.39","18.3","51.24","89.97","97.29","0","10","2","0","0","0.02","48","0","48","0","1","0","","","","","","","","","","","","","93.2","0","","2026-08-09","40.8","93.2","2026-08-10","59","1","0","0","131","N","","",""
"2026-08-13","ZQLH260111","X002HJJ9FH","B0GFW1W1PB","2x Thin Satin Hair Bands Headbands Girls Women (Navy blue)","New","29","3","0","40","0","0","0","0","0","GBP","5","32","56","77","Low traffic","5.69","0.0","5.69","0.0","Create Outlet deal","0","3.99","2","0","66.62","4.22","0.003531","cubic feet","Standard","0.102399","UK","gl_beauty","55010","112","0","13","18","5.69","23.7","151.68","264.42","360.39","40","0","0","0","0","0.08","80","0","80","0","2","0","","","","","","","","","","","","","27.7","0","","2026-08-09","27.7","26.7","2026-08-10","112","2","0","0","113","N","","",""
"2026-08-13","RPALH532","X002IG8B17","B0GMPR6X6S","MNFPSJB Small Spray Bottle 2-Pack 100ml Fine Mist Travel Spray Bottles | Portable Refillable Bottles for Toiletries & Cosmetics","New","13","0","0","18","0","0","0","0","0","GBP","5","14","28","37","Low traffic","5.89","0.0","5.89","0.0","NoRestockExcessActionRequired","","","0","0","","2.88","0.003531","cubic feet","Standard","0.045903","UK","gl_home","","181","0","15","18","5.89","24.55","68.74","137.48","181.67","0","18","0","0","0","","40","0","40","0","2","0","","","","","","","","","","","","","64.4","0","","2026-08-09","64.4","41.8","2026-08-10","53","2","0","0","187","N","","",""
"2026-08-13","RPALH260326","X002JMA2Q7","B0GTQ7WP77","MNFPSJB 2 Pack Hand Wrist Strap, Adjustable Phone Lanyard Phone Charm with Tether Tab, Hands-free Cellphone Wristlet Strap for iPhone, Most Smartphones, Black & Black","New","23","0","0","0","30","0","0","0","0","GBP","","","","","Low traffic","6.89","0.0","6.89","0.0","Advertise listing","0","0.0","0","0","53.31","0.0","0.003531","cubic feet","Apparel","0.081213","UK","gl_apparel","","","23","","","6.89","","","","","0","0","0","0","0","0.05","0","0","0","0","6","0","","","","","","","","","","","","","","0","","","","","2026-08-10","23","6","0","0","","N","","",""
"2026-08-13","ZQLH24101410","X0025JHCPD","B0DK216CMN","8 Pieces Plastic Reusable Bendy and Curly Straws for Kids - Party Supplies for Home, Bar, Beverage Shop, Weddings, Birthdays, Family Reunion, Cocktails and Christmas","New","105","0","0","108","0","0","0","0","0","GBP","9","85","146","181","Low traffic","6.99","0.0","6.99","0.0","NoExcessInventory","105","0.0","0","0","0.0","4.02","0.042608","cubic feet","Standard","4.47384","UK","gl_kitchen","79604","130","0","11","16","6.99","52.38","494.7","849.72","1051.02","108","0","0","0","0","0.99","130","0","130","0","3","0","","","","","","","","","","","","","23.8","0","","2026-08-09","23.8","16.7","2026-08-10","235","3","0","0","132","N","","",""
"2026-08-13","RPALH344","X002ANE9FF","B0F6YLMRSD","4PCS Stainless Steel Finger Shield, Knife Finger Guards for Cutting Food and Vegetables Stainless Steel Finger Protector Safe Chopping Tools for Slicing Dicing Chopping","New","18","0","0","0","0","19","0","0","0","GBP","4","11","20","24","Low traffic","4.48","0.0","4.48","0.0","NoExcessInventory","18","0.0","0","0","0.08","0.74","0.003531","cubic feet","","0.063558","UK","gl_kitchen","186029","53","0","6","9","4.48","14.92","41.03","74.6","89.52","0","0","0","19","0","0.04","0","0","0","0","0","0","","","","","","","","","","","","","158.4","13","2026-08-17","2026-08-09","103.6","158.4","2026-08-10","18","0","0","0","53","N","","",""
"2026-08-13","amzn.gr.RPALH083-ogQ1v5yR4qdQ4k1qUG73-AC","X002G3WPH3","B0F6XGN2HC","Anne Boleyn Ugly Betty Letter Pearl Necklace，A Niche Design With A Light And Luxurious French Fashion Necklace，Elegant And Minimalist Vintage Silver Necklace","Used","1","0","0","0","0","0","1","0","0","GBP","","","","","Low traffic","3.74","0.0","4.99","3.74","Advertise listing","1","0.0","0","0","0.0","0.61","0.003531","cubic feet","Apparel","0.003531","UK","gl_jewelry","218592","2","0","","","4.99","","","","","0","0","0","1","0","0.0","0","0","0","0","0","0","0","0.0","1","0.01","0","0.0","0","0.0","0","0.0","0","0.0","","37","2026-08-12","","","","2026-08-10","1","0","0","0","2","N","","",""
"2026-08-13","RPLH260343","X002JQA5ND","B0GV5KB28Z","Heard Nurse Badge Reel for Nurses Id Badge Holder Retractable for Women Nursing Id Holder Clip for Doctor Nurse Retractable Reel for Student Leopard Print","New","17","0","0","15","2","0","0","0","0","GBP","1","3","11","13","Low traffic","5.09","0.0","5.09","0.0","Create Outlet deal","0","4.39","2","0","38.97","0.65","0.003531","cubic feet","Standard","0.060027","UK","gl_office_product","132273","194","37","49","37","5.09","4.24","12.72","49.78","59.76","0","0","15","0","0","0.04","20","0","20","0","0","0","","","","","","","","","","","","","159.4","0","","2026-08-09","116.6","159.4","2026-08-10","37","0","0","0","194","N","","",""
"2026-08-13","RPLH260353","X002JOUGS9","B0GV2PGN8R","MNFPSJB Gold and Black Tie Clip for Men, Matte Black Skinny Tie Bar with Striped Enamel, Classic Men's Suit Accessory for Wedding Business Graduation Formal Occasions","New","41","0","0","30","15","0","0","0","0","GBP","0","2","10","15","Low traffic","6.89","0.0","7.09","0.0","Create Outlet deal","0","5.83","2","0","92.03","0.41","0.003531","cubic feet","Apparel","0.144771","UK","gl_jewelry","416300","366","41","82","35","7.09","0.0","11.82","60.38","90.73","0","30","0","0","0","0.1","0","0","0","0","4","0","","","","","","","","","","","","","341.3","0","","2026-08-09","341.3","192.6","2026-08-10","41","4","0","0","366","N","","",""
"2026-08-13","RPALH498-1","X002IG7XZR","B0GMNKHWJR","Mini Desk Calendar 2025-2026 Monthly Planner Portable Standing Flip Small Table Calendar for Home Office Decor Pink","New","12","0","0","13","0","0","0","0","0","GBP","1","14","21","31","Low traffic","5.39","0.0","5.59","0.0","CreateShippingPlan","","","0","0","","3.44","0.003531","cubic feet","Standard","0.042372","UK","gl_office_product","110781","18","0","3","5","5.59","4.66","65.24","97.86","144.46","3","10","0","0","0","","0","0","0","0","1","0","","","","","","","","","","","","","41.4","43","2026-08-11","2026-08-09","41.4","36.6","2026-08-10","12","1","0","0","19","N","","",""
"2026-08-13","RPALH127","X002AMWP8J","B0F6XJJXMW","Cigarette Lighter Socket, 12-24V Female Socket Power Plug Outlet Part, Car Cigarette Lighter Socket Power Outlet Adapter for Boat Motorbike Car","New","27","0","0","28","0","0","0","0","0","GBP","2","5","8","13","Low traffic","4.59","0.0","4.59","0.0","NoExcessInventory","27","0.0","0","0","0.0","0.67","0.003531","cubic feet","","0.095337","UK","gl_automotive","66382","264","0","21","27","4.59","7.64","19.1","30.81","51.16","15","0","13","0","0","0.06","0","0","0","0","0","0","","","","","","","","","","","","","296.7","0","","2026-08-09","296.7","188.8","2026-08-10","27","0","0","0","264","N","","",""
"2026-08-13","RPALH314","X002AN8WIF","B0F6Y6YP95","MNFPSJB 6 Pack Stainless Steel Fondue Forks, Color Coded Heat Resistant Handle Fondue Sticks, for Cheese Chocolate Dessert Marshmallow BBQ & Fondue Sets","New","52","0","0","0","0","54","0","0","0","GBP","0","1","3","5","Low traffic","4.39","0.0","4.39","0.0","Create Outlet deal","52","0.0","0","0","1.57","0.09","0.012503","cubic feet","","0.650156","UK","gl_kitchen","738549","366","0","208","135","4.39","0.0","3.66","11.3","18.94","0","0","0","54","0","0.44","0","0","0","0","2","0","","","","","","","","","","","","","1636.0","0","","2026-08-09","1636.0","1007.8","2026-08-10","52","2","0","0","366","N","","",""
"2026-08-13","RPALH577","X002I97HDH","B0GL25DY6Y","Oval French Barrette Hair Clips, Vintage Metal Gold Hair Clip, Elegant French Clip for All Hairs, Gold Hairs Barrettes for Wedding Prom & Formal Events Valentine's Day","New","39","1","0","48","0","0","0","0","0","GBP","1","7","20","23","Low traffic","4.49","0.0","4.49","0.0","NoExcessInventory","40","0.0","0","0","0.1","1.46","0.004503","cubic feet","Standard","0.175617","UK","gl_beauty","135563","117","0","22","22","4.49","3.74","26.18","76.5","87.72","48","0","0","0","0","0.09","0","0","0","0","8","0","","","","","","","","","","","","","62.8","0","","2026-08-09","62.8","39.6","2026-08-10","40","8","0","0","140","N","","",""
"2026-08-13","RPALH270","X002AMWPHZ","B0F6W83BM5","5 Pcs String Trimmer Head 150mm Trimmer Line Lightweight Portable Trimmer Head Replacement Parts Garden Tool Strimmer Accessories for Electric Grass Trimmers Trimming Gardens Lawns Crops","New","31","0","0","32","0","0","0","0","0","GBP","1","3","6","19","Low traffic","4.59","0.0","4.59","0.0","Create Outlet deal","13","3.43","2","0","3.46","1.33","0.003531","cubic feet","","0.109461","UK","gl_lawn_and_garden","99579","366","0","41","21","4.59","3.82","11.46","22.92","69.58","20","12","0","0","0","0.07","0","0","0","0","1","0","","","","","","","","","","","","","314.3","0","","2026-08-09","314.3","63.9","2026-08-10","31","1","0","0","366","N","","",""
"2026-08-13","RPALH520","X002I9PTMX","B0GL51LTYS","4PCS Cartoon Acrylic Food Clips, Big Eye Bag Clips for Snacks and Kitchen, Reusable Plastic Clip for Food Bag Sealing, Great for Freezer Bags Lunch Bags Coffee Pantry Organization Travel","New","42","0","0","43","0","0","0","0","0","GBP","0","5","8","17","Low traffic","5.29","0.0","5.49","0.0","Create Outlet deal","0","4.71","2","0","180.32","0.99","0.003531","cubic feet","Standard","0.148302","UK","gl_kitchen","615701","154","0","33","32","5.49","0.0","23.02","37.75","81.94","30","13","0","0","0","0.1","0","0","0","0","1","0","","","","","","","","","","","","","228.0","0","","2026-08-09","228.0","88.2","2026-08-10","42","1","0","0","158","N","","",""
"2026-08-13","amzn.gr.RPALH514-K4V_WJb6_4agDewdUqE2-LN","X002MICUTP","B0GL2FDXNY","Clutch Brake Pedal Pads Cover Kit for Citroen, Rubber Clutch Brake Pedal Cap for Citroen Dispatch Berlingo Peugeot 306 Rubbers, Replacement Automobile Accessories, 9120804880, 450412, 4504.12","Used","1","0","0","1","0","0","0","0","0","GBP","","","","","Low conversion","7.1","0.0","7.89","7.1","Lower price","","","0","0","","1.34","0.003531","cubic feet","Standard","0.003531","UK","gl_automotive","72473","1","0","","","7.89","","","","","0","1","0","0","0","","0","0","0","0","0","0","","","","","","","","","","","","","","46","2026-08-12","","","","2026-08-10","1","0","0","0","1","N","","",""
"2026-08-13","RPLH260323","X002JM4IZD","B0GTTL2HQ5","Ear Hooks Ear Hook for AirPods 1 AirPods 2 AirPods 3 AirPods Pro/Pro 2, Sports Activity Headset Ear Hooks for Apple AirPods 1 AirPods 2 AirPods 3 AirPods Pro/Pro 2-White","New","33","0","0","35","0","0","0","0","0","GBP","0","3","8","13","Low traffic","6.99","0.0","7.19","0.0","Create Outlet deal","0","6.47","2","0","71.86","0.57","0.003531","cubic feet","Standard","0.116523","UK","gl_wireless","","213","0","44","33","7.19","0.0","18.63","50.91","83.36","21","0","14","0","0","0.08","0","0","0","0","2","0","","","","","","","","","","","","","254.5","0","","2026-08-09","254.5","163.6","2026-08-10","33","2","0","0","230","N","","",""
"2026-08-13","RPLH260331","X002JMNYF3","B0GTVC4QKB","MNFPSJB 3 Pack Heart Shaped Hair Clips, Red Pink Watermelon Red Plastic Hair Barrettes, 3cm Mini Hair Accessories for Valentine’s Day Party Dating, Fits All Straight Curly Braided Hair","New","29","0","0","0","29","0","0","0","0","GBP","0","0","0","1","Low traffic","4.29","0.0","4.29","0.0","Advertise listing","0","0.0","0","0","66.34","0.03","0.003531","cubic feet","Standard","0.102399","UK","gl_beauty","594918","366","29","","377","4.29","0.0","0.0","0.0","4.16","0","0","0","0","0","0.07","0","0","0","0","0","0","","","","","","","","","","","","","","0","","","","2636.0","2026-08-10","29","0","0","0","366","N","","",""
"2026-08-13","RPLH260327","X002JM6HUR","B0GTTHPQC1","MNFPSJB 6 Pack Professional Hair Clips for Styling Sectioning, 11cm Black Non Slip No-Trace Duck Billed Hair Clips with Silicone Band for Salon Home Hairdressing","New","26","0","0","0","29","0","0","0","0","GBP","0","0","0","0","Low traffic","4.59","0.0","4.59","0.0","Advertise listing","0","0.0","0","0","116.85","0.0","0.003531","cubic feet","Standard","0.091806","UK","gl_beauty","542421","366","26","","","4.59","0.0","0.0","0.0","0.0","0","0","0","0","0","0.06","0","0","0","0","3","0","","","","","","","","","","","","","","0","","","","","2026-08-10","26","3","0","0","366","N","","",""
"2026-08-13","RPLH260369","X002JP2FUZ","B0GV3RX43G","MNFPSJB Retro Narrow Oval Blue Light Blocking Glasses for Women Men, Small Anti Blue Light Eyeglasses for Computer Gaming Office Reading, Hawksbill Classic Style","New","24","0","0","15","11","0","0","0","0","GBP","0","1","1","4","Low traffic","5.79","0.0","5.99","0.0","Create Outlet deal","0","4.63","9","0","52.64","0.17","0.003531","cubic feet","Footwear","0.084744","UK","gl_shoes","231202","366","24","96","78","5.99","0.0","5.32","5.32","25.04","0","0","15","0","0","0.05","0","0","0","0","2","0","","","","","","","","","","","","","791.0","0","","2026-08-09","791.0","571.8","2026-08-10","24","2","0","0","366","N","","",""
"2026-08-13","ZQLH251257","X002HB5G43","B0GD12224Z","Funny Goose Bookmark, Funny Cute Goose Book Marks Women Practical Metal Reading Accessories Silly Gift Office Supplies for Book Lover Gift Adults Kids Teens","New","2","0","0","2","0","0","0","0","0","GBP","0","1","1","4","Low traffic","3.59","0.0","3.59","0.0","Create Outlet deal","0","2.71","2","0","7.7","0.53","0.003531","cubic feet","Standard","0.007062","UK","gl_office_product","280630","45","0","8","6","3.59","0.0","2.99","2.99","11.62","0","2","0","0","0","0.0","0","0","0","0","0","0","","","","","","","","","","","","","323.0","4","2026-08-08","2026-08-09","323.0","214.8","2026-08-10","2","0","0","0","45","N","","",""
"2026-08-13","RPALH089","X002AO6CY5","B0F745PVJK","Good Luck Banner, Gold Glitter Farewell We Will Miss You Goodbye Banner for Leaving, We Will Miss You Decorations for Graduation Retirement Graduation Going Away Party","New","13","0","0","13","0","0","0","0","0","GBP","4","7","19","22","Low traffic","4.59","0.0","4.59","0.0","NoExcessInventory","13","0.0","0","0","0.0","3.38","0.003531","cubic feet","Standard","0.045903","UK","gl_lawn_and_garden","85800","245","0","24","25","4.59","15.28","26.74","72.58","84.79","13","0","0","0","0","0.03","30","0","30","0","0","0","","","","","","","","","","","","","55.5","0","","2026-08-09","55.5","45.2","2026-08-10","43","0","0","0","245","N","","",""
"2026-08-13","RPALH375","X002AMWQ01","B0F6WVBDB4","Silicone Car Key Cover Case fit for Mercedes Benz A B C E S Class W204 W205 W212 W213 W176 GLC CLA AMG W177 Key Shell Accessories","New","67","5","0","75","0","0","0","0","0","GBP","3","13","22","29","Low traffic","6.09","0.0","6.09","0.0","NoExcessInventory","72","0.0","0","0","0.0","0.77","0.003531","cubic feet","","0.236577","UK","gl_automotive","67600","296","0","20","30","6.09","15.21","65.91","111.54","147.03","50","25","0","0","0","0.17","0","0","0","0","3","0","","","","","","","","","","","","","75.2","0","","2026-08-09","75.2","68.6","2026-08-10","72","2","1","0","308","N","","",""
"2026-08-13","RPLH260340","X002JMN4U3","B0GTV5PQLW","55cm portable woven pet dog leash - anti slip and wear-resistant traction rope, suitable for small and medium-sized dogs, essential for safe pet walking","New","10","0","0","0","10","0","0","0","0","GBP","","","","","Low traffic","5.19","0.0","5.19","0.0","Advertise listing","0","0.0","0","0","23.06","0.0","0.003531","cubic feet","Standard","0.03531","UK","gl_pet_products","","","10","","","5.19","","","","","0","0","0","0","0","0.02","0","0","0","0","0","0","","","","","","","","","","","","","","0","","","","","2026-08-10","10","0","0","0","","N","","",""
"2026-08-13","RPALH260313","X002JLXWID","B0GTTT2BVG","2PCS 32.5 Feet(10m) Brass Picture Hanging Wire (0.7mm/0.02in), Heavy Duty Picture Frame Wire for Hanging Photo Frames Artworks Mirrors And Clock","New","24","0","0","15","9","0","0","0","0","GBP","0","5","6","6","Low traffic","6.29","0.0","6.49","0.0","Create Outlet deal","0","5.19","2","0","53.45","0.24","0.003531","cubic feet","Standard","0.084744","UK","gl_biss","86573","366","54","43","117","6.49","0.0","27.05","32.79","32.79","0","0","15","0","0","0.06","30","0","30","0","0","0","","","","","","","","","","","","","406.7","0","","2026-08-09","163.2","406.7","2026-08-10","54","0","0","0","366","N","","",""
"2026-08-13","RPLH260378","X002JRHRPV","B0GVDMBC63","2 Pcs Floss Bobbin Winder Embroidery Thread Bobbins Winder Reel Sewing and Sewing Accessories for Cross Stitch Thread Embroidery Crafting DIY","New","14","0","0","17","0","0","0","0","0","GBP","4","9","19","25","Low traffic","8.39","0.0","8.39","0.0","NoExcessInventory","14","0.0","0","0","0.0","1.54","0.003531","cubic feet","Standard","0.049434","UK","gl_kitchen","429949","197","0","28","33","8.39","28.13","64.41","137.78","182.72","0","17","0","0","0","0.03","50","0","50","0","2","0","","","","","","","","","","","","","67.5","0","","2026-08-09","67.5","64.6","2026-08-10","64","2","0","0","203","N","","",""
"2026-08-13","RPALH176","X002AN1OAN","B0F6YGT3LG","Watch Spring Bar Pin Tool | Double Ended Design | Fork and Straight End | Change Straps Bracelets and Buckles | Watch Band Removal Replacement Adjustment Fitting Repair and Sizing Kit","New","29","0","0","25","4","0","0","0","0","GBP","1","2","4","8","Low traffic","3.19","0.0","3.19","0.0","NoRestockExcessActionRequired","10","2.91","19","0","3.22","0.34","3.88E-4","cubic feet","","0.011252","UK","gl_apparel","597097","366","19","58","47","3.19","2.66","5.32","10.64","20.77","0","25","0","0","0","0.01","0","0","0","0","0","0","","","","","","","","","","","","","911.0","0","","2026-08-09","911.0","242.3","2026-08-10","29","0","0","0","366","N","","",""
"2026-08-13","RPALH511","X002IGDCZ7","B0GMNRXT12","MNFPSJB Pressure Washer Sewer Jetter Nozzle, Stainless Steel 5000 PSI Drain Cleaning Nozzle, 1/4"" Quick Connector, 1 Front 6 Rear Jet Holes for Pipe Dredging","New","9","0","0","0","9","0","0","0","0","GBP","0","0","2","2","Low traffic","5.69","0.0","5.89","0.0","Advertise listing","0","0.0","0","0","21.95","0.21","0.003531","cubic feet","Standard","0.031779","UK","gl_home_improvement","289811","208","9","","58","5.89","0.0","0.0","11.48","11.48","0","0","0","0","0","0.02","0","0","0","0","0","0","","","","","","","","","","","","","","0","","","","869.0","2026-08-10","9","0","0","0","208","N","","",""
"2026-08-13","RPALH494","X002I8VMRP","B0GKZWLRMB","Hair Bun Shaper, 2Pcs Easy Donut Bun Maker for Hair, French Twist Fold Wrap Snap Band for Making DIY Styles, Ballet Deft Styling Accessories for Girls Women","New","59","0","0","61","0","0","0","0","0","GBP","1","16","32","39","Low traffic","4.79","0.0","4.79","0.0","Create Outlet deal","0","0.0","0","0","121.26","1.64","0.01267","cubic feet","Standard","0.74753","UK","gl_beauty","101866","158","0","19","26","4.79","3.99","63.84","127.68","154.14","61","0","0","0","0","0.15","20","0","20","0","2","0","","","","","","","","","","","","","50.5","0","","2026-08-09","50.5","42.8","2026-08-10","79","2","0","0","162","N","","",""
"2026-08-13","RPALH278","X002AMYUD7","B0F6X62K4H","8PCS Hair Extension Loop Needle Threader Kit - Wooden Handle Pulling Hooks for Micro Rings, Nano Beads and Feather Extensions","New","6","0","0","6","0","0","0","0","0","GBP","1","3","4","6","Low traffic","4.89","0.0","4.89","0.0","GoToRestock","6","0.0","0","0","0.0","1.18","0.017045","cubic feet","","0.10227","UK","gl_biss","211840","62","0","8","13","4.89","4.07","12.21","16.28","24.76","0","6","0","0","0","0.06","0","0","0","0","0","0","","","","","","","","","","","","","115.0","2","2026-08-25","2026-08-09","115.0","91.4","2026-08-10","6","0","0","0","62","N","","",""
"2026-08-13","RPALH580","X002I8Y65F","B0GL1C1GC6","5ml Measuring Spoon for Powder Gold Stainless Steel Collagen Supplements Scoop Long Handle Tablespoon Scoop for Coffee,Milk Powder, Loose Tea, Sugar, Flour","New","9","0","0","10","0","0","0","0","0","GBP","2","20","20","31","Low traffic","4.19","0.0","4.19","0.0","Create Outlet deal","4","3.19","2","0","10.26","11.27","0.003531","cubic feet","Standard","0.031779","UK","gl_kitchen","189809","12","0","1","3","4.19","6.98","68.27","68.27","104.79","10","0","0","0","0","0.02","0","0","0","0","0","0","","","","","","","","","","","","","34.5","55","2026-08-10","2026-08-09","34.5","26.1","2026-08-10","9","0","0","0","12","N","","",""
"2026-08-13","RPLH260345","X002JORHN1","B0GV238L3H","MNFPSJB Silver Diamante Hair Clips for Women, Sparkling Flower Design Hair Pins, Elegant Wedding Bridal Hair Accessories for Long Hair Braids Updos, Perfect for Prom Parties Daily Wear","New","50","0","0","48","3","0","0","0","0","GBP","0","2","11","23","Low traffic","4.69","0.0","4.89","0.0","Create Outlet deal","0","4.39","2","0","108.18","0.61","0.003531","cubic feet","Standard","0.17655","UK","gl_beauty","252870","366","50","100","28","4.89","0.0","8.82","48.51","103.35","2","46","0","0","0","0.12","0","0","0","0","1","0","","","","","","","","","","","","","507.3","0","","2026-08-09","507.3","121.0","2026-08-10","50","1","0","0","366","N","","",""
"2026-08-13","ZQLH260119","X002HJI53J","B0GFWG1235","MNFPSJB 6 Pack Small Satin Hair Bow Clips, Non-Slip Soft Hair Barrettes for Women Teenage Girls, for Curly Straight Hair, Party Wedding Daily Hair Accessory Gift","New","5","0","0","7","0","0","0","0","0","GBP","4","5","11","12","Low traffic","4.59","0.0","4.59","0.0","Create Outlet deal","0","3.67","2","0","23.42","1.33","0.003531","cubic feet","Standard","0.017655","UK","gl_beauty","74047","25","0","4","5","4.59","15.28","19.1","42.02","45.84","0","7","0","0","0","0.01","0","0","0","0","1","0","","","","","","","","","","","","","107.3","12","2026-08-11","2026-08-09","107.3","101.4","2026-08-10","5","0","1","0","29","N","","",""
"2026-08-13","ZQLH260118","X002HJBH6B","B0GFW9D9H1","4 PCS Sink Overflow Ring Round Overflow Hole Cover Basin for Bathroom Kitchen Sink Overflow Drain Cap Cover Sink Hole Round Overflow Cover Basin Trim Overflow Drain Cap Cover","New","20","0","0","22","0","0","0","0","0","GBP","3","7","9","12","Low traffic","3.79","0.0","3.79","0.0","Create Outlet deal","0","0.0","0","0","71.04","1.05","0.003531","cubic feet","Standard","0.07062","UK","gl_home","171857","117","0","11","21","3.79","9.48","22.12","28.44","38.08","15","7","0","0","0","0.05","0","0","0","0","2","0","","","","","","","","","","","","","157.4","0","","2026-08-09","157.4","99.1","2026-08-10","20","2","0","0","129","N","","",""
"2026-08-13","RPALH464","X002AMRP7P","B0F6XJ2P59","Mini Brayer Roller for Crafts, Small Rubber Brayer Roller for Vinyl, Ink Roller for Printmaking, Craft Paint Roller for Stamping and Scrapbooks (Blue)","New","66","0","0","67","0","0","0","0","0","GBP","0","5","9","33","Low traffic","4.49","0.0","4.49","0.0","Create Outlet deal","31","0.0","0","0","37.95","0.99","0.003531","cubic feet","","0.233046","UK","gl_kitchen","249486","366","0","52","26","4.49","0.0","18.7","33.15","118.83","41","26","0","0","0","0.16","0","0","0","0","1","0","","","","","","","","","","","","","304.4","0","","2026-08-09","304.4","78.1","2026-08-10","66","1","0","0","366","N","","",""
"2026-08-13","RPALH192","X002ANXTWT","B0F72MT1H9","Rear Wiper Washer Jet Nozzle Windshield Water Spray Jet for Audi A1 A3 S3 A4 A6 Q3 Q5 Q7 8E9955985 8E9955985A","New","43","0","0","43","0","0","0","0","0","GBP","1","19","30","35","Low traffic","4.29","0.0","4.29","0.0","NoRestockExcessActionRequired","43","0.0","0","0","0.0","1.82","0.003531","cubic feet","","0.151833","UK","gl_home_improvement","59359","305","0","17","31","4.29","3.57","67.83","105.98","123.03","43","0","0","0","0","0.1","41","0","40","1","0","0","","","","","","","","","","","","","61.3","0","","2026-08-09","45.8","61.3","2026-08-10","84","0","0","0","305","N","","",""
"2026-08-13","RPLH260302","X002J2QWO3","B0GR92JRYP","MNFPSJB Hose Tap Connector 3/4 inch and 1/2 inch BSP 2in1 Plastic Outdoor Graden Hose Tap Connector Threaded Faucet Adapter (2Pack)","New","52","0","0","52","0","0","0","0","0","GBP","1","10","23","40","Low traffic","6.19","0.0","6.19","0.0","NoRestockExcessActionRequired","","","0","0","","1.24","0.003531","cubic feet","Standard","0.183612","UK","gl_lawn_and_garden","113372","180","0","20","16","6.19","5.16","51.6","118.68","205.09","1","51","0","0","0","","0","0","0","0","0","0","","","","","","","","","","","","","152.6","0","","2026-08-09","152.6","70.9","2026-08-10","52","0","0","0","180","N","","",""
"2026-08-13","RPLH260307","X002JMASDT","B0GTV3GQKQ","MNFPSJB Camera Lens Protector for Samsung Galaxy S25 Ultra 5G, 9H Tempered Glass Metal Individual Ring Cover, Easy Installation Tray, HD Clear, 1 Set (Black)","New","64","0","0","70","0","0","0","0","0","GBP","6","12","22","45","Low traffic","4.59","0.0","4.59","0.0","Create Outlet deal","23","3.43","21","0","34.56","1.01","0.00164","cubic feet","Standard","0.10496","UK","gl_wireless","","117","0","21","18","4.59","22.92","45.84","84.04","157.75","0","70","0","0","0","0.07","0","0","0","0","5","0","","","","","","","","","","","","","196.2","0","","2026-08-09","196.2","74.2","2026-08-10","64","5","0","0","124","N","","",""
"2026-08-13","RPALH419","X002AMWP93","B0F6XC7GXW","Sterling Silver Bangle Bracelets for Women,Fashion Versatile Simple Adjustable Silver Plated Smooth Face Bracelet,Smooth Face Round Belly Push Pull Silver Bracelet","New","29","0","0","31","0","0","0","0","0","GBP","0","13","17","28","Low traffic","4.69","0.0","4.69","0.0","NoRestockExcessActionRequired","29","0.0","0","0","0.0","1.38","0.003531","cubic feet","","0.102399","UK","gl_jewelry","334342","229","0","18","27","4.69","0.0","49.13","64.09","107.47","0","31","0","0","0","0.07","30","0","30","0","0","1","","","","","","","","","","","","","80.4","0","","2026-08-09","80.4","60.6","2026-08-10","59","0","0","0","229","N","","",""
"2026-08-13","RPALH096","X002AO096R","B0F72BRV5B","Daisy Keyrings for Women Cute, Daisy Keychain Keyring Novelty Floral Charm Bag Key Chain for Purse Keys Metal Keyring Car Key Chain for Women Girls Men Best Friend Birthday Keychain Gifts","New","43","0","0","43","0","0","0","0","0","GBP","3","8","20","21","Low traffic","3.49","0.0","3.49","0.0","Create Outlet deal","0","2.79","2","0","139.14","0.84","0.003531","cubic feet","","0.151833","UK","gl_apparel","211044","295","0","21","26","3.49","8.73","23.28","57.35","60.09","31","11","1","0","0","0.09","0","0","0","0","0","0","","","","","","","","","","","","","103.8","0","","2026-08-09","103.8","98.7","2026-08-10","43","0","0","0","295","N","","",""
"2026-08-13","RPALH535","X002IA75UV","B0GL8FJ533","MNFPSJB 4Pcs Bandana Hair Scarf for Women, Fashion Boho Headband Accessory, 90 x 6cm Neck Scarf, Soft Lightweight Gift Ready","New","123","6","0","130","0","0","0","0","0","GBP","9","38","73","103","Low traffic","5.99","0.0","5.99","0.0","NoRestockExcessActionRequired","","","0","0","","1.62","0.003531","cubic feet","Apparel","0.434313","UK","gl_apparel","71892","107","0","12","15","5.99","44.91","189.62","364.27","513.01","55","75","0","0","0","","0","0","0","0","0","0","","","","","","","","","","","","","78.8","0","","2026-08-09","78.8","39.4","2026-08-10","129","0","0","0","107","N","","",""
"2026-08-13","RPALH428","X002AO9W0V","B0F73ZR46D","MNFPSJB Windscreen Washer Jets for Volvo XC90 31391513 ABS 3 Way Valve Fit C30 C70 T5 S60 S70 S80 V50 V70 XC60 Check","New","37","0","0","40","0","0","0","0","0","GBP","0","3","8","12","Low traffic","4.59","0.0","4.59","0.0","Create Outlet deal","0","3.55","52","0","127.24","0.65","0.003531","cubic feet","Standard","0.130647","UK","gl_biss","133174","366","0","49","40","4.59","0.0","11.46","30.08","44.04","27","13","0","0","0","0.09","0","0","0","0","0","0","","","","","","","","","","","","","242.3","0","","2026-08-09","242.3","85.3","2026-08-10","37","0","0","0","366","N","","",""
"2026-08-13","RPALH245","X002AN0X4L","B0F6YBG8CB","MNFPSJB Black Stainless Steel Inspirational Keyring, Engraved Motivational Keychain for Teens Son Daughter Mum Christmas Stocking Fillers","New","24","0","0","0","1","24","0","0","0","GBP","1","2","3","5","Low traffic","3.29","0.0","3.29","0.0","Create Outlet deal","0","2.63","2","0","76.96","0.18","0.003531","cubic feet","","0.084744","UK","gl_apparel","386895","366","24","48","62","3.29","2.74","5.48","8.22","13.86","0","0","0","24","0","0.05","0","0","0","0","0","0","","","","","","","","","","","","","493.8","0","","2026-08-09","379.0","493.8","2026-08-10","24","0","0","0","366","N","","",""
"2026-08-13","RPLH260316","X002JLSRQF","B0GTSD9G81","MNFPSJB 4Pcs Nose Fixing Clips, Lightweight Portable Nasal Clips for Nosebleed Stopper, Comfortable Breathing Aid with Non-Slip Design for Home Daily Use and Travel","New","45","0","0","31","14","0","0","0","0","GBP","0","5","13","15","Low traffic","7.59","0.0","7.79","0.0","Create Outlet deal","0","6.55","2","0","101.89","0.49","0.003531","cubic feet","Standard","0.158895","UK","gl_drugstore","129664","195","45","36","39","7.79","0.0","33.28","87.84","101.65","31","0","0","0","0","0.11","0","0","0","0","0","0","","","","","","","","","","","","","202.8","0","","2026-08-09","202.8","173.8","2026-08-10","45","0","0","0","195","N","","",""
"2026-08-13","RPALH148","X002AN8YAL","B0F6Y8V83K","2 Pcs Plastic Mini Whisk Durable Manual Multifunction Balloon Set Kitchen or Hair Dye","New","41","0","0","46","0","0","0","0","0","GBP","1","12","22","30","Low traffic","4.99","0.0","4.99","0.0","NoRestockExcessActionRequired","41","0.0","0","0","0.0","0.94","0.003531","cubic feet","","0.144771","UK","gl_kitchen","421986","121","0","13","17","4.99","4.16","49.92","90.84","124.28","31","15","0","0","0","0.1","0","0","0","0","4","0","","","","","","","","","","","","","78.8","0","","2026-08-09","78.8","74.2","2026-08-10","41","4","0","0","131","N","","",""
"2026-08-13","RPALH260318","X002JL6OK1","B0GTPZ6WJY","Pregnancy Mothers Day Gifts for New Mum Mother Eating for Two for Pregnant Mom Birthday for Mom to Be Baby Announcement Gifts for Mummy Pregnancy for Mum Expecting Gift Spoon","","0","0","0","0","2","0","0","0","0","GBP","","","","","","0.0","0.0","0.0","0.0","NoRestockExcessActionRequired","","","0","0","","0.0","0.003531","cubic feet","Standard","0.0","UK","gl_kitchen","","","0","","","3.79","","","","","0","0","0","0","0","","0","0","0","0","1","1","","","","","","","","","","","","","","0","","","","","2026-08-10","0","1","0","0","","N","","",""
"2026-08-13","RPALH441","X002AO1BVJ","B0F72XJY6K","1 Front Windshield Washer Nozzle Spray for Vauxhall Opel Insignia A. Astra G HJ. Corsa D.Zafira AB， Model 12782508","New","15","0","0","15","0","0","0","0","0","GBP","0","0","0","7","Low traffic","3.39","0.0","3.39","0.0","NoExcessInventory","15","0.0","0","0","0.0","0.47","0.003531","cubic feet","","0.052965","UK","gl_home_improvement","215658","253","0","","27","3.39","0.0","0.0","0.0","22.44","0","1","14","0","0","0.03","0","0","0","0","0","0","","","","","","","","","","","","","","0","","","","199.6","2026-08-10","15","0","0","0","253","N","","",""
"2026-08-13","RPLH260350","X002JOHZBP","B0GV2D9QS8","16 Pieces Hair Ties for Women, Elastic Hair Band, Wide Scrunchies Ties Soft No Damage, Thick Hair Elastic Bands Hair Accessories for Women","New","21","0","0","0","21","0","0","0","0","GBP","0","3","9","9","Low traffic","4.69","0.0","4.89","0.0","Create Outlet deal","0","4.23","2","0","48.4","0.34","0.003531","cubic feet","Standard","0.074151","UK","gl_beauty","211307","190","21","28","30","4.89","0.0","12.21","38.67","38.67","0","0","0","0","0","0.05","0","0","0","0","0","0","","","","","","","","","","","","","269.6","0","","2026-08-09","137.4","269.6","2026-08-10","21","0","0","0","190","N","","",""
"2026-08-13","RPALH206","X002ANYU81","B0F72KHMHL","2 Pcs Hand Clappers 28 cm Large Hand Clappers Noisemakers Cheer Noise Makers Finger Noise Makers for Sporting Events Basketball Football Game Party Favors (Random color)","New","47","2","0","49","0","0","0","0","0","GBP","0","8","10","19","Low traffic","5.19","0.0","5.39","0.0","Create Outlet deal","17","4.15","2","0","23.79","0.72","0.06934","cubic feet","Standard","3.25898","UK","gl_toy","180495","366","0","26","35","5.39","0.0","35.92","44.9","86.84","25","20","4","0","0","2.14","5","0","5","0","0","0","","","","","","","","","","","","","96.4","0","","2026-08-09","91.9","96.4","2026-08-10","54","0","0","0","366","N","","",""
"2026-08-13","RPALH537","X002IGFENP","B0GMPYLZ38","Cable Ties Reusable, 5 Rolls Fastening Tape with Hook and Loop Nylon Straps Organizer, 30 Foot Wire Cord Tape Fastening Straps for Management TV, Computer, Home/Office - 5PCS x 2M","New","19","0","0","19","0","0","0","0","0","GBP","1","7","12","18","Low traffic","5.69","0.0","5.69","0.0","NoRestockExcessActionRequired","19","0.0","0","0","0.08","1.22","0.003531","cubic feet","Standard","0.067089","UK","gl_office_product","203967","84","0","10","13","5.69","4.74","33.18","57.05","86.51","1","18","0","0","0","0.04","0","0","0","0","0","0","","","","","","","","","","","","","92.1","7","2026-08-12","2026-08-09","92.1","83.9","2026-08-10","19","0","0","0","84","N","","",""
"2026-08-13","ZQLH251259","X002HAX67D","B0GCZZQ7WZ","Friend Coffee Spoon, Bestie Friendship Gift for Women Girl You're My Bestea Spoons Engraved Coffee Tea Spoons BFF Dessert Spoons Christmas Birthday Gifts for Friends","New","46","0","0","48","0","0","0","0","0","GBP","8","12","24","36","Low traffic","4.79","0.0","4.79","0.0","NoExcessInventory","46","0.0","0","0","0.0","1.23","0.003531","cubic feet","Standard","0.162426","UK","gl_kitchen","170123","93","0","15","16","4.79","31.92","48.05","99.89","151.73","30","18","0","0","0","0.11","0","0","0","0","2","0","","","","","","","","","","","","","94.2","0","","2026-08-09","94.2","64.2","2026-08-10","46","2","0","0","97","N","","",""
"2026-08-13","RPALH260324","X002JLBLGX","B0GTQGTQS4","Boar Bristle Hair Brush - Suitable for Every Hairtype with Extra Bristles - Made from Environmentally Friendly Bio-Plastic, Blush","New","28","0","0","0","29","0","0","0","0","GBP","0","0","0","1","Low traffic","6.99","0.0","7.19","0.0","Advertise listing","0","0.0","0","0","165.41","0.03","","","Other","","UK","gl_beauty","600020","366","28","","364","7.19","0.0","0.0","0.0","7.16","0","0","0","0","0","0.69","0","0","0","0","1","0","","","","","","","","","","","","","","0","","","","2630.0","2026-08-10","28","1","0","0","366","Y","Holiday Season","2026-10-24","2027-01-01"
"2026-08-13","RPALH267","X002AN5DH3","B0F6WCVY5W","MNFPSJB 2PCS Sports Whistles with Finger Grip, Loud Crisp Sound Referee Whistles, Black Handheld Whistles for Football Basketball Netball Training Outdoor Camping Emergency","New","35","0","0","0","35","0","0","0","0","GBP","0","3","4","7","Low traffic","5.29","0.0","5.49","0.0","NoExcessInventory","35","0.0","0","0","1.29","0.18","0.003531","cubic feet","","0.123585","UK","gl_sports","","97","0","46","65","5.49","0.0","13.88","18.62","33.59","0","0","0","0","0","0.08","0","0","0","0","0","0","","","","","","","","","","","","","494.9","0","","2026-08-09","365.3","494.9","2026-08-10","35","0","0","0","97","N","","",""
"2026-08-13","RPLH260365","X002JPGPY7","B0GV46XSK1","1 Pair of Smart Glasses Sound Enhancers, Premium Durable Silicone Audio Enhancers Compatible with Meta Skyler/Headliner for AI & AR Smart Glasses (Black)","New","25","0","0","0","25","0","0","0","0","GBP","0","2","2","5","Low traffic","5.29","0.0","5.49","0.0","Create Outlet deal","0","5.43","2","0","58.16","0.18","0.003524","cubic feet","Standard","0.0881","UK","gl_drugstore","171166","279","25","50","65","5.49","0.0","9.14","9.14","26.12","0","0","0","0","0","0.06","0","0","0","0","0","0","","","","","","","","","","","","","495.6","0","","2026-08-09","393.0","495.6","2026-08-10","25","0","0","0","279","N","","",""
"2026-08-13","RPALH172","X002ANH4HP","B0F6YKS3HR","10pcs. RJ12 (RJ11) 6p6c Crimps Plug Ends ADSL VDSL Telephone Cable Connectors Plugs 6Pin, 6 Position 6 Conductor","New","27","0","0","31","0","0","0","0","0","GBP","3","9","20","29","Low traffic","4.29","0.0","4.29","0.0","Create Outlet deal","0","3.59","2","0","104.9","1.11","0.003531","cubic feet","","0.095337","UK","gl_biss","","162","0","20","21","4.29","10.71","32.13","73.61","107.91","0","20","11","0","0","0.07","20","0","20","0","3","0","","","","","","","","","","","","","133.8","0","","2026-08-09","133.8","105.5","2026-08-10","47","3","0","0","172","N","","",""
"2026-08-13","RPLH260377","X002JRNLTR","B0GVDZC7M4","MNFPSJB Tangerine Amber Lens Sunglasses Black Chunky Oval Frame Lightly Tinted Colour See Through","New","27","0","0","15","14","0","0","0","0","GBP","0","1","1","1","Low traffic","5.79","0.0","5.99","0.0","Advertise listing","0","0.0","0","0","59.92","0.04","0.003531","cubic feet","Footwear","0.095337","UK","gl_shoes","581031","366","27","108","351","5.99","0.0","4.99","4.99","4.99","0","0","15","0","0","0.05","0","0","0","0","2","1","","","","","","","","","","","","","2531.0","0","","2026-08-09","894.0","2531.0","2026-08-10","27","2","0","0","366","N","","",""
"2026-08-13","ZQLH251273","X002HBTNY7","B0GD6VCH7L","2PCS Silky Satin Hair Bows Clip Hair Ribbon Ponytail Holder Accessories Slides Metal Clips Bow for Women Girls Toddlers Teens Kids(Black+White)","New","19","0","0","0","19","0","0","0","0","GBP","0","1","4","8","Low traffic","3.39","0.0","3.39","0.0","Create Outlet deal","0","2.71","2","0","67.55","0.36","0.003531","cubic feet","Standard","0.067089","UK","gl_beauty","714930","194","19","76","30","3.39","0.0","2.82","11.28","22.56","0","0","0","0","0","0.05","0","0","0","0","0","0","","","","","","","","","","","","","580.0","0","","2026-08-09","580.0","251.4","2026-08-10","19","0","0","0","194","N","","",""
"2026-08-13","RPALH007","X002A9EG7F","B0F59TR934","Bread Maker Paddle Compatible with Panasonic Bread Maker Replacement Mixing Kneading Paddles Non-Stick Teflon Coated Kneading Blade Accessories for SD-256/SD-257/SD-2501/SD-2500/SD-2511/SD-ZB2502","New","20","0","0","15","5","0","0","0","0","GBP","0","2","9","11","Low traffic","4.59","0.0","4.59","0.0","NoExcessInventory","20","0.0","0","0","0.0","0.61","0.005289","cubic feet","Standard","0.10578","UK","gl_kitchen","563975","222","0","100","59","4.59","0.0","7.64","34.38","42.19","0","15","0","0","0","0.06","30","0","30","0","0","0","","","","","","","","","","","","","127.6","0","","2026-08-09","127.6","124.4","2026-08-10","50","0","0","0","222","N","","",""
"2026-08-13","RPLH260308","X002JM73A5","B0GTTXGMQW","MNFPSJB Night Driving over Glasses, Anti Glare Headlight Fit over Glasses, Yellow Polarised Night Vision Glasses for Men & Women","New","11","0","0","0","19","0","0","0","0","GBP","0","3","6","6","Low traffic","7.49","0.0","7.69","0.0","NoExcessInventory","0","6.31","2","0","71.51","0.26","0.003531","cubic feet","Footwear","0.038841","UK","gl_shoes","603556","123","11","14","23","7.89","0.0","19.71","39.76","39.76","0","0","0","0","0","0.02","0","0","0","0","8","0","","","","","","","","","","","","","207.0","0","","2026-08-09","207.0","189.8","2026-08-10","11","8","0","0","217","N","","",""
"2026-08-13","ZQLH260123","X002HJJYG1","B0GFWNPL5T","MNFPSJB Retro Rimless Rectangle Sunglasses, Tinted Frameless Eyewear, Diamond Cutting Lens, UV400 Protection, Vintage Candy Colours Classic Square Glasses with Eyeglasses Straps Chain","New","32","0","0","36","0","0","0","0","0","GBP","5","12","22","33","Low traffic","8.09","0.0","8.09","0.0","Create Outlet deal","18","6.52","2","0","9.8","2.49","0.003531","cubic feet","Footwear","0.112992","UK","gl_shoes","205709","143","0","17","20","8.09","33.7","80.88","148.28","223.3","33","3","0","0","0","0.06","20","0","20","0","3","0","","","","","","","","","","","","","71.6","0","","2026-08-09","71.6","52.2","2026-08-10","52","3","0","0","154","N","","",""
"2026-08-13","ZQLH251254","X002HB6LM9","B0GCZTHZXK","MNFPSJB Silver Zinc Alloy Cat Bookmark, Cute Animal Book Marker with Heart Pendant, Lightweight Reading Tool for Cat Lovers Book Lovers Gift","New","1","0","0","0","1","0","0","0","0","GBP","0","0","0","1","","3.59","0.0","0.0","0.0","NoRestockExcessActionRequired","0","0.0","0","0","2.49","0.09","0.003531","cubic feet","Standard","0.003531","UK","gl_office_product","629679","366","1","","13","3.79","0.0","0.0","0.0","3.32","0","0","0","0","0","0.0","0","0","0","0","3","0","","","","","","","","","","","","","","0","","","","1234.0","2026-08-10","1","3","0","0","366","N","","",""
"2026-08-13","ZQLH240906","X0024CNJKD","B0DG2XMJT9","MNFPSJB 8 Pack Reusable Curly Plastic Straws, Multi-Color Spiral Drinking Straws with Removable Patterns, for Party Cocktail Christmas Birthday Events","New","27","3","0","10","11","0","0","0","0","GBP","2","10","23","26","Low traffic","6.99","0.0","6.99","0.0","NoExcessInventory","1","0.0","0","0","4.68","0.9","0.02193","cubic feet","Standard","0.59211","UK","gl_kitchen","426518","366","79","30","38","6.99","11.64","58.2","133.86","151.41","10","0","0","0","0","0.43","50","0","50","0","0","0","","","","","","","","","","","","","93.2","0","","2026-08-09","47.6","93.2","2026-08-10","80","0","0","0","366","N","","",""
"2026-08-13","RPALH552","X002I9ZGGH","B0GL7K8VGD","White Rose Lovely Flower Crystal Brooch for Women and Girls","New","25","0","0","30","0","0","0","0","0","GBP","4","19","19","28","Low traffic","7.99","0.0","7.99","0.0","Create Outlet deal","0","6.39","2","0","60.97","2.08","0.003531","cubic feet","Apparel","0.088275","UK","gl_jewelry","187265","42","0","5","11","7.99","26.64","126.54","126.54","187.92","30","0","0","0","0","0.06","0","0","0","0","4","0","","","","","","","","","","","","","57.5","23","2026-08-12","2026-08-09","57.5","43.2","2026-08-10","25","4","0","0","49","N","","",""
"2026-08-13","RPALH322","X002AMRV3X","B0F6W82NTY","Tyre Valve Stem Puller Tool Tyre Valve Repair Tool Valve Core Tool No Scratch Tyre Valve Installation Tool for Car Bicycle Blue","New","29","0","0","29","0","0","0","0","0","GBP","1","1","7","10","Low traffic","5.79","0.0","5.79","0.0","NoExcessInventory","1","0.0","0","28","87.48","0.89","0.020949","cubic feet","","0.607521","UK","gl_automotive","57751","226","0","116","37","5.79","4.82","4.82","33.74","48.2","29","0","0","0","0","0.42","0","0","0","0","0","0","","","","","","","","","","","","","90.3","0","","2026-08-09","90.3","69.1","2026-08-10","29","0","0","0","226","N","","",""
"2026-08-13","RPALH401","X002AMRY49","B0F6XJ1LZG","Parcel Shelf Clip fit for Focus MK3 015532109E Black Rear Luggage Fastening Brackets Compatible with Fiesta Focus B-Max C-Max C3 DS3 Qashqai J10 1539663 8795EN","New","29","0","0","30","0","0","0","0","0","GBP","2","6","12","20","Low traffic","4.09","0.0","4.09","0.0","Create Outlet deal","3","2.66","8","0","44.75","1.38","0.003531","cubic feet","","0.102399","UK","gl_biss","20615","268","0","19","18","4.09","6.82","20.46","40.92","66.84","30","0","0","0","0","0.07","0","0","0","0","0","0","","","","","","","","","","","","","115.5","0","","2026-08-09","115.5","89.3","2026-08-10","29","0","0","0","268","N","","",""
"2026-08-13","RPALH531","X002IACYD9","B0GL8C7KPN","Christian Art Gifts Metal Bookmark Bible Verse Inspirational Bookmark for Women -for I Know The Plans - Jeremiah 29:11","New","11","0","0","11","0","0","0","0","0","GBP","0","3","6","7","Low traffic","4.89","0.0","4.89","0.0","Advertise listing","0","0.0","0","0","45.41","0.62","0.002474","cubic feet","Standard","0.027214","UK","gl_office_product","169981","366","0","54","76","4.89","0.0","12.72","26.11","30.68","0","0","11","0","0","0.02","30","0","30","0","0","0","","","","","","","","","","","","","213.0","0","","2026-08-09","93.0","213.0","2026-08-10","41","0","0","0","366","N","","",""
"2026-08-13","RPLH260344","X002JOHK0B","B0GV219N6L","8Pcs Lobster Clasp Extenders, Mini Bracelet Necklace Extender, Lanyard Snap Hook, Jewelry Lobster Clasp for DIY Bracelet Necklace Making","New","15","0","0","0","28","0","0","0","0","GBP","0","0","0","2","Low traffic","4.59","0.0","4.79","0.0","Advertise listing","0","0.0","0","0","32.91","0.07","0.003021","cubic feet","Standard","0.045315","UK","gl_office_product","2206639","366","15","","97","4.79","0.0","0.0","0.0","9.48","0","0","0","0","0","0.01","0","0","0","0","13","0","","","","","","","","","","","","","","0","","","","1286.5","2026-08-10","15","13","0","0","366","N","","",""
"2026-08-13","RPALH434","X002AMYV1N","B0F6XGS51J","Sometimes You Forget You are Awesome Bookmark Inspirational Gifts for Women Men Boys Girls Birthday Christmas Graduation Gift","New","28","0","0","28","0","0","0","0","0","GBP","0","8","18","32","Low traffic","4.59","0.0","4.59","0.0","Create Outlet deal","0","3.83","2","0","57.78","1.32","0.003531","cubic feet","","0.098868","UK","gl_office_product","169095","237","0","24","19","4.59","0.0","30.56","68.76","124.62","0","26","2","0","0","0.07","20","0","20","0","0","0","","","","","","","","","","","","","115.4","0","","2026-08-09","115.4","65.0","2026-08-10","48","0","0","0","237","N","","",""
"2026-08-13","RPLH260341","X002JMRJW7","B0GTV7ZRPH","MNFPSJB Red Carrot Shaped Drain Soap Box - Cute Cartoon Dustproof Moisture Proof Soap Storage Holder for Bathroom, Toilet, Travel & Car","New","9","0","0","0","10","0","0","0","0","GBP","","","","","Low traffic","4.59","0.0","4.59","0.0","Advertise listing","0","0.0","0","0","21.46","0.0","0.003531","cubic feet","Standard","0.031779","UK","gl_home","","","9","","","4.59","","","","","0","0","0","0","0","0.02","0","0","0","0","1","0","","","","","","","","","","","","","","0","","","","","2026-08-10","9","1","0","0","","N","","",""
"2026-08-13","RPALH169","X002AMRVU1","B0F6X74MGM","3m Long Flexible Feeding Tube Cleaning Brush Slim Drain Hole Cleaning Tool Drain Unblocker Wire Refrigerator Hose Pipe Sink Snake Drain for Car Sunroof Aquarium Air Conditioner Tube Upgraded","New","106","0","0","110","0","0","0","0","0","GBP","5","31","60","105","Low traffic","5.89","0.0","5.89","0.0","NoExcessInventory","107","0.0","0","0","0.0","2.77","0.019586","cubic feet","","2.076116","UK","gl_home_improvement","69906","78","0","13","13","5.89","24.55","152.21","285.14","468.49","110","0","0","0","0","1.3","0","0","0","0","1","0","","","","","","","","","","","","","61.5","9","2026-08-12","2026-08-09","61.5","31.5","2026-08-10","106","1","0","0","79","N","","",""
"2026-08-13","amzn.gr.RPALH051-4t3u1VD8kI6XzCxMKOvE-VG","X002JQRVHL","B0F6XJ19TF","MNFPSJB 20 Pack 17mm Car Wheel Nut Covers with Removal Clip, Black Universal Tyre Lug Bolt Caps for Wheel Hub Decoration, Dust & Rust Protection","Used","1","0","0","0","1","0","0","0","0","GBP","","","","","Low traffic","3.73","0.0","4.39","3.73","Advertise listing","1","0.0","0","0","0.0","0.44","0.003531","cubic feet","Standard","0.003531","UK","gl_automotive","162470","9","0","","","4.39","","","","","0","0","0","0","0","0.0","0","0","0","0","0","0","","","","","","","","","","","","","","9","2026-08-12","","","","2026-08-10","1","0","0","0","9","N","","",""
"2026-08-13","RPLH260381","X002JRLD8X","B0GVDT7GYP","MNFPSJB Phone Lanyard Tether Tab, Strap Metal Patch,Universal Phone Lanyard Tether Patch Without Adhesive","New","24","0","0","0","27","0","0","0","0","GBP","0","1","1","1","Low traffic","5.49","0.0","5.69","0.0","Create Outlet deal","0","4.39","9","0","54.58","0.07","0.003531","cubic feet","Apparel","0.084744","UK","gl_apparel","","366","24","96","312","5.69","0.0","5.07","5.07","5.07","0","0","0","0","0","0.05","0","0","0","0","3","0","","","","","","","","","","","","","1251.5","0","","2026-08-09","821.0","1251.5","2026-08-10","24","3","0","0","366","N","","",""
"2026-08-13","amzn.gr.ZQLH2409142-5cWSwoM2JdNZtJkXK-LN","X002HOE8CV","B0DJ27TB7F","MNFPSJB 3 Pack Pet Pill Feeder Dispenser, Soft Tip Dog Cat Medicine Feeder, Reusable Syringe Tool for Pills Capsules Liquid Water Small Animals","Used","1","0","0","0","0","1","0","0","0","GBP","","","","","Low traffic","4.13","0.0","4.59","4.13","Advertise listing","0","3.3","9","0","2.62","0.19","0.002781","cubic feet","Standard","0.002781","UK","gl_pet_products","149682","22","0","","","4.59","","","","","0","0","0","1","0","0.0","0","0","0","0","0","0","","","","","","","","","","","","","","3","2026-08-12","","","","2026-08-10","1","0","0","0","22","N","","",""
"2026-08-13","RPLH260342","X002JOHVLT","B0GV236K31","10Pcs Hair Combs Slides for Women Small Metal 1.6 Inch Five Tooth Side Hair Combs Secure Hold Mini Insert Headdress for Wedding and Daily Use","New","48","0","0","45","4","0","0","0","0","GBP","0","4","6","10","Low traffic","5.49","0.0","5.69","0.0","Create Outlet deal","0","4.87","2","0","101.78","0.35","0.003531","cubic feet","Standard","0.169488","UK","gl_beauty","221647","366","48","48","62","5.69","0.0","18.96","29.1","49.38","30","0","15","0","0","0.12","0","0","0","0","1","0","","","","","","","","","","","","","273.5","0","","2026-08-09","273.5","253.6","2026-08-10","48","1","0","0","366","N","","",""
"2026-08-13","RPALH086","X002AMRVWJ","B0F6WVGMTN","18PCS Acrylic Septum Stretching Kit Black Septum Pincher Tapers C Shape Septum Piercing Kit Stretching Expander Rings for Nose Ear Gauges Size 14G 12G 10G 8G 6G 4G 2G 0G 00G","New","36","0","0","38","0","0","0","0","0","GBP","5","20","29","43","Low traffic","5.39","0.0","5.39","0.0","NoExcessInventory","36","0.0","0","0","0.0","1.81","0.003531","cubic feet","","0.127116","UK","gl_jewelry","137269","175","0","13","19","5.39","22.45","89.8","130.21","188.93","31","7","0","0","0","0.08","30","0","30","0","0","0","","","","","","","","","","","","","68.7","0","","2026-08-09","68.7","51.1","2026-08-10","66","0","0","0","175","N","","",""
"2026-08-13","RPALH557","X002IB5BK1","B0GLF55RM6","2 Pack Buggy Clips Pram Clips Stroller Hooks Pushchair Hooks for Hook Your Shopping Bags, Handbag or Change Bag on Your Stroller, Pram or Pushchair, Universal Fit, Black","New","9","0","0","11","0","0","0","0","0","GBP","6","32","43","59","Low traffic","5.19","0.0","5.19","0.0","NoRestockExcessActionRequired","","","0","0","","3.93","0.003531","cubic feet","Standard","0.031779","UK","gl_baby_product","19182","97","0","11","19","5.19","25.92","134.56","180.32","246.88","1","10","0","0","0","","80","0","80","0","1","0","","","","","","","","","","","","","27.2","0","","2026-08-09","27.2","25.9","2026-08-10","89","1","0","0","98","N","","",""
"2026-08-13","ZQLH251250","X002HAVQCF","B0GCYV5ZYS","Cat Brush for Tear Stain Removal & Flea Comb - Stainless Steel Gentle Grooming Tool with Rounded Tips, Pain-Free Detangling for Long/Short Hair Cats","New","18","0","0","10","8","0","0","0","0","GBP","0","0","2","6","Low traffic","5.19","0.0","5.19","0.0","NoExcessInventory","18","0.0","0","0","0.16","0.4","0.003531","cubic feet","Standard","0.063558","UK","gl_beauty","162703","209","0","","39","5.19","0.0","0.0","8.64","25.92","0","10","0","0","0","0.04","0","0","0","0","0","0","","","","","","","","","","","","","","0","","","","170.7","2026-08-10","18","0","0","0","209","N","","",""
