"sku","fnsku","asin","product-name","condition","your-price","mfn-listing-exists","mfn-fulfillable-quantity","afn-listing-exists","afn-warehouse-quantity","afn-fulfillable-quantity","afn-unsellable-quantity","afn-reserved-quantity","afn-total-quantity","per-unit-volume","afn-inbound-working-quantity","afn-inbound-shipped-quantity","afn-inbound-receiving-quantity","afn-researching-quantity","afn-reserved-future-supply","afn-future-supply-buyable","afn-fulfillable-quantity-local","afn-fulfillable-quantity-remote","afn-fc-transfer-quantity","afn-onhand-buyable-quantity","store"
"DWG251101","X002G8PFUH","B0G29GLQ3H","Unisex Double-Sided Soft Winter Scarf, 180x21cm Warm Polyester Shawl Wrap, Classic Stylish Cold Weather Scarf for Men Women, Daily Outdoor & Festival Gift","New","6.19","No",,"Yes","0","0","0","0","0","99.96","0","0","0","0","0","0","0","0","0","0",
"DWG251102","X002G8GR31","B0G29LMMR6","Super Soft Classic Plaid Winter Casual Women's Scarf - Warm And Stylish","New","5.49","No",,"Yes","0","0","0","0","0","3645.3","0","0","0","0","0","0","0","0","0","0",
"DWG251103","X002G8GW7H","B0G29SNCKN","Double-Sided Soft Winter Scarf for Men Women, 160x27cm Warm Skin-Friendly Scarf, Classic Stylish Shawl Wrap for Cold Autumn Winter, Daily Wear & Festival Gift","New","6.09","No",,"Yes","0","0","0","0","0","3797.54","0","0","0","0","0","0","0","0","0","0",
"DWG251104","X002G8M4U1","B0G29T2D65","Women's Winter Scarf, Soft And Warm, With A Puppy Pattern Design","New","9.79","No",,"Yes","0","0","0","0","0","2956.55","0","0","0","0","0","0","0","0","0","0",
"DWG251105","X002G8SHLB","B0G2BD2BNN","Unisex Classic Plaid Winter Scarf for Men Women, Soft Warm Polyester Business Scarf, Light Gray with Red Stripes, 180x30cm Large Scarf & Shawl for Daily Office","New","5.19","No",,"Yes","0","0","0","0","0","2236.18","0","0","0","0","0","0","0","0","0","0",
"DWG251107","X002G8WBOZ","B0G2BJP9B9","Winter Scarf Solid Color Tassel Unisex Scarf - Warm And Stylish","New","8.79","No",,"Yes","0","0","0","0","0","4392.22","0","0","0","0","0","0","0","0","0","0",
"DWG251109","X002G900C9","B0G2BM15DC","Winter Scarf Solid Color Tassel Unisex Scarf - Warm And Stylish","New","6.79","No",,"Yes","1","0","0","1","1","5990.46","0","0","0","0","0","0","0","0","0","0",
"DWG251110","X002G90BYB","B0G2BKVMRS","Unisex Winter Scarf with Braided Tassel, Soft Warm Reversible Polyester Scarf, Large Wrap Shawl Blanket Scarf for Men Women, Casual Formal Wedding Travel Daily Wear","New","5.89","No",,"Yes","0","0","0","0","0","9230.51","0","0","0","0","0","0","0","0","0","0",
"DWG251111","X002G97P8B","B0G2BM2X3F","Black Reversible Winter Scarf for Women Men, Soft Warm Thick Polyester Scarf with Subtle Smile Pattern, Classic Comfortable Scarf for Cold Weather, Daily Wear Weddings Evening Wraps","New","5.89","No",,"Yes","0","0","0","0","0","4997.07","0","0","0","0","0","0","0","0","0","0",
"DWG251114","X002G9PNHV","B0G2FYYDVH","Warm Winter Knitted Scarf for Women - Red & Beige Color Block with Teddy Bear Embroidery, Soft & Cozy Neck Warmer","New","7.59","No",,"Yes","0","0","0","0","0","3963.7","0","0","0","0","0","0","0","0","0","0",
"DWG251115","X002G9POHZ","B0G2G9SG2Z","Red and White Checkered Knit Scarf - Soft and Comfortable Winter Scarf for Men and Women","New","6.89","No",,"Yes","0","0","0","0","0","3811.47","0","0","0","0","0","0","0","0","0","0",
"DWG251118","X002G9HKEZ","B0G2G7K7W5","Milk White Checkered Tassel Scarf for Women Men, Thick Warm Plaid Winter Scarf, OEKO-TEX Unisex Scarf & Shawl, Couple Style for Daily Outdoor Gift","New","5.19","No",,"Yes","0","0","0","0","0","6439.62","0","0","0","0","0","0","0","0","0","0",
"DWG251119","X002G9K1DR","B0G2GC2W2Q","Diamond-pattern Scarf, Dark Brown, Versatile Unisex Neck Warmer And Shawl, Winter Warmth","New","6.09","No",,"Yes","0","0","0","0","0","4651.96","0","0","0","0","0","0","0","0","0","0",
"DWG2602001","X002IB4WLF","B0GLFDG91D","4 Pcs Small Transparent Storage Box, 6 GridsPortable Plastic Pill Box, Mini Empty Small ItemsJewelry Organizer Bead Containers MedicationDispenser Nail Ornaments for Travel or Daily Use","New","3.69","No",,"Yes","48","47","0","1","63","99.96","0","15","0","0","0","0","47","0","0","47",
"DWG2602002","X002IB8FW7","B0GLFGC3GY","2 PCS Eyeliner Sharpener,Black Compact Dual Cosmetic Pencil Sharpener,2 Holes Makeup,Compact & Easy to Clean,Cosmetic Makeup Tool,for Various Sizes of Eyebrow Pencil,Eyeliner,Lip Liner.","New","3.66","No",,"Yes","20","20","0","0","20","99.96","0","0","0","0","0","0","20","0","0","20",
"DWG2602003","X002IB64SJ","B0GLFSHY3N","Premium Reusable Waterproof Shower Cap, Elastic, Double Layer, Women's Hair Care (Leopard Red Border)","New","3.58","No",,"Yes","0","0","0","0","0","99.96","0","0","0","0","0","0","0","0","0","0",
"DWG2602004-1","X002IFI8BL","B0GMHG2RBS","5Pcs Black Slumber Hair Net Thicker Sleep Hair Net with Elasticated Edges for Holding in Place","New","3.39","No",,"Yes","35","34","0","1","35","999.94","0","0","0","0","0","0","34","0","0","34",
"DWG2602005","X002IB5Z25","B0GLG7411R","Ultra-Soft Leather Heel Grips – Prevent Shoes from Slipping & Rubbing | Stop Blisters, Skin Irritation & Soreness | Odor-Resistant | Foot Care (2 Pairs)","New","4.09","No",,"Yes","5","5","0","0","45","99.96","0","40","0","0","0","0","5","0","0","5",
"DWG2602006-1","X002IFVGL5","B0GMHXQ3Z2","2 pcs Gasoline Engine Starter Handle Grip, Recoil Starter Pull Handle for Lawn Mower, Generator, Chainsaw","New","4.29","No",,"Yes","17","17","0","0","17","99.96","0","0","0","0","0","0","17","0","0","17",
"DWG2602007","X002IB6JBB","B0GLFSP7TL","Sports Headbands, 4 Pack Elastic Hair Bands, Non Slip Mini Sweat Bands for Yoga, Football, Tennis, Unisex Fit - Black","New","4.29","No",,"Yes","0","0","0","0","29","999.94","0","29","0","0","0","0","0","0","0","0",
"DWG2602008","X002IB3BU3","B0GLG2QSB7","2 Pcs Metal Coffee Filter, Reusable Filter for Original Stainless Steel, Durable, Alternative to Paper Filters, Provides Fuller Bodied Coffee, Easy to Clean, Silver","New","4.39","No",,"Yes","9","9","0","0","9","99.96","0","0","0","0","0","0","9","0","0","9",
"DWG2602009","X002IB95SP","B0GLH442M7","6 Pcs Headset Spacers 1 1/8"", Aluminium Alloy Headset Spacers for Bikes, 28.6mm MTB Road Bike Stem 2mm/3mm/5mm/3x10mm Black","New","4.99","No",,"Yes","26","25","0","1","26","99.96","0","0","0","0","0","0","25","0","0","25",
"DWG2602011","X002IBC88T","B0GLG5Y2MT","2Pcs Pill Popper for Blister Packs Aids Tablet Opener Portable Remover Easy Small Tablets Gadgets Home Medicine Extractor Pill Dispenser for Elderly Medication Capsule Equipment Storage Tool","New","4.79","No",,"Yes","0","0","0","0","180","99.96","0","180","0","0","0","0","0","0","0","0",
"DWG2602012","X002IBA3Z9","B0GLGBG7PQ","4 Pcs Soft Bristle Toothbrush Nano Toothbrush Soft Brush Manual Brush with 20,000 Bristles for Sensitive Teeth and Gum Adult","New","5.79","No",,"Yes","9","9","0","0","9","99.96","0","0","0","0","0","0","9","0","0","9",
"DWG2602013","X002IBBJ5H","B0GLGGYMHB","Windscreen Washer Nozzles Compatible with Hyundai Tucson i20 i30 i40 ix35 Kona Santa Fe 2007-2023, Kia Sportage NIRO Soul Sorento – Screen wash Wiper Spray Jets 986302K100 986303J000, 2-Pack","New","7.38","No",,"Yes","39","35","1","3","39","99.96","0","0","0","0","0","0","35","0","0","35",
"DWG2602014","X002IB2FGT","B0GLGSXGX9","6 Pcs Waist Tightener Clips, Waist Cincher Clip, Tightener, No Sewing, Adjustable Heart Pant for Loose Jeans, Skirts, Sleeves, Sweaters Clothing Accessories","New","5.38","No",,"Yes","95","90","0","5","95","99.96","0","0","0","0","0","0","90","0","0","90",
"DWG2602015","X002IBEGXJ","B0GLGSYHL6","Round Hair Brush Blow Dry Hair Brush Radial Hairbrush for Creating and Smoothing Curly or Wavy Professional Styling Tool for Women, Men, Kids - All Types","New","5.59","No",,"Yes","11","10","0","1","11","99.96","0","0","0","0","0","0","10","0","0","10",
"DWG2602016","X002IBFHAZ","B0GLGG5ZDX","Ginger Hair Bow Clip with Silky Ribbon Tail, Large 36x18cm Satin Bow, Hair Styling Accessory for Parties School Daily Wear","New","3.59","No",,"Yes","0","0","0","0","0","99.96","0","0","0","0","0","0","0","0","0","0",
"DWG2602017","X002IBCDVB","B0GLGQJ21D","3 Pairs Low Back Bra Converter Soft Extender Low Back Adjustable Bra Extenders 3 Assorted Colors Elastic Straps for Backless Dress for Ladies Girls Dress Wedding Party","New","4.39","No",,"Yes","40","28","0","0","40","99.96","0","0","0","1","0","0","28","0","11","39",
"DWG2602018","X002IBESUF","B0GLG2BBSH","Fuel Tank Cap Tether,Universal Fuel Tank Caps Line Band Cord, Filler Gas Cap Rubber Rope,Filler Gas Cover Replacement Retaining Strap and Ring,Oil Caps Cable Wire Compatible","New","4.09","No",,"Yes","27","27","0","0","27","99.96","0","0","0","0","0","0","27","0","0","27",
"DWG2602019","X002IDEWY5","B0GLWWLB2Y","4pcs Yarn Guide Ring Crochet Knitting Tool, 4 Colors Finger Holder Crochet Ring Plastic Guide Tension Rings with Adjustable Open Yarn Separated Supplies for Crocheting DIY Crafts Stuff Accessorie","New","3.69","No",,"Yes","31","31","0","0","31","999.94","0","0","0","0","0","0","31","0","0","31",
"DWG2602020","X002IDF6TP","B0GLX99K44","Somtimes You Forget You Are Awesome Gifts Inspirational Pocket Hug Token with Leather Keepsake Gifts For Women Men Girls Boys Best Friend Birthday Christmas","New","3.79","No",,"Yes","17","14","0","1","17","99.96","0","0","0","2","0","0","14","0","0","14",
"DWG2602021","X002IDHNVJ","B0GLXGQQNG","4Pcs M6x18mm MTB Caliper Bolts Bike Hydraulic Disc Brake Caliper Adapter Bolts Mountain Road Bike Overall Length 25.8 mm Black","New","5.29","No",,"Yes","66","46","0","4","66","99.96","0","0","0","0","0","0","46","0","16","62",
"DWG2602022","X002IDFW8Z","B0GLXG3VDJ","Metal Cookie Cutter Set - 12 Stainless Steel Shapes Including Round, Heart, Star, and Flower for Baking Biscuits and Mini Molds","New","5.29","No",,"Yes","2","2","0","0","22","99.96","0","20","0","0","0","0","2","0","0","2",
"DWG2602023","X002IFPC2J","B0GMHH5C4N","Yellow Drifter Sunglasses Classic Style Retro Sun Shades Eye Glasses Protection Unisex For Men Golf Cycling Sports Fishing Travel","New","5.15","No",,"Yes","0","0","0","0","70","99.96","0","70","0","0","0","0","0","0","0","0",
"DWG2602024-1","X002IFR777","B0GMJ2KPXB","Two straight shank Fried Dough Twists drill sets 6mm+8mm drilling bits","New","5.19","No",,"Yes","0","0","0","0","0","99.96","0","0","0","0","0","0","0","0","0","0",
"DWG2602026","X002IDM6AH","B0GLX5W5TV","Hot Chocolate Spoon Gifts for Daughter Son Birthday Christmas Gifts for Hot Chocolate Lovers Dad Mum Retirement for Daddy Mummy Best Friend Friendship for Women Men Husband Wife Spoon Gift","New","5.29","No",,"Yes","49","48","0","1","49","99.96","0","0","0","0","0","0","48","0","0","48",
"DWG2602027-1","X002IELNRN","B0GM7XR2HJ","600Pcs Double-Sided Adhesive Tape Stickers, Extra Strong Glu Dots Clear Sticky Tack Putty Permanent Adhesive Tape Discs Removable Round Putty No Trace Stickers for Poster Museum Wall Wood Plastic","New","4.29","No",,"Yes","25","25","0","0","25","99.96","0","0","0","0","0","0","25","0","0","25",
"DWG2602028-1","X002IEISPN","B0GM87BMH9","2 Sets Cruise Lanyard with Card Holder, Detachable Neck Strap with Vertical 2-Sided Waterproof Clear PVC ID Badge Holder Office School for Cruise Ships Cards Keychain Keys, Black/Blue","New","4.59","No",,"Yes","8","8","0","0","8","99.96","0","0","0","0","0","0","8","0","0","8",
"DWG2602029-1","X002IEMP75","B0GM8432Y3","2pcs Red Black Hair Bow, Velvet Bow Hair Clip - Large Satin Ribbon Bows with Long Ribbon - Vintage Party Accessories for Women Girls","New","5.09","No",,"Yes","10","10","0","0","10","99.96","0","0","0","0","0","0","10","0","0","10",
"DWG2602030","X002IEEMML","B0GM531M4J","Reflective Pet Triangle Scarf Pet Bandanas Safety Reflective Strip High Visibility Dog Triangle Bib Night Walking Safety for Dogs","New","4.29","No",,"Yes","0","0","0","0","0","99.96","0","0","0","0","0","0","0","0","0","0",
"DWG2602031","X002IE3GRD","B0GM51MWZQ","2 Pcs Silicone Protector Covers Hair Dye Ear Shield Waterproof Covers for Shower Hair Dyer Salon Barber-for Adult","New","5.28","No",,"Yes","14","13","0","1","44","99.96","0","30","0","0","0","0","13","0","0","13",
"DWG2602032-1","X002IEIRJZ","B0GM7XD6S8","2-Pack Blue Light Blocking Glasses for Women Men, Reading glasses, Anti Glare Clear Computer Glasses to Prevent Eye Strain, Black frame Transparent mirror frame","New","4.69","No",,"Yes","15","15","0","0","35","449.82","0","20","0","0","0","0","15","0","0","15",
"DWG2602033-1","X002IEINFN","B0GM883S2G","Blue Light Blocking Glasses Lightweight Computer Screen Reading Filter Transparent Square Blue Light Glasses Transparent Frame Clear Lens Women Men Anti Eyestrain Anti UV Unisex","New","5.99","No",,"Yes","82","46","1","2","143","99.96","0","60","1","0","0","0","46","0","33","79",
"DWG2602035","X002IEE7RB","B0GM5S1HND","Fire Blower Pipe Portable Fire Bellows Fires Bellows Tool Heat-Resistant Telescopic Camping Blow Tube Stainless Steel Blower for Campfires Fireplace Outdoor Activities","New","4.09","No",,"Yes","28","25","0","0","28","99.96","0","0","0","0","0","0","25","0","3","28",
"DWG2602036","X002IEF5LN","B0GM6HC8CW","Heat Resistant Gloves 2 Pcs, Double Sided Non Slip Silicone Bumps Heat Glove, Pink Elastic Heat Proof Gloves for Hair Tools, Curling Iron Wand, Hair Straightener, Hot-Air Brushes, Hair Dryer","New","9.39","No",,"Yes","29","29","0","0","29","999.94","0","0","0","0","0","0","29","0","0","29",
"DWG2602037","X002IEE68L","B0GM5ND8ZQ","4 PCS Silicon Anti Slip Mat, 13.8 * 7.8 cm Non Slip Car Dash Mats, Self-Adhesive Washable Dashboard Grip, Car Accessories for Cell Phone Sunglasses Keys - Black","New","4.59","No",,"Yes","6","6","0","0","6","99.96","0","0","0","0","0","0","6","0","0","6",
"DWG2602038","X002IEDYDJ","B0GM712MCM","2Pcs Silicone Bathtub Stopper,Universal Sink Plug Bathtub Drain Stopper for Bath Tub Wash Basin Kitchen Sink(Grey,5.9Inch)","New","4.88","No",,"Yes","16","16","0","0","46","99.96","0","30","0","0","0","0","16","0","0","16",
"DWG2602039","X002IE3NZD","B0GM6LHN7G","16 PCS Heel Grips, Clear Silicone Adhesive Tape, Shoe Strap Grip for Ladies Shoes, Anti-wear Back Foot Stickers, Gel Strips Sling, for Sandals Sling Backs High Heel Pinch Protection","New","5.09","No",,"Yes","0","0","0","0","0","99.96","0","0","0","0","0","0","0","0","0","0",
"DWG2602041","X002IEFXPV","B0GM5NN2VJ","Universal Zip Repair Kit,9 Pcs Zipper Puller Replacement,Black Fix Puller,3 Different Size Quick Install Detachable Pulls Zip Heads No Sewing Required for Jackets,Luggage,Bag,Trousers","New","3.89","No",,"Yes","10","10","0","0","10","99.96","0","0","0","0","0","0","10","0","0","10",
"DWG2602042","X002IEFYJB","B0GM5T714M","10pcs 10cm Metal Flex Frames for Glasses Case Sewing - Durable Spring Clip Hinges for DIY Craft Projects - Ideal for Handmade Eyewear Cases Gold","New","5.04","No",,"Yes","35","34","0","1","35","99.96","0","0","0","0","0","0","34","0","0","34",
"DWG2602043","X002IEJPB9","B0GM6F39Y2","Dog Muzzle For Small Dog, Adjustable Breathable Muzzles With Reflective Strap, Adjustable Design Muzzle For Preventing Biting, Barking, Licking And Chewing","New","4.99","No",,"Yes","21","21","0","0","21","99.96","0","0","0","0","0","0","21","0","0","21",
"DWG2602044","X002IEJPWX","B0GM5YZBVF","2 Pairs Cotton Gloves Touchscreen, Cut 5 Fingertips, Moisturizing Night Gloves, Size M (2 Pairs)","New","4.09","No",,"Yes","34","33","0","1","34","99.96","0","0","0","0","0","0","33","0","0","33",
"DWG2602045","X002IEOS39","B0GM8HHV1L","Card Display Stand, 12Pcs Acrylic Card Stand, Clear Trading Mini Easel Holder for Holder, Challenge Medals, Photo Display","New","5.89","No",,"Yes","51","51","0","0","51","99.96","0","0","0","0","0","0","51","0","0","51",
"DWG2602046","X002IELJPJ","B0GM72QVSG","12pcs Gel Finger Cots Silicone Protectors, Breathable Sleeves Bandages, Finger Covers with Hole for Hand Eczema, Cracking, 2 Colors","New","6.09","No",,"Yes","33","29","1","3","33","99.96","0","0","0","0","0","0","29","0","0","29",
"DWG2602048","X002IELUKX","B0GM6YX5MP","6Pcs Gold Keychain Clip,Spring O Ring,Purse & Carabiner Clip for Keys,Opening O Ring Carabiner for Keychains,Backpacks, Keys (2 Black + 2 Silver + 2 Gold)","New","5.19","No",,"Yes","21","19","1","1","41","99.96","0","20","0","0","0","0","19","0","0","19",
"DWG2602049","X002IEH4AN","B0GM7DPJ9H","Olive Spoon Stainless Steel Pickle Spoon with Drain Hole Slotted Cooking Spoons Jar Serving Tools for Olive Pickle Onion Cherry Jar","New","4.44","No",,"Yes","7","7","0","0","67","99.96","0","60","0","0","0","0","7","0","0","7",
"DWG2602050","X002IFB331","B0GMGFV369","Round Hair Curling Brush, Professional Styling Tool for Women, Men, Kids - All Hair Types, Black","New","6.39","No",,"Yes","50","49","0","1","50","623.2","0","0","0","0","0","0","49","0","0","49",
"DWG2602051","X002IF8GYF","B0GMGTDKRJ","2 PCS Men's Black Bow Tie, Classic Solid Color Bow Ties for Men, Adjustable Men's Pre-Tied Tie for Parties, Wedding","New","4.09","No",,"Yes","22","22","0","0","22","99.96","0","0","0","0","0","0","22","0","0","22",
"DWG2602052","X002IFFJQN","B0GMH59G6H","Blue Light Blocking Clear Lens Glasses Anti Blue Ray Unisex for Women Girl and Men","New","4.83","No",,"Yes","48","41","1","1","78","99.96","0","30","0","0","0","0","41","0","5","46",
"DWG2602054","X002IFEHCP","B0GMGHC79C","10 Pcs Anti-Theft Zipper Lock Clips - Detachable Double-Sided S-Hooks Connectors for Backpacks, Traveling and Camping","New","4.49","No",,"Yes","25","25","0","0","25","99.96","0","0","0","0","0","0","25","0","0","25",
"DWG2602055","X002IFETN7","B0GMGM5RKK","Waterproof Backpack Rain Cover, 30L-40L Reflective Rucksack Rainproof Covers, Ultralight Dustproof Abrasion Resistant Protective Cover for Outdoor Hiking Camping Hunting Traveling Cycling Climbing","New","4.99","No",,"Yes","29","26","1","2","29","99.96","0","0","0","0","0","0","26","0","0","26",
"DWG2602056","X002IFC14L","B0GMGL9KGP","Stretchy Dress Thin Belt Ladies Elastic Waistband Leaf Buckle Skinny Belts, Black","New","4.39","No",,"Yes","24","24","0","0","24","99.96","0","0","0","0","0","0","24","0","0","24",
"DWG2602057","X002IF3M21","B0GMH1L5SJ","4 Sets Front Dash Insulator Clips, Copilot Fuse Box Cover Clips Compatible with Fiesta C-MAX Kuga S-MAX Focus II Mondeo IV Escape Part Number 1310861 1310862","New","4.99","No",,"Yes","19","19","0","0","19","99.96","0","0","0","0","0","0","19","0","0","19",
"DWG2602058","X002IFHEFR","B0GMGM9HV6","2 Pieces Aluminium Alloy Bicycle Seat Post Clamp27.2 mm Quick Release Black Collar for MTB RoadBike Folded Bicycle","New","4.58","No",,"Yes","21","20","0","1","21","99.96","0","0","0","0","0","0","20","0","0","20",
"DWG2602059","X002IFHESJ","B0GMGYWRG6","6 PCS Car Headlamp Bulb Retaining Clip Holder Universal Car Bulb Retaining Spring Clips Stainless Steel Car Headlight Clips Dipped Headlight Retaining Clips for H1 H3 H4 H7 Bulbs Low Beam (Silver)","New","4.29","No",,"Yes","0","0","0","0","0","99.96","0","0","0","0","0","0","0","0","0","0",
"DWG2602060","X002IFE8DD","B0GMGJM7L5","Colander Dining Room Table Dining Table Tablespoon Perforated Spoons Slotted Spoon Reusable Serving Spoons Small Spoon Home Supply Kitchen Supply Household Products Stainless Steel","New","4.09","No",,"Yes","7","7","0","0","27","799.69","0","20","0","0","0","0","7","0","0","7",
"DWG2602061","X002IFGQ15","B0GMGRVP19","2pcs Nail Fixation Pliers, Anti-Slip Nail Holder and Fixer Hand Tools for Hammering Fix, Multi Tool Pliers with Strong Grips for Carpentry, Woodworking and Work Tools","New","4.35","No",,"Yes","21","20","0","1","21","99.96","0","0","0","0","0","0","20","0","0","20",
"DWG2602062","X002IFKQO3","B0GMGSD3RR","Kitchen Measuring Spoon 5ML (Gold) Stainless Steel, Tea Spoon, Tea Scoop","New","4.61","No",,"Yes","12","12","0","0","42","99.96","0","30","0","0","0","0","12","0","0","12",
"DWG2602063","X002IFM89T","B0GMGP1K33","Invisible Zips 5Pcs Zippers for Sewing 16Inch/40cm Closed-Ended Concealed Zippers White Zip Fixer for Tailor Sewing Tools Cushion DIY Craft Dressmaking Pillows Skirts Clothes Bags Pants","New","3.79","No",,"Yes","0","0","0","0","19","99.96","0","19","0","0","0","0","0","0","0","0",
"DWG2602064","X002IFO6DF","B0GMH4SRV7","4 in 1 Retractable Makeup Brush Set,All in One Portable Travel Facial Cosmetic, Highlight, Eyeshadow, Foundation Blending Powder Brush(Black)","New","5.79","No",,"Yes","34","33","0","0","64","99.96","0","30","0","0","0","0","33","0","1","34",
"DWG2602065","X002IFHW31","B0GMH38XB2","2Pcs Bowknot Hair Scrunchies, Red Silk Scarf Hair Accessories, Bowknot Scrunchies, Bow Satin Ribbon Ponytail Scarf Ties, Elastic Ties Bow for Women and Girls Thick Thin Long","New","4.86","No",,"Yes","0","0","0","0","0","99.96","0","0","0","0","0","0","0","0","0","0",
"DWG2602066","X002IFMVBT","B0GMHHZ82K","5 Pairs Shoe Sole Anti Slip Grips, Shoe Bottom and Heel Anti Slip Grip Pads, Non Skid Self Adhesive Rubber Pads for Bottom Noise Reduction, Sole Protector for Men and Women","New","4.30","No",,"Yes","34","34","0","0","34","99.96","0","0","0","0","0","0","34","0","0","34",
"DWG2602067","X002IFU5PD","B0GMHD39C3","5 Pcs Writing Piping Nozzles Set (1, 2, 3, 4 & 5) Icing Nozzles, Piping Tips for Decorating Cookies, Pastries, Cakes, Cupcakes Compatible with Bags","New","4.09","No",,"Yes","37","37","0","0","37","99.96","0","0","0","0","0","0","37","0","0","37",
"DWG2602068","X002IFFJK9","B0GMHL7HNC","2Pcs Key Rings, Leather Keyrings for Women and Men Leather Key Fobs Holder Metal Fob Durable Rings for Car Home Office Bags Wallets (Black & Deep Red)","New","4.24","No",,"Yes","17","17","0","0","17","99.96","0","0","0","0","0","0","17","0","0","17",
"DWG2602069","X002IFP0XF","B0GMHFNSC9","2 PCS Kitchen Sink Hole Covers, 50mm Stainless Steel Sink Blanking Cap, Kitchen Stopper, Faucet Hole Cover for Bathroom & Countertop（White,49mm）","New","5.39","No",,"Yes","17","17","0","0","17","99.96","0","0","0","0","0","0","17","0","0","17",
"DWG2602071","X002IFPCNX","B0GMHN322M","4 PCS Toilet Seat Hinges, 60mm Hinge Fixings, Quick Release Toilet Seat Fixings, Stainless Steel Hinge Cover, Universal Toilets Hinges Cover","New","5.03","No",,"Yes","24","23","0","1","31","99.96","0","7","0","0","0","0","23","0","0","23",
"DWG2602072","X002IFOV17","B0GMHD3XND","1400Pcs Glitter Letter Stickers Colorful Alphabet Stickers Self-Adhesive Letter (20 Sheets)","New","4.49","No",,"Yes","8","8","0","0","28","99.96","0","20","0","0","0","0","8","0","0","8",
"DWG2602073","X002IFQWTV","B0GMH2YNXB","10 x Vape Lanyard Rings - Silicone Bands in Black - 13mm to Attach Vape Pen to Necklace","New","5.19","No",,"Yes","9","9","0","0","29","99.96","0","20","0","0","0","0","9","0","0","9",
"DWG2602074","X002IFCZXX","B0GMH4THKT","2Pcs Transparent Plastic Cotton Bud Holder with Lid, Portable Cotton Swab Holder Mini Box Travel Storage Organizer for Storing Hair Ties Toothpicks Dental Floss Outdoor Daily Use, Dust & Moisture-Proo","New","4.18","No",,"Yes","16","16","0","0","36","99.96","0","20","0","0","0","0","16","0","0","16",
"DWG2602075","X002IFCZ8N","B0GMHHBGZR","Tape Measure Body, BMI Tape Measure, 150 cm Retractable Body Fat Measuring Tool for Waist Circumference Mass Index Measurement with Bmi Calculator","New","4.89","No",,"Yes","38","37","0","0","39","99.96","0","0","1","0","0","0","37","0","1","38",
"DWG2602077","X002IFO10D","B0GMH9S4DD","2 Pcs Zig Zag Headband, Zigzag Headband, Women's Adjustable Wavy Headbands with Shark Teeth Comb, Fashionable Ladies Men & Teens Teeth Headbands (Glossy Black & Amber Tortoiseshell）","New","4.89","No",,"Yes","55","54","0","1","55","99.96","0","0","0","0","0","0","54","0","0","54",
"DWG2602080","X002IEPYWX","B0GMC5854B","Antique Vintage Lock Clasp Right Latch Hook Hasp 45mmx39mm Swing Arm Catch Bronze Tone","New","4.59","No",,"Yes","27","27","0","0","27","99.96","0","0","0","0","0","0","27","0","0","27",
"DWG2602082","X002IEPYX7","B0GMC5VPV2","Fabric Covered Hook - 10 Sets Sew-On Bra Fasteners and Eye Fastenings | Black Hook and Eye Latch for Clothes, Coats and Fur Garments | DIY Clothing Specialty","New","4.08","No",,"Yes","42","41","0","1","42","99.96","0","0","0","0","0","0","41","0","0","41",
"DWG2602084","X002IEVN9B","B0GMBT5N3W","2pcs Beaded Eyeglasses Chain for Women, Bead Glasses Strap Lanyard Eyeglass Necklace String Holders Around Neck Fashionable Eyewear Accessories Gift (Black, Grey)","New","4.99","No",,"Yes","21","20","0","1","21","436.88","0","0","0","0","0","0","20","0","0","20",
"DWG2602085","X002IETWAN","B0GMBW6ZBL","24 PCS Car Tire Valve Stem Caps, Dust Covers, Hexagonal Design (Suitable For Trucks, SUVs, Bicycles)","New","4.59","No",,"Yes","18","18","0","0","18","99.96","0","0","0","0","0","0","18","0","0","18",
"DWG2602086","X002IEVEPJ","B0GMC8Z2VV","Black Photocard Holder Keychain, Photo Card Holder with Bowknot Cat Design, Protective Card Case with Spring Rope for Bus & ID Cards, Cute Lanyard Accessory for Fans and Collectors","New","4.69","No",,"Yes","2","2","0","0","22","99.96","0","20","0","0","0","0","2","0","0","2",
"DWG2602087","X002IDXVI3","B0GLZ7DSG4","10pcs Rubber Feet Round Bumper Furniture Table Printer Chopping Board Speaker Floor Protector Cabinet Leg Pads","New","4.59","No",,"Yes","30","29","0","1","30","99.96","0","0","0","0","0","0","29","0","0","29",
"DWG2602088","X002IETZ4V","B0GMC54Q6W","4-Piece Tweezers Set - Professional Stainless Steel Self Locking Hobby Tweezers for Craft/Jewellery/Stamps/Model Making/Electronics,Stone Picking Tool","New","4.69","No",,"Yes","37","35","0","2","37","29.99","0","0","0","0","0","0","35","0","0","35",
"DWG2602089","X002IDV5A9","B0GLZ9PNKJ","2PCS Weekly Pill Box Organiser, Travel Pill Box 7 Day 2 Times a Day, Tablet Dispenser for Secure Snap Closure, Dosette Medication for Home and Travel, AM/PM 14Compartments, Blue-Purple","New","5.59","No",,"Yes","0","0","0","0","90","99.96","0","90","0","0","0","0","0","0","0","0",
"DWG2602091","X002IDSKXT","B0GLYVDCCW","Dandruff Comb, Hollow Tooth Button Comb, Detoxing Energy Massage Combs, Scalp Psoriasis Combs Dandruff Removal Lice Multifunctional Hairbrush","New","4.28","No",,"Yes","28","27","0","1","28","99.96","0","0","0","0","0","0","27","0","0","27",
"DWG2602092","X002IEU0S1","B0GMC96CXH","Mini Clipboard, 2 Pack 4"" x 6"" Small Clip Boards Pocket Clipboards, Plastic Clipboard for Notepads, Memo Size Receipt, Pocket Lists - Black, Blue","New","4.89","No",,"Yes","31","29","0","2","31","412.46","0","0","0","0","0","0","29","0","0","29",
"DWG2602093","X002IG7WMB","B0GMM6FZB8","15 Sheets Self Adhesive Photo Corners for Scrap Book, 6 Colors Picture Corner Stickers for Scrapbook Pictures Album Personal Journal Memory Books Protectors Accessories","New","4.49","No",,"Yes","0","0","0","0","0","99.96","0","0","0","0","0","0","0","0","0","0",
"DWG2602094","X002IDP555","B0GLZ1C9ZR","1/4"" Universal Extension Bar with Bendable Elastic Joint for Flexible Screwdriver Extension, Ratchet Adapter and Offset Wrench for Compact or Hard-to-Reach Areas","New","5.02","No",,"Yes","18","18","0","0","48","99.96","0","30","0","0","0","0","18","0","0","18",
"DWG2602095","X002IDUGUJ","B0GLYTFNXJ","Mini Glass Squeegee, Mini Squeegee with TPR Soft Rubber Strip, Silicone Scraper and Plastic Hooks for Multi-Purpose Cleaning on Glass, Windows, Shower Doors, Car, Bathroom, Kitchen (2 Pcs)","New","4.09","No",,"Yes","14","14","0","0","14","99.96","0","0","0","0","0","0","14","0","0","14",
"DWG2602096","X002IDUGDV","B0GLYJC8M6","Hinge Pin Door Stopper Adjustable Heavy Duty Door Stop Heavy Duty Hinge Pin Stop for Preventing Damage Walls and Extra Security Home Office Doors","New","4.39","No",,"Yes","17","12","0","4","37","99.96","0","20","0","1","0","0","12","0","0","12",
"DWG2602098","X002IDUFUF","B0GLYLND4C","Mini Curl Definer & Styler 5 Row Hairbrush for Detangling, Separating, and Defining Curls, Curly Hairbrush, Sleek Blowdrying (White)","New","6.59","No",,"Yes","26","25","1","0","26","99.96","0","0","0","0","0","0","25","0","0","25",
"DWG2602099","X002IDT501","B0GLYJLY7N","‌Stainless Steel To My Love Engraved Keychain - Never Forget That I LOVE YOU Romantic Gift for Boyfriend, Girlfriend, Husband, Wife, Anniversary, Birthday‌","New","3.49","No",,"Yes","1","0","0","0","1","99.96","0","0","0","1","0","0","0","0","0","0",
"DWG2602100","X002IDT5BZ","B0GLYKT3DF","Coworker Employee Appreciation Keyring for Men Women Leaving Office Colleagues Leader Nurse Birthday Thank You Going Away Gift","New","3.39","No",,"Yes","12","12","0","0","12","99.96","0","0","0","0","0","0","12","0","0","12",
"DWG2602101","X002IDM4FJ","B0GLY3973J","1 Piece Cute Kpop Star-Wave Photo Frame with Keychain, Transparent PC Card Holder, Creative Protection for Bus and Student Card, Photo Holder","New","4.89","No",,"Yes","23","23","0","0","23","99.96","0","0","0","0","0","0","23","0","0","23",
"DWG2602102","X002IG9XE1","B0GMMBTZZF","Gel Nail Stickers Red Semi Cured Gel Nail Strips Wraps UV/LED Nails Art Design Decoration Accessories","New","4.79","No",,"Yes","9","8","0","1","9","99.96","0","0","0","0","0","0","8","0","0","8",
"DWG2602104","X002IDL95F","B0GLXK4922","Olive Spoons, Plastic Pickle Fork, Multifunctional Two-in-one Olives Spoon with Pickle Picker, for Olives, Onions, Fruits, Canned Foods (Green)","New","4.29","No",,"Yes","8","8","0","0","8","99.96","0","0","0","0","0","0","8","0","0","8",
"DWG2602105","X002IDL7AR","B0GLXJXDHM","Birthday Mother's Day Gifts for Grandmother Grandma Gifts from Grandson Granddaughter Good Morning Grandma Spoon for Nana Nanny Coffee Tea Spoons Engraved","New","4.29","No",,"Yes","10","10","0","0","10","99.96","0","0","0","0","0","0","10","0","0","10",
"DWG2602106","X002IDFIPH","B0GLX15MLK","Boyfriend Girlfriend Husband Wife Gifts - Birthday Keyring for Best Friend Sister Brother BF GF, Secret Santa Christmas Xmas Gifts, Stocking Fillers for Men Women","New","3.49","No",,"Yes","1","0","0","0","1","99.96","0","0","0","1","0","0","0","0","0","0",
"DWG2602107","X002IDL1B7","B0GLX9MR3Q","Door Handle Bumper,6 PCS PVC Door Handle Bumpers Guard Transparent Stopper Wall Protectors to Buffer Walls and Stop Wall Damage","New","4.09","No",,"Yes","5","5","0","0","25","99.96","0","20","0","0","0","0","5","0","0","5",
"DWG2602108","X002IDJG87","B0GLX9BJQB","Soft Leather Wallet Case Slim Card Holder with Key Ring Credit Card Holder Simple Soft Leather Classic Credit Wallet","New","4.49","No",,"Yes","15","13","0","2","15","99.96","0","0","0","0","0","0","13","0","0","13",
"DWG2602109","X002IDKVIV","B0GLX9V759","1PCS Bride Wedding Hair Comb Navy Blue Exquisite Rhinestone Bridal Hair Comb Pearl Wedding Accessoriesfor Women And Girls","New","4.19","No",,"Yes","15","13","0","1","15","99.96","0","0","0","1","0","0","13","0","0","13",
"DWG2602110","X002IDKWYJ","B0GLWRBRBJ","10 PCS Hair Bands for Men and Women – Braided Black Elastic Hair Ties for Long, Curly & Thick – Ideal Man Bun Bands, No Damage, No Crease or Breakage – Daily Styling (Black)","New","3.39","No",,"Yes","2","2","0","0","2","99.96","0","0","0","0","0","0","2","0","0","2",
"DWG2602111","X002IDMDMD","B0GLX1PBX5","12-Pack Metal Sewing Machine Bobbins, Universal for Home and Industrial Use, High-Hardness Flatbed Bobbins, Sewing Accessories Bottom Thread Cores","New","4.79","No",,"Yes","46","42","0","4","46","99.96","0","0","0","0","0","0","42","0","0","42",
"DWG2602112","X002IDFB59","B0GLX12GB6","4-Piece Italian Coffee Maker Gasket Set, Including 1 Filter and 3 Silicone Gaskets, Suitable for Moka Pot Coffee Makers","New","4.88","No",,"Yes","37","37","0","0","37","99.96","0","0","0","0","0","0","37","0","0","37",
"DWG2602113","X002IBDTDR","B0GLG5Z6Q2","4 Pcs Leather D Ring Buckle Strap Set for DIY Handbag Making, Sew On Bag Clips for Handbags Multi Color D Rings Wallet Hanging Buckle for Sewing Rucksack Clips Backpack Buckles and Clasps","New","3.79","No",,"Yes","15","15","0","0","15","99.96","0","0","0","0","0","0","15","0","0","15",
"DWG2602114","X002IBE8P5","B0GLGWBSDP","Flat Fan Spray Tips,Spray Nozzle Kit,1 Set 110° Flat Fan Nozzles with 6pcs Tips (0.15-0.6mm),Replacement Nozzle for Knapsack/Agricultural/Garden/Greenhouse Sprayers","New","4.99","No",,"Yes","26","26","0","0","26","99.96","0","0","0","0","0","0","26","0","0","26",
"DWG2602115","X002IBC14P","B0GLG5V6RS","20 PCS Suction Hooks for Bathroom - 2KG Heavy Duty Suction Cup - Reusable Shower Hooks for Inside Shower - Clear for Bathroom, Glass Window, Kitchen Hanging","New","4.74","No",,"Yes","0","0","0","0","0","99.96","0","0","0","0","0","0","0","0","0","0",
"DWG2602116","X002IBEGH5","B0GLGSRWQ8","Coffee Machine Cleaning Disc, 54mm Stainless Steel Espresso Backflush Cleaning Disc","New","4.39","No",,"Yes","7","7","0","0","7","99.96","0","0","0","0","0","0","7","0","0","7",
"DWG2602117","X002IB2CZX","B0GLGC1931","Black Plastic Scoreboard, Wall-mounted Billiard Scoreboard, Score","New","5.88","No",,"Yes","10","9","0","1","10","99.96","0","0","0","0","0","0","9","0","0","9",
"DWG2602118","X002IB2CPD","B0GLGFZ27V","Glasses Case for Women, Leopard Print Gifts, Hard Shell Glasses Case with Matching Leopard Print Cloth, Compact Size 16 x 6 x 4 cm","New","5.79","No",,"Yes","30","30","0","0","30","99.96","0","0","0","0","0","0","30","0","0","30",
"DWG2602119","X002IB2AAP","B0GLG77JNY","20pcs Plastic Locking Shelf Pins Shelf Support Pegs Fits 5mm Diameter Hole & 20mm Thick Shelves Cabinet Clear Self-Locking Bracket for Kitchen Furniture Book Shelves","New","4.89","No",,"Yes","26","26","0","0","26","99.96","0","0","0","0","0","0","26","0","0","26",
"DWG2602120","X002IBE0ZN","B0GLGPVZ5T","2 Pcs Volume Hair Clips for Fluffy Bangs & High Crown Volume - Wind Shaping Styling Combs, No-Trace Root Curlers for Women Natural Voluminous Look (Pink, 2 Pcs)","New","4.59","No",,"Yes","57","57","0","0","57","99.96","0","0","0","0","0","0","57","0","0","57",
"DWG2602121","X002IB3VC1","B0GLGGGBQZ","4 Vacuum Hose Wall-mounted Brackets, Compatible With 38mm Fixed Clip Cable Management Brackets, For Wall Storage","New","7.59","No",,"Yes","24","24","0","0","24","99.96","0","0","0","0","0","0","24","0","0","24",
"DWG2602122","X002IB9AAX","B0GLG35JKV","12pcs Dust Cleaning Brushes with USB-C & Lightning Dust Plugs, Anti-Dust Set for Phone, Laptop, Keyboard & Charging Port Protection","New","6.39","No",,"Yes","10","10","0","0","10","99.96","0","0","0","0","0","0","10","0","0","10",
"DWG2602124","X002IB91WF","B0GLFYX8HM","5Pcs M10 Aluminum Spacer, 10.2mm ID x 16mm OD x 16mm Length Metal Round Standoff Bushing Plain Finish Spacer for Mechanical and DIY Projects for M10 Screws Bolts and Rods","New","5.49","No",,"Yes","40","39","0","1","40","99.96","0","0","0","0","0","0","39","0","0","39",
"DWG2603001","X002J45RF1","B0GRMBR9XP","1 Pcs 3 Way Shower Diverter Valve M22 X M24 Tap Adapter for Dishwashers Washing Machines Shower Nozzles in Kitchen Sink Tap and Bathroom Ordinary Hoses or Water Supply Hoses","New","6.29","No",,"Yes","0","0","0","0","50","99.96","0","50","0","0","0","0","0","0","0","0",
"DWG2603002","X002J45T4Z","B0GRMLDZML","2 Pcs Hand Vegetable Peeler Palm Peeler Rubber Finger Grips,Silicone Finger Grips Kitchen Gadget,Comfortable to Peel Pumpkin,Carrot,Cucumber,Potato and More","New","6.09","No",,"Yes","33","32","0","1","33","99.96","0","0","0","0","0","0","32","0","0","32",
"DWG2603003","X002J45TQ3","B0GRMXC9M6","4 Pack Large Hollow Plastic Coloured Air Flow Pet Play Balls Dog Cat Puppy Toy Red Yellow Blue Orange Set","New","7.89","No",,"Yes","57","56","0","0","92","2871.01","0","35","0","1","0","0","56","0","0","56",
"DWG2603004","X002J4OE19","B0GRMQGQ22","Belt Buckle For Men, Square Replacement Buckle, Made Of Zinc Alloy, For Men And Women, Belt","New","5.09","No",,"Yes","64","61","0","3","64","104.22","0","0","0","0","0","0","61","0","0","61",
"DWG2603006","X002J4JP09","B0GRMMKM7M","Beaded Phone Chain Charm Crystal Natural Gemstone Wrist Strap Handmade Wristlet String for Strap Keychain ID Card Holder","New","4.69","No",,"Yes","30","27","0","2","30","99.96","0","0","0","0","0","0","27","0","1","28",
"DWG2603007","X002J4M5BF","B0GRMN4CL1","Low Back Bra Converter Straps,3 Pack Women Backless Bra Extension Adjustable Deep V Neck Strap for Lady Girl Backless Dress Wedding Party 1.9CM","New","4.19","No",,"Yes","40","39","0","1","120","99.96","0","80","0","0","0","0","39","0","0","39",
"DWG2603008","X002J4KYCR","B0GRMSHKKT","Suction Tubing, Glue Head Pump, Turkey Pump, Transfer Liquid Pipette, Glue Head Dropper, Dropper Measuring Liquid, Baking Tool Tube，Turkey Baster， Baster for Cooking，baster","New","5.69","No",,"Yes","31","28","0","1","41","3142.71","0","10","0","1","0","0","28","0","1","29",
"DWG2603010","X002J4JV0N","B0GRMVR1JR","Eyelash Curler with No Pinching or Pulling Design - Just Beautifully Curled Eyelashes and Longer Looking Lash Line Curl - in Premium Matte Black Look","New","3.99","No",,"Yes","26","26","0","0","26","99.96","0","0","0","0","0","0","26","0","0","26",
"DWG2603011","X002J4MFGF","B0GRN43PF7","Weekly Pill Organiser 7 Day, Pills Box Organiser, Travel Friendly Daily Pill Containers to Hold Medicine Vitamins Fish Oil Supplements (Black)","New","4.19","No",,"Yes","38","38","0","0","38","99.96","0","0","0","0","0","0","38","0","0","38",
"DWG2603012","X002J4JVF3","B0GRMZBFVG","Designed Pearl Beaded Phone Charm, Chain Pearl, Anti-Lost Lanyard Wrist Chain For Women Girls Gift, Cell Phone Accessories","New","4.69","No",,"Yes","11","8","0","3","11","99.96","0","0","0","0","0","0","8","0","0","8",
"DWG2603013","X002J4LJR1","B0GRMVYC7V","2 PCS Black Adjustable Bib Holder Clips Napkin Holders Napkin Clip Neck Chain for Adult","New","4.19","No",,"Yes","13","13","0","0","13","99.96","0","0","0","0","0","0","13","0","0","13",
"DWG2603014","X002J4O44V","B0GRN3LXBH","Mirror Tray Trinket Tray Jewelry Plate Round Mini Earrings Rings Bracelet Organizer Gold","New","4.59","No",,"Yes","45","45","0","0","45","99.96","0","0","0","0","0","0","45","0","0","45",
"DWG2603015","X002J4PMLP","B0GRMYXWT6","M6 Serrated Flange Nuts Marine Grade in A4 Stainless Steel 304 - Corrosion Resistant Fasteners (Pack of 20)","New","4.39","No",,"Yes","11","11","0","0","11","99.96","0","0","0","0","0","0","11","0","0","11",
"DWG2603016","X002J4FKTJ","B0GRMZLYQC","2 Sets Of Motorcycle Engine Oil Drain Screw Accessories Suitable For Go Karts, Light Motorcycles, And Scooters","New","5.79","No",,"Yes","0","0","0","0","0","99.96","0","0","0","0","0","0","0","0","0","0",
"DWG2603017","X002J4K0YJ","B0GRMWJZP5","3 Pcs Hair Barrettes For Women Medium French Design Barrette Clips Tortoise Shell Hair Clips For Thin Fine","New","6.39","No",,"Yes","2","2","0","0","2","99.96","0","0","0","0","0","0","2","0","0","2",
"DWG2603018","X002J4OPL3","B0GRN8N7Z4","Silver Blue Star Confetti, 30g PVC Star Sequin Foil Scatter for Wedding Birthday Party Festival Decorations","New","4.79","No",,"Yes","50","48","0","2","50","99.96","0","0","0","0","0","0","48","0","0","48",
"DWG2603019","X002J4LADJ","B0GRN21NC8","Elegant Elven green leaf enamel pin brooch for women, men, cape pin buckle gifts","New","3.69","No",,"Yes","19","17","0","1","19","99.96","0","0","0","1","0","0","17","0","0","17",
"DWG2603020","X002J4K0A3","B0GRN8CDWQ","Engine Oil Filler Cap Cover Lid 0000101685 Oil Filler Cover Replacement for Mercedes Benz Sprinter 2500 3500","New","7.29","No",,"Yes","17","17","0","0","17","99.96","0","0","0","0","0","0","17","0","0","17",
"DWG2603021","X002J4OS0V","B0GRN8CXFP","Chicken nuggets simulated food realistic chicken key chain, new and interesting joke fast food key chain, luggage, school bag, and other interesting","New","4.59","No",,"Yes","0","0","0","0","0","99.96","0","0","0","0","0","0","0","0","0","0",
"DWG2603022","X002J4LLDD","B0GRMYVT5L","Dog Cat Bath Brush Pet Grooming Soothe Massage Brush with Shampoo Dispenser Soft Silicone Bristle for Dogs and Cats Long Short Haired Puppy Washing Shower Grooming - Yellow","New","6.49","No",,"Yes","0","0","0","0","0","99.96","0","0","0","0","0","0","0","0","0","0",
"DWG2603023","X002J4O2L1","B0GRN478XP","Wooden Baking Cooking Basting Brush Heat Resistant Pastry BBQ Marinade Brushes Cakes Meat Desserts Oil Sauce Butter Kitchen Tool(Flat Handle)","New","5.19","No",,"Yes","8","7","0","1","8","99.96","0","0","0","0","0","0","7","0","0","7",
"DWG2603024","X002J4PMYH","B0GRN7VM4S","25 PCS Jungle Animals Shoe Decoration Charms,Jungle Safari Animals Monkey Lion Tiger Zebra Elephant Charms for Shoe Wristband, PVC Charm Accessories for Party Favors Birthday Gifts","New","6.29","No",,"Yes","30","27","0","1","30","99.96","0","0","0","0","0","0","27","0","2","29",
"DWG2603025","X002J4JTQ9","B0GRN12G1B","Security Camera Bracket,2pcs Ring Pendants,360 Adjustable Security Camera Mounting Bracket,Indoor and Outdoor Installation","New","4.59","No",,"Yes","0","0","0","0","20","99.96","0","20","0","0","0","0","0","0","0","0",
"DWG2603026","X002J4FJOF","B0GRN47TQC","Silicone Ear Plugs for Sleeping Noise Cancelling Reusable Moldable Wax Earplugs for Swimming, Work, Airplane","New","4.59","No",,"Yes","3","3","0","0","3","99.96","0","0","0","0","0","0","3","0","0","3",
"DWG2603028","X002J4O26V","B0GRN3TFYS","Professional Large Round Hair Brush with Red Rubber Grip Handle – Ball-Tipped Quiff Roller for Volume, Lift & Blow-Dry Styling, Unisex Styling Tool for Home, Salon & Barber Use","New","5.69","No",,"Yes","0","0","0","0","0","99.96","0","0","0","0","0","0","0","0","0","0",
"DWG51001","X002FO7MD5","B0FXLV247Q","Universal Pram Accessory - Phone & Coffee Cup Holder for Pushchair, Stroller, Buggy","New","7.59","No",,"Yes","68","60","0","5","68","99.96","0","0","0","0","0","0","60","0","3","63",
"DWG51002","X002FO7PMD","B0FXM4R3ZW","Generic 2 Pack Mini First Aid Kit Empty, Large & Small Portable Medical Bags, Travel, Running, Emergency, Oxford Cloth, Zipper Top Handle, 2 Compartments","New","5.99","No",,"Yes","5","5","0","0","5","99.96","0","0","0","0","0","0","5","0","0","5",
"DWG51003","X002FOAZ2F","B0FXLZ9PJ7","Bohemian Rhinestone Belly Chain, Crystal Nightclub Belly Body Chain, Jewelry For Ladies And Girls,Silver","New","4.79","No",,"Yes","36","32","0","3","36","99.96","0","0","0","1","0","0","32","0","0","32",
"DWG51004","X002FO35OZ","B0FXM4TZ7Z","Concealer Brush, Used To Cover Under-eye Areas And Blemishes, Blends Liquid Or Cream Formulas, Brightens Dark Circles, 1 Piece","New","3.79","No",,"Yes","0","0","0","0","35","99.96","0","35","0","0","0","0","0","0","0","0",
"DWG51005","X002FOC2AX","B0FXM13GCQ","12 Pack Plastic Push-in Safety Pins with Safety Lock Closures, Durable Head Fasteners, Stainless Steel, Ideal for, Flat and Prefold Fabric Fastening Applications","New","4.09","No",,"Yes","61","55","0","5","61","99.96","0","0","0","0","0","0","55","0","1","56",
"DWG51006","X002FOAPI9","B0FXLY6LTY","4 Pcs 4-Claw Golf Ball Retriever,Golf Ball Picker Upper,Claw Put On Putter Grip Grabber Pick Up Back Saver","New","5.29","No",,"Yes","48","47","0","1","48","99.96","0","0","0","0","0","0","47","0","0","47",
"DWG51007","X002FOBXSF","B0FXM39RTB","Fashion Square Sunglasses, Men's Trendy Glasses, Men's Eyewear And Accessories","New","3.99","No",,"Yes","0","0","0","0","0","99.96","0","0","0","0","0","0","0","0","0","0",
"DWG51009","X002FOA5BB","B0FXM5B3QJ","2 Pcs Cat Collar Quick Release With Bell, Cat Collars Quick Release，Flower Charms And Safety Buckle, Small Pet (Yellow+Pink)","New","4.09","No",,"Yes","0","0","0","0","0","99.96","0","0","0","0","0","0","0","0","0","0",
"DWG51010","X002FOCDDJ","B0FXM54GQB","Long Stirring Spoon, Multifunctional Stainless Steel Long-Handled Bartender Cocktail Stirring Spoon","New","3.19","No",,"Yes","21","21","0","0","21","204.02","0","0","0","0","0","0","21","0","0","21",
"DWG51011","X002FOCD9N","B0FXM4DJ3Q","Jar Openers for Weak Arthritis Hands -Universal Adjustable Spanner Jar Opener Ratchet Set Adjustablewrench Strap Wrench Openers Arthritis","New","6.09","No",,"Yes","5","5","0","0","25","99.96","0","20","0","0","0","0","5","0","0","5",
"DWG51012","X002FOCOL5","B0FXM5W8QW","6 Silicone Faucet Extenders, Toothbrush Rinsing And Hand Washing Extenders, Bathroom And Kitchen Sink Accessories (3 Blue, 3 Green)","New","4.39","No",,"Yes","12","12","0","0","12","99.96","0","0","0","0","0","0","12","0","0","12",
"DWG51014","X002FNUQLB","B0FXM3Q86J","Ear Protectors for Men and Women | One Size Ear Band | Innovative Hearing Protection to Keep Ears Warm in Winter","New","4.89","No",,"Yes","18","17","0","0","18","99.96","0","0","0","0","0","0","17","0","1","18",
"DWG51015","X002FOB61J","B0FXM6L7Q4","Toothbrush Case, Cup, Portable Case, Toothbrush Travel Holder,Portable, Slim Design for Office and Travel (White)","New","5.49","No",,"Yes","0","0","0","0","30","99.96","0","30","0","0","0","0","0","0","0","0",
"DWG51017","X002FNUSOL","B0FXM6Q7NW","Multi Function Stainless Steel Fruit Tool, Strawberry Top Stem Leaves Huller, Pineapple Eyes Remover, Fruits and Vegetables for The Kitchen（2PCS, Red","New","4.69","No",,"Yes","4","3","0","1","84","99.96","0","80","0","0","0","0","3","0","0","3",
"DWG51018","X002FOB0VF","B0FXMC61KL","Alloy Fuel Filter 6mm Inline Motorcycle Motorbike Scooter Gas Fuel Cleaning Filter Kit","New","6.29","No",,"Yes","4","4","0","0","4","99.96","0","0","0","0","0","0","4","0","0","4",
"DWG51019","X002FNUTFJ","B0FXM8MH7J","Electric Guitar Cufflinks For Mens - Silver Stainless Steel For Mens Shirt, Wedding Gift","New","4.99","No",,"Yes","17","16","0","1","47","99.96","0","30","0","0","0","0","16","0","0","16",
"DWG51020","X002FOIVC1","B0FXM9T12L","Beach Bikini Belly Chain Pearl Tassel Layered Waist Chain Small Beads Body Chain Summer Sexy Jewelry for Women and Girls Gifts(Silver)","New","4.19","No",,"Yes","21","19","0","1","71","99.96","0","50","0","1","0","0","19","0","0","19",
"DWG51021","X002FOH5DR","B0FXMCQHPV","2PCS Motorcycle Exhaust Pipe Connectors Stainless Steel Bracket Z-Shaped Connector Muffler Installation Clamp, Silver","New","5.49","No",,"Yes","11","11","0","0","71","99.96","0","60","0","0","0","0","11","0","0","11",
"DWG51022","X002FNV4F3","B0FXM65C7D","2 Pieces Large Diamante Flower Gold Leafy Barrette Vintage Antique Style Hair Clip Crystal Pearl Flower Design Hair Barrette Hair Slide,diamante Hair Clip","New","5.69","No",,"Yes","3","0","2","1","63","99.96","0","60","0","0","0","0","0","0","0","0",
"DWG51024","X002FOC6SV","B0FXMF3NDD","Pack of 6 Light Mixed Brown 20mm Round Faux Horn Sew On Plastic Buttons for Coats Jackets Cardigans Flat 4 Holes","New","5.19","No",,"Yes","20","20","0","0","40","99.96","0","20","0","0","0","0","20","0","0","20",
"DWG51025","X002FNVDUT","B0FXMFF2QZ","Motorcycle Chrome Handlebar Mirror Bracket Fits Handlebar Clamp Mount Brackets","New","5.29","No",,"Yes","16","16","0","0","46","99.96","0","30","0","0","0","0","16","0","0","16",
"DWG51027","X002FOW12R","B0FXQ6QJNP","Silicone Straw Sleeves, 3-Piece Cloud Design, Suitable for Straws Up to 10mm, Reusable","New","4.09","No",,"Yes","0","0","0","0","0","99.96","0","0","0","0","0","0","0","0","0","0",
"DWG51028","X002FOMV8L","B0FXRLWTNC","Cleaning Brush,Hard Bristle Crevice Cleaning Brush UK 3 Pcs Bathroom Crevice Gaps Brush Groove Crevice Cleaning Tool for Narrow Corners in Home Kitchen Bathroom and Window","New","3.59","No",,"Yes","1","0","0","0","1","99.96","0","0","0","1","0","0","0","0","0","0",
"DWG51030","X002FOMVJZ","B0FXRQVYBF","Professional Tail Comb for Women – Fine Tooth Anti-Static Rat Tail Comb with Long Handle for Sectioning, Parting, Teasing & Styling","New","4.49","No",,"Yes","22","22","0","0","52","217.46","0","30","0","0","0","0","22","0","0","22",
"DWG51031","X002FP4U11","B0FXRRDX5R","2 Pcs Rhinestone Hair Clips Women, Gold Sparkly Hair Clips, Wedding Hairs Accessories, Wedding Hairs Accessories for Women or Girls","New","5.59","No",,"Yes","12","12","0","0","12","99.96","0","0","0","0","0","0","12","0","0","12",
"DWG51032","X002FP3IMX","B0FXRNFHQG","2Pcs Meter Box Key Gas Key, 4 Way Utility Key 7 in 1 Radiator Key Electrical Cabinet Key Universal Cross Key with Bit Panel Key Valve Key for Electric Elevator Cupboard Cabinet Water Gas Meter Opening","New","5.09","No",,"Yes","20","20","0","0","20","99.96","0","0","0","0","0","0","20","0","0","20",
"DWG51033","X002FP3TEP","B0FXRR35B9","Universal Baby 5 Point Harness Belt, Baby highchair Harness Adjustable Stroller Seat Harness for Children High Chair Safety Belts Baby Strap Restraint Belt Cross Straps for Stroller Pushchair Buggy","New","6.49","No",,"Yes","18","17","0","1","18","99.96","0","0","0","0","0","0","17","0","0","17",
"DWG51034","X002FPVR2B","B0FXWC5X9W","26 inches x 22 inches Drawstring Straining Bag for Straining Home Brew Bag Wine Jam Fruits Nut Milk and Yogurt,Jelly Bag for Jam Making,Reusable","New","5.99","No",,"Yes","18","18","0","0","18","99.96","0","0","0","0","0","0","18","0","0","18",
"DWG51035","X002FPVVVD","B0FXWBPJ8F","10 Pcs Nylon Straw Cleaning Brush Set – Bottle Pipe Cleaner Brushes for Straws, Kettles, Tubes & Spouts – Flexible Stainless Steel Wire with High-Density Nylon Bristles – Multi-Size Pipe Cleaner Set","New","5.09","No",,"Yes","51","48","0","3","51","412.13","0","0","0","0","0","0","48","0","0","48",
"DWG51036","X002FQ0T5L","B0FXWCBLJN","3PCS Gold Leaf Hair Pins U-Shaped Wedding Hair Accessories for Women and Girls, Bride Gold Hair Clips Leaf Headpiece for Bridesmaids, Prom, Party Updo Styling","New","4.69","No",,"Yes","36","33","0","0","36","59.98","0","0","0","3","0","0","33","0","0","33",
"DWG51037","X002FPZSZ3","B0FXWC49L6","Hose Tap Connector For Hose Pipe,Premium Kitchen Tap Hose Connectors,Adjustable Mixer Tap Hose Connector,Easy And Tight Connection,Adapter For Taps For The Beginning And End Of The Hoses","New","5.49","No",,"Yes","116","108","3","4","149","99.96","0","30","3","0","0","0","108","0","1","109",
"DWG51038","X002FPZA01","B0FXWDP4PC","2-pack Blue Light Blocking Glasses, Rectangular Style For Women And Men, Perfect For Computer Use And Daily Wear","New","5.49","No",,"Yes","24","24","0","0","24","99.96","0","0","0","0","0","0","24","0","0","24",
"DWG51101","X002G1BW6Z","B0CTTBTQ8Q","Funny Bookmark for Women Men Metal Bookmarks with Interesting Rude Words 'F… Im Reading' Stainless Stell Book Marks Present for Book Lovers Readers Best Friends Birthday Graduation Christmas Gifts…","New","4.29","No",,"Yes","106","102","0","0","106","88.98","0","0","0","2","0","0","102","0","2","104",
"DWG51103","X002G1HRKZ","B0CTT4DY4C","RSYHVG Baby Bath Toy Organiser Net Bag - Kids Bath Toy Tidy Storage Bag With Suction Cups | Baby Mesh Net Toy Holder Organiser Unit Basket Bag For Kids | Keep Bathtub Water Toys Mold Free","New","4.89","No",,"Yes","0","0","0","0","0","912.76","0","0","0","0","0","0","0","0","0","0",
"DWG51109","X002G1BQXT","B0D2L318FN","5000 Pieces Of Biodegradable Confetti，birthday confetti 50g Wedding Confetti，Table Confetti，White Heart Confetti，For Weddings, Decorations And Celebrations,confetti,white confetti,white heart confetti","New","3.89","No",,"Yes","0","0","0","0","0","529.79","0","0","0","0","0","0","0","0","0","0",
"DWG511102","X002G1THMB","B0D1Y8FLC7","TRHDFW 3pcs Egg Boiler Egg Poachers Cups, Non Stick Silicone Egg Boiler Cups Egg Cooker for Kitchen, Easy to Clean, Fast Cooking Egg for Breakfast","New","5.69","No",,"Yes","1","0","0","1","1","639.26","0","0","0","0","0","0","0","0","0","0",
"DWG511104","X002G1SWS1","B0D8T9X7VT","2PCS Electric Guitar Cufflinks For Mens - Silver Stainless Steel For Mens Shirt, Wedding Gift","New","4.99","No",,"Yes","27","24","0","3","67","5.08","0","40","0","0","0","0","24","0","0","24",
"DWG511106-1","X002J6Q0LJ","B0GS1DYRVZ","1 Pcs Beaded Phone Lanyard, Charm Lanyard Wrist Strap Resin Beads Evil Eye Shape String Strap Fashion Accessories for Phone Hanging Key Chain Women Girls","New","3.79","No",,"Yes","13","13","0","0","13","99.96","0","0","0","0","0","0","13","0","0","13",
"DWG511107-1","X002K8TDKV","B0GX52TG4N","3-in-1 Mens Texture Gel Comb, Slickback Hairstyling Wide Teeth Fantail Barber Comb Large Detangling Hairdressing Comb for Men Women Curly Shaping Wet Shampoo Barber Salon Hairstylist Tool","New","4.59","No",,"Yes","43","43","0","0","43","164.2","0","0","0","0","0","0","43","0","0","43",
"DWG511108","X002G1Y4RT","B0CWR9ST12","RSYHVG 6 Packs Cat Wand Toy Set, 30cm Cat Interactive Wand with 60cm Rainbow Ribbon StringCloth String for Pet Kitten Training Exerciser Kitten Catcher(6 Pcs)","New","4.39","No",,"Yes","0","0","0","0","0","592.39","0","0","0","0","0","0","0","0","0","0",
"DWG51111","X002G1M967","B0D2D77S7K","Safe and quick release cat collar, soft kitten collar with removable bow and bell, pack of 2, adjustable 19-32 cm (19-32 cm, sky blue + pink)","New","3.49","No",,"Yes","0","0","0","0","0","48.01","0","0","0","0","0","0","0","0","0","0",
"DWG511112","X002G3A3UJ","B0G196N2BP","2-piece Children's Car Seat Headrest, Car Seat Head Support, Car Accessory, Adjustable Head Strap","New","4.89","No",,"Yes","0","0","0","0","0","99.96","0","0","0","0","0","0","0","0","0","0",
"DWG511113","X002G1BVA7","B0G18YQZK2","Oval Sunglasses for Women, Retro, Cat Eye, 90s, Y2K, Trendy Thin Sunglasses, UV Protection for Women, Black Frame + Black Lens","New","5.49","No",,"Yes","19","17","1","1","19","99.96","0","0","0","0","0","0","17","0","0","17",
"DWG511114","X002G1XP4H","B0G1B9YLY4","10pcs Simulation Goldfish Model Artificial Moving Aquarium Fish Decorations Plastic Fake Plastic Floating Ornament Pvc Small Tank Koi Carp","New","5.89","No",,"Yes","9","9","0","0","9","99.96","0","0","0","0","0","0","9","0","0","9",
"DWG511115","X002G1UW3J","B0G1BDFNNB","Drawstring Straining Bag for Straining Home Brew Bag Wine Jam Fruits Nut Milk and Yogurt,Jelly Bag for Jam Making,Reusable","New","3.69","No",,"Yes","0","0","0","0","0","99.96","0","0","0","0","0","0","0","0","0","0",
"DWG511117","X002G1VQFR","B0G1BX6V5G","3 Pack Multicolour PU Leather Lanyard Pen Holders with Keychain, Anti-Lost Portable Pen Clip Pouch, Office Stationery Accessory for Nurses Teachers Couriers","New","5.39","No",,"Yes","8","8","0","0","8","99.96","0","0","0","0","0","0","8","0","0","8",
"DWG511118","X002G1Y1VX","B0G1BLM9GF","4pcs Mini Football Shin Pads, Extra Mini Shin Guards Soccer Miniature Shin Pads Tiny Protective Shin Guards for Men Women Boys Girls Graffitiable DIY","New","4.79","No",,"Yes","8","7","0","1","8","652.86","0","0","0","0","0","0","7","0","0","7",
"DWG511119","X002G1Y4PB","B0G1BPQVF2","2 Pack Silver Heart Shaped Blind Spot Mirrors, Adjustable Angle Wide Angle Convex Rear View Car Side Mirrors, Universal Stick-On Safety Accessories for Cars SUVs Trucks","New","4.39","No",,"Yes","11","11","0","0","41","99.96","0","30","0","0","0","0","11","0","0","11",
"DWG511120","X002G1ROS5","B0G1BL8744","Pet Pill Plunger Popper, Side Grip Press Type Pet Medicine Feeder with 2 Silicone Tips, Safe Pill Dispenser for Dogs Cats Birds, Liquid & Solid Medication Feeder for Small Animals","New","3.79","No",,"Yes","0","0","0","0","0","99.96","0","0","0","0","0","0","0","0","0","0",
"DWG511121","X002G1YVBD","B0G1BFGB38","9Pcs Airless Pump Bottle,5ml 10ml 15ml Portable Cosmetic Travel Bottle Refillable Empty Clear Travel Lotion Pump Containers for Foundation Essence Lotion","New","6.89","No",,"Yes","32","32","0","0","32","99.96","0","0","0","0","0","0","32","0","0","32",
"DWG511124","X002G1QBI9","B0G1BP829M","100 Pieces Mini Twist Drill Bit Set,Wood Drill Bit Set 1mm/ 1.5mm/ 2mm/ 2.5mm/ 3mm Titanium Coated HSS Small Drill Bits for Soft Metal Iron Aluminum, Wood Plastic, Aluminum Brick and Concrete","New","7.79","No",,"Yes","17","16","0","1","17","416.23","0","0","0","0","0","0","16","0","0","16",
"DWG511125","X002G1ZNW9","B0G1BZ8J65","Wall Plugs and Screws Set, M8 x 70mm Masonry Brick Wall Fixings Screw Bolts, Heavy Duty Anchors for Aerial TV Bracket Fence Shelves Concrete Mounting (10 Pack)","New","6.49","No",,"Yes","17","17","0","0","77","99.96","0","60","0","0","0","0","17","0","0","17",
"DWG511126","X002G1PN51","B0G1BVBYLZ","Adjustable Bath Plug 43mm Cover/ 8mm Pole Pop Up Bath Plug with Adjustment Screw Heavy Duty Brass Chrome Bathtub Plug for UK Standard Bathtub","New","7.49","No",,"Yes","30","28","0","2","60","99.96","0","30","0","0","0","0","28","0","0","28",
"DWG511127","X002G1Y88J","B0G1BLVCF4","Kayak Paddle Ropes Kayak Paddle Leash Elastic Canoe Paddle Rope Straps Safety Kayak Paddle Lanyard Cord Lightweight Stretchable Coiled Kayak Rod Leash Lanyard for Kayak Canoe Boat","New","5.19","No",,"Yes","16","16","0","0","16","99.96","0","0","0","0","0","0","16","0","0","16",
"DWG511129","X002G1VB6V","B0G1BR6Y52","2 Rolls Gold Washi Tape, 15mm x 40m Solid Foil Washi Tape Gold Tape Self Adhesive Masking Tape No Residue for DIY Scrapbooking Craft Gift Wrapping Wall Decor (20m/Roll)","New","4.59","No",,"Yes","0","0","0","0","0","99.96","0","0","0","0","0","0","0","0","0","0",
"DWG51113","X002G1OMDF","B0D2CXTT69","TRHDFW Meat Tenderizer Hammer, Stainless Steel Meat Mallet Kitchen Tool, Double Sided Heavy Duty Teeth Mallet for Steak Chicken Pork Cook Cooking Enthusiasts","New","7.99","No",,"Yes","0","0","0","0","0","577.64","0","0","0","0","0","0","0","0","0","0",
"DWG511130","X002G1XYYN","B0G1BPHSQY","2 PCS Wedding Gifts for Her and Him Ice Cream Spoons, Funny Coffee Spoon Gift Coffee Lover Gifts for Husband Wife Stainless Steel Coffee Spoon Valentines Day Wedding Gifts for Couple Lovers","New","5.39","No",,"Yes","29","28","0","1","29","99.96","0","0","0","0","0","0","28","0","0","28",
"DWG511132","X002G21QKB","B0G1BS6K32","2 Planer Dust Collection Bags, Replacement Parts, Compatible with Sander Dust Collection Bag","New","6.19","No",,"Yes","81","48","0","2","101","2621.44","0","20","0","0","0","0","48","0","31","79",
"DWG511133","X002G2N5MD","B0G1GZ3TZ5","2 Pack Gray Protective Cat Collars, Waterproof Adjustable Cat Collars with Secure Buckle, Lightweight Comfortable Cat Collars for Cats 7 Weeks and Older, Ideal for Daily Use and Recovery","New","4.99","No",,"Yes","0","0","0","0","0","99.96","0","0","0","0","0","0","0","0","0","0",
"DWG511134","X002G2N2F3","B0G1GS7WMF","Fashion Sports Sunglasses - Vintage Wraparound Y2K Style, Men's and Women's Polarized UV400 Protection","New","6.29","No",,"Yes","3","0","0","3","83","99.96","0","80","0","0","0","0","0","0","0","0",
"DWG511135","X002G2OXER","B0G1GWB6LC","2 Pcs Mouse Sander Dust Bag for 255 Miter Saw Planer Accessories, Easy Disposal of DustDust","New","7.49","No",,"Yes","1","0","1","0","1","1049.76","0","0","0","0","0","0","0","0","0","0",
"DWG511136","X002G2N2R1","B0G1GSLT8X","4 Pcs Nail Brush for Everyday Use - Easy to Use Brushes - Nail Cleaning Scrubbing Brush for Hands Feet Nails","New","4.99","No",,"Yes","73","29","0","5","73","99.96","0","0","0","0","0","0","29","0","39","68",
"DWG511137","X002G2RPLF","B0G1GSSR3R","Beard Brush Pure Boar Bristles Natural Firm Hog Hair and Pearwood Works with All Beard Balms and Beard Oils Exfoliates Skin Helps Softening and Conditioning Itchy Beards Great for Travel","New","5.99","No",,"Yes","0","0","0","0","0","377.23","0","0","0","0","0","0","0","0","0","0",
"DWG511138","X002G2OZWR","B0G1H1M1Q8","2Pcs Beechwood Double Sided Nail Brushes, Manicure & Pedicure Scrub Brushes for Hand & Foot, Long Bristles for Nail Cleaning, Short Bristles for Exfoliation, Non‑Slip Grip","New","6.19","No",,"Yes","1","0","0","1","1","99.96","0","0","0","0","0","0","0","0","0","0",
"DWG511139","X002G2Q5D9","B0G1H1JW7Q","2 Pieces Of Hand And Nail Cleaning Brushes, Plastic Nail Brush (Blue)","New","5.79","No",,"Yes","38","38","0","0","38","99.96","0","0","0","0","0","0","38","0","0","38",
"DWG51114","X002G1U90P","B0D8T59FPZ","Engine Oil Filler Cap - Compatible with Ford 107 206 207 208 2008 307 308 Vivaro C S-MAX B-max C-max Fiesta 9670015080 1713791 1180S5","New","5.89","No",,"Yes","50","47","0","3","50","723.49","0","0","0","0","0","0","47","0","0","47",
"DWG511140","X002G2P0GH","B0G1H4X3FH","Double Sided Hand & Nail Brush, Thermo Beech Wood Handle with Natural Bristles, Heavy Duty Nail Cleaning Brush for Hands, Feet, Garden, Mechanics, Work & Home Use","New","6.19","No",,"Yes","0","0","0","0","0","99.96","0","0","0","0","0","0","0","0","0","0",
"DWG511141","X002G2R6G9","B0G1H4HG3Q","Key Ring Hoops Nickel 50mm Split Key Rings Loop Sprung Hoop Round Flat Key Chains Key Ring Hoop for Car Home Keys Organization Arts & Crafts Lanyards Keys Pack of 10.","New","5.19","No",,"Yes","75","75","0","0","75","99.96","0","0","0","0","0","0","75","0","0","75",
"DWG511142","X002G2P0XF","B0G1H1P6RY","30 Round Keychains, Silver Keyrings, Stainless Steel Split Rings, Craft Keychains (0.98 Inches / 25 Mm)","New","4.19","No",,"Yes","54","51","0","3","54","99.96","0","0","0","0","0","0","51","0","0","51",
"DWG511143","X002G2PC0B","B0G1GYPYB3","1 Piece Nail Brush Heavy Duty Nail Brush Hand Brush For Cleaning And Scrubbing Nails And Toes","New","4.99","No",,"Yes","17","16","0","0","47","99.96","0","30","0","1","0","0","16","0","0","16",
"DWG511144","X002G2PND7","B0G1H4GW6M","6pcs Quality Stainless Steel Forks Gift Sets for Escargot Olive Prawn Crab Cocktail Antipasti Cheese Pastry Dessert Fruit Salad Appetizer, Cute Metal Forks Mirror-Polished Dishwasher-Safe Reusable","New","4.69","No",,"Yes","20","20","0","0","60","99.96","0","40","0","0","0","0","20","0","0","20",
"DWG511145","X002G2QN9P","B0G1H4VMG9","Cocktail Sticks 100 Counts Wooden Toothpicks Party Supplies Frill Finger Food Fruits Sandwich Nibbles","New","5.29","No",,"Yes","27","24","0","3","77","430.98","0","50","0","0","0","0","24","0","0","24",
"DWG511146","X002G2P1UH","B0G1H677RP","Fingerless PU Leather Gloves for Men Women, Black Faux Leather Gloves Half Finger with Anti-Slip Layer for Driving Riding Outdoor","New","6.09","No",,"Yes","38","36","0","1","98","344.78","0","60","0","1","0","0","36","0","0","36",
"DWG511147","X002G2PGTN","B0G1H255LS","Lash Lift Pads, 4pcs Lash Lift Shields Flat, Self Adhesive Perming Step Eyelash Lift Tools, Reusable Super Sticky Eye Patches for Eyelash Softening and Perming","New","3.79","No",,"Yes","0","0","0","0","0","99.96","0","0","0","0","0","0","0","0","0","0",
"DWG511148","X002G2UJO5","B0G1H9728R","Dog Muzzle, Lightweight & Breathable Mesh Muzzle for Small and Medium Dogs, Adjustable Buckle Strap Dog Muzzles to Prevent Biting, Barking and Chewing (Black, S)","New","4.99","No",,"Yes","3","3","0","0","3","99.96","0","0","0","0","0","0","3","0","0","3",
"DWG511149","X002G2UZJ9","B0G1HDVP8Z","Nylon Dog Muzzle - Adjustable Breathable Mesh Muzzle, Mask for Anti-Barking, Licking (Black, Size S)","New","4.49","No",,"Yes","0","0","0","0","0","99.96","0","0","0","0","0","0","0","0","0","0",
"DWG51115","X002G1KGN5","B0CWDY2D1R","RSYHVG 1 x Unisex Smiling Machine, White, 8.6 cm","New","3.09","No",,"Yes","1","0","0","1","1",,"0","0","0","0","0","0","0","0","0","0",
"DWG511150","X002G2NGM7","B0G1H4T2G5","Dog Muzzle Soft Nylon Muzzle - Adjustable Breathable Mesh Muzzle, Dog Mask, Mouth Cover for Anti-Biting Anti-Barking Licking (Grey, Size XS)","New","4.19","No",,"Yes","0","0","0","0","0","99.96","0","0","0","0","0","0","0","0","0","0",
"DWG511151","X002G2NIA7","B0G1H6PN6D","Dog Muzzle, Adjustable For Barking And Chewing Control, Made Of Comfortable Nylon Material","New","3.49","No",,"Yes","0","0","0","0","0","99.96","0","0","0","0","0","0","0","0","0","0",
"DWG511152","X002G2NH1H","B0G1H94WN5","Adjustable Anti Bark Muzzle for Small Dogs - Breathable Mesh Soft Muzzle for Chihuahua (Red, XS)","New","5.49","No",,"Yes","28","24","1","3","68","99.96","0","40","0","0","0","0","24","0","0","24",
"DWG511154","X002G1HLX3","B0G18QNTSV","Soft Mesh Dog Muzzle: Reflective Adjustable Muzzle for Small Medium Large Dogs, Prevents Eating and Licking, Allows Panting and Drinking (M)","New","5.09","No",,"Yes","15","15","0","0","15","99.96","0","0","0","0","0","0","15","0","0","15",
"DWG511158","X002G2GVWJ","B0G1FSKD3C","Kitchen Timer, 1-hour/60-minute Countdown Alarm Reminder, Manual Mechanical Timer, Adjustable, Suitable For Teachers, Children Cooking Timing, Baking, Boiling Eggs, Exercise, Home Use, White","New","5.78","No",,"Yes","25","25","0","0","55","99.96","0","30","0","0","0","0","25","0","0","25",
"DWG511159","X002G2EUH7","B0G1FSGL33","10-piece Drawer Slides, 298mm Drawer Rails, White Plastic Cabinet Sliders, Side-Mounted Slide Replacements, Suitable for Residential Homes, Offices, Kitchens, and Bedrooms with Grooved Drawers","New","8.79","No",,"Yes","49","46","0","3","79","1176.43","0","30","0","0","0","0","46","0","0","46",
"DWG51116","X002G1MEPN","B0CTSX8D4G","TRHDFW Low Back Bra Converter Straps,3 Pack Women Backless Bra Extension Adjustable Deep V Neck Strap for Lady Girl Backless Dress Wedding Party 1.9CM","New","5.19","No",,"Yes","38","36","0","2","38","390.01","0","0","0","0","0","0","36","0","0","36",
"DWG511160","X002G1Q7NN","B0G1BJ13VH","Multifunctional Fabric Tape - 33ft Clear Double Stick Tape, Strong 2 Sided, Ideal for Clothes, Carpet","New","5.89","No",,"Yes","0","0","0","0","0","99.96","0","0","0","0","0","0","0","0","0","0",
"DWG511161","X002G1PLI5","B0G1BQXCSV","36 Pieces Blue C-Shape Wig Adhesive Tapes, Super Strong Waterproof Double-Sided PU Hairpiece Tape for Lace Wigs Toupees Hair Extensions","New","4.39","No",,"Yes","31","30","0","0","32","99.96","0","0","1","0","0","0","30","0","1","31",
"DWG511162","X002G1Q6VB","B0G1BKKM88","40 Pieces Blue Wig Double-Sided Tape, Super Adhesive Waterproof Skin-Friendly PU Lace Tape, Curved Hair Extension Tape for Wigs Toupees Lace Closures","New","4.49","No",,"Yes","43","43","0","0","43","99.96","0","0","0","0","0","0","43","0","0","43",
"DWG511164","X002G2GNGN","B0G1FV1K7J","Blue Double-Sided Hair Extension Tapes, Waterproof Sweat-Proof Invisible Replacement Adhesive Tapes for Wigs Toupees Hair Wefts, 5 Sheets Per Pack","New","4.39","No",,"Yes","0","0","0","0","0","99.96","0","0","0","0","0","0","0","0","0","0",
"DWG511165","X002G2GYB7","B0G1G3WLXG","2 Pcs Car Dent Puller, Dent Remover Tool for Car, Tool and Repair Kit Handle Lifter for Cars Body,Glass, Screen, Heavy for Heavy Objects Moving and Cars Body (Black, Blue)","New","4.99","No",,"Yes","10","9","0","1","10","99.96","0","0","0","0","0","0","9","0","0","9",
"DWG511166","X002G2H0BZ","B0G1FTH577","St Christopher Keyring Travel Gift For Men Or Women Saint Christopher Keychain Token Medal New Car Gifts And Accessories For Safe Travels Saftey And Protection","New","6.39","No",,"Yes","80","77","0","0","80","99.96","0","0","0","3","0","0","77","0","0","77",
"DWG511167","X002G2M2WR","B0G1GCZWJG","Broadway Musical-Themed Cosmetic Bag, 'I'm Not Exaggerating, I'm Dramatic,' A Gift for Broadway Fans and Theater Lovers","New","5.39","No",,"Yes","41","41","0","0","41","725.13","0","0","0","0","0","0","41","0","0","41",
"DWG511169","X002G1VUMV","B0G1BX8FJX","6Pcs RFID NFC Blocking Cards, 13.56MHz Anti-Theft Credit Card Protector, Slim PVC Contactless Blocker for Wallet, Debit Card, Passport Security (Blue)","New","3.99","No",,"Yes","0","0","0","0","0","99.96","0","0","0","0","0","0","0","0","0","0",
"DWG511170","X002G2GYVH","B0G1G8TQK3","Pencil Case, Large Capacity with 4 Compartments, Cute Design for Girls, Teenage Adults","New","6.39","No",,"Yes","33","32","0","1","33","1026.49","0","0","0","0","0","0","32","0","0","32",
"DWG511171","X002G2KQCF","B0G1G761VG","RCA To HDMI Adapter, Compatible With PS1, PS2, Wii, SNES, N64, Xbox, DVD, VHS, VCR - AV To HDMI Converter, Supports PAL/NTSC - 1080P Output, Includes USB Power Cable","New","6.99","No",,"Yes","0","0","0","0","0","99.96","0","0","0","0","0","0","0","0","0","0",
"DWG511173","X002G2LD81","B0G1GGJFMB","Shiny Decorative Chain Shoe Accessory, DIY Sandal Creative Accessory, Crystal Diamond Shoe Buckle, Adult Slipper Sandal Pendant","New","4.89","No",,"Yes","0","0","0","0","0","99.96","0","0","0","0","0","0","0","0","0","0",
"DWG511174","X002G2MFCJ","B0G1GGMR3G","Mens Wallet, Slim Genuine Leather Purse with RFID Blocking, Ultra-Thin Credit Card Holder for 7 Cards and Cash, Ideal for Gift Travel and Daily Life (Black)","New","3.79","No",,"Yes","0","0","0","0","0","99.96","0","0","0","0","0","0","0","0","0","0",
"DWG511175","X002G1WEWB","B0G1C4K5C4","10Pcs Necklace Cord, 2mm Black Leather Adjustable Necklace Waxed Cord with Lobster Clasp, Soft Rope Long Chain Ropes Wax Rope Chain Braided String Fine for DIY Pendant Making Bracelet Necklaces","New","3.79","No",,"Yes","23","23","0","0","23","99.96","0","0","0","0","0","0","23","0","0","23",
"DWG511176","X002G1U2AH","B0G1C4G8N6","Premium Genuine Leather Strap,15mm Wide, Authentic AB Grade Cowhide Leather Strap, 1.8mm Thick, For Handicrafts, Tool Making, Wrapping, Sewing, And Hobby Purposes, Peru","New","4.69","No",,"Yes","25","25","0","0","25","99.96","0","0","0","0","0","0","25","0","0","25",
"DWG511177","X002G1YXXJ","B0G1BZ7XHY","10 Pack 20 Inch Waxed Necklace Cords, 1.5mm Black Waxed Leather Cord Rope with Clasp, Bulk Necklace String for Jewelry Making, DIY Bracelets, Pendants & Craft Projects","New","3.89","No",,"Yes","35","34","0","1","35","99.96","0","0","0","0","0","0","34","0","0","34",
"DWG511178","X002G2L2NH","B0G1GLH3JP","2 Pcs Faux Suede Leather Cord, 5.5 Yards 2.6mm Flat Thin Leather Laces Strips, Craft Braiding String for Bracelet Jewelry Making Handbag Shoelace DIY Crafts, Pink","New","3.91","No",,"Yes","16","16","0","0","16","99.96","0","0","0","0","0","0","16","0","0","16",
"DWG511179","X002G1ZIZ1","B0G1C5KF37","60Pcs Double Sided Hair Extension Tape, Professional Salon Grade Adhesive Tabs, 4x0.8cm Waterproof Sweat-Proof Replacement Tape for Hair Extensions, Blue Invisible Wig Tape","New","2.99","No",,"Yes","0","0","0","0","0","99.96","0","0","0","0","0","0","0","0","0","0",
"DWG51118","X002G1M60B","B0CTQ9YDHC","IUFDGHN 3Pcs Adjustable Glasses Strap, Non-Slip Sports Glasses Holder Elastic Silicone Sunglasses Strap No Tail Sunglasses Holder Neck Lanyard Cord Eyewear Retainer for Men Women Teenagers","New","3.39","No",,"Yes","0","0","0","0","0","174.69","0","0","0","0","0","0","0","0","0","0",
"DWG51118-1","X002LNRNV1","B0H2S33LMZ","3Pcs Adjustable Glasses Strap, Non-Slip Sports Glasses Holder Elastic Silicone Sunglasses Strap No Tail Sunglasses Holder Neck Lanyard Cord Eyewear Retainer for Men Women Teenagers","New","4.49","No",,"Yes","32","31","0","0","32","19.99","0","0","0","0","0","0","31","0","1","32",
"DWG511180","X002G2MLGT","B0G1GLHDQK","36pcs/lot CC Contour Double Side Tape For Wigs And Toupees Hair Tape","New","4.99","No",,"Yes","36","33","0","2","66","99.96","0","30","0","1","0","0","33","0","0","33",
"DWG511181","X002G1ZKSV","B0G1BXCWQF","36pcs/lot C Contour Double Side Tape For Wigs And Toupees Hair Tape","New","5.09","No",,"Yes","11","10","0","1","31","99.96","0","20","0","0","0","0","10","0","0","10",
"DWG511182","X002G1ZS2T","B0G1C8RYK4","36 Strips Double Sided Adhesive Wig Hair Piece Tape (1 Bag) Toupee Tape","New","4.39","No",,"Yes","22","20","0","2","22","99.96","0","0","0","0","0","0","20","0","0","20",
"DWG511183","X002G1RZH5","B0G1C4T62H","72-piece Hair Extension Tape With Scraper, Size 4 X 0.8 Cm","New","3.37","No",,"Yes","0","0","0","0","0","99.96","0","0","0","0","0","0","0","0","0","0",
"DWG511184","X002G2IQEZ","B0G1GTJZ9P","1 Roll Of Lace Front Wig Adhesive Tape, Double-sided Tape For Hair Extensions, Size 10mm X 3 Yards","New","5.39","No",,"Yes","18","18","0","0","18","99.96","0","0","0","0","0","0","18","0","0","18",
"DWG511185","X002G2KWZB","B0G1FMCCCT","36pcs Invisible Waterproof Double Side Wig Tape for Lace Front Wigs Toupee Tape Strips Wig Lace Tapes for Fixing Wigs (Blue)","New","4.55","No",,"Yes","25","25","0","0","55","99.96","0","30","0","0","0","0","25","0","0","25",
"DWG511186","X002G2EQWB","B0G1FFSB6R","Generic 36 Pieces CC Contour Matte Wig Adhesive Tape, Clear Double Sided Toupee Tape for Men Women, Long Lasting Hold 2-4 Weeks, Invisible Urethane Hairpiece Tape for Hair Systems Extensions","New","4.99","No",,"Yes","65","59","0","1","105","99.96","0","40","0","0","0","0","59","0","5","64",
"DWG511187","X002G2L025","B0G1FG4Q34","50 Pcs Wig Tapes for Lace Wigs - Invisible Waterproof Double-Sided Lace Tape for Front Wig, Toupee Tape Strips with Ultra Hold, Skin-Friendly Adhesive, and Easy Application (Blue)","New","5.79","No",,"Yes","34","33","0","1","34","99.96","0","0","0","0","0","0","33","0","0","33",
"DWG511188","X002G2QOQR","B0G1GGS4LV","4 Pcs M10x1mm Bleed Screw Nipple Set for Disc Brake Caliper - Includes Dust Cap & Galvanized Metal Screws - Compatible with Motorcycle and Car Brake Pumps, M10 Bleed Nipple","New","6.29","No",,"Yes","30","17","0","5","100","99.96","0","70","0","1","0","0","17","0","7","24",
"DWG511189","X002G2QFJN","B0G1GP553N","18/10 Stainless Steel Gravy Ladle Sauce Soup Spoon Heavy Duty for Small Dishes,6.54 Inch (2pcs)","New","4.79","No",,"Yes","0","0","0","0","0","697.93","0","0","0","0","0","0","0","0","0","0",
"DWG51119","X002G1C30J","B0D62RBC19","TRHDFW Elegant Elven green leaf enamel pin brooch for women, men, cape pin buckle gifts","New","3.49","No",,"Yes","57","55","0","2","57","48.01","0","0","0","0","0","0","55","0","0","55",
"DWG511191","X002G2LWRN","B0G1GLYVD1","Lace lace bridal veil wedding dress wedding accessories","New","7.09","No",,"Yes","10","10","0","0","10","2282.39","0","0","0","0","0","0","10","0","0","10",
"DWG511192","X002G2K0IP","B0G1FR1YPB","White Butterfly Lace Bow Hair Clip, Bridal Wedding Veil Hair Accessory with Artificial Pearls, Elegant Hair Clip for Wedding Engagement Bachelorette Party","New","3.79","No",,"Yes","9","9","0","0","29","99.96","0","20","0","0","0","0","9","0","0","9",
"DWG511193","X002G1V6OD","B0D5YCM58M","TRHDFW Pencil Grips, 4 PCS Children Pencil Holder Writing Aid Grip Trainer, Ergonomic Training Pen Grip Posture Correction Tool for Kids","New","4.49","No",,"Yes","17","17","0","0","47","117","0","30","0","0","0","0","17","0","0","17",
"DWG511194","X002G1XZRJ","B0CTT4RMVD","IUFDGHN 8PCS Elastic Boot Bands, Military Boot Straps, Elastic Boot Straps Trouser Twists Leg Ties Blousing Garters with Metal Hooks, for Navy, Army, Air Force, Outdoor Hiking Military (Black & Green)","New","3.89","No",,"Yes","12","11","0","1","12","7.87","0","0","0","0","0","0","11","0","0","11",
"DWG511196","X002G1XFFB","B0D8PNPQHV","TRHDFW Camera Soft Neoprene Padded Shoulder Neck Strap with Quick Release Buckles Universal Camcorder Vintage Sling Belt Strap for Women Men All DSLR SLR Cameras (Soft Black)","New","6.19","No",,"Yes","49","46","0","2","49","777.89","0","0","0","1","0","0","46","0","0","46",
"DWG511199","X002G1PM7F","B0D5Y3F3MG","3-piece set long dropper Aquarium syringe Aquarium dropper pipette Coral Feeder Aquarium liquid pipette for Marine fish and coral reef aquariums","New","6.09","No",,"Yes","1","0","0","0","1","1511.22","0","0","0","1","0","0","0","0","0","0",
"DWG511201","X002G1W6X3","B0CTX77VT6","Spring clamp hook, 304 stainless steel metal clamp Heavy duty rope connector small calipers key chain buckle hammock swing set Outdoor travel camping fishing hiking","New","3.79","No",,"Yes","5","5","0","0","5","11.96","0","0","0","0","0","0","5","0","0","5",
"DWG511202","X002G1VC1Z","B0D69XBGT3","5 Pair of Silicone Nose pad Nose pad Push into Nose pad Glasses Sunglasses Glasses Repair kit","New","3.79","No",,"Yes","22","20","0","2","22","55.39","0","0","0","0","0","0","20","0","0","20",
"DWG511202-1","X002J84LJ5","B0GS5QPB17","5 Pair of Silicone Nose Pad Nose Pad Push Into Nose Pad Glasses Sunglasses Glasses Repair Kit","New","3.49","No",,"Yes","26","26","0","0","26","99.96","0","0","0","0","0","0","26","0","0","26",
"DWG511203","X002G1PIFB","B0D6G1QVMB","Silicone Ear Plugs for Sleeping Noise Cancelling Reusable Moldable Wax Earplugs for Swimming, Work, Airplane","New","3.69","No",,"Yes","0","0","0","0","0","87.34","0","0","0","0","0","0","0","0","0","0",
"DWG511209","X002G1XXAD","B0D62VDRY1","Safety Corner Protectors Guards, 8Pcs Baby Proofing Safety Corner Clear Furniture Table Corner Protection, Kids Soft Table Corner Protectors for Child for Furniture Against Sharp Corners","New","4.49","No",,"Yes","95","88","0","7","95","316.11","0","0","0","0","0","0","88","0","0","88",
"DWG51121","X002G1OBK9","B0D6DWTFHH","Silent Dog tag for Dogs and Cats - Silent Slide on Dog Name Tags with 4 Lines Text Engraved - Silent Dog tag for Collar No Jingling（Not Supporting Personalized Customization）","New","6.19","No",,"Yes","0","0","0","0","0","236.3","0","0","0","0","0","0","0","0","0","0",
"DWG511210","X002G1XN2L","B0D8T77FJ9","2PCS Motorcycle Exhaust Pipe Connecting Piece Motorbike Exhaust Pipe Stainless Steel Bracket Z Shape Connecting Piece Muffler Mounting Clamp, Silver","New","5.89","No",,"Yes","46","46","0","0","76","39.98","0","30","0","0","0","0","46","0","0","46",
"DWG511211","X002G1VOQN","B0D8PZ5BYG","TRHDFW Gothic leather leash Dog leash Dog leash Pet leash can be twisted to prevent loss of strong white chain rope","New","4.79","No",,"Yes","29","29","0","0","69","214.51","0","40","0","0","0","0","29","0","0","29",
"DWG511213","X002G1Y22B","B0D62M8WJL","1Pcs Mini Sewing Kit Portable Needle and Thread Kit for Travel Business Trips School Camping for Be Torn Sheets Plush Torn Clothes Loose Buttons Repair Them Quickly","New","3.79","No",,"Yes","43","41","0","0","43","48.01","0","0","0","2","0","0","41","0","0","41",
"DWG511214","X002G1QPNZ","B0D8VRC8YK","TRHDFW Thermos cup silicone sleeve fits 30/40OZ car cup 7.5cm diameter","New","4.49","No",,"Yes","0","0","0","0","0","159.94","0","0","0","0","0","0","0","0","0","0",
"DWG511216","X002G1QUOJ","B0D8T9QFYB","TRHDFW 100x Nylon Plastic P Clips Black Fasteners for Conduit Cable Tubing & Sleeving","New","4.29","No",,"Yes","11","10","0","1","41","127.98","0","30","0","0","0","0","10","0","0","10",
"DWG511217","X002G1VTUJ","B0D8Y7Z9DK","M4 Wing Nuts Marine Grade in A4 Stainless Steel 316 – Corrosion Resistant Fasteners (Pack of 10)","New","4.09","No",,"Yes","28","28","0","0","88","199.92","0","60","0","0","0","0","28","0","0","28",
"DWG511219","X002G1VFW1","B0D8XW9GDF","TRHDFW Car Window Shades for Baby, 2 Pack Side Window Shade for Car, Breathable Mesh kids Car Rear Window Sunshades","New","6.89","No",,"Yes","0","0","0","0","0","605.01","0","0","0","0","0","0","0","0","0","0",
"DWG51122","X002G1WRUP","B0CTTJ3T1F","TRHDFW Baby Comfort Blanket with Sensory Tags and Bubble/Heart/Star/Foil Print Pattern (Blue Star)","New","5.39","No",,"Yes","0","0","0","0","0","1024.68","0","0","0","0","0","0","0","0","0","0",
"DWG511220","X002G1QRAB","B0D8STCL43","2PCS Cufflinks for Men Silver Stainless Steel Classic Men's Cufflinks Striped Cuff Links for Suit Shirt Wedding Business Graduation Gift","New","5.39","No",,"Yes","8","8","0","0","8","45.72","0","0","0","0","0","0","8","0","0","8",
"DWG511223","X002G1YWM1","B0D8PBCBMP","TRHDFW Motorcycle electric vehicle modification accessories Motorcycle license plate frame License plate frame adjustable plate frame","New","5.09","No",,"Yes","18","17","0","1","18","625.99","0","0","0","0","0","0","17","0","0","17",
"DWG511225","X002G1U1JJ","B0D8PHJ6XD","Car Engine Start Stop Button Replace Cover Switch Trim Ring Sticker Compatible With E90 E92 E93 320i Car Interior Styling Accessories (Color : MBlack, Size : 1PCS)","New","5.59","No",,"Yes","27","24","0","3","27","10.49","0","0","0","0","0","0","24","0","0","24",
"DWG511225-1","X002JAXA7R","B0GSFNPDB4","Car Engine Start Stop Button Replace Cover Switch Trim Ring Sticker Compatible With E90 E92 E93 320i Car Interior Styling Accessories (Color : MBlack, Size : 1PCS)","New","5.49","No",,"Yes","14","14","0","0","14","99.96","0","0","0","0","0","0","14","0","0","14",
"DWG511226","X002G1YWQH","B0D8VM538H","2 Screws M6 x 18 mm for Exhaust Scooter 50 cc Bw's MBK Booster Nitro Aerox Mach-G Jog-R Ovetto Malaguti F10 F12 F15 Aprilia SR CPI Manifold Stud Bolts","New","3.04","No",,"Yes","13","12","0","1","13","15.08","0","0","0","0","0","0","12","0","0","12",
"DWG511228","X002G1WEDF","B0D8Y2QWH4","TRHDFW Gold Statement Earrings for Women Girls Exaggerated Geometric Earrings Irregular Punk Stylish Large Gold Drop Dangle Earrings Sectored Twisted Rectangle Leaf Flower Chunky Earrings Jewelry","New","8.39","No",,"Yes","53","42","0","2","83","79.97","0","30","0","1","0","0","42","0","8","50",
"DWG511229","X002G1Z5DB","B0D8SXSSNQ","TRHDFW Wall Mounted Oval Towel Ring Hanging Holder Self-Adhesive for Bathroom Kitchen Accessories, White","New","4.99","No",,"Yes","66","66","0","0","66","361.17","0","0","0","0","0","0","66","0","0","66",
"DWG511230","X002G1TXJ3","B0D6GBM35M","TRHDFW 6 Pairs Earring Lifters Earring Support Backs for Heavy Earrings Drooping, Earring Lifters Backs Repacements for Heavy Earrings Lifting Droopy Ear Lobes with Storage Box","New","3.49","No",,"Yes","0","0","0","0","0","265.14","0","0","0","0","0","0","0","0","0","0",
"DWG511231-1","X002J5HK9L","B0GRTMKZ1S","Elegant Glitter Croc Charms for Shoes, Clog Sandals - Bling Shoe Accessories for Women Girls - Party Favors Birthday Gift","New","5.89","No",,"Yes","27","25","0","2","57","99.96","0","30","0","0","0","0","25","0","0","25",
"DWG511232","X002G1RRFP","B0D8PBG1BT","TRHDFW 2 Pcs Window Breaker Portable Mini Car Window Breaker Escape Tool Mini Glass Breaker for Land or Underwater Emergency Life-Saving","New","5.79","No",,"Yes","65","60","0","4","65","94.55","0","0","0","1","0","0","60","0","0","60",
"DWG511233","X002G1XB8H","B0D8VMQDB5","TRHDFW 2 Sets Pot Lid Handle, Dutch Oven Knob for Knob Replacement, Silicone Pot Lid Handle Covers, Knob Bakelite Replacement Dutch Oven Pots Knob Pot Lid Handle","New","3.36","No",,"Yes","0","0","0","0","0","175.01","0","0","0","0","0","0","0","0","0","0",
"DWG511234","X002G1VMVP","B0D8VMGFLL","Crystal Bride Wedding Hair Comb Hair Accessories with Bridal Rhinestone Side Combs for Women and Girls","New","6.09","No",,"Yes","111","104","1","2","141","39.98","0","30","0","0","0","0","104","0","4","108",
"DWG511235","X002G1YLBN","B0D8PT38R8","TRHDFW Glove, Exfoliating Glove For Strawberry Skin And Strawberry Legs (One Glove,Pink)","New","4.99","No",,"Yes","16","16","0","0","16","300.05","0","0","0","0","0","0","16","0","0","16",
"DWG511236","X002G1Z6E9","B0D5Y1XK8W","TRHDFW 8 ball black pool ball key ring keychain","New","4.39","No",,"Yes","0","0","0","0","0","149.94","0","0","0","0","0","0","0","0","0","0",
"DWG511239","X002G1X0T7","B0D8PB9Y5T","TRHDFW Neck Strap Screw Holder, Camera Screw for Quick Release Quick Install Neck Sling Strap Holder for DSLR SLR Camera Compatible","New","4.69","No",,"Yes","12","11","0","1","12","88","0","0","0","0","0","0","11","0","0","11",
"DWG51124","X002G1E2DF","B0D6F8K9QJ","High Absorbent Disposable Hemostatic Cotton roll 50, Used for minimally invasive Hemostatic.Nose Bleed Stopper，Nose Plugs","New","5.79","No",,"Yes","49","48","0","1","49","11.47","0","0","0","0","0","0","48","0","0","48",
"DWG511240","X002G1W5G1","B0D8S6322X","TRHDFW Motorcycle reflector increase screw Rearview mirror increase M10 convert orthodontic teeth reverse teeth adapter head","New","4.69","No",,"Yes","21","20","0","1","21","52.77","0","0","0","0","0","0","20","0","0","20",
"DWG511241","X002G1TYJH","B0D8Y5ZFDC","M6 Serrated Flange Nuts Marine Grade Style in A4 Stainless Steel 304 – Corrosion Resistant Fasteners (Pack of 20)","New","4.99","No",,"Yes","64","63","0","1","64","132.08","0","0","0","0","0","0","63","0","0","63",
"DWG511242","X002G22OCZ","B0D8NNKFHP","TRHDFW Set of 3 Men's Tie Clip and Cufflinks Set Business Shirts Necktie Clip Tie Bar Clips for Wedding Party Business Meeting Father’s Day Valentine’s Day","New","6.09","No",,"Yes","25","23","0","2","25","89.96","0","0","0","0","0","0","23","0","0","23",
"DWG511246","X002G218OP","B0D8VLQ2V3","TRHDFW Diamond Silicone Cup with Non-Slip Base Space Pot Cushion car Cup","New","6.69","No",,"Yes","0","0","0","0","0","159.94","0","0","0","0","0","0","0","0","0","0",
"DWG511247","X002G22FFV","B0D8S721H9","TRHDFW Wooden Baking Cooking Basting Brush Heat Resistant Pastry BBQ Marinade Brushes Cakes Meat Desserts Oil Sauce Butter Kitchen Tool(Flat Handle)","New","5.49","No",,"Yes","1","1","0","0","1","114.05","0","0","0","0","0","0","1","0","0","1",
"DWG51125","X002G1CKCZ","B0CTHB82WR","IUFDGHN 2 Piece Cabinet Plunger Lock Furniture Desk Drawer Plunger Lock Cupboard Cam Lock with Key for Filing Cabinets Wardrobe Display Cabinet Furniture","New","4.39","No",,"Yes","0","0","0","0","0","14.58","0","0","0","0","0","0","0","0","0","0",
"DWG51125-1","X002LZ7AW1","B0H45MBLPP","2 Piece Cabinet Plunger Lock Furniture Desk Drawer Plunger Lock Cupboard Cam Lock with Key for Filing Cabinets Wardrobe Display Cabinet Furniture","New","4.39","No",,"Yes","10","10","0","0","10","99.96","0","0","0","0","0","0","10","0","0","10",
"DWG511250","X002G1R30T","B0D5XJ9JM6","TRHDFW Makeup Mirror,Portable Small Mirror,Compact Vanity Makeup Mirror for Women and Girls,Both Work and Travel Can Be Carried With You.(Love","New","3.59","No",,"Yes","12","12","0","0","12","45.56","0","0","0","0","0","0","12","0","0","12",
"DWG511251","X002G1YI43","B0D6FVY9HG","Table cloth non-slip clip Transparent fastener Kitchen table cloth clip household table cloth non-slip fixer no holes，tablecloth clips，table cloth clip，table cloth clips，table clips for table cloth.","New","4.29","No",,"Yes","1","0","1","0","61","45.06","0","60","0","0","0","0","0","0","0","0",
"DWG511252","X002G1XWCR","B0D6FRZBN6","Shower Curtain Hook Rings, Stainless Steel Roller Balls Bath Curtain Rings for Bathroom Shower Curtain Rods - Set of 12","New","4.39","No",,"Yes","0","0","0","0","0","140.11","0","0","0","0","0","0","0","0","0","0",
"DWG511253","X002G1XC7H","B0D8T9582P","TRHDFW Women Stretchy Cinch Belts 8-Shaped Interlock Buckle Faux Leather Elastic Wide Waist Belt for Dresses","New","5.59","No",,"Yes","30","30","0","0","50","240.07","0","20","0","0","0","0","30","0","0","30",
"DWG51126","X002G1IIGR","B0D61SGDK8","Professional Hairdresser's Back Combing hair brush for slicking back hair Long Hair Styling Brush teasing brush","New","5.09","No",,"Yes","40","39","1","0","40","106.02","0","0","0","0","0","0","39","0","0","39",
"DWG51127","X002G1USZV","B0D8PT3Q5N","Car Tailgate Boot Handle Switch Cover Button Cap Compatible with Mini R50 R52 R55 R56 R57 R58 R59 51717039261 51132753603 Automotive Accessories","New","5.89","No",,"Yes","37","24","0","0","87","126.02","0","50","0","0","0","0","24","0","13","37",
"DWG51130","X002G1UTEB","B0D22NG7FW","TRHDFW 1 Pcs 3 Way Shower Diverter Valve M22 X M24 Tap Adapter for Dishwashers Washing Machines Shower Nozzles in Kitchen Sink Tap and Bathroom Ordinary Shower Hoses or Water Supply Hoses","New","6.09","No",,"Yes","5","4","1","0","35","211.72","0","30","0","0","0","0","4","0","0","4",
"DWG51131-1","X002K9HFGT","B0GX67KGKQ","2 Pack Velvet Bowtie Cat Collars with Bell, Adjustable Breakaway Safety Collars for Cats Kittens Small Puppies, Red & Black Pet Collars for Daily Wear Weddings","New","5.39","No",,"Yes","24","24","0","0","24","99.96","0","0","0","0","0","0","24","0","0","24",
"DWG51132","X002G1WUED","B0D8PQD6Q6","TRHDFW Chef Apron Sexy Funny Novelty Kitchen Apron Cooking BBQ Grilling Baking Party Muscle Man Apron For Men Gift，Men and Women","New","4.99","No",,"Yes","26","26","0","0","46","307.26","0","20","0","0","0","0","26","0","0","26",
"DWG51133","X002G1T1GD","B0D17SNDN1","TRHDFW 2 Pcs Onigiri Mould, Sushi Onigiri Mold with Spatula, Sushi Press Mold Triangle Shaped Onigiri Mold Sushi Making Kit, Sushi Gadgets Riceball Molder","New","5.29","No",,"Yes","52","52","0","0","82","28.02","0","30","0","0","0","0","52","0","0","52",
"DWG51134","X002G1SZPV","B0D62R26JC","Eyelash Curler with No Pinching or Pulling Design - Just Beautifully Curled Eyelashes and Longer Looking Lash Line Curl - in Premium Matte Black Look","New","3.99","No",,"Yes","4","4","0","0","54","59.98","0","50","0","0","0","0","4","0","0","4",
"DWG51135","X002G1IU01","B0D69BYCXT","TRHDFW 5 Pairs of Glasses Nose Pads,Replacement Glasses Rubber Nose.Soft Gel Fit Non-Slip Eye Handle Replacement Parts Protect Eyeglasses Bridge Repair Kit Children's Eyeglasses Sunglasses","New","3.89","No",,"Yes","26","24","0","2","76","23.93","0","50","0","0","0","0","24","0","0","24",
"DWG51140","X002G1PRW5","B0D1G949WQ","TRHDFW 3 Pcs Sushi Onigiri Mould Triangle Sushi Mold Rice Ball Maker Sushi Press Mold Sushi Onigiri Maker for DIY Cooking","New","5.29","No",,"Yes","39","29","1","5","40","209.92","0","0","1","0","0","0","29","0","4","33",
"DWG51141","X002G1W35J","B0CTK59CZJ","IUFDGHN Polarized Night Driving Glasses 2 Pack Night Day Vision Driving Wrap Around Anti Glare Sunglasses, Retro Wrap Around Glasses, Fashion Oversized Night Vision Glasses for Women Men","New","6.69","No",,"Yes","0","0","0","0","0","910.63","0","0","0","0","0","0","0","0","0","0",
"DWG51141-1","X002KB2GLB","B0GXB51BL1","Polarized Night Driving Glasses 2 Pack Night Day Vision Driving Wrap Around Anti Glare Sunglasses, Retro Wrap Around Glasses, Fashion Oversized Night Vision Glasses for Women Men","New","6.99","No",,"Yes","14","14","0","0","14","99.96","0","0","0","0","0","0","14","0","0","14",
"DWG51143-1","X002K9I3VZ","B0GX64K2F7","Duck for Cars, Rubber Duck for Car Dashboard, Squeaky Duck Bath Toy Yellow Duck Car Ornament Fun Cowboy Duck Car Accessories Car Dashboard decor with Swim Ring Hat Glasses","New","5.89","No",,"Yes","0","0","0","0","0","99.96","0","0","0","0","0","0","0","0","0","0",
"DWG51144","X002G1OJ65","B0CTQJWP2F","2 Pieces Facial Hair Remover Spring Eyebrow Face Epilator Threading Tool Remove Hair from Upper Lip, Chin, Cheeks and Neck for Women Girls or Men (Black, Rose Red)","New","4.09","No",,"Yes","62","58","0","4","62","194.35","0","0","0","0","0","0","58","0","0","58",
"DWG51144-1","X002J88EQL","B0GS5V3CVQ","2 Pieces Facial Hair Remover Spring Eyebrow Face Epilator Threading Tool Remove Hair from Upper Lip, Chin, Cheeks and Neck for Women Girls or Men (Black, Rose Red)","New","3.89","No",,"Yes","21","21","0","0","21","99.96","0","0","0","0","0","0","21","0","0","21",
"DWG51145-1","X002KD3R5X","B0GXF484WB","2 Packs of Adorable Leaf-Shaped Sticky Notes for Note-Taking and DIY Decorations","New","3.59","No",,"Yes","29","25","0","2","29","99.96","0","0","0","0","0","0","25","0","2","27",
"DWG51146","X002G1W2RD","B0D5Y9977Z","JYTDBCS Security Camera Bracket,2pcs Ring Pendants,360 Adjustable Security Camera Mounting Bracket,Indoor and Outdoor Installation","New","4.89","No",,"Yes","40","39","0","1","70","61.12","0","30","0","0","0","0","39","0","0","39",
"DWG51149","X002G1T4PL","B0D6FLSKCZ","Suction tubing, Glue Head Pump, Turkey Pump, Transfer Liquid Pipette, Glue Head Dropper, Dropper Measuring Liquid, Baking Tool Tube，Turkey baster， baster for Cooking，baster","New","5.69","No",,"Yes","22","21","0","1","22","92.26","0","0","0","0","0","0","21","0","0","21",
"DWG51150","X002G1R89P","B0CTM94BH4","IUFDGHN Adjustable Shower Head Holder Shower Holder Bracket Chrome Plated Shower Head Holder Replacement for 20-25mm Slide Rail Pole","New","6.69","No",,"Yes","0","0","0","0","0","486.86","0","0","0","0","0","0","0","0","0","0",
"DWG51153","X002G1WIUT","B0D5XZ6TD2","TRHDFW Chicken nuggets simulated food key chain realistic chicken key chain, new and interesting joke fast food key chain key chain, luggage, school bag, keys and other interesting key chain","Unknown","3.69","No",,"Yes","0","0","0","0","0","99.96","0","0","0","0","0","0","0","0","0","0",
"DWG51154","X002G1PW9D","B0D1BPNNBD","TRHDFW Rice Ball Mold with Mini Rice Scoop, DIY Sticky Rice Molds Large Ball Mold Kitchen Tool Rice Ball Maker Shake, Rice Roll Shaker Ball Maker for Kids","New","3.79","No",,"Yes","34","33","0","0","34","129.46","0","0","0","0","0","0","33","0","1","34",
"DWG51154-1","X002J84M7L","B0GS5LQ37L","Rice Ball Mold with Mini Rice Scoop, DIY Sticky Rice Molds Large Ball Mold Kitchen Tool Rice Ball Maker Shake, Rice Roll Shaker Ball Maker for Kids","New","4.49","No",,"Yes","57","56","0","1","57","99.96","0","0","0","0","0","0","56","0","0","56",
"DWG51157","X002G1T4V5","B0CZ3NQGN6","TRHDFW scrub daddy caddy Funny Face Sponge Holder 1 Pack Suction Holder for Kitchen Bathroom Sink Designed for Round Funny Sponges with Suction Cup Installation Dishwasher Safe(Sponges Not Included)","New","6.29","No",,"Yes","49","49","0","0","49","140.6","0","0","0","0","0","0","49","0","0","49",
"DWG51158-1","X002J5H68B","B0GRTTN52J","5 Pcs Gas Inline Fuel Filters Universal Motorcycle Petrol Inline Durable Fuel Filters for Motorcycle Electric Vehicle Electric Tricycle","New","4.09","No",,"Yes","35","35","0","0","35","99.96","0","0","0","0","0","0","35","0","0","35",
"DWG51166","X002G1UGHL","B0CTSYVTW4","2 Pack Car Side Window Sunshades Universal Harmful UV Rays Sun Glare Heat Blocking for Baby Kids Pets, 44cm*36cm (Suction cup Stick)","New","6.19","No",,"Yes","0","0","0","0","0","1369.47","0","0","0","0","0","0","0","0","0","0",
"DWG51168","X002G1W3YZ","B0D8W2RRLY","TRHDFW Mirror Tray Trinket Tray Jewelry Plate Round Mini Tray Earrings Rings Bracelet Organizer Tray (Gold, 10 * 10cm)","New","4.59","No",,"Yes","0","0","0","0","30","199.92","0","30","0","0","0","0","0","0","0","0",
"DWG51172","X002G1UM4N","B0CTSNQB7P","IUFDGHN 10 Pcs Closet Dividers for Hanging Clothes, Color Plastic Hanger Tags Clothing Rack Dividers Round Closet Labels Reusable Wardrobe Hanger Separator （10 Colors）","New","6.19","No",,"Yes","0","0","0","0","0","110.28","0","0","0","0","0","0","0","0","0","0",
"DWG51172-1","X002LZ3HNH","B0H45FPP5R","10 Pcs Closet Dividers for Hanging Clothes, Color Plastic Hanger Tags Clothing Rack Dividers Round Closet Labels Reusable Wardrobe Hanger Separator （10 Colors）","New","6.19","No",,"Yes","14","14","0","0","14","99.96","0","0","0","0","0","0","14","0","0","14",
"DWG51174","X002G1V4MH","B0D8T4NT4K","Engine Oil Filler Cap Cover Lid 0000101685 Oil Filler Cover Replacement for Mercedes Benz Sprinter 2500 3500","New","8.09","No",,"Yes","20","20","0","0","20","126.02","0","0","0","0","0","0","20","0","0","20",
"DWG51177","X002G1WLI3","B0D8T8MPXP","Mens Feather Tie Clip Bar Stainless Steel Novelty Tie Pin Silver 5.0cm","New","5.09","No",,"Yes","43","38","0","5","43","49.98","0","0","0","0","0","0","38","0","0","38",
"DWG51177-1","X002J6RK59","B0GS1FF9TM","Mens Feather Tie Clip Bar Stainless Steel Novelty Tie Pin Silver 5.0cm","New","6.29","No",,"Yes","23","22","0","1","23","99.96","0","0","0","0","0","0","22","0","0","22",
"DWG51178","X002G1TCW1","B0D8T5PNST","2 Sets Motorcycle Engine Oil Drain Screw Fittings Compatible with GY6 50cc-150cc ATV Go Kart Moped Motorcycle Scooter Oil Drain Plug Set","New","6.29","No",,"Yes","18","15","0","2","38","585.84","0","20","0","1","0","0","15","0","0","15",
"DWG51180","X002G1V8ZP","B0D8VKK9SQ","2pcs Aluminum Oil Drain Plug Cover Oil Drain Screw Compatible With Yamaha Compatible With Wolverine Motorcycle Oil Plug Replacement Kit 4HC-15351-00-00, 48mm","New","6.69","No",,"Yes","17","16","0","1","17","96.85","0","0","0","0","0","0","16","0","0","16",
"DWG51180-1","X002J6RQK3","B0GS1QN22B","2 Aluminum Oil Plug Caps And Oil Plug Screws,Replacement Kit, Diameter 48 Mm","New","6.09","No",,"Yes","20","20","0","0","20","99.96","0","0","0","0","0","0","20","0","0","20",
"DWG51182","X002G1XJP7","B0D8VHY3HB","Car Engine Oil Filler Cap,Compatible with Hyundai Santa Fe Tucson Veloster Getz i10 i20 i30 i40 i800 iLoad H350 - Part Numbers 2651026620, 2651026600, 2651026610","New","7.49","No",,"Yes","33","32","0","1","33","350.03","0","0","0","0","0","0","32","0","0","32",
"DWG51182-1","X002J6PPAV","B0GS1MFD5Y","Car Engine Oil Filler Cap,Compatible With Hyundai Santa Fe Tucson Veloster Getz I10 I20 I30 I40 I800 ILoad H350 - Part Numbers 2651026620, 2651026600, 2651026610","New","7.09","No",,"Yes","23","23","0","0","23","99.96","0","0","0","0","0","0","23","0","0","23",
"DWG51184","X002G1P4LJ","B0D8SPFPXG","TRHDFW Suitable for Fox New Fiesta Wave Box Gear Pull Cable Hanging Shift Shift Cable Shift Cable Rubber Sleeve","New","3.69","No",,"Yes","10","10","0","0","60","130.93","0","50","0","0","0","0","10","0","0","10",
"DWG51186","X002G1TCLR","B0D8PRP35Y","TRHDFW 4 Pcs Foam Sponge Bike Handlebar Covers Bicycle Nonslip Handlebar Hand Grips Covers Bike Handle Bar Accessories for Bikes","New","6.19","No",,"Yes","20","20","0","0","20","1154.96","0","0","0","0","0","0","20","0","0","20",
"DWG51189","X002G1SV91","B0D8VQP88H","TRHDFW Universal Pot Lid Knob, Stainless Steel Replacement Knob 51x28mm for Glass,Stainless Steel Pan Cover Lid, Pack of 4","New","6.99","No",,"Yes","39","36","0","3","39","273.01","0","0","0","0","0","0","36","0","0","36",
"DWG51189-1","X002J86T1D","B0GS5RHDTT","Universal Pot Lid Knob, Stainless Steel Replacement Knob 51x28mm for Glass,Stainless Steel Pan Cover Lid, Pack of 4","New","7.29","No",,"Yes","37","21","0","0","37","99.96","0","0","0","0","0","0","21","0","16","37",
"DWG51194","X002G1TGPJ","B0CTTG2F4J","TRHDFW Vintage Satin Choker Plain Black Leather Collar Short Velvet Punk Necklace Chain for Women and Girls (5cm)","New","3.19","No",,"Yes","0","0","0","0","0","48.01","0","0","0","0","0","0","0","0","0","0",
"DWG51197","X002G1QNDR","B0D2SM1YFW","TRHDFW Vintage Sweater Clips, Retro Cardigan Clips,Rhinestone Pearl Shawl Clip,Collar Clip,Back Cinch Clips,Dress Shawl ClipSweaters Connection Brooches for Women Girls Clothing Decoration(2Pcs)","New","4.79","No",,"Yes","27","26","0","1","27","49.98","0","0","0","0","0","0","26","0","0","26",
"DWG51199","X002G1WPXJ","B0D62T7Q4V","TRHDFW 4 Snack Fingers, Game Chopsticks, Snack Tongs, Snack Tools, Keep Hands Clean","New","4.29","No",,"Yes","2","0","0","2","42","28.51","0","40","0","0","0","0","0","0","0","0",
"DWGY1166","X002JMOWG3","B0GTVKW9V4","2PCs Bicycle tire pry bar - a Special Tool for dismantling the Outer tire of Mountain Bikes/Road Bikes, a high-Strength Anti Slip pry bar, and an Essential Helper for Cycling and Maintenance","New","4.49","No",,"Yes","30","27","0","3","30","99.96","0","0","0","0","0","0","27","0","0","27",
"RPADWG001","X002I0LR7D","B0GJZ7BBCM","2 Pcs Passport Holder, PU Leather Passport Cover, Travel Wallet Case Organiser for Passport, Ticket, Boarding Pass, Business Card, Credit Card (White, Purple)","New","5.29","No",,"Yes","18","17","0","1","18","99.96","0","0","0","0","0","0","17","0","0","17",
"RPADWG002","X002I0K1MZ","B0GJXXH9D4","Generic Purple Unicorn Cartoon Bike Bell, Clear Loud Adjustable Volume Bicycle Ringer for Mountain Road Electric Bikes, Cycling Handlebar Accessory","New","5.59","No",,"Yes","20","19","0","1","20","99.96","0","0","0","0","0","0","19","0","0","19",
"RPADWG003","X002I063EF","B0GJZLF2PZ","Wallets Slim Carbon Fiber Leather, Card Wallet for Men and Women, Minimalist Wallets for Men UK, Card Wallet with Calling Card and ID Card Window (Black)","New","4.19","No",,"Yes","8","8","0","0","28","99.96","0","20","0","0","0","0","8","0","0","8",
"RPADWG004","X002I05T27","B0GJZ1FX7T","20 Pcs Black Wheel Nut Caps Bolt Covers 17 mm Universal including 16 Standard Ones 4 Locking Ones Removal Tool","New","6.19","No",,"Yes","27","27","0","0","57","99.96","0","30","0","0","0","0","27","0","0","27",
"RPADWG005","X002I0J4C3","B0GJXQ3885","Rotating LED SMD NE555 Soldering Practice Board DIY Kit Fanny Skill Training DIY Kit Electronic PCB Board Module Suit","New","5.39","No",,"Yes","4","4","0","0","4","196.48","0","0","0","0","0","0","4","0","0","4",
"RPADWG007","X002I0J5EZ","B0GJZ1R985","Cute Paperclips,10Pcs Colorful Paper Clips Bookmark Clip Teacher Stationery Supplies Cute Teacher Gifts Desk Accessories Office Stationery Supplies Novelty Book Marks for Student Teacher","New","3.45","No",,"Yes","0","0","0","0","79","99.96","0","79","0","0","0","0","0","0","0","0",
"RPADWG008","X002I05VWP","B0GJYXXJ97","1 Sets Cat Sticky Notes,Cute Self-Stick Cartoon Animal Shape Note,Cat Shaped Memo Pads,Paper Clips Tab Supplies Markers Flags for Students Home Office Gifts(45 Sheets)","New","4.09","No",,"Yes","22","21","0","1","22","99.96","0","0","0","0","0","0","21","0","0","21",
"RPADWG010","X002I0LBY7","B0GJZ5R4GM","12PCS Pant Waist Tightener,Tightening Waistband,Adjustable Waist Buckles,Waist Tightener Clips,Tightener Loose Jeans Pants Clips,Reusable Adjustable Waist Buckle Extender","New","3.89","No",,"Yes","14","13","0","1","34","99.96","0","20","0","0","0","0","13","0","0","13",
"RPADWG011","X002I05XQT","B0GJZZXRP8","Black Bow Hair Streamer Ponytail Holder, Long Ribbon School Uniform Hair Accessory, Elastic No-Pull Hair Tie for Curly Thick Fine Hair, Women Girls Daily Party Wear","New","4.39","No",,"Yes","0","0","0","0","0","99.96","0","0","0","0","0","0","0","0","0","0",
"RPADWG012","X002I0J1FN","B0GJYL6J1Q","15 Pcs Hair Ties for Kknekki,Blue Elastic Bands for Women Girls Premium No Crease Soft Ponytail Holders Accessories for Thick Thin,Stylish Elastics Damage-Free Bobbles,for Toddler Sports Daily Use","New","5.09","No",,"Yes","33","33","0","0","33","99.96","0","0","0","0","0","0","33","0","0","33",
"RPADWG013","X002I0KH2T","B0GJZ1M92Q","16 Sets Pant Waist Tightener Adjustable Waist Buckle Set Waists Tighteners for Pants Women No-Sew Pants Jean Clips to Tighten Waists Waistband Tightener Jeans Button Pin for Loose Pant Skirts","New","3.59","No",,"Yes","15","15","0","0","15","269.4","0","0","0","0","0","0","15","0","0","15",
"RPADWG014","X002I0JCGB","B0GJZ6VR7W","Silly Goose Bookmark, Cute Stainless Steel Book Marks, Metal Fun Book Marks for Reading, Books Accessories for Back to School Supplies, Good Gifts for Teacher Student Bookworm, Books Lovers(Pink)","New","4.15","No",,"Yes","18","17","0","1","18","99.96","0","0","0","0","0","0","17","0","0","17",
"RPADWG015","X002I05U2B","B0GJYL4RVT","4 Pieces Elastic Sports Headbands Thick Non-Slip Hair Bands for Women and Men (Black, Grey, White)","New","4.69","No",,"Yes","58","51","0","3","58","99.96","0","0","0","0","0","0","51","0","4","55",
"RPADWG016","X002I0KGZH","B0GJYW1MB2","4 PCS Head Bands for Men, Plastic Plain Sport Headbands Elastic Comb Non-slip Hair Band, DIY Hair Hoop Gripper Teeth Hairbandfor Men and Women","New","4.09","No",,"Yes","11","11","0","0","31","99.96","0","20","0","0","0","0","11","0","0","11",
"RPADWG017","X002I0KEA9","B0GJZQXYPQ","10 Pair Eyeglass Nose Pads, Ultra-Strong Grip and Ultra-Soft, Soft Silicone Nose Pad Adhesive Air Bag Anti-Slip Glasses Nose Grips for Eye Glasses & Sunglasses(Black and White)","New","3.99","No",,"Yes","15","15","0","0","15","99.96","0","0","0","0","0","0","15","0","0","15",
"RPADWG018","X002I0JSBF","B0GJZ8SDR9","2 PCS Novelty Chemistry Pin Badges, Funny Pin Badge for Lapel Backpack Jacket Hat Bag, Gift for Teachers Students for Teacher's Day, Birthday, Graduation, Christmas","New","4.09","No",,"Yes","32","32","0","0","32","99.96","0","0","0","0","0","0","32","0","0","32",
"RPADWG021","X002HYHP1H","B0GJKXDR8J","3mm Mini Single Hole Punch, Ergonomic Heavy Duty Metal Hole Puncher, Precision Punch for Paper, Cardstock & Thin Metal, Ideal for Crafts, Scrapbooking, Card Making & Office Organization","New","4.29","No",,"Yes","8","8","0","0","28","99.96","0","20","0","0","0","0","8","0","0","8",
"RPADWG023","X002I0KPZN","B0GJZ1ZX5P","DC 12V Inline Rocker On/Off Switch with 5.5 x 2.1mm DC Jack Male to Female Power Cable for LED Strip Light CCTV Camera Black","New","5.49","No",,"Yes","67","67","0","0","67","99.96","0","0","0","0","0","0","67","0","0","67",
"RPADWG024","X002I062QJ","B0GJZKZH6P","Guitar String Winders Tool 3-In-1 Multifunctional Guitar Tool String Cutter Guitar String Pin Puller Guitar Bridge Pin Puller String Instrument Repairing Accessories Guitar Accessories Kit (Black)","New","3.59","No",,"Yes","13","13","0","0","13","99.96","0","0","0","0","0","0","13","0","0","13",
"RPADWG027","X002I0LEKN","B0GJZ8XGXJ","Portable Hair Straightening Comb Haircut Anti-static V Shape Comb & Haircut Clip​​ Hairdressing Styling Tools(Rose red)","New","3.99","No",,"Yes","0","0","0","0","0","733.81","0","0","0","0","0","0","0","0","0","0",
"RPADWG028","X002HYHW0V","B0GJLDFQVN","Pocket Hug Token A Little Pocket Hug Coin Holder Keychain with Leather Case Stainless Steel Double Sided Coin Thoughtful Gifts for Cancer Patients Must Have Hug Gifts for Men Women","New","3.89","No",,"Yes","5","4","0","0","35","99.96","0","30","0","1","0","0","4","0","0","4",
"RPADWG030","X002I0KLW5","B0GJZ4QJQW","1-15mm Stainless Steel Taper Gauge, Dual Scale Inch & Metric Welding Gap Feeler Gauge, Accurate Hole Bore Measuring Tool for Construction Automotive Woodworking","New","3.99","No",,"Yes","42","41","0","0","42","99.96","0","0","0","0","0","0","41","0","1","42",
"RPADWG031","X002I1PRX7","B0GK6H32LY","Fondant Impression Mats, Embossing Rectangular Silicone Molds Transparent Quilted Grid Moulds Tools for Cake Decorating/Cookie/Chocolate(4Pcs)","New","5.59","No",,"Yes","55","39","0","5","55","875.4","0","0","0","1","0","0","39","0","10","49",
"RPADWG033","X002I1PTBR","B0GK7176J2","2 PCS Fishing Knot Tying Tool Multifunctional Fish Line Tie Tool Portable Fishing Hook Covers Fishing Gear Gifts for Men Safe Knotting","New","4.09","No",,"Yes","0","0","0","0","0","137.16","0","0","0","0","0","0","0","0","0","0",
"RPADWG034","X002I064MV","B0GJZH4X46","2Pcs Car Key Chain Clip, Leather Keychain Key Fob Keychain, Key Chain Rings for Car Keys, Key Fob Holder Keychain with Keyrings Zinc Alloy Buckle, Multifunctional Keychain Ring Holder for Men Woman","New","4.99","No",,"Yes","11","11","0","0","11","99.96","0","0","0","0","0","0","11","0","0","11",
"RPADWG037","X002I063S1","B0GJZQPTCC","Plastic Acrylic Glitter Clipboard, Stardard Letter A6 Size Clipboards Cute Confetti Clip Board for Classroom, Teacher, Women with Gold Clip, for Office, School (Pink, A6/6‘’x4'')","New","4.69","No",,"Yes","21","20","0","1","21","99.96","0","0","0","0","0","0","20","0","0","20",
"RPADWG038","X002I0NOBP","B0GJYD795H","8 PCS Anti-Slip Invisible Sling Back Heel Grips for Ladies, Sling Back Heel Grips, Silicone Adhesive Pads for Comfort and Security in Sandals, High Heels, Trimmed Sole Pads for Pinch Protection","New","5.29","No",,"Yes","0","0","0","0","0","99.96","0","0","0","0","0","0","0","0","0","0",
"RPADWG039","X002I066QF","B0GJYWKZYC","Silver Pack of 2 Racing 3 Electrode Spark Plug A7tc for 50cc 110cc 125cc 150cc Atv Scooter Dirt Bike Go Kart Spark Plugs and Accessories Ignition and Tools","New","5.78","No",,"Yes","43","43","0","0","73","99.96","0","30","0","0","0","0","43","0","0","43",
"RPADWG040","X002I064VR","B0GJYN1Q7M","Silver Crystal Round Floating Glass Locket Memory Keyring Charm Comfortable and Environmentally Necklaces Bridal Wedding Bouquet Charms for Photo and Decoration","New","4.89","No",,"Yes","29","27","0","2","29","78","0","0","0","0","0","0","27","0","0","27",
"RPADWG041","X002I0NPBT","B0GJYSBR33","20 Pcs Glue Applicator Tool Set, 5 Colors Plastic Glue Brushes & Spreaders Smear Sticks for Paper Wood Crafts Woodworking DIY Projects","New","4.49","No",,"Yes","27","25","0","2","27","99.96","0","0","0","0","0","0","25","0","0","25",
"RPADWG044","X002I1QA3D","B0GK6B6P7J","Archery Arm Guards Forearm Guard Leather Wrist Guard with Adjustable 3 Straps Buckles, for Youth and Adult","New","6.39","No",,"Yes","23","21","0","2","53","99.96","0","30","0","0","0","0","21","0","0","21",
"RPADWG045","X002HYULQD","B0GJM3CKGC","Adjustable Jar Opener for Arthritis Hands - Ergonomic Kitchen Tool for Effortless Lid Opening, Ideal for Elderly and Weak Hands​","New","7.99","No",,"Yes","72","68","0","4","72","99.96","0","0","0","0","0","0","68","0","0","68",
"RPADWG046","X002I1OMM9","B0GK5WPJ3G","Universal Vacuum Cleaner Crevice Tool Nozzle, 35mm Universal Vacuum Cleaner Accessories Flat Suction Seam Nozzle for Home Wet Dry Vacuum 1 Pc","New","6.99","No",,"Yes","70","47","2","9","100","99.96","0","30","0","1","0","0","47","0","11","58",
"RPADWG047","X002I1PC5F","B0GK6P8L2W","Guitar Fretboard Cleaner, Electric Guitar Cleaning Brush,Guitar Neck Cleaner Guitar String Cleaner for Maintenance String Instrument Performance Accessory","New","5.29","No",,"Yes","27","27","0","0","27","328.07","0","0","0","0","0","0","27","0","0","27",
"RPADWG048","X002I0OUT5","B0GJYW4431","Hot Chocolate Spoon Gifts for Daughter Son Birthday for Hot Chocolate Lovers Dad Mum Retirement Gifts for Daddy Mummy Best Friend Friendship Gifts for Women Men Husband Wife Spoon Gift","New","5.19","No",,"Yes","29","29","0","0","29","99.96","0","0","0","0","0","0","29","0","0","29",
"RPADWG049","X002I0LWIR","B0GJYNJH63","Duvet Clips, Needle Clip Free Duvet Cover Clip, Bed Sheet Grippers Clip to Keep Duvet in Place, High Elasticity Non-Slip Comforter Holder Fasteners Clamp, 12PCS","New","5.55","No",,"Yes","30","28","0","2","34","99.96","0","3","1","0","0","0","28","0","0","28",
"RPADWG050","X002I1QHSV","B0GK6W2ZGD","3pcs Mini Funnels For Small Bottles, Plastic Small Funnels for Filling Bottle Precision Fillings Funnel, Fillings Mini Bottle Or Containers, Lab Bottles, Science Laboratory Chemicals","New","5.79","No",,"Yes","3","0","0","2","103","99.96","0","100","0","1","0","0","0","0","0","0",
"RPADWG052","X002I1PEKN","B0GK6VZ5NR","Universal Car Aerial AM/FM Car Antenna Replacement Car Radio Replacement Stubby Aerial Car Roof Antenna Mast Kit with Strong Receiving Function Screws M4 M5 M6 Black,6.5cm","New","4.79","No",,"Yes","31","30","0","1","31","99.96","0","0","0","0","0","0","30","0","0","30",
"RPADWG053","X002I0Q87R","B0GJZLJXGT","20 Pcs Large Yarn Bobbins - Plastic Thread Winding Boards for Knitting & Sewing - Wool Yarn Spools, Crochet Weave Winders, Sewing Machine Thread Holders (Multicolor)","New","5.29","No",,"Yes","15","15","0","0","15","99.96","0","0","0","0","0","0","15","0","0","15",
"RPADWG054","X002I1PSWR","B0GK7BBZ5T","3-piece Set of Transparent Long Handled Nail dust Brush","New","5.69","No",,"Yes","17","16","0","0","17","99.96","0","0","0","1","0","0","16","0","0","16",
"RPADWG055","X002I0PHIX","B0GJZD7WQB","Dreadlock Cap for Long Hair - Unisex Wide Stretchable Sleeping Bonnet, Head Wraps, Hair Accessories for Men and Women with Dreads - Black","New","6.59","No",,"Yes","33","33","0","0","33","99.96","0","0","0","0","0","0","33","0","0","33",
"RPADWG056","X002I0NT7T","B0GJZGW1SP","4pcs Eyeglass Ear Cushions, Soft Knitted Cotton Anti Slip Temple Pads Eyeglass Temple Tips Eyeglass Pads Behind The Ear Eyewear Retainer Glasses Arm Sleeve for Sunglasses Glasses (Black)","New","4.08","No",,"Yes","18","18","0","0","18","99.96","0","0","0","0","0","0","18","0","0","18",
"RPADWG057","X002I0QBJ7","B0GJZR6Z7X","My Spoon-8 Inch Spoon Designed for Spread Lover- Under £10- Presents for Him/Presents for Her-Perfect Present for a Sweet Tooth","New","4.99","No",,"Yes","18","17","0","0","48","281.2","0","30","0","1","0","0","17","0","0","17",
"RPADWG060","X002I1Q1E1","B0GK5XK36K","10 Pairs Duvet Snaps,Clips to Keep Duvet in Place Round Shaped Snap Clips to Hold Comforter Inside Cover Holder Quilt Corner Keeper Fasteners Accessories Prevent Shifting","New","3.89","No",,"Yes","12","12","0","0","41","99.96","0","29","0","0","0","0","12","0","0","12",
"RPADWG061","X002I0P9BN","B0GJZBM7D4","Funny Nurse Gift Nurse Life Makeup Bag RN Nurses Practitioner Gifts Cosmetic Bag Pouch Nursing Graduation Gifts Nurses' Week Nurses Appreciation Gift Christmas Birthday Present Travel Toiletry Pouch","New","4.79","No",,"Yes","39","36","0","3","39","438.19","0","0","0","0","0","0","36","0","0","36",
"RPADWG062","X002I0JSKL","B0GJZ6MRC7","Egg Slicer for Boiled Eggs,Stainless Steel Egg Slicer for Hard Boiled Eggs Strawberry Banana Ham Multifunctional","New","3.98","No",,"Yes","0","0","0","0","0","99.96","0","0","0","0","0","0","0","0","0","0",
"RPADWG063","X002I0YBB7","B0GK18X3V7","Fuel Cap Unlocker Fuel Filler Reset Tool Compatible with Discovery 3 4 Land Rover Freelander 2 Range Rover Sport/Evoque LR014047","New","5.88","No",,"Yes","52","48","0","4","52","385.75","0","0","0","0","0","0","48","0","0","48",
"RPADWG065","X002I10YPX","B0GK1CX5KH","Pack of 5 Retro Kraft Paper Envelopes, Gift Cards with Ribbon for Invitations, Handmade Wedding Letters Birthday (Red)","New","4.19","No",,"Yes","10","8","0","2","10","873.76","0","0","0","0","0","0","8","0","0","8",
"RPADWG068","X002I1Q31H","B0GK65FQLW","Mother of Pearl Caviar Spoon - 4 inch - 10 cm - Handmade from Thai Pearl Shells","New","4.75","No",,"Yes","12","12","0","0","42","99.96","0","30","0","0","0","0","12","0","0","12",
"RPADWG070","X002HYN6P1","B0GJMQRG7D","Panda Keyring Key Ring with Enamel Charm and Silver Tone Keychain","New","3.69","No",,"Yes","11","8","0","2","80","99.96","0","69","0","1","0","0","8","0","0","8",
"RPADWG071","X002HYZKEL","B0GJMJJZQV","Pendant Spoon, Keyring Metal Shovel,Keychain Gadget,Key Pendant for Various Styles of Keys sivler S","New","3.99","No",,"Yes","0","0","0","0","0","99.96","0","0","0","0","0","0","0","0","0","0",
"RPADWG072","X002I0O5WR","B0GJZKYBYC","Cute Chemistry Science Molar Mass Metal Enamel Pin Badge","New","6.09","No",,"Yes","106","105","0","1","106","99.96","0","0","0","0","0","0","105","0","0","105",
"RPADWG073","X002I0V8IB","B0GK18MXHH","Gay Pride Rainbow Flag Goose Enamel Pin Badge Jewelry for Dresses, Suits, Bags, Backpacks","New","4.01","No",,"Yes","23","21","0","2","23","99.96","0","0","0","0","0","0","21","0","0","21",
"RPADWG074","X002I12OHT","B0GK1D7SFH","Inspirational Bee Happy Bookmark, Silver, Stainless Steel, 1 Count","New","3.99","No",,"Yes","21","18","0","3","51","99.96","0","30","0","0","0","0","18","0","0","18",
"RPADWG075","X002I0ZUIP","B0GK1JNG2H","2PCS England Flag Patch, St George Flag Patches, Military Tactical Patches with Hook and Loop for Uniform Backpacks Jackets Caps Pants","New","4.71","No",,"Yes","48","48","0","0","48","99.96","0","0","0","0","0","0","48","0","0","48",
"RPADWG076","X002HYXPDT","B0GJMGKMLW","Pack of 12 Dark Blue Sew on 15mm Round Buttons Flat 4 Holes 24L (Dark Blue, 15mm-12Pcs)","New","3.49","No",,"Yes","28","28","0","0","28","99.96","0","0","0","0","0","0","28","0","0","28",
"RPADWG077","X002I13I29","B0GK1D1NF3","6 Pairs Silicone Eyeglasses Temple Tips Sleeve Retainer Anti-Slip Comfort Eye Glass Ear Grippers Holder for Reading Glasses Sunglasses Eyeglass Arm Cushions Accessories","New","3.99","No",,"Yes","33","33","0","0","33","99.96","0","0","0","0","0","0","33","0","0","33",
"RPADWG078","X002I0WF4R","B0GK18964D","1 Pieces Car Windscreen Washer Wiper Nozzle Universal Front Windscreen Washer Jets Nozzle for Car","New","4.09","No",,"Yes","8","7","0","0","8","99.96","0","0","0","0","0","0","7","0","1","8",
"RPADWG080","X002I10XDL","B0GK18CX23","2 Pcs Flea Comb for Dogs and Cats, Cat Dog Flea Comb, Stainless Steel Pet Combs with Thick Rounded Teeth for Short Long Haired Pets","New","4.39","No",,"Yes","12","12","0","0","12","99.96","0","0","0","0","0","0","12","0","0","12",
"RPADWG081","X002I11FK1","B0GK1FFKJ7","Heavy Duty Double Sided Fabric Tape, 1 Inch X 33FT Hem Tape for Curtains, Without Sewing Ironing, Clothes, and Carpets - No Sew Adhesive Tape for Hemming, and Crafts - Strong and Easy to Use","New","4.49","No",,"Yes","24","24","0","0","44","99.96","0","20","0","0","0","0","24","0","0","24",
"RPADWG085","X002I11439","B0GK1CNMQ4","Professional Tail Comb for Women – Fine Tooth Anti-Static Rat Tail Comb with Long Handle for Sectioning, Parting, Teasing & Styling","New","5.09","No",,"Yes","0","0","0","0","0","217.13","0","0","0","0","0","0","0","0","0","0",
"RPADWG086","X002HYWX2N","B0GJMSXZFL","2pcs Fluffy Texture Styling Comb for Men, Portable Folding Voluminous Wide & Fine Toothed Dual-Use Hair Comb ABS Plastic Textured Grip for Home Travel All Hair Types","New","4.39","No",,"Yes","0","0","0","0","0","99.96","0","0","0","0","0","0","0","0","0","0",
"RPADWG087","X002I0ZZYT","B0GK1GT2XB","4 Pcs Black envelopes, Gift Envelopes, Gift Envelope, Durable Gift Card Envelopes 20 * 11 Luxury Mailing Envelopes for Festival Party Invitations Greeting Cards Gift Cards (Black)","New","4.09","No",,"Yes","18","16","0","2","18","830.17","0","0","0","0","0","0","16","0","0","16",
"RPADWG088","X002I0YG7L","B0GK17B4TN","6 Pcs Sew On Patches Rabbit Applique Patches Iron On Patch/Sew On Embroidered Patch Badge for Jackets Jeans Bag Shoes T-Shirt Hat","New","5.89","No",,"Yes","0","0","0","0","0","99.96","0","0","0","0","0","0","0","0","0","0",
"RPADWG089","X002I111FZ","B0GK15YB9F","Black Professional Salon Hair Dryer Nozzle, Universal Hairdressing Toolfessional Hair Dryer Nozzle, Wide Airflow Design, Blow Dryer Attachment","New","6.28","No",,"Yes","11","7","1","3","11","99.96","0","0","0","0","0","0","7","0","0","7",
"RPADWG090","X002HYWYV3","B0GJMW7ZLS","6 Pack Black Elastic Waist Button Extenders, Adjustable Pants Trousers Jeans Dress Waistband Extenders for Men Women","New","5.79","No",,"Yes","8","8","0","0","8","99.96","0","0","0","0","0","0","8","0","0","8",
"RPADWG092","X002I13LET","B0GK1DGPQQ","Durable Fuel Tank Cap Tether Cord - Fits Audi A34 A 6Q5 Q3, Anti-Lost Rope Ring Cover for Secure Refueling | Gas Oil Rope Replacement, Flexible, Weather-Resistant","New","4.09","No",,"Yes","9","8","0","0","9","99.96","0","0","0","1","0","0","8","0","0","8",
"RPADWG093","X002I12QGX","B0GK19ZQJJ","Mini Travel Jewellery Bag - Secure Foldable Jewellery Pouch Organiser, Compact mini travel pouch for Earrings, Rings, Necklaces, Ideal Travel, Birthday Accessory (Beige+Gray)","New","4.36","No",,"Yes","0","0","0","0","0","99.96","0","0","0","0","0","0","0","0","0","0",
"RPADWG094","X002I0YA5T","B0GK1K4J5L","3 Pack Black F1 Style Tyre Keyrings, Ultra Soft Rubber Simulation Tire Keychains, Car Key Bag Decoration Accessories for Men Women","New","6.59","No",,"Yes","25","22","0","3","25","99.96","0","0","0","0","0","0","22","0","0","22",
"RPADWG095","X002I10WEV","B0GK1CR9DB","2 Pack Car Interior Cleaning Brushes with Covers, Soft Bristles Scratch-Free Detailing Dusting Brushes, Curved Crevice Brush for Dashboard, Air Vents, Screen & Home Office Use","New","4.49","No",,"Yes","30","19","0","0","30","99.96","0","0","0","0","0","0","19","0","11","30",
"RPADWG096","X002I10UST","B0GK172GDM","3.5 Inches Duck Bill Hair Clips Metal Alligator Curl Clips Sectioning Clips with Holes, Crocodile Clips Hair Styling Clips for Salon and Women Girls Accessories (12PCS)","New","4.09","No",,"Yes","4","3","0","1","34","99.96","0","30","0","0","0","0","3","0","0","3",
"TB001","X00267JVEJ","B0DMSTFJQ5","Perfume Atomiser, Portable Travel Size Perfume Bottles, Dispensers, Atomizers with Pump for Women and Men, 5ml/black，travel aftershave dispenser，aftershave atomiser","New","4.99","No",,"Yes","47","44","0","3","47","184.52","0","0","0","0","0","0","44","0","0","44",
"TB004-1","X0026A14CN","B0DMZVB7YC","Kitchen Sink Splash Guard, 3pcs Dish Washing Baffle Board Sink Board Protector with Attached Sucker,Sink Anti-Splash Proof Retaining Plate Water Separator(3pcs)","New","7.09","No",,"Yes","33","32","0","1","33","712.18","0","0","0","0","0","0","32","0","0","32",
"TB009-1","X0026A8L1F","B0DN15CK4N","4pcsSilicone Toothbrush Holders ， Multi-Function Hook Razor holder Waterproof Self Adhesive Wall Mounted Single Hook for Wall or Glass for Hanging Bathroom Kitchen Living Room Office，razor holder for","New","5.79","No",,"Yes","27","27","0","0","27","71.94","0","0","0","0","0","0","27","0","0","27",
"TB013","X00267K37D","B0DMSR548S","Perfume Atomiser Refillable 20ML Travel Aftershave Dispenser Spray Bottle Empty Leak Proof Silver","New","5.99","No",,"Yes","20","19","0","1","20","97.18","0","0","0","0","0","0","19","0","0","19",
"TB015-1","X0026ADHDR","B0DN1DX1WQ","6pcs Topsy Tail Hair Tool, Pink Hair Looping Tool with Rat Tail Comb, Hair Pull Through Tool, Tail French Braid Loop Tool, Hair Braiding Tool for Making Women and Girls Hair Style","New","3.29","No",,"Yes","3","3","0","0","3","275.96","0","0","0","0","0","0","3","0","0","3",
"TB017-1","X0026AG9Q9","B0DN1HBS12","Chimney Cowl Replacement Fixing Strap - Jubilee/Metal Strap for Chimneys","New","5.19","No",,"Yes","0","0","0","0","0","81.77","0","0","0","0","0","0","0","0","0","0",
"TB018-1","X0026B5PPJ","B0DN4Y1SZ8","Fashion Retro Y2k Rectangle Sunglasses Shades Sun Glasses Vintage Women UV400","New","5.89","No",,"Yes","80","78","1","1","122","116.84","0","42","0","0","0","0","78","0","0","78",
"TB020-1","X0026B8YVB","B0DN4T3KGC","4.5cm Mini Gold Metal Claw Clip - A Small Hairpin Suitable for Women and Girls","New","3.89","No",,"Yes","0","0","0","0","0","27.04","0","0","0","0","0","0","0","0","0","0",
"TB021-1","X0026B3GP5","B0DN4VHRYG","Wedding Hair Comb, Pearl Crystal Decor Clip Pin Rhinestone Flower Wedding Hair Accessories for Bride Bridesmaid (Green)","New","3.99","No",,"Yes","30","20","0","0","30","89.96","0","0","0","0","0","0","20","0","10","30",
"TB025-1","X0026B3U97","B0DN61GSZ3","Messy Bun Hair Piece Hair Scrunchies Thick Curly Wavy Hair Piece Synthetic Donut Updo Hairpieces for Women Girls, Brown Tips","New","3.79","No",,"Yes","0","0","0","0","0","361.01","0","0","0","0","0","0","0","0","0","0",
"TB031","X00267G9HL","B0DMSFS5T6","4 Extra Loud Cat & Dog Bells | Pet Tracker | Save Birds & Wildlife,cat bell,cat bells for collars loud,dog collar bell","New","5.39","No",,"Yes","41","41","0","0","41","59.98","0","0","0","0","0","0","41","0","0","41",
"TB034-1","X0026BOTXX","B0DN68LBLL","2PCS Avocado Cutter Slicer 3 in 1 Avocado Peeler Multifunctional Avocado Peeler Knife Avocado Cutter Tool Cutter,Pitter,Scooper Kitchen Tool,Avocado Peeler and Cutter,Avocado Tool","New","4.89","No",,"Yes","0","0","0","0","0","479.16","0","0","0","0","0","0","0","0","0","0",
"TB039-1","X00269WPYZ","B0DMZPZ52R","Vintage Vinyl Record Pizza Wheel Cutter - Novelty Gift for Men - Quirky Kitchen Aid Gadget - Pizza Oven Accessory","New","5.49","No",,"Yes","68","68","0","0","68","274.16","0","0","0","0","0","0","68","0","0","68",
"TB043-1","X0026BL535","B0DN69BGC6","Muffin Tray 12 Cup Silicone Pudding Tray, Muffin tin, Non-Stick Muffin Cupcake Tin for Muffins Cupcakes or Puddings,Non Stick Pudding Tray 12 Silicone(Grey)","New","6.19","No",,"Yes","12","12","0","0","12","1511.87","0","0","0","0","0","0","12","0","0","12",
"TB045-1","X0026BCA0R","B0DN64T8BQ","Cake Rings Baking Tools Crumpet Rings Non Stick Set of 4 Pancake Mould for Baking - Cooking English Muffin Rings - Easy to Clean Carbon Steel Cake Rings - Made in China","New","6.39","No",,"Yes","17","16","1","0","17","901.94","0","0","0","0","0","0","16","0","0","16",
"TB048-1","X0026BIXNP","B0DN61MQ6R","Flawless Foundation Makeup Brush,Kabuki Magic Face Brush Flat Top High-Density Multifunctional for Flawless Powder, Blending Liquid or Cream Cosmetics with Portable Case，powder foundation brush","New","4.89","No",,"Yes","0","0","0","0","0","234.01","0","0","0","0","0","0","0","0","0","0",
"TB052","X0026B38UX","B0DN519Q8G","Vintage Rectangle Sunglasses for Women Trendy Square Sunglasses Fashion Retro Glasses with UV400 Protection for Ladies Teen Girls Men","New","5.39","No",,"Yes","83","43","0","1","112","57.52","0","29","0","0","0","0","43","0","39","82",
"TB054","X0026B2309","B0DN5K3CQM","Square Oversized Sunglasses for Women Men Fashion Flat Top Big Frame Shades","New","6.89","No",,"Yes","16","14","0","1","106","64.4","0","90","0","1","0","0","14","0","0","14",
"TB055-1","X0026B2S2R","B0DN5S3CWK","Cat & Dog Brush - Double Sided Undercoat Rake - Grooming and Deshedding Tool for Dogs and Cats with Medium or Long Hair","New","5.19","No",,"Yes","0","0","0","0","0","332.49","0","0","0","0","0","0","0","0","0","0",
"TB058-1","X0026BG52B","B0DN5R6B7N","Safe Manual Metal can Side Cut Tin Lid Remover Steel Professional Ergonomic opener with Wood Handle Kitchen Tools","New","3.89","No",,"Yes","39","38","0","1","39","127.98","0","0","0","0","0","0","38","0","0","38",
"TB061","X0026AD1S3","B0DN1DW2MM","Garlic Dicer, Stainless Steel Blades, BPA Free and FDA Approved, One Size,Garlic Dicer,Green","New","8.89","No",,"Yes","36","35","0","1","36","293.98","0","0","0","0","0","0","35","0","0","35",
"TB065","X0026AD6J7","B0DN1FL47Y","Fish Scaler, Aluminium, 21.2 cm, Silver","New","5.49","No",,"Yes","26","26","0","0","26","42.44","0","0","0","0","0","0","26","0","0","26",
"TB069","X0026A5NU7","B0DN1C1W68","Kitchen Silicone Sink Drain Strainer with Stainless Steel Rim, 11.2cm Anti-Clog Food Catcher Strainer Basket, Dishwasher Safe Sink Drain Cover for Standard Kitchen Sinks","New","6.19","No",,"Yes","0","0","0","0","0","439.01","0","0","0","0","0","0","0","0","0","0",
"TB071","X00269NER7","B0DMZ7ZYC2","Swivel Snap Hooks, Heavy Duty Dog Lead Clip Clasp 360° Swivel Joints Trigger Clips Heavy Duty Trigger Clips, Zinc Alloy Lobster Claw Clasps for Dog Leashes Camping Keyring (3 Pcs)","New","5.49","No",,"Yes","50","50","0","0","50","22.29","0","0","0","0","0","40","50","0","0","50",
"TB072","X0026BF03V","B0DN63NTT6","Noodle Lattice Roller Pasta Spaghetti Kitchen Cooking Tools Pressing Dough Cutter Pasta Make Tool,Pasta Cutter,Pasta Cutter Lattice","New","5.99","No",,"Yes","2","2","0","0","22","393.78","0","20","0","0","0","0","2","0","0","2",
"TB073","X0026B5AVX","B0DN5FG53Q","50PCS Disposable Bamboo Lip Brushes, Soft Flocked Lip Gloss Applicators, Hygienic Lipstick Wands Makeup Tool for Travel Salon Home, Multifunctional Precision Beauty Brush","New","4.39","No",,"Yes","30","30","0","0","30","136.01","0","0","0","0","0","0","30","0","0","30",
"TB077","X0026BAYTL","B0DN5RY4ZC","100 Pieces Clear Small Cable Clips, Self Adhesive Wire Management Holder, Mini Hooks Cable Organizer for Car Office Home, Outdoor Fairy Light Decoration Clips","New","5.59","No",,"Yes","26","26","0","0","26","559.95","0","0","0","0","0","0","26","0","0","26",
"TB080","X00269RM07","B0DMZKWBSJ","Wood Grain Tree Bark Silicone Moulds Tree Bark Texture Fondant Impression Mat for Cake Decorating Cupcake Topper Candy Gum Paste Polymer Clay","New","5.89","No",,"Yes","30","30","0","0","100","69.65","0","70","0","0","0","0","30","0","0","30",
"TB085","X00269Q2QH","B0DMZYHQ9Z","Catnip Toy, 3PCS Cat Chew Toys, Bite Resistant Catnip Toys with Bell Inside, Plush Cartoon Kitten Teething Interactive Toy","New","4.19","No",,"Yes","1","1","0","0","1","335.93","0","0","0","0","0","0","1","0","0","1",
"TB088","X00269UC27","B0DMZLFQYT","200 Pieces Paddle Bamboo Skewers, Flat Burgers Sticks Children Skewers Kids Wooden Fruits Picks Cocktail Sticks Satay Skewers Barbecue Kebabs Skewers for Buffets Party,Cocktail Sticks","New","4.99","No",,"Yes","1","1","0","0","1","179.77","0","0","0","0","0","0","1","0","0","1",
"TB090","X00269S6BV","B0DMZNXKF8","2-pack Soap Dish, Soap Holder, Soap Saver, Easy Cleaning, Dry, Stop Mushy Soap,black soap dish (Black)","New","5.29","No",,"Yes","6","6","0","0","6","308.73","0","0","0","0","0","0","6","0","0","6",
"TB091","X0026B2DA9","B0DMZGM9PJ","Generic Stainless Steel Tea Infuser, 2Pcs Long Handle Tea Ball, Silver, Ball, Tea Maker","New","7.49","No",,"Yes","0","0","0","0","0","629.92","0","0","0","0","0","0","0","0","0","0",
"TB094","X00269Z0S3","B0DMZXTRXB","Leaf Shaped Soap Dishes for Bathroom, 2 Pcs Shower Soap Bar Holder with Drain, Plastic Soap Box With Stand and Sunction Cup,Sponge Holder for Kitchen Sink,draining soap rack,leaf soap dish,soap holder","New","5.89","No",,"Yes","8","7","0","1","38","1362.42","0","30","0","0","0","0","7","0","0","7",
"TB098","X0026A798B","B0DMZVM2HT","2 Pack Stainless Steel Cocktail Sieve Tea Strainer, Bar Cocktail Strainer Filtering Tool,Tea Sieve,","New","7.09","No",,"Yes","21","21","0","0","21","599.93","0","0","0","0","0","0","21","0","0","21",
"TB104","X0026A0JFV","B0DN15LGR2","1 Piece Silicone Chocolate Mold Maple Leaf, Acorn and Pumpkin Shape 3D Chocolate Candy Mold, Cake Decoration, Halloween, Etc","New","4.89","No",,"Yes","0","0","0","0","0","676.46","0","0","0","0","0","0","0","0","0","0",
"TB106","X00267TI4R","B0DMT2BMQW","Fancy Dress Yellow Sunflower Glasses","New","4.99","No",,"Yes","27","27","0","0","57","240.07","0","30","0","0","0","0","27","0","0","27",
"TB108","X0026A6FAJ","B0DN1B8L18","S Hooks S Shaped Hooks Heavy Duty S Hooks for Hanging Pots and Pans, Plants, Coffee Cups, Coats, Bags, Towels in Kitchen, Bedroom, Office, Garden, Bathroom, 10 Pcs,black hooks for hanging(Matte Black)","New","5.39","No",,"Yes","0","0","0","0","0","119.95","0","0","0","0","0","0","0","0","0","0",
"TB109","X0026A5O3X","B0DN1DDY9Q","S Hooks S Shaped Hooks Heavy Duty S Hooks for Hanging Pots and Pans, Plants, Coffee Cups, Coats, Bags, Towels in Kitchen, Bedroom, Office, Garden, Bathroom, 10 Pcs (Silver White)","New","6.59","No",,"Yes","33","33","0","0","33","119.95","0","0","0","0","0","0","33","0","0","33",
"TB111","X0026AB1FD","B0DN1DW8DM","2 rubber sink stoppers, drain stopper outer diameter 4.2 cm x inner diameter 3.7 cm, suitable for kitchen sinks, washbasins, and bathtubs","New","3.29","No",,"Yes","14","13","0","1","33","99.96","0","19","0","0","0","0","13","0","0","13",
"TB117","X0026B4JVP","B0DN5F2P7L","Mini Stainless Steel Serving Tongs Small Metal Tongs for Serving Food Cooking Salad Grilling,Small Salad Tongs (7-Inch 3 Pieces)","New","5.79","No",,"Yes","69","65","0","4","69","539.95","0","0","0","0","0","0","65","0","0","65",
"TB120","X0026B5AMH","B0DN5BGWFZ","Kitchen Tongs, Stainless Steel for Frying, Grilling and Cooking, 24 cm, Silver","New","6.09","No",,"Yes","57","56","0","0","87","665.48","0","30","0","0","0","0","56","0","1","57",
"TB129","X00269X2DX","B0DMZWSPBC","Pet Grooming Glove | Pet Brush Glove | Premium De-shedding Glove for Easy, Mess-free Grooming with 260 Tips | Grooming Mitt For Dogs, Cats, Rabbits & Horses with Long/Short/Curly Hair","New","6.69","No",,"Yes","25","23","0","2","25","352.49","0","0","0","0","0","0","23","0","0","23",
"TB131","X0026B6L5H","B0DN65MRVC","Cat & Dog Brush - Double Sided Undercoat Rake - Grooming and Deshedding Tool for Dogs and Cats with Medium or Long Hair","New","5.99","No",,"Yes","30","8","0","0","30","425.08","0","0","0","0","0","0","8","0","22","30",
"TB134","X00269TM73","B0DMZYP5S2","Pet Supplies Knitted Jumper Sweater Winter Warm Puppy Dog Clothes Costume for Small Dogs and Cats","New","5.69","No",,"Yes","51","37","0","14","51","374.94","0","0","0","0","0","0","37","0","0","37",
"TB135-1","X0026BIT6B","B0DN5YZ858","2-Piece Scoop and Pick Jar Spoon and Fork, for Olives in Jars,Spoon for Olives,Olive Fork,Spoon for Olives - Green","New","4.09","No",,"Yes","18","18","0","0","18","119.95","0","0","0","0","0","0","18","0","0","18",
"TB139-1","X0026BC0GL","B0DN671VB5","Acacia Spoon Rest, Natural,Spoon Rest Kitchen,Tea Spoon Holder,Tea Spoon Holder Rest","New","7.09","No",,"Yes","30","27","0","3","70","275.96","0","40","0","0","0","0","27","0","0","27",
"TB142-1","X0026A4LWN","B0DN1CY1QZ","3mm Flat Genuine Leather Cord, 5 Metres Brown Cowhide Braiding String Lace, Durable Traditional Leather Rope for Jewelry DIY, Bracelets, Laces & Craft Projects","New","4.89","No",,"Yes","0","0","0","0","0","149.94","0","0","0","0","0","0","0","0","0","0",
"TB143-1","X0026BDTHZ","B0DN63DJDN","240 m Clear Nylon Invisible Thread String for Hanging Christmas Ornaments, Bracelet Making, Sew Hobby, Clear Beading Thread,invisible string (0.25mm)","New","4.39","No",,"Yes","6","6","0","0","6","75.05","0","0","0","0","0","0","6","0","0","6",
"TB145-1","X00269Y4LH","B0DN14ZYBP","Pot and Pan Protectors, Set of 12 and 3 Different Size, Pot Dividers Pads/Stacking Pan Protectors/Pan Separators Pads for Protecting and Separating Pots and Pans","New","7.29","No",,"Yes","8","8","0","0","8","1200.02","0","0","0","0","0","0","8","0","0","8",
"TB147","X00267RCNV","B0DMSSJYSH","Women’s Tartan Blanket Scarf, Soft Warm Imitation Cashmere Scarf & Shawl, Large 200x60cm Classic Check Winter Scarf with Tassel, Ladies Gift for Christmas Birthday","New","5.39","No",,"Yes","0","0","0","0","0","937.5","0","0","0","0","0","0","0","0","0","0",
"TB149-1","X0026BAAU9","B0DN5GWQ5V","Bathroom Sink Plug Replacement, Brass Universal Pop Up Drain Stopper with Bounce Core, Bath Basin Plug Filter with Basket Hair Catcher, Push Type Sink Strainer No Overflow for Bathroom,33.5-40mm","New","7.69","No",,"Yes","13","13","0","0","16","184.52","0","3","0","0","0","0","13","0","0","13",
"TB152-1","X0026B5OX7","B0DN4M3R3Y","Wall Door Handle Stopper 5 cm Set 6 Pieces of Clear Rubber Door Knob Round Wall Shield Cushion Quiet Wall Protector for Door Handle.Guard Door Bumper Wall Protector Silencer Self Adhesive","New","4.49","No",,"Yes","33","33","0","0","33","119.95","0","0","0","0","0","0","33","0","0","33",
"TB186","X0026A7BRF","B0DN15X9PP","Generic Foundation Brush Kabuki Make Up Brush Flat Top Makeup Brushes Perfect For Blending Liquid, Cream or Flawless Powder Cosmetics - Buffing, Stippling, Concealer","New","4.49","No",,"Yes","0","0","0","0","0","135.03","0","0","0","0","0","0","0","0","0","0",
"TB189","X00269W3GF","B0DN11K1QP","Generic Heavy Duty Cake Lifter with Comfort Grip Handle,Cake Lifter, Pink","New","7.89","No",,"Yes","110","89","0","0","110","2588.34","0","0","0","0","0","0","89","0","21","110",
"TB191","X0026B8MZJ","B0DN61KL3K","Generic 2 Pieces Wooden Salad Servers,10.2 inches Wood Serving Spoons Set Salad Mixing Dinner Fork and Spoon Long Handle Salad Tongs Kitchen Cooking Utensil Cutlery Set,Wooden Salad Tongs","New","7.09","No",,"Yes","36","34","0","2","136","363.96","0","100","0","0","0","0","34","0","0","34",
"TB194","X00267QWT1","B0DMSNQBTC","2Pcs Women Fashion Three Rings Scarf Ring Scarf Buckle Silk Scarf Clasp Clips Clothing Wrap Holder,scarf ring,silk scarf clip,three ring scarf,scarf buckle for women,scarf rings(Silver+Golden)","New","5.19","No",,"Yes","30","29","0","1","30","136.83","0","0","0","0","0","0","29","0","0","29",
"TB199","X00269NN8R","B0DMZMZR6S","Moulding Hook for Dado Picture Rail, Pack of 10 | Iron Picture Rail Hooks for Hanging Picture Frames, Wall-Safe Home Decor Hangers","New","7.19","No",,"Yes","19","19","0","0","49","300.05","0","30","0","0","0","0","19","0","0","19",
"TB200","X0026A9FOR","B0DN1B2XDQ","Generic Soft Mesh Dog Muzzle, Grey, Small Medium Large Dogs, Chihuahua Poodles Beagle Dachshund Corgis Labrador Golden, Allows Panting Drinking","New","5.39","No",,"Yes","9","9","0","0","39","322.83","0","30","0","0","0","0","9","0","0","9",
"TB201","X00269S9G3","B0DN12FG9F","Generic Soft Nylon Dog Muzzle, Black – Adjustable Loop Strap, Prevents Biting, Barking & Chewing, Suitable for Small, Medium & Large Dogs for Training & Daily Walks","New","5.79","No",,"Yes","27","27","0","0","27","314.96","0","0","0","0","0","0","27","0","0","27",
"TB203","X0026AB94V","B0DN1FRQ37","Dog Brush - Reduce Shedding by 95% - Double Sided Deshedding Dematting Tool - Undercoat Rake Dog, Cat Brush - Dog Brushes Shedding Hair - Dog Grooming Brush - Cat Grooming Brush, Blue，dematting comb f","New","6.29","No",,"Yes","46","35","1","0","46","425.08","0","0","0","0","0","0","35","0","10","45",
"TB204","X00269ZKTH","B0DMZVLW3R","Black Dog Muzzle, Can Stop Pulling On The Leash, Easy To Use, With Padded Nose Strap, Adjustable, Leash And Dog Walking Supplies.","New","5.39","No",,"Yes","14","14","0","0","14","295.62","0","0","0","0","0","0","14","0","0","14",
"TB207-1","X00269RQUD","B0DMZW2LFR","Universal Car Antenna Replacement，AM/FM/DAB Roof Car Radio Aerial Mast，Rod Car Antenna，Screws M4 M5 M6，23cm/9 inch short,car aerial","New","3.99","No",,"Yes","0","0","0","0","0","22.94","0","0","0","0","0","0","0","0","0","0",
"TB210","X00269ZI99","B0DMZXHYXZ","Generic 4.7 Inch (12cm) Natural Bamboo Honey Spoon, Eco-Friendly Reusable Bamboo Serving Spoon for Honey, Jam, Spreads, Tea & Coffee, Portable Compact Size for Home & Travel","New","3.49","No",,"Yes","0","0","0","0","0","27.53","0","0","0","0","0","0","0","0","0","0",
"TB211","X0026B43D9","B0DN5RTSWR","Heavy Duty Metal Curtain Drapery Hooks (100 Pack) Curtains, Drapes, Pencil Pleats","New","4.99","No",,"Yes","0","0","0","0","0",,"0","0","0","0","0","0","0","0","0","0",
"TB212","X0026AER77","B0DN1HYSX1","2 Pack U-Shaped Curtain Holdbacks, Brass/Black Metal Wall Mounted Curtain Tie Back Hooks, Decorative Curtain Holders for Bedroom Bathroom Kitchen, Multi-Purpose for Coats Hats Towels","New","6.59","No",,"Yes","0","0","0","0","0","599.93","0","0","0","0","0","0","0","0","0","0",
"TB214-1-1","X00269OW7X","B0DMZBW9TL","Set of 4 Aluminum Alloy Curtain Hooks, Decorative Wall Mounted Window Curtain Drapery Tiebacks Holdbacks, Curtain Holder with Screws, Silver","New","6.39","No",,"Yes","6","6","0","0","6","234.01","0","0","0","0","0","0","6","0","0","6",
"TB222","X00269X8XR","B0DN133H55","Fidget Pad with 8 Fidget Functions, Fidget Controller Stress Reducer, Fidget Toy Cube Relieves Stress and Anxiety Toys for ADD ADHD Autism Children and Adults,fidget pad (Graffiti + Rainbow)","New","7.09","No",,"Yes","1","0","0","0","1","105.04","0","0","0","1","0","0","0","0","0","0",
"TB227","X0026A93W1","B0DN16HYYC","Egg Topper Stainless Steel Shell Opener Cutter Handheld Egg Cracker Tool Eggs Separator Cracker for Raw or Soft Hard Boiled Egg Kitchen Gadgets,Egg Opener,Egg Cutter","New","6.09","No",,"Yes","12","12","0","0","12","224.67","0","0","0","0","0","0","12","0","0","12",
"TB228","X0026A83H7","B0DN1BTBXW","Stainless Steel Egg Slicer, 3 Slicing Styles Heavy Duty Boiled Egg Cutter, Dishwasher Safe Manual Egg Slicer for Strawberries, Soft Fruits, Salads & Garnish","New","8.49","No",,"Yes","0","0","0","0","20","310.04","0","20","0","0","0","0","0","0","0","0",
"TB229-1-1-1","X0026B3TY3","B0DN65CDF7","2PCS Heavy Duty Ice Scraper for Fridge Freezers Extra Strong Removal Tool for Stubborn Ice and Frost","New","8.59","No",,"Yes","76","67","1","4","87","678.26","0","11","0","1","0","0","67","0","3","70",
"TB230","X0026BGMFV","B0DN5RF8T2","12Pcs Large Facial Sponges Reusable Natural Face Sponges Cleansing Puff Mask Sponges Make Up Remover Sponges Pads Cellulose Sponges Face Wash Sponge Reusable Round Face Sponge for Facial Cleaning SPA","New","5.39","No",,"Yes","19","19","0","0","49","320.04","0","30","0","0","0","0","19","0","0","19",
"TB234","X0026AFML7","B0DN1LN7TY","Clear Pencil Case, 2-Pack Transparent PVC Pencil Case, Black & White | Versatile Storage for Stationery, Toiletries, Makeup & Office Supplies","New","4.99","No",,"Yes","26","25","0","1","56","400.01","0","30","0","0","0","0","25","0","0","25",
"TB239-1","X0026BJS8T","B0DN628YKQ","Generic 4 Pcs Car Boot Parcel Shelf Clips Pins Parcel Shelf String Clip Holders Parcel Shelf Holding Strap Suitable for Cars,parcel shelf clip","New","4.39","No",,"Yes","39","39","0","0","39","19.99","0","0","0","0","0","0","39","0","0","39",
"TB240","X0026BAPJZ","B0DN5FCPN5","Generic 2 Sets Parcel Shelf Clips Fit for Nissan Juke 2010-2014 Black Rear Luggage Fastening Brackets 799161KA2A","New","3.79","No",,"Yes","12","11","0","1","42","75.05","0","30","0","0","0","0","11","0","0","11",
"TB244","X00267MSDZ","B0DMSXX7NX","Couple Lover Romantic Valentines Gifts for Him Her You are My Penguin I Found My Penguin Keyring Keychain Boyfriend Girlfriend Husband Wife Birthday Anniversary Wedding Gift","New","3.69","No",,"Yes","32","28","0","3","32","20.32","0","0","0","0","0","0","28","0","1","29",
"TB249-1","X0026BA9O1","B0DN5LBHNF","9PCSCarpet Mat Gripper - Reusable, non-slip, washable, non-slip, carpet mat gripper for hardwood floors and tiles with double-sided self-adhesive to keep carpet flat，rug grips，rug gripper","New","3.39","No",,"Yes","1","1","0","0","1",,"0","0","0","0","0","0","1","0","0","1",
"Y1104","X0026O3KPX","B0DP8JKSWT","100 Pcs RJ45 Connector Ethernet Cable Color Coded Strain Relief Boots Purple","New","7.59","No",,"Yes","17","15","0","2","37","194.35","0","20","0","0","0","40","15","0","0","15",
"Y1106","X0026O5N1R","B0DP8H5TQZ","Nail Brush,20 Pieces Black Handle Nail Cleaning Brushes Fingernail Brushes Hand Wash Brush for Toes and Nails Cleaning","New","4.69","No",,"Yes","0","0","0","0","0","800.02","0","0","0","0","0","0","0","0","0","0",
"Y1107","X0026O70QX","B0DP8J1Q52","200PCS Dark Green Pipe Cleaners, 30cm x 6mm Chenille Stems, Soft Fluffy Bendable Craft Stems for DIY Art, Christmas Decorations, Tree Projects, Wreaths, Baubles & Kids Craft Activities","New","5.29","No",,"Yes","0","0","0","0","0","599.93","0","0","0","0","0","0","0","0","0","0",
"Y11104","X0026OZ5J7","B0DPC9B3N9","3 Pairs Round Boot Shoelaces, 4mm Diameter Black Heavy Duty Braided Shoe Laces, 130cm Length Replacement Laces for Hiking Boots, Work Boots, Trainers & Casual Shoes","New","4.19","No",,"Yes","0","0","0","0","0","400.01","0","0","0","0","0","0","0","0","0","0",
"Y11106","X0026P9E6L","B0DPC8717X","Peaked HAT US Army Watch Cap Outdoor Army Headwear BEANI Black","New","4.99","No",,"Yes","0","0","0","0","0","360.02","0","0","0","0","0","0","0","0","0","0",
"Y11108","X0026OXZE9","B0DPC9DYWV","Kids Toddlers Thermal Gloves Mittens Winter Warm Thick Knitted Gloves with String Fluffy Full Finger Mittens Baby Fleece Lined Gloves Hanging Neck Mittens with Anti-Lost String for Boys Girls Age 1-4","New","4.39","No",,"Yes","21","21","0","0","21","195.5","0","0","0","0","0","0","21","0","0","21",
"Y11109","X0026P9V1T","B0DPC8JZYB","2PCSAvocado Cutter Slicer 3 in 1 Avocado Peeler Multifunctional Avocado Peeler Knife Avocado Cutter Tool Cutter,Pitter,Scooper Kitchen Tool,Avocado Masher","New","5.99","No",,"Yes","46","18","0","1","66","599.93","0","20","0","0","0","0","18","0","27","45",
"Y11117","X0026NKH4L","B0DP77FJFX","Blue Light Blocking Glasses Clear Lens Glasses Anti Blue Ray Eyeglasses Unisex for Women Girl and Men Y2-FKYJ,clear lens glasses women","New","6.89","No",,"Yes","123","116","0","6","123","358.22","0","0","0","1","0","0","116","0","0","116",
"Y11119","X0026NHLEF","B0DP72FNJ3","Inspirational Gifts for Women Encouragement Keyring Gifts for Family Friend Her BFF Thank You Appreciation Gifts for Colleague Coworker Boss Teacher-Sometimes You Forget You Are Awesome Gifts","New","2.59","No",,"Yes","3","2","0","0","3","23.93","0","0","0","1","0","0","2","0","0","2",
"Y11126","X0026NJZSZ","B0DP771FSS","Gold Tone Red Poppy Brooch Pin, Sparkling Zircon Crystal Rhinestone Poppy Flower Bouquet, Remembrance Memorial Lapel Pin for Women Girls, Elegant Jewelry for Dress Scarf Coat","New","3.99","No",,"Yes","0","0","0","0","0","48.01","0","0","0","0","0","0","0","0","0","0",
"Y11133","X0026O76G7","B0DP8P9SDZ","Kids 2-in-1 Flip Top Gloves Ages 3–8, Cute Puppy Knitted Thermal Gloves, Convertible Half Finger to Full Finger Warm Winter Gloves for Boys Girls Outdoor School","New","5.29","No",,"Yes","0","0","0","0","0","218.44","0","0","0","0","0","0","0","0","0","0",
"Y11136","X0026O7FUJ","B0DP8NR1R5","UK 4 Pack Reusable Cotton Face Masks, 2 Navy Blue, 2 Black Mask with Nose Wire for Glass Wearers, 3-Ply Washable & Breathable Fabric with Filter Pocket & Adjustable Loops,cotton reusable face mask","New","6.39","No",,"Yes","51","51","0","0","51","813.62","0","0","0","0","0","0","51","0","0","51",
"Y11137","X0026O7F6D","B0DP8N7V5B","GENERIC Purse Hanger (Set of 2) - Folding Handbag Hook, Table Bag Holder","New","6.19","No",,"Yes","29","28","0","1","29","25.89","0","0","0","0","0","0","28","0","0","28",
"Y11138","X0026O7GPX","B0DP8LY5Z5","Unisex PU Leather Key Case Wallet Pouch Bag Keychain Holder with Key Ring & Zipper,Key Wallet Pouch,Key Pouch Leather","New","7.49","No",,"Yes","46","41","0","5","46","91.28","0","0","0","0","0","0","41","0","0","41",
"Y1114","X0026LYNRP","B0DP4LPG3F","Neck Warmer Snood for Men & Women,Winter Neck Gaiter Fleece Bandana Face Covering Mask Windproof Neck Scarf Neckwear for Outdoor Sports Motorcycle Skiing Running Cycling,running snoods for men","New","3.49","No",,"Yes","0","0","0","0","0","390.01","0","0","0","0","0","0","0","0","0","0",
"Y11141-1","X0026OIONB","B0DP9T7W39","Big Capacity Pencil Case Large Pencil Pen Pouch Bag High Storage Case Middle School College Office Organizer for Student Teens Girls Adults","New","5.29","No",,"Yes","2","1","0","1","2","240.07","0","0","0","0","0","0","1","0","0","1",
"Y11142-1","X0026P0NB1","B0DPBRYRFY","Girl Wallet and Kid Purse with Embroidery Hearts, Girls Wallets for Kids","New","5.29","No",,"Yes","35","35","0","0","35","265.96","0","0","0","0","0","0","35","0","0","35",
"Y11144","X0026O4SU9","B0DP8QC65T","Unisex Large Capacity Zippered Wallet for Credit Cards, Driver's License, and Coins","New","4.29","No",,"Yes","0","0","0","0","0","220.08","0","0","0","0","0","0","0","0","0","0",
"Y11148","X0026OTAI9","B0DPC5L4RR","Generic 304 Stainless Steel Soap Dish Holder, Chrome Finish Rectangular Rustproof Soap Tray with Drainage Holes, for Shower Sink Kitchen Bar Soap Sponge Razor Small Accessories","New","6.79","No",,"Yes","0","0","0","0","0","735.94","0","0","0","0","0","0","0","0","0","0",
"Y11154","X0026OM9AP","B0DP9Q7B6L","Cat Harness and Lead Set for Walking Adjustable Soft Kitten Harness and Lead Set Vest with Reflective Strip for Extra Small Cats Escape Proof, harness for cats，kitten harness","New","7.89","No",,"Yes","35","34","0","0","85","300.05","0","50","0","0","0","0","34","0","1","35",
"Y1116","X0026M13AJ","B0DP4QCYHX","36Pcs Clear Non-Slip Strip Stickers 20mm×200mm, Anti-Slip Grip Tape for Bath Shower Bathtub, Strong Adhesive Safety Floor Strips for Bathroom Kitchen Stairs Wet Areas","New","4.79","No",,"Yes","0","0","0","0","0","79.97","0","0","0","0","0","0","0","0","0","0",
"Y11162","X0026OC3NN","B0DP9NZWVX","Bridal Veil Pearl Veils Wedding Vails Women's White Short Veils with Comb for Brides Shower Hen Party Chucky Costume Dress Up Gift Prom Halloween Girls First Communion","New","4.09","No",,"Yes","51","48","0","3","51","1842.07","0","0","0","0","0","0","48","0","0","48",
"Y11173","X0026NJA99","B0DP73LK6J","Masquerade Mask Men Venetian Party Ball Masks Vintage Halloween Costume Mardi Gras Mask Christmas for Fancy Dress Proms Carnival Accessory","New","4.19","No",,"Yes","87","79","0","8","87","1327.19","0","0","0","0","0","0","79","0","0","79",
"Y11175","X0026NHT3D","B0DP74WZQ8","10 Pack 4cm Red Pom Poms Craft Fluffy Fuzzy Pom Pom Balls,pom pom red,fluffy balls, (Red)","New","4.69","No",,"Yes","44","44","0","0","44","400.01","0","0","0","0","0","0","44","0","0","44",
"Y11176","X0026NHQ6D","B0DP76FSX4","Generic 20 Pieces Faux Rabbit Fur Pom Pom Balls DIY Faux Fur Fluffy Pom Pom with Elastic Loop for Hats Keychains Scarves Gloves Bags Accessories (10 Soft Colours, 2 Pcs for Each Colour)","New","7.29","No",,"Yes","28","26","0","2","58","3522.4","0","30","0","0","0","0","26","0","0","26",
"Y11178","X0026OIRAL","B0DP9RQ6YG","Retro Polarised Sunglasses for Women Men Oversized Vintage 70s Pilot Sunglasses Large Frame Classic Double Bridge Retro Glasses Anti UV400","New","6.89","No",,"Yes","56","56","0","0","96","179.93","0","40","0","0","0","0","56","0","0","56",
"Y11184","X0026OIGL1","B0DP9QDRBY","Slim Running Belt Waist Pack for Women Men, Ultra Light Lycra Fanny Pack with 4 Pockets, Waterproof Sweatproof, Reflective Strip & Headphone Port for Gym Running Hiking","New","4.79","No",,"Yes","0","0","0","0","0","348.06","0","0","0","0","0","0","0","0","0","0",
"Y11190","X0026O8PZX","B0DP9N9RSX","Poppy Badges And Pins, Remembrance Day Poppy Badge, Lest We Forget Poppy Brooch Gift for Women Men","New","4.59","No",,"Yes","0","0","0","0","0","35.07","0","0","0","0","0","0","0","0","0","0",
"Y11196","X0026ODG89","B0DP9PR6JM","Gold Bohemian Layered Head Chain with Pendant, Women's Vintage Headband Headpiece for Wedding Evening Party Fancy Dress Casual Events","New","5.69","No",,"Yes","23","21","0","2","43","77.02","0","20","0","0","0","0","21","0","0","21",
"Y11197","X0026OFRL3","B0DP9P51C4","Poppy badges and pins brooches pin for women poppy pin badges shawl pin hat pin versatile brooches for women remembrance day brooch poppy brooch","New","4.39","No",,"Yes","19","19","0","0","19","69.97","0","0","0","0","0","0","19","0","0","19",
"Y11198","X0026P2SF5","B0DPBN96GQ","Tungsten Carbide Ring,Black Celtic Dragon Titanium Ring, Blue Carbon Fiber Inlay, Exquisite Jewelry, Suitable for Both Men and Women, Jewelry Gift,tungsten ring men (Size 17mm)","New","4.89","No",,"Yes","8","8","0","0","38","79.31","0","30","0","0","0","0","8","0","0","8",
"Y1120","X0026LZOTB","B0DP4T2F3B","39""/1M Clear Wet Room Floor Barrier，Silicone Shower Door Threshold Water Dam,Bath Edging Trim Water Retaining Seal Strip,Self-Adhesive Water Stopper for Kitchen Sink,Bathroom Floor,Shower Tray","New","5.89","No",,"Yes","0","0","0","0","40","599.93","0","40","0","0","0","0","0","0","0","0",
"Y11201","X0026OH8N3","B0DP9NK7CD","COD Ghost Mask Skull Balaclava MW2 Skeleton Costume Full Head Ski Snood Mask Knitted Windproof Warmer Headwear for Bike Skateboard Motorcycle Snowboard Outdoor Sport Black","New","4.19","No",,"Yes","25","24","0","0","25","360.02","0","0","0","0","0","0","24","0","1","25",
"Y11203","X0026P6IE7","B0DPC844S1","20 x Extra Large Safety Pins Kraft Craft Pins Size 55mm 20Pcs Silver","New","4.09","No",,"Yes","31","30","0","1","111","36.05","0","80","0","0","0","0","30","0","0","30",
"Y11207","X0026P9DMB","B0DPC8RJD7","4pcs Kitchen Bathroom Sink Strainer, Stainless Steel Drain Filter, Bath Drain Protector, Shower Drain Cover Hair Trap Catcher Stopper Plug, 2.95 Inch/7.5cm Outer Diameter","New","3.59","No",,"Yes","0","0","0","0","0","118.64","0","0","0","0","0","0","0","0","0","0",
"Y11208","X0026OZA3X","B0DPCCFNFW","Wrap Around Sunglasses y2k for Men Women, Vintage Oval Sunglasses Sport Shades Cycling Driving Outdoor UV400 Protection,y2k sunglasses","New","4.69","No",,"Yes","9","9","0","0","9","159.12","0","0","0","0","0","0","9","0","0","9",
"Y11209","X0026OZ849","B0DPC9GVWQ","DWG Rectangle Trendy Sunglasses For Women Men Retro 90's Vintage Square Frame Mens Eyewear Accessories UV400 Polarized Metal Full Frame Black Grey Lens","New","5.79","No",,"Yes","44","35","0","3","74","150.43","0","30","0","0","0","0","35","0","6","41",
"Y1121","X0026M2I49","B0DP4QQNJN","Soap travel case ，Plastic Soap Dish with Drainage,Soap Dishes Holder for Bathroom Shower，Keep Soap Dry and Easy Cleaning soap holder travel(White)","New","4.09","No",,"Yes","22","22","0","0","42","176","0","20","0","0","0","0","22","0","0","22",
"Y11211","X0026OY2A5","B0DPCBSKW5","Wrap Around Sports Sunglasses For Women Men Vintage y2k Oval Frame Eyewear Outdoor Shooting,sunglasses y2k","New","7.99","No",,"Yes","53","51","0","2","83","350.68","0","30","0","0","0","0","51","0","0","51",
"Y11213","X0026P6MLB","B0DPCCCPDH","Fashion Retro Y2k Rectangle Sunglasses Shades Sun Glasses Vintage Women UV400，retro sunglasses","New","5.09","No",,"Yes","62","58","0","4","62","107.17","0","0","0","0","0","0","58","0","0","58",
"Y11214","X0026P4FOH","B0DPCDT5L2","Polarized Sunglasses For Men,Sun Glasses,Matrix Sunglasses,Sun Glasses Men","New","9.39","No",,"Yes","51","47","0","4","81","129.46","0","30","0","0","0","0","47","0","0","47",
"Y11215","X0026P4JAH","B0DPCCVFS7","Square Oversized Sunglasses for Women Men Fashion Flat Top Big Frame Shades","New","6.49","No",,"Yes","44","33","0","3","84","199.43","0","40","0","0","0","0","33","0","8","41",
"Y11218","X0026P6QGH","B0DPC6X7CY","430 Stainless Steel Egg Separator, Food Grade Egg Yolk White Filter Divider, 3 Seconds Fast Separation Egg Sieve, Dishwasher Safe Kitchen Gadget for Baking & Cooking","New","5.09","No",,"Yes","0","0","0","0","0","357.07","0","0","0","0","0","0","0","0","0","0",
"Y11230","X0026NKSJF","B0DP7BMX7Y","Red Poppy Brooch Lapel Pin Enamel Badge Ribbon Flowers Green Leaf Lest We Forget Legion Remembrance Day Peace","New","4.29","No",,"Yes","1","0","0","0","1","29.99","0","0","0","1","0","0","0","0","0","0",
"Y11233","X0026OMKJ5","B0DP9Q2MXB","Tape Measure Leather Retractable, 60 Inch/1.5 Meter Long Small for Tailors and Designers,sewing tape measure,retractable tape measure sewing (Pink)","New","5.29","No",,"Yes","0","0","0","0","0","132.08","0","0","0","0","0","0","0","0","0","0",
"Y11239","X0026O8EEP","B0DP9K7YT4","4PCSSoap Dish with Lid Travel Soap Case Soap Bar Leakproof Soap Box Container Holder closable Soap Bar Dish Storage for Shower Travel Hiking Bathroom School Gym","New","4.99","No",,"Yes","0","0","0","0","20","690.06","0","20","0","0","0","0","0","0","0","0",
"Y1124","X0026N0J3F","B0DP6784P7","2 Pack Dog Whistle, Dog Whistles for Recall, Ultrasonic Stop Barking Silent, Adjustable Dog Training Whistle, with Lanyard,dog whistle to stop barking","New","5.09","No",,"Yes","27","27","0","0","27","8.03","0","0","0","0","0","0","27","0","0","27",
"Y11242","X0026OISHD","B0DP9QWKJJ","Creative Travel Handmade Soap Box Waterproof and leakproof Soap Box & Sealed Portable Outdoor Soap Box,soap box (Black)","New","5.29","No",,"Yes","27","26","0","1","27","479.98","0","0","0","0","0","0","26","0","0","26",
"Y11244","X0026OFNCV","B0DP9M5T9Z","4 Pack Black Lace Masquerade Masks, Phoenix & Little Tip Styles, Adjustable Unisex Adult Eye Masks for Fancy Dress Carnival Prom Cosplay Theme Parties","New","4.19","No",,"Yes","23","22","0","0","23","199.92","0","0","0","1","0","0","22","0","0","22",
"Y11245","X0026ODDPF","B0DP9PWBBT","Couple Masquerade Masks Set Venetian Party Mask Plastic Halloween Costume Mask Mardi Gras Mask for Women and Men,venetian masks","New","5.19","No",,"Yes","37","36","0","0","37","1872.06","0","0","0","1","0","0","36","0","0","36",
"Y11252","X0026N8J69","B0DP6L8J2H","2 Pack Hair Fork French Pins For French Twist U Shaped Hair Pin Fork Sticks 2 Prong Updo Chignon Pin for women","New","3.79","No",,"Yes","0","0","0","0","20","70.63","0","20","0","0","0","0","0","0","0","0",
"Y11256","X0026NBJTD","B0DP6KQY9K","Flexible Silicone Dough Scraper Cutter, Large (13.5×9CM) Multipurpose Pastry Scraper Nonstick, Food Grade Bowl Scraper Spatula Bench Tool for Baking Bread Making Sourdough Cake Pizza,White","New","3.99","No",,"Yes","33","30","0","3","33","60.8","0","0","0","0","0","0","30","0","0","30",
"Y11260","X0026O2CEX","B0DP8NQBB4","Long Elbow Satin Gloves 21.3 inch Stretchy 1920s Opera Gloves Evening Party Dance for Women","New","4.29","No",,"Yes","25","25","0","0","25","240.07","0","0","0","0","0","0","25","0","0","25",
"Y1127","X0026NJ67Z","B0DP74849V","Foot File Foot Scraper Callus Remover for Feet Hard Skin Remover Foot Tool. Best Foot Care Pedicure Foot Scrub Foot Scrubber,Can Be Used on Wet or Dry Feet, High Grade Stainless Steel File,","New","5.09","No",,"Yes","0","0","0","0","0","566.99","0","0","0","0","0","0","0","0","0","0",
"Y1131","X0026NJ61B","B0DP73XWXZ","Quick Link, 304 Stainless Steel Heavy Duty Clips Chain Connector Repair Link Buckle for Swing Outdoor Camping","New","4.69","No",,"Yes","25","22","0","3","26","21.3","0","1","0","0","0","0","22","0","0","22",
"Y1136","X0026NJKWV","B0DP7635VF","Girl Scrunchie Hair Elastics Pure Silk Big Scrunchie Hair Scrunchie Black","New","4.19","No",,"Yes","9","5","0","3","129","144.04","0","120","0","1","0","0","5","0","0","5",
"Y1145","X0026PSS45","B0DPF9S167","Eyeglasses Case, Glasses case,Soft Zippered Neoprene Sunglasses Pouch Protective Eyewear Case Bag with Clip for Men and Women","New","4.09","No",,"Yes","0","0","0","0","0","305.95","0","0","0","0","0","0","0","0","0","0",
"Y1148","X0026OMJ1T","B0DP9N1Z3L","Pack of 3 PU Leather Soft Eyeglasses Cases, Squeeze Top Portable Sunglasses Pouches, Classic Black Unisex Glasses Bags for Women Men, Travel Glasses Holders for Daily Use","New","4.79","No",,"Yes","0","0","0","0","0","243.02","0","0","0","0","0","0","0","0","0","0",
"Y1149","X0026OTAEN","B0DPC54YPS","Sunglasses Case for Men and Women - Hard Shell Shockproof Sport Glasses Case - Zipper Portable Spectacle Cases with Clip","New","5.79","No",,"Yes","9","9","0","0","79","179.93","0","70","0","0","0","0","9","0","0","9",
"Y1159","X0026OPVD7","B0DP9RSGWM","Faraday Pouch for Car Keys | Royal Blue Stitching Faraday Bag for Key Fob Protector Pouch RFID Blocking | Premium Quality | Stylish Anti-Theft Car Key Case/Jammer Signal Blocker,rfid key pouch","New","4.69","No",,"Yes","34","33","0","1","34","126.02","0","0","0","0","0","0","33","0","0","33",
"Y1163","X0026OITH7","B0DP9R26WS","2 Pieces Hippie Retro Sunglasses 60's Style Round Colored Glasses Fancy Dress Costume Accessories,retro glasses round","New","4.99","No",,"Yes","52","52","0","0","72","132.57","0","20","0","0","0","0","52","0","0","52",
"Y1167","X0026OTC5F","B0DPC7HFG7","Polarised-Sunglasses-Mens-Womens-UV400-Protection Rectangular Sunglasses Retro Black Sun Glasses Unisex Classic Ultralight Shades For Cycling Driving Fishing","New","4.99","No",,"Yes","0","0","0","0","0","195.83","0","0","0","0","0","0","0","0","0","0",
"Y1169","X0026OTAO3","B0DPC76HNW","Slotted Spoon Stainless Steel Cooking Spoon Kitchen Serving Spoon, 13inch/33cm","New","5.99","No",,"Yes","30","29","0","0","90","577.48","0","60","0","1","0","0","29","0","0","29",
"Y1174","X0026P9NM1","B0DPC6JQR2","Women's Sheer Tight-fitting Leggings, Semi-transparent Pantyhose, Black Elastic Tight Stockings","New","4.49","No",,"Yes","0","0","0","0","0","383.95","0","0","0","0","0","0","0","0","0","0",
"Y1178","X0026MYQUN","B0DP6634GS","Generic 152 cm Adjustable Lockable Steel Divider Wing Leather Compass","New","6.29","No",,"Yes","50","39","0","1","50","75.05","0","0","0","1","0","0","39","0","9","48",
"Y1185","X0026OFOEN","B0DP9NS19C","Plastic Cat Litter Shovel Cat Poop Scoop Cat Litter Tray Scoop Handy Sand Sifter Poop Sieve Cleaning Tool Shovel Scoop Cat Scoop Set (Grey)","New","6.09","No",,"Yes","78","74","0","4","78","702.51","0","0","0","0","0","0","74","0","0","74",
"Y1189","X0026OFRIL","B0DP9N67HQ","3 Hole Knitted Balaclava Full Face Covering Winter Knitted Balaclava Protection Full Face Cover Thermal Winter Ski Black","New","4.39","No",,"Yes","9","9","0","0","9","800.02","0","0","0","0","0","0","9","0","0","9",
"Y1190","X0026OIIK5","B0DP9RSQM3","Magic Hooks, Transparent Self-Adhesive, Removable Without Nails Heavy Duty Sticky Hooks for Kitchen, Bathroom, Door Wall,10 Pack Black Gyg8-01","New","4.49","No",,"Yes","0","0","0","0","0","720.05","0","0","0","0","0","0","0","0","0","0",
"Y1191","X0026OFSB7","B0DP9P4FPF","Masquerade Masks for Men, Silver Venetian Mask Vintage Phantom of The Opera Mask, Adult Half Face Party Mask for Halloween Christmas Mardi Gras Costume Wedding Cosplay Party","New","7.49","No",,"Yes","22","22","0","0","22","945.04","0","0","0","0","0","0","22","0","0","22",
"Y1196-1-2","X0026R3RHL","B0DPHF1CSP","Kitchen Sink Faucet Aerator Solid Brass 80-Degree Big Angle Swivel Faucet Aerator Dual-Function 2 Sprayer Kitchen Faucet Attachment Swivel Sprayer- 360-Degree Swivel- Polished Chrome(FM22)","New","6.49","No",,"Yes","3","3","0","0","3","47.36","0","0","0","0","0","0","3","0","0","3",
"Y1198","X0026OIFCL","B0DP9QG4QK","Dog Leads for Small Medium Dogs | Double Sided Reflective | Soft Neoprene Padded Handle | 2 cm Wide by 180 cm Long | Black","New","5.19","No",,"Yes","20","19","0","1","40","360.02","0","20","0","0","0","0","19","0","0","19",
