"snapshot-date","sku","fnsku","asin","product-name","condition","available","fc-transfer","pending-removal-quantity","inv-age-0-to-90-days","inv-age-91-to-180-days","inv-age-181-to-270-days","inv-age-271-to-365-days","inv-age-366-to-455-days","inv-age-456-plus-days","currency","units-shipped-t7","units-shipped-t30","units-shipped-t60","units-shipped-t90","alert","your-price","sales-price","lowest-price-new-plus-shipping","lowest-price-used","recommended-action","healthy-inventory-level","recommended-sales-price","recommended-sale-duration-days","recommended-removal-quantity","estimated-cost-savings-of-recommended-actions","sell-through","item-volume","volume-unit-measurement","storage-type","storage-volume","marketplace","product-group","sales-rank","days-of-supply","estimated-excess-quantity","weeks-of-cover-t30","weeks-of-cover-t90","featuredoffer-price","sales-shipped-last-7-days","sales-shipped-last-30-days","sales-shipped-last-60-days","sales-shipped-last-90-days","inv-age-0-to-30-days","inv-age-31-to-60-days","inv-age-61-to-90-days","inv-age-181-to-330-days","inv-age-331-to-365-days","estimated-storage-cost-next-month","inbound-quantity","inbound-working","inbound-shipped","inbound-received","Total Reserved Quantity","unfulfillable-quantity","quantity-to-be-charged-ais-241-270-days","estimated-ais-241-270-days","quantity-to-be-charged-ais-271-300-days","estimated-ais-271-300-days","quantity-to-be-charged-ais-301-330-days","estimated-ais-301-330-days","quantity-to-be-charged-ais-331-365-days","estimated-ais-331-365-days","quantity-to-be-charged-ais-366-455-days","estimated-ais-366-455-days","quantity-to-be-charged-ais-456-plus-days","estimated-ais-456-plus-days","historical-days-of-supply","Recommended ship-in quantity","Recommended ship-in date","Last updated date for Historical Days of Supply","Short term historical days of supply","Long term historical days of supply","Inventory age snapshot date","Inventory Supply at FBA","Reserved FC Processing","Reserved Customer Order","Reserved Staging","Total Days of Supply (including units from open shipments)","is-seasonal-in-next-3-months","season-name","season-start-date","season-end-date"
"2026-08-13","DWG51144-1","X002J88EQL","B0GS5V3CVQ","2 Pieces Facial Hair Remover Spring Eyebrow Face Epilator Threading Tool Remove Hair from Upper Lip, Chin, Cheeks and Neck for Women Girls or Men (Black, Rose Red)","New","21","0","0","10","11","0","0","0","0","GBP","0","0","0","0","Low traffic","3.89","0.0","3.89","0.0","Advertise listing","21","0.0","0","0","0.23","0.0","0.003531","cubic feet","Standard","0.074151","UK","gl_beauty","334022","366","0","","","3.89","0.0","0.0","0.0","0.0","0","10","0","0","0","0.05","0","0","0","0","0","0","","","","","","","","","","","","","","0","","","","","2026-08-10","21","0","0","0","366","N","","",""
"2026-08-13","TB090","X00269S6BV","B0DMZNXKF8","2-pack Soap Dish, Soap Holder, Soap Saver, Easy Cleaning, Dry, Stop Mushy Soap,black soap dish (Black)","New","6","0","0","8","0","0","0","0","0","GBP","5","11","13","18","Low traffic","5.29","0.0","5.29","0.0","CreateShippingPlan","0","0.0","0","0","33.28","3.24","0.010903","cubic feet","Standard","0.065418","UK","gl_home","291060","27","0","2","4","5.29","22.05","48.51","57.33","80.13","5","3","0","0","0","0.05","0","0","0","0","1","0","","","","","","","","","","","","","47.7","12","2026-08-11","2026-08-09","46.3","47.7","2026-08-10","6","1","0","0","32","N","","",""
"2026-08-13","DWG2602111","X002IDMDMD","B0GLX1PBX5","12-Pack Metal Sewing Machine Bobbins, Universal for Home and Industrial Use, High-Hardness Flatbed Bobbins, Sewing Accessories Bottom Thread Cores","New","42","0","0","46","0","0","0","0","0","GBP","3","12","14","29","Low traffic","4.79","0.0","4.79","0.0","NoRestockExcessActionRequired","","","0","0","","1.57","0.003531","cubic feet","Standard","0.148302","UK","gl_kitchen","301700","91","0","14","18","4.79","14.37","57.48","67.06","138.91","30","16","0","0","0","","0","0","0","0","4","0","","","","","","","","","","","","","121.0","2","2026-08-23","2026-08-09","121.0","56.4","2026-08-10","42","4","0","0","99","N","","",""
"2026-08-13","RPADWG073","X002I0V8IB","B0GK18MXHH","Gay Pride Rainbow Flag Goose Enamel Pin Badge Jewelry for Dresses, Suits, Bags, Backpacks","New","21","0","0","16","7","0","0","0","0","GBP","0","2","3","7","Low traffic","4.01","0.0","4.01","0.0","NoRestockExcessActionRequired","0","0.0","0","0","66.78","0.36","0.003531","cubic feet","Apparel","0.074151","UK","gl_jewelry","704297","227","21","42","39","4.01","0.0","6.68","10.02","25.06","0","16","0","0","0","0.05","0","0","0","0","2","0","","","","","","","","","","","","","264.3","0","","2026-08-09","242.3","264.3","2026-08-10","21","2","0","0","257","N","","",""
"2026-08-13","DWG511225-1","X002JAXA7R","B0GSFNPDB4","Car Engine Start Stop Button Replace Cover Switch Trim Ring Sticker Compatible With E90 E92 E93 320i Car Interior Styling Accessories (Color : MBlack, Size : 1PCS)","New","14","0","0","0","14","0","0","0","0","GBP","0","0","0","1","Low traffic","5.49","0.0","5.49","0.0","Advertise listing","","","0","0","","0.07","0.003531","cubic feet","Standard","0.049434","UK","gl_biss","651505","366","0","","182","5.49","0.0","0.0","0.0","5.49","0","0","0","0","0","","0","0","0","0","0","0","","","","","","","","","","","","","","0","","","","1274.0","2026-08-10","14","0","0","0","366","N","","",""
"2026-08-13","DWG51024","X002FOC6SV","B0FXMF3NDD","Pack of 6 Light Mixed Brown 20mm Round Faux Horn Sew On Plastic Buttons for Coats Jackets Cardigans Flat 4 Holes","New","20","0","0","20","0","0","0","0","0","GBP","1","11","27","34","Low traffic","5.19","0.0","5.19","0.0","NoRestockExcessActionRequired","20","0.0","0","0","0.0","1.56","0.003531","cubic feet","Standard","0.07062","UK","gl_office_product","225696","90","0","14","15","5.19","4.32","49.22","122.06","155.24","2","18","0","0","0","0.04","20","0","20","0","0","0","","","","","","","","","","","","","69.1","10","2026-08-12","2026-08-09","69.1","58.7","2026-08-10","40","0","0","0","90","N","","",""
"2026-08-13","DWG51154","X002G1PW9D","B0D1BPNNBD","TRHDFW Rice Ball Mold with Mini Rice Scoop, DIY Sticky Rice Molds Large Ball Mold Kitchen Tool Rice Ball Maker Shake, Rice Roll Shaker Ball Maker for Kids","New","33","1","0","34","0","0","0","0","0","GBP","4","11","17","25","Low traffic","3.79","0.0","3.69","0.0","NoRestockExcessActionRequired","34","0.0","0","0","0.0","1.35","0.004573","cubic feet","Standard","0.150909","UK","gl_kitchen","159762","110","0","12","17","3.69","12.64","34.76","53.72","81.0","34","0","0","0","0","0.1","0","0","0","0","0","0","","","","","","","","","","","","","59.8","0","","2026-08-09","57.8","59.8","2026-08-10","34","0","0","0","110","N","","",""
"2026-08-13","DWG51146","X002G1W2RD","B0D5Y9977Z","JYTDBCS Security Camera Bracket,2pcs Ring Pendants,360 Adjustable Security Camera Mounting Bracket,Indoor and Outdoor Installation","New","39","1","0","43","0","0","0","0","0","GBP","10","24","39","44","Low traffic","4.89","0.0","4.89","0.0","NoRestockExcessActionRequired","40","0.0","0","0","0.0","2.95","0.002161","cubic feet","Standard","0.084279","UK","gl_home_improvement","106332","116","0","11","20","4.89","40.7","97.68","158.73","179.08","43","0","0","0","0","0.06","30","0","30","0","0","0","","","","","","","","","","","","","18.9","0","","2026-08-09","18.9","17.4","2026-08-10","70","0","0","0","116","N","","",""
"2026-08-13","DWG2602084","X002IEVN9B","B0GMBT5N3W","2pcs Beaded Eyeglasses Chain for Women, Bead Glasses Strap Lanyard Eyeglass Necklace String Holders Around Neck Fashionable Eyewear Accessories Gift (Black, Grey)","New","21","0","0","21","0","0","0","0","0","GBP","3","5","8","9","Low traffic","4.99","0.0","4.99","0.0","NoRestockExcessActionRequired","","","0","0","","1.0","0.015425","cubic feet","Apparel","0.323925","UK","gl_apparel","315308","121","0","16","30","4.99","12.48","20.8","34.27","38.93","20","0","1","0","0","","0","0","0","0","0","0","","","","","","","","","","","","","82.6","0","","2026-08-09","80.0","82.6","2026-08-10","21","0","0","0","121","N","","",""
"2026-08-13","Y1163","X0026OITH7","B0DP9R26WS","2 Pieces Hippie Retro Sunglasses 60's Style Round Colored Glasses Fancy Dress Costume Accessories,retro glasses round","New","52","0","0","52","0","0","0","0","0","GBP","0","6","25","41","Low traffic","4.99","0.0","4.99","0.0","NoRestockExcessActionRequired","25","3.38","15","0","64.71","2.05","0.004683","cubic feet","Standard","0.243516","UK","gl_toy","367608","366","0","48","22","4.99","0.0","24.96","104.0","168.01","50","2","0","0","0","0.16","20","0","20","0","0","0","","","","","","","","","","","","","200.5","0","","2026-08-09","200.5","55.8","2026-08-10","72","0","0","0","366","N","","",""
"2026-08-13","RPADWG057","X002I0QBJ7","B0GJZR6Z7X","My Spoon-8 Inch Spoon Designed for Spread Lover- Under £10- Presents for Him/Presents for Her-Perfect Present for a Sweet Tooth","New","16","0","0","17","0","0","0","0","0","GBP","1","11","19","27","Low traffic","4.99","0.0","4.99","0.0","NoRestockExcessActionRequired","0","0.0","0","0","69.77","1.83","0.009932","cubic feet","Standard","0.158912","UK","gl_kitchen","297532","143","0","16","22","4.99","4.16","45.76","79.04","112.8","0","17","0","0","0","0.04","30","0","30","0","1","0","","","","","","","","","","","","","70.2","0","","2026-08-09","70.2","44.4","2026-08-10","46","1","0","0","146","Y","Holiday Season","2026-10-31","2027-01-09"
"2026-08-13","DWG2602037","X002IEE68L","B0GM5ND8ZQ","4 PCS Silicon Anti Slip Mat, 13.8 * 7.8 cm Non Slip Car Dash Mats, Self-Adhesive Washable Dashboard Grip, Car Accessories for Cell Phone Sunglasses Keys - Black","New","6","0","0","7","0","0","0","0","0","GBP","1","3","6","7","Low traffic","4.59","0.0","4.59","0.0","NoRestockExcessActionRequired","6","0.0","0","0","0.0","0.82","0.003531","cubic feet","Standard","0.021186","UK","gl_automotive","125968","64","0","8","11","4.59","3.82","11.46","22.92","26.91","0","0","7","0","0","0.01","0","0","0","0","0","0","","","","","","","","","","","","","122.9","4","2026-09-02","2026-08-09","86.0","122.9","2026-08-10","6","0","0","0","64","N","","",""
"2026-08-13","DWG2602106","X002IDFIPH","B0GLX15MLK","Boyfriend Girlfriend Husband Wife Gifts - Birthday Keyring for Best Friend Sister Brother BF GF, Secret Santa Christmas Xmas Gifts, Stocking Fillers for Men Women","","0","0","0","1","0","0","0","0","0","GBP","","","","","","0.0","0.0","0.0","0.0","NoRestockExcessActionRequired","","","0","0","","0.0","0.003531","cubic feet","Apparel","0.0","UK","gl_apparel","","","0","","","4.99","","","","","0","1","0","0","0","","0","0","0","0","0","0","","","","","","","","","","","","","","0","","","","","2026-08-10","0","0","0","0","","N","","",""
"2026-08-13","RPADWG001","X002I0LR7D","B0GJZ7BBCM","2 Pcs Passport Holder, PU Leather Passport Cover, Travel Wallet Case Organiser for Passport, Ticket, Boarding Pass, Business Card, Credit Card (White, Purple)","New","17","0","0","0","18","0","0","0","0","GBP","1","3","4","4","Low traffic","5.29","0.0","5.29","0.0","Advertise listing","0","0.0","0","0","77.45","0.19","0.003531","cubic feet","Standard","0.060027","UK","gl_luggage","363618","139","17","22","55","5.29","4.41","13.39","17.96","17.96","0","0","0","0","0","0.04","0","0","0","0","1","0","","","","","","","","","","","","","479.3","0","","2026-08-09","149.3","479.3","2026-08-10","17","1","0","0","148","N","","",""
"2026-08-13","DWG511170","X002G2GYVH","B0G1G8TQK3","Pencil Case, Large Capacity with 4 Compartments, Cute Design for Girls, Teenage Adults","New","32","0","0","30","0","3","0","0","0","GBP","3","9","9","11","Low traffic","6.39","0.0","6.39","0.0","NoRestockExcessActionRequired","0","0.0","0","0","170.27","0.61","0.036248","cubic feet","Standard","1.159936","UK","gl_luggage","57817","186","32","14","37","6.39","15.96","47.88","47.88","60.02","30","0","0","3","0","0.08","0","0","0","0","1","0","","","","","","","","","","","","","181.7","0","","2026-08-09","123.3","181.7","2026-08-10","32","1","0","0","195","N","","",""
"2026-08-13","Y11244","X0026OFNCV","B0DP9M5T9Z","4 Pack Black Lace Masquerade Masks, Phoenix & Little Tip Styles, Adjustable Unisex Adult Eye Masks for Fancy Dress Carnival Prom Cosplay Theme Parties","New","22","0","0","23","0","0","0","0","0","GBP","7","11","15","23","Low traffic","4.19","0.0","4.19","0.0","NoRestockExcessActionRequired","0","0.0","0","0","89.81","1.31","0.007063","cubic feet","Standard","0.155386","UK","gl_toy","64545","42","0","8","12","4.19","24.43","38.39","52.35","81.94","15","8","0","0","0","0.11","0","0","0","0","0","0","","","","","","","","","","","","","104.9","0","","2026-08-09","104.9","80.7","2026-08-10","22","0","0","0","42","N","","",""
"2026-08-13","TB201","X00269S9G3","B0DN12FG9F","Generic Soft Nylon Dog Muzzle, Black – Adjustable Loop Strap, Prevents Biting, Barking & Chewing, Suitable for Small, Medium & Large Dogs for Training & Daily Walks","New","27","0","0","27","0","0","0","0","0","GBP","1","2","6","14","Low traffic","5.79","0.0","5.79","0.0","NoRestockExcessActionRequired","0","0.0","0","0","136.07","0.69","0.011124","cubic feet","Standard","0.300348","UK","gl_pet_products","74016","366","0","54","25","5.79","4.82","9.64","29.42","70.66","17","2","8","0","0","0.21","0","0","0","0","0","0","","","","","","","","","","","","","400.0","0","","2026-08-09","400.0","101.8","2026-08-10","27","0","0","0","366","N","","",""
"2026-08-13","DWG2603019","X002J4LADJ","B0GRN21NC8","Elegant Elven green leaf enamel pin brooch for women, men, cape pin buckle gifts","New","17","0","0","7","12","0","0","0","0","GBP","1","4","5","6","Low traffic","3.69","0.0","3.69","0.0","NoRestockExcessActionRequired","0","0.0","0","0","56.19","0.24","0.003531","cubic feet","Apparel","0.060027","UK","gl_jewelry","763296","276","17","17","36","3.69","3.07","12.29","15.36","19.02","0","0","7","0","0","0.04","0","0","0","0","1","0","","","","","","","","","","","","","388.8","0","","2026-08-09","215.7","388.8","2026-08-10","17","1","0","0","298","N","","",""
"2026-08-13","DWG511161","X002G1PLI5","B0G1BQXCSV","36 Pieces Blue C-Shape Wig Adhesive Tapes, Super Strong Waterproof Double-Sided PU Hairpiece Tape for Lace Wigs Toupees Hair Extensions","New","30","1","0","20","11","0","0","0","0","GBP","0","0","3","5","Low traffic","4.39","0.0","4.39","0.0","Advertise listing","0","4.09","52","0","133.61","0.26","0.003531","cubic feet","Standard","0.10593","UK","gl_biss","349495","366","32","","80","4.39","0.0","0.0","10.98","18.62","20","0","0","0","0","0.08","1","0","0","1","0","0","","","","","","","","","","","","","","0","","","","256.6","2026-08-10","32","0","0","0","366","N","","",""
"2026-08-13","DWG2602038","X002IEDYDJ","B0GM712MCM","2Pcs Silicone Bathtub Stopper,Universal Sink Plug Bathtub Drain Stopper for Bath Tub Wash Basin Kitchen Sink(Grey,5.9Inch)","New","16","0","0","16","0","0","0","0","0","GBP","0","5","7","8","Low traffic","4.88","0.0","4.88","0.0","Advertise listing","0","0.0","0","0","68.11","0.89","0.003531","cubic feet","Standard","0.056496","UK","gl_home","599394","366","0","36","74","4.88","0.0","20.35","28.74","33.06","16","0","0","0","0","0.04","30","0","30","0","0","0","","","","","","","","","","","","","92.1","0","","2026-08-09","52.5","92.1","2026-08-10","46","0","0","0","366","N","","",""
"2026-08-13","DWG51025","X002FNVDUT","B0FXMFF2QZ","Motorcycle Chrome Handlebar Mirror Bracket Fits Handlebar Clamp Mount Brackets","New","16","0","0","17","0","0","0","0","0","GBP","4","13","22","26","Low traffic","5.29","0.0","5.29","0.0","NoRestockExcessActionRequired","16","0.0","0","0","-0.04","1.72","0.003531","cubic feet","Standard","0.056496","UK","gl_home_improvement","63039","110","0","14","23","5.29","17.64","56.65","94.47","111.26","17","0","0","0","0","0.04","30","0","30","0","0","0","","","","","","","","","","","","","58.2","4","2026-09-03","2026-08-09","36.7","58.2","2026-08-10","46","0","0","0","110","N","","",""
"2026-08-13","DWG2602048","X002IELUKX","B0GM6YX5MP","6Pcs Gold Keychain Clip,Spring O Ring,Purse & Carabiner Clip for Keys,Opening O Ring Carabiner for Keychains,Backpacks, Keys (2 Black + 2 Silver + 2 Gold)","New","19","0","0","20","0","0","0","0","0","GBP","3","7","14","22","Low traffic","5.19","0.0","5.19","0.0","NoRestockExcessActionRequired","0","0.0","0","0","97.18","1.19","0.003531","cubic feet","Apparel","0.067089","UK","gl_apparel","132230","194","0","22","23","5.19","12.96","30.24","60.48","95.72","0","15","5","0","0","0.04","20","0","20","0","1","1","","","","","","","","","","","","","93.5","0","","2026-08-09","93.5","63.4","2026-08-10","39","1","0","0","200","N","","",""
"2026-08-13","TB143-1","X0026BDTHZ","B0DN63DJDN","240 m Clear Nylon Invisible Thread String for Hanging Christmas Ornaments, Bracelet Making, Sew Hobby, Clear Beading Thread,invisible string (0.25mm)","New","6","0","0","1","5","0","0","0","0","GBP","0","2","6","16","Low traffic","4.39","0.0","4.39","0.0","CreateShippingPlan","1","0.0","0","0","3.61","1.58","0.002649","cubic feet","Standard","0.015894","UK","gl_home","781657","49","0","12","4","4.39","0.0","7.32","21.96","58.56","0","0","1","0","0","0.01","0","0","0","0","0","0","","","","","","","","","","","","","103.0","12","2026-08-06","2026-08-09","103.0","52.2","2026-08-10","6","0","0","0","49","Y","Holiday Season","2026-10-10","2026-12-25"
"2026-08-13","DWG511146","X002G2P1UH","B0G1H677RP","Fingerless PU Leather Gloves for Men Women, Black Faux Leather Gloves Half Finger with Anti-Slip Layer for Driving Riding Outdoor","New","36","0","0","38","0","0","0","0","0","GBP","7","24","47","67","Low traffic","6.09","0.0","6.09","0.0","NoRestockExcessActionRequired","37","0.0","0","0","0.0","2.88","0.003531","cubic feet","Apparel","0.127116","UK","gl_apparel","134338","98","0","16","18","6.09","35.49","121.68","238.29","336.65","38","0","0","0","0","0.07","60","0","60","0","1","0","","","","","","","","","","","","","36.7","0","","2026-08-09","36.7","22.1","2026-08-10","96","1","0","0","99","N","","",""
"2026-08-13","DWG511194","X002G1XZRJ","B0CTT4RMVD","IUFDGHN 8PCS Elastic Boot Bands, Military Boot Straps, Elastic Boot Straps Trouser Twists Leg Ties Blousing Garters with Metal Hooks, for Navy, Army, Air Force, Outdoor Hiking Military (Black & Green)","","11","0","0","1","0","11","0","0","0","GBP","0","0","5","5","","0.0","0.0","0.0","0.0","GoToStranded","","","0","0","","0.34","2.75E-4","cubic feet","Apparel","0.003025","UK","gl_apparel","911143","366","0","","28","3.89","0.0","0.0","15.86","15.86","0","1","0","11","0","","0","0","0","0","1","0","","","","","","","","","","","","","254.2","0","","2026-08-09","181.0","254.2","2026-08-10","11","1","0","0","366","N","","",""
"2026-08-13","TB061","X0026AD1S3","B0DN1DW2MM","Garlic Dicer, Stainless Steel Blades, BPA Free and FDA Approved, One Size,Garlic Dicer,Green","New","35","0","0","36","0","0","0","0","0","GBP","1","14","20","29","Low traffic","8.89","0.0","8.89","0.0","NoRestockExcessActionRequired","35","0.0","0","0","0.46","1.73","0.010383","cubic feet","Standard","0.363405","UK","gl_kitchen","284226","100","0","10","15","8.89","7.41","103.74","148.2","214.89","36","0","0","0","0","0.24","0","0","0","0","1","0","","","","","","","","","","","","","56.7","2","2026-09-03","2026-08-09","56.7","41.3","2026-08-10","35","1","0","0","103","N","","",""
"2026-08-13","DWG511124","X002G1QBI9","B0G1BP829M","100 Pieces Mini Twist Drill Bit Set,Wood Drill Bit Set 1mm/ 1.5mm/ 2mm/ 2.5mm/ 3mm Titanium Coated HSS Small Drill Bits for Soft Metal Iron Aluminum, Wood Plastic, Aluminum Brick and Concrete","New","16","0","0","17","0","0","0","0","0","GBP","4","9","10","17","Low traffic","7.79","0.0","7.79","0.0","NoRestockExcessActionRequired","16","0.0","0","0","0.0","1.21","0.014701","cubic feet","Standard","0.235216","UK","gl_biss","154959","51","0","7","12","7.79","25.96","58.41","65.23","114.16","0","17","0","0","0","0.03","0","0","0","0","1","0","","","","","","","","","","","","","122.3","12","2026-08-12","2026-08-09","122.3","87.9","2026-08-10","16","1","0","0","54","N","","",""
"2026-08-13","DWG51177-1","X002J6RK59","B0GS1FF9TM","Mens Feather Tie Clip Bar Stainless Steel Novelty Tie Pin Silver 5.0cm","New","22","0","0","15","9","0","0","0","0","GBP","0","3","4","7","Low traffic","6.29","0.0","6.29","0.0","NoRestockExcessActionRequired","0","0.0","0","0","99.11","0.35","0.003531","cubic feet","Apparel","0.077682","UK","gl_jewelry","579023","270","22","29","40","6.29","0.0","16.71","22.87","42.35","0","15","0","0","0","0.05","0","0","0","0","1","0","","","","","","","","","","","","","254.0","0","","2026-08-09","254.0","225.0","2026-08-10","22","1","0","0","283","N","","",""
"2026-08-13","DWG2602124","X002IB91WF","B0GLFYX8HM","5Pcs M10 Aluminum Spacer, 10.2mm ID x 16mm OD x 16mm Length Metal Round Standoff Bushing Plain Finish Spacer for Mechanical and DIY Projects for M10 Screws Bolts and Rods","New","39","0","0","40","0","0","0","0","0","GBP","1","4","5","11","Low traffic","5.49","0.0","5.49","0.0","NoRestockExcessActionRequired","0","0.0","0","0","82.15","0.77","0.003531","cubic feet","Standard","0.137709","UK","gl_biss","449179","291","0","39","46","5.49","4.57","18.79","23.7","53.48","40","0","0","0","0","0.1","0","0","0","0","1","0","","","","","","","","","","","","","246.7","0","","2026-08-09","246.7","104.8","2026-08-10","39","1","0","0","300","N","","",""
"2026-08-13","DWG2603018","X002J4OPL3","B0GRN8N7Z4","Silver Blue Star Confetti, 30g PVC Star Sequin Foil Scatter for Wedding Birthday Party Festival Decorations","New","48","0","0","50","0","0","0","0","0","GBP","0","10","11","25","Low traffic","4.79","0.0","4.79","0.0","NoRestockExcessActionRequired","","","0","0","","1.52","0.003531","cubic feet","","0.169488","UK","gl_toy","602721","221","0","19","24","4.79","0.0","41.6","45.76","104.0","50","0","0","0","0","","0","0","0","0","2","0","","","","","","","","","","","","","106.1","0","","2026-08-09","106.1","51.9","2026-08-10","48","2","0","0","232","N","","",""
"2026-08-13","DWG2602121","X002IB3VC1","B0GLGGGBQZ","4 Vacuum Hose Wall-mounted Brackets, Compatible With 38mm Fixed Clip Cable Management Brackets, For Wall Storage","New","24","0","0","25","0","0","0","0","0","GBP","1","3","6","10","Low traffic","7.59","0.0","7.59","0.0","NoRestockExcessActionRequired","1","0.0","0","0","42.06","0.65","0.003531","cubic feet","Standard","0.084744","UK","gl_biss","265505","195","0","32","31","7.59","6.32","19.3","39.28","68.08","0","23","2","0","0","0.06","0","0","0","0","0","0","","","","","","","","","","","","","261.7","0","","2026-08-09","261.7","124.1","2026-08-10","24","0","0","0","195","N","","",""
"2026-08-13","DWG2602069","X002IFP0XF","B0GMHFNSC9","2 PCS Kitchen Sink Hole Covers, 50mm Stainless Steel Sink Blanking Cap, Kitchen Stopper, Faucet Hole Cover for Bathroom & Countertop（White,49mm）","New","17","0","0","15","3","0","0","0","0","GBP","0","2","5","6","Low traffic","5.39","0.0","5.39","0.0","NoRestockExcessActionRequired","0","0.0","0","0","87.93","0.44","0.003531","cubic feet","Standard","0.060027","UK","gl_home","305168","246","17","34","36","5.39","0.0","9.31","24.02","29.26","0","15","0","0","0","0.04","0","0","0","0","1","0","","","","","","","","","","","","","190.0","0","","2026-08-09","190.0","175.7","2026-08-10","17","1","0","0","267","N","","",""
"2026-08-13","TB152-1","X0026B5OX7","B0DN4M3R3Y","Wall Door Handle Stopper 5 cm Set 6 Pieces of Clear Rubber Door Knob Round Wall Shield Cushion Quiet Wall Protector for Door Handle.Guard Door Bumper Wall Protector Silencer Self Adhesive","New","33","0","0","33","0","0","0","0","0","GBP","3","5","9","10","Low traffic","4.49","0.0","4.49","0.0","NoRestockExcessActionRequired","0","0.0","0","0","100.93","0.77","0.004238","cubic feet","Standard","0.139854","UK","gl_home_improvement","210456","366","0","26","42","4.49","11.22","18.7","33.66","37.4","33","0","0","0","0","0.1","0","0","0","0","0","0","","","","","","","","","","","","","86.1","0","","2026-08-09","72.0","86.1","2026-08-10","33","0","0","0","366","N","","",""
"2026-08-13","DWG511162","X002G1Q6VB","B0G1BKKM88","40 Pieces Blue Wig Double-Sided Tape, Super Adhesive Waterproof Skin-Friendly PU Lace Tape, Curved Hair Extension Tape for Wigs Toupees Lace Closures","New","43","0","0","30","10","3","0","0","0","GBP","1","2","2","5","Low traffic","4.49","0.0","4.49","0.0","Advertise listing","0","0.0","0","0","158.02","0.17","0.003531","cubic feet","Standard","0.151833","UK","gl_biss","92531","366","43","86","111","4.49","3.74","7.48","7.48","19.21","30","0","0","3","0","0.11","0","0","0","0","0","0","3","0.0","0","0.0","0","0.0","0","0.0","0","0.0","0","0.0","1263.0","0","","2026-08-09","1263.0","548.5","2026-08-10","43","0","0","0","366","N","","",""
"2026-08-13","TB045-1","X0026BCA0R","B0DN64T8BQ","Cake Rings Baking Tools Crumpet Rings Non Stick Set of 4 Pancake Mould for Baking - Cooking English Muffin Rings - Easy to Clean Carbon Steel Cake Rings - Made in China","New","16","0","0","11","5","0","0","0","0","GBP","0","0","0","1","Low traffic","6.39","0.0","6.39","0.0","NoRestockExcessActionRequired","1","0.0","0","0","47.81","0.07","0.031855","cubic feet","Standard","0.50968","UK","gl_kitchen","1126564","277","15","","208","6.39","0.0","0.0","0.0","5.49","0","1","10","0","0","0.33","0","0","0","0","0","1","","","","","","","","","","","","","","0","","","","572.5","2026-08-10","16","0","0","0","277","N","","",""
"2026-08-13","DWG51012","X002FOCOL5","B0FXM5W8QW","6 Silicone Faucet Extenders, Toothbrush Rinsing And Hand Washing Extenders, Bathroom And Kitchen Sink Accessories (3 Blue, 3 Green)","New","12","0","0","0","8","4","0","0","0","GBP","1","4","4","5","Low traffic","4.39","0.0","4.39","0.0","NoRestockExcessActionRequired","0","2.95","52","0","37.94","0.33","0.003531","cubic feet","Standard","0.042372","UK","gl_biss","406428","260","12","12","31","4.39","3.66","14.64","14.64","17.88","0","0","0","4","0","0.03","0","0","0","0","0","0","","","","","","","","","","","","","346.8","0","","2026-08-09","140.7","346.8","2026-08-10","12","0","0","0","260","N","","",""
"2026-08-13","TB240","X0026BAPJZ","B0DN5FCPN5","Generic 2 Sets Parcel Shelf Clips Fit for Nissan Juke 2010-2014 Black Rear Luggage Fastening Brackets 799161KA2A","New","11","0","0","12","0","0","0","0","0","GBP","4","10","18","28","Low traffic","3.79","0.0","3.79","0.0","NoRestockExcessActionRequired","0","3.59","52","0","40.35","2.0","0.002649","cubic feet","Standard","0.029139","UK","gl_biss","27494","266","0","16","19","3.79","12.64","31.6","56.71","86.61","12","0","0","0","0","0.02","30","0","30","0","1","0","","","","","","","","","","","","","79.6","0","","2026-08-09","79.6","45.3","2026-08-10","41","1","0","0","273","N","","",""
"2026-08-13","RPADWG061","X002I0P9BN","B0GJZBM7D4","Funny Nurse Gift Nurse Life Makeup Bag RN Nurses Practitioner Gifts Cosmetic Bag Pouch Nursing Graduation Gifts Nurses' Week Nurses Appreciation Gift Christmas Birthday Present Travel Toiletry Pouch","New","36","0","0","42","0","0","0","0","0","GBP","2","4","4","6","Low traffic","4.79","0.0","4.79","0.0","Advertise listing","0","0.0","0","0","136.24","0.18","0.015476","cubic feet","Standard","0.557136","UK","gl_luggage","242946","366","0","36","78","4.79","7.98","15.96","15.96","25.78","0","5","37","0","0","0.4","0","0","0","0","3","0","","","","","","","","","","","","","662.5","0","","2026-08-09","662.5","161.8","2026-08-10","36","3","0","0","366","N","","",""
"2026-08-13","DWG2602018","X002IBESUF","B0GLG2BBSH","Fuel Tank Cap Tether,Universal Fuel Tank Caps Line Band Cord, Filler Gas Cap Rubber Rope,Filler Gas Cover Replacement Retaining Strap and Ring,Oil Caps Cable Wire Compatible","New","27","0","0","28","0","0","0","0","0","GBP","2","7","15","20","","4.09","0.0","4.09","0.0","NoRestockExcessActionRequired","27","0.0","0","0","0.0","1.29","0.003531","cubic feet","Standard","0.095337","UK","gl_automotive","94371","88","0","15","17","4.09","6.82","23.87","51.15","68.2","22","6","0","0","0","0.06","0","0","0","0","1","0","","","","","","","","","","","","","103.3","7","2026-09-07","2026-08-09","103.3","42.2","2026-08-10","27","1","0","0","91","N","","",""
"2026-08-13","DWG2602044","X002IEJPWX","B0GM5YZBVF","2 Pairs Cotton Gloves Touchscreen, Cut 5 Fingertips, Moisturizing Night Gloves, Size M (2 Pairs)","New","33","0","0","34","0","0","0","0","0","GBP","0","0","2","10","Low traffic","4.09","0.0","4.09","0.0","NoRestockExcessActionRequired","0","0.0","0","0","68.64","0.77","0.003531","cubic feet","Standard","0.116523","UK","gl_drugstore","346395","366","0","","42","4.09","0.0","0.0","7.14","39.06","25","9","0","0","0","0.08","0","0","0","0","1","0","","","","","","","","","","","","","","0","","","","124.4","2026-08-10","33","1","0","0","366","N","","",""
"2026-08-13","DWG511201","X002G1W6X3","B0CTX77VT6","Spring clamp hook, 304 stainless steel metal clamp Heavy duty rope connector small calipers key chain buckle hammock swing set Outdoor travel camping fishing hiking","New","5","0","0","6","0","0","0","0","0","GBP","0","3","3","7","Low traffic","3.79","0.0","3.79","0.0","NoRestockExcessActionRequired","0","0.0","0","0","5.66","1.4","4.24E-4","cubic feet","Standard","0.00212","UK","gl_sports","187648","45","0","6","9","3.79","0.0","9.48","9.48","22.12","6","0","0","0","0","0.0","0","0","0","0","1","0","","","","","","","","","","","","","71.7","4","2026-08-11","2026-08-09","71.7","39.1","2026-08-10","5","1","0","0","56","N","","",""
"2026-08-13","DWG511167","X002G2M2WR","B0G1GCZWJG","Broadway Musical-Themed Cosmetic Bag, 'I'm Not Exaggerating, I'm Dramatic,' A Gift for Broadway Fans and Theater Lovers","New","41","0","0","0","0","41","0","0","0","GBP","0","4","7","8","Low traffic","5.39","0.0","5.39","0.0","Advertise listing","0","0.0","0","0","290.11","0.17","0.02561","cubic feet","Standard","1.05001","UK","gl_luggage","174549","366","41","41","66","5.39","0.0","18.3","32.78","37.85","0","0","0","41","0","0.73","0","0","0","0","0","0","","","","","","","","","","","","","515.9","0","","2026-08-09","323.8","515.9","2026-08-10","41","0","0","0","366","Y","Holiday Season","2026-10-31","2027-01-09"
"2026-08-13","Y1121","X0026M2I49","B0DP4QQNJN","Soap travel case ，Plastic Soap Dish with Drainage,Soap Dishes Holder for Bathroom Shower，Keep Soap Dry and Easy Cleaning ，soap dish travel，soap holder travel(White)","New","23","0","0","23","0","0","0","0","0","GBP","5","20","38","41","Low traffic","4.09","0.0","4.09","0.0","NoRestockExcessActionRequired","0","0.0","0","0","81.79","2.25","0.006215","cubic feet","Standard","0.142945","UK","gl_home","143929","92","0","8","13","4.09","17.05","68.2","129.19","139.49","23","0","0","0","0","0.1","20","0","20","0","0","0","","","","","","","","","","","","","41.8","17","2026-09-03","2026-08-09","29.8","41.8","2026-08-10","43","0","0","0","92","N","","",""
"2026-08-13","DWG51031","X002FP4U11","B0FXRRDX5R","2 Pcs Rhinestone Hair Clips Women, Gold Sparkly Hair Clips, Wedding Hairs Accessories, Wedding Hairs Accessories for Women or Girls","New","12","0","0","12","0","0","0","0","0","GBP","4","15","18","34","Low traffic","5.59","0.0","5.59","0.0","CreateShippingPlan","12","0.0","0","0","0.0","2.4","0.003531","cubic feet","Standard","0.042372","UK","gl_beauty","127647","22","0","3","4","5.59","18.64","68.03","81.5","152.78","12","0","0","0","0","0.02","0","0","0","0","0","0","","","","","","","","","","","","","46.8","35","2026-08-11","2026-08-09","46.8","25.8","2026-08-10","12","0","0","0","22","N","","",""
"2026-08-13","DWG51180","X002G1V8ZP","B0D8VKK9SQ","2pcs Aluminum Oil Drain Plug Cover Oil Drain Screw Compatible With Yamaha Compatible With Wolverine Motorcycle Oil Plug Replacement Kit 4HC-15351-00-00, 48mm","New","16","0","0","10","7","0","0","0","0","GBP","0","1","5","10","Low traffic","6.69","0.0","6.69","0.0","NoRestockExcessActionRequired","16","0.0","0","0","0.0","0.54","0.003417","cubic feet","Standard","0.054672","UK","gl_automotive","150743","162","0","64","20","6.69","0.0","5.74","28.95","59.75","0","0","10","0","0","0.03","0","0","0","0","1","0","","","","","","","","","","","","","265.5","0","","2026-08-09","265.5","167.4","2026-08-10","16","1","0","0","171","N","","",""
"2026-08-13","DWG511177","X002G1YXXJ","B0G1BZ7XHY","10 Pack 20 Inch Waxed Necklace Cords, 1.5mm Black Waxed Leather Cord Rope with Clasp, Bulk Necklace String for Jewelry Making, DIY Bracelets, Pendants & Craft Projects","New","34","0","0","36","0","0","0","0","0","GBP","1","5","5","17","Low traffic","3.89","0.0","3.89","0.0","NoRestockExcessActionRequired","0","3.34","52","0","116.88","0.81","0.003531","cubic feet","Standard","0.120054","UK","gl_home","785263","134","0","27","26","3.89","3.24","16.2","16.2","53.58","36","0","0","0","0","0.08","0","0","0","0","1","0","","","","","","","","","","","","","237.3","0","","2026-08-09","237.3","69.1","2026-08-10","34","1","0","0","140","N","","",""
"2026-08-13","DWG51118-1","X002LNRNV1","B0H2S33LMZ","3Pcs Adjustable Glasses Strap, Non-Slip Sports Glasses Holder Elastic Silicone Sunglasses Strap No Tail Sunglasses Holder Neck Lanyard Cord Eyewear Retainer for Men Women Teenagers","New","30","2","0","32","0","0","0","0","0","GBP","2","2","8","8","Low traffic","4.49","0.0","4.49","0.0","NoRestockExcessActionRequired","","","0","0","","0.52","7.06E-4","cubic feet","Apparel","0.02118","UK","gl_apparel","242201","277","0","60","48","4.49","7.48","7.48","30.17","30.17","30","0","2","0","0","","0","0","0","0","0","0","","","","","","","","","","","","","50.8","0","","2026-08-09","29.0","50.8","2026-08-10","32","0","0","0","277","N","","",""
"2026-08-13","DWG2602122","X002IB9AAX","B0GLG35JKV","12pcs Dust Cleaning Brushes with USB-C & Lightning Dust Plugs, Anti-Dust Set for Phone, Laptop, Keyboard & Charging Port Protection","New","10","0","0","0","10","0","0","0","0","GBP","","","","","Low traffic","6.39","0.0","6.39","0.0","Advertise listing","0","0.0","0","0","24.54","0.0","0.003531","cubic feet","Standard","0.03531","UK","gl_office_product","","","10","","","6.79","","","","","0","0","0","0","0","0.02","0","0","0","0","0","0","","","","","","","","","","","","","","0","","","","","2026-08-10","10","0","0","0","","N","","",""
"2026-08-13","RPADWG080","X002I10XDL","B0GK18CX23","2 Pcs Flea Comb for Dogs and Cats, Cat Dog Flea Comb, Stainless Steel Pet Combs with Thick Rounded Teeth for Short Long Haired Pets","New","12","0","0","12","0","0","0","0","0","GBP","0","4","8","12","Low traffic","4.39","0.0","4.39","0.0","NoRestockExcessActionRequired","0","0.0","0","0","46.39","1.12","0.003531","cubic feet","Standard","0.042372","UK","gl_beauty","91935","86","0","12","13","4.39","0.0","14.64","29.28","44.08","12","0","0","0","0","0.03","0","0","0","0","0","0","","","","","","","","","","","","","99.3","2","2026-08-22","2026-08-09","99.3","60.0","2026-08-10","12","0","0","0","86","N","","",""
"2026-08-13","Y1196-1-2","X0026R3RHL","B0DPHF1CSP","Kitchen Sink Faucet Aerator Solid Brass 80-Degree Big Angle Swivel Faucet Aerator Dual-Function 2 Sprayer Kitchen Faucet Attachment Swivel Sprayer- 360-Degree Swivel- Polished Chrome(FM22)","New","3","0","0","3","0","0","0","0","0","GBP","0","0","0","0","Low traffic","6.49","0.0","6.49","0.0","Lower price","0","0.0","0","0","12.31","0.0","0.001673","cubic feet","Standard","0.005019","UK","gl_home_improvement","803963","366","0","","","5.99","0.0","0.0","0.0","0.0","3","0","0","0","0","0.0","0","0","0","0","0","0","","","","","","","","","","","","","","0","","","","","2026-08-10","3","0","0","0","366","N","","",""
"2026-08-13","DWG511107-1","X002K8TDKV","B0GX52TG4N","3-in-1 Mens Texture Gel Comb, Slickback Hairstyling Wide Teeth Fantail Barber Comb Large Detangling Hairdressing Comb for Men Women Curly Shaping Wet Shampoo Barber Salon Hairstylist Tool","New","43","0","0","43","0","0","0","0","0","GBP","1","2","11","11","Low traffic","4.59","0.0","4.59","0.0","NoRestockExcessActionRequired","0","0.0","0","0","87.58","0.68","0.005798","cubic feet","Standard","0.249314","UK","gl_beauty","276402","366","0","86","50","4.59","3.82","7.64","42.02","42.02","35","8","0","0","0","0.11","0","0","0","0","0","0","","","","","","","","","","","","","159.7","0","","2026-08-09","159.7","91.2","2026-08-10","43","0","0","0","366","N","","",""
"2026-08-13","Y11201","X0026OH8N3","B0DP9NK7CD","COD Ghost Mask Skull Balaclava MW2 Skeleton Costume Full Head Ski Snood Mask Knitted Windproof Warmer Headwear for Bike Skateboard Motorcycle Snowboard Outdoor Sport Black","New","23","2","0","25","0","0","0","0","0","GBP","0","1","10","13","Low traffic","4.19","0.0","4.19","0.0","NoRestockExcessActionRequired","25","0.0","0","0","0.0","1.94","0.012713","cubic feet","Apparel","0.292399","UK","gl_apparel","447691","129","0","92","23","4.19","0.0","3.49","34.9","45.03","25","0","0","0","0","0.14","0","0","0","0","0","0","","","","","","","","","","","","","18.0","0","","2026-08-09","18.0","15.3","2026-08-10","25","0","0","0","129","Y","Halloween","2026-09-26","2026-11-06"
"2026-08-13","TB043-1","X0026BL535","B0DN69BGC6","Muffin Tray 12 Cup Silicone Pudding Tray, Muffin tin, Non-Stick Muffin Cupcake Tin for Muffins Cupcakes or Puddings,Non Stick Pudding Tray 12 Silicone(Grey)","New","12","0","0","2","9","1","0","0","0","GBP","1","2","10","12","Low traffic","6.19","0.0","6.19","0.0","NoRestockExcessActionRequired","8","0.0","0","0","54.06","0.71","0.053391","cubic feet","Standard","0.640692","UK","gl_kitchen","399833","89","0","24","13","6.19","5.16","10.32","50.75","60.9","2","0","0","1","0","0.45","0","0","0","0","0","0","","","","","","","","","","","","","135.1","0","","2026-08-09","121.3","135.1","2026-08-10","12","0","0","0","89","N","","",""
"2026-08-13","DWG51134","X002G1SZPV","B0D62R26JC","Eyelash Curler with No Pinching or Pulling Design - Just Beautifully Curled Eyelashes and Longer Looking Lash Line Curl - in Premium Matte Black Look","New","4","0","0","4","0","0","0","0","0","GBP","3","15","25","37","Low traffic","3.99","0.0","3.99","0.0","NoRestockExcessActionRequired","4","0.0","0","0","0.0","4.48","0.002119","cubic feet","Standard","0.008476","UK","gl_personal_care_appliances","119928","145","0","14","18","3.99","9.96","49.8","83.5","126.34","4","0","0","0","0","0.0","50","0","50","0","0","0","","","","","","","","","","","","","18.8","0","","2026-08-09","18.8","18.7","2026-08-10","54","0","0","0","145","N","","",""
"2026-08-13","DWG511196","X002G1XFFB","B0D8PNPQHV","TRHDFW Camera Soft Neoprene Padded Shoulder Neck Strap with Quick Release Buckles Universal Camcorder Vintage Sling Belt Strap for Women Men All DSLR SLR Cameras (Soft Black)","New","46","0","0","51","0","0","0","0","0","GBP","2","9","20","28","Low traffic","6.19","0.0","6.19","0.0","NoRestockExcessActionRequired","0","0.0","0","0","272.19","1.01","0.027471","cubic feet","Apparel","1.263666","UK","gl_apparel","","237","0","20","21","6.19","10.32","46.93","107.32","151.24","51","0","0","0","0","0.72","0","0","0","0","3","0","","","","","","","","","","","","","135.1","0","","2026-08-09","135.1","61.2","2026-08-10","46","3","0","0","256","N","","",""
"2026-08-13","TB203","X0026AB94V","B0DN1FRQ37","Dog Brush - Reduce Shedding by 95% - Double Sided Deshedding Dematting Tool - Undercoat Rake Dog, Cat Brush - Dog Brushes Shedding Hair - Dog Grooming Brush - Cat Grooming Brush, Blue，dematting comb f","New","35","10","0","17","0","0","0","0","0","GBP","3","23","24","60","Low traffic","6.29","0.0","6.29","0.0","CreateShippingPlan","0","0.0","0","0","189.5","13.33","0.015009","cubic feet","Standard","0.525315","UK","gl_pet_products","54534","126","0","6","7","6.29","15.72","118.48","123.55","295.89","17","0","0","0","0","0.47","0","0","0","0","0","1","","","","","","","","","","","","","33.4","0","","2026-08-09","33.4","13.8","2026-08-10","45","0","0","0","126","N","","",""
"2026-08-13","DWG511142","X002G2P0XF","B0G1H1P6RY","30 Round Keychains, Silver Keyrings, Stainless Steel Split Rings, Craft Keychains (0.98 Inches / 25 Mm)","New","51","0","0","51","3","0","0","0","0","GBP","2","4","8","39","Low traffic","4.19","0.0","4.19","0.0","NoRestockExcessActionRequired","0","2.82","52","0","164.85","1.27","0.003531","cubic feet","Apparel","0.180081","UK","gl_apparel","303550","325","51","51","17","4.19","6.98","13.96","28.42","129.85","51","0","0","0","0","0.1","0","0","0","0","3","0","","","","","","","","","","","","","639.5","0","","2026-08-09","639.5","71.6","2026-08-10","51","3","0","0","356","N","","",""
"2026-08-13","Y1107","X0026O70QX","B0DP8J1Q52","200PCS Dark Green Pipe Cleaners, 30cm x 6mm Chenille Stems, Soft Fluffy Bendable Craft Stems for DIY Art, Christmas Decorations, Tree Projects, Wreaths, Baubles & Kids Craft Activities","","0","0","0","1","0","0","0","0","0","GBP","1","8","11","13","","0.0","0.0","0.0","0.0","CreateShippingPlan","","","0","0","","1.45","0.021189","cubic feet","Standard","0.0","UK","gl_kitchen","","0","0","0","0","5.29","4.41","34.77","47.49","55.97","1","0","0","0","0","","0","0","0","0","0","0","","","","","","","","","","","","","58.3","7","2026-08-06","2026-08-09","5.4","58.3","2026-08-10","0","0","0","0","0","N","","",""
"2026-08-13","DWG511145","X002G2QN9P","B0G1H4VMG9","Cocktail Sticks 100 Counts Wooden Toothpicks Party Supplies Frill Finger Food Fruits Sandwich Nibbles","New","24","0","0","27","0","0","0","0","0","GBP","1","11","17","29","Low traffic","5.29","0.0","5.29","0.0","NoRestockExcessActionRequired","24","0.0","0","0","0.0","2.64","0.015217","cubic feet","Standard","0.365208","UK","gl_kitchen","364043","270","0","26","33","5.29","4.41","46.81","72.08","120.92","27","0","0","0","0","0.23","50","0","50","0","3","0","","","","","","","","","","","","","49.3","0","","2026-08-09","49.3","30.4","2026-08-10","74","3","0","0","281","N","","",""
"2026-08-13","RPADWG017","X002I0KEA9","B0GJZQXYPQ","10 Pair Eyeglass Nose Pads, Ultra-Strong Grip and Ultra-Soft, Soft Silicone Nose Pad Adhesive Air Bag Anti-Slip Glasses Nose Grips for Eye Glasses & Sunglasses(Black and White)","New","15","0","0","15","0","0","0","0","0","GBP","0","1","11","15","Low traffic","3.99","0.0","3.99","0.0","NoRestockExcessActionRequired","15","0.0","0","0","0.0","1.02","0.003531","cubic feet","Standard","0.052965","UK","gl_drugstore","177184","111","0","60","13","3.99","0.0","3.32","36.52","50.48","15","0","0","0","0","0.03","0","0","0","0","0","0","","","","","","","","","","","","","146.0","3","2026-08-22","2026-08-09","146.0","59.8","2026-08-10","15","0","0","0","111","N","","",""
"2026-08-13","DWG511202-1","X002J84LJ5","B0GS5QPB17","5 Pair of Silicone Nose Pad Nose Pad Push Into Nose Pad Glasses Sunglasses Glasses Repair Kit","New","26","0","0","16","9","0","0","0","0","GBP","0","0","1","1","Low traffic","3.49","0.0","3.49","0.0","Advertise listing","0","0.0","0","0","52.74","0.06","0.003531","cubic feet","Standard","0.091806","UK","gl_drugstore","297090","366","26","","338","3.49","0.0","0.0","3.16","3.16","1","15","0","0","0","0.06","0","0","0","0","0","0","","","","","","","","","","","","","","0","","","","1586.0","2026-08-10","26","0","0","0","366","N","","",""
"2026-08-13","DWG2603003","X002J45TQ3","B0GRMXC9M6","4 Pack Large Hollow Plastic Coloured Air Flow Pet Play Balls Dog Cat Puppy Toy Red Yellow Blue Orange Set","New","56","0","0","59","0","0","0","0","0","GBP","5","37","57","88","Low traffic","7.89","0.0","7.89","0.0","NoRestockExcessActionRequired","56","0.0","0","0","0.0","2.32","0.101389","cubic feet","","5.677784","UK","gl_pet_products","28659","88","0","9","13","7.89","32.85","243.09","373.37","568.61","39","20","0","0","0","0.12","35","0","35","0","0","0","","","","","","","","","","","","","47.3","27","2026-09-07","2026-08-09","47.3","26.0","2026-08-10","91","0","0","0","88","N","","",""
"2026-08-13","Y1189","X0026OFRIL","B0DP9N67HQ","3 Hole Knitted Balaclava Full Face Covering Winter Knitted Balaclava Protection Full Face Cover Thermal Winter Ski Black","New","9","0","0","9","0","0","0","0","0","GBP","8","11","11","23","Low traffic","4.39","0.0","4.39","0.0","CreateShippingPlan","9","0.0","0","0","0.0","3.83","0.028252","cubic feet","Apparel","0.254268","UK","gl_apparel","122217","21","0","3","5","4.39","29.28","40.26","40.26","82.82","9","0","0","0","0","0.09","0","0","0","0","0","0","","","","","","","","","","","","","33.8","24","2026-08-11","2026-08-09","33.8","20.9","2026-08-10","9","0","0","0","21","Y","Winter","2026-10-03","2027-02-06"
"2026-08-13","DWG2602051","X002IF8GYF","B0GMGTDKRJ","2 PCS Men's Black Bow Tie, Classic Solid Color Bow Ties for Men, Adjustable Men's Pre-Tied Tie for Parties, Wedding","New","22","0","0","15","7","0","0","0","0","GBP","0","0","2","3","Low traffic","4.09","0.0","4.09","0.0","Advertise listing","0","0.0","0","0","46.55","0.19","0.003531","cubic feet","Apparel","0.077682","UK","gl_apparel","1102282","366","22","","95","4.09","0.0","0.0","7.14","11.46","0","15","0","0","0","0.04","0","0","0","0","0","0","","","","","","","","","","","","","663.0","0","","2026-08-09","663.0","409.0","2026-08-10","22","0","0","0","366","N","","",""
"2026-08-13","TB072","X0026BF03V","B0DN63NTT6","Noodle Lattice Roller Pasta Spaghetti Kitchen Cooking Tools Pressing Dough Cutter Pasta Make Tool,Pasta Cutter,Pasta Cutter Lattice","New","2","0","0","2","0","0","0","0","0","GBP","1","3","8","9","Low traffic","5.99","0.0","5.99","0.0","NoRestockExcessActionRequired","2","0.0","0","0","0.0","1.8","0.013905","cubic feet","Standard","0.02781","UK","gl_kitchen","531070","128","0","29","31","5.99","4.99","14.97","39.92","44.91","0","0","2","0","0","0.01","20","0","20","0","0","0","","","","","","","","","","","","","67.1","0","","2026-08-09","36.7","67.1","2026-08-10","22","0","0","0","128","N","","",""
"2026-08-13","RPADWG008","X002I05VWP","B0GJYXXJ97","1 Sets Cat Sticky Notes,Cute Self-Stick Cartoon Animal Shape Note,Cat Shaped Memo Pads,Paper Clips Tab Supplies Markers Flags for Students Home Office Gifts(45 Sheets)","New","21","0","0","22","0","0","0","0","0","GBP","0","3","10","11","Low traffic","4.09","0.0","4.09","0.0","NoRestockExcessActionRequired","6","0.0","0","0","46.28","0.76","0.003531","cubic feet","Standard","0.074151","UK","gl_office_product","176659","119","0","28","24","4.09","0.0","10.23","34.1","37.67","15","0","7","0","0","0.05","0","0","0","0","1","0","","","","","","","","","","","","","123.4","0","","2026-08-09","121.3","123.4","2026-08-10","21","1","0","0","123","N","","",""
"2026-08-13","Y11213","X0026P6MLB","B0DPCCCPDH","Fashion Retro Y2k Rectangle Sunglasses Shades Sun Glasses Vintage Women UV400，retro sunglasses","New","58","0","0","62","0","0","0","0","0","GBP","1","7","17","24","Low traffic","5.09","0.0","5.09","0.0","NoRestockExcessActionRequired","58","0.0","0","0","0.44","0.66","0.003787","cubic feet","Footwear","0.219646","UK","gl_shoes","255295","213","0","33","31","5.09","4.24","29.68","70.55","99.04","62","0","0","0","0","0.12","0","0","0","0","4","0","","","","","","","","","","","","","225.7","0","","2026-08-09","225.7","102.7","2026-08-10","58","4","0","0","232","N","","",""
"2026-08-13","DWG511191","X002G2LWRN","B0G1GLYVD1","Lace lace bridal veil wedding dress wedding accessories","New","10","0","0","4","6","0","0","0","0","GBP","1","1","4","11","Low traffic","7.09","0.0","7.09","0.0","CreateShippingPlan","10","0.0","0","0","0.0","0.83","0.080599","cubic feet","Apparel","0.80599","UK","gl_apparel","163094","106","0","40","11","7.09","5.91","5.91","25.62","75.9","0","2","2","0","0","0.22","0","0","0","0","0","0","","","","","","","","","","","","","","0","","","","117.0","2026-08-10","10","0","0","0","106","N","","",""
"2026-08-13","DWG2602096","X002IDUGDV","B0GLYJC8M6","Hinge Pin Door Stopper Adjustable Heavy Duty Door Stop Heavy Duty Hinge Pin Stop for Preventing Damage Walls and Extra Security Home Office Doors","New","12","0","0","16","0","0","0","0","0","GBP","3","14","29","36","Low traffic","4.39","0.0","4.39","0.0","NoRestockExcessActionRequired","12","0.0","0","0","0.0","3.89","0.003531","cubic feet","Standard","0.042372","UK","gl_home_improvement","98584","69","0","9","11","4.39","10.98","51.24","106.14","131.76","16","0","0","0","0","0.03","20","0","20","0","4","0","","","","","","","","","","","","","61.8","15","2026-08-23","2026-08-09","61.8","41.2","2026-08-10","32","4","0","0","79","N","","",""
"2026-08-13","DWG2602104","X002IDL95F","B0GLXK4922","Olive Spoons, Plastic Pickle Fork, Multifunctional Two-in-one Olives Spoon with Pickle Picker, for Olives, Onions, Fruits, Canned Foods (Green)","New","8","0","0","0","8","0","0","0","0","GBP","0","1","1","1","Low traffic","4.29","0.0","4.29","0.0","Advertise listing","0","0.0","0","0","33.28","0.11","0.003531","cubic feet","Standard","0.028248","UK","gl_kitchen","804104","366","8","32","104","4.29","0.0","3.57","3.57","3.57","0","0","0","0","0","0.02","0","0","0","0","0","0","","","","","","","","","","","","","804.0","0","","2026-08-09","264.0","804.0","2026-08-10","8","0","0","0","366","N","","",""
"2026-08-13","DWG51114","X002G1U90P","B0D8T59FPZ","Engine Oil Filler Cap - Compatible with Ford 107 206 207 208 2008 307 308 Vivaro C S-MAX B-max C-max Fiesta 9670015080 1713791 1180S5","New","47","0","0","50","0","0","0","0","0","GBP","2","11","21","36","Low traffic","5.89","0.0","5.89","0.0","NoRestockExcessActionRequired","47","0.0","0","0","0.0","1.48","0.025551","cubic feet","Standard","1.200897","UK","gl_automotive","78189","166","0","17","16","5.89","9.82","54.01","103.11","176.76","50","0","0","0","0","0.73","0","0","0","0","3","0","","","","","","","","","","","","","109.1","0","","2026-08-09","109.1","43.0","2026-08-10","47","3","0","0","177","N","","",""
"2026-08-13","DWG2603017","X002J4K0YJ","B0GRMWJZP5","3 Pcs Hair Barrettes For Women Medium French Design Barrette Clips Tortoise Shell Hair Clips For Thin Fine","New","2","0","0","0","2","0","0","0","0","GBP","1","4","8","13","Low traffic","6.39","0.0","6.39","0.0","CreateShippingPlan","0","0.0","0","0","4.78","1.53","0.003531","cubic feet","","0.007062","UK","gl_beauty","167657","9","0","2","2","6.39","5.32","21.28","42.56","69.16","0","0","0","0","0","0.0","0","0","0","0","0","0","","","","","","","","","","","","","60.8","16","2026-08-05","2026-08-09","27.0","60.8","2026-08-10","2","0","0","0","9","N","","",""
"2026-08-13","RPADWG016","X002I0KGZH","B0GJYW1MB2","4 PCS Head Bands for Men, Plastic Plain Sport Headbands Elastic Comb Non-slip Hair Band, DIY Hair Hoop Gripper Teeth Hairbandfor Men and Women","New","11","0","0","10","1","0","0","0","0","GBP","1","3","8","9","Low traffic","4.09","0.0","4.09","0.0","NoRestockExcessActionRequired","11","0.0","0","0","0.11","0.67","0.003531","cubic feet","Standard","0.038841","UK","gl_beauty","227299","286","0","41","44","4.09","3.41","10.23","27.28","31.02","0","10","0","0","0","0.02","20","0","20","0","0","0","","","","","","","","","","","","","205.0","0","","2026-08-09","205.0","139.3","2026-08-10","31","0","0","0","286","N","","",""
"2026-08-13","RPADWG074","X002I12OHT","B0GK1D7SFH","Inspirational Bee Happy Bookmark, Silver, Stainless Steel, 1 Count","New","18","0","0","21","0","0","0","0","0","GBP","1","9","10","19","Low traffic","3.99","0.0","3.99","0.0","NoRestockExcessActionRequired","19","0.0","0","0","0.5","1.63","0.003531","cubic feet","Standard","0.063558","UK","gl_office_product","62856","257","0","21","32","3.99","3.32","29.88","33.45","65.58","15","6","0","0","0","0.04","30","0","30","0","3","0","","","","","","","","","","","","","83.5","0","","2026-08-09","83.5","61.0","2026-08-10","48","3","0","0","272","N","","",""
"2026-08-13","DWG51174","X002G1V4MH","B0D8T4NT4K","Engine Oil Filler Cap Cover Lid 0000101685 Oil Filler Cover Replacement for Mercedes Benz Sprinter 2500 3500","New","20","0","0","20","0","0","0","0","0","GBP","1","3","6","10","Low traffic","8.09","0.0","8.09","0.0","NoRestockExcessActionRequired","20","0.0","0","0","0.0","0.47","0.00445","cubic feet","Standard","0.089","UK","gl_automotive","157611","178","0","26","26","8.09","6.74","20.88","42.26","72.65","0","0","20","0","0","0.06","0","0","0","0","0","0","","","","","","","","","","","","","217.0","0","","2026-08-09","217.0","193.9","2026-08-10","20","0","0","0","178","N","","",""
"2026-08-13","DWG2602031","X002IE3GRD","B0GM51MWZQ","2 Pcs Silicone Protector Covers Hair Dye Ear Shield Waterproof Covers for Shower Hair Dyer Salon Barber-for Adult","New","13","0","0","15","0","0","0","0","0","GBP","2","15","18","40","Low traffic","5.28","0.0","5.28","0.0","NoRestockExcessActionRequired","","","0","0","","7.27","0.003531","cubic feet","Standard","0.045903","UK","gl_beauty","137133","44","0","11","13","5.28","8.8","66.0","79.2","174.64","15","0","0","0","0","","30","0","30","0","1","0","","","","","","","","","","","","","28.8","41","2026-08-12","2026-08-09","28.8","12.8","2026-08-10","43","1","0","0","46","N","","",""
"2026-08-13","DWG2602113","X002IBDTDR","B0GLG5Z6Q2","4 Pcs Leather D Ring Buckle Strap Set for DIY Handbag Making, Sew On Bag Clips for Handbags Multi Color D Rings Wallet Hanging Buckle for Sewing Rucksack Clips Backpack Buckles and Clasps","New","15","0","0","15","0","0","0","0","0","GBP","2","5","6","8","Low traffic","3.79","0.0","3.79","0.0","NoRestockExcessActionRequired","0","0.0","0","0","55.2","0.77","0.003531","cubic feet","Apparel","0.052965","UK","gl_apparel","181631","106","0","12","24","3.79","6.32","15.8","18.96","25.94","1","14","0","0","0","0.03","0","0","0","0","0","0","","","","","","","","","","","","","182.0","0","","2026-08-09","182.0","123.1","2026-08-10","15","0","0","0","106","N","","",""
"2026-08-13","DWG2602052","X002IFFJQN","B0GMH59G6H","Blue Light Blocking Clear Lens Glasses Anti Blue Ray Unisex for Women Girl and Men","New","42","5","0","48","0","0","0","0","0","GBP","4","15","32","47","Low traffic","4.83","0.0","4.83","0.0","NoRestockExcessActionRequired","","","0","0","","2.27","0.003531","cubic feet","Footwear","0.148302","UK","gl_shoes","72896","138","0","19","19","4.83","16.08","60.3","128.64","189.28","45","3","0","0","0","","30","0","30","0","1","1","","","","","","","","","","","","","55.4","0","","2026-08-09","55.4","32.4","2026-08-10","77","1","0","0","140","N","","",""
"2026-08-13","RPADWG046","X002I1OMM9","B0GK5WPJ3G","Universal Vacuum Cleaner Crevice Tool Nozzle, 35mm Universal Vacuum Cleaner Accessories Flat Suction Seam Nozzle for Home Wet Dry Vacuum 1 Pc","New","47","11","0","70","0","0","0","0","0","GBP","10","41","74","86","Low traffic","6.99","0.0","6.99","0.0","NoRestockExcessActionRequired","58","0.0","0","0","0.0","3.66","0.003531","cubic feet","Standard","0.165957","UK","gl_home","185804","61","0","7","11","6.99","58.2","238.62","430.68","498.76","70","0","0","0","0","0.13","30","0","30","0","10","2","","","","","","","","","","","","","24.4","49","2026-08-22","2026-08-09","24.4","15.3","2026-08-10","88","9","1","0","69","N","","",""
"2026-08-13","DWG2602029-1","X002IEMP75","B0GM8432Y3","2pcs Red Black Hair Bow, Velvet Bow Hair Clip - Large Satin Ribbon Bows with Long Ribbon - Vintage Party Accessories for Women Girls","New","10","0","0","0","10","0","0","0","0","GBP","","","","","Low traffic","5.09","0.0","5.09","0.0","Advertise listing","0","0.0","0","0","24.1","0.0","0.003531","cubic feet","Standard","0.03531","UK","gl_beauty","","","10","","","5.29","","","","","0","0","0","0","0","0.02","0","0","0","0","0","0","","","","","","","","","","","","","","0","","","","","2026-08-10","10","0","0","0","","N","","",""
"2026-08-13","TB222","X00269X8XR","B0DN133H55","Fidget Pad with 8 Fidget Functions, Fidget Controller Stress Reducer, Fidget Toy Cube Relieves Stress and Anxiety Toys for ADD ADHD Autism Children and Adults,fidget pad (Graffiti + Rainbow)","","0","0","0","1","0","0","0","0","0","GBP","0","2","11","33","","0.0","0.0","0.0","0.0","CreateShippingPlan","","","0","0","","3.78","0.003712","cubic feet","Standard","0.0","UK","gl_toy","","0","0","0","0","7.09","0.0","11.82","65.01","194.67","0","0","1","0","0","","0","0","0","0","0","0","","","","","","","","","","","","","20.8","43","2026-07-19","2026-08-09","12.0","20.8","2026-08-10","0","0","0","0","0","Y","Holiday Season","2026-10-17","2027-01-01"
"2026-08-13","DWG51172-1","X002LZ3HNH","B0H45FPP5R","","New","14","0","0","15","0","0","0","0","0","GBP","","","","","Low traffic","6.19","0.0","6.19","0.0","Advertise listing","","","0","0","","0.0","0.003531","cubic feet","Standard","0.049434","UK","","","299","0","","","6.19","","","","","15","0","0","0","0","","0","0","0","0","0","0","","","","","","","","","","","","","","0","","","","","2026-08-10","14","0","0","0","299","N","","",""
"2026-08-13","DWG2602088","X002IETZ4V","B0GMC54Q6W","4-Piece Tweezers Set - Professional Stainless Steel Self Locking Hobby Tweezers for Craft/Jewellery/Stamps/Model Making/Electronics,Stone Picking Tool","New","35","0","0","36","1","0","0","0","0","GBP","0","0","2","7","Low traffic","4.69","0.0","4.69","0.0","Advertise listing","0","0.0","0","0","141.27","0.41","0.001059","cubic feet","Standard","0.037065","UK","gl_home_improvement","566906","366","35","","65","4.69","0.0","0.0","8.14","30.59","21","15","0","0","0","0.03","0","0","0","0","2","0","","","","","","","","","","","","","","0","","","","178.4","2026-08-10","35","2","0","0","366","N","","",""
"2026-08-13","Y11175","X0026NHT3D","B0DP74WZQ8","10 Pack 4cm Red Pom Poms Craft Fluffy Fuzzy Pom Pom Balls,pom pom red,fluffy balls, (Red)","New","44","0","0","2","31","13","0","0","0","GBP","5","12","24","36","Low traffic","4.69","0.0","4.69","0.0","NoRestockExcessActionRequired","44","0.0","0","0","0.0","0.56","0.014126","cubic feet","Standard","0.621544","UK","gl_home","141586","55","0","14","15","4.69","19.55","46.92","93.84","140.42","0","1","1","13","0","0.41","0","0","0","0","1","0","","","","","","","","","","","","","168.6","24","2026-08-21","2026-08-09","124.6","168.6","2026-08-10","44","1","0","0","56","N","","",""
"2026-08-13","DWG2602046","X002IELJPJ","B0GM72QVSG","12pcs Gel Finger Cots Silicone Protectors, Breathable Sleeves Bandages, Finger Covers with Hole for Hand Eczema, Cracking, 2 Colors","New","29","0","0","33","0","0","0","0","0","GBP","1","2","9","12","Low traffic","6.09","0.0","6.09","0.0","NoRestockExcessActionRequired","","","0","0","","0.98","0.003531","cubic feet","Standard","0.102399","UK","gl_biss","99679","190","0","58","31","6.09","5.07","10.48","49.85","67.16","31","0","2","0","0","","0","0","0","0","3","1","","","","","","","","","","","","","562.0","0","","2026-08-09","562.0","96.7","2026-08-10","29","3","0","0","211","Y","Holiday Season","2026-10-31","2027-04-10"
"2026-08-13","DWG51030","X002FOMVJZ","B0FXRQVYBF","Professional Tail Comb for Women – Fine Tooth Anti-Static Rat Tail Comb with Long Handle for Sectioning, Parting, Teasing & Styling","New","22","0","0","23","0","0","0","0","0","GBP","4","15","34","43","Low traffic","4.49","0.0","4.49","0.0","NoRestockExcessActionRequired","22","0.0","0","0","0.0","1.77","0.007681","cubic feet","Standard","0.168982","UK","gl_beauty","67147","109","0","13","15","4.49","14.96","56.1","127.16","160.82","23","0","0","0","0","0.11","30","0","30","0","1","0","","","","","","","","","","","","","56.0","0","","2026-08-09","53.8","56.0","2026-08-10","52","1","0","0","111","N","","",""
"2026-08-13","DWG51135","X002G1IU01","B0D69BYCXT","TRHDFW 5 Pairs of Glasses Nose Pads,Replacement Glasses Rubber Nose.Soft Gel Fit Non-Slip Eye Handle Replacement Parts Protect Eyeglasses Bridge Repair Kit Children's Eyeglasses Sunglasses","New","24","0","0","24","0","0","0","0","0","GBP","1","10","21","37","Low traffic","3.89","0.0","3.89","0.0","NoRestockExcessActionRequired","24","0.0","0","0","0.0","1.54","8.48E-4","cubic feet","Standard","0.020352","UK","gl_drugstore","91233","235","0","29","26","3.89","3.24","32.4","68.04","122.76","0","24","0","0","0","0.01","50","0","50","0","2","0","","","","","","","","","","","","","68.2","0","","2026-08-09","68.2","47.5","2026-08-10","74","2","0","0","241","N","","",""
"2026-08-13","DWG2602099","X002IDT501","B0GLYJLY7N","‌Stainless Steel To My Love Engraved Keychain - Never Forget That I LOVE YOU Romantic Gift for Boyfriend, Girlfriend, Husband, Wife, Anniversary, Birthday‌","","0","0","0","0","1","0","0","0","0","GBP","","","","","","0.0","0.0","0.0","0.0","NoRestockExcessActionRequired","","","0","0","","0.0","0.003531","cubic feet","Apparel","0.0","UK","gl_apparel","","","0","","","2.91","","","","","0","0","0","0","0","","0","0","0","0","0","0","","","","","","","","","","","","","","0","","","","","2026-08-10","0","0","0","0","","N","","",""
"2026-08-13","RPADWG039","X002I066QF","B0GJYWKZYC","Silver Pack of 2 Racing 3 Electrode Spark Plug A7tc for 50cc 110cc 125cc 150cc Atv Scooter Dirt Bike Go Kart Spark Plugs and Accessories Ignition and Tools","New","43","0","0","43","0","0","0","0","0","GBP","3","15","26","40","","5.78","0.0","5.78","0.0","NoRestockExcessActionRequired","0","0.0","0","0","192.83","2.64","0.003531","cubic feet","Standard","0.151833","UK","gl_automotive","27284","171","0","19","23","5.93","14.46","72.78","127.56","197.28","43","0","0","0","0","0.11","30","0","30","0","0","0","","","","","","","","","","","","","58.3","0","","2026-08-09","58.3","32.4","2026-08-10","73","0","0","0","171","N","","",""
"2026-08-13","Y1185","X0026OFOEN","B0DP9NS19C","Plastic Cat Litter Shovel Cat Poop Scoop Cat Litter Tray Scoop Handy Sand Sifter Poop Sieve Cleaning Tool Shovel Scoop Cat Scoop Set (Grey)","New","74","0","0","79","0","0","0","0","0","GBP","2","11","27","62","Low traffic","6.09","0.0","6.09","0.0","NoRestockExcessActionRequired","74","0.0","0","0","0.0","1.15","0.024807","cubic feet","Standard","1.835718","UK","gl_pet_products","55557","123","0","26","15","6.09","10.14","55.77","138.61","315.6","42","16","21","0","0","1.09","0","0","0","0","4","0","","","","","","","","","","","","","220.5","0","","2026-08-09","220.5","60.4","2026-08-10","74","4","0","0","130","N","","",""
"2026-08-13","TB085","X00269Q2QH","B0DMZYHQ9Z","Catnip Toy, 3PCS Cat Chew Toys, Bite Resistant Catnip Toys with Bell Inside, Plush Cartoon Kitten Teething Interactive Toy","New","1","0","0","1","0","0","0","0","0","GBP","0","0","0","0","Low traffic","4.19","0.0","4.19","0.0","Advertise listing","0","0.0","0","0","6.71","0.0","0.011866","cubic feet","Standard","0.011866","UK","gl_pet_products","246072","366","0","","","4.19","0.0","0.0","0.0","0.0","0","0","1","0","0","0.01","0","0","0","0","0","0","","","","","","","","","","","","","","0","","","","","2026-08-10","1","0","0","0","366","Y","Holiday Season","2026-10-24","2027-01-09"
"2026-08-13","TB134","X00269TM73","B0DMZYP5S2","Pet Supplies Knitted Jumper Sweater Winter Warm Puppy Dog Clothes Costume for Small Dogs and Cats","New","37","0","0","0","3","48","0","0","0","GBP","3","8","10","15","Low traffic","5.69","0.0","5.69","0.0","NoRestockExcessActionRequired","37","0.0","0","0","0.0","0.25","0.013243","cubic feet","Standard","0.489991","UK","gl_pet_products","54904","59","0","18","32","5.69","14.22","37.92","48.06","76.67","0","0","0","48","0","0.33","0","0","0","0","14","0","","","","","","","","","","","","","321.9","4","2026-08-27","2026-08-09","216.1","321.9","2026-08-10","37","14","0","0","75","N","","",""
"2026-08-13","DWG511250","X002G1R30T","B0D5XJ9JM6","TRHDFW Makeup Mirror,Portable Small Mirror,Compact Vanity Makeup Mirror for Women and Girls,Both Work and Travel Can Be Carried With You.(Love","New","12","0","0","13","0","0","0","0","0","GBP","4","7","11","15","Low traffic","3.59","0.0","3.59","0.0","NoRestockExcessActionRequired","12","0.0","0","0","0.0","1.3","0.001607","cubic feet","Standard","0.019284","UK","gl_home","297959","57","0","6","10","3.59","11.96","20.93","32.55","43.83","13","0","0","0","0","0.01","0","0","0","0","0","0","","","","","","","","","","","","","85.7","9","2026-08-21","2026-08-09","85.7","72.0","2026-08-10","12","0","0","0","57","N","","",""
"2026-08-13","TB249-1","X0026BA9O1","B0DN5LBHNF","9PCSCarpet Mat Gripper - Reusable, non-slip, washable, non-slip, carpet mat gripper for hardwood floors and tiles with double-sided self-adhesive to keep carpet flat，rug grips，rug gripper","New","1","0","0","0","1","0","0","0","0","GBP","0","0","0","0","Low traffic","3.39","0.0","3.39","0.0","Advertise listing","0","0.0","0","0","3.64","0.0","","","Other","","UK","gl_kitchen","1335433","366","1","","","3.39","0.0","0.0","0.0","0.0","0","0","0","0","0","0.0","0","0","0","0","0","0","","","","","","","","","","","","","","25","2025-11-14","","","","2026-08-10","1","0","0","0","366","N","","",""
"2026-08-13","DWG2602035","X002IEE7RB","B0GM5S1HND","Fire Blower Pipe Portable Fire Bellows Fires Bellows Tool Heat-Resistant Telescopic Camping Blow Tube Stainless Steel Blower for Campfires Fireplace Outdoor Activities","New","25","3","0","20","8","0","0","0","0","GBP","0","1","2","2","Low traffic","4.09","0.0","4.09","0.0","Advertise listing","0","0.0","0","0","59.16","0.14","0.003531","cubic feet","Standard","0.088275","UK","gl_home","180247","366","28","100","162","4.09","0.0","3.41","6.82","6.82","20","0","0","0","0","0.07","0","0","0","0","0","0","","","","","","","","","","","","","855.0","0","","2026-08-09","264.0","855.0","2026-08-10","28","0","0","0","366","N","","",""
"2026-08-13","DWG2603007","X002J4M5BF","B0GRMN4CL1","Low Back Bra Converter Straps,3 Pack Women Backless Bra Extension Adjustable Deep V Neck Strap for Lady Girl Backless Dress Wedding Party 1.9CM","New","39","0","0","42","0","0","0","0","0","GBP","5","9","49","59","Low traffic","4.19","0.0","4.19","0.0","NoRestockExcessActionRequired","","","0","0","","4.3","0.003531","cubic feet","","0.137709","UK","gl_apparel","123737","193","0","52","26","4.19","17.45","31.41","167.44","202.34","42","0","0","0","0","","80","0","80","0","1","0","","","","","","","","","","","","","36.9","0","","2026-08-09","36.9","16.2","2026-08-10","119","1","0","0","194","N","","",""
"2026-08-13","DWG51189-1","X002J86T1D","B0GS5RHDTT","Universal Pot Lid Knob, Stainless Steel Replacement Knob 51x28mm for Glass,Stainless Steel Pan Cover Lid, Pack of 4","New","21","16","0","30","7","0","0","0","0","GBP","2","4","6","8","Low traffic","7.29","0.0","7.29","0.0","NoRestockExcessActionRequired","0","0.0","0","0","80.83","0.42","0.003531","cubic feet","Standard","0.074151","UK","gl_home","686576","288","37","21","34","7.29","12.14","24.28","36.76","50.74","30","0","0","0","0","0.09","0","0","0","0","0","0","","","","","","","","","","","","","167.0","0","","2026-08-09","128.3","167.0","2026-08-10","37","0","0","0","288","N","","",""
"2026-08-13","DWG51119","X002G1C30J","B0D62RBC19","TRHDFW Elegant Elven green leaf enamel pin brooch for women, men, cape pin buckle gifts","New","55","0","0","57","0","0","0","0","0","GBP","0","3","7","14","Low traffic","3.49","0.0","3.49","0.0","NoRestockExcessActionRequired","55","0.0","0","0","0.0","0.42","0.001695","cubic feet","Apparel","0.093225","UK","gl_jewelry","455558","179","0","73","51","3.49","0.0","8.73","20.37","40.74","30","0","27","0","0","0.06","0","0","0","0","2","0","","","","","","","","","","","","","477.0","0","","2026-08-09","477.0","178.8","2026-08-10","55","2","0","0","184","N","","",""
"2026-08-13","TB145-1","X00269Y4LH","B0DN14ZYBP","Pot and Pan Protectors, Set of 12 and 3 Different Size, Pot Dividers Pads/Stacking Pan Protectors/Pan Separators Pads for Protecting and Separating Pots and Pans","New","8","0","0","8","0","0","0","0","0","GBP","2","2","2","2","Low traffic","7.29","0.0","7.29","0.0","Advertise listing","0","0.0","0","0","71.88","0.29","0.042378","cubic feet","Standard","0.339024","UK","gl_home","414545","366","0","16","52","7.29","12.14","12.14","12.14","12.14","0","0","8","0","0","0.24","0","0","0","0","0","0","","","","","","","","","","","","","","0","","","","","2026-08-10","8","0","0","0","366","N","","",""
"2026-08-13","DWG51189","X002G1SV91","B0D8VQP88H","TRHDFW Universal Pot Lid Knob, Stainless Steel Replacement Knob 51x28mm for Glass,Stainless Steel Pan Cover Lid, Pack of 4","New","36","0","0","41","0","0","0","0","0","GBP","0","1","3","10","Low traffic","6.99","0.0","6.99","0.0","NoRestockExcessActionRequired","0","0.0","0","0","173.05","0.43","0.009641","cubic feet","Standard","0.347076","UK","gl_home","869960","366","0","144","46","6.99","0.0","5.82","17.8","59.73","3","38","0","0","0","0.24","0","0","0","0","3","0","","","","","","","","","","","","","1208.0","0","","2026-08-09","1208.0","150.9","2026-08-10","36","3","0","0","366","N","","",""
"2026-08-13","Y11242","X0026OISHD","B0DP9QWKJJ","Creative Travel Handmade Soap Box Waterproof and leakproof Soap Box & Sealed Portable Outdoor Soap Box,soap box (Black)","New","26","0","0","0","28","0","0","0","0","GBP","2","5","6","6","Low traffic","5.29","0.0","5.29","0.0","NoRestockExcessActionRequired","27","0.0","0","0","0.0","0.16","0.016951","cubic feet","Standard","0.440726","UK","gl_home","223469","194","0","20","56","5.29","8.82","22.05","26.62","26.62","0","0","0","0","0","0.29","0","0","0","0","1","0","","","","","","","","","","","","","727.8","0","","2026-08-09","310.3","727.8","2026-08-10","26","1","0","0","202","N","","",""
"2026-08-13","DWG511232","X002G1RRFP","B0D8PBG1BT","TRHDFW 2 Pcs Window Breaker Portable Mini Car Window Breaker Escape Tool Mini Glass Breaker for Land or Underwater Emergency Life-Saving","New","60","0","0","65","0","0","0","0","0","GBP","7","25","38","45","Low traffic","5.79","0.0","5.79","0.0","NoRestockExcessActionRequired","9","0.0","0","0","101.1","1.29","0.003337","cubic feet","Apparel","0.20022","UK","gl_apparel","36595","105","0","9","17","5.79","33.74","120.5","183.33","218.26","65","0","0","0","0","0.11","0","0","0","0","4","0","","","","","","","","","","","","","45.0","0","","2026-08-09","35.0","45.0","2026-08-10","60","4","0","0","111","N","","",""
"2026-08-13","DWG511104","X002G1SWS1","B0D8T9X7VT","2PCS Electric Guitar Cufflinks For Mens - Silver Stainless Steel For Mens Shirt, Wedding Gift","New","24","0","0","27","0","0","0","0","0","GBP","1","6","13","18","Low traffic","4.99","0.0","4.99","0.0","NoRestockExcessActionRequired","0","0.0","0","0","93.06","0.84","1.77E-4","cubic feet","Apparel","0.004248","UK","gl_jewelry","429672","366","0","42","46","4.99","4.16","25.6","56.34","79.19","2","25","0","0","0","0.0","40","0","40","0","3","0","","","","","","","","","","","","","109.1","0","","2026-08-09","109.1","83.2","2026-08-10","64","3","0","0","366","N","","",""
"2026-08-13","DWG51036","X002FQ0T5L","B0FXWCBLJN","3PCS Gold Leaf Hair Pins U-Shaped Wedding Hair Accessories for Women and Girls, Bride Gold Hair Clips Leaf Headpiece for Bridesmaids, Prom, Party Updo Styling","New","33","0","0","36","0","0","0","0","0","GBP","4","13","19","29","Low traffic","4.69","0.0","4.69","0.0","NoRestockExcessActionRequired","3","0.0","0","0","114.47","1.27","0.002119","cubic feet","Standard","0.069927","UK","gl_beauty","119723","72","0","10","14","4.69","15.64","50.83","74.29","113.39","31","5","0","0","0","0.05","0","0","0","0","0","0","","","","","","","","","","","","","95.6","6","2026-08-23","2026-08-09","95.6","77.2","2026-08-10","33","0","0","0","72","N","","",""
"2026-08-13","DWG51006","X002FOAPI9","B0FXLY6LTY","4 Pcs 4-Claw Golf Ball Retriever,Golf Ball Picker Upper,Claw Put On Putter Grip Grabber Pick Up Back Saver","New","47","0","0","51","0","0","0","0","0","GBP","3","11","18","33","Low traffic","5.29","0.0","5.29","0.0","NoRestockExcessActionRequired","47","0.0","0","0","0.0","1.22","0.003531","cubic feet","Standard","0.165957","UK","gl_sports","44168","147","0","17","18","5.29","13.23","48.51","79.38","145.53","43","8","0","0","0","0.11","0","0","0","0","3","0","","","","","","","","","","","","","160.8","0","","2026-08-09","160.8","66.6","2026-08-10","47","3","0","0","159","N","","",""
"2026-08-13","DWG511228","X002G1WEDF","B0D8Y2QWH4","TRHDFW Gold Statement Earrings for Women Girls Exaggerated Geometric Earrings Irregular Punk Stylish Large Gold Drop Dangle Earrings Sectored Twisted Rectangle Leaf Flower Chunky Earrings Jewelry","New","38","12","0","23","0","0","0","0","0","GBP","5","21","42","67","","8.39","0.0","8.39","0.0","NoRestockExcessActionRequired","50","0.0","0","0","0.0","2.57","0.002825","cubic feet","Apparel","0.10735","UK","gl_jewelry","111525","114","0","12","13","8.39","34.95","146.79","293.58","468.33","1","22","0","0","0","0.09","30","0","30","0","2","0","","","","","","","","","","","","","43.0","0","","2026-08-09","43.0","29.5","2026-08-10","80","2","0","0","116","N","","",""
"2026-08-13","DWG511165","X002G2GYB7","B0G1G3WLXG","2 Pcs Car Dent Puller, Dent Remover Tool for Car, Tool and Repair Kit Handle Lifter for Cars Body,Glass, Screen, Heavy for Heavy Objects Moving and Cars Body (Black, Blue)","New","9","0","0","10","0","0","0","0","0","GBP","1","10","13","33","Low traffic","4.99","0.0","4.99","0.0","CreateShippingPlan","9","0.0","0","0","0.0","3.22","0.003531","cubic feet","Standard","0.031779","UK","gl_biss","39004","33","0","3","3","4.99","4.16","41.6","54.08","134.73","0","10","0","0","0","0.02","0","0","0","0","1","0","","","","","","","","","","","","","51.2","14","2026-08-11","2026-08-09","51.2","21.8","2026-08-10","9","1","0","0","36","N","","",""
"2026-08-13","DWG51154-1","X002J84M7L","B0GS5LQ37L","Rice Ball Mold with Mini Rice Scoop, DIY Sticky Rice Molds Large Ball Mold Kitchen Tool Rice Ball Maker Shake, Rice Roll Shaker Ball Maker for Kids","New","56","0","0","58","0","0","0","0","0","GBP","0","4","11","24","Low traffic","4.49","0.0","4.49","0.0","NoRestockExcessActionRequired","56","0.0","0","0","0.0","1.0","0.003531","cubic feet","Standard","0.197736","UK","gl_kitchen","649371","201","0","56","30","4.49","0.0","14.96","41.46","89.2","30","28","0","0","0","0.13","0","0","0","0","1","0","","","","","","","","","","","","","244.5","0","","2026-08-09","244.5","65.3","2026-08-10","56","1","0","0","204","N","","",""
"2026-08-13","DWG2602108","X002IDJG87","B0GLX9BJQB","Soft Leather Wallet Case Slim Card Holder with Key Ring Credit Card Holder Simple Soft Leather Classic Credit Wallet","New","13","0","0","15","0","0","0","0","0","GBP","1","4","5","8","Low traffic","4.49","0.0","4.49","0.0","NoRestockExcessActionRequired","13","0.0","0","0","0.0","1.0","0.003531","cubic feet","Standard","0.045903","UK","gl_luggage","414010","103","0","13","21","4.49","3.74","14.96","18.95","31.43","15","0","0","0","0","0.03","0","0","0","0","2","0","","","","","","","","","","","","","81.5","1","2026-08-28","2026-08-09","81.5","81.4","2026-08-10","13","0","2","0","117","N","","",""
"2026-08-13","TB098","X0026A798B","B0DMZVM2HT","2 Pack Stainless Steel Cocktail Sieve Tea Strainer, Bar Cocktail Strainer Filtering Tool,Tea Sieve,","New","21","0","0","21","0","0","0","0","0","GBP","1","3","8","16","Low traffic","7.09","0.0","7.09","0.0","CreateShippingPlan","21","0.0","0","0","0.0","0.84","0.021189","cubic feet","Standard","0.444969","UK","gl_kitchen","439090","83","0","28","17","7.09","5.91","18.05","50.0","101.92","0","0","21","0","0","0.24","0","0","0","0","0","0","","","","","","","","","","","","","231.0","0","","2026-08-09","231.0","111.8","2026-08-10","21","0","0","0","83","N","","",""
"2026-08-13","DWG511141","X002G2R6G9","B0G1H4HG3Q","Key Ring Hoops Nickel 50mm Split Key Rings Loop Sprung Hoop Round Flat Key Chains Key Ring Hoop for Car Home Keys Organization Arts & Crafts Lanyards Keys Pack of 10.","New","75","0","0","75","0","0","0","0","0","GBP","0","3","5","16","Low traffic","5.19","0.0","5.19","0.0","Advertise listing","75","0.0","0","0","0.0","0.38","0.003531","cubic feet","Apparel","0.264825","UK","gl_apparel","669237","366","0","100","60","5.19","0.0","12.96","21.94","73.2","20","40","15","0","0","0.14","0","0","0","0","0","0","","","","","","","","","","","","","743.7","0","","2026-08-09","743.7","213.6","2026-08-10","75","0","0","0","366","N","","",""
"2026-08-13","DWG51032","X002FP3IMX","B0FXRNFHQG","2Pcs Meter Box Key Gas Key, 4 Way Utility Key 7 in 1 Radiator Key Electrical Cabinet Key Universal Cross Key with Bit Panel Key Valve Key for Electric Elevator Cupboard Cabinet Water Gas Meter Opening","New","20","0","0","20","0","0","0","0","0","GBP","1","21","24","33","Low traffic","5.09","0.0","5.09","0.0","CreateShippingPlan","20","0.0","0","0","0.0","1.12","0.003531","cubic feet","Standard","0.07062","UK","gl_home_improvement","204594","44","0","3","7","5.09","4.24","85.64","98.36","138.04","0","20","0","0","0","0.04","0","0","0","0","0","0","","","","","","","","","","","","","84.5","3","2026-08-12","2026-08-09","54.0","84.5","2026-08-10","20","0","0","0","44","N","","",""
"2026-08-13","Y11256","X0026NBJTD","B0DP6KQY9K","Flexible Silicone Dough Scraper Cutter, Large (13.5×9CM) Multipurpose Pastry Scraper Nonstick, Food Grade Bowl Scraper Spatula Bench Tool for Baking Bread Making Sourdough Cake Pizza,White","New","30","0","0","35","0","0","0","0","0","GBP","4","19","28","37","Low traffic","3.99","0.0","3.99","0.0","CreateShippingPlan","30","0.0","0","0","0.0","1.9","0.002145","cubic feet","Standard","0.06435","UK","gl_kitchen","261041","46","0","6","10","3.99","13.28","63.08","93.96","126.09","35","0","0","0","0","0.04","0","0","0","0","4","0","","","","","","","","","","","","","54.7","26","2026-08-15","2026-08-09","34.7","54.7","2026-08-10","30","4","0","0","52","N","","",""
"2026-08-13","DWG51035","X002FPVVVD","B0FXWBPJ8F","10 Pcs Nylon Straw Cleaning Brush Set – Bottle Pipe Cleaner Brushes for Straws, Kettles, Tubes & Spouts – Flexible Stainless Steel Wire with High-Density Nylon Bristles – Multi-Size Pipe Cleaner Set","New","48","0","0","1","51","0","0","0","0","GBP","0","1","2","2","Low traffic","5.09","0.0","5.09","0.0","NoRestockExcessActionRequired","0","0.0","0","0","199.66","0.04","0.015126","cubic feet","Standard","0.726048","UK","gl_home","154521","366","48","192","312","5.09","0.0","4.24","8.48","8.48","1","0","0","0","0","0.51","0","0","0","0","4","0","","","","","","","","","","","","","1581.7","0","","2026-08-09","782.5","1581.7","2026-08-10","48","4","0","0","366","N","","",""
"2026-08-13","DWG2602023","X002IFPC2J","B0GMHH5C4N","Yellow Drifter Sunglasses Classic Style Retro Sun Shades Eye Glasses Protection Unisex For Men Golf Cycling Sports Fishing Travel","","0","0","0","1","0","0","0","0","0","GBP","0","8","25","28","Low traffic","0.0","0.0","5.15","0.0","NoRestockExcessActionRequired","","","0","0","","3.73","0.003531","cubic feet","Footwear","0.0","UK","gl_shoes","384068","366","0","35","32","5.15","0.0","34.32","107.42","121.62","1","0","0","0","0","","70","0","70","0","0","0","","","","","","","","","","","","","29.1","0","","2026-08-09","12.6","29.1","2026-08-10","70","0","0","0","366","N","","",""
"2026-08-13","DWG2602086","X002IEVEPJ","B0GMC8Z2VV","Black Photocard Holder Keychain, Photo Card Holder with Bowknot Cat Design, Protective Card Case with Spring Rope for Bus & ID Cards, Cute Lanyard Accessory for Fans and Collectors","New","2","0","0","0","2","0","0","0","0","GBP","0","1","5","6","Low traffic","4.69","0.0","4.69","0.0","NoRestockExcessActionRequired","0","0.0","0","0","13.01","1.2","0.003531","cubic feet","Apparel","0.007062","UK","gl_apparel","297999","366","22","88","47","4.69","0.0","3.91","19.55","24.21","0","0","0","0","0","0.0","20","0","20","0","0","0","","","","","","","","","","","","","78.0","0","","2026-08-09","32.0","78.0","2026-08-10","22","0","0","0","366","N","","",""
"2026-08-13","DWG2603004","X002J4OE19","B0GRMQGQ22","Belt Buckle For Men, Square Replacement Buckle, Made Of Zinc Alloy, For Men And Women, Belt","New","61","0","0","68","0","0","0","0","0","GBP","1","7","13","40","Low traffic","5.09","0.0","5.09","0.0","NoRestockExcessActionRequired","0","4.6","52","0","286.6","0.94","0.003678","cubic feet","","0.224358","UK","gl_apparel","194528","152","0","34","19","5.09","4.24","29.68","55.97","167.42","32","36","0","0","0","0.12","0","0","0","0","4","0","","","","","","","","","","","","","347.2","0","","2026-08-09","347.2","76.5","2026-08-10","61","4","0","0","164","N","","",""
"2026-08-13","DWG511126","X002G1PN51","B0G1BVBYLZ","Adjustable Bath Plug 43mm Cover/ 8mm Pole Pop Up Bath Plug with Adjustment Screw Heavy Duty Brass Chrome Bathtub Plug for UK Standard Bathtub","New","29","0","0","30","5","0","0","0","0","GBP","4","16","27","29","Low traffic","7.49","0.0","7.49","0.0","NoRestockExcessActionRequired","29","0.0","0","0","0.0","0.92","0.003531","cubic feet","Standard","0.102399","UK","gl_home","138304","121","0","14","26","7.49","24.96","101.88","172.39","185.37","30","0","0","0","0","0.07","30","0","30","0","4","0","","","","","","","","","","","","","95.2","0","","2026-08-09","66.3","95.2","2026-08-10","59","3","1","0","127","N","","",""
"2026-08-13","RPADWG055","X002I0PHIX","B0GJZD7WQB","Dreadlock Cap for Long Hair - Unisex Wide Stretchable Sleeping Bonnet, Head Wraps, Hair Accessories for Men and Women with Dreads - Black","New","33","0","0","33","0","0","0","0","0","GBP","1","2","2","13","Low traffic","6.59","0.0","6.59","0.0","NoRestockExcessActionRequired","0","5.9","52","0","181.49","0.96","0.003531","cubic feet","Apparel","0.116523","UK","gl_apparel","90279","223","0","66","33","6.59","5.49","10.98","10.98","70.01","15","18","0","0","0","0.07","0","0","0","0","0","0","","","","","","","","","","","","","960.0","0","","2026-08-09","960.0","88.6","2026-08-10","33","0","0","0","223","N","","",""
"2026-08-13","DWG51014","X002FNUQLB","B0FXM3Q86J","Ear Protectors for Men and Women | One Size Ear Band | Innovative Hearing Protection to Keep Ears Warm in Winter","New","17","1","0","19","0","0","0","0","0","GBP","13","21","27","31","Low traffic","4.89","0.0","4.89","0.0","CreateShippingPlan","9","0.0","0","0","8.28","4.3","0.003531","cubic feet","Apparel","0.060027","UK","gl_apparel","55167","26","0","3","7","4.89","52.43","83.71","107.67","124.31","19","0","0","0","0","0.03","0","0","0","0","0","0","","","","","","","","","","","","","16.5","42","2026-08-12","2026-08-09","15.4","16.5","2026-08-10","18","0","0","0","26","N","","",""
"2026-08-13","TB234","X0026AFML7","B0DN1LN7TY","Clear Pencil Case, 2-Pack Transparent PVC Pencil Case, Black & White | Versatile Storage for Stationery, Toiletries, Makeup & Office Supplies","New","26","0","0","27","0","0","0","0","0","GBP","6","13","34","42","Low traffic","4.99","0.0","4.99","0.0","NoRestockExcessActionRequired","9","2.51","5","0","32.25","2.08","0.014126","cubic feet","Standard","0.367276","UK","gl_luggage","70607","112","0","17","17","4.99","24.96","54.08","139.74","171.82","27","0","0","0","0","0.22","30","0","30","0","0","0","","","","","","","","","","","","","60.5","33","2026-08-29","2026-08-09","60.5","42.5","2026-08-10","56","0","0","0","112","N","","",""
"2026-08-13","RPADWG052","X002I1PEKN","B0GK6VZ5NR","Universal Car Aerial AM/FM Car Antenna Replacement Car Radio Replacement Stubby Aerial Car Roof Antenna Mast Kit with Strong Receiving Function Screws M4 M5 M6 Black,6.5cm","New","30","0","0","32","0","0","0","0","0","GBP","4","9","13","18","Low traffic","4.79","0.0","4.79","0.0","NoRestockExcessActionRequired","30","0.0","0","0","0.27","1.08","0.003531","cubic feet","Standard","0.10593","UK","gl_electronics","47191","87","0","13","21","4.79","15.96","35.91","51.87","72.67","32","0","0","0","0","0.07","0","0","0","0","1","0","","","","","","","","","","","","","73.6","6","2026-08-21","2026-08-09","72.7","73.6","2026-08-10","30","1","0","0","90","N","","",""
"2026-08-13","DWG511239","X002G1X0T7","B0D8PB9Y5T","TRHDFW Neck Strap Screw Holder, Camera Screw for Quick Release Quick Install Neck Sling Strap Holder for DSLR SLR Camera Compatible","New","11","0","0","1","11","0","0","0","0","GBP","0","5","7","7","Low traffic","4.69","0.0","4.69","0.0","NoRestockExcessActionRequired","0","0.0","0","0","46.34","0.41","0.003108","cubic feet","Apparel","0.034188","UK","gl_apparel","","155","11","8","20","4.69","0.0","19.55","27.37","27.37","0","0","1","0","0","0.02","0","0","0","0","1","0","","","","","","","","","","","","","195.9","0","","2026-08-09","71.5","195.9","2026-08-10","11","1","0","0","179","N","","",""
"2026-08-13","DWG2602006-1","X002IFVGL5","B0GMHXQ3Z2","2 pcs Gasoline Engine Starter Handle Grip, Recoil Starter Pull Handle for Lawn Mower, Generator, Chainsaw","New","16","0","0","16","0","0","0","0","0","GBP","0","3","6","12","Low traffic","4.29","0.0","4.29","0.0","NoRestockExcessActionRequired","17","0.0","0","0","0.01","0.67","0.003531","cubic feet","Standard","0.056496","UK","gl_lawn_and_garden","141323","159","0","21","17","4.29","0.0","10.71","21.67","44.59","1","0","15","0","0","0.04","0","0","0","0","0","0","","","","","","","","","","","","","170.3","0","","2026-08-09","170.3","119.5","2026-08-10","16","0","0","0","159","N","","",""
"2026-08-13","Y11203","X0026P6IE7","B0DPC844S1","20 x Extra Large Safety Pins Kraft Craft Pins Size 55mm 20Pcs Silver","New","30","0","0","32","0","0","0","0","0","GBP","2","32","50","72","Low traffic","4.09","0.0","4.09","0.0","NoRestockExcessActionRequired","30","0.0","0","0","0.0","3.75","0.001271","cubic feet","Standard","0.03813","UK","gl_home","290234","154","0","13","19","4.09","6.82","109.12","171.0","251.52","30","2","0","0","0","0.02","80","0","80","0","1","0","","","","","","","","","","","","","31.5","0","","2026-08-09","31.5","22.5","2026-08-10","110","1","0","0","155","N","","",""
"2026-08-13","RPADWG010","X002I0LBY7","B0GJZ5R4GM","12PCS Pant Waist Tightener,Tightening Waistband,Adjustable Waist Buckles,Waist Tightener Clips,Tightener Loose Jeans Pants Clips,Reusable Adjustable Waist Buckle Extender","New","13","0","0","10","4","0","0","0","0","GBP","1","3","6","6","Low traffic","3.89","0.0","3.89","0.0","Advertise listing","0","0.0","0","0","51.03","0.39","0.003531","cubic feet","Standard","0.045903","UK","gl_home","244965","366","33","44","71","3.89","3.24","9.72","19.95","19.95","0","0","10","0","0","0.03","20","0","20","0","1","0","","","","","","","","","","","","","287.0","0","","2026-08-09","240.5","287.0","2026-08-10","33","1","0","0","366","N","","",""
"2026-08-13","DWG2602062","X002IFKQO3","B0GMGSD3RR","Kitchen Measuring Spoon 5ML (Gold) Stainless Steel, Tea Spoon, Tea Scoop","New","12","0","0","13","0","0","0","0","0","GBP","0","5","8","10","Low traffic","4.61","0.0","4.61","0.0","Advertise listing","0","0.0","0","0","47.45","0.75","0.003531","cubic feet","Standard","0.042372","UK","gl_kitchen","733406","303","0","33","54","4.61","0.0","19.2","30.97","39.65","0","8","5","0","0","0.03","30","0","30","0","0","0","","","","","","","","","","","","","122.3","0","","2026-08-09","76.5","122.3","2026-08-10","42","0","0","0","303","N","","",""
"2026-08-13","DWG2602045","X002IEOS39","B0GM8HHV1L","Card Display Stand, 12Pcs Acrylic Card Stand, Clear Trading Mini Easel Holder for Holder, Challenge Medals, Photo Display","New","51","0","0","51","0","0","0","0","0","GBP","2","3","5","14","Low traffic","5.89","0.0","5.89","0.0","NoRestockExcessActionRequired","","","0","0","","0.62","0.003531","cubic feet","Standard","0.180081","UK","gl_home","543139","351","0","68","47","5.89","9.82","14.89","25.03","72.19","30","20","1","0","0","","0","0","0","0","0","0","","","","","","","","","","","","","760.0","0","","2026-08-09","760.0","141.8","2026-08-10","51","0","0","0","351","N","","",""
"2026-08-13","DWG511184","X002G2IQEZ","B0G1GTJZ9P","1 Roll Of Lace Front Wig Adhesive Tape, Double-sided Tape For Hair Extensions, Size 10mm X 3 Yards","New","18","0","0","17","0","0","0","0","0","GBP","1","8","13","17","Low traffic","5.39","0.0","5.39","0.0","NoRestockExcessActionRequired","18","0.0","0","0","0.0","0.94","0.003531","cubic feet","Standard","0.063558","UK","gl_biss","142791","61","0","9","13","5.39","4.49","35.92","58.62","77.58","0","17","0","0","0","0.04","0","0","0","0","0","0","","","","","","","","","","","","","97.8","11","2026-08-21","2026-08-09","75.1","97.8","2026-08-10","18","0","0","0","61","N","","",""
"2026-08-13","DWG51021","X002FOH5DR","B0FXMCQHPV","2PCS Motorcycle Exhaust Pipe Connectors Stainless Steel Bracket Z-Shaped Connector Muffler Installation Clamp, Silver","New","11","0","0","11","0","0","0","0","0","GBP","2","20","33","39","Low traffic","5.49","0.0","5.49","0.0","NoRestockExcessActionRequired","11","0.0","0","0","0.0","2.64","0.003531","cubic feet","Standard","0.038841","UK","gl_home_improvement","36039","151","0","14","23","5.49","9.14","88.15","143.27","168.71","11","0","0","0","0","0.02","60","0","60","0","0","0","","","","","","","","","","","","","34.9","0","","2026-08-09","20.4","34.9","2026-08-10","71","0","0","0","151","N","","",""
"2026-08-13","TB001","X00267JVEJ","B0DMSTFJQ5","Perfume Atomiser, Portable Travel Size Perfume Bottles, Dispensers, Atomizers with Pump for Women and Men, 5ml/black，travel aftershave dispenser，aftershave atomiser","New","44","0","0","48","0","0","0","0","0","GBP","15","25","49","74","Low traffic","4.99","0.0","4.99","0.0","CreateShippingPlan","45","0.0","0","0","0.0","3.06","0.006519","cubic feet","Standard","0.286836","UK","gl_home","40446","60","0","7","7","4.99","62.4","104.0","203.03","304.46","48","0","0","0","0","0.18","0","0","0","0","3","0","","","","","","","","","","","","","62.7","30","2026-08-23","2026-08-09","62.7","27.2","2026-08-10","44","3","0","0","65","Y","Holiday Season","2026-11-07","2027-01-01"
"2026-08-13","TB200","X0026A9FOR","B0DN1B2XDQ","Generic Soft Mesh Dog Muzzle, Grey, Small Medium Large Dogs, Chihuahua Poodles Beagle Dachshund Corgis Labrador Golden, Allows Panting Drinking","New","9","0","0","9","0","0","0","0","0","GBP","2","9","11","17","Low traffic","5.39","0.0","5.39","0.0","NoRestockExcessActionRequired","9","0.0","0","0","0.0","1.15","0.011399","cubic feet","Standard","0.102591","UK","gl_pet_products","60890","160","0","17","29","5.39","8.98","40.41","49.39","76.33","0","0","9","0","0","0.01","30","0","30","0","0","0","","","","","","","","","","","","","84.8","0","","2026-08-09","47.7","84.8","2026-08-10","39","0","0","0","160","N","","",""
"2026-08-13","TB230","X0026BGMFV","B0DN5RF8T2","12Pcs Large Facial Sponges Reusable Natural Face Sponges Cleansing Puff Mask Sponges Make Up Remover Sponges Pads Cellulose Sponges Face Wash Sponge Reusable Round Face Sponge for Facial Cleaning SPA","New","19","0","0","0","19","0","0","0","0","GBP","0","6","15","22","Low traffic","5.39","0.0","5.39","0.0","NoRestockExcessActionRequired","19","0.0","0","0","0.0","0.74","0.011301","cubic feet","Standard","0.214719","UK","gl_beauty","163196","316","0","32","28","5.39","0.0","26.94","67.35","100.13","0","0","0","0","0","0.13","30","0","30","0","0","0","","","","","","","","","","","","","159.1","0","","2026-08-09","137.4","159.1","2026-08-10","49","0","0","0","316","N","","",""
"2026-08-13","DWG51182-1","X002J6PPAV","B0GS1MFD5Y","Car Engine Oil Filler Cap,Compatible With Hyundai Santa Fe Tucson Veloster Getz I10 I20 I30 I40 I800 ILoad H350 - Part Numbers 2651026620, 2651026600, 2651026610","New","23","0","0","20","3","0","0","0","0","GBP","2","7","11","14","Low traffic","7.09","0.0","7.09","0.0","NoRestockExcessActionRequired","0","0.0","0","0","122.92","0.67","0.003531","cubic feet","Standard","0.081213","UK","gl_automotive","50725","124","23","13","21","7.09","11.82","41.69","65.97","85.2","0","20","0","0","0","0.06","0","0","0","0","0","0","","","","","","","","","","","","","133.3","0","","2026-08-09","118.9","133.3","2026-08-10","23","0","0","0","124","N","","",""
"2026-08-13","DWG2602057","X002IF3M21","B0GMH1L5SJ","4 Sets Front Dash Insulator Clips, Copilot Fuse Box Cover Clips Compatible with Fiesta C-MAX Kuga S-MAX Focus II Mondeo IV Escape Part Number 1310861 1310862","New","19","0","0","20","0","0","0","0","0","GBP","3","9","9","16","Low traffic","4.99","0.0","4.99","0.0","NoRestockExcessActionRequired","0","0.0","0","0","47.69","1.07","0.003531","cubic feet","Standard","0.067089","UK","gl_automotive","67781","115","0","8","15","4.99","12.48","37.6","37.6","69.03","20","0","0","0","0","0.05","0","0","0","0","0","0","","","","","","","","","","","","","109.3","0","","2026-08-09","109.3","62.9","2026-08-10","19","0","0","0","115","N","","",""
"2026-08-13","DWG2602020","X002IDF6TP","B0GLX99K44","Somtimes You Forget You Are Awesome Gifts Inspirational Pocket Hug Token with Leather Keepsake Gifts For Women Men Girls Boys Best Friend Birthday Christmas","New","14","0","0","18","0","0","0","0","0","GBP","0","2","2","5","Low traffic","3.79","0.0","3.79","0.0","NoRestockExcessActionRequired","15","0.0","0","0","0.0","0.41","0.003531","cubic feet","Apparel","0.049434","UK","gl_apparel","1143863","203","0","28","36","3.79","0.0","6.32","6.32","17.54","0","11","7","0","0","0.02","0","0","0","0","1","0","","","","","","","","","","","","","259.0","0","","2026-08-09","259.0","225.2","2026-08-10","14","1","0","0","220","N","","",""
"2026-08-13","TB120","X0026B5AMH","B0DN5BGWFZ","Kitchen Tongs, Stainless Steel for Frying, Grilling and Cooking, 24 cm, Silver","New","56","1","0","57","0","0","0","0","0","GBP","1","8","30","53","Low traffic","6.09","0.0","6.09","0.0","NoRestockExcessActionRequired","0","0.0","0","0","349.6","1.36","0.023502","cubic feet","Standard","1.316112","UK","gl_kitchen","501429","366","0","43","21","6.09","5.07","40.56","152.1","267.51","30","27","0","0","0","0.93","30","0","30","0","0","0","","","","","","","","","","","","","138.6","0","","2026-08-09","138.6","52.3","2026-08-10","87","0","0","0","366","N","","",""
"2026-08-13","DWG511134","X002G2N2F3","B0G1GS7WMF","Fashion Sports Sunglasses - Vintage Wraparound Y2K Style, Men's and Women's Polarized UV400 Protection","","2","0","0","8","0","0","0","0","0","GBP","14","38","52","58","Low traffic","0.0","0.0","6.09","0.0","NoRestockExcessActionRequired","0","0.0","0","0","11.26","4.74","0.003531","cubic feet","Footwear","0.007062","UK","gl_shoes","69894","113","0","8","18","6.29","71.15","192.83","263.81","294.23","8","0","0","0","0","0.0","80","0","80","0","1","0","","","","","","","","","","","","","24.0","16","2026-09-03","2026-08-09","20.4","24.0","2026-08-10","82","0","1","0","115","N","","",""
"2026-08-13","DWG51177","X002G1WLI3","B0D8T8MPXP","Mens Feather Tie Clip Bar Stainless Steel Novelty Tie Pin Silver 5.0cm","New","40","0","0","43","0","0","0","0","0","GBP","3","5","9","20","Low traffic","5.09","0.0","5.09","0.0","NoRestockExcessActionRequired","10","0.0","0","0","42.79","1.1","0.001766","cubic feet","Apparel","0.07064","UK","gl_jewelry","217546","216","0","32","26","5.09","12.72","21.2","38.84","91.86","32","11","0","0","0","0.05","0","0","0","0","3","0","","","","","","","","","","","","","349.0","0","","2026-08-09","349.0","93.2","2026-08-10","40","3","0","0","233","N","","",""
"2026-08-13","DWG51178","X002G1TCW1","B0D8T5PNST","2 Sets Motorcycle Engine Oil Drain Screw Fittings Compatible with GY6 50cc-150cc ATV Go Kart Moped Motorcycle Scooter Oil Drain Plug Set","New","15","0","0","17","0","0","0","0","0","GBP","2","7","18","21","Low traffic","6.29","0.0","6.29","0.0","NoRestockExcessActionRequired","15","0.0","0","0","0.0","1.77","0.014697","cubic feet","Standard","0.220455","UK","gl_automotive","74761","191","0","20","21","6.29","10.48","36.0","93.64","109.87","2","15","0","0","0","0.13","20","0","20","0","2","0","","","","","","","","","","","","","73.2","0","","2026-08-09","73.2","52.7","2026-08-10","35","2","0","0","200","N","","",""
"2026-08-13","TB073","X0026B5AVX","B0DN5FG53Q","50PCS Disposable Bamboo Lip Brushes, Soft Flocked Lip Gloss Applicators, Hygienic Lipstick Wands Makeup Tool for Travel Salon Home, Multifunctional Precision Beauty Brush","New","30","0","0","30","0","0","0","0","0","GBP","0","5","10","15","Low traffic","4.39","0.0","4.39","0.0","NoRestockExcessActionRequired","0","0.0","0","0","130.17","0.67","0.004805","cubic feet","Standard","0.14415","UK","gl_beauty","185094","222","0","24","26","4.39","0.0","18.3","37.1","57.45","0","30","0","0","0","0.1","0","0","0","0","0","0","","","","","","","","","","","","","194.4","0","","2026-08-09","194.4","110.2","2026-08-10","30","0","0","0","222","N","","",""
"2026-08-13","Y11176","X0026NHQ6D","B0DP76FSX4","Generic 20 Pieces Faux Rabbit Fur Pom Pom Balls DIY Faux Fur Fluffy Pom Pom with Elastic Loop for Hats Keychains Scarves Gloves Bags Accessories (10 Soft Colours, 2 Pcs for Each Colour)","New","26","0","0","28","0","0","0","0","0","GBP","2","9","17","21","Low traffic","7.29","0.0","7.29","0.0","NoRestockExcessActionRequired","10","0.0","0","0","415.32","1.2","0.124392","cubic feet","Standard","3.234192","UK","gl_home","213817","180","0","24","34","7.29","12.14","54.63","103.69","129.65","20","8","0","0","0","2.24","30","0","30","0","2","0","","","","","","","","","","","","","70.1","0","","2026-08-09","47.1","70.1","2026-08-10","56","2","0","0","190","Y","Winter","2026-09-19","2027-02-20"
"2026-08-13","RPADWG081","X002I11FK1","B0GK1FFKJ7","Heavy Duty Double Sided Fabric Tape, 1 Inch X 33FT Hem Tape for Curtains, Without Sewing Ironing, Clothes, and Carpets - No Sew Adhesive Tape for Hemming, and Crafts - Strong and Easy to Use","New","24","0","0","24","0","0","0","0","0","GBP","2","9","16","21","Low traffic","4.49","0.0","4.49","0.0","NoRestockExcessActionRequired","0","0.0","0","0","93.93","1.14","0.003531","cubic feet","Standard","0.084744","UK","gl_biss","286253","231","0","19","27","4.49","7.48","33.66","59.84","80.19","1","23","0","0","0","0.06","20","0","20","0","0","0","","","","","","","","","","","","","94.7","0","","2026-08-09","94.7","70.4","2026-08-10","44","0","0","0","231","N","","",""
"2026-08-13","DWG51017","X002FNUSOL","B0FXM6Q7NW","Multi Function Stainless Steel Fruit Tool, Strawberry Top Stem Leaves Huller, Pineapple Eyes Remover, Fruits and Vegetables for The Kitchen（2PCS, Red","New","3","0","0","4","0","0","0","0","0","GBP","6","24","41","58","Low traffic","4.69","0.0","4.69","0.0","NoRestockExcessActionRequired","3","0.0","0","0","0.0","7.61","0.003531","cubic feet","Standard","0.010593","UK","gl_kitchen","214771","108","0","13","18","4.69","23.12","90.44","153.68","211.97","4","0","0","0","0","0.0","80","0","80","0","1","0","","","","","","","","","","","","","11.9","9","2026-09-03","2026-08-09","11.9","10.0","2026-08-10","83","1","0","0","110","N","","",""
"2026-08-13","DWG511143","X002G2PC0B","B0G1GYPYB3","1 Piece Nail Brush Heavy Duty Nail Brush Hand Brush For Cleaning And Scrubbing Nails And Toes","New","16","0","0","16","0","0","0","0","0","GBP","3","12","18","32","Low traffic","4.99","0.0","4.99","0.0","NoRestockExcessActionRequired","16","0.0","0","0","0.0","2.13","0.003531","cubic feet","Standard","0.056496","UK","gl_beauty","125392","105","0","15","18","4.99","12.48","49.92","74.88","133.12","2","14","0","0","0","0.04","30","0","30","0","0","0","","","","","","","","","","","","","54.5","0","","2026-08-09","54.5","36.9","2026-08-10","46","0","0","0","105","N","","",""
"2026-08-13","TB199","X00269NN8R","B0DMZMZR6S","Moulding Hook for Dado Picture Rail, Pack of 10 | Iron Picture Rail Hooks for Hanging Picture Frames, Wall-Safe Home Decor Hangers","New","19","0","0","19","0","0","0","0","0","GBP","2","10","21","29","Low traffic","7.19","0.0","7.19","0.0","NoRestockExcessActionRequired","19","0.0","0","0","0.0","1.44","0.010594","cubic feet","Standard","0.201286","UK","gl_home_improvement","102655","159","0","19","21","7.19","11.98","59.9","125.79","173.71","19","0","0","0","0","0.11","30","0","30","0","0","0","","","","","","","","","","","","","96.1","0","","2026-08-09","96.1","51.8","2026-08-10","49","0","0","0","159","N","","",""
"2026-08-13","DWG2603026","X002J4FJOF","B0GRN47TQC","Silicone Ear Plugs for Sleeping Noise Cancelling Reusable Moldable Wax Earplugs for Swimming, Work, Airplane","New","3","0","0","0","3","0","0","0","0","GBP","0","1","6","7","Low traffic","4.59","0.0","4.59","0.0","CreateShippingPlan","0","0.0","0","0","7.06","1.08","0.003531","cubic feet","","0.010593","UK","gl_drugstore","211267","67","0","12","5","4.59","0.0","3.82","22.92","27.08","0","0","0","0","0","0.01","0","0","0","0","0","0","","","","","","","","","","","","","101.0","1","2026-08-12","2026-08-09","101.0","86.3","2026-08-10","3","0","0","0","67","N","","",""
"2026-08-13","DWG511225","X002G1U1JJ","B0D8PHJ6XD","Car Engine Start Stop Button Replace Cover Switch Trim Ring Sticker Compatible With E90 E92 E93 320i Car Interior Styling Accessories (Color : MBlack, Size : 1PCS)","New","24","0","0","27","0","0","0","0","0","GBP","4","5","8","15","Low traffic","5.59","0.0","5.59","0.0","NoRestockExcessActionRequired","0","0.0","0","0","50.69","0.75","3.73E-4","cubic feet","Standard","0.008952","UK","gl_biss","63035","203","0","19","20","5.59","18.64","23.3","38.27","73.2","1","26","0","0","0","0.01","0","0","0","0","3","0","","","","","","","","","","","","","315.7","0","","2026-08-09","315.7","116.7","2026-08-10","24","1","2","0","228","N","","",""
"2026-08-13","TB189","X00269W3GF","B0DN11K1QP","Generic Heavy Duty Cake Lifter with Comfort Grip Handle,Cake Lifter, Pink","New","81","29","0","80","0","0","0","0","0","GBP","7","41","65","99","Low traffic","7.89","0.0","7.89","0.0","NoRestockExcessActionRequired","110","0.0","0","0","-0.93","2.08","0.091407","cubic feet","Standard","7.403967","UK","gl_kitchen","108869","139","0","7","10","7.89","45.99","269.37","427.77","651.69","80","0","0","0","0","6.64","0","0","0","0","0","0","","","","","","","","","","","","","54.4","0","","2026-08-09","54.4","31.5","2026-08-10","110","0","0","0","139","N","","",""
"2026-08-13","Y1149","X0026OTAEN","B0DPC54YPS","Sunglasses Case for Men and Women - Hard Shell Shockproof Sport Glasses Case - Zipper Portable Spectacle Cases with Clip","New","9","0","0","10","0","0","0","0","0","GBP","4","21","38","43","Low traffic","5.79","0.0","5.79","0.0","NoRestockExcessActionRequired","9","0.0","0","0","-0.06","3.73","0.006357","cubic feet","Apparel","0.057213","UK","gl_apparel","89491","366","0","15","23","5.79","19.28","100.74","179.96","203.26","10","0","0","0","0","0.03","70","0","70","0","0","0","","","","","","","","","","","","","26.8","0","","2026-08-09","14.5","26.8","2026-08-10","79","0","0","0","366","Y","Holiday Season","2026-09-12","2027-02-13"
"2026-08-13","DWG2602092","X002IEU0S1","B0GMC96CXH","Mini Clipboard, 2 Pack 4"" x 6"" Small Clip Boards Pocket Clipboards, Plastic Clipboard for Notepads, Memo Size Receipt, Pocket Lists - Black, Blue","New","29","0","0","31","0","0","0","0","0","GBP","2","4","7","11","Low traffic","4.89","0.0","4.89","0.0","NoRestockExcessActionRequired","","","0","0","","0.8","0.014567","cubic feet","Standard","0.422443","UK","gl_office_product","76486","174","0","29","34","4.89","8.14","16.28","28.49","46.45","20","10","1","0","0","","0","0","0","0","2","0","","","","","","","","","","","","","265.3","0","","2026-08-09","265.3","132.1","2026-08-10","29","2","0","0","187","N","","",""
"2026-08-13","DWG2602082","X002IEPYX7","B0GMC5VPV2","Fabric Covered Hook - 10 Sets Sew-On Bra Fasteners and Eye Fastenings | Black Hook and Eye Latch for Clothes, Coats and Fur Garments | DIY Clothing Specialty","New","41","0","0","42","0","0","0","0","0","GBP","4","7","8","13","Low traffic","4.08","0.0","4.08","0.0","NoRestockExcessActionRequired","3","0.0","0","0","59.29","0.53","0.003531","cubic feet","Standard","0.144771","UK","gl_office_product","169510","245","0","23","41","4.08","13.6","23.8","27.37","46.47","20","21","1","0","0","0.1","0","0","0","0","1","0","","","","","","","","","","","","","205.7","0","","2026-08-09","205.7","189.6","2026-08-10","41","1","0","0","253","N","","",""
"2026-08-13","DWG511144","X002G2PND7","B0G1H4GW6M","6pcs Quality Stainless Steel Forks Gift Sets for Escargot Olive Prawn Crab Cocktail Antipasti Cheese Pastry Dessert Fruit Salad Appetizer, Cute Metal Forks Mirror-Polished Dishwasher-Safe Reusable","New","20","0","0","21","0","0","0","0","0","GBP","5","14","26","37","Low traffic","4.69","0.0","4.69","0.0","NoRestockExcessActionRequired","20","0.0","0","0","0.0","1.81","0.003531","cubic feet","Standard","0.07062","UK","gl_kitchen","177455","135","0","17","21","4.69","19.55","53.38","98.26","139.4","0","21","0","0","0","0.04","40","0","40","0","0","0","","","","","","","","","","","","","63.0","0","","2026-08-09","63.0","47.2","2026-08-10","60","0","0","0","135","N","","",""
"2026-08-13","RPADWG024","X002I062QJ","B0GJZKZH6P","Guitar String Winders Tool 3-In-1 Multifunctional Guitar Tool String Cutter Guitar String Pin Puller Guitar Bridge Pin Puller String Instrument Repairing Accessories Guitar Accessories Kit (Black)","New","13","0","0","0","13","0","0","0","0","GBP","1","2","2","2","Low traffic","3.59","0.0","3.59","0.0","Advertise listing","2","0.0","0","0","23.43","0.14","0.003531","cubic feet","Standard","0.045903","UK","gl_musical_instruments","19761","245","11","26","84","3.59","2.99","5.98","5.98","5.98","0","0","0","0","0","0.03","0","0","0","0","0","0","","","","","","","","","","","","","670.0","0","","2026-08-09","220.0","670.0","2026-08-10","13","0","0","0","245","Y","Holiday Season","2026-09-26","2027-03-20"
"2026-08-13","DWG2602049","X002IEH4AN","B0GM7DPJ9H","Olive Spoon Stainless Steel Pickle Spoon with Drain Hole Slotted Cooking Spoons Jar Serving Tools for Olive Pickle Onion Cherry Jar","New","7","0","0","7","0","0","0","0","0","GBP","0","11","12","15","Low traffic","4.44","0.0","4.44","0.0","Advertise listing","7","0.0","0","0","0.0","1.3","0.003531","cubic feet","Standard","0.024717","UK","gl_kitchen","508021","335","0","24","58","4.44","0.0","39.17","42.7","55.06","0","0","7","0","0","0.01","60","0","60","0","0","0","","","","","","","","","","","","","69.1","0","","2026-08-09","36.0","69.1","2026-08-10","67","0","0","0","335","N","","",""
"2026-08-13","RPADWG034","X002I064MV","B0GJZH4X46","2Pcs Car Key Chain Clip, Leather Keychain Key Fob Keychain, Key Chain Rings for Car Keys, Key Fob Holder Keychain with Keyrings Zinc Alloy Buckle, Multifunctional Keychain Ring Holder for Men Woman","New","11","0","0","10","2","0","0","0","0","GBP","2","9","10","10","Low traffic","4.99","0.0","4.99","0.0","NoRestockExcessActionRequired","0","0.0","0","0","53.15","0.6","0.003531","cubic feet","Apparel","0.038841","UK","gl_apparel","64914","55","0","4","14","4.99","8.32","37.44","41.6","41.6","0","0","10","0","0","0.02","0","0","0","0","0","0","","","","","","","","","","","","","184.7","9","2026-08-09","2026-08-09","69.8","184.7","2026-08-10","11","0","0","0","55","N","","",""
"2026-08-13","DWG511114","X002G1XP4H","B0G1B9YLY4","10pcs Simulation Goldfish Model Artificial Moving Aquarium Fish Decorations Plastic Fake Plastic Floating Ornament Pvc Small Tank Koi Carp","New","9","0","0","11","0","0","0","0","0","GBP","2","5","11","20","Low traffic","5.89","0.0","5.89","0.0","CreateShippingPlan","9","0.0","0","0","0.0","2.05","0.003531","cubic feet","Standard","0.031779","UK","gl_home","49050","35","0","7","5","5.89","9.82","25.03","55.45","101.08","11","0","0","0","0","0.01","0","0","0","0","0","0","","","","","","","","","","","","","76.3","12","2026-08-12","2026-08-09","76.3","40.3","2026-08-10","9","0","0","0","35","N","","",""
"2026-08-13","DWG511106-1","X002J6Q0LJ","B0GS1DYRVZ","1 Pcs Beaded Phone Lanyard, Charm Lanyard Wrist Strap Resin Beads Evil Eye Shape String Strap Fashion Accessories for Phone Hanging Key Chain Women Girls","New","13","0","0","0","13","0","0","0","0","GBP","0","4","4","4","Low traffic","3.79","0.0","3.79","0.0","NoRestockExcessActionRequired","0","0.0","0","0","48.68","0.24","0.003531","cubic feet","Apparel","0.045903","UK","gl_apparel","","127","13","13","42","3.79","0.0","12.64","12.64","12.64","0","0","0","0","0","0.03","0","0","0","0","0","0","","","","","","","","","","","","","387.8","0","","2026-08-09","120.0","387.8","2026-08-10","13","0","0","0","127","N","","",""
"2026-08-13","Y1131","X0026NJ61B","B0DP73XWXZ","Quick Link, 304 Stainless Steel Heavy Duty Clips Chain Connector Repair Link Buckle for Swing Outdoor Camping","New","22","0","0","26","0","0","0","0","0","GBP","6","25","31","34","Low traffic","4.69","0.0","4.69","0.0","NoRestockExcessActionRequired","15","0.0","0","0","11.14","2.75","7.53E-4","cubic feet","Standard","0.016566","UK","gl_sports","16399","102","0","3","8","4.69","23.46","95.37","118.81","130.78","26","0","0","0","0","0.01","1","0","1","0","3","0","","","","","","","","","","","","","30.9","2","2026-08-15","2026-08-09","22.6","30.9","2026-08-10","23","3","0","0","124","N","","",""
"2026-08-13","DWG2602014","X002IB2FGT","B0GLGSXGX9","6 Pcs Waist Tightener Clips, Waist Cincher Clip, Tightener, No Sewing, Adjustable Heart Pant for Loose Jeans, Skirts, Sleeves, Sweaters Clothing Accessories","New","94","0","0","95","0","0","0","0","0","GBP","0","6","17","39","Low traffic","5.38","0.0","5.38","0.0","NoRestockExcessActionRequired","","","0","0","","0.79","0.003531","cubic feet","Apparel","0.331914","UK","gl_apparel","382949","366","0","62","31","5.38","0.0","26.88","78.03","176.76","42","53","0","0","0","","0","0","0","0","1","0","","","","","","","","","","","","","409.7","0","","2026-08-09","409.7","101.0","2026-08-10","94","1","0","0","366","N","","",""
"2026-08-13","DWG51145-1","X002KD3R5X","B0GXF484WB","2 Packs of Adorable Leaf-Shaped Sticky Notes for Note-Taking and DIY Decorations","New","25","2","0","29","0","0","0","0","0","GBP","0","0","10","10","Low traffic","3.59","0.0","3.59","0.0","NoRestockExcessActionRequired","","","0","0","","0.75","0.003531","cubic feet","Standard","0.088275","UK","gl_office_product","307442","246","0","","32","3.59","0.0","0.0","29.9","29.9","29","0","0","0","0","","0","0","0","0","3","0","","","","","","","","","","","","","","0","","","","22.6","2026-08-10","27","3","0","0","273","N","","",""
"2026-08-13","DWG51125-1","X002LZ7AW1","B0H45MBLPP","","New","10","0","0","10","0","0","0","0","0","GBP","","","","","Low traffic","4.39","0.0","4.39","0.0","Advertise listing","","","0","0","","0.0","0.003531","cubic feet","Standard","0.03531","UK","","","231","0","","","4.39","","","","","10","0","0","0","0","","0","0","0","0","0","0","","","","","","","","","","","","","","0","","","","","2026-08-10","10","0","0","0","231","N","","",""
"2026-08-13","DWG2602067","X002IFU5PD","B0GMHD39C3","5 Pcs Writing Piping Nozzles Set (1, 2, 3, 4 & 5) Icing Nozzles, Piping Tips for Decorating Cookies, Pastries, Cakes, Cupcakes Compatible with Bags","New","37","0","0","38","0","0","0","0","0","GBP","2","11","12","21","Low traffic","4.09","0.0","4.09","0.0","NoRestockExcessActionRequired","0","0.0","0","0","76.66","1.2","0.003531","cubic feet","Standard","0.130647","UK","gl_kitchen","310576","107","0","13","22","4.09","6.82","37.51","41.08","74.57","38","0","0","0","0","0.09","0","0","0","0","1","0","","","","","","","","","","","","","89.4","3","2026-08-31","2026-08-09","89.4","56.0","2026-08-10","37","1","0","0","110","N","","",""
"2026-08-13","DWG511185","X002G2KWZB","B0G1FMCCCT","36pcs Invisible Waterproof Double Side Wig Tape for Lace Front Wigs Toupee Tape Strips Wig Lace Tapes for Fixing Wigs (Blue)","New","25","0","0","25","0","0","0","0","0","GBP","2","6","10","27","Low traffic","4.55","0.0","4.55","0.0","NoRestockExcessActionRequired","25","0.0","0","0","0.0","1.66","0.003531","cubic feet","Standard","0.088275","UK","gl_biss","121981","184","0","36","26","4.55","7.58","22.74","37.9","103.69","0","25","0","0","0","0.05","30","0","30","0","0","0","","","","","","","","","","","","","95.7","0","","2026-08-09","95.7","45.9","2026-08-10","55","0","0","0","184","N","","",""
"2026-08-13","Y1191","X0026OFSB7","B0DP9P4FPF","Masquerade Masks for Men, Silver Venetian Mask Vintage Phantom of The Opera Mask, Adult Half Face Party Mask for Halloween Christmas Mardi Gras Costume Wedding Cosplay Party","New","22","0","0","20","2","0","0","0","0","GBP","1","6","15","22","Low traffic","7.49","0.0","7.49","0.0","NoRestockExcessActionRequired","22","0.0","0","0","0.03","0.97","0.033372","cubic feet","Standard","0.734184","UK","gl_toy","71637","97","0","14","13","7.49","6.24","37.95","97.08","143.07","0","20","0","0","0","0.46","0","0","0","0","0","0","","","","","","","","","","","","","149.4","1","2026-08-08","2026-08-09","149.4","80.6","2026-08-10","22","0","0","0","97","Y","Halloween","2026-09-26","2026-11-06"
"2026-08-13","RPADWG003","X002I063EF","B0GJZLF2PZ","Wallets Slim Carbon Fiber Leather, Card Wallet for Men and Women, Minimalist Wallets for Men UK, Card Wallet with Calling Card and ID Card Window (Black)","New","8","0","0","0","8","0","0","0","0","GBP","0","1","3","4","Low traffic","4.19","0.0","4.19","0.0","Advertise listing","0","0.0","0","0","31.59","0.4","0.003531","cubic feet","Standard","0.028248","UK","gl_luggage","448593","366","28","112","91","4.19","0.0","3.49","10.47","14.54","0","0","0","0","0","0.02","20","0","20","0","0","0","","","","","","","","","","","","","266.0","0","","2026-08-09","266.0","234.0","2026-08-10","28","0","0","0","366","N","","",""
"2026-08-13","DWG2602107","X002IDL1B7","B0GLX9MR3Q","Door Handle Bumper,6 PCS PVC Door Handle Bumpers Guard Transparent Stopper Wall Protectors to Buffer Walls and Stop Wall Damage","New","5","0","0","0","5","0","0","0","0","GBP","1","1","3","4","Low traffic","4.09","0.0","4.09","0.0","Advertise listing","0","0.0","0","0","20.86","0.57","0.003531","cubic feet","Standard","0.017655","UK","gl_home_improvement","581660","366","25","100","81","4.09","3.41","3.41","10.23","14.22","0","0","0","0","0","0.01","20","0","20","0","0","0","","","","","","","","","","","","","164.5","0","","2026-08-09","88.5","164.5","2026-08-10","25","0","0","0","366","N","","",""
"2026-08-13","TB080","X00269RM07","B0DMZKWBSJ","Wood Grain Tree Bark Silicone Moulds Tree Bark Texture Fondant Impression Mat for Cake Decorating Cupcake Topper Candy Gum Paste Polymer Clay","New","30","0","0","31","0","0","0","0","0","GBP","11","31","57","77","Low traffic","5.89","0.0","5.89","0.0","NoRestockExcessActionRequired","31","0.0","0","0","0.0","2.61","0.002461","cubic feet","Standard","0.07383","UK","gl_kitchen","146999","120","0","12","16","5.89","54.01","154.13","285.95","385.75","30","1","0","0","0","0.04","70","0","70","0","1","0","","","","","","","","","","","","","45.8","0","","2026-08-09","42.9","45.8","2026-08-10","100","1","0","0","122","N","","",""
"2026-08-13","DWG511176","X002G1U2AH","B0G1C4G8N6","Premium Genuine Leather Strap,15mm Wide, Authentic AB Grade Cowhide Leather Strap, 1.8mm Thick, For Handicrafts, Tool Making, Wrapping, Sewing, And Hobby Purposes, Peru","New","25","0","0","20","6","0","0","0","0","GBP","2","4","11","15","Low traffic","4.69","0.0","4.69","0.0","NoRestockExcessActionRequired","0","0.0","0","0","153.01","0.79","0.003531","cubic feet","Standard","0.088275","UK","gl_home","361362","132","25","25","21","4.69","7.82","15.64","43.01","58.65","20","0","0","0","0","0.06","0","0","0","0","0","0","","","","","","","","","","","","","89.4","0","","2026-08-09","59.2","89.4","2026-08-10","25","0","0","0","132","N","","",""
"2026-08-13","DWG2603012","X002J4JVF3","B0GRMZBFVG","Designed Pearl Beaded Phone Charm, Chain Pearl, Anti-Lost Lanyard Wrist Chain For Women Girls Gift, Cell Phone Accessories","New","8","0","0","0","11","0","0","0","0","GBP","1","3","4","6","Low traffic","4.69","0.0","4.69","0.0","NoRestockExcessActionRequired","8","0.0","0","0","0.03","0.42","0.003531","cubic feet","","0.028248","UK","gl_jewelry","","98","0","10","17","4.69","3.91","11.73","15.8","25.95","0","0","0","0","0","0.02","0","0","0","0","3","0","","","","","","","","","","","","","219.7","0","","2026-08-09","134.7","219.7","2026-08-10","8","2","1","0","124","Y","Holiday Season","2026-10-31","2027-01-09"
"2026-08-13","DWG2602100","X002IDT5BZ","B0GLYKT3DF","Coworker Employee Appreciation Keyring for Men Women Leaving Office Colleagues Leader Nurse Birthday Thank You Going Away Gift","New","12","0","0","10","2","0","0","0","0","GBP","0","1","1","1","Low traffic","3.39","0.0","3.39","0.0","Advertise listing","5","0.0","0","0","1.45","0.09","0.003531","cubic feet","Apparel","0.042372","UK","gl_apparel","572948","271","7","48","156","3.39","0.0","2.82","2.82","2.82","0","0","10","0","0","0.02","0","0","0","0","0","0","","","","","","","","","","","","","1072.0","0","","2026-08-09","385.0","1072.0","2026-08-10","12","0","0","0","271","N","","",""
"2026-08-13","DWG511158","X002G2GVWJ","B0G1FSKD3C","Kitchen Timer, 1-hour/60-minute Countdown Alarm Reminder, Manual Mechanical Timer, Adjustable, Suitable For Teachers, Children Cooking Timing, Baking, Boiling Eggs, Exercise, Home Use, White","New","25","0","0","25","0","0","0","0","0","GBP","1","13","25","36","Low traffic","5.78","0.0","5.78","0.0","NoRestockExcessActionRequired","12","0.0","0","0","36.02","1.82","0.003531","cubic feet","Standard","0.088275","UK","gl_home","437406","135","0","16","19","5.78","4.82","64.58","124.34","179.12","20","5","0","0","0","0.06","30","0","30","0","0","0","","","","","","","","","","","","","50.3","0","","2026-08-09","50.3","41.6","2026-08-10","55","0","0","0","135","N","","",""
"2026-08-13","DWG2602085","X002IETWAN","B0GMBW6ZBL","24 PCS Car Tire Valve Stem Caps, Dust Covers, Hexagonal Design (Suitable For Trucks, SUVs, Bicycles)","New","18","0","0","16","2","0","0","0","0","GBP","0","1","3","5","Low traffic","4.59","0.0","4.59","0.0","NoRestockExcessActionRequired","0","0.0","0","0","73.91","0.39","0.003531","cubic feet","Standard","0.063558","UK","gl_automotive","268473","366","18","72","46","4.59","0.0","3.99","11.97","20.78","0","16","0","0","0","0.04","0","0","0","0","0","0","","","","","","","","","","","","","545.0","0","","2026-08-09","545.0","229.2","2026-08-10","18","0","0","0","366","N","","",""
"2026-08-13","DWG2603024","X002J4PMYH","B0GRN7VM4S","30PCS Jungle Animals Shoe Decoration Charms,Jungle Safari Animals Monkey Lion Tiger Zebra Elephant Charms for Shoe Wristband, PVC Charm Accessories for Party Favors Birthday Gifts","New","27","2","0","33","0","0","0","0","0","GBP","9","24","28","38","","6.29","0.0","6.29","0.0","NoRestockExcessActionRequired","0","0.0","0","0","154.37","2.94","0.003531","cubic feet","","0.095337","UK","gl_jewelry","120192","40","0","4","9","6.29","47.16","125.76","146.72","199.29","33","0","0","0","0","0.07","0","0","0","0","1","0","","","","","","","","","","","","","20.8","34","2026-08-12","2026-08-09","20.8","19.2","2026-08-10","29","1","0","0","42","N","","",""
"2026-08-13","RPADWG005","X002I0J4C3","B0GJXQ3885","Rotating LED SMD NE555 Soldering Practice Board DIY Kit Fanny Skill Training DIY Kit Electronic PCB Board Module Suit","New","4","0","0","4","0","0","0","0","0","GBP","0","16","33","41","Low traffic","5.39","0.0","5.39","0.0","CreateShippingPlan","4","0.0","0","0","0.0","3.09","0.006941","cubic feet","Standard","0.027764","UK","gl_home_improvement","294544","15","0","1","1","5.39","0.0","74.39","157.36","196.64","4","0","0","0","0","0.01","0","0","0","0","0","0","","","","","","","","","","","","","23.3","20","2026-08-11","2026-08-09","20.1","23.3","2026-08-10","4","0","0","0","15","N","","",""
"2026-08-13","DWG51018","X002FOB0VF","B0FXMC61KL","Alloy Fuel Filter 6mm Inline Motorcycle Motorbike Scooter Gas Fuel Cleaning Filter Kit","New","4","0","0","5","0","0","0","0","0","GBP","1","7","16","22","Low traffic","6.29","0.0","6.29","0.0","CreateShippingPlan","4","0.0","0","0","0.0","2.51","0.003531","cubic feet","Standard","0.014124","UK","gl_automotive","50917","14","0","2","2","6.29","5.24","36.68","86.81","121.08","5","0","0","0","0","0.0","0","0","0","0","0","0","","","","","","","","","","","","","35.9","19","2026-08-12","2026-08-09","35.9","27.4","2026-08-10","4","0","0","0","14","N","","",""
"2026-08-13","TB135-1","X0026BIT6B","B0DN5YZ858","2-Piece Scoop and Pick Jar Spoon and Fork, for Olives in Jars,Spoon for Olives,Olive Fork,Spoon for Olives - Green","New","18","0","0","0","11","8","0","0","0","GBP","1","1","6","8","Low traffic","4.09","0.0","4.09","0.0","NoRestockExcessActionRequired","18","0.0","0","0","0.0","0.39","0.004238","cubic feet","Standard","0.076284","UK","gl_kitchen","456617","197","0","72","29","4.09","3.41","3.41","20.46","27.28","0","0","0","8","0","0.05","0","0","0","0","1","0","","","","","","","","","","","","","","0","","","","299.0","2026-08-10","18","1","0","0","211","N","","",""
"2026-08-13","RPADWG041","X002I0NPBT","B0GJYSBR33","20 Pcs Glue Applicator Tool Set, 5 Colors Plastic Glue Brushes & Spreaders Smear Sticks for Paper Wood Crafts Woodworking DIY Projects","New","25","0","0","27","0","0","0","0","0","GBP","2","7","10","18","Low traffic","4.49","0.0","4.49","0.0","NoRestockExcessActionRequired","0","0.0","0","0","93.9","0.89","0.003531","cubic feet","Standard","0.088275","UK","gl_biss","224140","165","0","14","18","4.49","7.48","26.18","37.4","70.3","20","7","0","0","0","0.06","0","0","0","0","2","0","","","","","","","","","","","","","128.4","0","","2026-08-09","128.4","88.7","2026-08-10","25","2","0","0","179","N","","",""
"2026-08-13","DWG2602095","X002IDUGUJ","B0GLYTFNXJ","Mini Glass Squeegee, Mini Squeegee with TPR Soft Rubber Strip, Silicone Scraper and Plastic Hooks for Multi-Purpose Cleaning on Glass, Windows, Shower Doors, Car, Bathroom, Kitchen (2 Pcs)","New","14","0","0","10","4","0","0","0","0","GBP","1","2","2","3","Low traffic","4.09","0.0","4.09","0.0","Advertise listing","0","0.0","0","0","51.95","0.28","0.003531","cubic feet","Standard","0.049434","UK","gl_home","474043","236","14","28","60","4.09","3.41","6.82","6.82","10.98","0","10","0","0","0","0.03","0","0","0","0","0","0","","","","","","","","","","","","","248.8","0","","2026-08-09","234.0","248.8","2026-08-10","14","0","0","0","236","N","","",""
"2026-08-13","DWG2602026","X002IDM6AH","B0GLX5W5TV","Hot Chocolate Spoon Gifts for Daughter Son Birthday Christmas Gifts for Hot Chocolate Lovers Dad Mum Retirement for Daddy Mummy Best Friend Friendship for Women Men Husband Wife Spoon Gift","New","48","0","0","45","4","0","0","0","0","GBP","1","3","5","5","Low traffic","5.29","0.0","5.29","0.0","Advertise listing","0","0.0","0","0","200.77","0.22","0.003531","cubic feet","Standard","0.169488","UK","gl_kitchen","86556","366","48","64","124","5.29","4.41","13.23","22.71","22.71","30","15","0","0","0","0.12","0","0","0","0","1","0","","","","","","","","","","","","","351.8","0","","2026-08-09","323.0","351.8","2026-08-10","48","1","0","0","366","N","","",""
"2026-08-13","RPADWG072","X002I0O5WR","B0GJZKYBYC","Mole Cute Chemistry Science STEM Molar Mass Metal Enamel Pin Badge","New","105","0","0","107","0","0","0","0","0","GBP","1","8","13","42","Low traffic","6.09","0.0","6.09","0.0","NoRestockExcessActionRequired","105","0.0","0","0","0.0","0.89","0.003531","cubic feet","Apparel","0.370755","UK","gl_jewelry","136379","316","0","52","32","6.09","5.07","41.75","67.95","214.98","52","55","0","0","0","0.25","0","0","0","0","1","0","","","","","","","","","","","","","329.5","0","","2026-08-09","329.5","74.1","2026-08-10","105","1","0","0","319","N","","",""
"2026-08-13","DWG2602064","X002IFO6DF","B0GMH4SRV7","4 in 1 Retractable Makeup Brush Set,All in One Portable Travel Facial Cosmetic, Highlight, Eyeshadow, Foundation Blending Powder Brush(Black)","New","33","1","0","34","0","0","0","0","0","GBP","3","11","15","18","Low traffic","5.79","0.0","5.79","0.0","NoRestockExcessActionRequired","34","0.0","0","0","0.0","1.49","0.003531","cubic feet","Standard","0.116523","UK","gl_beauty","78731","172","0","22","45","5.79","14.46","51.9","70.54","86.17","34","0","0","0","0","0.08","30","0","30","0","0","0","","","","","","","","","","","","","49.9","0","","2026-08-09","49.9","48.3","2026-08-10","64","0","0","0","172","N","","",""
"2026-08-13","RPADWG094","X002I0YA5T","B0GK1K4J5L","3 Pack Black F1 Style Tyre Keyrings, Ultra Soft Rubber Simulation Tire Keychains, Car Key Bag Decoration Accessories for Men Women","New","22","0","0","20","5","0","0","0","0","GBP","2","8","14","14","Low traffic","6.59","0.0","6.59","0.0","NoRestockExcessActionRequired","0","0.0","0","0","136.83","0.77","0.003531","cubic feet","Apparel","0.077682","UK","gl_apparel","25630","118","22","11","20","6.59","10.98","44.94","78.9","78.9","20","0","0","0","0","0.04","0","0","0","0","3","0","","","","","","","","","","","","","133.5","0","","2026-08-09","75.7","133.5","2026-08-10","22","3","0","0","135","N","","",""
"2026-08-13","RPADWG048","X002I0OUT5","B0GJYW4431","Hot Chocolate Spoon Gifts for Daughter Son Birthday Christmas Gifts for Hot Chocolate Lovers Dad Mum Retirement Gifts for Daddy Mummy Best Friend Friendship Gifts for Women Men Husband Wife Spoon Gift","New","29","0","0","30","0","0","0","0","0","GBP","2","7","20","34","Low traffic","5.19","0.0","5.19","0.0","NoRestockExcessActionRequired","29","0.0","0","0","0.34","1.94","0.003531","cubic feet","Standard","0.102399","UK","gl_grocery","81850","74","0","16","11","5.19","8.64","30.24","89.8","152.66","20","10","0","0","0","0.07","0","0","0","0","0","0","","","","","","","","","","","","","106.4","13","2026-08-31","2026-08-09","106.4","41.9","2026-08-10","29","0","0","0","74","N","","",""
"2026-08-13","Y11136","X0026O7FUJ","B0DP8NR1R5","UK 4 Pack Reusable Cotton Face Masks, 2 Navy Blue, 2 Black Mask with Nose Wire for Glass Wearers, 3-Ply Washable & Breathable Fabric with Filter Pocket & Adjustable Loops,cotton reusable face mask","New","51","0","0","0","20","32","0","0","0","GBP","5","7","10","18","Low traffic","6.39","0.0","6.39","0.0","NoRestockExcessActionRequired","51","0.0","0","0","0.0","0.28","0.02873","cubic feet","Standard","1.46523","UK","gl_sports","52750","102","0","29","36","6.39","26.6","37.58","54.05","102.65","0","0","0","32","0","0.98","0","0","0","0","1","0","","","","","","","","","","","","","431.3","0","","2026-08-09","431.3","371.7","2026-08-10","51","1","0","0","103","N","","",""
"2026-08-13","DWG511235","X002G1YLBN","B0D8PT38R8","TRHDFW Glove, Exfoliating Glove For Strawberry Skin And Strawberry Legs (One Glove,Pink)","New","16","0","0","0","16","0","0","0","0","GBP","0","1","5","6","Low traffic","4.99","0.0","4.99","0.0","NoRestockExcessActionRequired","0","0.0","0","0","71.54","0.32","0.010594","cubic feet","Standard","0.169504","UK","gl_beauty","260805","153","16","64","34","4.99","0.0","4.16","21.3","25.87","0","0","0","0","0","0.12","0","0","0","0","0","0","","","","","","","","","","","","","345.4","0","","2026-08-09","163.7","345.4","2026-08-10","16","0","0","0","153","N","","",""
"2026-08-13","RPADWG060","X002I1Q1E1","B0GK5XK36K","10 Pairs Duvet Snaps,Clips to Keep Duvet in Place Round Shaped Snap Clips to Hold Comforter Inside Cover Holder Quilt Corner Keeper Fasteners Accessories Prevent Shifting","New","12","0","0","14","0","0","0","0","0","GBP","6","19","24","28","Low traffic","3.89","0.0","3.89","0.0","NoRestockExcessActionRequired","12","0.0","0","0","0.0","2.77","0.003531","cubic feet","Standard","0.042372","UK","gl_home","263881","81","0","8","19","3.89","19.44","61.56","78.76","92.72","14","0","0","0","0","0.02","29","0","29","0","1","0","","","","","","","","","","","","","39.2","19","2026-08-25","2026-08-09","27.6","39.2","2026-08-10","41","1","0","0","83","N","","",""
"2026-08-13","DWG2602042","X002IEFYJB","B0GM5T714M","10pcs 10cm Metal Flex Frames for Glasses Case Sewing - Durable Spring Clip Hinges for DIY Craft Projects - Ideal for Handmade Eyewear Cases Gold","New","34","0","0","35","0","0","0","0","0","GBP","0","2","6","10","Low traffic","5.04","0.0","5.04","0.0","NoRestockExcessActionRequired","","","0","0","","0.54","0.003531","cubic feet","Standard","0.120054","UK","gl_kitchen","682630","239","0","68","44","5.04","0.0","8.4","25.88","43.36","20","1","14","0","0","","0","0","0","0","1","0","","","","","","","","","","","","","437.0","0","","2026-08-09","437.0","163.6","2026-08-10","34","1","0","0","247","N","","",""
"2026-08-13","DWG2602009","X002IB95SP","B0GLH442M7","6 Pcs Headset Spacers 1 1/8"", Aluminium Alloy Headset Spacers for Bikes, 28.6mm MTB Road Bike Stem 2mm/3mm/5mm/3x10mm Black","New","25","0","0","29","0","0","0","0","0","GBP","1","7","19","24","Low traffic","4.99","0.0","4.99","0.0","NoRestockExcessActionRequired","0","0.0","0","0","101.32","1.45","0.003531","cubic feet","Standard","0.088275","UK","gl_sports","81735","126","0","14","13","4.99","4.16","29.12","79.04","100.82","29","0","0","0","0","0.06","0","0","0","0","1","0","","","","","","","","","","","","","115.3","0","","2026-08-09","115.3","47.8","2026-08-10","25","1","0","0","134","N","","",""
"2026-08-13","RPADWG030","X002I0KLW5","B0GJZ4QJQW","1-15mm Stainless Steel Taper Gauge, Dual Scale Inch & Metric Welding Gap Feeler Gauge, Accurate Hole Bore Measuring Tool for Construction Automotive Woodworking","New","41","1","0","41","0","0","0","0","0","GBP","1","6","9","13","Low traffic","3.99","0.0","3.99","0.0","NoRestockExcessActionRequired","0","0.0","0","0","141.25","0.61","0.003531","cubic feet","Standard","0.144771","UK","gl_biss","50413","312","0","27","41","3.99","3.32","19.92","29.88","44.84","35","6","0","0","0","0.1","0","0","0","0","0","0","","","","","","","","","","","","","148.4","0","","2026-08-09","148.4","108.8","2026-08-10","42","0","0","0","312","N","","",""
"2026-08-13","RPADWG056","X002I0NT7T","B0GJZGW1SP","4pcs Eyeglass Ear Cushions, Soft Knitted Cotton Anti Slip Temple Pads Eyeglass Temple Tips Eyeglass Pads Behind The Ear Eyewear Retainer Glasses Arm Sleeve for Sunglasses Glasses (Black)","New","18","0","0","18","0","0","0","0","0","GBP","2","2","3","6","Low traffic","4.08","0.0","4.08","0.0","NoRestockExcessActionRequired","18","0.0","0","0","0.0","0.37","0.003531","cubic feet","Standard","0.063558","UK","gl_drugstore","86173","144","0","36","39","4.08","6.8","6.8","10.2","22.14","0","10","8","0","0","0.03","0","0","0","0","0","0","","","","","","","","","","","","","","0","","","","238.0","2026-08-10","18","0","0","0","144","N","","",""
"2026-08-13","DWG511182","X002G1ZS2T","B0G1C8RYK4","36 Strips Double Sided Adhesive Wig Hair Piece Tape (1 Bag) Toupee Tape","New","20","0","0","0","1","21","0","0","0","GBP","0","1","3","4","Low traffic","4.39","0.0","4.39","0.0","Advertise listing","0","0.0","0","0","94.56","0.16","0.003531","cubic feet","Standard","0.07062","UK","gl_beauty","239775","366","20","80","65","4.39","0.0","3.66","10.98","14.97","0","0","0","21","0","0.05","0","0","0","0","2","0","1","0.0","0","0.0","0","0.0","0","0.0","0","0.0","0","0.0","1094.0","0","","2026-08-09","682.0","1094.0","2026-08-10","20","2","0","0","366","N","","",""
"2026-08-13","Y1169","X0026OTAO3","B0DPC76HNW","Slotted Spoon Stainless Steel Cooking Spoon Kitchen Serving Spoon, 13inch/33cm","New","29","0","0","31","0","0","0","0","0","GBP","0","20","30","41","Low traffic","5.99","0.0","5.99","0.0","NoRestockExcessActionRequired","29","0.0","0","0","0.0","2.47","0.020394","cubic feet","Standard","0.591426","UK","gl_kitchen","457938","290","0","17","28","5.99","0.0","97.42","145.62","198.64","31","0","0","0","0","0.38","60","0","60","0","1","0","","","","","","","","","","","","","39.3","0","","2026-08-09","39.3","27.4","2026-08-10","89","1","0","0","294","N","","",""
"2026-08-13","RPADWG089","X002I111FZ","B0GK15YB9F","Black Professional Salon Hair Dryer Nozzle, Universal Hairdressing Toolfessional Hair Dryer Nozzle, Wide Airflow Design, Blow Dryer Attachment","New","8","0","0","11","0","0","0","0","0","GBP","2","4","4","45","Low traffic","6.28","0.0","6.28","0.0","CreateShippingPlan","1","0.0","0","0","3.11","3.46","0.003531","cubic feet","Standard","0.028248","UK","gl_personal_care_appliances","84695","15","0","8","2","6.28","10.46","20.92","20.92","235.35","11","0","0","0","0","0.02","0","0","0","0","2","1","","","","","","","","","","","","","75.0","37","2026-08-12","2026-08-09","75.0","13.2","2026-08-10","8","2","0","0","19","N","","",""
"2026-08-13","DWG51182","X002G1XJP7","B0D8VHY3HB","Car Engine Oil Filler Cap,Compatible with Hyundai Santa Fe Tucson Veloster Getz i10 i20 i30 i40 i800 iLoad H350 - Part Numbers 2651026620, 2651026600, 2651026610","New","32","0","0","33","0","0","0","0","0","GBP","0","6","13","23","Low traffic","7.49","0.0","7.49","0.0","NoRestockExcessActionRequired","32","0.0","0","0","0.0","1.11","0.01236","cubic feet","Standard","0.39552","UK","gl_automotive","106561","160","0","21","18","7.49","0.0","37.44","81.12","143.52","20","11","2","0","0","0.26","0","0","0","0","1","0","","","","","","","","","","","","","114.0","0","","2026-08-09","114.0","80.4","2026-08-10","32","1","0","0","165","N","","",""
"2026-08-13","RPADWG090","X002HYWYV3","B0GJMW7ZLS","6 Pack Black Elastic Waist Button Extenders, Adjustable Pants Trousers Jeans Dress Waistband Extenders for Men Women","New","8","0","0","0","8","0","0","0","0","GBP","0","0","1","2","Low traffic","5.79","0.0","5.79","0.0","NoRestockExcessActionRequired","0","0.0","0","0","41.06","0.22","0.003531","cubic feet","Standard","0.028248","UK","gl_office_product","1269253","166","8","","52","5.79","0.0","0.0","4.82","10.39","0","0","0","0","0","0.02","0","0","0","0","0","0","","","","","","","","","","","","","402.5","0","","2026-08-09","257.0","402.5","2026-08-10","8","0","0","0","166","N","","",""
"2026-08-13","DWG2602056","X002IFC14L","B0GMGL9KGP","Stretchy Dress Thin Belt Ladies Elastic Waistband Leaf Buckle Skinny Belts, Black","New","24","0","0","20","4","0","0","0","0","GBP","0","2","3","4","Low traffic","4.39","0.0","4.39","0.0","Advertise listing","0","0.0","0","0","101.64","0.36","0.003531","cubic feet","Apparel","0.084744","UK","gl_apparel","428129","366","24","48","78","4.39","0.0","7.32","11.39","15.63","20","0","0","0","0","0.05","0","0","0","0","0","0","","","","","","","","","","","","","244.5","0","","2026-08-09","244.5","178.2","2026-08-10","24","0","0","0","366","N","","",""
"2026-08-13","DWG2602118","X002IB2CPD","B0GLGFZ27V","Glasses Case for Women, Leopard Print Gifts, Hard Shell Glasses Case with Matching Leopard Print Cloth, Compact Size 16 x 6 x 4 cm","New","30","0","0","30","0","0","0","0","0","GBP","3","10","12","16","Low traffic","5.79","0.0","5.79","0.0","NoRestockExcessActionRequired","","","0","0","","1.16","0.003531","cubic feet","Apparel","0.10593","UK","gl_apparel","256327","121","0","12","24","5.79","14.46","48.2","57.84","78.8","30","0","0","0","0","","0","0","0","0","0","0","","","","","","","","","","","","","83.9","0","","2026-08-09","80.9","83.9","2026-08-10","30","0","0","0","121","N","","",""
"2026-08-13","DWG2602112","X002IDFB59","B0GLX12GB6","4-Piece Italian Coffee Maker Gasket Set, Including 1 Filter and 3 Silicone Gaskets, Suitable for Moka Pot Coffee Makers","New","37","0","0","37","0","0","0","0","0","GBP","1","8","13","19","Low traffic","4.88","0.0","4.88","0.0","NoRestockExcessActionRequired","37","0.0","0","0","0.29","1.27","0.003531","cubic feet","Standard","0.130647","UK","gl_kitchen","295344","78","0","18","25","4.88","4.07","33.05","55.05","81.45","30","7","0","0","0","0.08","0","0","0","0","0","0","","","","","","","","","","","","","104.6","5","2026-08-10","2026-08-09","104.6","52.0","2026-08-10","37","0","0","0","78","N","","",""
"2026-08-13","DWG51158-1","X002J5H68B","B0GRTTN52J","5 Pcs Gas Inline Fuel Filters Universal Motorcycle Petrol Inline Durable Fuel Filters for Motorcycle Electric Vehicle Electric Tricycle","New","35","0","0","30","5","0","0","0","0","GBP","0","0","6","13","Low traffic","4.09","0.0","4.09","0.0","NoRestockExcessActionRequired","0","0.0","0","0","129.82","0.53","0.003531","cubic feet","Standard","0.123585","UK","gl_automotive","256209","366","35","","35","4.09","0.0","0.0","21.42","46.41","0","30","0","0","0","0.08","0","0","0","0","0","0","","","","","","","","","","","","","","0","","","","128.7","2026-08-10","35","0","0","0","366","N","","",""
"2026-08-13","DWG51038","X002FPZA01","B0FXWDP4PC","2-pack Blue Light Blocking Glasses, Rectangular Style For Women And Men, Perfect For Computer Use And Daily Wear","New","24","0","0","0","24","0","0","0","0","GBP","0","2","5","8","Low traffic","5.49","0.0","5.49","0.0","NoRestockExcessActionRequired","0","0.0","0","0","119.64","0.29","0.003531","cubic feet","Footwear","0.084744","UK","gl_shoes","149982","223","24","48","39","5.49","0.0","9.31","24.04","39.25","0","0","0","0","0","0.05","0","0","0","0","0","0","","","","","","","","","","","","","377.5","0","","2026-08-09","377.5","313.0","2026-08-10","24","0","0","0","223","Y","Holiday Season","2026-09-19","2027-02-13"
"2026-08-13","TB139-1","X0026BC0GL","B0DN671VB5","Acacia Spoon Rest, Natural,Spoon Rest Kitchen,Tea Spoon Holder,Tea Spoon Holder Rest","New","27","0","0","30","0","0","0","0","0","GBP","0","7","10","21","Low traffic","7.09","0.0","7.09","0.0","NoRestockExcessActionRequired","28","0.0","0","0","0.0","0.88","0.009747","cubic feet","Standard","0.263169","UK","gl_kitchen","555446","180","0","38","41","7.09","0.0","42.49","61.2","130.72","0","30","0","0","0","0.17","40","0","40","0","3","0","","","","","","","","","","","","","122.8","0","","2026-08-09","122.8","80.3","2026-08-10","67","3","0","0","190","N","","",""
"2026-08-13","DWG2602022","X002IDFW8Z","B0GLXG3VDJ","Metal Cookie Cutter Set - 12 Stainless Steel Shapes Including Round, Heart, Star, and Flower for Baking Biscuits and Mini Molds","New","2","0","0","0","2","0","0","0","0","GBP","0","1","4","7","Low traffic","5.29","0.0","5.29","0.0","NoRestockExcessActionRequired","0","0.0","0","0","9.6","1.4","0.003531","cubic feet","Standard","0.007062","UK","gl_kitchen","1302456","366","22","88","40","5.49","0.0","4.57","18.28","33.01","0","0","0","0","0","0.0","20","0","20","0","0","0","","","","","","","","","","","","","63.7","0","","2026-08-09","35.0","63.7","2026-08-10","22","0","0","0","366","N","","",""
"2026-08-13","DWG511253","X002G1XC7H","B0D8T9582P","TRHDFW Women Stretchy Cinch Belts 8-Shaped Interlock Buckle Faux Leather Elastic Wide Waist Belt for Dresses","New","30","0","0","32","0","0","0","0","0","GBP","4","15","37","55","Low traffic","5.59","0.0","5.59","0.0","NoRestockExcessActionRequired","30","0.0","0","0","0.48","3.86","0.008476","cubic feet","Apparel","0.25428","UK","gl_apparel","200141","130","0","13","11","5.59","18.64","69.9","172.42","252.76","32","0","0","0","0","0.13","20","0","20","0","0","0","","","","","","","","","","","","","61.7","0","","2026-08-09","61.7","29.6","2026-08-10","50","0","0","0","130","N","","",""
"2026-08-13","Y11154","X0026OM9AP","B0DP9Q7B6L","Cat Harness and Lead Set for Walking Adjustable Soft Kitten Harness and Lead Set Vest with Reflective Strip for Extra Small Cats Escape Proof, harness for cats，kitten harness","New","33","2","0","36","0","0","0","0","0","GBP","2","13","36","47","Low traffic","7.89","0.0","7.89","0.0","NoRestockExcessActionRequired","35","0.0","0","0","0.0","2.07","0.010594","cubic feet","Standard","0.349602","UK","gl_pet_products","40253","233","0","25","22","7.89","13.14","85.41","235.24","305.75","30","6","0","0","0","0.24","50","0","50","0","0","0","","","","","","","","","","","","","63.7","0","","2026-08-09","45.6","63.7","2026-08-10","85","0","0","0","233","N","","",""
"2026-08-13","RPADWG014","X002I0JCGB","B0GJZ6VR7W","Silly Goose Bookmark, Cute Stainless Steel Book Marks, Metal Fun Book Marks for Reading, Books Accessories for Back to School Supplies, Good Gifts for Teacher Student Bookworm, Books Lovers(Pink)","New","17","0","0","18","0","0","0","0","0","GBP","1","4","4","7","Low traffic","4.15","0.0","4.15","0.0","NoRestockExcessActionRequired","0","0.0","0","0","38.32","0.57","0.003531","cubic feet","Standard","0.060027","UK","gl_office_product","149708","122","0","17","31","4.15","3.46","13.84","13.84","25.62","15","0","3","0","0","0.04","0","0","0","0","1","0","","","","","","","","","","","","","144.3","0","","2026-08-09","144.3","139.0","2026-08-10","17","1","0","0","129","N","","",""
"2026-08-13","DWG511251","X002G1YI43","B0D6FVY9HG","Table cloth non-slip clip Transparent fastener Kitchen table cloth clip household table cloth non-slip fixer no holes，tablecloth clips，table cloth clip，table cloth clips，table clips for table cloth.","","0","0","0","3","0","0","0","0","0","GBP","16","42","42","67","Low traffic","0.0","0.0","4.29","0.0","NoRestockExcessActionRequired","","","0","0","","37.14","0.001589","cubic feet","Standard","0.0","UK","gl_lawn_and_garden","28803","45","0","5","11","4.29","56.8","142.74","142.74","220.51","3","0","0","0","0","","60","0","60","0","1","1","","","","","","","","","","","","","16.1","59","2026-08-11","2026-08-09","16.1","10.8","2026-08-10","60","1","0","0","46","N","","",""
"2026-08-13","Y11109","X0026P9V1T","B0DPC8JZYB","2PCSAvocado Cutter Slicer 3 in 1 Avocado Peeler Multifunctional Avocado Peeler Knife Avocado Cutter Tool Cutter,Pitter,Scooper Kitchen Tool,Avocado Masher","New","16","30","0","16","0","0","0","0","0","GBP","6","20","35","45","Low traffic","5.99","0.0","5.99","0.0","NoRestockExcessActionRequired","0","0.0","0","0","206.46","3.16","0.021189","cubic feet","Standard","0.339024","UK","gl_kitchen","132082","196","0","7","10","5.99","29.94","99.8","174.65","224.55","16","0","0","0","0","0.66","20","0","20","0","0","0","","","","","","","","","","","","","34.6","0","","2026-08-09","34.6","26.1","2026-08-10","66","0","0","0","196","Y","Holiday Season","2026-11-07","2027-01-09"
"2026-08-13","DWG511118","X002G1Y1VX","B0G1BLM9GF","4pcs Mini Football Shin Pads, Extra Mini Shin Guards Soccer Miniature Shin Pads Tiny Protective Shin Guards for Men Women Boys Girls Graffitiable DIY","New","8","0","0","0","9","0","0","0","0","GBP","4","17","22","28","Low traffic","4.79","0.0","4.79","0.0","CreateShippingPlan","8","0.0","0","0","0.0","1.09","0.023056","cubic feet","Standard","0.184448","UK","gl_sports","25887","9","0","1","3","4.79","15.96","67.83","87.78","114.24","0","0","0","0","0","0.11","0","0","0","0","0","0","","","","","","","","","","","","","111.5","63","2026-08-12","2026-08-09","46.7","111.5","2026-08-10","8","0","0","0","9","N","","",""
"2026-08-13","DWG511187","X002G2L025","B0G1FG4Q34","50 Pcs Wig Tapes for Lace Wigs - Invisible Waterproof Double-Sided Lace Tape for Front Wig, Toupee Tape Strips with Ultra Hold, Skin-Friendly Adhesive, and Easy Application (Blue)","New","33","0","0","20","14","0","0","0","0","GBP","0","2","6","9","Low traffic","5.79","0.0","5.79","0.0","NoRestockExcessActionRequired","0","0.0","0","0","160.51","0.38","0.003531","cubic feet","Standard","0.116523","UK","gl_biss","228337","232","33","66","47","5.79","0.0","9.98","29.94","45.42","20","0","0","0","0","0.08","0","0","0","0","1","0","","","","","","","","","","","","","356.0","0","","2026-08-09","356.0","220.0","2026-08-10","33","1","0","0","239","N","","",""
"2026-08-13","TB015-1","X0026ADHDR","B0DN1DX1WQ","6pcs Topsy Tail Hair Tool, Pink Hair Looping Tool with Rat Tail Comb, Hair Pull Through Tool, Tail French Braid Loop Tool, Hair Braiding Tool for Making Women and Girls Hair Style","New","3","0","0","3","0","0","0","0","0","GBP","0","2","9","10","Low traffic","3.29","0.0","3.29","0.0","CreateShippingPlan","3","0.0","0","0","0.0","1.74","0.009747","cubic feet","Standard","0.029241","UK","gl_beauty","203270","37","0","6","3","3.29","0.0","5.48","24.66","27.57","0","0","3","0","0","0.01","0","0","0","0","0","0","","","","","","","","","","","","","76.9","6","2026-08-09","2026-08-09","60.0","76.9","2026-08-10","3","0","0","0","37","N","","",""
"2026-08-13","DWG2602098","X002IDUFUF","B0GLYLND4C","Mini Curl Definer & Styler 5 Row Hairbrush for Detangling, Separating, and Defining Curls, Curly Hairbrush, Sleek Blowdrying (White)","New","25","0","0","25","0","0","0","0","0","GBP","1","5","5","18","Low traffic","6.59","0.0","6.59","0.0","NoRestockExcessActionRequired","25","0.0","0","0","0.0","1.06","0.003531","cubic feet","Standard","0.088275","UK","gl_beauty","181754","118","0","20","18","6.59","5.49","27.62","27.62","101.36","0","25","0","0","0","0.06","0","0","0","0","1","1","","","","","","","","","","","","","221.5","0","","2026-08-09","221.5","65.1","2026-08-10","25","1","0","0","122","N","","",""
"2026-08-13","DWG2602027-1","X002IELNRN","B0GM7XR2HJ","600Pcs Double-Sided Adhesive Tape Stickers, Extra Strong Glu Dots Clear Sticky Tack Putty Permanent Adhesive Tape Discs Removable Round Putty No Trace Stickers for Poster Museum Wall Wood Plastic","New","25","0","0","21","4","0","0","0","0","GBP","0","0","0","4","Low traffic","4.29","0.0","4.29","0.0","Advertise listing","0","0.0","0","0","95.6","0.25","0.003531","cubic feet","Standard","0.088275","UK","gl_biss","730882","366","25","","81","4.29","0.0","0.0","0.0","16.64","0","21","0","0","0","0.06","0","0","0","0","0","0","","","","","","","","","","","","","","0","","","","307.3","2026-08-10","25","0","0","0","366","N","","",""
"2026-08-13","DWG51157","X002G1T4V5","B0CZ3NQGN6","TRHDFW scrub daddy caddy Funny Face Sponge Holder 1 Pack Suction Holder for Kitchen Bathroom Sink Designed for Round Funny Sponges with Suction Cup Installation Dishwasher Safe(Sponges Not Included)","New","49","0","0","24","25","0","0","0","0","GBP","0","2","5","8","Low traffic","6.29","0.0","6.29","0.0","NoRestockExcessActionRequired","49","0.0","0","0","0.0","0.19","0.004966","cubic feet","Standard","0.243334","UK","gl_home","486796","94","0","98","79","6.29","0.0","10.98","27.69","45.66","0","24","0","0","0","0.17","0","0","0","0","0","0","","","","","","","","","","","","","487.5","0","","2026-08-09","374.3","487.5","2026-08-10","49","0","0","0","94","N","","",""
"2026-08-13","Y11137","X0026O7F6D","B0DP8N7V5B","GENERIC Purse Hanger (Set of 2) - Folding Handbag Hook, Table Bag Holder","New","28","0","0","31","0","0","0","0","0","GBP","1","5","12","18","Low traffic","6.19","0.0","6.19","0.0","NoRestockExcessActionRequired","28","0.0","0","0","0.64","0.66","9.15E-4","cubic feet","Standard","0.02562","UK","gl_home","352754","126","0","22","20","6.19","5.16","25.8","61.92","92.88","15","0","16","0","0","0.02","0","0","0","0","1","0","","","","","","","","","","","","","332.0","0","","2026-08-09","332.0","212.6","2026-08-10","28","1","0","0","128","N","","",""
"2026-08-13","RPADWG018","X002I0JSBF","B0GJZ8SDR9","2 PCS Novelty Chemistry Pin Badges, Funny Pin Badge for Lapel Backpack Jacket Hat Bag, Gift for Teachers Students for Teacher's Day, Birthday, Graduation, Christmas","New","32","0","0","32","0","0","0","0","0","GBP","0","2","8","21","Low traffic","4.09","0.0","4.09","0.0","NoRestockExcessActionRequired","0","3.67","52","0","107.33","1.45","0.003531","cubic feet","Apparel","0.112992","UK","gl_jewelry","493792","174","0","64","19","4.09","0.0","6.82","26.43","68.55","20","12","0","0","0","0.08","0","0","0","0","0","0","","","","","","","","","","","","","384.0","0","","2026-08-09","384.0","44.7","2026-08-10","32","0","0","0","174","N","","",""
"2026-08-13","DWG51130","X002G1UTEB","B0D22NG7FW","TRHDFW 1 Pcs 3 Way Shower Diverter Valve M22 X M24 Tap Adapter for Dishwashers Washing Machines Shower Nozzles in Kitchen Sink Tap and Bathroom Ordinary Shower Hoses or Water Supply Hoses","New","4","0","0","1","4","0","0","0","0","GBP","1","4","7","8","Low traffic","6.09","0.0","6.09","0.0","NoRestockExcessActionRequired","4","0.0","0","0","0.0","0.67","0.007474","cubic feet","Standard","0.029896","UK","gl_home_improvement","54357","262","0","34","55","6.09","5.07","19.96","35.17","40.99","0","0","1","0","0","0.0","30","0","30","0","0","1","","","","","","","","","","","","","139.3","0","","2026-08-09","65.8","139.3","2026-08-10","34","0","0","0","262","N","","",""
"2026-08-13","DWG511159","X002G2EUH7","B0G1FSGL33","10-piece Drawer Slides, 298mm Drawer Rails, White Plastic Cabinet Sliders, Side-Mounted Slide Replacements, Suitable for Residential Homes, Offices, Kitchens, and Bedrooms with Grooved Drawers","New","46","0","0","53","0","0","0","0","0","GBP","9","26","39","66","Low traffic","8.79","0.0","8.79","0.0","NoRestockExcessActionRequired","46","0.0","0","0","0.0","1.94","0.039355","cubic feet","Standard","1.81033","UK","gl_home_improvement","73406","92","0","11","14","8.79","65.88","190.32","285.48","477.22","4","49","0","0","0","1.1","30","0","30","0","3","0","","","","","","","","","","","","","89.9","0","","2026-08-09","89.9","44.8","2026-08-10","76","3","0","0","96","N","","",""
"2026-08-13","TB149-1","X0026BAAU9","B0DN5GWQ5V","Bathroom Sink Plug Replacement, Brass Universal Pop Up Drain Stopper with Bounce Core, Bath Basin Plug Filter with Basket Hair Catcher, Push Type Sink Strainer No Overflow for Bathroom,33.5-40mm","New","13","0","0","13","0","0","0","0","0","GBP","1","5","6","9","Low traffic","7.69","0.0","7.69","0.0","NoRestockExcessActionRequired","0","6.51","52","0","59.91","1.38","0.006516","cubic feet","Standard","0.084708","UK","gl_home","504803","132","0","12","23","7.69","6.41","32.05","38.71","58.19","12","0","1","0","0","0.06","3","0","3","0","0","0","","","","","","","","","","","","","71.8","0","","2026-08-09","65.2","71.8","2026-08-10","16","0","0","0","132","N","","",""
"2026-08-13","DWG2603011","X002J4MFGF","B0GRN43PF7","Weekly Pill Organiser 7 Day, Pills Box Organiser, Travel Friendly Daily Pill Containers to Hold Medicine Vitamins Fish Oil Supplements (Black)","New","38","0","0","35","3","0","0","0","0","GBP","0","1","1","10","Low traffic","4.19","0.0","4.19","0.0","NoRestockExcessActionRequired","0","0.0","0","0","149.34","0.43","0.003531","cubic feet","","0.134178","UK","gl_drugstore","184647","366","38","152","49","4.19","0.0","3.49","3.49","36.75","0","35","0","0","0","0.09","0","0","0","0","0","0","","","","","","","","","","","","","1159.0","0","","2026-08-09","1159.0","188.6","2026-08-10","38","0","0","0","366","N","","",""
"2026-08-13","DWG2602072","X002IFOV17","B0GMHD3XND","1400Pcs Glitter Letter Stickers Colorful Alphabet Stickers Self-Adhesive Letter (20 Sheets)","New","8","0","0","8","0","0","0","0","0","GBP","1","4","7","7","Low traffic","4.49","0.0","4.49","0.0","Advertise listing","","","0","0","","0.8","0.003531","cubic feet","Standard","0.028248","UK","gl_home","522393","179","0","28","52","4.49","3.74","14.96","26.18","26.18","1","0","7","0","0","","20","0","20","0","0","0","","","","","","","","","","","","","133.4","0","","2026-08-09","76.3","133.4","2026-08-10","28","0","0","0","179","N","","",""
"2026-08-13","DWG2602005","X002IB5Z25","B0GLG7411R","Ultra-Soft Leather Heel Grips – Prevent Shoes from Slipping & Rubbing | Stop Blisters, Skin Irritation & Soreness | Odor-Resistant | Foot Care (2 Pairs)","New","5","0","0","7","0","0","0","0","0","GBP","7","14","20","27","Low traffic","4.09","0.0","3.89","0.0","NoRestockExcessActionRequired","5","0.0","0","0","0.0","5.11","0.003531","cubic feet","Standard","0.017655","UK","gl_drugstore","77213","109","0","12","21","4.09","22.68","45.0","64.47","88.06","7","0","0","0","0","0.01","40","0","40","0","1","0","","","","","","","","","","","","","38.4","0","","2026-08-09","38.4","21.3","2026-08-10","45","1","0","0","111","N","","",""
"2026-08-13","TB088","X00269UC27","B0DMZLFQYT","200 Pieces Paddle Bamboo Skewers, Flat Burgers Sticks Children Skewers Kids Wooden Fruits Picks Cocktail Sticks Satay Skewers Barbecue Kebabs Skewers for Buffets Party,Cocktail Sticks","New","1","0","0","1","0","0","0","0","0","GBP","0","0","0","0","Low traffic","4.99","0.0","4.99","0.0","Advertise listing","","","0","0","","0.0","0.00635","cubic feet","Standard","0.00635","UK","gl_kitchen","1412588","108","0","","","4.99","0.0","0.0","0.0","0.0","1","0","0","0","0","","0","0","0","0","0","0","","","","","","","","","","","","","","0","","","","","2026-08-10","1","0","0","0","108","N","","",""
"2026-08-13","TB065","X0026AD6J7","B0DN1FL47Y","Fish Scaler, Aluminium, 21.2 cm, Silver","New","26","0","0","26","0","0","0","0","0","GBP","3","5","8","12","Low traffic","5.49","0.0","5.49","0.0","NoRestockExcessActionRequired","4","0.0","0","0","56.15","0.61","0.001497","cubic feet","Standard","0.038922","UK","gl_kitchen","250010","236","0","20","28","5.49","13.71","22.85","36.56","55.52","0","20","6","0","0","0.03","0","0","0","0","0","0","","","","","","","","","","","","","447.0","0","","2026-08-09","447.0","176.6","2026-08-10","26","0","0","0","236","N","","",""
"2026-08-13","DWG51002","X002FO7PMD","B0FXM4R3ZW","Generic 2 Pack Mini First Aid Kit Empty, Large & Small Portable Medical Bags, Travel, Running, Emergency, Oxford Cloth, Zipper Top Handle, 2 Compartments","New","5","0","0","5","0","0","0","0","0","GBP","2","10","11","20","Low traffic","5.99","0.0","5.99","0.0","CreateShippingPlan","5","0.0","0","0","0.0","10.0","0.003531","cubic feet","Standard","0.017655","UK","gl_luggage","54252","14","0","2","3","5.99","9.98","49.9","55.06","101.5","5","0","0","0","0","0.0","0","0","0","0","0","0","","","","","","","","","","","","","30.6","24","2026-08-10","2026-08-09","30.6","24.7","2026-08-10","5","0","0","0","14","N","","",""
"2026-08-13","Y11178","X0026OIRAL","B0DP9RQ6YG","Retro Polarised Sunglasses for Women Men Oversized Vintage 70s Pilot Sunglasses Large Frame Classic Double Bridge Retro Glasses Anti UV400","New","56","0","0","58","0","0","0","0","0","GBP","7","24","53","91","Low traffic","6.89","0.0","6.89","0.0","NoRestockExcessActionRequired","56","0.0","0","0","0.0","4.4","0.006357","cubic feet","Footwear","0.355992","UK","gl_shoes","88738","129","0","16","13","6.89","40.18","137.76","303.54","508.98","58","0","0","0","0","0.2","40","0","40","0","0","0","","","","","","","","","","","","","70.4","0","","2026-08-09","70.4","24.4","2026-08-10","96","0","0","0","129","N","","",""
"2026-08-13","TB039-1","X00269WPYZ","B0DMZPZ52R","Vintage Vinyl Record Pizza Wheel Cutter - Novelty Gift for Men - Quirky Kitchen Aid Gadget - Pizza Oven Accessory","New","68","0","0","50","1","17","0","0","0","GBP","2","3","14","28","Low traffic","5.49","0.0","5.49","0.0","NoRestockExcessActionRequired","68","0.0","0","0","0.99","0.6","0.009681","cubic feet","Standard","0.658308","UK","gl_kitchen","285683","240","0","90","31","5.49","9.14","13.71","63.98","127.48","30","20","0","17","0","0.44","0","0","0","0","0","0","","","","","","","","","","","","","784.5","0","","2026-08-09","784.5","126.1","2026-08-10","68","0","0","0","240","N","","",""
"2026-08-13","DWG511175","X002G1WEWB","B0G1C4K5C4","10Pcs Necklace Cord, 2mm Black Leather Adjustable Necklace Waxed Cord with Lobster Clasp, Soft Rope Long Chain Ropes Wax Rope Chain Braided String Fine for DIY Pendant Making Bracelet Necklaces","New","23","0","0","1","15","9","0","0","0","GBP","4","11","12","15","Low traffic","3.79","0.0","3.79","0.0","NoRestockExcessActionRequired","1","0.0","0","0","52.36","0.44","0.003531","cubic feet","Standard","0.081213","UK","gl_home","175541","85","0","8","19","3.79","12.64","34.76","37.92","47.4","1","0","0","9","0","0.06","0","0","0","0","0","0","","","","","","","","","","","","","294.8","5","2026-08-18","2026-08-09","144.0","294.8","2026-08-10","23","0","0","0","85","N","","",""
"2026-08-13","RPADWG063","X002I0YBB7","B0GK18X3V7","Fuel Cap Unlocker Fuel Filler Reset Tool Compatible with Discovery 3 4 Land Rover Freelander 2 Range Rover Sport/Evoque LR014047","New","51","0","0","53","0","0","0","0","0","GBP","2","10","21","27","Low traffic","5.88","0.0","5.88","0.0","NoRestockExcessActionRequired","49","0.0","0","0","0.0","1.22","0.013622","cubic feet","Standard","0.694722","UK","gl_automotive","29921","150","0","20","24","5.88","9.8","49.0","103.18","133.33","50","3","0","0","0","0.11","0","0","0","0","2","0","","","","","","","","","","","","","116.1","0","","2026-08-09","116.1","67.6","2026-08-10","51","1","1","0","155","N","","",""
"2026-08-13","DWG51141","X002G1W35J","B0CTK59CZJ","IUFDGHN Polarized Night Driving Glasses 2 Pack Night Day Vision Driving Wrap Around Anti Glare Sunglasses, Retro Wrap Around Glasses, Fashion Oversized Night Vision Glasses for Women Men","","0","0","0","1","0","0","0","0","0","GBP","6","8","13","17","","0.0","0.0","0.0","0.0","CreateShippingPlan","","","0","0","","1.4","0.03216","cubic feet","Footwear","0.0","UK","gl_shoes","96085","0","0","0","0","6.69","33.42","44.56","72.41","95.37","0","1","0","0","0","","0","0","0","0","0","0","","","","","","","","","","","","","86.4","15","2026-08-11","2026-08-09","74.0","86.4","2026-08-10","0","0","0","0","0","N","","",""
"2026-08-13","DWG511216","X002G1QUOJ","B0D8T9QFYB","TRHDFW 100x Nylon Plastic P Clips Black Fasteners for Conduit Cable Tubing & Sleeving","New","10","0","0","11","0","0","0","0","0","GBP","0","11","15","18","Low traffic","4.29","0.0","4.29","0.0","NoRestockExcessActionRequired","0","0.0","0","0","40.04","1.07","0.00452","cubic feet","Standard","0.0452","UK","gl_biss","211419","291","0","14","28","4.29","0.0","39.27","53.8","65.77","11","0","0","0","0","0.03","30","0","30","0","1","0","","","","","","","","","","","","","69.7","0","","2026-08-09","49.8","69.7","2026-08-10","40","1","0","0","299","N","","",""
"2026-08-13","TB009-1","X0026A8L1F","B0DN15CK4N","4pcsSilicone Toothbrush Holders ， Multi-Function Hook Razor holder Waterproof Self Adhesive Wall Mounted Single Hook for Wall or Glass for Hanging Bathroom Kitchen Living Room Office，razor holder for","New","27","0","0","15","12","0","0","0","0","GBP","1","2","7","10","Low traffic","5.79","0.0","5.79","0.0","NoRestockExcessActionRequired","27","0.0","0","0","0.0","0.41","0.002538","cubic feet","Standard","0.068526","UK","gl_home","644310","158","0","54","35","5.79","4.82","9.64","35.44","51.4","0","15","0","0","0","0.04","0","0","0","0","0","0","","","","","","","","","","","","","429.5","0","","2026-08-09","429.5","198.2","2026-08-10","27","0","0","0","158","Y","Fall","2026-08-15","2026-11-06"
"2026-08-13","RPADWG087","X002I0ZZYT","B0GK1GT2XB","4 Pcs Black envelopes, Gift Envelopes, Gift Envelope, Durable Gift Card Envelopes 20 * 11 Luxury Mailing Envelopes for Festival Party Invitations Greeting Cards Gift Cards (Black)","New","16","0","0","16","2","0","0","0","0","GBP","0","0","0","1","Low traffic","4.09","0.0","4.09","0.0","Advertise listing","0","0.0","0","0","76.3","0.07","0.029315","cubic feet","Standard","0.46904","UK","gl_office_product","404844","366","16","","208","4.09","0.0","0.0","0.0","3.57","0","0","16","0","0","0.33","0","0","0","0","2","0","","","","","","","","","","","","","","0","","","","1536.0","2026-08-10","16","1","1","0","366","N","","",""
"2026-08-13","Y11208","X0026OZA3X","B0DPCCFNFW","Wrap Around Sunglasses y2k for Men Women, Vintage Oval Sunglasses Sport Shades Cycling Driving Outdoor UV400 Protection,y2k sunglasses","New","9","0","0","12","0","0","0","0","0","GBP","9","20","25","37","Low traffic","4.69","0.0","4.69","0.0","CreateShippingPlan","9","0.0","0","0","0.0","3.3","0.005619","cubic feet","Footwear","0.050571","UK","gl_shoes","81517","20","0","1","3","4.69","35.19","78.2","98.55","147.56","12","0","0","0","0","0.02","0","0","0","0","0","0","","","","","","","","","","","","","36.1","28","2026-08-12","2026-08-09","36.1","31.2","2026-08-10","9","0","0","0","20","N","","",""
"2026-08-13","DWG2602036","X002IEF5LN","B0GM6HC8CW","Heat Resistant Gloves 2 Pcs, Double Sided Non Slip Silicone Bumps Heat Glove, Pink Elastic Heat Proof Gloves for Hair Tools, Curling Iron Wand, Hair Straightener, Hot-Air Brushes, Hair Dryer","New","29","0","0","20","9","0","0","0","0","GBP","0","0","0","1","Low traffic","9.39","0.0","9.39","0.0","Advertise listing","0","0.0","0","0","157.16","0.05","0.035315","cubic feet","Standard","1.024135","UK","gl_biss","607361","366","29","","377","9.59","0.0","0.0","0.0","9.41","0","20","0","0","0","0.71","0","0","0","0","0","0","","","","","","","","","","","","","","0","","","","1559.0","2026-08-10","29","0","0","0","366","N","","",""
"2026-08-13","DWG51011","X002FOCD9N","B0FXM4DJ3Q","Jar Openers for Weak Arthritis Hands -Universal Adjustable Spanner Jar Opener Ratchet Set Adjustablewrench Strap Wrench Openers Arthritis","New","5","0","0","0","5","0","0","0","0","GBP","2","4","5","9","Low traffic","6.09","0.0","6.09","0.0","NoRestockExcessActionRequired","0","0.0","0","0","26.04","0.9","0.003531","cubic feet","Standard","0.017655","UK","gl_kitchen","468546","177","25","25","36","6.09","10.14","20.28","25.35","46.63","0","0","0","0","0","0.01","20","0","20","0","0","0","","","","","","","","","","","","","105.6","0","","2026-08-09","45.4","105.6","2026-08-10","25","0","0","0","177","N","","",""
"2026-08-13","TB094","X00269Z0S3","B0DMZXTRXB","Leaf Shaped Soap Dishes for Bathroom, 2 Pcs Shower Soap Bar Holder with Drain, Plastic Soap Box With Stand and Sunction Cup,Sponge Holder for Kitchen Sink,draining soap rack,leaf soap dish,soap holder","New","7","0","0","9","0","0","0","0","0","GBP","5","17","21","27","Low traffic","5.89","0.0","5.89","0.0","NoRestockExcessActionRequired","7","0.0","0","0","0.0","3.57","0.048115","cubic feet","Standard","0.336805","UK","gl_home","227107","74","0","8","17","5.89","24.55","83.95","104.23","134.65","9","0","0","0","0","0.05","30","0","30","0","1","0","","","","","","","","","","","","","41.2","19","2026-08-31","2026-08-09","29.8","41.2","2026-08-10","37","1","0","0","76","N","","",""
"2026-08-13","RPADWG044","X002I1QA3D","B0GK6B6P7J","Archery Arm Guards Forearm Guard Leather Wrist Guard with Adjustable 3 Straps Buckles, for Youth and Adult","New","21","0","0","23","0","0","0","0","0","GBP","0","5","8","14","Low traffic","6.39","0.0","6.39","0.0","NoRestockExcessActionRequired","21","0.0","0","0","0.37","0.87","0.003531","cubic feet","Standard","0.074151","UK","gl_sports","138988","305","0","40","47","6.39","0.0","27.45","44.93","82.49","0","20","3","0","0","0.05","30","0","30","0","2","0","","","","","","","","","","","","","153.6","0","","2026-08-09","153.6","113.0","2026-08-10","51","2","0","0","317","N","","",""
"2026-08-13","DWG511240","X002G1W5G1","B0D8S6322X","TRHDFW Motorcycle reflector increase screw Rearview mirror increase M10 convert orthodontic teeth reverse teeth adapter head","New","20","0","0","0","21","0","0","0","0","GBP","0","0","0","0","Low traffic","4.69","0.0","4.69","0.0","Advertise listing","0","0.0","0","0","77.71","0.0","0.001865","cubic feet","Standard","0.0373","UK","gl_automotive","358411","366","20","","","4.69","0.0","0.0","0.0","0.0","0","0","0","0","0","0.03","0","0","0","0","1","0","","","","","","","","","","","","","","0","","","","","2026-08-10","20","1","0","0","366","N","","",""
"2026-08-13","DWG2603013","X002J4LJR1","B0GRMVYC7V","2 PCS Black Adjustable Bib Holder Clips Napkin Holders Napkin Clip Neck Chain for Adult","New","12","0","0","13","0","0","0","0","0","GBP","2","6","9","14","Low traffic","4.19","0.0","4.19","0.0","NoRestockExcessActionRequired","0","0.0","0","0","13.79","1.73","0.003531","cubic feet","","0.042372","UK","gl_kitchen","424058","50","0","8","11","4.19","6.98","20.94","31.66","50.7","13","0","0","0","0","0.03","0","0","0","0","0","0","","","","","","","","","","","","","57.8","9","2026-08-11","2026-08-09","57.8","42.0","2026-08-10","12","0","0","0","50","N","","",""
"2026-08-13","TB013","X00267K37D","B0DMSR548S","Perfume Atomiser Refillable 20ML Travel Aftershave Dispenser Spray Bottle Empty Leak Proof Silver","New","19","0","0","20","0","0","0","0","0","GBP","1","4","8","13","Low traffic","5.99","0.0","5.99","0.0","NoRestockExcessActionRequired","7","0.0","0","0","2.71","1.0","0.003433","cubic feet","Standard","0.065227","UK","gl_home","219095","110","0","19","19","5.99","4.99","19.96","39.92","64.87","10","10","0","0","0","0.04","0","0","0","0","1","0","","","","","","","","","","","","","184.3","1","2026-08-11","2026-08-09","184.3","88.4","2026-08-10","19","1","0","0","117","N","","",""
"2026-08-13","RPADWG049","X002I0LWIR","B0GJYNJH63","Duvet Clips, Needle Clip Free Duvet Cover Clip, Bed Sheet Grippers Clip to Keep Duvet in Place, High Elasticity Non-Slip Comforter Holder Fasteners Clamp, 12PCS","New","28","0","0","28","2","0","0","0","0","GBP","3","3","7","8","Low traffic","5.55","0.0","5.55","0.0","NoRestockExcessActionRequired","0","0.0","0","0","120.92","0.53","0.003531","cubic feet","Standard","0.098868","UK","gl_home","229463","356","31","41","50","5.55","13.86","13.86","34.2","39.57","27","1","0","0","0","0.07","3","0","3","0","3","0","","","","","","","","","","","","","207.0","0","","2026-08-09","207.0","128.2","2026-08-10","31","3","0","0","366","N","","",""
"2026-08-13","DWG511117","X002G1VQFR","B0G1BX6V5G","3 Pack Multicolour PU Leather Lanyard Pen Holders with Keychain, Anti-Lost Portable Pen Clip Pouch, Office Stationery Accessory for Nurses Teachers Couriers","New","8","0","0","0","8","0","0","0","0","GBP","0","2","2","3","Low traffic","5.39","0.0","5.39","0.0","NoRestockExcessActionRequired","0","0.0","0","0","42.24","0.31","0.003531","cubic feet","Standard","0.028248","UK","gl_home","268430","165","8","16","34","5.39","0.0","8.98","8.98","13.8","0","0","0","0","0","0.02","0","0","0","0","0","0","","","","","","","","","","","","","287.3","0","","2026-08-09","126.5","287.3","2026-08-10","8","0","0","0","165","N","","",""
"2026-08-13","DWG51197","X002G1QNDR","B0D2SM1YFW","TRHDFW Vintage Sweater Clips, Retro Cardigan Clips,Rhinestone Pearl Shawl Clip,Collar Clip,Back Cinch Clips,Dress Shawl ClipSweaters Connection Brooches for Women Girls Clothing Decoration(2Pcs)","New","26","0","0","20","0","7","0","0","0","GBP","0","0","0","3","Low traffic","4.79","0.0","4.29","0.0","Lower price","0","3.04","18","0","57.13","0.17","0.001766","cubic feet","Apparel","0.045916","UK","gl_jewelry","296249","","26","","112","4.29","0.0","0.0","0.0","12.48","20","0","0","7","0","0.03","0","0","0","0","1","0","","","","","","","","","","","","","","0","","","","308.3","2026-08-10","26","1","0","0","","N","","",""
"2026-08-13","DWG511166","X002G2H0BZ","B0G1FTH577","St Christopher Keyring Travel Gift For Men Or Women Saint Christopher Keychain Token Medal New Car Gifts And Accessories For Safe Travels Saftey And Protection","New","77","0","0","80","0","0","0","0","0","GBP","0","7","20","38","Low traffic","6.39","0.0","6.39","0.0","NoRestockExcessActionRequired","77","0.0","0","0","0.0","0.66","0.003531","cubic feet","Apparel","0.271887","UK","gl_apparel","307548","144","0","44","26","6.39","0.0","38.09","113.75","221.39","0","51","29","0","0","0.14","0","0","0","0","0","0","","","","","","","","","","","","","416.7","0","","2026-08-09","416.7","178.0","2026-08-10","77","0","0","0","144","N","","",""
"2026-08-13","DWG2602055","X002IFETN7","B0GMGM5RKK","Waterproof Backpack Rain Cover, 30L-40L Reflective Rucksack Rainproof Covers, Ultralight Dustproof Abrasion Resistant Protective Cover for Outdoor Hiking Camping Hunting Traveling Cycling Climbing","New","26","0","0","28","0","0","0","0","0","GBP","2","3","14","24","Low traffic","4.99","0.0","4.99","0.0","NoRestockExcessActionRequired","13","0.0","0","0","12.45","2.18","0.003531","cubic feet","Apparel","0.091806","UK","gl_apparel","372667","127","0","34","14","4.99","8.32","12.64","60.16","103.36","28","0","0","0","0","0.05","0","0","0","0","2","1","","","","","","","","","","","","","227.5","0","","2026-08-09","227.5","29.6","2026-08-10","26","2","0","0","140","N","","",""
"2026-08-13","DWG2602117","X002IB2CZX","B0GLGC1931","Black Plastic Scoreboard, Wall-mounted Billiard Scoreboard, Score","New","9","0","0","0","10","0","0","0","0","GBP","","","","","Low traffic","5.88","0.0","5.88","0.0","Advertise listing","0","0.0","0","0","21.9","0.0","0.003531","cubic feet","Standard","0.031779","UK","gl_sports","","","9","","","5.88","","","","","0","0","0","0","0","0.02","0","0","0","0","1","0","","","","","","","","","","","","","","0","","","","","2026-08-10","9","1","0","0","","N","","",""
"2026-08-13","DWG511127","X002G1Y88J","B0G1BLVCF4","Kayak Paddle Ropes Kayak Paddle Leash Elastic Canoe Paddle Rope Straps Safety Kayak Paddle Lanyard Cord Lightweight Stretchable Coiled Kayak Rod Leash Lanyard for Kayak Canoe Boat","New","16","0","0","0","0","16","0","0","0","GBP","3","6","11","15","Low traffic","5.19","0.0","5.19","0.0","NoRestockExcessActionRequired","4","4.72","9","0","4.77","0.62","0.003531","cubic feet","Standard","0.056496","UK","gl_sports","97807","53","0","10","13","5.19","12.96","25.92","47.2","63.84","0","0","0","16","0","0.04","0","0","0","0","0","0","","","","","","","","","","","","","142.4","11","2026-08-12","2026-08-09","67.0","142.4","2026-08-10","16","0","0","0","53","N","","",""
"2026-08-13","DWG2602102","X002IG9XE1","B0GMMBTZZF","Gel Nail Stickers Red Semi Cured Gel Nail Strips Wraps UV/LED Nails Art Design Decoration Accessories","New","8","0","0","0","9","0","0","0","0","GBP","0","1","1","1","Low traffic","4.79","0.0","4.79","0.0","Advertise listing","0","0.0","0","0","19.15","0.1","0.003531","cubic feet","Standard","0.028248","UK","gl_home","","366","8","32","104","4.79","0.0","4.16","4.16","4.16","0","0","0","0","0","0.02","0","0","0","0","1","0","","","","","","","","","","","","","922.0","0","","2026-08-09","290.0","922.0","2026-08-10","8","1","0","0","366","N","","",""
"2026-08-13","Y11138","X0026O7GPX","B0DP8LY5Z5","Unisex PU Leather Key Case Wallet Pouch Bag Keychain Holder with Key Ring & Zipper,Key Wallet Pouch,Key Pouch Leather","New","41","0","0","47","0","0","0","0","0","GBP","4","13","24","40","Low traffic","7.49","0.0","7.49","0.0","NoRestockExcessActionRequired","41","0.0","0","0","0.0","1.14","0.003221","cubic feet","Standard","0.132061","UK","gl_luggage","142923","90","0","12","13","7.49","24.96","81.12","149.76","249.26","0","47","0","0","0","0.07","0","0","0","0","5","0","","","","","","","","","","","","","160.0","0","","2026-08-09","160.0","68.2","2026-08-10","41","5","0","0","99","N","","",""
"2026-08-13","DWG51149","X002G1T4PL","B0D6FLSKCZ","Suction tubing, Glue Head Pump, Turkey Pump, Transfer Liquid Pipette, Glue Head Dropper, Dropper Measuring Liquid, Baking Tool Tube，Turkey baster， baster for Cooking，baster","New","21","0","0","22","0","0","0","0","0","GBP","12","16","20","32","Low traffic","5.69","0.0","5.69","0.0","NoRestockExcessActionRequired","21","0.0","0","0","0.0","1.27","0.003259","cubic feet","Standard","0.068439","UK","gl_kitchen","105027","31","0","5","8","5.69","56.88","75.84","94.8","153.72","0","22","0","0","0","0.03","0","0","0","0","1","0","","","","","","","","","","","","","122.6","37","2026-08-11","2026-08-09","122.6","95.4","2026-08-10","21","1","0","0","32","N","","",""
"2026-08-13","RPADWG031","X002I1PRX7","B0GK6H32LY","Fondant Impression Mats, Embossing Rectangular Silicone Molds Transparent Quilted Grid Moulds Tools for Cake Decorating/Cookie/Chocolate(4Pcs)","New","40","10","0","52","0","0","0","0","0","GBP","6","13","25","31","Low traffic","5.59","0.0","5.59","0.0","NoRestockExcessActionRequired","50","0.0","0","0","0.0","1.24","9.21E-4","cubic feet","Standard","0.03684","UK","gl_kitchen","175972","113","0","12","16","5.59","27.96","60.74","120.11","150.21","51","1","0","0","0","0.03","0","0","0","0","5","0","","","","","","","","","","","","","86.9","0","","2026-08-09","86.9","55.7","2026-08-10","50","5","0","0","121","N","","",""
"2026-08-13","DWG2602074","X002IFCZXX","B0GMH4THKT","2Pcs Transparent Plastic Cotton Bud Holder with Lid, Portable Cotton Swab Holder Mini Box Travel Storage Organizer for Storing Hair Ties Toothpicks Dental Floss Outdoor Daily Use, Dust & Moisture-Proo","New","16","0","0","16","0","0","0","0","0","GBP","2","9","18","22","Low traffic","4.18","0.0","4.18","0.0","NoRestockExcessActionRequired","16","0.0","0","0","0.0","2.26","0.003531","cubic feet","Standard","0.056496","UK","gl_home_improvement","480422","118","0","16","21","4.18","6.96","31.32","62.64","77.92","16","0","0","0","0","0.03","20","0","20","0","0","0","","","","","","","","","","","","","38.0","0","","2026-08-09","29.6","38.0","2026-08-10","36","0","0","0","118","N","","",""
"2026-08-13","DWG2602041","X002IEFXPV","B0GM5NN2VJ","Universal Zip Repair Kit,9 Pcs Zipper Puller Replacement,Black Fix Puller,3 Different Size Quick Install Detachable Pulls Zip Heads No Sewing Required for Jackets,Luggage,Bag,Trousers","New","10","0","0","10","0","0","0","0","0","GBP","1","6","9","11","Low traffic","3.89","0.0","3.89","0.0","NoRestockExcessActionRequired","10","0.0","0","0","0.0","0.79","0.003531","cubic feet","Standard","0.03531","UK","gl_personal_care_appliances","137061","66","0","6","11","3.89","3.24","19.44","29.33","36.98","0","0","10","0","0","0.02","0","0","0","0","0","0","","","","","","","","","","","","","124.7","8","2026-08-18","2026-08-09","66.0","124.7","2026-08-10","10","0","0","0","66","N","","",""
"2026-08-13","Y1104","X0026O3KPX","B0DP8JKSWT","100 Pcs RJ45 Connector Ethernet Cable Color Coded Strain Relief Boots Purple","New","15","0","0","17","0","0","0","0","0","GBP","3","19","38","52","Low traffic","7.59","0.0","7.59","0.0","NoRestockExcessActionRequired","15","0.0","0","0","0.0","3.71","0.006865","cubic feet","Standard","0.102975","UK","gl_wireless","41510","75","0","7","8","7.59","18.96","120.08","240.16","328.64","17","0","0","0","0","0.06","20","0","20","0","3","0","","","","","","","","","","","","","32.4","11","2026-08-23","2026-08-09","31.0","32.4","2026-08-10","35","3","0","0","83","N","","",""
"2026-08-13","DWG2602109","X002IDKVIV","B0GLX9V759","1PCS Bride Wedding Hair Comb Navy Blue Exquisite Rhinestone Bridal Hair Comb Pearl Wedding Accessoriesfor Women And Girls","New","13","0","0","15","0","0","0","0","0","GBP","6","20","21","34","Low traffic","4.19","0.0","4.19","0.0","CreateShippingPlan","0","0.0","0","0","25.97","2.96","0.003531","cubic feet","Standard","0.045903","UK","gl_beauty","62436","20","0","2","4","4.19","20.94","69.8","73.29","118.66","15","0","0","0","0","0.03","0","0","0","0","2","0","","","","","","","","","","","","","27.9","38","2026-08-12","2026-08-09","27.9","19.9","2026-08-10","13","2","0","0","24","N","","",""
"2026-08-13","DWG51010","X002FOCDDJ","B0FXM54GQB","Long Stirring Spoon, Multifunctional Stainless Steel Long-Handled Bartender Cocktail Stirring Spoon","New","21","0","0","21","0","0","0","0","0","GBP","4","11","18","29","Low traffic","3.19","0.0","3.19","0.0","NoRestockExcessActionRequired","21","0.0","0","0","0.0","1.29","0.007204","cubic feet","Standard","0.151284","UK","gl_kitchen","319862","61","0","7","9","3.19","10.64","29.26","47.37","74.76","0","20","1","0","0","0.05","0","0","0","0","0","0","","","","","","","","","","","","","83.5","11","2026-08-19","2026-08-09","83.5","65.9","2026-08-10","21","0","0","0","61","N","","",""
"2026-08-13","DWG2602043","X002IEJPB9","B0GM6F39Y2","Dog Muzzle For Small Dog, Adjustable Breathable Muzzles With Reflective Strap, Adjustable Design Muzzle For Preventing Biting, Barking, Licking And Chewing","New","21","0","0","18","3","0","0","0","0","GBP","0","0","1","2","Low traffic","4.99","0.0","4.99","0.0","Advertise listing","0","0.0","0","0","86.61","0.14","0.003531","cubic feet","Standard","0.074151","UK","gl_pet_products","324027","366","21","","136","4.99","0.0","0.0","4.32","8.98","2","16","0","0","0","0.05","0","0","0","0","0","0","","","","","","","","","","","","","","0","","","","519.5","2026-08-10","21","0","0","0","366","N","","",""
"2026-08-13","RPADWG004","X002I05T27","B0GJZ1FX7T","20 Pcs Black Wheel Nut Caps Bolt Covers 17 mm Universal including 16 Standard Ones 4 Locking Ones Removal Tool","New","27","0","0","28","0","0","0","0","0","GBP","2","7","14","28","","6.19","0.0","6.19","0.0","NoRestockExcessActionRequired","0","0.0","0","0","59.61","3.18","0.003531","cubic feet","Standard","0.095337","UK","gl_automotive","68512","187","0","32","26","6.19","10.32","36.44","73.93","148.14","28","0","0","0","0","0.07","30","0","30","0","0","0","","","","","","","","","","","","","117.0","0","","2026-08-09","117.0","41.7","2026-08-10","57","0","0","0","187","N","","",""
"2026-08-13","DWG2602032-1","X002IEIRJZ","B0GM7XD6S8","2-Pack Blue Light Blocking Glasses for Women Men, Reading glasses, Anti Glare Clear Computer Glasses to Prevent Eye Strain, Black frame Transparent mirror frame","New","15","0","0","15","0","0","0","0","0","GBP","2","6","12","13","Low traffic","4.69","0.0","4.69","0.0","NoRestockExcessActionRequired","0","0.0","0","0","53.3","1.02","0.015885","cubic feet","Footwear","0.238275","UK","gl_shoes","78478","261","0","23","35","4.69","7.82","24.1","49.54","54.11","15","0","0","0","0","0.14","20","0","20","0","0","0","","","","","","","","","","","","","87.2","0","","2026-08-09","87.2","73.0","2026-08-10","35","0","0","0","261","Y","Holiday Season","2026-09-19","2027-02-13"
"2026-08-13","DWG51015","X002FOB61J","B0FXM6L7Q4","Toothbrush Case, Cup, Portable Case, Toothbrush Travel Holder,Portable, Slim Design for Office and Travel (White)","","1","0","0","2","0","0","0","0","0","GBP","3","10","15","17","Low traffic","0.0","0.0","5.49","0.0","NoRestockExcessActionRequired","1","0.0","0","0","0.0","2.56","0.003531","cubic feet","Standard","0.003531","UK","gl_home","373410","116","0","12","23","5.49","13.71","44.9","66.95","75.93","1","1","0","0","0","0.0","30","0","30","0","0","0","","","","","","","","","","","","","46.3","0","","2026-08-09","28.4","46.3","2026-08-10","31","0","0","0","116","N","","",""
"2026-08-13","DWG511121","X002G1YVBD","B0G1BFGB38","9Pcs Airless Pump Bottle,5ml 10ml 15ml Portable Cosmetic Travel Bottle Refillable Empty Clear Travel Lotion Pump Containers for Foundation Essence Lotion","New","32","0","0","30","2","0","0","0","0","GBP","0","3","7","13","Low traffic","6.89","0.0","6.89","0.0","NoRestockExcessActionRequired","32","0.0","0","0","0.0","0.56","0.003531","cubic feet","Standard","0.112992","UK","gl_home","","177","0","42","32","6.89","0.0","17.39","42.42","80.85","30","0","0","0","0","0.07","0","0","0","0","0","0","","","","","","","","","","","","","241.0","0","","2026-08-09","241.0","111.6","2026-08-10","32","0","0","0","177","N","","",""
"2026-08-13","DWG511188","X002G2QOQR","B0G1GGS4LV","4 Pcs M10x1mm Bleed Screw Nipple Set for Disc Brake Caliper - Includes Dust Cap & Galvanized Metal Screws - Compatible with Motorcycle and Car Brake Pumps, M10 Bleed Nipple","New","17","7","0","30","0","0","0","0","0","GBP","1","20","35","40","Low traffic","6.29","0.0","6.29","0.0","NoRestockExcessActionRequired","24","0.0","0","0","0.0","1.84","0.003531","cubic feet","Standard","0.060027","UK","gl_biss","31489","287","0","17","28","6.29","5.24","104.8","183.4","211.25","30","0","0","0","0","0.05","70","0","70","0","5","0","","","","","","","","","","","","","29.2","0","","2026-08-09","14.9","29.2","2026-08-10","94","5","0","0","306","N","","",""
"2026-08-13","RPADWG096","X002I10UST","B0GK172GDM","3.5 Inches Duck Bill Hair Clips Metal Alligator Curl Clips Sectioning Clips with Holes, Crocodile Clips Hair Styling Clips for Salon and Women Girls Accessories (12PCS)","New","3","0","0","4","0","0","0","0","0","GBP","3","7","9","9","Low traffic","4.09","0.0","4.09","0.0","NoRestockExcessActionRequired","3","0.0","0","0","0.0","0.94","0.003531","cubic feet","Standard","0.010593","UK","gl_beauty","83029","176","0","18","47","4.09","10.23","23.87","30.69","30.69","0","0","4","0","0","0.0","30","0","30","0","1","0","","","","","","","","","","","","","103.7","0","","2026-08-09","44.1","103.7","2026-08-10","33","1","0","0","181","N","","",""
"2026-08-13","Y11108","X0026OXZE9","B0DPC9DYWV","Kids Toddlers Thermal Gloves Mittens Winter Warm Thick Knitted Gloves with String Fluffy Full Finger Mittens Baby Fleece Lined Gloves Hanging Neck Mittens with Anti-Lost String for Boys Girls Age 1-4","New","21","0","0","0","0","21","0","0","0","GBP","0","0","0","0","Low traffic","4.39","0.0","4.39","0.0","Advertise listing","20","3.4","17","0","13.55","0.0","0.006904","cubic feet","Apparel","0.144984","UK","gl_apparel","605150","108","1","","","4.39","0.0","0.0","0.0","0.0","0","0","0","21","0","0.08","0","0","0","0","0","0","","","","","","","","","","","","","","0","","","","","2026-08-10","21","0","0","0","108","Y","Winter","2026-11-07","2027-01-30"
"2026-08-13","DWG51037","X002FPZSZ3","B0FXWC49L6","Hose Tap Connector For Hose Pipe,Premium Kitchen Tap Hose Connectors,Adjustable Mixer Tap Hose Connector,Easy And Tight Connection,Adapter For Taps For The Beginning And End Of The Hoses","New","108","1","0","111","0","0","0","0","0","GBP","2","44","50","57","Low traffic","5.49","0.0","5.49","0.0","NoRestockExcessActionRequired","35","0.0","0","0","153.9","1.4","0.003531","cubic feet","Standard","0.381348","UK","gl_lawn_and_garden","34843","277","0","12","32","5.49","9.14","201.08","228.5","261.0","111","0","0","0","0","0.25","33","0","30","3","4","3","","","","","","","","","","","","","25.2","0","","2026-08-09","25.2","21.2","2026-08-10","142","4","0","0","284","N","","",""
"2026-08-13","DWG2602060","X002IFE8DD","B0GMGJM7L5","Colander Dining Room Table Dining Table Tablespoon Perforated Spoons Slotted Spoon Reusable Serving Spoons Small Spoon Home Supply Kitchen Supply Household Products Stainless Steel","New","7","0","0","7","0","0","0","0","0","GBP","3","6","9","10","Low traffic","4.09","0.0","4.09","0.0","NoRestockExcessActionRequired","0","0.0","0","0","37.97","0.93","0.02824","cubic feet","Standard","0.19768","UK","gl_kitchen","177793","360","0","18","35","4.09","10.23","20.46","30.69","34.26","0","0","7","0","0","0.14","20","0","20","0","0","0","","","","","","","","","","","","","158.0","0","","2026-08-09","59.2","158.0","2026-08-10","27","0","0","0","360","N","","",""
"2026-08-13","Y11173","X0026NJA99","B0DP73LK6J","Masquerade Mask Men Venetian Party Ball Masks Vintage Halloween Costume Mardi Gras Mask Christmas for Fancy Dress Proms Carnival Accessory","New","78","0","0","82","0","0","0","0","0","GBP","5","16","33","50","Low traffic","4.19","0.0","4.19","0.0","NoRestockExcessActionRequired","75","0.0","0","0","0.13","1.32","0.04687","cubic feet","Standard","3.65586","UK","gl_toy","100935","99","0","19","20","4.19","17.45","55.84","118.06","180.28","82","0","0","0","0","0.5","0","0","0","0","8","0","","","","","","","","","","","","","66.8","0","","2026-08-09","66.8","52.8","2026-08-10","78","7","1","0","109","Y","Halloween","2026-09-26","2026-11-06"
"2026-08-13","DWG511231-1","X002J5HK9L","B0GRTMKZ1S","Elegant Glitter Croc Charms for Shoes, Clog Sandals - Bling Shoe Accessories for Women Girls - Party Favors Birthday Gift","New","25","0","0","28","0","0","0","0","0","GBP","8","30","51","72","","5.89","0.0","5.89","0.0","NoRestockExcessActionRequired","","","0","0","","4.17","0.003531","cubic feet","Apparel","0.088275","UK","gl_jewelry","68303","64","0","7","9","5.89","39.28","147.3","250.41","349.61","28","0","0","0","0","","30","0","30","0","2","0","","","","","","","","","","","","","38.3","35","2026-08-30","2026-08-09","38.3","22.4","2026-08-10","55","1","1","0","67","N","","",""
"2026-08-13","TB239-1","X0026BJS8T","B0DN628YKQ","Generic 4 Pcs Car Boot Parcel Shelf Clips Pins Parcel Shelf String Clip Holders Parcel Shelf Holding Strap Suitable for Cars,parcel shelf clip","New","39","0","0","41","0","0","0","0","0","GBP","5","11","30","40","Low traffic","4.39","0.0","4.39","0.0","NoRestockExcessActionRequired","39","0.0","0","0","0.0","2.25","7.06E-4","cubic feet","Standard","0.027534","UK","gl_biss","37373","74","0","14","12","4.39","18.3","40.26","112.84","151.21","41","0","0","0","0","0.02","0","0","0","0","0","0","","","","","","","","","","","","","88.3","23","2026-09-06","2026-08-09","88.3","35.9","2026-08-10","39","0","0","0","74","N","","",""
"2026-08-13","RPADWG050","X002I1QHSV","B0GK6W2ZGD","3pcs Mini Funnels For Small Bottles, Plastic Small Funnels for Filling Bottle Precision Fillings Funnel, Fillings Mini Bottle Or Containers, Lab Bottles, Science Laboratory Chemicals","New","0","0","0","3","0","0","0","0","0","GBP","10","34","53","70","Low traffic","5.79","0.0","5.79","0.0","NoRestockExcessActionRequired","","","0","0","","6.51","0.003531","cubic feet","Standard","0.0","UK","gl_biss","141503","118","0","11","18","5.79","48.2","163.88","255.81","338.6","3","0","0","0","0","","100","0","100","0","2","0","","","","","","","","","","","","","22.6","0","","2026-08-09","17.3","22.6","2026-08-10","100","0","2","0","120","N","","",""
"2026-08-13","DWG2603014","X002J4O44V","B0GRN3LXBH","Mirror Tray Trinket Tray Jewelry Plate Round Mini Earrings Rings Bracelet Organizer Gold","New","45","0","0","47","0","0","0","0","0","GBP","6","8","15","22","Low traffic","4.59","0.0","4.59","0.0","NoRestockExcessActionRequired","0","0.0","0","0","91.06","0.88","0.003531","cubic feet","","0.158895","UK","gl_home","124180","150","0","22","26","4.59","22.92","30.56","58.49","86.59","30","16","1","0","0","0.11","0","0","0","0","0","0","","","","","","","","","","","","","242.2","0","","2026-08-09","242.2","93.2","2026-08-10","45","0","0","0","150","N","","",""
"2026-08-13","Y11117","X0026NKH4L","B0DP77FJFX","Blue Light Blocking Glasses Clear Lens Glasses Anti Blue Ray Eyeglasses Unisex for Women Girl and Men Y2-FKYJ,clear lens glasses women","New","116","0","0","125","0","0","0","0","0","GBP","0","8","19","39","Low traffic","6.89","0.0","6.89","0.0","NoRestockExcessActionRequired","116","0.0","0","0","0.0","0.59","0.012648","cubic feet","Footwear","1.467168","UK","gl_shoes","107787","216","0","58","38","6.89","0.0","47.28","112.29","228.09","40","72","13","0","0","0.69","0","0","0","0","7","0","","","","","","","","","","","","","418.9","0","","2026-08-09","418.9","117.0","2026-08-10","116","7","0","0","230","N","","",""
"2026-08-13","RPADWG092","X002I13LET","B0GK1DGPQQ","Durable Fuel Tank Cap Tether Cord - Fits Audi A34 A 6Q5 Q3, Anti-Lost Rope Ring Cover for Secure Refueling | Gas Oil Rope Replacement, Flexible, Weather-Resistant","New","8","0","0","9","0","0","0","0","0","GBP","1","21","31","41","","4.09","0.0","4.09","0.0","CreateShippingPlan","8","0.0","0","0","0.0","12.29","0.003531","cubic feet","Standard","0.028248","UK","gl_automotive","91503","16","0","1","2","4.09","3.41","65.32","96.02","126.72","9","0","0","0","0","0.01","0","0","0","0","0","0","","","","","","","","","","","","","19.7","47","2026-08-08","2026-08-09","19.7","15.1","2026-08-10","8","0","0","0","16","N","","",""
"2026-08-13","DWG2602061","X002IFGQ15","B0GMGRVP19","2pcs Nail Fixation Pliers, Anti-Slip Nail Holder and Fixer Hand Tools for Hammering Fix, Multi Tool Pliers with Strong Grips for Carpentry, Woodworking and Work Tools","New","21","0","0","21","0","0","0","0","0","GBP","0","0","5","9","Low traffic","4.35","0.0","4.35","0.0","NoRestockExcessActionRequired","0","0.0","0","0","81.96","1.03","0.003531","cubic feet","Standard","0.074151","UK","gl_home_improvement","565175","165","0","","30","4.35","0.0","0.0","18.1","32.75","21","0","0","0","0","0.05","0","0","0","0","0","0","","","","","","","","","","","","","","0","","","","67.3","2026-08-10","21","0","0","0","165","N","","",""
"2026-08-13","RPADWG040","X002I064VR","B0GJYN1Q7M","Silver Crystal Round Floating Glass Locket Memory Keyring Charm Comfortable and Environmentally Necklaces Bridal Wedding Bouquet Charms for Photo and Decoration","New","27","0","0","29","0","0","0","0","0","GBP","2","6","13","22","Low traffic","4.89","0.0","4.89","0.0","NoRestockExcessActionRequired","0","0.0","0","0","119.93","1.1","0.002755","cubic feet","Apparel","0.074385","UK","gl_apparel","228305","105","0","18","15","4.89","8.14","24.59","54.27","92.6","0","29","0","0","0","0.05","0","0","0","0","2","0","","","","","","","","","","","","","168.0","0","","2026-08-09","168.0","74.2","2026-08-10","27","2","0","0","112","N","","",""
"2026-08-13","DWG511223","X002G1YWM1","B0D8PBCBMP","TRHDFW Motorcycle electric vehicle modification accessories Motorcycle license plate frame License plate frame adjustable plate frame","New","17","0","0","18","0","0","0","0","0","GBP","1","7","8","18","Low traffic","5.09","0.0","5.09","0.0","NoRestockExcessActionRequired","0","0.0","0","0","76.01","1.5","0.022104","cubic feet","Standard","0.375768","UK","gl_automotive","89541","101","0","9","12","5.09","4.24","29.68","33.92","76.32","15","3","0","0","0","0.26","0","0","0","0","1","0","","","","","","","","","","","","","93.3","3","2026-08-19","2026-08-09","93.3","45.1","2026-08-10","17","1","0","0","109","N","","",""
"2026-08-13","DWG51101","X002G1BW6Z","B0CTTBTQ8Q","Funny Bookmark for Women Men Metal Bookmarks with Interesting Rude Words 'F… Im Reading' Stainless Stell Book Marks Present for Book Lovers Readers Best Friends Birthday Graduation Christmas Gifts…","New","101","3","0","107","0","0","0","0","0","GBP","5","11","62","104","","4.29","0.0","4.29","0.0","NoRestockExcessActionRequired","104","0.0","0","0","0.0","2.42","0.001363","cubic feet","Standard","0.137663","UK","gl_office_product","12049","113","0","36","12","4.29","17.85","39.27","225.37","384.94","90","17","0","0","0","0.08","0","0","0","0","0","0","","","","","","","","","","","","","138.7","0","","2026-08-09","138.7","32.3","2026-08-10","104","0","0","0","113","N","","",""
"2026-08-13","DWG511192","X002G2K0IP","B0G1FR1YPB","White Butterfly Lace Bow Hair Clip, Bridal Wedding Veil Hair Accessory with Artificial Pearls, Elegant Hair Clip for Wedding Engagement Bachelorette Party","New","9","0","0","0","0","9","0","0","0","GBP","0","3","7","11","Low traffic","3.79","0.0","3.79","0.0","NoRestockExcessActionRequired","0","3.19","52","0","37.01","0.75","0.003531","cubic feet","Standard","0.031779","UK","gl_beauty","195524","243","29","38","34","3.79","0.0","9.48","22.12","35.51","0","0","0","9","0","0.02","20","0","20","0","0","0","9","0.01","0","0.0","0","0.0","0","0.0","0","0.0","0","0.0","123.0","0","","2026-08-09","79.5","123.0","2026-08-10","29","0","0","0","243","N","","",""
"2026-08-13","DWG2602004-1","X002IFI8BL","B0GMHG2RBS","5Pcs Black Slumber Hair Net Thicker Sleep Hair Net with Elasticated Edges for Holding in Place","New","35","0","0","35","0","0","0","0","0","GBP","1","11","16","24","Low traffic","3.39","0.0","3.39","0.0","NoRestockExcessActionRequired","","","0","0","","0.95","0.035315","cubic feet","Apparel","1.236025","UK","gl_apparel","31654","184","0","12","18","3.39","2.82","31.02","45.97","69.89","0","35","0","0","0","","0","0","0","0","0","0","","","","","","","","","","","","","124.5","0","","2026-08-09","124.5","79.1","2026-08-10","35","0","0","0","184","N","","",""
"2026-08-13","DWG2602101","X002IDM4FJ","B0GLY3973J","1 Piece Cute Kpop Star-Wave Photo Frame with Keychain, Transparent PC Card Holder, Creative Protection for Bus and Student Card, Photo Holder","New","23","0","0","20","3","0","0","0","0","GBP","0","1","5","7","Low traffic","4.89","0.0","4.89","0.0","NoRestockExcessActionRequired","","","0","0","","0.43","0.003531","cubic feet","Apparel","0.081213","UK","gl_apparel","230482","366","0","92","42","4.89","0.0","4.07","21.28","31.26","20","0","0","0","0","","0","0","0","0","0","0","","","","","","","","","","","","","335.0","0","","2026-08-09","335.0","163.6","2026-08-10","23","0","0","0","366","N","","",""
"2026-08-13","DWG51124","X002G1E2DF","B0D6F8K9QJ","High Absorbent Disposable Hemostatic Cotton roll 50, Used for minimally invasive Hemostatic.Nose Bleed Stopper，Nose Plugs","New","48","0","0","50","0","0","0","0","0","GBP","6","20","34","50","Low traffic","5.79","0.0","5.79","0.0","NoRestockExcessActionRequired","48","0.0","0","0","0.0","2.08","4.08E-4","cubic feet","Standard","0.019584","UK","gl_drugstore","44297","58","0","9","12","5.79","28.92","96.4","162.76","237.32","40","10","0","0","0","0.01","0","0","0","0","1","0","","","","","","","","","","","","","85.3","29","2026-08-19","2026-08-09","85.3","40.1","2026-08-10","48","1","0","0","60","N","","",""
"2026-08-13","DWG51140","X002G1PRW5","B0D1G949WQ","TRHDFW 3 Pcs Sushi Onigiri Mould Triangle Sushi Mold Rice Ball Maker Sushi Press Mold Sushi Onigiri Maker for DIY Cooking","New","30","4","0","35","0","0","0","0","0","GBP","1","11","21","24","Low traffic","5.29","0.0","5.29","0.0","NoRestockExcessActionRequired","34","0.0","0","0","0.0","0.93","0.007416","cubic feet","Standard","0.22248","UK","gl_kitchen","276428","117","0","11","16","5.29","4.41","46.81","90.21","103.68","30","5","0","0","0","0.15","1","0","0","1","4","1","","","","","","","","","","","","","75.4","0","","2026-08-09","35.1","75.4","2026-08-10","35","4","0","0","126","N","","",""
"2026-08-13","RPADWG077","X002I13I29","B0GK1D1NF3","6 Pairs Silicone Eyeglasses Temple Tips Sleeve Retainer Anti-Slip Comfort Eye Glass Ear Grippers Holder for Reading Glasses Sunglasses Eyeglass Arm Cushions Accessories","New","33","0","0","34","0","0","0","0","0","GBP","1","2","9","9","Low traffic","3.99","0.0","3.99","0.0","NoRestockExcessActionRequired","7","0.0","0","0","29.84","0.71","0.003531","cubic feet","Standard","0.116523","UK","gl_drugstore","204664","366","0","66","47","3.99","3.32","6.64","29.88","29.88","34","0","0","0","0","0.08","0","0","0","0","0","0","","","","","","","","","","","","","424.0","0","","2026-08-09","424.0","100.6","2026-08-10","33","0","0","0","366","N","","",""
"2026-08-13","TB106","X00267TI4R","B0DMT2BMQW","Fancy Dress Yellow Sunflower Glasses","New","27","0","0","27","0","0","0","0","0","GBP","2","7","22","28","Low traffic","4.99","0.0","4.99","0.0","NoRestockExcessActionRequired","16","0.0","0","0","8.21","1.64","0.008476","cubic feet","Standard","0.228852","UK","gl_toy","73192","173","0","32","26","4.99","8.32","29.92","93.44","118.4","25","2","0","0","0","0.15","30","0","30","0","0","0","","","","","","","","","","","","","97.7","0","","2026-08-09","97.7","50.8","2026-08-10","57","0","0","0","173","N","","",""
"2026-08-13","RPADWG015","X002I05U2B","B0GJYL4RVT","4 Pieces Elastic Sports Headbands Thick Non-Slip Hair Bands for Women and Men (Black, Grey, White)","New","50","5","0","56","0","0","0","0","0","GBP","0","3","17","27","Low traffic","4.69","0.0","4.69","0.0","NoRestockExcessActionRequired","0","0.0","0","0","111.09","1.4","0.003531","cubic feet","Standard","0.17655","UK","gl_beauty","428009","217","0","66","24","4.69","0.0","11.73","66.47","104.67","56","0","0","0","0","0.14","0","0","0","0","3","0","","","","","","","","","","","","","193.7","0","","2026-08-09","193.7","40.3","2026-08-10","55","3","0","0","230","N","","",""
"2026-08-13","DWG511241","X002G1TYJH","B0D8Y5ZFDC","M6 Serrated Flange Nuts Marine Grade Style in A4 Stainless Steel 304 – Corrosion Resistant Fasteners (Pack of 20)","New","63","0","0","65","0","0","0","0","0","GBP","3","4","15","25","Low traffic","4.99","0.0","4.99","0.0","NoRestockExcessActionRequired","17","0.0","0","0","44.65","1.08","0.004662","cubic feet","Standard","0.293706","UK","gl_biss","97268","298","0","63","32","4.99","12.48","16.64","67.9","112.8","60","5","0","0","0","0.2","0","0","0","0","1","0","","","","","","","","","","","","","366.3","0","","2026-08-09","366.3","66.4","2026-08-10","63","1","0","0","302","N","","",""
"2026-08-13","Y11196","X0026ODG89","B0DP9PR6JM","Gold Bohemian Layered Head Chain with Pendant, Women's Vintage Headband Headpiece for Wedding Evening Party Fancy Dress Casual Events","New","21","0","0","15","9","0","0","0","0","GBP","0","1","6","10","Low traffic","5.69","0.0","5.69","0.0","Advertise listing","0","0.0","0","0","108.12","0.47","0.002719","cubic feet","Apparel","0.057099","UK","gl_jewelry","229359","366","41","164","53","5.69","0.0","4.74","30.09","53.37","14","0","1","0","0","0.04","20","0","20","0","2","0","","","","","","","","","","","","","718.0","0","","2026-08-09","718.0","165.0","2026-08-10","41","2","0","0","366","N","","",""
"2026-08-13","DWG511229","X002G1Z5DB","B0D8SXSSNQ","TRHDFW Wall Mounted Oval Towel Ring Hanging Holder Self-Adhesive for Bathroom Kitchen Accessories, White","New","66","0","0","66","0","0","0","0","0","GBP","2","12","30","56","Low traffic","4.99","0.0","4.99","0.0","NoRestockExcessActionRequired","12","4.39","24","0","7.34","1.62","0.012753","cubic feet","Standard","0.841698","UK","gl_home","176711","124","0","22","15","4.99","8.32","49.92","124.8","226.01","31","35","0","0","0","0.55","0","0","0","0","0","0","","","","","","","","","","","","","161.0","0","","2026-08-09","161.0","55.9","2026-08-10","66","0","0","0","124","N","","",""
"2026-08-13","DWG51034","X002FPVR2B","B0FXWC5X9W","26 inches x 22 inches Drawstring Straining Bag for Straining Home Brew Bag Wine Jam Fruits Nut Milk and Yogurt,Jelly Bag for Jam Making,Reusable","New","18","0","0","0","0","18","0","0","0","GBP","1","1","1","2","Low traffic","5.99","0.0","5.99","0.0","Create removal order","0","0.0","0","0","48.78","0.05","0.003531","cubic feet","Standard","0.063558","UK","gl_kitchen","","366","18","72","117","5.99","4.99","4.99","4.99","11.06","0","0","0","18","0","0.04","0","0","0","0","0","0","","","","","","","","","","","","","","0","","","","1730.0","2026-08-10","18","0","0","0","366","N","","",""
"2026-08-13","TB004-1","X0026A14CN","B0DMZVB7YC","Kitchen Sink Splash Guard, 3pcs Dish Washing Baffle Board Sink Board Protector with Attached Sucker,Sink Anti-Splash Proof Retaining Plate Water Separator(3pcs)","New","32","0","0","33","0","0","0","0","0","GBP","0","0","1","2","Low traffic","7.09","0.0","7.09","0.0","NoRestockExcessActionRequired","0","0.0","0","0","191.0","0.13","0.025152","cubic feet","Standard","0.804864","UK","gl_home","985095","366","0","","208","7.09","0.0","0.0","5.91","12.23","20","0","13","0","0","0.56","0","0","0","0","1","0","","","","","","","","","","","","","","0","","","","659.0","2026-08-10","32","1","0","0","366","N","","",""
"2026-08-13","TB058-1","X0026BG52B","B0DN5R6B7N","Safe Manual Metal can Side Cut Tin Lid Remover Steel Professional Ergonomic opener with Wood Handle Kitchen Tools","New","38","0","0","40","0","0","0","0","0","GBP","2","4","10","24","Low traffic","3.89","0.0","3.89","0.0","NoRestockExcessActionRequired","18","0.0","0","0","25.15","1.05","0.00452","cubic feet","Standard","0.17176","UK","gl_kitchen","311175","153","0","38","20","3.89","6.48","12.96","32.4","77.76","40","0","0","0","0","0.11","0","0","0","0","1","0","","","","","","","","","","","","","304.0","0","","2026-08-09","304.0","65.8","2026-08-10","38","1","0","0","159","N","","",""
"2026-08-13","DWG51199","X002G1WPXJ","B0D62T7Q4V","TRHDFW 4 Snack Fingers, Game Chopsticks, Snack Tongs, Snack Tools, Keep Hands Clean","","3","0","0","0","0","8","0","0","0","GBP","6","12","14","16","Low traffic","0.0","0.0","4.09","0.0","NoRestockExcessActionRequired","0","0.0","0","0","11.67","0.68","0.001006","cubic feet","Standard","0.003018","UK","gl_kitchen","222355","366","43","14","34","4.09","20.46","40.92","47.74","55.89","0","0","0","8","0","0.0","40","0","40","0","1","0","","","","","","","","","","","","","165.3","0","","2026-08-09","68.0","165.3","2026-08-10","43","1","0","0","366","N","","",""
"2026-08-13","DWG511186","X002G2EQWB","B0G1FFSB6R","Generic 36 Pieces CC Contour Matte Wig Adhesive Tape, Clear Double Sided Toupee Tape for Men Women, Long Lasting Hold 2-4 Weeks, Invisible Urethane Hairpiece Tape for Hair Systems Extensions","New","59","5","0","66","0","0","0","0","0","GBP","4","24","40","56","Low traffic","4.99","0.0","4.99","0.0","NoRestockExcessActionRequired","0","3.32","52","0","197.46","1.56","0.003531","cubic feet","Standard","0.208329","UK","gl_biss","66272","291","0","16","22","4.99","16.47","97.12","160.45","221.57","66","0","0","0","0","0.16","40","0","40","0","2","0","","","","","","","","","","","","","38.9","0","","2026-08-09","19.3","38.9","2026-08-10","104","1","1","0","298","N","","",""
"2026-08-13","TB214-1-1","X00269OW7X","B0DMZBW9TL","Set of 4 Aluminum Alloy Curtain Hooks, Decorative Wall Mounted Window Curtain Drapery Tiebacks Holdbacks, Curtain Holder with Screws, Silver","New","6","0","0","7","0","0","0","0","0","GBP","2","8","10","10","Low traffic","6.39","0.0","6.39","0.0","CreateShippingPlan","6","0.0","0","0","0.0","1.03","0.008264","cubic feet","Standard","0.049584","UK","gl_home","303518","29","0","3","7","6.39","10.64","41.92","52.24","52.24","1","0","6","0","0","0.02","0","0","0","0","0","0","","","","","","","","","","","","","105.3","11","2026-08-11","2026-08-09","44.3","105.3","2026-08-10","6","0","0","0","29","N","","",""
"2026-08-13","Y11119","X0026NHLEF","B0DP72FNJ3","Inspirational Gifts for Women Encouragement Keyring Gifts for Family Friend Her BFF Thank You Appreciation Gifts for Colleague Coworker Boss Teacher-Sometimes You Forget You Are Awesome Gifts","New","1","0","0","0","3","0","0","0","0","GBP","0","2","3","4","Low traffic","2.59","0.0","2.59","0.0","CreateShippingPlan","0","0.0","0","0","3.24","0.15","8.48E-4","cubic feet","Apparel","8.48E-4","UK","gl_apparel","706948","92","1","2","3","2.59","0.0","4.32","6.48","8.64","0","0","0","0","0","0.0","0","0","0","0","0","0","","","","","","","","","","","","","623.3","0","","2026-08-09","224.0","623.3","2026-08-10","1","0","0","0","92","Y","Holiday Season","2026-11-07","2027-01-09"
"2026-08-13","Y1136","X0026NJKWV","B0DP7635VF","Girl Scrunchie Hair Elastics Pure Silk Big Scrunchie Hair Scrunchie Black","New","8","0","0","11","0","0","0","0","0","GBP","6","42","55","75","Low traffic","4.19","0.0","4.19","0.0","NoRestockExcessActionRequired","0","0.0","0","0","23.3","7.79","0.005085","cubic feet","Standard","0.04068","UK","gl_beauty","64593","183","0","12","22","4.19","20.43","135.31","176.39","237.04","11","0","0","0","0","0.02","120","0","120","0","2","0","","","","","","","","","","","","","18.1","0","","2026-08-09","18.1","14.4","2026-08-10","128","1","1","0","187","N","","",""
"2026-08-13","DWG2602077","X002IFO10D","B0GMH9S4DD","2 Pcs Zig Zag Headband, Zigzag Headband, Women's Adjustable Wavy Headbands with Shark Teeth Comb, Fashionable Ladies Men & Teens Teeth Headbands (Glossy Black & Amber Tortoiseshell）","New","55","0","0","56","0","0","0","0","0","GBP","2","15","22","35","Low traffic","4.89","0.0","4.89","0.0","NoRestockExcessActionRequired","","","0","0","","1.39","0.003531","cubic feet","Standard","0.194205","UK","gl_beauty","303879","90","0","14","20","4.89","8.14","61.22","90.22","141.37","40","16","0","0","0","","0","0","0","0","0","0","","","","","","","","","","","","","113.1","11","2026-08-31","2026-08-09","113.1","51.8","2026-08-10","55","0","0","0","90","N","","",""
"2026-08-13","DWG2602120","X002IBE0ZN","B0GLGPVZ5T","2 Pcs Volume Hair Clips for Fluffy Bangs & High Crown Volume - Wind Shaping Styling Combs, No-Trace Root Curlers for Women Natural Voluminous Look (Pink, 2 Pcs)","New","57","0","0","57","0","0","0","0","0","GBP","0","2","11","20","Low traffic","4.59","0.0","4.59","0.0","NoRestockExcessActionRequired","0","0.0","0","0","115.29","0.79","0.003531","cubic feet","Standard","0.201267","UK","gl_beauty","223935","366","0","114","37","4.59","0.0","7.64","43.55","80.31","30","27","0","0","0","0.14","0","0","0","0","0","0","","","","","","","","","","","","","444.0","0","","2026-08-09","444.0","85.5","2026-08-10","57","0","0","0","366","N","","",""
"2026-08-13","Y1124","X0026N0J3F","B0DP6784P7","2 Pack Dog Whistle, Dog Whistles for Recall, Ultrasonic Stop Barking Silent, Adjustable Dog Training Whistle, with Lanyard,dog whistle to stop barking","New","27","0","0","27","0","0","0","0","0","GBP","3","13","23","33","Low traffic","5.09","0.0","5.09","0.0","NoRestockExcessActionRequired","0","0.0","0","0","131.6","1.86","2.83E-4","cubic feet","Standard","0.007641","UK","gl_pet_products","47634","129","0","8","10","5.09","12.72","55.12","97.52","139.92","0","27","0","0","0","0.01","0","0","0","0","0","0","","","","","","","","","","","","","96.0","0","","2026-08-09","96.0","51.2","2026-08-10","27","0","0","0","129","N","","",""
"2026-08-13","DWG2602116","X002IBEGH5","B0GLGSRWQ8","Coffee Machine Cleaning Disc, 54mm Stainless Steel Espresso Backflush Cleaning Disc","New","7","0","0","0","7","0","0","0","0","GBP","0","2","2","2","Low traffic","4.39","0.0","4.39","0.0","NoRestockExcessActionRequired","0","0.0","0","0","16.65","0.22","0.003531","cubic feet","Standard","0.024717","UK","gl_drugstore","742854","158","7","14","45","4.39","0.0","7.32","7.32","7.32","0","0","0","0","0","0.02","0","0","0","0","0","0","","","","","","","","","","","","","399.0","0","","2026-08-09","122.5","399.0","2026-08-10","7","0","0","0","158","N","","",""
"2026-08-13","Y11230","X0026NKSJF","B0DP7BMX7Y","Red Poppy Brooch Lapel Pin Enamel Badge Ribbon Flowers Green Leaf Lest We Forget Legion Remembrance Day Peace","","0","0","0","0","0","1","0","0","0","GBP","0","0","0","1","","0.0","0.0","0.0","0.0","CreateShippingPlan","","","0","0","","0.04","0.001059","cubic feet","Apparel","0.0","UK","gl_jewelry","","0","0","","0","4.29","0.0","0.0","0.0","3.74","0","0","0","1","0","","0","0","0","0","0","0","","","","","","","","","","","","","","0","","","","2279.0","2026-08-10","0","0","0","0","0","N","","",""
"2026-08-13","DWG511148","X002G2UJO5","B0G1H9728R","Dog Muzzle, Lightweight & Breathable Mesh Muzzle for Small and Medium Dogs, Adjustable Buckle Strap Dog Muzzles to Prevent Biting, Barking and Chewing (Black, S)","New","3","0","0","3","0","0","0","0","0","GBP","1","2","3","8","Low traffic","4.99","0.0","4.99","0.0","CreateShippingPlan","0","0.0","0","0","14.6","2.46","0.003531","cubic feet","Standard","0.010593","UK","gl_pet_products","98129","28","0","6","4","4.99","4.16","8.32","12.73","35.58","0","1","2","0","0","0.01","0","0","0","0","0","0","","","","","","","","","","","","","62.5","6","2026-08-12","2026-08-09","62.5","37.9","2026-08-10","3","0","0","0","28","N","","",""
"2026-08-13","DWG2602068","X002IFFJK9","B0GMHL7HNC","2Pcs Key Rings, Leather Keyrings for Women and Men Leather Key Fobs Holder Metal Fob Durable Rings for Car Home Office Bags Wallets (Black & Deep Red)","New","17","0","0","16","1","0","0","0","0","GBP","0","0","1","1","Low traffic","4.24","0.0","4.24","0.0","Advertise listing","","","0","0","","0.08","0.003531","cubic feet","Apparel","0.060027","UK","gl_apparel","1369530","366","0","","221","4.24","0.0","0.0","3.78","3.78","0","8","8","0","0","","0","0","0","0","0","0","","","","","","","","","","","","","","0","","","","1119.0","2026-08-10","17","0","0","0","366","N","","",""
"2026-08-13","RPADWG013","X002I0KH2T","B0GJZ1M92Q","16 Sets Pant Waist Tightener Adjustable Waist Buckle Set Waists Tighteners for Pants Women No-Sew Pants Jean Clips to Tighten Waists Waistband Tightener Jeans Button Pin for Loose Pant Skirts","New","15","0","0","15","0","0","0","0","0","GBP","1","2","3","7","Low traffic","3.59","0.0","3.59","0.0","NoRestockExcessActionRequired","15","0.0","0","0","0.0","0.51","0.009511","cubic feet","Apparel","0.142665","UK","gl_apparel","383300","173","0","30","27","3.59","2.99","5.98","8.97","22.61","0","1","14","0","0","0.03","0","0","0","0","0","0","","","","","","","","","","","","","243.0","0","","2026-08-09","243.0","212.0","2026-08-10","15","0","0","0","173","N","","",""
"2026-08-13","TB031","X00267G9HL","B0DMSFS5T6","4 Extra Loud Cat & Dog Bells | Pet Tracker | Save Birds & Wildlife,cat bell,cat bells for collars loud,dog collar bell","New","41","0","0","41","0","0","0","0","0","GBP","0","9","16","29","Low traffic","5.39","0.0","5.39","0.0","NoRestockExcessActionRequired","0","4.71","52","0","171.09","1.18","0.002119","cubic feet","Apparel","0.086879","UK","gl_jewelry","87407","322","0","18","18","5.39","0.0","40.41","71.84","129.19","41","0","0","0","0","0.06","0","0","0","0","0","0","","","","","","","","","","","","","137.8","0","","2026-08-09","137.8","51.0","2026-08-10","41","0","0","0","322","N","","",""
"2026-08-13","DWG511213","X002G1Y22B","B0D62M8WJL","1Pcs Mini Sewing Kit Portable Needle and Thread Kit for Travel Business Trips School Camping for Be Torn Sheets Plush Torn Clothes Loose Buttons Repair Them Quickly","New","41","0","0","43","0","0","0","0","0","GBP","1","2","9","14","Low traffic","3.79","0.0","3.79","0.0","NoRestockExcessActionRequired","6","2.75","6","0","64.03","0.89","0.001695","cubic feet","Standard","0.069495","UK","gl_home","463560","270","0","82","38","3.79","3.16","6.32","27.59","42.54","40","0","3","0","0","0.05","0","0","0","0","0","0","","","","","","","","","","","","","443.0","0","","2026-08-09","443.0","101.7","2026-08-10","41","0","0","0","270","N","","",""
"2026-08-13","DWG2602110","X002IDKWYJ","B0GLWRBRBJ","10 PCS Hair Bands for Men and Women – Braided Black Elastic Hair Ties for Long, Curly & Thick – Ideal Man Bun Bands, No Damage, No Crease or Breakage – Daily Styling (Black)","New","2","0","0","0","2","0","0","0","0","GBP","0","3","6","7","Low traffic","3.39","0.0","3.39","0.0","CreateShippingPlan","0","0.0","0","0","7.75","1.17","0.003531","cubic feet","Standard","0.007062","UK","gl_beauty","326717","43","0","2","3","3.39","0.0","8.46","16.92","20.08","0","0","0","0","0","0.0","0","0","0","0","0","0","","","","","","","","","","","","","77.4","2","2026-08-12","2026-08-09","34.0","77.4","2026-08-10","2","0","0","0","43","N","","",""
"2026-08-13","DWG511217","X002G1VTUJ","B0D8Y7Z9DK","M4 Wing Nuts Marine Grade in A4 Stainless Steel 316 – Corrosion Resistant Fasteners (Pack of 10)","New","28","0","0","28","0","0","0","0","0","GBP","3","12","39","60","Low traffic","4.09","0.0","4.09","0.0","NoRestockExcessActionRequired","0","3.88","52","0","108.96","2.9","0.007063","cubic feet","Standard","0.197764","UK","gl_biss","109962","269","0","29","19","4.09","10.23","40.92","132.99","201.2","0","28","0","0","0","0.14","60","0","60","0","0","0","","","","","","","","","","","","","47.8","0","","2026-08-09","47.8","24.7","2026-08-10","88","0","0","0","269","N","","",""
"2026-08-13","RPADWG076","X002HYXPDT","B0GJMGKMLW","Pack of 12 Dark Blue Sew on 15mm Round Buttons Flat 4 Holes 24L (Dark Blue, 15mm-12Pcs)","New","28","0","0","28","0","0","0","0","0","GBP","1","5","11","18","Low traffic","3.49","0.0","3.49","0.0","NoRestockExcessActionRequired","0","0.0","0","0","95.13","0.96","0.003531","cubic feet","Standard","0.098868","UK","gl_office_product","444930","253","0","22","20","3.49","2.91","14.55","32.97","54.46","20","8","0","0","0","0.07","0","0","0","0","0","0","","","","","","","","","","","","","444.0","0","","2026-08-09","444.0","85.1","2026-08-10","28","0","0","0","253","N","","",""
"2026-08-13","RPADWG012","X002I0J1FN","B0GJYL6J1Q","15 Pcs Hair Ties for Kknekki,Blue Elastic Bands for Women Girls Premium No Crease Soft Ponytail Holders Accessories for Thick Thin,Stylish Elastics Damage-Free Bobbles,for Toddler Sports Daily Use","New","33","0","0","34","0","0","0","0","0","GBP","3","7","17","17","Low traffic","5.09","0.0","5.09","0.0","NoRestockExcessActionRequired","5","0.0","0","0","60.2","1.16","0.003531","cubic feet","Standard","0.116523","UK","gl_beauty","97910","116","0","18","25","5.09","12.72","29.68","72.08","72.08","34","0","0","0","0","0.08","0","0","0","0","0","0","","","","","","","","","","","","","111.0","1","2026-08-11","2026-08-09","111.0","61.4","2026-08-10","33","0","0","0","116","N","","",""
"2026-08-13","TB018-1","X0026B5PPJ","B0DN4Y1SZ8","Fashion Retro Y2k Rectangle Sunglasses Shades Sun Glasses Vintage Women UV400","New","78","0","0","80","0","0","0","0","0","GBP","4","20","45","65","Low traffic","5.89","0.0","5.89","0.0","NoRestockExcessActionRequired","78","0.0","0","0","0.0","1.61","0.004125","cubic feet","Footwear","0.32175","UK","gl_shoes","88397","336","0","24","24","5.89","19.64","98.2","219.76","314.56","54","26","0","0","0","0.17","42","0","42","0","1","1","","","","","","","","","","","","","70.3","0","","2026-08-09","70.3","47.4","2026-08-10","120","1","0","0","338","N","","",""
"2026-08-13","TB204","X00269ZKTH","B0DMZVLW3R","Black Dog Muzzle, Can Stop Pulling On The Leash, Easy To Use, With Padded Nose Strap, Adjustable, Leash And Dog Walking Supplies.","New","14","0","0","14","0","0","0","0","0","GBP","0","2","4","8","Low traffic","5.39","0.0","5.39","0.0","NoRestockExcessActionRequired","14","0.0","0","0","0.0","0.84","0.007735","cubic feet","Standard","0.10829","UK","gl_pet_products","101989","191","0","28","22","5.39","0.0","8.98","17.96","36.6","1","13","0","0","0","0.07","0","0","0","0","0","0","","","","","","","","","","","","","214.5","0","","2026-08-09","214.5","72.4","2026-08-10","14","0","0","0","191","N","","",""
"2026-08-13","Y11260","X0026O2CEX","B0DP8NQBB4","Long Elbow Satin Gloves 21.3 inch Stretchy 1920s Opera Gloves Evening Party Dance for Women","New","25","0","0","26","0","0","0","0","0","GBP","2","4","7","9","Low traffic","4.29","0.0","4.29","0.0","NoRestockExcessActionRequired","25","0.0","0","0","0.0","0.51","0.008476","cubic feet","Apparel","0.2119","UK","gl_apparel","99795","110","0","25","36","4.29","7.14","14.28","24.99","32.13","0","20","6","0","0","0.11","0","0","0","0","0","0","","","","","","","","","","","","","284.3","0","","2026-08-09","284.3","175.8","2026-08-10","25","0","0","0","110","Y","Halloween","2026-09-26","2026-11-06"
"2026-08-13","TB229-1-1-1","X0026B3TY3","B0DN65CDF7","2PCS Heavy Duty Ice Scraper for Fridge Freezers Extra Strong Removal Tool for Stubborn Ice and Frost","New","67","3","0","77","0","0","0","0","0","GBP","5","18","38","69","Low traffic","8.59","0.0","8.59","0.0","NoRestockExcessActionRequired","70","0.0","0","0","0.0","2.35","0.023954","cubic feet","Standard","1.604918","UK","gl_major_appliances","166158","117","0","17","14","8.81","35.8","128.88","272.08","487.37","69","8","0","0","0","1.04","11","0","11","0","4","1","","","","","","","","","","","","","75.5","0","","2026-08-09","75.5","35.3","2026-08-10","81","4","0","0","124","N","","",""
"2026-08-13","DWG2602050","X002IFB331","B0GMGFV369","Round Hair Curling Brush, Professional Styling Tool for Women, Men, Kids - All Hair Types, Black","New","49","0","0","50","0","0","0","0","0","GBP","1","2","3","11","Low traffic","6.39","0.0","6.39","0.0","Advertise listing","49","0.0","0","0","0.0","0.46","0.022009","cubic feet","Standard","1.078441","UK","gl_beauty","114103","366","0","98","57","6.39","5.32","10.98","16.8","64.72","20","20","10","0","0","0.11","0","0","0","0","1","0","","","","","","","","","","","","","1482.0","0","","2026-08-09","1482.0","187.5","2026-08-10","49","1","0","0","366","N","","",""
"2026-08-13","DWG51028","X002FOMV8L","B0FXRLWTNC","Cleaning Brush,Hard Bristle Crevice Cleaning Brush UK 3 Pcs Bathroom Crevice Gaps Brush Groove Crevice Cleaning Tool for Narrow Corners in Home Kitchen Bathroom and Window","","0","0","0","0","0","1","0","0","0","GBP","","","","","","0.0","0.0","0.0","0.0","NoRestockExcessActionRequired","","","0","0","","0.0","0.003531","cubic feet","Standard","0.0","UK","gl_home","","","0","","","4.99","","","","","0","0","0","1","0","","0","0","0","0","0","0","1","0.0","0","0.0","0","0.0","0","0.0","0","0.0","0","0.0","","0","","","","","2026-08-10","0","0","0","0","","N","","",""
"2026-08-13","DWG2602075","X002IFCZ8N","B0GMHHBGZR","Tape Measure Body, BMI Tape Measure, 150 cm Retractable Body Fat Measuring Tool for Waist Circumference Mass Index Measurement with Bmi Calculator","New","37","1","0","39","0","0","0","0","0","GBP","1","10","15","21","Low traffic","4.89","0.0","4.89","0.0","NoRestockExcessActionRequired","0","0.0","0","0","78.82","1.11","0.003531","cubic feet","Standard","0.130647","UK","gl_personal_care_appliances","139260","142","0","15","23","4.89","4.07","40.7","61.05","87.17","39","0","0","0","0","0.09","1","0","0","1","0","0","","","","","","","","","","","","","50.6","0","","2026-08-09","46.6","50.6","2026-08-10","39","0","0","0","142","N","","",""
"2026-08-13","DWG2602012","X002IBA3Z9","B0GLGBG7PQ","4 Pcs Soft Bristle Toothbrush Nano Toothbrush Soft Brush Manual Brush with 20,000 Bristles for Sensitive Teeth and Gum Adult","New","9","0","0","0","10","0","0","0","0","GBP","","","","","Low traffic","5.79","0.0","5.79","0.0","Advertise listing","0","0.0","0","0","21.88","0.0","0.003531","cubic feet","Standard","0.031779","UK","gl_personal_care_appliances","","","9","","","5.99","","","","","0","0","0","0","0","0.02","0","0","0","0","0","0","","","","","","","","","","","","","","0","","","","","2026-08-10","9","0","0","0","","N","","",""
"2026-08-13","Y11162","X0026OC3NN","B0DP9NZWVX","Bridal Veil Pearl Veils Wedding Vails Women's White Short Veils with Comb for Brides Shower Hen Party Chucky Costume Dress Up Gift Prom Halloween Girls First Communion","New","48","0","0","49","0","0","0","0","0","GBP","2","14","23","49","Low traffic","4.09","0.0","4.09","0.0","NoRestockExcessActionRequired","48","0.0","0","0","0.0","1.61","0.06505","cubic feet","Apparel","3.1224","UK","gl_apparel","118712","69","0","13","12","4.09","6.82","47.74","78.43","164.09","0","49","0","0","0","0.08","0","0","0","0","3","0","","","","","","","","","","","","","125.6","0","","2026-08-09","125.6","56.0","2026-08-10","48","3","0","0","72","Y","Halloween","2026-09-26","2026-11-06"
"2026-08-13","RPADWG078","X002I0WF4R","B0GK18964D","1 Pieces Car Windscreen Washer Wiper Nozzle Universal Front Windscreen Washer Jets Nozzle for Car","New","7","1","0","7","0","0","0","0","0","GBP","4","10","16","23","Low traffic","4.09","0.0","4.09","0.0","CreateShippingPlan","8","0.0","0","0","0.0","3.43","0.003531","cubic feet","Standard","0.024717","UK","gl_automotive","48765","31","0","2","3","4.09","13.64","34.1","54.56","78.25","7","0","0","0","0","0.02","0","0","0","0","0","0","","","","","","","","","","","","","23.5","15","2026-08-11","2026-08-09","17.8","23.5","2026-08-10","8","0","0","0","31","N","","",""
"2026-08-13","DWG511193","X002G1V6OD","B0D5YCM58M","TRHDFW Pencil Grips, 4 PCS Children Pencil Holder Writing Aid Grip Trainer, Ergonomic Training Pen Grip Posture Correction Tool for Kids","New","17","0","0","16","1","0","0","0","0","GBP","0","5","5","6","Low traffic","4.49","0.0","4.49","0.0","Advertise listing","0","0.0","0","0","68.12","0.44","0.004132","cubic feet","Standard","0.070244","UK","gl_office_product","191022","366","47","37","101","4.49","0.0","18.7","18.7","22.77","0","16","0","0","0","0.05","30","0","30","0","0","0","","","","","","","","","","","","","153.3","0","","2026-08-09","111.8","153.3","2026-08-10","47","0","0","0","366","N","","",""
"2026-08-13","DWG51127","X002G1USZV","B0D8PT3Q5N","Car Tailgate Boot Handle Switch Cover Button Cap Compatible with Mini R50 R52 R55 R56 R57 R58 R59 51717039261 51132753603 Automotive Accessories","New","24","13","0","8","0","0","0","0","0","GBP","6","40","52","66","Low traffic","5.89","0.0","5.89","0.0","NoRestockExcessActionRequired","37","0.0","0","0","0.0","5.33","0.00445","cubic feet","Standard","0.1068","UK","gl_biss","16130","147","0","7","14","5.89","29.46","190.62","247.5","313.86","8","0","0","0","0","0.11","50","0","50","0","0","0","","","","","","","","","","","","","16.7","0","","2026-08-09","16.7","16.7","2026-08-10","87","0","0","0","147","N","","",""
"2026-08-13","TB191","X0026B8MZJ","B0DN61KL3K","Generic 2 Pieces Wooden Salad Servers,10.2 inches Wood Serving Spoons Set Salad Mixing Dinner Fork and Spoon Long Handle Salad Tongs Kitchen Cooking Utensil Cutlery Set,Wooden Salad Tongs","New","34","0","0","40","0","0","0","0","0","GBP","12","53","58","63","Low traffic","7.09","0.0","7.09","0.0","NoRestockExcessActionRequired","0","0.0","0","0","163.4","4.0","0.012855","cubic feet","Standard","0.43707","UK","gl_kitchen","84810","345","0","10","27","7.09","70.92","307.45","336.15","365.7","40","0","0","0","0","0.3","100","0","100","0","3","0","","","","","","","","","","","","","18.9","0","","2026-08-09","16.1","18.9","2026-08-10","134","3","0","0","353","N","","",""
"2026-08-13","DWG2602087","X002IDXVI3","B0GLZ7DSG4","10pcs Rubber Feet Round Bumper Furniture Table Printer Chopping Board Speaker Floor Protector Cabinet Leg Pads","New","29","0","0","31","0","0","0","0","0","GBP","0","2","9","15","Low traffic","4.59","0.0","4.59","0.0","NoRestockExcessActionRequired","29","0.0","0","0","0.0","0.8","0.003531","cubic feet","Standard","0.102399","UK","gl_home","424405","230","0","58","25","4.59","0.0","7.98","35.91","60.87","30","1","0","0","0","0.06","0","0","0","0","1","0","","","","","","","","","","","","","445.5","0","","2026-08-09","445.5","74.8","2026-08-10","29","1","0","0","239","N","","",""
"2026-08-13","DWG2603008","X002J4KYCR","B0GRMSHKKT","Suction Tubing, Glue Head Pump, Turkey Pump, Transfer Liquid Pipette, Glue Head Dropper, Dropper Measuring Liquid, Baking Tool Tube，Turkey Baster， Baster for Cooking，baster","New","26","3","0","33","0","0","0","0","0","GBP","5","18","24","32","Low traffic","5.69","0.0","5.69","0.0","NoRestockExcessActionRequired","6","0.0","0","0","127.49","1.59","0.110986","cubic feet","","2.885636","UK","gl_kitchen","171743","81","0","8","14","5.69","23.7","85.32","113.76","151.68","30","3","0","0","0","2.1","10","0","10","0","3","0","","","","","","","","","","","","","48.7","7","2026-08-21","2026-08-09","48.7","39.3","2026-08-10","39","3","0","0","88","N","","",""
"2026-08-13","DWG51001","X002FO7MD5","B0FXLV247Q","Universal Pram Accessory - Phone & Coffee Cup Holder for Pushchair, Stroller, Buggy","New","60","3","0","64","2","0","0","0","0","GBP","1","5","16","26","","7.59","0.0","7.59","0.0","NoRestockExcessActionRequired","63","0.0","0","0","0.0","0.76","0.003531","cubic feet","Standard","0.21186","UK","gl_automotive","30989","265","0","48","30","7.59","6.32","31.94","104.86","171.46","61","3","0","0","0","0.14","0","0","0","0","5","0","","","","","","","","","","","","","161.2","0","","2026-08-09","161.2","90.7","2026-08-10","63","5","0","0","290","N","","",""
"2026-08-13","Y1159","X0026OPVD7","B0DP9RSGWM","Faraday Pouch for Car Keys | Royal Blue Stitching Faraday Bag for Key Fob Protector Pouch RFID Blocking | Premium Quality | Stylish Anti-Theft Car Key Case/Jammer Signal Blocker,rfid key pouch","New","33","0","0","35","0","0","0","0","0","GBP","4","12","14","20","Low traffic","4.69","0.0","4.69","0.0","NoRestockExcessActionRequired","33","0.0","0","0","0.01","0.97","0.00445","cubic feet","Apparel","0.14685","UK","gl_apparel","19200","63","0","11","21","4.69","15.64","46.92","54.74","78.2","20","15","0","0","0","0.08","0","0","0","0","1","0","","","","","","","","","","","","","153.3","20","2026-08-29","2026-08-09","143.0","153.3","2026-08-10","33","0","1","0","64","N","","",""
"2026-08-13","RPADWG053","X002I0Q87R","B0GJZLJXGT","20 Pcs Large Yarn Bobbins - Plastic Thread Winding Boards for Knitting & Sewing - Wool Yarn Spools, Crochet Weave Winders, Sewing Machine Thread Holders (Multicolor)","New","15","0","0","1","14","0","0","0","0","GBP","2","5","7","12","Low traffic","5.29","0.0","5.29","0.0","NoRestockExcessActionRequired","15","0.0","0","0","0.48","0.58","0.003531","cubic feet","Standard","0.052965","UK","gl_kitchen","245922","95","0","12","16","5.29","8.82","23.04","33.11","59.23","0","0","1","0","0","0.03","0","0","0","0","0","0","","","","","","","","","","","","","174.5","0","","2026-08-09","138.5","174.5","2026-08-10","15","0","0","0","95","N","","",""
"2026-08-13","DWG51126","X002G1IIGR","B0D61SGDK8","Professional Hairdresser's Back Combing hair brush for slicking back hair Long Hair Styling Brush teasing brush","New","39","0","0","39","0","0","0","0","0","GBP","2","6","19","30","Low traffic","5.09","0.0","5.09","0.0","NoRestockExcessActionRequired","39","0.0","0","0","0.0","1.32","0.003742","cubic feet","Standard","0.145938","UK","gl_beauty","83607","120","0","26","16","5.09","8.48","25.44","80.56","127.2","25","14","0","0","0","0.09","0","0","0","0","0","1","","","","","","","","","","","","","134.1","0","","2026-08-09","134.1","67.6","2026-08-10","39","0","0","0","120","N","","",""
"2026-08-13","DWG2602017","X002IBCDVB","B0GLGQJ21D","3 Pairs Low Back Bra Converter Soft Extender Low Back Adjustable Bra Extenders 3 Assorted Colors Elastic Straps for Backless Dress for Ladies Girls Dress Wedding Party","New","23","16","0","11","0","0","0","0","0","GBP","5","26","26","38","Low traffic","4.39","0.0","4.39","0.0","CreateShippingPlan","","","0","0","","2.98","0.003531","cubic feet","Apparel","0.081213","UK","gl_apparel","126813","61","0","3","7","4.39","18.3","95.16","95.16","138.09","11","0","0","0","0","","0","0","0","0","0","0","","","","","","","","","","","","","29.6","25","2026-08-19","2026-08-09","29.6","20.7","2026-08-10","39","0","0","0","61","N","","",""
"2026-08-13","TB129","X00269X2DX","B0DMZWSPBC","Pet Grooming Glove | Pet Brush Glove | Premium De-shedding Glove for Easy, Mess-free Grooming with 260 Tips | Grooming Mitt For Dogs, Cats, Rabbits & Horses with Long/Short/Curly Hair","New","23","0","0","24","0","0","0","0","0","GBP","3","4","4","6","Low traffic","6.69","0.0","6.69","0.0","NoRestockExcessActionRequired","0","0.0","0","0","104.8","0.54","0.012448","cubic feet","Standard","0.286304","UK","gl_pet_products","49770","366","0","23","49","6.69","16.71","22.28","22.28","33.92","20","4","0","0","0","0.2","0","0","0","0","2","0","","","","","","","","","","","","","267.5","0","","2026-08-09","267.5","201.5","2026-08-10","23","2","0","0","366","N","","",""
"2026-08-13","DWG511125","X002G1ZNW9","B0G1BZ8J65","Wall Plugs and Screws Set, M8 x 70mm Masonry Brick Wall Fixings Screw Bolts, Heavy Duty Anchors for Aerial TV Bracket Fence Shelves Concrete Mounting (10 Pack)","New","17","0","0","17","0","0","0","0","0","GBP","1","18","26","35","Low traffic","6.49","0.0","6.49","0.0","NoRestockExcessActionRequired","17","0.0","0","0","0.0","1.51","0.003531","cubic feet","Standard","0.060027","UK","gl_home","101084","160","0","17","28","6.49","5.41","97.38","141.94","193.6","9","8","0","0","0","0.03","60","0","60","0","0","0","","","","","","","","","","","","","56.2","0","","2026-08-09","41.3","56.2","2026-08-10","77","0","0","0","160","N","","",""
"2026-08-13","RPADWG065","X002I10YPX","B0GK1CX5KH","Pack of 5 Retro Kraft Paper Envelopes, Gift Cards with Ribbon for Invitations, Handmade Wedding Letters Birthday (Red)","New","8","0","0","10","0","0","0","0","0","GBP","1","1","1","1","Low traffic","4.19","0.0","4.19","0.0","NoRestockExcessActionRequired","9","0.0","0","0","0.15","0.12","0.030855","cubic feet","Standard","0.24684","UK","gl_office_product","108910","83","0","32","104","4.19","3.49","3.49","3.49","3.49","0","0","10","0","0","0.16","0","0","0","0","2","0","","","","","","","","","","","","","","0","","","","","2026-08-10","8","1","1","0","103","N","","",""
"2026-08-13","RPADWG002","X002I0K1MZ","B0GJXXH9D4","Generic Purple Unicorn Cartoon Bike Bell, Clear Loud Adjustable Volume Bicycle Ringer for Mountain Road Electric Bikes, Cycling Handlebar Accessory","New","19","0","0","15","5","0","0","0","0","GBP","0","2","3","4","Low traffic","5.59","0.0","5.59","0.0","Advertise listing","0","0.0","0","0","93.18","0.27","0.003531","cubic feet","Standard","0.067089","UK","gl_outdoors","211082","366","19","38","61","5.59","0.0","9.32","13.98","18.8","0","15","0","0","0","0.05","0","0","0","0","1","0","","","","","","","","","","","","","312.5","0","","2026-08-09","312.5","279.3","2026-08-10","19","1","0","0","366","Y","Holiday Season","2026-09-19","2027-01-09"
"2026-08-13","TB054","X0026B2309","B0DN5K3CQM","Square Oversized Sunglasses for Women Men Fashion Flat Top Big Frame Shades","New","15","0","0","16","0","0","0","0","0","GBP","2","20","49","68","Low traffic","6.89","0.0","6.89","0.0","NoRestockExcessActionRequired","15","0.0","0","0","0.0","2.97","0.002272","cubic feet","Footwear","0.03408","UK","gl_shoes","183458","167","0","21","20","6.89","11.48","114.8","281.26","390.32","16","0","0","0","0","0.01","90","0","90","0","0","0","","","","","","","","","","","","","29.8","0","","2026-08-09","20.3","29.8","2026-08-10","105","0","0","0","167","N","","",""
"2026-08-13","DWG2603020","X002J4K0A3","B0GRN8CDWQ","Engine Oil Filler Cap Cover Lid 0000101685 Oil Filler Cover Replacement for Mercedes Benz Sprinter 2500 3500","New","17","0","0","10","7","0","0","0","0","GBP","0","3","5","10","Low traffic","7.29","0.0","7.29","0.0","NoRestockExcessActionRequired","0","0.0","0","0","102.96","0.6","0.003531","cubic feet","","0.060027","UK","gl_automotive","139077","366","17","22","22","7.29","0.0","18.38","31.11","66.06","0","10","0","0","0","0.04","0","0","0","0","0","0","","","","","","","","","","","","","140.0","0","","2026-08-09","140.0","123.4","2026-08-10","17","0","0","0","366","N","","",""
"2026-08-13","RPADWG028","X002HYHW0V","B0GJLDFQVN","Pocket Hug Token A Little Pocket Hug Coin Holder Keychain with Leather Case Stainless Steel Double Sided Coin Thoughtful Gifts for Cancer Patients Must Have Hug Gifts for Men Women","New","4","0","0","0","5","0","0","0","0","GBP","0","5","6","8","Low traffic","3.89","0.0","3.89","0.0","Advertise listing","0","0.0","0","0","16.89","0.82","0.003531","cubic feet","Apparel","0.014124","UK","gl_apparel","514457","366","34","27","55","3.89","0.0","16.2","19.44","26.58","0","0","0","0","0","0.01","30","0","30","0","0","0","","","","","","","","","","","","","105.6","7","2026-08-04","2026-08-09","41.5","105.6","2026-08-10","34","0","0","0","366","N","","",""
"2026-08-13","DWG2602021","X002IDHNVJ","B0GLXGQQNG","4Pcs M6x18mm MTB Caliper Bolts Bike Hydraulic Disc Brake Caliper Adapter Bolts Mountain Road Bike Overall Length 25.8 mm Black","New","39","24","0","16","0","0","0","0","0","GBP","3","14","20","26","Low traffic","5.29","0.0","5.29","0.0","NoRestockExcessActionRequired","0","0.0","0","0","247.33","1.62","0.003531","cubic feet","Standard","0.137709","UK","gl_automotive","66591","242","0","11","19","5.29","13.23","61.74","88.7","116.66","1","15","0","0","0","0.15","0","0","0","0","3","0","","","","","","","","","","","","","49.1","0","","2026-08-09","49.1","44.4","2026-08-10","63","3","0","0","258","N","","",""
"2026-08-13","RPADWG054","X002I1PSWR","B0GK7BBZ5T","3 Pcs Face Brush Cleansing Manual Acrylic Handle Facial Scrubbers Soft Bristle Exfoliator Cleaner Tool Scrub Exfoliating Facial Brush for Face Care Makeup Skincare Removal(Transparent)","New","16","0","0","17","0","0","0","0","0","GBP","3","12","15","23","Low traffic","5.69","0.0","5.69","0.0","NoRestockExcessActionRequired","0","0.0","0","0","82.26","1.31","0.003531","cubic feet","Standard","0.056496","UK","gl_personal_care_appliances","110577","42","0","5","9","5.69","14.22","56.88","71.35","111.27","10","7","0","0","0","0.04","0","0","0","0","0","0","","","","","","","","","","","","","75.0","17","2026-08-08","2026-08-09","64.5","75.0","2026-08-10","16","0","0","0","42","N","","",""
"2026-08-13","DWG511202","X002G1VC1Z","B0D69XBGT3","5 Pair of Silicone Nose pad Nose pad Push into Nose pad Glasses Sunglasses Glasses Repair kit","New","20","0","0","15","6","0","0","0","0","GBP","1","4","9","12","Low traffic","3.79","0.0","3.79","0.0","NoRestockExcessActionRequired","20","0.0","0","0","0.0","0.56","0.001958","cubic feet","Standard","0.03916","UK","gl_drugstore","156182","99","0","20","21","3.79","3.16","12.64","28.44","38.4","0","15","0","0","0","0.02","0","0","0","0","2","0","","","","","","","","","","","","","183.3","0","","2026-08-09","183.3","143.2","2026-08-10","20","2","0","0","109","N","","",""
"2026-08-13","Y1198","X0026OIFCL","B0DP9QG4QK","Dog Leads for Small Medium Dogs | Double Sided Reflective | Soft Neoprene Padded Handle | 2 cm Wide by 180 cm Long | Black","New","19","0","0","21","0","0","0","0","0","GBP","0","2","19","23","Low traffic","5.19","0.0","5.19","0.0","NoRestockExcessActionRequired","0","0.0","0","0","92.56","1.88","0.012713","cubic feet","Standard","0.241547","UK","gl_pet_products","88098","193","0","78","22","5.19","0.0","8.64","80.12","96.08","20","0","1","0","0","0.18","20","0","20","0","1","0","","","","","","","","","","","","","80.8","0","","2026-08-09","80.8","49.5","2026-08-10","39","0","1","0","200","N","","",""
"2026-08-13","DWG2603006","X002J4JP09","B0GRMMKM7M","Beaded Phone Chain Charm Crystal Natural Gemstone Wrist Strap Handmade Wristlet String for Strap Keychain ID Card Holder","New","27","1","0","30","0","0","0","0","0","GBP","0","0","16","21","Low traffic","4.69","0.0","4.69","0.0","NoRestockExcessActionRequired","","","0","0","","2.21","0.003531","cubic feet","","0.095337","UK","gl_jewelry","","366","0","","16","4.69","0.0","0.0","60.18","78.88","30","0","0","0","0","","0","0","0","0","2","0","","","","","","","","","","","","","15.5","0","","2026-08-09","8.8","15.5","2026-08-10","28","2","0","0","366","Y","Holiday Season","2026-10-31","2027-01-09"
"2026-08-13","RPADWG075","X002I0ZUIP","B0GK1JNG2H","2PCS England Flag Patch, St George Flag Patches, Military Tactical Patches with Hook and Loop for Uniform Backpacks Jackets Caps Pants","New","48","0","0","48","0","0","0","0","0","GBP","2","10","24","30","Low traffic","4.71","0.0","4.71","0.0","NoRestockExcessActionRequired","0","0.0","0","0","177.89","1.12","0.003531","cubic feet","Standard","0.169488","UK","gl_office_product","227256","154","0","19","20","4.71","7.84","40.22","97.48","123.04","30","18","0","0","0","0.12","0","0","0","0","1","0","","","","","","","","","","","","","96.2","0","","2026-08-09","96.2","56.8","2026-08-10","48","1","0","0","157","N","","",""
"2026-08-13","DWG511132","X002G21QKB","B0G1BS6K32","2 Planer Dust Collection Bags, Replacement Parts, Compatible with Sander Dust Collection Bag","New","40","39","0","21","0","0","0","0","0","GBP","2","31","43","54","Low traffic","6.19","0.0","6.19","0.0","NoRestockExcessActionRequired","79","0.0","0","0","0.0","5.24","0.092577","cubic feet","Standard","3.70308","UK","gl_kitchen","164645","139","0","7","14","6.19","10.32","159.96","221.88","278.64","21","0","0","0","0","2.29","20","0","20","0","2","0","","","","","","","","","","","","","15.4","0","","2026-08-09","12.6","15.4","2026-08-10","99","2","0","0","142","N","","",""
"2026-08-13","DWG511154","X002G1HLX3","B0G18QNTSV","Soft Mesh Dog Muzzle: Reflective Adjustable Muzzle for Small Medium Large Dogs, Prevents Eating and Licking, Allows Panting and Drinking (M)","New","15","0","0","1","14","0","0","0","0","GBP","1","4","4","5","Low traffic","5.09","0.0","5.09","0.0","NoRestockExcessActionRequired","0","0.0","0","0","63.9","0.28","0.003531","cubic feet","Standard","0.052965","UK","gl_pet_products","69374","138","15","15","39","5.09","4.24","16.96","16.96","21.53","0","1","0","0","0","0.04","0","0","0","0","0","0","","","","","","","","","","","","","332.4","0","","2026-08-09","137.5","332.4","2026-08-10","15","0","0","0","138","Y","Holiday Season","2026-09-19","2027-02-20"
"2026-08-13","RPADWG045","X002HYULQD","B0GJM3CKGC","Adjustable Jar Opener for Arthritis Hands - Ergonomic Kitchen Tool for Effortless Lid Opening, Ideal for Elderly and Weak Hands​","New","69","0","0","73","0","0","0","0","0","GBP","1","7","9","44","Low traffic","7.99","0.0","7.99","0.0","NoRestockExcessActionRequired","0","0.0","0","0","401.42","2.35","0.003531","cubic feet","Standard","0.243639","UK","gl_kitchen","228117","138","0","39","20","7.99","6.66","46.62","59.94","289.89","73","0","0","0","0","0.17","0","0","0","0","3","0","","","","","","","","","","","","","168.3","0","","2026-08-09","168.3","28.8","2026-08-10","69","3","0","0","144","N","","",""
"2026-08-13","RPADWG047","X002I1PC5F","B0GK6P8L2W","Guitar Fretboard Cleaner, Electric Guitar Cleaning Brush,Guitar Neck Cleaner Guitar String Cleaner for Maintenance String Instrument Performance Accessory","New","27","0","0","16","11","0","0","0","0","GBP","0","1","1","1","Low traffic","5.29","0.0","5.29","0.0","Advertise listing","27","0.0","0","0","0.0","0.05","0.011584","cubic feet","Standard","0.312768","UK","gl_musical_instruments","28928","366","0","108","351","5.29","0.0","4.41","4.41","4.41","0","16","0","0","0","0.06","0","0","0","0","0","0","","","","","","","","","","","","","","0","","","","","2026-08-10","27","0","0","0","366","N","","",""
"2026-08-13","Y11197","X0026OFRL3","B0DP9P51C4","Poppy badges and pins brooches pin for women poppy pin badges shawl pin hat pin versatile brooches for women remembrance day brooch poppy brooch","New","19","0","0","19","0","0","0","0","0","GBP","0","3","7","16","Low traffic","4.39","0.0","4.39","0.0","NoRestockExcessActionRequired","1","3.74","9","0","32.95","1.0","0.002472","cubic feet","Apparel","0.046968","UK","gl_jewelry","437936","97","0","25","15","4.39","0.0","10.98","25.62","57.03","19","0","0","0","0","0.03","0","0","0","0","0","0","","","","","","","","","","","","","196.0","3","2026-08-25","2026-08-09","196.0","66.4","2026-08-10","19","0","0","0","97","N","","",""
"2026-08-13","DWG2602114","X002IBE8P5","B0GLGWBSDP","Flat Fan Spray Tips,Spray Nozzle Kit,1 Set 110° Flat Fan Nozzles with 6pcs Tips (0.15-0.6mm),Replacement Nozzle for Knapsack/Agricultural/Garden/Greenhouse Sprayers","New","26","0","0","26","0","0","0","0","0","GBP","0","0","4","5","Low traffic","4.99","0.0","4.99","0.0","Advertise listing","","","0","0","","0.45","0.003531","cubic feet","Standard","0.091806","UK","gl_home_improvement","266790","366","0","","67","4.99","0.0","0.0","18.64","23.3","20","0","6","0","0","","0","0","0","0","0","0","","","","","","","","","","","","","","0","","","","199.4","2026-08-10","26","0","0","0","366","N","","",""
"2026-08-13","TB117","X0026B4JVP","B0DN5F2P7L","Mini Stainless Steel Serving Tongs Small Metal Tongs for Serving Food Cooking Salad Grilling,Small Salad Tongs (7-Inch 3 Pieces)","New","65","0","0","69","0","0","0","0","0","GBP","1","2","14","44","Low traffic","5.79","0.0","4.69","0.0","NoRestockExcessActionRequired","7","3.88","16","0","150.75","1.56","0.01907","cubic feet","Standard","1.23955","UK","gl_kitchen","316792","366","0","130","19","5.79","4.82","9.98","69.59","186.89","64","5","0","0","0","0.84","0","0","0","0","4","0","","","","","","","","","","","","","790.0","0","","2026-08-09","790.0","43.3","2026-08-10","65","4","0","0","366","N","","",""
"2026-08-13","DWG51180-1","X002J6RQK3","B0GS1QN22B","2 Aluminum Oil Plug Caps And Oil Plug Screws,Replacement Kit, Diameter 48 Mm","New","20","0","0","0","20","0","0","0","0","GBP","","","","","Low traffic","6.09","0.0","6.09","0.0","Advertise listing","0","0.0","0","0","47.16","0.0","0.003531","cubic feet","Standard","0.07062","UK","gl_automotive","","","20","","","6.49","","","","","0","0","0","0","0","0.05","0","0","0","0","0","0","","","","","","","","","","","","","","0","","","","","2026-08-10","20","0","0","0","","N","","",""
"2026-08-13","Y11142-1","X0026P0NB1","B0DPBRYRFY","Girl Wallet and Kid Purse with Embroidery Hearts, Girls Wallets for Kids","New","35","0","0","30","6","0","0","0","0","GBP","1","9","18","22","Low traffic","5.29","0.0","5.29","0.0","NoRestockExcessActionRequired","35","0.0","0","0","0.0","0.85","0.009394","cubic feet","Standard","0.32879","UK","gl_luggage","245942","70","0","15","20","5.29","4.41","40.33","81.46","99.74","30","0","0","0","0","0.21","0","0","0","0","0","0","","","","","","","","","","","","","99.6","19","2026-09-07","2026-08-09","88.4","99.6","2026-08-10","35","0","0","0","70","N","","",""
"2026-08-13","DWGY1166","X002JMOWG3","B0GTVKW9V4","2PCs Bicycle tire pry bar - a Special Tool for dismantling the Outer tire of Mountain Bikes/Road Bikes, a high-Strength Anti Slip pry bar, and an Essential Helper for Cycling and Maintenance","New","27","0","0","0","30","0","0","0","0","GBP","","","","","Low traffic","4.49","0.0","4.49","0.0","Advertise listing","0","0.0","0","0","62.31","0.0","0.003531","cubic feet","Standard","0.095337","UK","gl_home_improvement","","","27","","","4.49","","","","","0","0","0","0","0","0.07","0","0","0","0","3","0","","","","","","","","","","","","","","0","","","","","2026-08-10","27","3","0","0","","N","","",""
"2026-08-13","DWG51144","X002G1OJ65","B0CTQJWP2F","2 Pieces Facial Hair Remover Spring Eyebrow Face Epilator Threading Tool Remove Hair from Upper Lip, Chin, Cheeks and Neck for Women Girls or Men (Black, Rose Red)","New","58","0","0","62","0","0","0","0","0","GBP","2","8","18","43","Low traffic","4.09","0.0","4.09","0.0","NoRestockExcessActionRequired","7","0.0","0","0","57.91","1.35","0.006864","cubic feet","Standard","0.398112","UK","gl_beauty","96572","119","0","29","17","4.09","6.82","27.44","63.14","152.39","30","32","0","0","0","0.27","0","0","0","0","4","0","","","","","","","","","","","","","231.3","0","","2026-08-09","231.3","59.3","2026-08-10","58","4","0","0","125","N","","",""
"2026-08-13","DWG2602080","X002IEPYWX","B0GMC5854B","Antique Vintage Lock Clasp Right Latch Hook Hasp 45mmx39mm Swing Arm Catch Bronze Tone","New","27","0","0","27","0","0","0","0","0","GBP","2","10","15","20","Low traffic","4.59","0.0","4.59","0.0","NoRestockExcessActionRequired","27","0.0","0","0","0.0","1.45","0.003531","cubic feet","Standard","0.095337","UK","gl_home_improvement","82477","80","0","10","17","4.59","7.64","38.2","57.55","77.9","23","4","0","0","0","0.06","0","0","0","0","0","0","","","","","","","","","","","","","96.1","11","2026-08-31","2026-08-09","96.1","62.9","2026-08-10","27","0","0","0","80","N","","",""
"2026-08-13","DWG2602054","X002IFEHCP","B0GMGHC79C","10 Pcs Anti-Theft Zipper Lock Clips - Detachable Double-Sided S-Hooks Connectors for Backpacks, Traveling and Camping","New","25","0","0","25","0","0","0","0","0","GBP","0","1","8","11","Low traffic","4.49","0.0","4.49","0.0","NoRestockExcessActionRequired","25","0.0","0","0","0.0","0.62","0.003531","cubic feet","Standard","0.088275","UK","gl_home_improvement","687263","196","0","100","29","4.49","0.0","3.91","31.53","45.51","0","18","7","0","0","0.06","0","0","0","0","0","0","","","","","","","","","","","","","252.3","0","","2026-08-09","252.3","118.3","2026-08-10","25","0","0","0","196","N","","",""
"2026-08-13","DWG2602002","X002IB8FW7","B0GLFGC3GY","2 PCS Eyeliner Sharpener,Black Compact Dual Cosmetic Pencil Sharpener,2 Holes Makeup,Compact & Easy to Clean,Cosmetic Makeup Tool,for Various Sizes of Eyebrow Pencil,Eyeliner,Lip Liner.","New","20","0","0","20","0","0","0","0","0","GBP","1","4","9","14","Low traffic","3.66","0.0","3.66","0.0","NoRestockExcessActionRequired","0","0.0","0","0","32.38","1.51","0.003531","cubic feet","Standard","0.07062","UK","gl_office_product","87433","186","0","20","18","3.66","3.05","12.2","27.45","43.55","20","0","0","0","0","0.05","0","0","0","0","0","0","","","","","","","","","","","","","109.7","0","","2026-08-09","109.7","47.9","2026-08-10","20","0","0","0","186","Y","Holiday Season","2026-08-15","2027-01-09"
"2026-08-13","TB109","X0026A5O3X","B0DN1DDY9Q","S Hooks S Shaped Hooks Heavy Duty S Hooks for Hanging Pots and Pans, Plants, Coffee Cups, Coats, Bags, Towels in Kitchen, Bedroom, Office, Garden, Bathroom, 10 Pcs (Silver White)","New","33","0","0","32","1","0","0","0","0","GBP","0","2","7","15","Low traffic","6.59","0.0","6.59","0.0","NoRestockExcessActionRequired","33","0.0","0","0","0.27","0.71","0.004238","cubic feet","Standard","0.139854","UK","gl_home","271529","198","0","66","28","6.59","0.0","10.98","39.28","84.05","20","0","12","0","0","0.09","0","0","0","0","0","0","","","","","","","","","","","","","251.0","0","","2026-08-09","251.0","113.3","2026-08-10","33","0","0","0","198","N","","",""
"2026-08-13","Y11214","X0026P4FOH","B0DPCDT5L2","Polarized Sunglasses For Men,Sun Glasses,Matrix Sunglasses,Sun Glasses Men","New","47","0","0","55","0","0","0","0","0","GBP","10","35","55","111","Low traffic","9.39","0.0","9.39","0.0","NoRestockExcessActionRequired","47","0.0","0","0","0.0","3.19","0.004573","cubic feet","Footwear","0.214931","UK","gl_shoes","110032","55","0","8","9","9.39","78.2","273.7","430.1","865.94","55","0","0","0","0","0.11","30","0","30","0","4","0","","","","","","","","","","","","","50.9","55","2026-08-31","2026-08-09","50.9","30.1","2026-08-10","77","4","0","0","57","N","","",""
"2026-08-13","Y11198","X0026P2SF5","B0DPBN96GQ","Tungsten Carbide Ring,Black Celtic Dragon Titanium Ring, Blue Carbon Fiber Inlay, Exquisite Jewelry, Suitable for Both Men and Women, Jewelry Gift,tungsten ring men (Size 17mm)","New","8","0","0","11","0","0","0","0","0","GBP","9","22","29","36","","4.89","0.0","4.89","0.0","NoRestockExcessActionRequired","8","0.0","0","0","0.0","1.52","0.002801","cubic feet","Apparel","0.022408","UK","gl_jewelry","96786","74","0","6","13","4.89","36.63","89.54","118.03","147.71","0","11","0","0","0","0.01","30","0","30","0","0","0","","","","","","","","","","","","","66.9","10","2026-08-12","2026-08-09","33.6","66.9","2026-08-10","38","0","0","0","74","N","","",""
"2026-08-13","DWG2602033-1","X002IEINFN","B0GM883S2G","Blue Light Blocking Glasses Lightweight Computer Screen Reading Filter Transparent Square Blue Light Glasses Transparent Frame Clear Lens Women Men Anti Eyestrain Anti UV Unisex","New","42","37","0","33","0","0","0","0","0","GBP","10","55","55","70","Low traffic","5.99","0.0","5.99","0.0","NoRestockExcessActionRequired","","","0","0","","3.25","0.003531","cubic feet","Footwear","0.148302","UK","gl_shoes","50408","113","0","7","19","5.99","49.9","274.45","274.45","349.3","33","0","0","0","0","","61","0","60","1","3","1","","","","","","","","","","","","","19.0","0","","2026-08-09","19.0","15.9","2026-08-10","140","2","1","0","116","N","","",""
"2026-08-13","RPADWG037","X002I063S1","B0GJZQPTCC","Plastic Acrylic Glitter Clipboard, Stardard Letter A6 Size Clipboards Cute Confetti Clip Board for Classroom, Teacher, Women with Gold Clip, for Office, School (Pink, A6/6‘’x4'')","New","20","0","0","20","2","0","0","0","0","GBP","2","8","8","10","Low traffic","4.69","0.0","4.69","0.0","NoRestockExcessActionRequired","0","0.0","0","0","80.02","0.5","0.003531","cubic feet","Standard","0.07062","UK","gl_office_product","126438","77","0","10","26","4.69","7.82","31.28","31.28","39.76","0","20","0","0","0","0.05","0","0","0","0","1","0","","","","","","","","","","","","","171.8","3","2026-08-12","2026-08-09","116.1","171.8","2026-08-10","20","1","0","0","82","N","","",""
"2026-08-13","DWG2602028-1","X002IEISPN","B0GM87BMH9","2 Sets Cruise Lanyard with Card Holder, Detachable Neck Strap with Vertical 2-Sided Waterproof Clear PVC ID Badge Holder Office School for Cruise Ships Cards Keychain Keys, Black/Blue","New","8","0","0","0","8","0","0","0","0","GBP","0","0","1","1","Low traffic","4.59","0.0","4.59","0.0","Advertise listing","0","0.0","0","0","35.48","0.12","0.003531","cubic feet","Standard","0.028248","UK","gl_office_product","489135","366","8","","104","4.59","0.0","0.0","3.82","3.82","0","0","0","0","0","0.02","0","0","0","0","0","0","","","","","","","","","","","","","","0","","","","765.0","2026-08-10","8","0","0","0","366","N","","",""
"2026-08-13","TB111","X0026AB1FD","B0DN1DW8DM","2 rubber sink stoppers, drain stopper outer diameter 4.2 cm x inner diameter 3.7 cm, suitable for kitchen sinks, washbasins, and bathtubs","New","13","0","0","1","13","0","0","0","0","GBP","1","5","11","29","Low traffic","3.29","0.0","3.29","0.0","NoRestockExcessActionRequired","13","0.0","0","0","0.0","1.08","0.003531","cubic feet","Standard","0.045903","UK","gl_home","293396","134","0","25","14","3.29","2.74","13.7","29.63","73.49","0","0","1","0","0","0.03","19","0","19","0","1","0","","","","","","","","","","","","","92.2","0","","2026-08-09","92.2","83.8","2026-08-10","32","1","0","0","139","N","","",""
"2026-08-13","DWG2602015","X002IBEGXJ","B0GLGSYHL6","Round Hair Brush Blow Dry Hair Brush Radial Hairbrush for Creating and Smoothing Curly or Wavy Professional Styling Tool for Women, Men, Kids - All Types","New","10","0","0","11","0","0","0","0","0","GBP","1","5","8","15","Low traffic","5.59","0.0","5.59","0.0","NoRestockExcessActionRequired","","","0","0","","1.49","0.003531","cubic feet","Standard","0.03531","UK","gl_beauty","176129","51","0","8","8","5.59","4.66","23.3","38.01","74.52","10","0","1","0","0","","0","0","0","0","1","0","","","","","","","","","","","","","70.2","7","2026-08-15","2026-08-09","70.2","45.3","2026-08-10","10","0","1","0","56","N","","",""
"2026-08-13","DWG511113","X002G1BVA7","B0G18YQZK2","Oval Sunglasses for Women, Retro, Cat Eye, 90s, Y2K, Trendy Thin Sunglasses, UV Protection for Women, Black Frame + Black Lens","New","17","0","0","21","0","0","0","0","0","GBP","17","35","50","60","Low traffic","5.49","0.0","5.49","0.0","CreateShippingPlan","18","0.0","0","0","0.0","2.27","0.003531","cubic feet","Footwear","0.060027","UK","gl_shoes","75549","11","0","1","3","5.49","77.69","159.95","231.05","280.15","1","20","0","0","0","0.03","0","0","0","0","1","1","","","","","","","","","","","","","45.6","96","2026-08-12","2026-08-09","45.2","45.6","2026-08-10","17","1","0","0","12","N","","",""
"2026-08-13","DWG2602066","X002IFMVBT","B0GMHHZ82K","5 Pairs Shoe Sole Anti Slip Grips, Shoe Bottom and Heel Anti Slip Grip Pads, Non Skid Self Adhesive Rubber Pads for Bottom Noise Reduction, Sole Protector for Men and Women","New","34","0","0","30","4","0","0","0","0","GBP","0","0","2","3","Low traffic","4.3","0.0","4.3","0.0","Advertise listing","0","0.0","0","0","114.94","0.23","0.003531","cubic feet","Standard","0.120054","UK","gl_drugstore","284760","366","34","","147","4.3","0.0","0.0","7.5","11.92","20","0","10","0","0","0.08","0","0","0","0","0","0","","","","","","","","","","","","","","0","","","","356.8","2026-08-10","34","0","0","0","366","Y","Holiday Season","2026-10-24","2027-01-01"
"2026-08-13","DWG51141-1","X002KB2GLB","B0GXB51BL1","Polarized Night Driving Glasses 2 Pack Night Day Vision Driving Wrap Around Anti Glare Sunglasses, Retro Wrap Around Glasses, Fashion Oversized Night Vision Glasses for Women Men","New","14","0","0","14","0","0","0","0","0","GBP","0","1","1","1","Low traffic","6.99","0.0","6.99","0.0","Advertise listing","","","0","0","","0.1","0.003531","cubic feet","Footwear","0.049434","UK","gl_shoes","877336","366","0","56","182","6.99","0.0","5.82","5.82","5.82","14","0","0","0","0","","0","0","0","0","0","0","","","","","","","","","","","","","405.0","0","","2026-08-09","405.0","405.0","2026-08-10","14","0","0","0","366","N","","",""
"2026-08-13","DWG511210","X002G1XN2L","B0D8T77FJ9","2PCS Motorcycle Exhaust Pipe Connecting Piece Motorbike Exhaust Pipe Stainless Steel Bracket Z Shape Connecting Piece Muffler Mounting Clamp, Silver","New","46","0","0","47","0","0","0","0","0","GBP","3","17","28","43","Low traffic","5.89","0.0","5.89","0.0","NoRestockExcessActionRequired","9","0.0","0","0","77.77","1.58","0.001413","cubic feet","Standard","0.064998","UK","gl_automotive","48955","299","0","17","22","5.89","14.73","83.47","137.48","211.13","40","7","0","0","0","0.04","30","0","30","0","0","0","","","","","","","","","","","","","78.1","0","","2026-08-09","78.1","55.6","2026-08-10","76","0","0","0","299","N","","",""
"2026-08-13","DWG511181","X002G1ZKSV","B0G1BXCWQF","36pcs/lot C Contour Double Side Tape For Wigs And Toupees Hair Tape","New","10","0","0","12","0","0","0","0","0","GBP","0","5","13","17","Low traffic","5.09","0.0","5.09","0.0","NoRestockExcessActionRequired","1","0.0","0","0","14.29","1.43","0.003531","cubic feet","Standard","0.03531","UK","gl_beauty","222849","186","0","24","22","5.22","0.0","21.2","55.12","72.92","0","10","2","0","0","0.02","20","0","20","0","1","0","","","","","","","","","","","","","65.2","0","","2026-08-09","58.4","65.2","2026-08-10","30","1","0","0","193","N","","",""
"2026-08-13","DWG51131-1","X002K9HFGT","B0GX67KGKQ","2 Pack Velvet Bowtie Cat Collars with Bell, Adjustable Breakaway Safety Collars for Cats Kittens Small Puppies, Red & Black Pet Collars for Daily Wear Weddings","New","22","2","0","24","0","0","0","0","0","GBP","0","1","6","6","Low traffic","5.39","0.0","5.39","0.0","NoRestockExcessActionRequired","0","0.0","0","0","49.46","0.6","0.003531","cubic feet","Standard","0.077682","UK","gl_pet_products","125445","366","0","88","47","5.39","0.0","4.49","26.94","26.94","20","4","0","0","0","0.06","0","0","0","0","0","0","","","","","","","","","","","","","78.7","0","","2026-08-09","48.3","78.7","2026-08-10","24","0","0","0","366","N","","",""
"2026-08-13","DWG51020","X002FOIVC1","B0FXM9T12L","Beach Bikini Belly Chain Pearl Tassel Layered Waist Chain Small Beads Body Chain Summer Sexy Jewelry for Women and Girls Gifts(Silver)","New","20","0","0","21","0","0","0","0","0","GBP","3","16","28","37","Low traffic","4.19","0.0","4.19","0.0","NoRestockExcessActionRequired","0","0.0","0","0","66.79","2.0","0.003531","cubic feet","Apparel","0.07062","UK","gl_jewelry","165173","182","0","17","24","4.19","10.47","55.84","98.22","131.88","21","0","0","0","0","0.05","50","0","50","0","1","0","","","","","","","","","","","","","52.8","0","","2026-08-09","46.8","52.8","2026-08-10","70","1","0","0","186","N","","",""
"2026-08-13","DWG51184","X002G1P4LJ","B0D8SPFPXG","TRHDFW Suitable for Fox New Fiesta Wave Box Gear Pull Cable Hanging Shift Shift Cable Shift Cable Rubber Sleeve","New","10","0","0","11","0","0","0","0","0","GBP","6","14","41","49","Low traffic","3.69","0.0","3.69","0.0","NoRestockExcessActionRequired","10","0.0","0","0","0.0","5.88","0.00351","cubic feet","Standard","0.0351","UK","gl_home_improvement","36430","168","0","17","15","3.69","18.42","42.98","125.87","150.27","11","0","0","0","0","0.02","50","0","50","0","0","0","","","","","","","","","","","","","15.4","0","","2026-08-09","15.4","11.2","2026-08-10","60","0","0","0","168","N","","",""
"2026-08-13","TB071","X00269NER7","B0DMZ7ZYC2","Swivel Snap Hooks, Heavy Duty Dog Lead Clip Clasp 360° Swivel Joints Trigger Clips Heavy Duty Trigger Clips, Zinc Alloy Lobster Claw Clasps for Dog Leashes Camping Keyring (3 Pcs)","New","50","0","0","30","20","0","0","0","0","GBP","1","4","9","13","Low traffic","5.49","0.0","5.49","0.0","NoRestockExcessActionRequired","6","0.0","0","0","2.92","0.38","7.89E-4","cubic feet","Standard","0.03945","UK","gl_pet_products","172620","266","44","50","50","5.49","4.57","18.28","41.98","62.26","30","0","0","0","0","0.03","0","0","0","0","0","0","","","","","","","","","","","","","252.2","0","","2026-08-09","252.2","236.2","2026-08-10","50","0","0","0","266","N","","",""
"2026-08-13","TB077","X0026BAYTL","B0DN5RY4ZC","100 Pieces Clear Small Cable Clips, Self Adhesive Wire Management Holder, Mini Hooks Cable Organizer for Car Office Home, Outdoor Fairy Light Decoration Clips","New","26","0","0","0","0","26","0","0","0","GBP","1","2","4","9","Low traffic","5.59","0.0","5.59","0.0","NoRestockExcessActionRequired","0","5.29","38","0","161.72","0.3","0.019776","cubic feet","Standard","0.514176","UK","gl_biss","183457","139","26","52","37","5.59","4.66","9.32","18.14","40.19","0","0","0","26","0","0.36","0","0","0","0","0","0","","","","","","","","","","","","","818.0","0","","2026-08-09","818.0","336.4","2026-08-10","26","0","0","0","139","N","","",""
"2026-08-13","DWG51186","X002G1TCLR","B0D8PRP35Y","TRHDFW 4 Pcs Foam Sponge Bike Handlebar Covers Bicycle Nonslip Handlebar Hand Grips Covers Bike Handle Bar Accessories for Bikes","New","20","0","0","20","0","0","0","0","0","GBP","0","2","6","14","Low traffic","6.19","0.0","6.19","0.0","NoRestockExcessActionRequired","0","0.0","0","0","118.19","0.93","0.040788","cubic feet","Standard","0.81576","UK","gl_outdoors","132376","197","0","40","18","6.19","0.0","10.32","32.96","79.52","0","20","0","0","0","0.54","0","0","0","0","0","0","","","","","","","","","","","","","324.5","0","","2026-08-09","324.5","98.5","2026-08-10","20","0","0","0","197","N","","",""
"2026-08-13","DWG511220","X002G1QRAB","B0D8STCL43","2PCS Cufflinks for Men Silver Stainless Steel Classic Men's Cufflinks Striped Cuff Links for Suit Shirt Wedding Business Graduation Gift","New","8","0","0","9","0","0","0","0","0","GBP","2","11","37","69","Low traffic","5.39","0.0","5.39","0.0","CreateShippingPlan","8","0.0","0","0","0.0","5.38","0.005423","cubic feet","Apparel","0.043384","UK","gl_jewelry","141009","18","0","2","1","5.39","8.98","49.39","163.07","291.76","9","0","0","0","0","0.02","0","0","0","0","0","0","","","","","","","","","","","","","27.1","33","2026-08-12","2026-08-09","27.1","10.9","2026-08-10","8","0","0","0","18","N","","",""
"2026-08-13","TB227","X0026A93W1","B0DN16HYYC","Egg Topper Stainless Steel Shell Opener Cutter Handheld Egg Cracker Tool Eggs Separator Cracker for Raw or Soft Hard Boiled Egg Kitchen Gadgets,Egg Opener,Egg Cutter","New","12","0","0","12","0","0","0","0","0","GBP","0","2","2","2","Low traffic","6.09","0.0","6.09","0.0","NoRestockExcessActionRequired","0","0.0","0","0","47.37","0.67","0.007935","cubic feet","Standard","0.09522","UK","gl_kitchen","645001","366","0","24","78","6.09","0.0","10.14","10.14","10.14","12","0","0","0","0","1.27","0","0","0","0","0","0","","","","","","","","","","","","","71.5","0","","2026-08-09","71.5","71.5","2026-08-10","12","0","0","0","366","N","","",""
"2026-08-13","DWG2602073","X002IFQWTV","B0GMH2YNXB","10 x Vape Lanyard Rings - Silicone Bands in Black - 13mm to Attach Vape Pen to Necklace","New","9","0","0","9","0","0","0","0","0","GBP","3","8","14","16","Low traffic","5.19","0.0","5.19","0.0","NoRestockExcessActionRequired","0","5.08","33","0","47.91","2.37","0.003531","cubic feet","Standard","0.031779","UK","gl_office_product","","120","0","14","23","5.19","12.96","34.56","60.48","69.29","9","0","0","0","0","0.02","20","0","20","0","0","0","","","","","","","","","","","","","38.1","0","","2026-08-09","22.4","38.1","2026-08-10","29","0","0","0","120","N","","",""
"2026-08-13","RPADWG070","X002HYN6P1","B0GJMQRG7D","Panda Keyring Key Ring with Enamel Charm and Silver Tone Keychain","New","8","0","0","13","0","0","0","0","0","GBP","9","40","56","68","Low traffic","3.69","0.0","3.69","0.0","NoRestockExcessActionRequired","0","0.0","0","0","19.73","4.64","0.003531","cubic feet","Apparel","0.028248","UK","gl_apparel","132909","104","0","7","14","3.69","27.63","118.64","166.2","204.12","13","0","0","0","0","0.02","69","0","69","0","2","0","","","","","","","","","","","","","21.9","0","","2026-08-09","13.1","21.9","2026-08-10","77","1","1","0","107","N","","",""
"2026-08-13","DWG511211","X002G1VOQN","B0D8PZ5BYG","TRHDFW Gothic leather leash Dog leash Dog leash Pet leash can be twisted to prevent loss of strong white chain rope","New","29","0","0","30","0","0","0","0","0","GBP","0","8","18","30","Low traffic","4.79","0.0","4.79","0.0","NoRestockExcessActionRequired","17","0.0","0","0","3.59","1.45","0.007575","cubic feet","Standard","0.219675","UK","gl_pet_products","87490","282","0","34","29","4.79","0.0","31.92","73.52","123.44","0","30","0","0","0","0.14","40","0","40","0","1","0","","","","","","","","","","","","","128.5","0","","2026-08-09","128.5","61.0","2026-08-10","69","1","0","0","286","N","","",""
"2026-08-13","DWG51019","X002FNUTFJ","B0FXM8MH7J","Electric Guitar Cufflinks For Mens - Silver Stainless Steel For Mens Shirt, Wedding Gift","New","16","0","0","19","0","0","0","0","0","GBP","7","10","25","33","Low traffic","4.99","0.0","4.99","0.0","NoRestockExcessActionRequired","16","0.0","0","0","0.0","1.91","0.003531","cubic feet","Apparel","0.056496","UK","gl_jewelry","244501","141","0","18","18","4.99","29.12","41.92","106.72","141.28","19","0","0","0","0","0.04","30","0","30","0","2","0","","","","","","","","","","","","","81.9","0","","2026-08-09","81.9","51.8","2026-08-10","46","2","0","0","148","N","","",""
"2026-08-13","DWG511242","X002G22OCZ","B0D8NNKFHP","TRHDFW Set of 3 Men's Tie Clip and Cufflinks Set Business Shirts Necktie Clip Tie Bar Clips for Wedding Party Business Meeting Father’s Day Valentine’s Day","New","23","0","0","1","0","24","0","0","0","GBP","0","1","3","3","Low traffic","6.09","0.0","6.09","0.0","Advertise listing","0","0.0","0","0","121.73","0.12","0.003178","cubic feet","Apparel","0.073094","UK","gl_jewelry","1204273","366","23","92","99","6.09","0.0","5.07","15.21","15.21","1","0","0","24","0","0.05","0","0","0","0","2","0","","","","","","","","","","","","","790.0","0","","2026-08-09","379.0","790.0","2026-08-10","23","2","0","0","366","N","","",""
"2026-08-13","DWG2602058","X002IFHEFR","B0GMGM9HV6","2 Pieces Aluminium Alloy Bicycle Seat Post Clamp27.2 mm Quick Release Black Collar for MTB RoadBike Folded Bicycle","New","20","0","0","20","1","0","0","0","0","GBP","1","4","6","7","Low traffic","4.58","0.0","4.58","0.0","NoRestockExcessActionRequired","0","0.0","0","0","76.81","0.46","0.003531","cubic feet","Standard","0.07062","UK","gl_home_improvement","155058","171","20","20","37","4.58","3.82","15.28","23.41","27.89","20","0","0","0","0","0.05","0","0","0","0","1","0","","","","","","","","","","","","","223.7","0","","2026-08-09","223.7","180.0","2026-08-10","20","1","0","0","180","N","","",""
"2026-08-13","DWG511247","X002G22FFV","B0D8S721H9","TRHDFW Wooden Baking Cooking Basting Brush Heat Resistant Pastry BBQ Marinade Brushes Cakes Meat Desserts Oil Sauce Butter Kitchen Tool(Flat Handle)","New","1","0","0","1","0","0","0","0","0","GBP","1","4","9","9","Low traffic","5.49","0.0","5.49","0.0","CreateShippingPlan","0","0.0","0","0","5.53","6.0","0.004026","cubic feet","Standard","0.004026","UK","gl_kitchen","99090","11","0","1","1","5.49","4.57","18.29","40.34","40.34","0","1","0","0","0","0.0","0","0","0","0","0","0","","","","","","","","","","","","","29.0","9","2026-08-06","2026-08-09","16.9","29.0","2026-08-10","1","0","0","0","11","N","","",""
"2026-08-13","DWG51033","X002FP3TEP","B0FXRR35B9","Universal Baby 5 Point Harness Belt, Baby highchair Harness Adjustable Stroller Seat Harness for Children High Chair Safety Belts Baby Strap Restraint Belt Cross Straps for Stroller Pushchair Buggy","New","17","0","0","19","0","0","0","0","0","GBP","4","9","26","42","Low traffic","6.49","0.0","6.49","0.0","CreateShippingPlan","17","0.0","0","0","0.0","1.65","0.003531","cubic feet","Standard","0.060027","UK","gl_baby_product","23285","35","0","7","5","6.49","21.64","48.85","146.43","238.27","1","18","0","0","0","0.03","0","0","0","0","1","0","","","","","","","","","","","","","78.2","26","2026-08-12","2026-08-09","78.2","48.4","2026-08-10","17","1","0","0","36","N","","",""
"2026-08-13","DWG2603002","X002J45T4Z","B0GRMLDZML","2 Pcs Hand Vegetable Peeler Palm Peeler Rubber Finger Grips,Silicone Finger Grips Kitchen Gadget,Comfortable to Peel Pumpkin,Carrot,Cucumber,Potato and More","New","32","0","0","33","0","0","0","0","0","GBP","1","4","10","22","Low traffic","6.09","0.0","6.09","0.0","NoRestockExcessActionRequired","32","0.0","0","0","0.0","0.96","0.003531","cubic feet","","0.112992","UK","gl_kitchen","702723","176","0","32","18","6.09","5.07","20.28","51.55","114.43","15","15","3","0","0","0.07","0","0","0","0","1","0","","","","","","","","","","","","","343.7","0","","2026-08-09","343.7","94.4","2026-08-10","32","1","0","0","182","N","","",""
"2026-08-13","DWG2602001","X002IB4WLF","B0GLFDG91D","4 Pcs Small Transparent Storage Box, 6 GridsPortable Plastic Pill Box, Mini Empty Small ItemsJewelry Organizer Bead Containers MedicationDispenser Nail Ornaments for Travel or Daily Use","New","46","0","0","47","0","0","0","0","0","GBP","1","2","9","12","Low traffic","3.69","0.0","3.69","0.0","Advertise listing","0","0.0","0","0","93.06","0.74","0.003531","cubic feet","Standard","0.162426","UK","gl_drugstore","51278","366","0","122","66","3.69","3.07","6.14","27.88","37.84","47","0","0","0","0","0.11","15","0","15","0","1","0","","","","","","","","","","","","","307.0","0","","2026-08-09","307.0","68.5","2026-08-10","61","1","0","0","366","N","","",""
"2026-08-13","DWG51132","X002G1WUED","B0D8PQD6Q6","TRHDFW Chef Apron Sexy Funny Novelty Kitchen Apron Cooking BBQ Grilling Baking Party Muscle Man Apron For Men Gift，Men and Women","New","26","0","0","27","0","0","0","0","0","GBP","1","18","30","49","Low traffic","4.99","0.0","4.99","0.0","NoRestockExcessActionRequired","15","4.11","7","0","2.8","1.85","0.010849","cubic feet","Apparel","0.282074","UK","gl_apparel","216662","80","0","10","12","4.99","4.16","74.88","123.95","195.01","0","27","0","0","0","0.15","20","0","20","0","0","0","","","","","","","","","","","","","56.7","6","2026-08-19","2026-08-09","56.7","39.5","2026-08-10","46","0","0","0","80","N","","",""
"2026-08-13","DWG511180","X002G2MLGT","B0G1GLHDQK","36pcs/lot CC Contour Double Side Tape For Wigs And Toupees Hair Tape","New","33","0","0","37","0","0","0","0","0","GBP","2","13","20","31","Low traffic","4.99","0.0","4.99","0.0","NoRestockExcessActionRequired","0","0.0","0","0","112.53","0.93","0.003531","cubic feet","Standard","0.116523","UK","gl_biss","128415","288","0","19","26","4.99","8.32","54.08","83.2","128.96","37","0","0","0","0","0.08","30","0","30","0","2","0","","","","","","","","","","","","","84.9","0","","2026-08-09","84.9","77.2","2026-08-10","63","2","0","0","299","N","","",""
"2026-08-13","Y11215","X0026P4JAH","B0DPCCVFS7","Square Oversized Sunglasses for Women Men Fashion Flat Top Big Frame Shades","New","33","8","0","47","0","0","0","0","0","GBP","2","22","41","52","Low traffic","6.49","0.0","6.49","0.0","NoRestockExcessActionRequired","41","0.0","0","0","0.14","1.52","0.007041","cubic feet","Footwear","0.232353","UK","gl_shoes","306437","306","0","13","18","6.49","10.82","119.02","221.81","281.32","30","17","0","0","0","0.14","40","0","40","0","5","0","","","","","","","","","","","","","44.7","0","","2026-08-09","29.8","44.7","2026-08-10","81","5","0","0","319","N","","",""
"2026-08-13","TB244","X00267MSDZ","B0DMSXX7NX","Couple Lover Romantic Valentines Gifts for Him Her You are My Penguin I Found My Penguin Keyring Keychain Boyfriend Girlfriend Husband Wife Birthday Anniversary Wedding Gift","New","28","1","0","20","0","13","0","0","0","GBP","3","5","12","16","Low traffic","3.69","0.0","3.69","0.0","NoRestockExcessActionRequired","10","3.29","9","0","51.13","0.6","7.2E-4","cubic feet","Apparel","0.02016","UK","gl_apparel","143221","148","19","22","22","3.69","9.21","15.35","36.84","48.79","20","0","0","13","0","0.01","0","0","0","0","3","0","","","","","","","","","","","","","135.7","0","","2026-08-09","132.3","135.7","2026-08-10","29","3","0","0","167","N","","",""
"2026-08-13","DWG2603023","X002J4O2L1","B0GRN478XP","Wooden Baking Cooking Basting Brush Heat Resistant Pastry BBQ Marinade Brushes Cakes Meat Desserts Oil Sauce Butter Kitchen Tool(Flat Handle)","New","7","0","0","0","10","0","0","0","0","GBP","1","4","5","6","Low traffic","5.19","0.0","5.19","0.0","NoRestockExcessActionRequired","0","0.0","0","0","16.5","0.38","0.003531","cubic feet","","0.024717","UK","gl_kitchen","176889","147","7","7","15","5.19","4.32","17.28","21.77","26.59","0","0","0","0","0","0.02","0","0","0","0","1","0","","","","","","","","","","","","","240.6","0","","2026-08-09","116.0","240.6","2026-08-10","7","1","0","0","169","N","","",""
"2026-08-13","DWG2603010","X002J4JV0N","B0GRMVR1JR","Eyelash Curler with No Pinching or Pulling Design - Just Beautifully Curled Eyelashes and Longer Looking Lash Line Curl - in Premium Matte Black Look","New","26","0","0","20","6","0","0","0","0","GBP","0","0","2","4","Low traffic","3.99","0.0","3.99","0.0","Advertise listing","0","0.0","0","0","55.21","0.23","0.003531","cubic feet","","0.091806","UK","gl_personal_care_appliances","432215","366","26","","84","3.99","0.0","0.0","7.64","15.96","0","20","0","0","0","0.06","0","0","0","0","0","0","","","","","","","","","","","","","","0","","","","428.5","2026-08-10","26","0","0","0","366","Y","Holiday Season","2026-09-19","2027-01-09"
"2026-08-13","DWG51005","X002FOC2AX","B0FXM13GCQ","12 Pack Plastic Push-in Safety Pins with Safety Lock Closures, Durable Head Fasteners, Stainless Steel, Ideal for, Flat and Prefold Fabric Fastening Applications","New","55","1","0","61","0","0","0","0","0","GBP","0","7","23","35","Low traffic","4.09","0.0","4.09","0.0","NoRestockExcessActionRequired","56","0.0","0","0","0.0","1.33","0.003531","cubic feet","Standard","0.194205","UK","gl_home","33485","175","0","31","20","4.09","0.0","24.19","78.75","119.67","61","0","0","0","0","0.13","0","0","0","0","6","0","","","","","","","","","","","","","79.0","0","","2026-08-09","79.0","45.1","2026-08-10","56","6","0","0","196","N","","",""
"2026-08-13","Y11209","X0026OZ849","B0DPC9GVWQ","Rectangle Trendy Sunglasses for Women Men Trendy Retro Trendy Sun Glasses 90’s Vintage Square Frame，men's eyewear & accessories，sunglasses mens","New","35","6","0","42","0","0","0","0","0","GBP","0","16","33","42","Low traffic","5.79","0.0","5.79","0.0","NoRestockExcessActionRequired","41","0.0","0","0","0.0","1.54","0.005315","cubic feet","Footwear","0.186025","UK","gl_shoes","301104","230","0","16","20","5.79","0.0","77.12","159.06","203.29","42","0","0","0","0","0.12","30","0","30","0","3","0","","","","","","","","","","","","","35.1","0","","2026-08-09","34.2","35.1","2026-08-10","71","3","0","0","243","N","","",""
"2026-08-13","DWG2602019","X002IDEWY5","B0GLWWLB2Y","4pcs Yarn Guide Ring Crochet Knitting Tool, 4 Colors Finger Holder Crochet Ring Plastic Guide Tension Rings with Adjustable Open Yarn Separated Supplies for Crocheting DIY Crafts Stuff Accessorie","New","31","0","0","31","0","0","0","0","0","GBP","4","6","11","14","Low traffic","3.69","0.0","3.69","0.0","NoRestockExcessActionRequired","","","0","0","","1.12","0.035315","cubic feet","Standard","1.094765","UK","gl_kitchen","199149","112","0","20","28","3.69","12.28","18.42","34.27","44.23","30","0","1","0","0","","0","0","0","0","0","0","","","","","","","","","","","","","249.5","0","","2026-08-09","249.5","123.4","2026-08-10","31","0","0","0","112","N","","",""
"2026-08-13","DWG511226","X002G1YWQH","B0D8VM538H","2 Screws M6 x 18 mm for Exhaust Scooter 50 cc Bw's MBK Booster Nitro Aerox Mach-G Jog-R Ovetto Malaguti F10 F12 F15 Aprilia SR CPI Manifold Stud Bolts","New","12","0","0","0","0","13","0","0","0","GBP","2","5","7","10","Low traffic","3.04","0.0","3.04","0.0","NoRestockExcessActionRequired","0","0.0","0","0","53.75","0.54","5.3E-4","cubic feet","Standard","0.00636","UK","gl_automotive","20697","244","12","9","15","3.04","5.06","12.65","17.71","25.3","0","0","0","13","0","0.0","0","0","0","0","1","0","13","0.01","0","0.0","0","0.0","0","0.0","0","0.0","0","0.0","215.1","0","","2026-08-09","123.5","215.1","2026-08-10","12","1","0","0","258","N","","",""
"2026-08-13","DWG51116","X002G1MEPN","B0CTSX8D4G","TRHDFW Low Back Bra Converter Straps,3 Pack Women Backless Bra Extension Adjustable Deep V Neck Strap for Lady Girl Backless Dress Wedding Party 1.9CM","New","36","0","0","38","0","0","0","0","0","GBP","0","1","7","19","Low traffic","5.19","0.0","4.79","0.0","NoRestockExcessActionRequired","36","0.0","0","0","0.0","0.84","0.013771","cubic feet","Apparel","0.495756","UK","gl_apparel","303454","366","0","144","24","4.79","0.0","4.32","30.08","80.0","0","31","7","0","0","0.27","0","0","0","0","2","0","","","","","","","","","","","","","576.0","0","","2026-08-09","576.0","98.3","2026-08-10","36","2","0","0","366","N","","",""
"2026-08-13","DWG511130","X002G1XYYN","B0G1BPHSQY","2 PCS Wedding Gifts for Her and Him Ice Cream Spoons, Funny Coffee Spoon Gift Coffee Lover Gifts for Husband Wife Stainless Steel Coffee Spoon Valentines Day Wedding Gifts for Couple Lovers","New","29","0","0","20","10","0","0","0","0","GBP","0","4","5","6","Low traffic","5.39","0.0","5.39","0.0","Advertise listing","0","0.0","0","0","57.56","0.32","0.003531","cubic feet","Standard","0.102399","UK","gl_kitchen","633352","366","29","29","62","5.39","0.0","17.96","22.7","27.61","20","0","0","0","0","0.07","0","0","0","0","0","0","","","","","","","","","","","","","262.2","0","","2026-08-09","172.0","262.2","2026-08-10","29","0","0","0","366","N","","",""
"2026-08-13","DWG2602105","X002IDL7AR","B0GLXJXDHM","Birthday Mother's Day Gifts for Grandmother Grandma Gifts from Grandson Granddaughter Good Morning Grandma Spoon for Nana Nanny Coffee Tea Spoons Engraved","New","10","0","0","0","10","0","0","0","0","GBP","","","","","Low traffic","4.29","0.0","4.29","0.0","Advertise listing","0","0.0","0","0","23.86","0.0","0.003531","cubic feet","Standard","0.03531","UK","gl_kitchen","","","10","","","4.29","","","","","0","0","0","0","0","0.02","0","0","0","0","0","0","","","","","","","","","","","","","","0","","","","","2026-08-10","10","0","0","0","","N","","",""
"2026-08-13","RPADWG021","X002HYHP1H","B0GJKXDR8J","3mm Mini Single Hole Punch, Ergonomic Heavy Duty Metal Hole Puncher, Precision Punch for Paper, Cardstock & Thin Metal, Ideal for Crafts, Scrapbooking, Card Making & Office Organization","New","8","0","0","8","0","0","0","0","0","GBP","1","2","6","8","Low traffic","4.29","0.0","4.29","0.0","NoRestockExcessActionRequired","0","0.0","0","0","30.11","1.14","0.003531","cubic feet","Standard","0.028248","UK","gl_biss","168537","250","0","56","45","4.29","3.57","7.14","21.42","28.56","8","0","0","0","0","0.02","20","0","20","0","0","0","","","","","","","","","","","","","134.5","0","","2026-08-09","134.5","63.6","2026-08-10","28","0","0","0","250","N","","",""
"2026-08-13","RPADWG023","X002I0KPZN","B0GJZ1ZX5P","DC 12V Inline Rocker On/Off Switch with 5.5 x 2.1mm DC Jack Male to Female Power Cable for LED Strip Light CCTV Camera Black","New","67","0","0","66","0","0","0","0","0","GBP","3","10","29","56","Low traffic","5.49","0.0","5.49","0.0","NoRestockExcessActionRequired","12","0.0","0","0","5.24","1.53","0.003531","cubic feet","Standard","0.236577","UK","gl_biss","162038","184","0","26","15","5.49","13.71","46.89","136.95","260.34","32","34","0","0","0","0.15","0","0","0","0","0","0","","","","","","","","","","","","","146.8","0","","2026-08-09","146.8","53.2","2026-08-10","67","0","0","0","184","N","","",""
"2026-08-13","TB194","X00267QWT1","B0DMSNQBTC","2Pcs Women Fashion Three Rings Scarf Ring Scarf Buckle Silk Scarf Clasp Clips Clothing Wrap Holder,scarf ring,silk scarf clip,three ring scarf,scarf buckle for women,scarf rings(Silver+Golden)","New","29","0","0","30","1","0","0","0","0","GBP","3","4","5","8","Low traffic","5.19","0.0","5.19","0.0","NoRestockExcessActionRequired","0","0.0","0","0","78.28","0.35","0.004833","cubic feet","Apparel","0.140157","UK","gl_jewelry","313929","366","29","29","47","5.19","12.96","17.28","21.77","37.15","30","0","0","0","0","0.1","0","0","0","0","1","0","","","","","","","","","","","","","477.0","0","","2026-08-09","477.0","224.2","2026-08-10","29","1","0","0","366","N","","",""
"2026-08-13","Y1178","X0026MYQUN","B0DP6634GS","Generic 152 cm Adjustable Lockable Steel Divider Wing Leather Compass","New","39","9","0","51","0","0","0","0","0","GBP","4","8","27","40","Low traffic","6.29","0.0","6.29","0.0","NoRestockExcessActionRequired","48","0.0","0","0","0.0","1.7","0.002649","cubic feet","Standard","0.103311","UK","gl_office_product","68203","109","0","19","12","6.29","20.96","42.09","144.88","215.21","31","20","0","0","0","0.09","0","0","0","0","1","0","","","","","","","","","","","","","101.0","0","","2026-08-09","101.0","41.6","2026-08-10","48","1","0","0","111","N","","",""
"2026-08-13","DWG2602071","X002IFPCNX","B0GMHN322M","4 PCS Toilet Seat Hinges, 60mm Hinge Fixings, Quick Release Toilet Seat Fixings, Stainless Steel Hinge Cover, Universal Toilets Hinges Cover","New","23","0","0","25","0","0","0","0","0","GBP","5","10","24","26","Low traffic","5.03","0.0","5.03","0.0","NoRestockExcessActionRequired","24","0.0","0","0","0.0","2.18","0.003531","cubic feet","Standard","0.081213","UK","gl_home_improvement","144841","75","0","12","15","5.03","20.95","41.56","97.84","106.22","25","0","0","0","0","0.05","7","0","7","0","1","0","","","","","","","","","","","","","65.3","13","2026-09-07","2026-08-09","65.3","33.6","2026-08-10","30","1","0","0","77","N","","",""
"2026-08-13","DWG2602091","X002IDSKXT","B0GLYVDCCW","Dandruff Comb, Hollow Tooth Button Comb, Detoxing Energy Massage Combs, Scalp Psoriasis Combs Dandruff Removal Lice Multifunctional Hairbrush","New","27","0","0","28","0","0","0","0","0","GBP","2","2","10","12","Low traffic","4.28","0.0","4.28","0.0","NoRestockExcessActionRequired","","","0","0","","1.33","0.003531","cubic feet","Standard","0.095337","UK","gl_beauty","128917","159","0","54","29","4.28","7.14","7.14","36.98","45.12","28","0","0","0","0","","0","0","0","0","1","0","","","","","","","","","","","","","177.0","0","","2026-08-09","177.0","47.2","2026-08-10","27","1","0","0","164","N","","",""
"2026-08-13","Y11211","X0026OY2A5","B0DPCBSKW5","Wrap Around Sports Sunglasses For Women Men Vintage y2k Oval Frame Eyewear Outdoor Shooting,sunglasses y2k","New","51","0","0","53","0","0","0","0","0","GBP","3","23","39","64","Low traffic","7.99","0.0","7.99","0.0","NoRestockExcessActionRequired","51","0.0","0","0","0.0","1.38","0.012385","cubic feet","Footwear","0.631635","UK","gl_shoes","212160","101","0","14","16","7.99","19.98","153.18","259.74","424.17","32","21","0","0","0","0.31","30","0","30","0","2","0","","","","","","","","","","","","","85.2","0","","2026-08-09","85.2","62.9","2026-08-10","81","2","0","0","104","N","","",""
"2026-08-13","DWG2603015","X002J4PMLP","B0GRMYXWT6","M6 Serrated Flange Nuts Marine Grade in A4 Stainless Steel 304 - Corrosion Resistant Fasteners (Pack of 20)","New","11","0","0","0","11","0","0","0","0","GBP","1","3","4","4","Low traffic","4.39","0.0","4.39","0.0","NoRestockExcessActionRequired","0","0.0","0","0","26.05","0.29","0.003531","cubic feet","","0.038841","UK","gl_biss","226796","248","11","14","35","4.39","3.66","10.98","14.64","14.64","0","0","0","0","0","0.03","0","0","0","0","0","0","","","","","","","","","","","","","319.5","0","","2026-08-09","129.0","319.5","2026-08-10","11","0","0","0","248","N","","",""
"2026-08-13","DWG511152","X002G2NH1H","B0G1H94WN5","Adjustable Anti Bark Muzzle for Small Dogs - Breathable Mesh Soft Muzzle for Chihuahua (Red, XS)","New","26","0","0","29","0","0","0","0","0","GBP","12","41","73","89","Low traffic","5.49","0.0","5.49","0.0","NoRestockExcessActionRequired","24","0.0","0","0","0.0","6.77","0.003531","cubic feet","Standard","0.091806","UK","gl_pet_products","28887","43","0","6","9","5.49","54.84","186.73","325.13","390.25","29","0","0","0","0","0.06","40","0","40","0","3","1","","","","","","","","","","","","","20.4","63","2026-08-11","2026-08-09","20.4","16.5","2026-08-10","66","3","0","0","46","N","","",""
"2026-08-13","DWG511139","X002G2Q5D9","B0G1H1JW7Q","2 Pieces Of Hand And Nail Cleaning Brushes, Plastic Nail Brush (Blue)","New","38","0","0","39","0","0","0","0","0","GBP","3","14","25","39","Low traffic","5.79","0.0","5.79","0.0","NoRestockExcessActionRequired","3","0.0","0","0","69.44","1.38","0.003531","cubic feet","Standard","0.134178","UK","gl_beauty","112945","95","0","10","12","5.79","14.46","67.48","120.5","187.98","21","18","0","0","0","0.09","0","0","0","0","1","0","","","","","","","","","","","","","95.4","3","2026-08-23","2026-08-09","95.4","60.7","2026-08-10","38","1","0","0","97","N","","",""
"2026-08-13","DWG2602013","X002IBBJ5H","B0GLGGYMHB","Windscreen Washer Nozzles Compatible with Hyundai Tucson i20 i30 i40 ix35 Kona Santa Fe 2007-2023, Kia Sportage NIRO Soul Sorento – Screen wash Wiper Spray Jets 986302K100 986303J000, 2-Pack","New","35","0","0","39","0","0","0","0","0","GBP","7","20","26","46","Low traffic","7.38","0.0","7.38","0.0","NoRestockExcessActionRequired","","","0","0","","1.98","0.003531","cubic feet","Standard","0.123585","UK","gl_home_improvement","13222","47","0","7","9","7.38","43.05","123.0","158.88","278.48","39","0","0","0","0","","0","0","0","0","4","1","","","","","","","","","","","","","80.5","30","2026-08-16","2026-08-09","80.5","35.4","2026-08-10","35","4","0","0","52","N","","",""
"2026-08-13","DWG511199","X002G1PM7F","B0D5Y3F3MG","3-piece set long dropper Aquarium syringe Aquarium dropper pipette Coral Feeder Aquarium liquid pipette for Marine fish and coral reef aquariums","","0","0","0","0","0","1","0","0","0","GBP","0","0","2","3","","0.0","0.0","0.0","0.0","CreateShippingPlan","","","0","0","","0.36","0.053365","cubic feet","Standard","0.0","UK","gl_pet_products","","0","0","","0","6.09","0.0","0.0","10.14","15.38","0","0","0","1","0","","0","0","0","0","0","0","","","","","","","","","","","","","","0","","","","255.3","2026-08-10","0","0","0","0","0","N","","",""
"2026-08-13","DWG511178","X002G2L2NH","B0G1GLH3JP","2 Pcs Faux Suede Leather Cord, 5.5 Yards 2.6mm Flat Thin Leather Laces Strips, Craft Braiding String for Bracelet Jewelry Making Handbag Shoelace DIY Crafts, Pink","New","16","0","0","17","0","0","0","0","0","GBP","3","6","9","13","Low traffic","3.91","0.0","3.91","0.0","NoRestockExcessActionRequired","1","0.0","0","0","3.14","0.74","0.003531","cubic feet","Standard","0.056496","UK","gl_home","293539","75","0","10","16","3.91","9.78","19.56","29.34","42.38","0","17","0","0","0","0.04","0","0","0","0","0","0","","","","","","","","","","","","","140.8","3","2026-08-12","2026-08-09","140.8","128.7","2026-08-10","16","0","0","0","75","N","","",""
"2026-08-13","Y11245","X0026ODDPF","B0DP9PWBBT","Couple Masquerade Masks Set Venetian Party Mask Plastic Halloween Costume Mask Mardi Gras Mask for Women and Men,venetian masks","New","36","0","0","20","17","0","0","0","0","GBP","1","6","9","16","Low traffic","5.19","0.0","5.19","0.0","NoRestockExcessActionRequired","23","0.0","0","0","28.63","0.53","0.066109","cubic feet","Standard","2.379924","UK","gl_toy","144715","85","0","24","29","5.19","4.32","25.92","38.88","69.29","20","0","0","0","0","1.58","0","0","0","0","0","0","","","","","","","","","","","","","161.5","0","","2026-08-09","151.5","161.5","2026-08-10","36","0","0","0","85","Y","Holiday Season","2026-10-31","2027-01-23"
"2026-08-13","DWG51133","X002G1T1GD","B0D17SNDN1","TRHDFW 2 Pcs Onigiri Mould, Sushi Onigiri Mold with Spatula, Sushi Press Mold Triangle Shaped Onigiri Mold Sushi Making Kit, Sushi Gadgets Riceball Molder","New","52","0","0","53","0","0","0","0","0","GBP","14","29","45","55","Low traffic","5.29","0.0","5.29","0.0","NoRestockExcessActionRequired","1","0.0","0","0","98.14","2.31","9.89E-4","cubic feet","Standard","0.051428","UK","gl_kitchen","83785","100","0","11","19","5.29","61.74","127.89","198.45","242.55","53","0","0","0","0","0.04","30","0","30","0","0","0","","","","","","","","","","","","","38.0","0","","2026-08-09","38.0","35.5","2026-08-10","82","0","0","0","100","N","","",""
"2026-08-13","Y11141-1","X0026OIONB","B0DP9T7W39","Big Capacity Pencil Case Large Pencil Pen Pouch Bag High Storage Case Middle School College Office Organizer for Student Teens Girls Adults","New","2","0","0","3","0","0","0","0","0","GBP","4","15","19","28","Low traffic","5.29","0.0","5.29","0.0","CreateShippingPlan","2","0.0","0","0","0.0","3.39","0.008476","cubic feet","Standard","0.016952","UK","gl_luggage","48928","3","0","0","0","5.29","17.64","66.15","83.79","123.48","0","3","0","0","0","0.0","0","0","0","0","0","0","","","","","","","","","","","","","41.8","40","2026-08-12","2026-08-09","36.9","41.8","2026-08-10","2","0","0","0","3","N","","",""
"2026-08-13","TB052","X0026B38UX","B0DN519Q8G","Vintage Rectangle Sunglasses for Women Trendy Square Sunglasses Fashion Retro Glasses with UV400 Protection for Ladies Teen Girls Men","New","37","45","0","35","0","0","0","0","0","GBP","2","30","45","61","Low traffic","5.39","0.0","5.39","0.0","NoRestockExcessActionRequired","43","0.0","0","0","18.54","2.53","0.002034","cubic feet","Footwear","0.075258","UK","gl_shoes","126243","366","0","8","14","5.39","8.98","134.7","202.05","273.89","35","0","0","0","0","0.09","29","0","29","0","1","0","","","","","","","","","","","","","31.8","0","","2026-08-09","30.6","31.8","2026-08-10","111","1","0","0","366","N","","",""
"2026-08-13","DWG511209","X002G1XXAD","B0D62VDRY1","Safety Corner Protectors Guards, 8Pcs Baby Proofing Safety Corner Clear Furniture Table Corner Protection, Kids Soft Table Corner Protectors for Child for Furniture Against Sharp Corners","New","88","0","0","96","0","0","0","0","0","GBP","4","14","26","81","Low traffic","4.49","0.0","4.49","0.0","NoRestockExcessActionRequired","7","0.0","0","0","182.28","1.43","0.011165","cubic feet","Standard","0.98252","UK","gl_home","14101","231","0","25","14","4.49","14.96","52.36","97.74","303.84","72","24","0","0","0","0.05","0","0","0","0","8","0","","","","","","","","","","","","","146.5","0","","2026-08-09","146.5","49.7","2026-08-10","88","8","0","0","250","N","","",""
"2026-08-13","DWG511119","X002G1Y4PB","B0G1BPQVF2","2 Pack Silver Heart Shaped Blind Spot Mirrors, Adjustable Angle Wide Angle Convex Rear View Car Side Mirrors, Universal Stick-On Safety Accessories for Cars SUVs Trucks","New","11","0","0","0","0","11","0","0","0","GBP","1","1","7","7","Low traffic","4.39","0.0","4.39","0.0","Advertise listing","0","0.0","0","0","50.35","0.46","0.003531","cubic feet","Standard","0.038841","UK","gl_automotive","123187","366","41","164","76","4.39","3.66","3.66","25.62","25.62","0","0","0","11","0","0.03","30","0","30","0","0","0","11","0.0","0","0.0","0","0.0","0","0.0","0","0.0","0","0.0","203.3","0","","2026-08-09","125.7","203.3","2026-08-10","41","0","0","0","366","N","","",""
"2026-08-13","DWG511234","X002G1VMVP","B0D8VMGFLL","Crystal Bride Wedding Hair Comb Hair Accessories with Bridal Rhinestone Side Combs for Women and Girls","New","104","4","0","109","0","0","0","0","0","GBP","3","14","44","57","Low traffic","6.09","0.0","6.09","0.0","NoRestockExcessActionRequired","31","4.59","31","0","130.29","1.73","0.001413","cubic feet","Standard","0.146952","UK","gl_beauty","104289","366","0","38","30","6.09","15.21","70.98","219.72","283.05","109","0","0","0","0","0.1","30","0","30","0","2","1","","","","","","","","","","","","","14.3","0","","2026-08-09","14.3","12.8","2026-08-10","138","2","0","0","366","N","","",""
"2026-08-13","DWG51003","X002FOAZ2F","B0FXLZ9PJ7","Bohemian Rhinestone Belly Chain, Crystal Nightclub Belly Body Chain, Jewelry For Ladies And Girls,Silver","New","33","0","0","37","0","0","0","0","0","GBP","2","9","28","51","Low traffic","4.79","0.0","4.79","0.0","NoRestockExcessActionRequired","14","4.46","24","0","3.08","3.64","0.003531","cubic feet","Apparel","0.116523","UK","gl_jewelry","143293","73","0","14","8","4.79","7.98","35.91","114.95","210.63","37","0","0","0","0","0.08","0","0","0","0","3","0","","","","","","","","","","","","","152.4","9","2026-08-23","2026-08-09","152.4","31.9","2026-08-10","33","3","0","0","80","N","","",""
"2026-08-13","DWG2602008","X002IB3BU3","B0GLG2QSB7","2 Pcs Metal Coffee Filter, Reusable Filter for Original Stainless Steel, Durable, Alternative to Paper Filters, Provides Fuller Bodied Coffee, Easy to Clean, Silver","New","9","0","0","0","9","0","0","0","0","GBP","0","0","0","0","Low traffic","4.39","0.0","4.39","0.0","Advertise listing","0","0.0","0","0","37.6","0.0","0.003531","cubic feet","Standard","0.031779","UK","gl_kitchen","2839921","366","9","","","4.39","0.0","0.0","0.0","0.0","0","0","0","0","0","0.02","0","0","0","0","0","0","","","","","","","","","","","","","","0","","","","","2026-08-10","9","0","0","0","366","N","","",""
"2026-08-13","DWG2602094","X002IDP555","B0GLZ1C9ZR","1/4"" Universal Extension Bar with Bendable Elastic Joint for Flexible Screwdriver Extension, Ratchet Adapter and Offset Wrench for Compact or Hard-to-Reach Areas","New","18","0","0","17","0","0","0","0","0","GBP","2","7","14","20","Low traffic","5.02","0.0","5.02","0.0","NoRestockExcessActionRequired","0","0.0","0","0","76.0","2.22","0.003531","cubic feet","Standard","0.063558","UK","gl_home_improvement","247413","169","0","27","31","5.02","8.36","28.46","56.6","80.88","17","0","0","0","0","0.04","30","0","30","0","0","0","","","","","","","","","","","","","65.2","0","","2026-08-09","65.2","40.2","2026-08-10","48","0","0","0","169","N","","",""
"2026-08-13","DWG2602119","X002IB2AAP","B0GLG77JNY","20pcs Plastic Locking Shelf Pins Shelf Support Pegs Fits 5mm Diameter Hole & 20mm Thick Shelves Cabinet Clear Self-Locking Bracket for Kitchen Furniture Book Shelves","New","26","0","0","20","6","0","0","0","0","GBP","0","3","3","4","Low traffic","4.89","0.0","4.89","0.0","Advertise listing","0","0.0","0","0","55.87","0.3","0.003531","cubic feet","Standard","0.091806","UK","gl_home_improvement","323504","366","26","34","84","4.89","0.0","12.21","12.21","16.87","20","0","0","0","0","0.06","0","0","0","0","0","0","","","","","","","","","","","","","292.8","0","","2026-08-09","201.0","292.8","2026-08-10","26","0","0","0","366","N","","",""
"2026-08-13","RPADWG068","X002I1Q31H","B0GK65FQLW","Mother of Pearl Caviar Spoon - 4 inch - 10 cm - Handmade from Thai Pearl Shells","New","12","0","0","12","0","0","0","0","0","GBP","0","8","11","17","Low traffic","4.75","0.0","4.75","0.0","NoRestockExcessActionRequired","0","4.55","38","0","55.24","1.51","0.003531","cubic feet","Standard","0.042372","UK","gl_kitchen","666647","276","0","21","32","4.75","0.0","31.68","43.39","66.13","12","0","0","0","0","0.03","30","0","30","0","0","0","","","","","","","","","","","","","50.5","0","","2026-08-09","50.5","38.2","2026-08-10","42","0","0","0","276","N","","",""
