"sku","fnsku","asin","product-name","condition","your-price","mfn-listing-exists","mfn-fulfillable-quantity","afn-listing-exists","afn-warehouse-quantity","afn-fulfillable-quantity","afn-unsellable-quantity","afn-reserved-quantity","afn-total-quantity","per-unit-volume","afn-inbound-working-quantity","afn-inbound-shipped-quantity","afn-inbound-receiving-quantity","afn-researching-quantity","afn-reserved-future-supply","afn-future-supply-buyable","afn-fulfillable-quantity-local","afn-fulfillable-quantity-remote","afn-fc-transfer-quantity","afn-onhand-buyable-quantity","store"
"LH101483","X0023QTCPL","B0DDC7WWM2","CVNRCLP 2 Pairs Vintage Oval Sunglasses - Stylish Mini Round Eyewear for Women, Girls, and Men - Retro Small Oval Glasses","New","6.59","No",,"Yes","41","39","0","2","41","684","0","0","0","0","0","0","39","0","0","39",
"LH101488","X0023R2TQT","B0DDCG57MK","4-Piece Vintage Dress Clips Set - Retro Metal Waist Cincher Clips in Silver for Sweaters, Shawls & Cardigans - Stylish Clip Holders for Women & Girls – 4 Unique Designs","New","3.79","No",,"Yes","0","0","0","0","0","111.27","0","0","0","0","0","0","0","0","0","0",
"LH101503","X0023RAWYZ","B0DDFTMJ6Z","6-Piece Adjustable Scarf Ring Clips – Metal Circle Tie Clips for Women & Girls – Versatile Shirt Waist Cincher & Knotted Buckles for Dresses, Sweaters, & Shawls","New","5.19","No",,"Yes","1","1","0","0","1","252.03","0","0","0","0","0","40","1","0","0","1",
"LH101507","X0023RGBPT","B0DDG5J7K7","CVNRCLP Adjustable Dog Head Collar - Padded Head Harness for Comfortable Control - Anti-Pulling Halter Collar (Medium, Black)","New","6.69","No",,"Yes","0","0","0","0","0","432.45","0","0","0","0","0","45","0","0","0","0",
"LH101516-1","X002JH5ZOL","B0GSZJZT41","300PCS Transparent White Disposable Fruit Dessert Forks Cake Appetizer Forks Plastic Cocktail Picks Sticks Cute Heart Shaped Food Picks","New","5.89","No",,"Yes","29","28","0","1","79","99.96","0","50","0","0","0","0","28","0","0","28",
"LH101519","X0023RDJ4P","B0DDH71685","10-Pack Stainless Steel Crab Forks - 2-in-1 Spoon & Fork, Escargot Tasting Forks, 2-Prong Appetizer Forks for Cocktails, Salads, and Fruits - Portable Silverware for Parties and Travel","New","5.09","No",,"Yes","0","0","0","0","0","107.83","0","0","0","0","0","0","0","0","0","0",
"LH101522","X0023RIR01","B0DDGWVG8X","CVNRCLP 25.2"" Extendable Stainless Steel Fork and Spoon Set - Telescopic Cutlery for BBQs, Fruits, and Dining - Retractable Long Fork and Spoon Extenders for Convenient Tableware","New","5.79","No",,"Yes","56","48","0","8","56","423.28","0","0","0","0","0","0","48","0","0","48",
"LH101525","X0023RJMQJ","B0DDGP3R2D","CVNRCLP Waterproof Shower Phone Holder - Wall-Mounted Case for Bathrooms, Swivel Design for Easy Access","New","6.39","No",,"Yes","0","0","0","0","0","626.97","0","0","0","0","0","0","0","0","0","0",
"LH101526","X0023RNUUN","B0DDJ6XPBQ","Adjustable Shower Phone Holder - Waterproof Self-Adhesive Wall Mount for Hands-Free Use - Compatible with Phones and Tablets - Ideal for Bathroom, Kitchen, and Bedroom Use","New","9.29","No",,"Yes","48","47","0","1","78","180.91","0","30","0","0","0","50","47","0","0","47",
"LH101527","X0023RW2CP","B0DDJ7DD48","CVNRCLP Universal 360° Rotatable Detachable Bike Phone Holder - Adjustable Mount for 4"" to 6.7"" Smartphones - Perfect for Bicycles and Motorcycles","New","6.49","No",,"Yes","1","0","0","1","41","373.3","0","40","0","0","0","0","0","0","0","0",
"LH101531","X0023RUW59","B0DDJ7HDQN","CVNRCLP Easy Grip Arthritis Jar & Can Opener - Manual Multifunctional Lid Opener for Seniors with Weak Hands - Comfortable & Durable Black Design","New","4.29","No",,"Yes","0","0","0","0","0","99.47","0","0","0","0","0","0","0","0","0","0",
"LH101532","X0023RW8QP","B0DDJ8LRY2","3 Pics Ergonomic Safe Manual Metal Can Opener - Side Cutting Tin Lid Remover with Steel Handle and Wood Grip - Professional Kitchen Tool for Effortless Openings","New","5.39","No",,"Yes","9","8","0","1","29","287.92","0","20","0","0","0","0","8","0","0","8",
"LH101536","X0023RUVEV","B0DDJ971PV","CVNRCLP Lemon Squeeze Set - 4-Pack Stainless Steel Manual Juicers for Citrus Fruits - Handheld Orange, Lime & Lemon Wedge Extractors by GOODCHANCEUK - Durable & Easy to Use Silver Juicers","New","7.09","No",,"Yes","14","12","0","2","14","680.39","0","0","0","0","0","0","12","0","0","12",
"LH101538","X0023RX4U9","B0DDJ8G6VL","CVNRCLP Premium Stainless Steel Cocktail Jigger - Professional Bartender Measuring Cup, Dual-Sided 30ml/60ml Capacity for Accurate Spirit Measurement","New","6.39","No",,"Yes","0","0","0","0","0","264.49","0","0","0","0","0","0","0","0","0","0",
"LH101540","X0023ROCPF","B0DDJ9X2MY","CVNRCLP Blue Heat-Resistant Silicone Fork - Large Multifunctional Cooking Tool for Nonstick Blending and Serving","New","6.89","No",,"Yes","63","35","0","28","63","330.04","0","0","0","0","0","0","35","0","0","35",
"LH101546","X0023S1QQH","B0DDJCZ2P5","Stainless Steel Noodle Cutter, Lattice Roller Pasta Maker, Manual Dough Press & Herb Mincer, 21x7x2cm, 87g, Compact Kitchen Tool for Homemade Spaghetti, Silver","New","5.49","No",,"Yes","51","51","0","0","51","404.92","0","0","0","0","0","0","51","0","0","51",
"LH101547","X0023RVJ8X","B0DDJJ8DS9","CVNRCLP Wooden Camping & Cooking Fork Set - Versatile Forks for Spaghetti, Fettuccine, Cakes, and More - Eco-Friendly Wooden Flatware for Outdoor Dining","New","3.69","No",,"Yes","0","0","0","0","0","47.52","0","0","0","0","0","0","0","0","0","0",
"LH101548","X0023S0749","B0DDJK4RSL","2-Pack Waterproof Razor Travel Case - Portable Shaver Protective Cover and Beard Trimmer Storage, Safe & Convenient Carrying Solution for Manual Razors - Ideal for Men on the Go","New","4.49","No",,"Yes","0","0","0","0","0","224.99","0","0","0","0","0","0","0","0","0","0",
"LH101549","X0023RY9HB","B0DDJKYGQS","120 Double-Sided Hair Extension Tape Tabs – Replacement Adhesive Strips for Secure Hair Extensions，tape in extensions retape，tape tabs for hair extensions","New","3.99","No",,"Yes","0","0","0","0","0","127.82","0","0","0","0","0","0","0","0","0","0",
"LH101550","X0023RYCKF","B0DDJL7NVD","CVNRCLP 50 Pcs Invisible Lace Wig Tapes - Waterproof Double-Sided Ultra Hold Tape for Wigs, Toupee Strips & Front Lace Wig Adhesive","New","5.99","No",,"Yes","1","1","0","0","1",,"0","0","0","0","0","0","1","0","0","1",
"LH101552","X0023SE5SX","B0DDK6JFNY","50pcs Clear Mini Hair Clips – Strong Grip Tiny Claw Clips for Fine and Thin Hair, Non-Slip Plastic Hair Accessories for Women and Little Girls, Perfect for Styling","New","6.49","No",,"Yes","34","32","0","2","34","374.94","0","0","0","0","0","0","32","0","0","32",
"LH101556","X0023SB405","B0DDKBHG2N","8-Pack Bun Maker Set - Magic Foam Twister & Lazy Hairpin Tool for Effortless Updos - Perfect Shapers & Accessories for Girls and Women - Gift for Stylish Hair","New","6.29","No",,"Yes","31","31","0","0","51","2470.51","0","20","0","0","0","0","31","0","0","31",
"LH101558","X0023S9NYT","B0DDKDSWYS","16-Pack Adjustable Puppy ID Collars - Multi-Colored Whelping Identification Bands for Newborn Puppies and Kittens (S, 4-5CM)","New","7.79","No",,"Yes","45","41","0","4","45","149.94","0","0","0","0","0","0","41","0","0","41",
"LH101560","X0023SHLJ3","B0DDKHRHNC","CVNRCLP Adjustable Small Dog & Cat Collar with Bell – Stylish Pawprint Design in Tan Khaki Beige Nylon，air tag cat collar，puppy collars","New","3.19","No",,"Yes","0","0","0","0","0","99.96","0","0","0","0","0","0","0","0","0","0",
"LH101561","X0023SHLYD","B0DDKKWCZP","CVNRCLP Set of 3 Adjustable Reflective Cat Collars - Enhanced Safety with Quick Release Buckle & Bell - Bright Yellow","New","4.59","No",,"Yes","23","22","0","1","23","270.06","0","0","0","0","0","0","22","0","0","22",
"LH101562","X0023S9T3T","B0DDKH74DX","CVNRCLP Reflective Martingale Dog Choke Collar | No Pull Training Collar with Soft Padding | Durable Nylon for Large, Medium & Small Dogs (Neck Size: 25-45cm, Red)","New","5.19","No",,"Yes","0","0","0","0","0","237.94","0","0","0","0","0","0","0","0","0","0",
"LH101563","X0023SLEQ9","B0DDKJ2B2G","CVNRCLP Sparkling Rhinestone Pet Collar - Soft Leather Small Dog & Cat Collar in Pink - Cute & Durable Design for Puppies and Kittens","New","4.59","No",,"Yes","34","31","0","3","34","72.43","0","0","0","0","0","0","31","0","0","31",
"LH101567","X0023SJRIL","B0DDKM8ZYY","Adjustable 2-in-1 Dog Seat Belt for Car Travel | Anti-Shock Elastic Nylon Bungee & Hook Latch Bar | Safety Belt for Dogs | Secure Harness Buckle for Maximum Protection，dog car lead，dog safety belt for","New","5.19","No",,"Yes","0","0","0","0","0","149.94","0","0","0","0","0","0","0","0","0","0",
"LH101570","X0023SSW8R","B0DDKNHB41","Colorful Beaded Anklets for Women and Girls – Adjustable Silver Beach Foot Jewelry Perfect for Summer","New","4.69","No",,"Yes","0","0","0","0","0","1.31","0","0","0","0","0","0","0","0","0","0",
"LH101571","X0023SWW4R","B0DDKNFKDG","CVNRCLP 2-in-1 Lash Lift Tool - Professional Eyelash Separator & Comb, Metal Lash Lifting Tool for Extensions and Tinting, Perfect for Beauty Enthusiasts","New","4.19","No",,"Yes","56","55","0","1","56","6.06","0","0","0","0","0","0","55","0","0","55",
"LH101579","X0023TJ8CP","B0DDNLC9GQ","6PCS Eyelash Tester Wands - Display Stand Applicator for Salon Counter Use – Perfect for Try On and Fitting","New","5.19","No",,"Yes","0","0","0","0","0","37.36","0","0","0","0","0","0","0","0","0","0",
"LH101581","X0023TB9C7","B0DDP6VG1B","3-in-1 Eyelash Comb Set - Includes Mascara Shield, Upper & Lower Lash Guards, and Makeup Separator Brush - 6PCS Eyelash Tools for Perfect Makeup Application for Women and Girls","New","4.89","No",,"Yes","34","34","0","0","34","291.03","0","0","0","0","0","0","34","0","0","34",
"LH101584","X0023TR3IV","B0DDPGQS4F","12-Pack Colorful Friendship Bracelets for Kids & Adults – Adjustable Flat Bead Jewelry with Letters, Hearts & Evil Eyes – Cute & Inspirational Accessories for Girls, Women & Men – Perfect for Parties!","New","4.89","No",,"Yes","0","0","0","0","0","215.98","0","0","0","0","0","30","0","0","0","0",
"LH101589","X0023TR09N","B0DDPS1B8T","Escape-Proof Soft Mesh Cat Harness and Leash Set – No Pull Vest for Kittens and Small Animals (Rabbits, Mice, Cats) – Stylish Blue Cat Collar Included，blue dog harness，dogs harness","New","5.29","No",,"Yes","6","6","0","0","26","475.72","0","20","0","0","0","0","6","0","0","6",
"LH101590","X0023TPISX","B0DDPV4MHL","6-Pack Pet ID Tags - Durable Waterproof Barrel Tube with Customizable Address and Name Labels for Dog & Cat Collars - Anti-Lost Identification Tags","New","4.99","No",,"Yes","9","9","0","0","9","88","0","0","0","0","0","10","9","0","0","9",
"LH101592","X0023TSK2J","B0DDPC67FK","Set of 2 Blank Stainless Steel Military Dog Tags - Nickel-Plated Army Style ID Tags with Ball Chains & Silencers","New","4.59","No",,"Yes","17","17","0","0","17","74.89","0","0","0","0","0","30","17","0","0","17",
"LH101593","X0023TLUTJ","B0DDPFWPHJ","Reflective Dog Leash with Padded Handle – Durable Nylon Training and Walking Lead for Small to Medium Dogs – 1.2m x 2cm – Vibrant Red,puppy lead,dog leashes,red dog lead","New","5.49","No",,"Yes","11","11","0","0","41","300.05","0","30","0","0","0","0","11","0","0","11",
"LH101595","X0023UH0GP","B0DDSBXT8P","Heavy Duty 360° Swivel Snap Hooks - Zinc Alloy Lobster Claw Clips for Dog Leashes, Camping, and Key Rings (Set of 3) - Durable Trigger Clasps for Maximum Strength and Versatility","New","4.29","No",,"Yes","0","0","0","0","0","48.01","0","0","0","0","0","10","0","0","0","0",
"LH101596","X0023UH31H","B0DDSN8JH6","6 Pack Football Bracelets - Adjustable Soccer Charm Friendship Bracelets, Perfect Gifts for Boys, Girls, and Teens - Black & White Birthday Accessories,football bracelets for boys","New","4.89","No",,"Yes","0","0","0","0","60","124.87","0","60","0","0","0","0","0","0","0","0",
"LH101603","X0023UH1BJ","B0DDT73G7Q","CVNRCLP 6-Pack Stainless Steel Seafood Forks & Picks - Versatile Lobster Forks and Nut Tools for Oysters, Crab Legs, and Picnics - Durable and Elegant Kitchen Utensils","New","4.29","No",,"Yes","0","0","0","0","0","118.97","0","0","0","0","0","0","0","0","0","0",
"LH101605","X0023UMFH9","B0DDTDHBD4","Wooden Pasta Fork and Spaghetti Spoon - 12.96-Inch Spaghetti Server with Handle and Teeth for Effortless Straining and Serving - Professional Kitchen Tool","New","6.59","No",,"Yes","35","34","0","0","65","511.44","0","30","0","1","0","0","34","0","0","34",
"LH101608","X0023UL363","B0DDSZS984","CVNRCLP 2-in-1 Stainless Steel Egg Slicer & Cutter - Heavy-Duty Egg Slicer for Hard-Boiled Eggs, Multifunctional Dicer and Slicer for Bananas, Strawberries, and Soft Fruits","New","6.79","No",,"Yes","21","18","1","2","71","22.78","0","50","0","0","0","0","18","0","0","18",
"LH101609","X0023UMH6D","B0DDSH278V","CVNRCLP Multi-Functional Stainless Steel Egg Slicer - 4-in-1 Cutter for Hard Boiled Eggs, Tomatoes, Strawberries, and Cherry Pits - Includes Olive and Date Pitting Tool (Dark Blue)","New","5.19","No",,"Yes","3","0","1","2","3","280.05","0","0","0","0","0","0","0","0","0","0",
"LH101610","X0023UNTPB","B0DDT7HDKN","3-Piece Hard-Boiled Egg Cutter Set - Effortless Eggshell Topper & Opener for Quick and Clean Egg Cutting - Perfect for Breakfast & Recipes","New","7.39","No",,"Yes","0","0","0","0","0","291.53","0","0","0","0","0","10","0","0","0","0",
"LH101614","X0023UHN8F","B0DDSHGCNB","Creative Egg Shell Peeler Tool - Plastic Egg Separator for Effortlessly Removing Eggshells from Hard-Boiled Eggs, Shake & Peel Egg Opener Gadget","New","6.19","No",,"Yes","0","0","0","0","0","638.44","0","0","0","0","0","0","0","0","0","0",
"LH101615","X0023UQRKP","B0DDSVZZN7","Generic Elegant Velvet Camellia Flower Lapel Pin - Classic Lace Pink Pin for Women | Perfect Accessory for Weddings, Parties, Dances, and Banquets | Gift for Her","New","5.99","No",,"Yes","23","22","0","1","53","199.92","0","30","0","0","0","0","22","0","0","22",
"LH101617","X0023V1BKZ","B0DDTG9KLF","(8 Pack) Self-Adhesive Bandage Wrap- Breathable Elastic Cohesive Sports Tape for ， Sprained Wrists & Ankles, (2.5CM x 2M) - Ideal for Athletic Injuries，plaster tape，elastoplast tape，finger tape","New","4.58","No",,"Yes","34","32","0","2","84","910.79","0","50","0","0","0","0","32","0","0","32",
"LH101619","X0023Y7LVP","B0DDX4NF1N","12 Pack of 40mm Air Flow Hollow Golf Practice Balls – Lightweight Plastic Golf Balls for Swing Training, Driving Range, and Outdoor Games – Perfect for Adults & Kids","New","6.19","No",,"Yes","0","0","0","0","0","768.06","0","0","0","0","0","0","0","0","0","0",
"LH101620","X0023Y5WG1","B0DDWFKGGJ","CVNRCLP 12 Pack Golf Practice Balls - Soft Elastic Foam Dimpled Training Balls for Indoor/Outdoor Swing Practice - Perfect Golf Training Aids for Home, Office, and Backyard","New","8.49","No",,"Yes","29","26","0","0","29","720.05","0","0","0","3","0","0","26","0","0","26",
"LH101621","X0023Y8BAF","B0DDWY29Z6","CVNRCLP Golf Foam Balls - 10-Pack Soft Sponge Balls for Indoor Swing Practice and Training","New","7.89","No",,"Yes","15","15","0","0","15","686.29","0","0","0","0","0","0","15","0","0","15",
"LH101625","X0023YFOKZ","B0DDX3RTMX","CVNRCLP Premium Golf Torque Driver Wrench - Lightweight Stainless Steel Handheld Tool for Adjusting Club Driver Shaft - Durable Black Shaft Adapter Accessory","New","7.59","No",,"Yes","14","14","0","0","14","299.23","0","0","0","0","0","0","14","0","0","14",
"LH101627","X0023YC3JF","B0DDXCJ1Z4","CVNRCLP 4 Pack Universal Black Golf Shoe Spikes Removal Tool – Handheld Wrench for Two-Pin Golf & Cricket Shoes | Easy Spike Change Tool","New","5.39","No",,"Yes","58","50","0","8","58","342","0","0","0","0","0","0","50","0","0","50",
"LH101632","X0023YKWW5","B0DDXJWX9P","Boho Multi-Layer Beaded Bracelet Set - 4 Elastic Wooden & Tassel Bracelets featuring Tree of Life Design - Perfect Souvenir for Women","New","4.69","No",,"Yes","0","0","0","0","0","86.36","0","0","0","0","0","60","0","0","0","0",
"LH101633","X0023YIVLJ","B0DDXDPVSP","Handmade Boho Leather Wrap Bracelet for Women - Multilayer Braided Cuff with Magnetic Buckle, Ideal Birthday Gift for Her","New","4.59","No",,"Yes","0","0","0","0","0","29.17","0","0","0","0","0","10","0","0","0","0",
"LH101634-1","X002JMD093","B0GTTV9HV2","CVNRCLP Eyebrow Scissors with Comb, Precision Stainless Steel Eyebrow Trimmer, Ergonomic Handle Beauty Tool for Shaping Grooming Eyebrows Eyelashes, White","New","3.89","No",,"Yes","19","17","0","2","19","99.96","0","0","0","0","0","0","17","0","0","17",
"LH101636","X0023YTAS7","B0DDXL8H6B","Adjustable Anti-Static Ankle Heel Strap - Reusable Foot Grounder for Effective Grounding and Lightning Protection | Ideal for Anti-Static Equipment","New","3.79","No",,"Yes","32","32","0","0","32","85.05","0","0","0","0","0","0","32","0","0","32",
"LH101642","X0023ZF1OD","B0DDY7FTZ5","CVNRCLP Eyeshadow Primer Brush & Flat Concealer Brush - Professional Makeup Tools for Effortless Cream & Liquid Shadow Application, Blending, and Eye Primer Base","New","3.09","No",,"Yes","5","5","0","0","25","32.94","0","20","0","0","0","10","5","0","0","5",
"LH101643","X0023Z8T2T","B0DDY87TW6","CVNRCLP 3-in-1 Lash Lift Pads - Reusable Silicone Eyelash Curling Tools for DIY Keratin Lash Perm at Home - Includes Eye Patches & Lash Lift Ribbons","New","4.19","No",,"Yes","0","0","0","0","0","71.94","0","0","0","0","0","0","0","0","0","0",
"LH101649","X0023ZRWN1","B0DF1RYGVT","CVNRCLP 800 Oil Blotting Sheets for Face - Natural Oil Absorbing Tissues for Instant Shine Control - Perfect Facial Skin Care Solution","New","5.19","No",,"Yes","0","0","0","0","0","494.07","0","0","0","0","0","0","0","0","0","0",
"LH101652","X0023ZPAET","B0DF28Q7BV","CVNRCLP 2 Pack Refillable Empty Loose Powder Containers with Mirror and Powder Puff – Portable Compact Case for Women & Girls – Ideal for Travel & Makeup Touch-Ups","New","5.79","No",,"Yes","42","42","0","0","42","184.85","0","0","0","0","0","0","42","0","0","42",
"LH101653","X0023ZIWD5","B0DF1RPHJK","CVNRCLP 16 Pack Petal-Shaped Makeup Sponges, Non-Latex Reusable Cosmetic Wedges, Soft Beauty Blenders for Flawless Foundation Cream Concealer, Multicolor for All Skin Types","New","3.99","No",,"Yes","0","0","0","0","0","289.07","0","0","0","0","0","0","0","0","0","0",
"LH101659","X0023ZN0R3","B0DF1T6RWS","CVNRCLP 6-Piece Nail Dotting Tool Set - Stainless Steel & Acrylic, Ideal for Nail Art, Clay Sculpting, & Salon Use","New","4.29","No",,"Yes","69","67","0","2","69","26.06","0","0","0","0","0","0","67","0","0","67",
"LH101663","X0023ZS83J","B0DF2B97QC","CVNRCLP 5-Piece Nail Art Liner Brush Set - Professional Fine Detail Brushes for Long Lines & Dotting, Includes Sizes 7mm, 9mm, 11mm, 15mm, 25mm (Gold Color Handles)","New","3.69","No",,"Yes","0","0","0","0","0","224.99","0","0","0","0","0","10","0","0","0","0",
"LH101666","X0023ZNEGP","B0DF1WYPTC","CVNRCLP 18PCS Double-Ended Nail Sponges and 2 PCS Blending Pen – Gradient Nail Art Brush with Rhinestone Handle for Gel Nails, Acrylic Painting & DIY Designs.","New","5.59","No",,"Yes","2","0","0","2","2","287.92","0","0","0","0","0","0","0","0","0","0",
"LH101671","X002406VFP","B0DF2TDZY1","CVNRCLP 6-Piece Eyebrow Tweezers Set - Precision Tweezers for Eyebrow Shaping, Facial Hair Removal, Ingrown Hairs & Splinter/Tick Removal - Includes Scissors & Brush for Men & Women","New","6.59","No",,"Yes","0","0","0","0","0",,"0","0","0","0","0","0","0","0","0","0",
"LH101674","X00240IBHV","B0DF5199S5","2-in-1 Foundation Concealer Brush, Dual-Ended Makeup Brush with Soft Synthetic Bristles for Liquid Powder Cream Flawless Application, Black","New","5.49","No",,"Yes","0","0","0","0","0","255.97","0","0","0","0","0","0","0","0","0","0",
"LH101682","X00240SK1X","B0DF4T3JQR","CVNRCLP Hand-Forged Stainless Steel Cuticle Nippers - Professional Grade Cuticle Cutter for Nail Salons - Precision Trimmers for Salon Quality Grooming","New","3.59","No",,"Yes","0","0","0","0","0","119.95","0","0","0","0","0","0","0","0","0","0",
"LH101686","X00240IHR5","B0DF57VTZV","CVNRCLP 4-Piece Cuticle Pusher and Cutter Set - Professional Stainless Steel Nail Care Tools for Manicure and Pedicure, Effective Dead Skin Remover for Fingernails and Toenails.","New","3.89","No",,"Yes","0","0","0","0","0","27.04","0","0","0","0","0","110","0","0","0","0",
"LH101690","X00240SP13","B0DF51GPDK","CVNRCLP Bamboo Nail Brush Set - 2-Piece Double-Sided Cleaning Brushes for Fingernails and Toenails - Ideal Nail Care Accessories for Men, Women, and Kids","New","7.29","No",,"Yes","25","25","0","0","45","280.05","0","20","0","0","0","0","25","0","0","25",
"LH101691","X00240UI81","B0DF52W8CF","CVNRCLP 4-Pack 13CM Colorful Nail Brushes - Round Head Scrubbing Cleaners for Fingernails and Hands - Durable Handle for Effortless Cleaning - Ideal Nail Care Brushes","New","5.19","No",,"Yes","19","13","0","6","39","612.55","0","20","0","0","0","0","13","0","0","13",
"LH101692","X00241CP6N","B0DF63XC22","CVNRCLP Heavy Duty Hand Nail Brushes – 2 Pack Grip Handle Cleaning Brushes with Firm Nylon Bristles for Deep Cleaning Fingernails, Toenails, and Under Nails – Ideal for Mechanics and Gardeners","New","7.19","No",,"Yes","0","0","0","0","0","734.96","0","0","0","0","0","0","0","0","0","0",
"LH101700","X00241CSF1","B0DF666GRS","Recycled Plastic Nail Brush with Ergonomic Handle - Eco-Friendly Nail Cleaning Tool for Home and Salon Use","New","6.29","No",,"Yes","26","25","0","0","136","116.84","0","110","0","1","0","30","25","0","0","25",
"LH101703","X00241KTFH","B0DF6WFJKZ","CVNRCLP Elegant Violet Flower Brooch - Stunning Purple Crystal Rhinestone Pin for Women, Perfect for Backpack and Jacket Decoration","New","7.09","No",,"Yes","16","10","0","6","46","59.81","0","30","0","0","0","0","10","0","0","10",
"LH101706","X00241GSWZ","B0DF6ZPGTN","CVNRCLP Bee Brooch with Crystals - Gold Tone Metal Insect Pin for Women & Girls | Floral Daisy Design | Stylish Clips for Sweaters, Shawls, Dresses & Shirts","New","3.99","No",,"Yes","17","16","0","1","17","25.07","0","0","0","0","0","0","16","0","0","16",
"LH101710","X00241KU1F","B0DF71FXW2","CVNRCLP Carbide Nail Drill Bits Set - Tungsten Steel Efile Grinding Heads for Electric Manicure & Pedicure","New","3.09","No",,"Yes","3","0","0","3","3","54.08","0","0","0","0","0","10","0","0","0","0",
"LH101714","X00241QXIJ","B0DF7436N5","CVNRCLP 2-Pack Metal Foldable Golf Divot Repair Tool with Pop-Up Button and Magnetic Ball Marker - Unique Fish Design,pitch mark repair tool,pitch repair tool golf,golf pitch repairer","New","6.29","No",,"Yes","14","14","0","0","44","172.56","0","30","0","0","0","0","14","0","0","14",
"LH101716","X00241VR17","B0DF74VXZV","CVNRCLP Golf Double Prong Divot Tool & Pitch Mark Repair Tool - Detachable Magnetic Putting Aid with Golf Ball Marker & Bottle Opener - Perfect Accessory for Golfers","New","5.29","No",,"Yes","15","15","0","0","15","19.99","0","0","0","0","0","32","15","0","0","15",
"LH101722","X00242PRLR","B0DFB8S2WF","CVNRCLP 8 Pack Heel Cushion Pads - Self-Adhesive Mesh Inserts for Heel Grip, Prevent Slippage & Discomfort in Loose Shoes for Men & Women - Black","New","4.19","No",,"Yes","0","0","0","0","0","444.58","0","0","0","0","0","0","0","0","0","0",
"LH101723","X00242RVSJ","B0DFBDSFR4","CVNRCLP 6-Pack Reusable Gel Metatarsal Pads for Men and Women – Comfort Cushion for High Heels, Pain Relief Forefoot Pads, Bunion Support, Clear Foot Cushions for Ball of Foot","New","4.59","No",,"Yes","0","0","0","0","0","323.97","0","0","0","0","0","0","0","0","0","0",
"LH101726","X00242JCTP","B0DFB9WHBM","CVNRCLP Gel-Lined Compression Toe Separator Socks (1 Pair) | Comfortable Alignment Solution | Relieves Foot Pain From Corns, Metatarsalgia, Overlapping & Pinched Toes","New","6.89","No",,"Yes","34","33","1","0","34","168.79","0","0","0","0","0","35","33","0","0","33",
"LH101731","X00242QQ35","B0DFBLY4JG","CVNRCLP Premium Y-Peeler, Rotatable Stainless Steel Vegetable Fruit Peeler with Non-Slip Grip, Multifunctional Kitchen Tool for Effortless Peeling, Silver/Black","New","4.49","No",,"Yes","0","0","0","0","0","377.07","0","0","0","0","0","10","0","0","0","0",
"LH101732","X00242VU2H","B0DFC26XTW","CVNRCLP 2-Pack Stainless Steel Vegetable & Fruit Peelers - French Potato Peeler with Ergonomic Design for Effortless Peeling","New","4.79","No",,"Yes","15","14","0","1","15","2414.96","0","0","0","0","0","0","14","0","0","14",
"LH101734","X00242YBT1","B0DFC7DCMJ","CVNRCLP Green Bean Stringer | Lightweight Vegetable Runner Cutter & Slicer | Efficient Bean Shredder and Peeler | Essential Kitchen Accessory for Home & Restaurant (Single Pack)","New","4.79","No",,"Yes","0","0","0","0","0","227.45","0","0","0","0","0","60","0","0","0","0",
"LH101735","X00242X6GF","B0DFCB1QRY","3 Pairs ofCotton Eczema Gloves - Breathable White Gloves for Men and Women - Machine Washable, Ideal for Dry Hands and Eczema Relief，Cotton Gloves for Dry Hands","New","3.99","No",,"Yes","0","0","0","0","0","471.46","0","0","0","0","0","0","0","0","0","0",
"LH101738","X002448XI9","B0DFG53GYF","CVNRCLP Women's Long Sheer Tulle Opera Gloves - Elegant Elbow-Length Mesh for Weddings, Parties, and Halloween Costumes - 1920s Vintage Dance Accessories","New","4.29","No",,"Yes","0","0","0","0","0","259.57","0","0","0","0","0","10","0","0","0","0",
"LH101739","X002443TID","B0DFG6CRTK","CVNRCLP 1 Pair of Elegant Stretchy Satin Elbow-Length Gloves - Vintage 1920s Style Evening Wear, Perfect for Brides, Formal Events, Dress-Up Parties, Weddings, and Operas","New","2.99","No",,"Yes","0","0","0","0","0","179.93","0","0","0","0","0","0","0","0","0","0",
"LH101744","X002446U2F","B0DFGJSKRZ","CVNRCLP Premium Pizza Cutter - Food-Grade Steel Pizza Slicer Wheel with Non-Slip Ergonomic Handle for Effortless Slicing","New","5.39","No",,"Yes","0","0","0","0","0","252.03","0","0","0","0","0","10","0","0","0","0",
"LH101745","X002445EWR","B0DFG9XDX9","CVNRCLP Pasta Cutter Wheel Set, Versatile Ravioli Pizza Dumpling Cutter with Roller, Durable Stainless Steel Noodle Making Tools for Home Kitchen","New","5.79","No",,"Yes","0","0","0","0","0","255.8","0","0","0","0","0","10","0","0","0","0",
"LH101750","X002442VYB","B0DFGL2YFM","CVNRCLP Crystal Rhinestone Animal Brooch - Stylish Lapel Pin and Backpack Badge for Men and Women, Perfect Hat and Bag Decoration Accessory","New","3.79","No",,"Yes","0","0","0","0","0","10.16","0","0","0","0","0","10","0","0","0","0",
"LH101758","X00246UZ3D","B0DFLLY7QX","CVNRCLP Extra Large Vintage Floral Rose Brooch for Women - Elegant Flower Pin for Weddings, Parties, Dances, and Formal Events,green corsage，flower brooch","New","5.29","No",,"Yes","0","0","0","0","0","380.02","0","0","0","0","0","10","0","0","0","0",
"LH101760","X00246YOBR","B0DFLF5YHJ","CVNRCLP Crystal Flower Brooch - Rhinestone Lapel Pin for Men & Women, Stylish Backpack Badge & Hat Accessory, Unique Bag Decoration","New","3.79","No",,"Yes","0","0","0","0","0","48.01","0","0","0","0","0","10","0","0","0","0",
"LH101769-1","X002JG96T7","B0GSZLSNZX","CVNRCLP 2 Pairs Plantar Fasciitis Compression Socks for Men Women, White Breathable Mesh Ankle Support Socks, L/XL (EU 40-46) for Running Fitness Training Pain Relief","New","5.39","No",,"Yes","3","0","3","0","53","1368.98","0","50","0","0","0","0","0","0","0","0",
"LH101775","X00247QQNZ","B0DFML839B","CVNRCLP Adjustable Nylon Dog Muzzle for Short Snouts | Anti-Biting & Barking Mouth Cover for Small Dogs","New","4.79","No",,"Yes","0","0","0","0","80","49.98","0","80","0","0","0","0","0","0","0","0",
"LH101778","X002487WLT","B0DFP5XCBQ","CVNRCLP Pet Pill Plunger – Easy Pet Medicine Feeder with Side Grip & Soft Silicone Tip for Dogs, Cats, and Birds","New","4.79","No",,"Yes","25","25","0","0","25","135.03","0","0","0","0","0","0","25","0","0","25",
"LH101780","X0024824UN","B0DFP9Q4MW","CVNRCLP 2-Pack Pet Medicine Feeding Syringe – Reusable Pill Dispenser for Dogs, Cats, Puppies, and Kittens with Soft Tip and Round Head for Safe Medication Administration","New","4.29","No",,"Yes","16","16","0","0","16","254.98","0","0","0","0","0","10","16","0","0","16",
"LH101782","X002487WFF","B0DFP55D2F","CVNRCLP U-Shaped Nail Capsule Cutter - Professional Acrylic Nail Scissors for Manicures and Fake Nail Tips - Precision Trimmer for Acrylic Nails","New","3.79","No",,"Yes","0","0","0","0","0","118.48","0","0","0","0","0","0","0","0","0","0",
"LH101783","X00247ZVF9","B0DFPMKMLT","CVNRCLP 17 PCS Ingrown Toenail Treatment Kit - Includes 2 Types of Patches and Professional Correction Tool for Effective Toenail Care and Protection","New","6.79","No",,"Yes","63","63","0","0","63","306.93","0","0","0","0","0","0","63","0","0","63",
"LH101792","X00248CI63","B0DFPSHJ6X","CVNRCLP Reusable Coffee Filter Cloth - Handmade Flannel Strainer with Wood Handle | Washable Tea & Coffee Sock Bag for Home, Office, & Cafe","New","5.19","No",,"Yes","45","41","0","4","75","275.3","0","30","0","0","0","0","41","0","0","41",
"LH101793","X00248B21F","B0DFPV19VX","CVNRCLP 2-Piece Long Tail Durag Set | Unisex Silk Durags for 360 Waves | Adjustable Wide Strap Headwraps | Perfect Chemo Cap, Pirate Bandana, and Turban Hat | Stylish Hair Loss Solution for Men & Wome","New","4.89","No",,"Yes","37","35","0","2","37","319.38","0","0","0","0","0","0","35","0","0","35",
"LH101795","X00248IN9T","B0DFQ35Z29","CVNRCLP 1 Pair Fingerless Driving Gloves - Faux Leather Half Finger Mittens for Outdoor Sports, Halloween Cosplay, and Costumes for Men, Women, and Teens","New","4.99","No",,"Yes","2","1","0","1","2","393.13","0","0","0","0","0","0","1","0","0","1",
"LH101799","X00248UM2F","B0DFSKF61L","CVNRCLP 2-Pack Rock Climbing Brush Set – Premium Chalk Cleaning Tool for Indoor & Outdoor Climbing & Bouldering, Effortlessly Removes Chalk from Holds, Essential Climbing Accessory","New","3.69","No",,"Yes","0","0","0","0","0","136.01","0","0","0","0","0","0","0","0","0","0",
"LH101800","X002493R49","B0DFT8YCRP","Compression Elbow Pads - 1 Pair Arm Brace Support for Fitness, Volleyball & Basketball - Breathable Knee & Elbow Wraps for Kids, Men & Women - Full Black，wrestling knee pads，volleyball knee pads","New","5.99","No",,"Yes","25","24","0","1","25","420","0","0","0","0","0","0","24","0","0","24",
"LH101806","X002495PUD","B0DFTF2492","CVNRCLP Baby Toothbrush Set (12 Pack) - Soft Silicone Finger Toothbrush for Infants 0-2 Years, Ideal for Cleaning, Teething Relief, and Gentle Gum Massage","New","4.89","No",,"Yes","35","33","0","2","65","479.98","0","30","0","0","0","0","33","0","0","33",
"LH101807","X00248X0XX","B0DFTJXVV1","CVNRCLP Toddler Toothbrush Set – 3-Pack, Ultra-Soft Bristles for Babies 0-3 Years, Featuring Teething Rings for Gentle Teeth and Gum Care,0-2 Toothbrush","New","4.59","No",,"Yes","20","20","0","0","30","252.03","0","10","0","0","0","10","20","0","0","20",
"LH101810","X002498YY7","B0DFTKGT4T","CVNRCLP 2-Pack Facial Hair Remover - Handheld Spring Epilator for Women - Effective Facial Hair Threading Tool for Smooth Skin","New","4.29","No",,"Yes","0","0","0","0","0","386.57","0","0","0","0","0","10","0","0","0","0",
"LH101811","X00249BNXL","B0DFTLCCS4","CVNRCLP Portable Shaver Holder & Travel Case for Women – Hard Protective Case for Trimmers & Grooming Tools – Ideal for Travel and On-The-Go Use，Razor case，Razor Travel case","New","3.89","No",,"Yes","0","0","0","0","0","295.46","0","0","0","0","0","10","0","0","0","0",
"LH101822","X002498R7L","B0DFTKWNDG","CVNRCLP Children's White Lace Gloves - 2 Pairs, Perfect for First Communion, Tea Parties, Weddings, and Flower Girls - Short Kids' Size","New","6.29","No",,"Yes","30","30","0","0","30","461.95","0","0","0","0","0","10","30","0","0","30",
"LH101827","X0024AARM3","B0DFW4B891","CVNRCLP Cat Comb, Solid Wood Pet Comb, Stainless Steel Tooth Dog Comb for Cat Dog Removing Fleas, And Floating Hair (3 size)","New","4.09","No",,"Yes","0","0","0","0","0","360.02","0","0","0","0","0","0","0","0","0","0",
"LH101831","X0024AC7S5","B0DFW6PVGC","CVNRCLP 20 Pcs Stainless Steel Barrel Cord End Caps, 6mm ID - Perfect for DIY Bracelets, Necklaces, and Tassels - Durable and Stylish Metal Finish","New","3.49","No",,"Yes","7","7","0","0","37","97.01","0","30","0","0","0","0","7","0","0","7",
"LH101834","X0024AEMBP","B0DFW76SQP","CVNRCLP Adjustable Dog Car Seat Belt - Pet Safety Harness with Elastic Strap for Car Travel, Universal Fit (20.86in-29.52in) - Red Dog Travel Safety Belt","New","5.29","No",,"Yes","6","6","0","0","36","547.33","0","30","0","0","0","10","6","0","0","6",
"LH101835","X0024A8Y9B","B0DFW7K6PG","CVNRCLP Dog Seat Belt for Car - Heavy-Duty Stainless Steel Dog Harness with Safety Restraint Cable, Adjustable 60cm Dog Car Restraint for Small, Medium & Large Pets - Ideal for Vehicle Travel","New","7.99","No",,"Yes","44","42","0","2","44","57.52","0","0","0","0","0","0","42","0","0","42",
"LH101857","X0024CE02J","B0DG1GTPTG","CVNRCLP 30-Pack Reusable Mesh Wine Bottle Sleeves - 8.3-Inch Protective Covers for Liquor and Wine Bottles - Durable and Safe Bottle Protectors","New","5.39","No",,"Yes","2","1","0","1","2","487.35","0","0","0","0","0","0","1","0","0","1",
"LH101859","X0024CGYU5","B0DG21BY3G","CVNRCLP 2-Pack Sports Mouthguard for Kids - Durable Gum Shield with Portable Case for Rugby, Hockey, Boxing, Martial Arts, and Contact Sports - Youth Protection Gear","New","7.29","No",,"Yes","81","79","0","2","81","344.29","0","0","0","0","0","0","79","0","0","79",
"LH101861","X0024CAU87","B0DG27WSX8","Set of 6 Stainless Steel Cork Olive Oil Pourers with Hinged Flip Top Cap – Perfect Drizzlers for Olive Oil, Vinegar, Wine, Liquor, Coffee, and Syrups,Olive Oil Bottle drizzler","New","5.79","No",,"Yes","64","63","0","1","65","300.05","0","1","0","0","0","10","63","0","0","63",
"LH101863","X0024CFMQR","B0DG1X4G26","CVNRCLP Archery Finger Tab Set - 2 Packs Leather Finger Protectors & Thumb Rings for Bow Hunting and Longbow Archery - Durable Finger Gloves for Enhanced Shooting Comfort and Performance","New","4.89","No",,"Yes","43","43","0","0","43","40.48","0","0","0","0","0","0","43","0","0","43",
"LH101864","X0024CIIGD","B0DG2CQP2X","CVNRCLP 2 Pack Plastic Drop Away Arrow Rest Clamps - Adjustable Bowstring Accessories for Outdoor Archery and Hunting - Sleek Black Design","New","4.29","No",,"Yes","0","0","0","0","0","18.03","0","0","0","0","0","0","0","0","0","0",
"LH101869","X0024DL6GL","B0DG4VS1MY","CVNRCLP Funny Literary Quote Enamel Pin – Classic Book Brooch Badge | Hard Metal Alloy Lapel Pin – Wonderful Learning Gift for Teachers & Students","New","5.99","No",,"Yes","4","2","0","1","114","11.96","0","110","0","1","0","0","2","0","0","2",
"LH101871","X0024DGTWR","B0DG4F27W5","CVNRCLP Men's Collar Pins Set - 2 Colors (Gold & Silver) Necktie Tie Cravat Clips with Chain, Lapel Pin, Collar Bar, and Tassel Brooch - Perfect for Business Attire or Weddings, Wonderful Gift for Men","New","7.59","No",,"Yes","15","15","0","0","45","48.01","0","30","0","0","0","15","15","0","0","15",
"LH101874","X0024DHEVR","B0DG514CTD","26 Inch Rainbow Ponytail Extensions, 100g Ombre Synthetic Hair Extensions with Hair Tie, Straight Kinky Hairpiece for Women Girls Party Festival Daily Styling","New","5.99","No",,"Yes","10","10","0","0","30","1310.47","0","20","0","0","0","26","10","0","0","10",
"LH101876","X0024DGZA3","B0DG4KZY85","60 PCS Gold Wig Accessories - Braid Hair Extension Rings, Decorative Hollow Braid Buckles, Perfect for Styling and Creativity,gold hair cuffs,hair jewellery for braids,gold hair beads","New","3.79","No",,"Yes","27","27","0","0","27","89.8","0","0","0","0","0","0","27","0","0","27",
"LH1018781","X0024DLVWF","B0DG4JTYS4","CVNRCLP 1 Pair Kids Ballet Foot Thongs - Breathable Half Sole Paw Shoes for Comfortable Dance Performance","New","7.29","No",,"Yes","51","47","0","4","51","133.23","0","0","0","0","0","0","47","0","0","47",
"LH1018782","X0024DIGMD","B0DG4RKXC3","CVNRCLP 2-Pack Canvas Ballet Shoe Bags - Personalized Cotton Duster Pouches with Drawstring Closure for Pointe Shoe Storage - Portable Dance Backpacks for Travel & Multipurpose Use","New","4.19","No",,"Yes","10","10","0","0","10","224.99","0","0","0","0","0","0","10","0","0","10",
"LH1018783","X0024DCHK5","B0DG4WKQ4M","CVNRCLP 150Pcs Silver Mini Star Shape Charms - Metal Flat Star Pendants for Jewelry Making and Craft Supplies，star charms，","New","5.69","No",,"Yes","34","31","0","3","54","199.92","0","20","0","0","0","10","31","0","0","31",
"LH1018784","X0024DM7DH","B0DG5CSLL7","CVNRCLP 500PCS Colorful S Clips for Loom Bands - Durable Bracelet Connectors, Ideal for Weaving Necklaces and Craft Projects - Wonderful Accessories for Jewelry Making","New","3.99","No",,"Yes","1","0","0","0","31","144.04","0","30","0","1","0","0","0","0","0","0",
"LH1018785","X0024DJL4Z","B0DG4RN6JG","CVNRCLP 2-in-1 Exfoliating Bath Soap Sponge & Mesh Pouf – Drawstring Soap Shower Ball for Men & Women – Ultimate Bath Supplies for a Refreshing Shower Experience","New","5.59","No",,"Yes","0","0","0","0","0","89.8","0","0","0","0","0","0","0","0","0","0",
"LH1018786","X0024DJUO1","B0DG4PDG3L","CVNRCLP 2-Pack Exfoliating Loofah Sponges for Bath and Shower, Long Stretch Back Scrubber – Gentle Body Cleanser for Men and Women, Pink & Purple","New","5.19","No",,"Yes","0","0","0","0","0","479.81","0","0","0","0","0","10","0","0","0","0",
"LH1018789","X0024EPV1B","B0DG7H4LDL","CVNRCLP Magnetic Needle Case - Slim Metal Sewing Needle Storage Box & Pin Holder for Small Items - Green Organizer for Crafts and Sewing Supplies","New","3.79","No",,"Yes","0","0","0","0","0","72.59","0","0","0","0","0","10","0","0","0","0",
"LH1018790","X0024EQ1GF","B0DG7H8HPL","CVNRCLP 100 Pcs Colorful Wooden Smiley Face Beads for DIY Craft Projects – Cute and Fun for Jewelry Making, Kids’ Crafts, and Creative Activities","New","4.59","No",,"Yes","0","0","0","0","20","199.92","0","20","0","0","0","0","0","0","0","0",
"LH1018793","X0024EOOFF","B0DG85KP23","Aquamarine Stone Beads- 8mm Blue Round Loose Beads for Jewelry Making, DIY Crafting & Bracelet Design - Bracelet for Unisex - Stretch Beaded Bracelet","New","3.99","No",,"Yes","12","10","0","2","12","75.05","0","0","0","0","0","0","10","0","0","10",
"LH1018794","X0024ER7GN","B0DG864LTR","40PCS Swivel Lobster Clasps & Key Ring Making Kit - Includes 20 Lobster Clasps and 20 Keyring Hooks with Split Rings for Jewelry Making, Lanyards, and Crafts - Silver Color","New","3.69","No",,"Yes","0","0","0","0","0","199.92","0","0","0","0","0","10","0","0","0","0",
"LH1018796","X0024EQ0R5","B0DG7V9VDJ","CVNRCLP 30 Pcs Stainless Steel Key Ring Hoops Set - Round Silver Split Rings in 6 Sizes (10mm, 15mm, 20mm, 25mm, 30mm, 35mm) - Durable Metal Key Chain Rings for Organization & DIY Projects","New","5.69","No",,"Yes","54","48","0","6","54","89.96","0","0","0","0","0","0","48","0","0","48",
"LH1018801","X0024EXAV9","B0DG7XWWWS","CVNRCLP Women’s Metal Multi-Layer Chain Belt with Adjustable O-Ring - Stylish Waist Chain Jewelry for Belly Dance, Costumes & Everyday Wear - Elegant Silvery Design","New","4.29","No",,"Yes","0","0","0","0","0","320.04","0","0","0","0","0","10","0","0","0","0",
"LH1018805-1","X002JNSJVV","B0GTTPNSQ9","CVNRCLP Cheese Slicer, Cooked Food Accessories, Stainless Steel Shovel, Cream Sandwich Slicer, 10cm mini Household Kitchen Shovel Tool, 2-piece Set","New","5.09","No",,"Yes","30","30","0","0","30","99.96","0","0","0","0","0","0","30","0","0","30",
"LH1018810","X0024GLRFX","B0DGFXGDBT","CVNRCLP 4-Pack Universal Vertical Baseball & Softball Bat Wall Mount Rack Holder – Securely Display & Store 2 Bats – Easy Installation for Home or Garage","New","8.49","No",,"Yes","39","38","0","1","39","188.62","0","0","0","0","0","0","38","0","0","38",
"LH1018811","X0024GRDKL","B0DGFZWSYQ","CVNRCLP 4-Pack Fence Hooks for Baseball and Softball Gear - Durable Nylon Safety Buckles & Metal Hooks for Hanging Bags and Water Cups - Ideal for Outdoor Sports","New","5.49","No",,"Yes","0","0","0","0","0","76.04","0","0","0","0","0","0","0","0","0","0",
"LH1018813","X0024GQ83T","B0DGG1Y41M","CVNRCLP Messy Bun Hair Piece - Thick, Tousled Updo Elastic Hair Extension for Women - Synthetic Ponytail with Highlights – Light Brown Messy Bun Donut Scrunchie Hair Accessory","New","5.09","No",,"Yes","0","0","0","0","0","337.08","0","0","0","0","0","0","0","0","0","0",
"LH1018814","X0024GTB3X","B0DGFZ7B7K","CVNRCLP Messy Bun Hair Piece for Women, Curly Wavy Synthetic Scrunchie Bun Extensions, Hair Accessories for Updos (Brown, 25g)","New","3.79","No",,"Yes","0","0","0","0","0","337.57","0","0","0","0","0","0","0","0","0","0",
"LH1018819","X0024GM82T","B0DGG329CY","CVNRCLP Natural Loofah Sponge Set - 3 Organic Exfoliating Body Brushes for Deep Cleaning, Unclogging Pores, and Removing Stains & Skin Oils – Eco-Friendly Mesh Sponges","New","4.09","No",,"Yes","0","0","0","0","0","255.97","0","0","0","0","0","0","0","0","0","0",
"LH1018820","X0024GU51F","B0DGG2VM84","Exfoliating Back Scrubber, 31.5 Inch Dual-Sided Shower Loofah with Honeycomb Texture, Soft Natural Fiber Bath Body Brush for Men Women Deep Cleansing, Beige","New","5.69","No",,"Yes","14","14","0","0","14","862.45","0","0","0","0","0","0","14","0","0","14",
"LH1018821","X0024GM9PF","B0DGG3FF6F","CVNRCLP Portable Refillable Perfume Atomizer - 5ml Mini Travel Spray Bottle (Black) - Essential Travel Accessory","New","4.39","No",,"Yes","9","9","0","0","9","39.98","0","0","0","0","0","10","9","0","0","9",
"LH1018825","X0024SL7QF","B0DH28NBT1","CVNRCLP Dog Muzzle for Pitbull Soft Muzzles for Rottweilers American Bully Bulldog Boxers to Prevent Biting and Barking for Medium Large Short Snout Dog for Grooming (M)","New","6.99","No",,"Yes","6","6","0","0","31","270.55","0","25","0","0","0","0","6","0","0","6",
"LH1018832","X0024HGBOJ","B0DGGYVT5P","CVNRCLP Portable Perfume Atomizer - Empty Travel Spray Bottle with Transparent Window, 8ml Mini Size for On-the-Go Fragrance,aftershave spray bottle (Black)","New","4.09","No",,"Yes","16","15","0","0","116","35.56","0","100","0","1","0","0","15","0","0","15",
"LH1018836","X0024HVD47","B0DGKRFRKZ","CVNRCLP Refillable Perfume Atomizer - Portable 5ml Mini Spray Bottle - Leak-Proof Cologne Dispenser for Men and Women - Travel-Friendly Design (Black)","New","4.19","No",,"Yes","0","0","0","0","0","28.51","0","0","0","0","0","0","0","0","0","0",
"LH1018840","X0024HNGPB","B0DGKV6BG2","CVNRCLP Large Claw Clip Messy Bun Hair Piece - Wavy Curly Synthetic Tousled Updo Extensions for Women - Claw Chignon Ponytail Scrunchie Hairpiece","New","5.99","No",,"Yes","58","57","1","0","58","562.57","0","0","0","0","0","0","57","0","0","57",
"LH1018844","X0024I056X","B0DGKSKTDN","CVNRCLP 4-Pack Kumihimo Braiding Disks Set - Round & Square Foam Craft Plates for Beading, DIY Bracelets, and Jewelry Making - Ideal Knitting Tools for Craft Enthusiasts","New","4.19","No",,"Yes","11","11","0","0","41","266.13","0","30","0","0","0","0","11","0","0","11",
"LH1018846","X0024I8PX3","B0DGLBS76C","CVNRCLP 6-Piece Fruit Opener Set - Kiwi Spoon & Slicer for Effortless Cutting of Kiwi, Dragon Fruit, Orange & More - Essential Kitchen Tool for Fruit Lovers","New","4.39","No",,"Yes","16","13","0","3","16","252.03","0","0","0","0","0","0","13","0","0","13",
"LH1018850","X0024IACBB","B0DGLFCK89","CVNRCLP Apple Cutter & Corer - Premium Fruit Slicer for Apples, Pears & More | Durable Plastic with Sharp Stainless Steel Blade | Effortless Core & Seed Removal | Available in Red & Green","New","4.19","No",,"Yes","35","34","0","1","35","448.02","0","0","0","0","0","10","34","0","0","34",
"LH1018851","X0024HWPKD","B0DGLDTMS2","Slate Cheese Marker Set - 4 Decorative Toothpick Flags, Black Cheese Labels - Ideal for Cheese Platters, Appetizers and Plant Labels","New","5.39","No",,"Yes","0","0","0","0","0","159.94","0","0","0","0","0","0","0","0","0","0",
"LH1018860","X0024IANUV","B0DGLKJP8T","CVNRCLP Men's Silver Curb Chain Bracelet - Chunky Stainless Steel Bangle for Men & Women, Available in 9mm, Trendy Hip Hop Jewelry Gift for Boys & Rapper Style","New","4.49","No",,"Yes","42","40","0","2","72","17.37","0","30","0","0","0","0","40","0","0","40",
"LH10188688","X0024WACRV","B0DHCGTH8F","CVNRCLP Summer Dog T-Shirt for Small & Medium Dogs - Soft & Stretchy Chihuahua Clothes with Colorful Heart Design - Ideal for Small Dogs and Cats","New","4.79","No",,"Yes","14","13","0","1","14","149.94","0","0","0","0","0","0","13","0","0","13",
"LH10188708","X0024WG1WB","B0DHCJS89M","CVNRCLP 10PCS Snooker Pool Cue Ferrules - Brass Cue Tip Replacement Accessories (5PCS Each - 9mm & 10mm) for Billiards Repair","New","6.79","No",,"Yes","39","34","0","5","39","29.17","0","0","0","0","0","0","34","0","0","34",
"LH10188713","X0024YO3KV","B0DHJY3FVW","CVNRCLP 7.9in Stainless Steel Lab Spatula - Double-Ended Laboratory Sampling Spoon with Flat Square & Spoon Ends for Precise Measurement and Mixing.","New","4.29","No",,"Yes","20","20","0","0","20","79.97","0","0","0","0","0","0","20","0","0","20",
"LH10188716-1","X002JH7W1F","B0GSZCNB8L","16 Pieces Cute Mini Fruit Forks Sunflower Ladybird Fruit Forks Children Plastic Ben-to-Box Accessories for Adults Children High Quality Plastic Easy to Clean","New","4.59","No",,"Yes","7","7","0","0","7","99.96","0","0","0","0","0","0","7","0","0","7",
"LH10188717","X0024YNZR3","B0DHJS5R55","4-Piece Stainless Steel Cocktail Fork Set – Portable Tiny Appetizer, Travel, and Home Use – Perfect Accessories for Tasting Fruits and Small Dishes，Pickle Fork，Olive Forks，Fruit Forks","New","6.59","No",,"Yes","0","0","0","0","0","271.04","0","0","0","0","0","10","0","0","0","0",
"LH10188719","X0024Y1BS3","B0DHH2MR7S","CVNRCLP 2-Piece Snooker Gloves Set - 3-Finger Anti-Slip Billiard Gloves for Pool and Snooker Players, Left Hand Design, Breathable Spandex Fabric, Perfect Accessories & Gift for Men and Women (Black)","New","2.79","No",,"Yes","0","0","0","0","0","49.98","0","0","0","0","0","0","0","0","0","0",
"LH10188720","X0024XCZI9","B0DHFXYXZ5","CVNRCLP 6 Pcs Nylon Mesh Pool Table Pocket Nets - Durable Hollow Out Billiards & Snooker Table Bags for Training - White","New","7.39","No",,"Yes","37","37","0","0","37","400.01","0","0","0","0","0","0","37","0","0","37",
"LH10188751","X0024XWS8L","B0DHGQWJHM","CVNRCLP Silicone Lip & Concealer Makeup Brush Set - 2 Premium High Elastic Silicone Brushes for Lip Balm, Lip Gloss, Lipstick, and Concealer Application.silicone lip brush","New","3.59","No",,"Yes","0","0","0","0","0","47.19","0","0","0","0","0","0","0","0","0","0",
"LH10188754","X0024XL5S5","B0DHG8F9DW","CVNRCLP 5-Pack Double-Ended Dotting Pens for Nail Art – Stainless Steel Nail Painting Tools for DIY Decoration & Design","New","4.19","No",,"Yes","0","0","0","0","0","58.83","0","0","0","0","0","0","0","0","0","0",
"LH10188760","X0024XNBTB","B0DHG8RXSL","100 Pcs Nail Art Sponges for Ombre Designs – Soft Application Sponges with Grabbing Pen & Ombre Brush for Stunning Nail Art，ombre nail art brush，sponge for ombre nails","New","4.29","No",,"Yes","1","0","0","0","1","351.5","0","0","0","1","0","0","0","0","0","0",
"LH10188763","X0024XNZ2T","B0DHG9T5K5","CVNRCLP 2-Pack Double-Sided Foot Pumice Stone Set – Exfoliating Foot Scrubbers for Hard Skin & Callus Removal – Volcanic Stone Rubbing Tools for Smooth Feet (Blue)","New","5.09","No",,"Yes","9","9","0","0","79","199.92","0","70","0","0","0","0","9","0","0","9",
"LH10188764","X0024XLBDT","B0DHGBFX8G","CVNRCLP Hypoallergenic Sterling Silver Earrings for Women | 14K Gold Plated Rhombus & Triangle Design | Elegant Rectangular Shapes | Birthday Gifts for Women and Girls","New","4.00","No",,"Yes","0","0","0","0","0","3.93","0","0","0","0","0","0","0","0","0","0",
"LH10188765","X0024XIA79","B0DHG8SGQ4","CVNRCLP Sterling Silver Hypoallergenic Earrings for Women – 14K Gold Plated Rhombus & Triangle Design – Elegant Birthday Gifts for Girls and Women","New","3.69","No",,"Yes","0","0","0","0","0","3.93","0","0","0","0","0","0","0","0","0","0",
"LH10188768","X0024XLCOH","B0DHGCL6N7","CVNRCLP Sterling Silver Hypoallergenic Earrings for Women - 14K Gold Plated Rhombus and Triangle Design","New","3.69","No",,"Yes","0","0","0","0","0","6.06","0","0","0","0","0","10","0","0","0","0",
"LH2018883","X0025DKCD3","B0DJNY4TQZ","6-Pack ID Badge Holders - Double-Sided Horizontal Hard Plastic Card Protectors for Office, School, Credit Cards, Driver's Licenses, and Key Cards - Durable Black Pouches，Pass Holder","New","6.09","No",,"Yes","25","25","0","0","25","240.07","0","0","0","0","0","0","25","0","0","25",
"LH2018891","X0025DMMPT","B0DJP4TX1Q","CVNRCLP 6-Pack Pet Bells for Collars - Loud Triple Bell Pendant Charms for Dog and Cat Collars, Ideal for Decoration and Training Key Rings","New","4.39","No",,"Yes","0","0","0","0","0","89.96","0","0","0","0","0","0","0","0","0","0",
"LH2018894","X0025DIUZF","B0DJNT8MK4","CVNRCLP 2-Pack Cat Grooming Gloves | Pet Dog Brush Gloves for Gentle De-Shedding | Comfortable Grooming Tool for Long & Short Hair","New","5.89","No",,"Yes","37","36","0","1","37","828.04","0","0","0","0","0","60","36","0","0","36",
"LH2018896","X0025DJ2RZ","B0DJNSV8W1","CVNRCLP 4-Pack Blonde Hair Donut Bun Makers Set – Small Bun Rings with 10 Hair Pins for Effortless Updos and Stylish Buns","New","4.59","No",,"Yes","7","7","0","0","27","650.07","0","20","0","0","0","10","7","0","0","7",
"LH2018899","X0025DHV3R","B0DJNVLV7T","CVNRCLP 8-Piece Metal Hair Parting Tool Set – Curling and Braiding Rings for Sectioning, Halloween Cosplay Claws, Retro Finger Accessories in Gold & Silver","New","4.99","No",,"Yes","17","15","0","1","47","320.04","0","30","0","1","0","10","15","0","0","15",
"LH2018902","X0025DKBDJ","B0DJNTV8NP","CVNRCLP Women's Long Black Fingerless Arm Warmers – Thermal Stretchy Knit Gloves with Thumb Hole, Elbow Length Winter Gloves for Enhanced Warmth & Style","New","4.79","No",,"Yes","13","13","0","0","33","240.07","0","20","0","0","0","20","13","0","0","13",
"LH2018905","X0025DNN1V","B0DJNWY5R3","4 Pack Soft Wide Headbands for Women, Elastic Knotted Hairbands, 95% Polyester 5% Spandex Comfortable Adult Hair Accessories, Black White Dark Gray Light Gray","New","5.49","No",,"Yes","0","0","0","0","0","484.07","0","0","0","0","0","20","0","0","0","0",
"LH2018906","X0025DRYU7","B0DJNY4WQS","CVNRCLP 40 Pcs Sparkly Silver Hair Clips - Snap Hairpins for Women, Durable and Stylish Hair Accessories, Gentle Grip for All Hair Types, Perfect for Everyday Use and Thoughtful Gifts","New","4.89","No",,"Yes","35","34","0","1","35","192.06","0","0","0","0","0","0","34","0","0","34",
"LH2018908","X0025DOK9F","B0DJNYCKP1","CVNRCLP Professional 2-in-1 Lash Lift Tool Kit - Stainless Steel Lash Lift & Tint Supplies with Metal Rods and Eyelash Separator Comb - Perfect for Salon & Home Use","New","4.99","No",,"Yes","7","7","0","0","37","150.43","0","30","0","0","0","0","7","0","0","7",
"LH2018908-1","X002J7XQ33","B0GS58LXJR","Professional 2-in-1 Lash Lift Tool Kit - Stainless Steel Lash Lift & Tint Supplies with Metal Rods and Eyelash Separator Comb - Perfect for Salon & Home Use","New","5.19","No",,"Yes","38","37","0","1","68","99.96","0","30","0","0","0","0","37","0","0","37",
"LH2018912","X0025DQN95","B0DJP7HN7C","CVNRCLP Garlic Peeler - Silicone Roller for Easy Garlic Clove Skin Removal, Odor-Free Peeling Tool with Internal Wave Design,Garlic Peeler Skin Remover","New","4.19","No",,"Yes","2","0","0","2","132","986.67","0","130","0","0","0","0","0","0","0","0",
"LH250603","X002C2J4VD","B0FDFV978B","CVNRCLP Integrated Dart Flight And Arrow Shaft, One-Piece Dart Flight, Professional Accessories","New","4.49","No",,"Yes","0","0","0","0","0","171.57","0","0","0","0","0","15","0","0","0","0",
"LH250605","X002C2PFBB","B0FDGBVCSG","10 Pcs Brown Wooden Buttons, Red-Brown, Handmade for Knitting Sewing Clothes Art DIY Craft","New","3.99","No",,"Yes","0","0","0","0","0","300.05","0","0","0","0","0","20","0","0","0","0",
"LH250611","X002C32LUX","B0FDGHVM1M","2 Pack Hollow Tooth Dandruff Comb, Press Type Scalp Care Comb for Oil Dirt Removal, Massage Handle Hair Detangling Comb for Men Women All Hair Types","New","3.99","No",,"Yes","0","0","0","0","0","185.67","0","0","0","0","0","15","0","0","0","0",
"LH250615","X002C39AOX","B0FDGHSQDQ","20 Pack Interdental Brushes, Soft Nylon Bristle Dental Floss Brushes with Bendable Wire, Red Oral Hygiene Brushes for Braces, Crowns, Bridges & Teeth Gap Cleaning, Adults","New","4.39","No",,"Yes","0","0","0","0","0","58.83","0","0","0","0","0","0","0","0","0","0",
"LH250620","X002C31055","B0FDGMSYGR","Non Stick Wooden Spatula - Teak Turner for Cast Iron with Hanging Hole, Flat Small Wood Flipper, Egg Scraper Cooking Utensil","New","4.49","No",,"Yes","0","0","0","0","0","122.41","0","0","0","0","0","0","0","0","0","0",
"LH250624","X002C3S2AL","B0FDK49G4S","Eyeshadow Primer Brush, Flat Concealer Brush, Professional Tools for Applying Cream, Blending, Liquid Shadows Eye Primer Base","New","3.69","No",,"Yes","16","14","0","0","16","32.94","0","0","0","2","0","0","14","0","0","14",
"LH250625","X002C3SRRT","B0FDK6MTK4","Streaker Combs, Anti Static Wide Tooth Hair Styling Detangling Comb Compact Palm-Sized No Handle Afro Comb for Men Women Curly Wavy Wig Salon Barber Home Office Travel Purse","New","3.69","No",,"Yes","14","13","0","1","44","69.97","0","30","0","0","0","0","13","0","0","13",
"LH250626","X002C3RJAZ","B0FDK76JSF","Pasta Measurer Tool S-Shaped Spaghetti Ruler Stainless Steel Spaghetti Measurer Pasta Portion Control Measure for Convenient Durable Kitchen Cooking Gadgets","New","4.39","No",,"Yes","11","11","0","0","11","26.06","0","0","0","0","0","0","11","0","0","11",
"LH250629","X002C3SQEN","B0FDK6PYM1","CVNRCLP TRHDFW Men's Black Self-Tie Bow Tie, Solid Polyester Bowtie with Adjustable Strap, 7cm Width, Formal Tuxedo Wedding Business Party Bow Tie, Adult Size","New","3.69","No",,"Yes","0","0","0","0","0","300.05","0","0","0","0","0","15","0","0","0","0",
"LH250631","X002C3SOYZ","B0FDK9ZPSC","CVNRCLP Retractable Body Tape Measure, 60 Inch 150cm Soft Measuring Tape with Push Button Retract & Lock Pin System, Portable Black Measurement Tape for Waist Chest Arms Thighs Hips","New","4.19","No",,"Yes","0","0","0","0","0","215.98","0","0","0","0","0","15","0","0","0","0",
"LH250633","X002C3PYKR","B0FDKHJKFF","CVNRCLP Y-Shaped Vegetable Peeler, Premium Stainless Steel Potato Fruit Peeler with Ergonomic Non-Slip Handle, Multifunctional Kitchen Tool for Peeling Slicing Cutting","New","5.19","No",,"Yes","1","0","0","1","1","258.1","0","0","0","0","0","15","0","0","0","0",
"LH250652","X002C301S7","B0FDGGC61H","CVNRCLP Unisex Elastic Stretch Belt, Metal-Free Adjustable Web Belt for Men Women, TSA Airport Friendly Quick Release Buckle, Lightweight Polyester Work Sports Casual Belt, Black","New","3.89","No",,"Yes","0","0","0","0","0","59.98","0","0","0","0","0","0","0","0","0","0",
"LH250653","X002C301RX","B0FDGHBHQ1","CVNRCLP No Buckle Belt Buckle Free Men No Show Elasticated Elastic Durable Invisible Adjustable Waist Belt Buckless Stretch Unisex for Jeans Pants","New","3.49","No",,"Yes","20","18","0","2","20","59.98","0","0","0","0","0","0","18","0","0","18",
"LH250657","X002C3580N","B0FDGM9366","Women Small Hair Clips Barrettes Grips, 3 PC Hair Claw for High Ponytail Diamante Sparkly Accessories Crystal Hairpins, Wedding Guest Everyday Wear Prom Party Ponytail Holder Women Girls Gift","New","4.89","No",,"Yes","0","0","0","0","100","46.05","0","100","0","0","0","0","0","0","0","0",
"LH250659","X002C32P9F","B0FDGL2DVQ","CVNRCLP Pilotfish No Tail Adjustable Eyewear Retainer Cable Strap: Sunglasses, Eyeglasses, Glasses","New","3.99","No",,"Yes","11","10","0","1","11","33.59","0","0","0","0","0","15","10","0","0","10",
"LH250660","X002C3CV17","B0FDGL5DKM","CVNRCLP Womens Wide Elastic Waist Belt Cinch Belt Trimmer Stretch Waistband","New","9.49","No",,"Yes","15","15","0","0","15","59.98","0","0","0","0","0","0","15","0","0","15",
"LH250666","X002C4F2X5","B0FDKYG476","CVNRCLP Large Pull Bows Wrapping Pull Bow Ribbon，Silver Gift Wrap Bows for Gift Wrapping Baskets Wedding or Flower Decorations, Valentine's Day Birthday Decorations","New","4.58","No",,"Yes","0","0","0","0","0","79.97","0","0","0","0","0","15","0","0","0","0",
"LH250667","X002C4E39T","B0FDL1VNY8","Red & Green Tartan Ribbon - Gold Edge Plaid Ribbons for Crafts, Gift Wrapping, Cake & Wreath Bows","New","4.39","No",,"Yes","28","26","0","2","28","90.29","0","0","0","0","0","15","26","0","0","26",
"LH250668","X002C49MGD","B0FDL1K353","TRHDFW Gold Multi‑Layer Waist Chain, O‑Ring Metal Body Chain, Adjustable Lobster Clasp Belt, Alloy Waistband for Dresses Jeans Bikinis, Women’s Fashion Accessory","New","5.29","No",,"Yes","0","0","0","0","0","79.97","0","0","0","0","0","15","0","0","0","0",
"LH250669","X002C4G225","B0FDL15CQ8","CVNRCLP Women Skinny Elastic Waist Belt Thin Gold Metal Stretch Chain Belt for Dresses with Interlock Buckle","New","4.39","No",,"Yes","9","9","0","0","9","99.96","0","0","0","0","0","15","9","0","0","9",
"LH250671","X002C4W26Z","B0FDPVJ9TT","CVNRCLP Large Pull Bows Wrapping Pull Bow Ribbon，Gold Gift Wrap Bows for Wrapping Baskets Wedding or Flower Decorations, Valentine's Day Birthday Gift Decorations","New","4.25","No",,"Yes","12","12","0","0","12","945.21","0","0","0","0","0","0","12","0","0","12",
"LH250674","X002C549PV","B0FDQ5928X","CVNRCLP 30pcs Large Organza Christmas Pull Bows for Gift Wrapping, Gold Pulled Bow Ribbons Gift Bows for Present Wedding Car Baskets","New","6.59","No",,"Yes","0","0","0","0","0","1083.68","0","0","0","0","0","0","0","0","0","0",
"LH250684","X002C5PX9H","B0FDQYTL2P","CVNRCLP No Tail Adjustable Eyewear Retainer Cable Strap: Sunglasses, Eyeglasses, Glasses","New","3.69","No",,"Yes","23","21","1","0","53","878.84","0","30","0","1","0","0","21","0","0","21",
"LH250687","X002C3PAZB","B0FDKF2BJD","CVNRCLP Silk Scrunchies for Frizz Prevention, 100% Mulberry Silk Hair Scrunchies for Prevention of Breakage, Elastic Polytail Tail Supports, Black+Pink","New","4.39","No",,"Yes","11","11","0","0","11","99.96","0","0","0","0","0","0","11","0","0","11",
"LH51001","X002F7IRFT","B0FV8KNQT2","CVNRCLP 2 Pack Wall Mount Mobile Phone Charger Holder, Adhesive Remote Wall Stand for Charger, Phone Holders for Kitchen Shower Bed Wall (phone Holder for Remote (White)","New","5.79","No",,"Yes","4","2","1","1","124","99.96","0","120","0","0","0","0","2","0","0","2",
"LH51002","X002F7QAYT","B0FV8LW9XH","CVNRCLP 4 Pcs Remote Control Holder Wall Mounted Remote Control Storage Box, Self-adhesive Hanging Sundries Organizer Storage Boxes for Home Office Key Pen Mobile Phone Storage Box Holder","New","6.09","No",,"Yes","40","34","2","3","40","2996.87","0","0","0","1","0","0","34","0","0","34",
"LH51003","X002F72T3P","B0FV8LHQJH","CVNRCLP 4Pcs Wall Mount Phone Holder, Strong Adhesive Phone Wall Mount for Mobile Phones and Remotes, Compact Wall Phone Holder for Kitchen Shower Bedside Office Space-Saving Wall Storage","New","6.89","No",,"Yes","14","14","0","0","14","2452.98","0","0","0","0","0","0","14","0","0","14",
"LH51004","X002F8BBFV","B0FVDL7DWR","Key Ring Hoops Nickel 50mm Split Key Rings Loop Sprung Hoop Round Flat Key Chains Key Ring Hoop for Car Home Keys Organization Arts & Crafts Lanyards Keys Pack of 10.","New","5.89","No",,"Yes","14","14","0","0","14","99.96","0","0","0","0","0","0","14","0","0","14",
"LH51005","X002F8FJDV","B0FVD49LFH","CVNRCLP Camera Strap Triangle Split Ring Plastic Cap","New","3.09","No",,"Yes","12","10","0","1","42","99.96","0","30","0","1","0","0","10","0","0","10",
"LH51006","X002F89JX7","B0FVD5RB4H","50pcs Metal Keyring Rings, Metal Split Rings for Keychains Car Home Keys Dog Tags, Pendants Jewellery Making DIY Crafts Lanyards, Diameter: 0.78""/2cm","New","6.59","No",,"Yes","15","15","0","0","15","99.96","0","0","0","0","0","0","15","0","0","15",
"LH51007","X002F8GAAH","B0FVFF6RJV","Metal Key Rings Large Flat Split in Bulk Heavy Duty Strong Keyrings Round Keychains Attachment for Car Office Home Dog Tag DIY","New","10.89","No",,"Yes","15","15","0","0","15","99.96","0","0","0","0","0","0","15","0","0","15",
"LH51008","X002F8MI99","B0FVFDMXPG","CVNRCLP Titanium Keychain Rings, Split Side Pushing Key Rings Split Key Ring Circle Assorted for Home Car Office Keys Attachment","New","6.26","No",,"Yes","14","14","0","0","14","99.96","0","0","0","0","0","0","14","0","0","14",
"LH51009","X002F8IHN5","B0FVFC5LFY","Plastic Key Tags with Split Ring Keychain ID Luggage Label Window, Red 15Pcs","New","6.19","No",,"Yes","15","15","0","0","15","99.96","0","0","0","0","0","0","15","0","0","15",
"LH51010","X002F8LXEP","B0FVFFS9JM","Nail Cleaning Brush, Plastic Handle Scrubbing Brush with Soft Bristles for Hand Toes Nail Home Garden Salon Use","New","6.89","No",,"Yes","15","15","0","0","15","99.96","0","0","0","0","0","0","15","0","0","15",
"LH51012","X002F8IUF5","B0FVFF8SVC","2 Pcs Wooden Firm Nail Brushes, Wood Double Sided Nail Scrub Brush with Stiff Bristles, Nail Deep Cleaning Brushes for Fingernails Footnails Makeup Manicure Pedicure Accessories for Men Women","New","8.09","No",,"Yes","35","33","0","2","39","99.96","0","0","4","0","0","0","33","0","0","33",
"LH51013","X002F8JL9T","B0FVFGQSHH","Plastic Nail Brush with Ergonomic Handle - Eco-Friendly Nail Cleaning Tool for Home and Salon Use","New","4.99","No",,"Yes","44","43","0","0","44","99.96","0","0","0","1","0","0","43","0","0","43",
"LH51014","X002F8JJDH","B0FVFGFL8V","Brown Wooden Nail Brush, Natural Beech Wood Bristle Nail Brush Non-Slip Fingernail Hand Scrub Brush Nails and Toes Cleaning Tools Accessories","New","6.89","No",,"Yes","16","15","0","0","16","99.96","0","0","0","1","0","0","15","0","0","15",
"LH51015","X002F8NQAT","B0FVFFHLJG","5pcs Nail Art Liner Brushes, Fine Nail Art Pens Thin Detail Fingernails Long Line Painting Striping Brushes Drawing Tool for Gel Polish, Size 7/9/11/15/25mm (Pink)","New","4.79","No",,"Yes","15","15","0","0","15","99.96","0","0","0","0","0","0","15","0","0","15",
"LH51016","X002F86Q7J","B0FVFJ1Y3Q","Dog Harness Puppy Harness Small Dog Harnesses Waterproof Soft Mesh Fabric Cat Puppy Pet Adjustable Harnesses Lead Leash (S, Black)","New","5.19","No",,"Yes","56","52","0","4","56","99.96","0","0","0","0","0","0","52","0","0","52",
"LH51017","X002F86SE5","B0FVFL28WP","Dog Seat Belt for Car Dog Lead Headrest Harness with Reflective and Adjustable Heavy Duty Nylon Strap and Anti-shock Elastic Bungee (Black)","New","7.39","No",,"Yes","15","15","0","0","15","99.96","0","0","0","0","0","0","15","0","0","15",
"LH51018","X002F8PD9B","B0FVFKJYLT","Adjustable Dog Car Seat Belt - Pet Safety Harness with Elastic Strap for Car Travel, Universal Fit - Red Dog Travel Safety Belt","New","6.39","No",,"Yes","15","15","0","0","15","99.96","0","0","0","0","0","0","15","0","0","15",
"LH51019","X002F8L8H7","B0FVFLR1X1","2-in-1 Stainless Steel Egg Slicer - Heavy-Duty Egg Slicer for Boiled Eggs, Multifunctional Dicer and Slicer for Bananas, Strawberries, and Soft Fruits","New","5.09","No",,"Yes","0","0","0","0","29","99.96","0","29","0","0","0","0","0","0","0","0",
"LH51020","X002F876AF","B0FVFPFSY5","Egg Shell Remover, Egg Opener, Stainless Steel Egg Cracker Topper, Eggshell Cutter, Stainless Steel Kitchen Tool, for Soft-Boiled Eggs and Egg Crackers","New","4.99","No",,"Yes","0","0","0","0","0","831.64","0","0","0","0","0","0","0","0","0","0",
"LH51021","X002F8OTLJ","B0FVFPJX5L","2-Piece Egg Slicer Set, Creative Egg Cooker for Home Kitchen, Decorative Shaped Egg Slicer, Multifunctional Slicer","New","5.19","No",,"Yes","14","14","0","0","14","19.99","0","0","0","0","0","0","14","0","0","14",
"LH51022","X002F9BN35","B0FVKTFJRV","Ring Pull Pop Top Can Opener Easy Open Any Pull Tab Can Cans Tab Opener Tool for The Seniors Beer Cat Cans pet Food Soda Parkinsons Aids Life Gifts Arthritis Patients Gadgets Kitchen Gadgets","New","6.48","No",,"Yes","14","13","0","0","14","417.54","0","0","0","1","0","0","13","0","0","13",
"LH51101","X002FQ7125","B0D95R5M45","JYTDBCS Natural Bristle Body Brush for Dry Brushing, Back Scrubber With Exfoliating and Massage for Blood Circulation, Cellulite Treatment","New","5.29","No",,"Yes","0","0","0","0","0","510.78","0","0","0","0","0","0","0","0","0","0",
"LH51102","X002FQE4FR","B0DBQWCL1K","5PcsJYTDBCS Open Toe Rings Set for Women Girls Silver Simple Adjustable Knuckle Ring Foot Jewelry Toe Ring Toe Ring Silver","New","6.29","No",,"Yes","66","65","0","0","96","49.98","0","30","0","1","0","0","65","0","0","65",
"LH51103","X002FPWNY7","B0D83DSDY3","2 Pieces Handheld Facial Hair Removal Threading Beauty Epilator Tool Removal Threader Remover Spring Facial Hair Epilator Use for Women Face Hair Removing Beauty Tools Random Color","New","4.49","No",,"Yes","52","51","0","1","52","389.03","0","0","0","0","0","0","51","0","0","51",
"LH51104","X002FQ71BV","B0DBVCJXLN","JYTDBCS Rabbits Harness Elastic Lead Soft Padded Pet Vest Adjustable Rabbit Leash and Harness Set Pet Harness and Lead for Hamsters Small Cats Bunny Dogs Scrunchies Rabbit Harness And Lead Set","New","7.99","No",,"Yes","99","98","0","1","99","1533.17","0","0","0","0","0","0","98","0","0","98",
"LH51105","X002FPN69N","B0D7PYZXLD","JYTDBCS 2 Pcs Ice Cream Scoop Stainless Steel Ice Cream Spoon,Restaurant Cooking Kitchen Utensils Ice Cream Potato Salad Meat Dumplings Stainless Steel Material Ice Cream Scoop","New","7.09","No",,"Yes","32","13","0","19","32","1731.62","0","0","0","0","0","0","13","0","0","13",
"LH51107","X002FPNN6T","B0DBVCXGYN","JYTDBCS 200 Pcs Bamboo Skewers, BBQ Kebab Sticks, Wooden Paddle Pick Bamboo Skewers,Flat Burger Paddle Sticks Wooden, Mini Wooden Stirrers Stick, Charcuterie Accessories Burger Sticks","New","6.39","No",,"Yes","10","9","0","0","40","1685.9","0","30","0","1","0","0","9","0","0","9",
"LH51108","X002FQEK4H","B0CTH965PF","JYTDBCS Hose Tap Connector 3/4 inch and 1/2 inch BSP 2in1 Plastic Outdoor Graden Hose Tap Connector Threaded Faucet Adapter (2Pack)","New","5.09","No",,"Yes","40","39","0","1","40","99.96","0","0","0","0","0","0","39","0","0","39",
"LH51110","X002FPN6LB","B0D9JNWG3P","JYTDBCS Dog Puzzle Feeder Toy Ball - Slow Feeder, Interactive Dog Toy, Treat Dispenser","New","6.29","No",,"Yes","7","7","0","0","37","720.05","0","30","0","0","0","0","7","0","0","7",
"LH511100","X002FQDJ67","B0DBQ8K6ZN","JYTDBCS 3-Prong Golf Ball Retriever Grabber for Golf Putter Grip Portable Pick-up Claw Plastic Picker Upper Suction Cup Grip Sucker Tool Back Saver 4 Pack golf Ball Retriever For Putter","New","5.99","No",,"Yes","19","18","0","1","19","149.94","0","0","0","0","0","0","18","0","0","18",
"LH511101","X002FQAWQH","B0DBVCVGNC","JYTDBCS 60 Pcs Drink Tags Party Drink Tag Clear Drink Marker Champagne Glass Marker Tag Wine Glass Charms for Bar Wedding Wine Tasting Party","New","5.39","No",,"Yes","30","28","0","2","50","270.06","0","20","0","0","0","0","28","0","0","28",
"LH511104","X002FQDJ2B","B0D95PRHFX","JYTDBCS Aluminum Sawing Machine Dust Bag Outlet 10 inch Aluminum Cutting Machine Dust Collecting Bag Spring Accessories","New","4.39","No",,"Yes","0","0","0","0","0","2068.7","0","0","0","0","0","0","0","0","0","0",
"LH511105","X002FPOB9R","B0DBQ84DRZ","JYTDBCS Silicone Squeegee for Shower Glass Door, Window Squeegee,6 Inch Small Squeegee for Window Cleaning All-Purpose Windshield Cleaning Tool for Car Window, Windshield, Mirror, Bathroom","New","5.60","No",,"Yes","23","22","0","1","23","99.96","0","0","0","0","0","0","22","0","0","22",
"LH511106","X002FQDG5L","B0D8FPWTFJ","Car Essential Oil Diffuser, Natural Air Freshener With 2 Feet Clip and 10 Refill Felt Pads for Car, Office, Room or Other Indoor Places","New","6.19","No",,"Yes","20","20","0","0","20","168.95","0","0","0","0","0","0","20","0","0","20",
"LH511107","X002FQFIBB","B0D927HNK1","JYTDBCS 6 Pcs Stainless Steel Non Stick Double Rolled Baking Rings for Baking Cookie Desserts Pancake Eggs Muffin","New","8.19","No",,"Yes","1","0","0","1","1","2885.27","0","0","0","0","0","0","0","0","0","0",
"LH511108","X002FQGGE9","B0DBQCP36C","JYTDBCS Chimney Nuts Spire Clips Lug Speed Fasteners U Nuts Fixings Panel M6","New","6.89","No",,"Yes","30","30","0","0","60","169.11","0","30","0","0","0","0","30","0","0","30",
"LH511109","X002FQBK0T","B0D7T81HC9","2 Pack Hair Fork French Pins For French Twist U Shaped Hair Pin Fork Sticks 2 Prong Updo Chignon Pin for women fiona franchimon hairpin,u shaped hair pin french,hair pins for women updo","New","3.59","No",,"Yes","10","8","0","2","50","58.01","0","40","0","0","0","0","8","0","0","8",
"LH51111","X002FQ9FIX","B0DBVCPRGV","JYTDBCS Mini Moto Pull Start Pull Starter 49CC Mini Alloy Pull Starter Part Recoil Moto Start For 49CC Mini Pocket Dirt Bike Atv Quad Black","New","8.49","No",,"Yes","30","24","4","2","100","1110.88","0","70","0","0","0","0","24","0","0","24",
"LH511110","X002FQGB7V","B0DBQG6LQK","JYTDBCS 6Pcs Wooden Handle in The Cob Handlesstainless Steel Pickle Fork Stainless Steel BBQ Meat Fruit Forks Barbecue Corn Holder","New","6.89","No",,"Yes","5","5","0","0","25","99.96","0","20","0","0","0","0","5","0","0","5",
"LH511111","X002FQF0ZP","B0DBZHP6ZX","JYTDBCS 1 Pcs Box Plug Socket Covers,Socket CoversSelf Adhesive Single Plug for Safety,Socket Cover Box for Sockets Waterproof Dustproof Plug Socket Covers for Home Electrical Outlet Protector","New","5.59","No",,"Yes","17","16","0","1","17","1014.69","0","0","0","0","0","0","16","0","0","16",
"LH511112","X002FQAYJ7","B0D9Y9GXXY","JYTDBCS Chicken Feet Boneless Plier Bone Remover, Fish Bone Duck Boning Removal Tool for Plucking, Removing, Dining Room，Fish Bone Remover","New","5.49","No",,"Yes","9","9","0","0","29","202.22","0","20","0","0","0","0","9","0","0","9",
"LH511113","X002FPODZJ","B0DBQFS88X","JYTDBCS Silicone Bread Sling Non-Stick Heat Resistant Dutch Oven Bread Baking Mat Easy Clean Reusable Sourdough Bread Placing Liner Sheet with Extra Long Handles for Home,sourdough Silicone Sling","New","5.49","No",,"Yes","20","19","0","1","20","8000","0","0","0","0","0","0","19","0","0","19",
"LH511114","X002FQGH4N","B0DBZCGV7R","JYTDBCS 5PCS Facial Muscle Exerciser, Facial Muscle Exerciser, Exercise Slim Toner Flex Face Smile Tools, Face Muscle Trainer Facial Exercise Toning kit","New","3.79","No",,"Yes","0","0","0","0","0","245.97","0","0","0","0","0","0","0","0","0","0",
"LH511115","X002FQBKNV","B0DCG3XF1Q","JYTDBCS Black Dumbbell Bracelet, Volcanic Lava Elastic Natural Stone Bead Bracelet, Stainless Steel Barbell Jewelry for Fitness Men, Jewelry Gifts for Fitness Yoga Men and Women","New","3.69","No",,"Yes","17","16","0","0","17",,"0","0","0","1","0","0","16","0","0","16",
"LH511116","X002FQ292R","B0DB25SFR1","JYTDBCS Ring 3 Qt Replacement Silicone Gasket Seal Rings for 3 Quart Insta Pot Accessories Parts 2 Pack, Sealing Ring, Seals, Silicone","New","6.39","No",,"Yes","29","29","0","0","29","3156.97","0","0","0","0","0","0","29","0","0","29",
"LH511117","X002FQG9YV","B0DCG6Z875","JYTDBCS Luxury Cat Collars with Bow Tie and Bell | Safe Quick Release Breakaway Buckle | Cat Collars (Beige Leopard Print Bandana)","New","5.39","No",,"Yes","8","6","0","2","28","170.26","0","20","0","0","0","0","6","0","0","6",
"LH511118","X002FQF1AJ","B0D7ZJ47CQ","JYTDBCS Zipper Pull, Repair, Chuck, Handle, Replacement, Pull Tab, Bag, Wallet, Jumper, Easy Installation, Sewing, Handmade, Craft, DIY, Metal,(Light Silver/Large (4 Pieces))","New","3.09","No",,"Yes","2","0","0","0","2","76.36","0","0","0","2","0","0","0","0","0","0",
"LH511119","X002FQG9KF","B0D9LFFP1Y","JYTDBCS 8Pcs Table Soccer Handle Grips, Anti‑Slip Fussball Table Rubber Handle Covers, Replacement Plastic Grips for Home Game Room Accessories","New","6.89","No",,"Yes","2","1","0","0","72","599.93","0","70","0","1","0","0","1","0","0","1",
"LH51112","X002FQE5TR","B0D7TC52NX","Ring Pull Can Opener Tin Opener Arthritis Aids jar Opener for weak Hands Ring Pull can Opener aid tin openers That Work,Can openers That Work","New","4.79","No",,"Yes","15","8","0","6","45","235.65","0","30","0","0","0","0","8","0","1","9",
"LH511120","X002FQHLMP","B0DBVF69V8","JYTDBCS Birthday Gifts for 1-6 Year Old Girls, Pink Pearl & White Pearl Ball Adjustable Number Bracelets with Birthday Card for Daughter Granddaughter Niece","New","4.89","No",,"Yes","0","0","0","0","0","38.84","0","0","0","0","0","0","0","0","0","0",
"LH511121","X002FQHMF1","B0D9RVPWF9","JYTDBCS Tongue Scraper 3 Pack, Double Sided Tongue Cleaner for Adult Oral Hygiene & Fresh Breath, PP TPR Material Easy to Use and Clean, Black","New","3.29","No",,"Yes","0","0","0","0","0",,"0","0","0","0","0","0","0","0","0","0",
"LH511122","X002FQ2B3J","B0D9D2FB7C","JYTDBCS Space Star Planet Enamel Pins - Explore Universe Brooches for Clothes & Bags - Gift for Kids","New","6.59","No",,"Yes","16","16","0","0","36","147.32","0","20","0","0","0","0","16","0","0","16",
"LH511123","X002FQ2BIJ","B0D8F7N7Y2","JYTDBCS Anti-bite dog muzzle Mesh cloth breathable anti-barking anti-eating pet mask Large and small dog muzzle","New","6.39","No",,"Yes","12","12","0","0","12","317.58","0","0","0","0","0","0","12","0","0","12",
"LH511124","X002FQ2A5N","B0DB5VBJ9T","JYTDBCS 2.95 Inch/7.5cm Aluminum Foil Mini Pie Pans - Disposable Small Pie Tins for Bakeries, Cafes, Restaurants - Durable Mini Foil Pans for Pie, Fruit Tarts, Quiche (50 Tart Pans)","New","7.49","No",,"Yes","32","31","0","1","32","1100.06","0","0","0","0","0","0","31","0","0","31",
"LH511125","X002FQHLF7","B0D8KVDXZV","JYTDBCS Compatible with Watch Strap 41mm 40mm 38mm, Silicone Sport Band Replacement Straps Compatible with Watch Series 9 8 7 6 5 4 3 2 1 SE/watch Strap, 38mm/40mm/41mm-S/M, Black","New","3.89","No",,"Yes","0","0","0","0","50","49.98","0","50","0","0","0","0","0","0","0","0",
"LH511126","X002FQ2HFB","B0D7PJFF1S","JYTDBCS Egg Separator White Egg Yolk Sieving Kitchen Tools Baking Accessories Non-Greasy Long Lasting Plastic Egg Filter for Dessert Sieve Divider Holder (1 Pack, Green)","New","3.79","No",,"Yes","28","28","0","0","28","299.72","0","0","0","0","0","0","28","0","0","28",
"LH511128","X002FQ27UV","B0DBVCJWZ5","JYTDBCS 100 Counts Flamingo Cocktail Sticks, Handmade Wooden Skewers with Flamingo Ornament, Appetizer Fruit Finger Food Picks, Birthday Tropical Jungle Flamingo Party Decoration Supplies","New","5.49","No",,"Yes","0","0","0","0","120","864.91","0","120","0","0","0","0","0","0","0","0",
"LH51113","X002FQ7ZRB","B0D7VHHXJL","6 Pieces Sweatbands Kid Wrist Sweatband Sports Sweat Band Sweat Bands Wristbands Absorbent Sports Wristband, Elastic Cotton Wristband for Gym Basketball Football Tennis Running Sports","New","5.99","No",,"Yes","22","20","0","2","62","684.16","0","40","0","0","0","0","20","0","0","20",
"LH511130","X002FQ27EH","B0D9D25YWZ","JYTDBCS Personalized men's titanium steel instrument leather bracelet Hip hop music wind guitar bracelet jewelry","New","5.39","No",,"Yes","30","28","0","2","30",,"0","0","0","0","0","0","28","0","0","28",
"LH511131","X002FQB3XD","B0DBDKQGH7","JYTDBCS Flame Bandana/Face Mask,Neckerchief 100% Cotton,bandana","New","3.09","No",,"Yes","0","0","0","0","0",,"0","0","0","0","0","0","0","0","0","0",
"LH511133","X002FQHSPZ","B0DCG3R7WQ","JYTDBCS Kids Bow Tie Classic Pre-Tied Bow Tie Toddlers Bowties Baby Adjustable Bow Tie Boys Solid Color Tuxedo Bowtie for Wedding Birthday Party Fashion Accessory","New","5.99","No",,"Yes","17","12","0","2","117","413.94","0","100","0","1","0","0","12","0","2","14",
"LH511134","X002FQBRDT","B0DBVCXCD4","JYTDBCS 100PCS Cocktail Sticks, Multicolor Toothpicks Bamboo Burger Sticks Cocktail Skewers Cocktail Accessories for Drinks Sandwiches Desserts Party Fruit Food Decorations","New","6.89","No",,"Yes","27","24","0","3","77","600.91","0","50","0","0","0","0","24","0","0","24",
"LH511136","X002FQDP2Z","B0D83GNF7L","Silicone Cotton Swab, Double Ears Cleansing Makeup Cotton Swabs Reusable Cotton Buds with Storage Case for Ear Cleaning Care and Makeup Removal (Purple)","New","5.59","No",,"Yes","16","15","0","1","16","87.34","0","0","0","0","0","0","15","0","0","15",
"LH511137","X002FQ2GX9","B0D7VWS6M4","JYTDBCS Wear Contact Lens Assistants to Open eyelids and Enlarge Eyes. Remove The Tool with a clamp","New","3.98","No",,"Yes","2","1","1","0","2","218.6","0","0","0","0","0","0","1","0","0","1",
"LH511138","X002FQB42N","B0D9GSB191","JYTDBCS Stainless Steel Tension Clasp with Screws, Spring Toggle Latch Hasp, Catch Clamp Clip, Box Closure","New","4.99","No",,"Yes","1","1","0","0","1","175.34","0","0","0","0","0","0","1","0","0","1",
"LH511139","X002FQH00N","B0DBQL3N6K","JYTDBCS Women Chain Belt Multi Layer Waist Chain Metal Belt, Adjustable Chain Belt for Pants Dresses, Metal Link Body Belly Waist Chain","New","5.89","No",,"Yes","1","0","0","1","1","448.19","0","0","0","0","0","0","0","0","0","0",
"LH51114","X002FQ6CIT","B0CTJHTMQM","JYTDBCS Hanging Door Cat Plush Toy - Interactive Coral Reef Toy With Bell - Indoor Kitten Hunting Workout，cat toy hanging from door，door hanging cat toy","New","7.99","No",,"Yes","22","22","0","0","22","1070.24","0","0","0","0","0","0","22","0","0","22",
"LH511140","X002FQEUW9","B0CTHDX9M8","JYTDBCS Wheelie Bin Lid Hinge Pin - 6Pcs 67 * 31MM Wheelie Trash Lid Hinge Pins for 240L Wheelie Trash Bins(Black)","New","5.19","No",,"Yes","25","25","0","0","25","358.06","0","0","0","0","0","0","25","0","0","25",
"LH511142","X002FQF82Z","B0D95Z95GJ","JYTDBCS Stainless Steel Biscuit Mold, Sugar Flipping Baking Cake Mold, Rabbit Egg Baking Tool, Set, Baking Tool,Biscuit Cutters，Cookie Cutters","New","5.69","No",,"Yes","0","0","0","0","0",,"0","0","0","0","0","0","0","0","0","0",
"LH511144","X002FQ2KLH","B0DBQRPC7L","JYTDBCS Silicone Cupcake Molds, 24 Count (Pack of 1), Multicolored, Reusable, Round, Everyday Use, Multiple Occasions","New","5.49","No",,"Yes","43","43","0","0","43","1763.9","0","0","0","0","0","0","43","0","0","43",
"LH511146","X002FQBOA5","B0DBDQD7W1","TRHDFW Baby Knitted Mittens, Fleece Lined Warm Gloves with Anti‑Lost String, Soft Acrylic Cartoon Bear Fox Design, Khaki, Winter Outdoor Indoor for Toddler Boys Girls","New","3.59","No",,"Yes","0","0","0","0","0",,"0","0","0","0","0","0","0","0","0","0",
"LH511147","X002FQNXUJ","B0D7VB481Y","JYTDBCS 4pcs Eyeglass Ear Cushions, Soft Knitted Cotton Anti Slip Temple Pads Eyeglass Temple Tips Eyeglass Pads Behind The Ear Eyewear Retainer Glasses Arm Sleeve for Sunglasses Glasses","New","4.19","No",,"Yes","46","44","0","1","46","200.09","0","0","0","1","0","0","44","0","0","44",
"LH511148","X002FQB63Z","B0DCG5843W","JYTDBCS Gold Chunky Chain Bracelet For Men Women, Stainless Steel, No Gemstone","New","3.59","No",,"Yes","0","0","0","0","0","31.14","0","0","0","0","0","0","0","0","0","0",
"LH511149","X002FQ2M5V","B0DBDKS266","JYTDBCS 3 Pairs Half Finger Gloves Winter Fingerless Gloves Knit Gloves for Men Fingerless gloves Mens fingerless gloves Half finger gloves men","New","5.19","No",,"Yes","0","0","0","0","0",,"0","0","0","0","0","0","0","0","0","0",
"LH51115","X002FPNS2D","B0DBVDWWPQ","JYTDBCS Three-pronged Food Clip, Pickle Fork Grabber, Telescopic Ice Cube Grabber, Stainless Steel Pickle Fork, Multifunctional Food Clamp with Non-Slip Handle Pickle Fork,Pickled Onion Fork","New","6.09","No",,"Yes","16","16","0","0","66","465.39","0","50","0","0","0","0","16","0","0","16",
"LH511150","X002FQNXMR","B0DB23QSG2","Red Heart Shaped Sunglasses, Novelty Retro Hippie Party Glasses, Funny Fancy Dress Photo Props for Birthday Festival Beach Wedding Cosplay, Unisex","New","4.19","No",,"Yes","16","16","0","0","16",,"0","0","0","0","0","0","16","0","0","16",
"LH51116","X002FQEIRV","B0DB21ZC5F","JYTDBCS Non-Pierced Clip-On Cross Dangle Drop Hoop Hinged Earrings Set for Men Women No Piercing Ear Plug Jewelry, 3 Pairs","New","6.99","No",,"Yes","50","49","0","0","80","107.83","0","30","0","1","0","0","49","0","0","49",
"LH51117","X002FQB73J","B0DBVF98X2","JYTDBCS 20 Pcs Plastic Tent Pegs, Heavy Duty Plastic Tent Nails for Fixing Camping Tent Rain Tarps Garden Weed Mat Tent Pegs","New","7.49","No",,"Yes","78","78","0","0","78","1269.01","0","0","0","0","0","0","78","0","0","78",
"LH51118","X002FQA39N","B0D7RWQS89","Speed Slicer with Push Plate | Manual Food Chopper | Stainless Steel Food Choppers and Dicers | Portable Fruit Vegetable Cup Slicer Kitchen Gadgets, Dishwasher Safe","New","8.59","No",,"Yes","44","40","1","1","144","1901.72","0","100","0","0","0","0","40","0","2","42",
"LH51120","X002FQE7YZ","B0DBZJKTN9","JYTDBCS Egg Topper Stainless Steel Shell Opener Cutter Handheld Egg Cracker Tool Eggs Separator Cracker for Raw or Soft Hard Boiled Egg Kitchen Gadgets Boiled Egg Cutter Egg Topper for Boiled Eggs","New","6.39","No",,"Yes","0","0","0","0","0","159.12","0","0","0","0","0","0","0","0","0","0",
"LH51121","X002FQB7XJ","B0D84168QR","1 Pcs 16mm Spark Plug Socket 12 Point Spark Plug Removal Tool for Cars Small Engines Various Models Motorcycle Spark Plugs","New","5.99","No",,"Yes","19","19","0","0","49","134.87","0","30","0","0","0","0","19","0","0","19",
"LH51122","X002FQAEH9","B0D8KSFZ2K","JYTDBCS 4 Pcs Thickened Cotton Pot Holders with Pocket, Grey Heat Resistant Oven Square","New","6.59","No",,"Yes","0","0","0","0","0","1948.09","0","0","0","0","0","0","0","0","0","0",
"LH51123","X002FPNB75","B0D8FH6BXQ","JYTDBCS Titanium Steel Punk Ghost Rock Cross Stainless Steel Pendant Necklace Ghost Band Merchandise","New","4.09","No",,"Yes","9","9","0","0","9","63.09","0","0","0","0","0","0","9","0","0","9",
"LH51124","X002FQAEG5","B0DBQCP2B3","JYTDBCS Silicone Chocolate Moulds Cake Moulds Soap Candle Making Cake Decoration Kitchen Tool Tray Beeswax Baking Mold (Blue)","New","6.29","No",,"Yes","0","0","0","0","50","798.54","0","50","0","0","0","0","0","0","0","0",
"LH51126","X002FQAMO9","B0DCG6BCZ2","JYTDBCS 4 Pack Safe Cupboard Locks for Children,Baby Proof Corner Locks for Cabinet,Drawer,Cupboard,Refrigerator,Closet,Oven,Trash,Toilet,Oven,Easy Installation (White)","New","4.79","No",,"Yes","0","0","0","0","0",,"0","0","0","0","0","0","0","0","0","0",
"LH51127","X002FQE93J","B0D8HY834T","JYTDBCS Amazon Sun Catcher AB Color Crystal Angel Wing Pendant Handmade outdoor holiday hanging ornament crystal suncatcher hanging crystals,hanging suncatcher","New","4.49","No",,"Yes","1","0","0","0","1","19.17","0","0","0","1","0","0","0","0","0","0",
"LH51130","X002FQB84H","B0DBVCF3L2","JYTDBCS Watermelon Earrings Fruit Style Dangle Drop Earrings for Women Girls Friend Watermelon Lover Jewelry Gifts","New","4.39","No",,"Yes","38","37","0","1","38","37.2","0","0","0","0","0","0","37","0","0","37",
"LH51131","X002FPNTUT","B0DB5TZD1D","JYTDBCS 2 PCS Double Sided Melon Baller, Round Melon Balls Fruit Baller Scoop Melon Baller Scoop Stainless Steel Melon Baller Melon Scoop Double Scoop Ice Cream Cone Double Dessert Scoop for Fruit Ice","New","6.59","No",,"Yes","14","9","2","3","84","438.03","0","70","0","0","0","0","9","0","0","9",
"LH51132","X002FQCWBF","B0DBDJT7WH","JYTDBCS Black Colors Lace Gloves Wedding Gloves Black Lace Gloves Women Gloves and Mittens","New","4.79","No",,"Yes","48","47","0","0","48","239.74","0","0","0","1","0","0","47","0","0","47",
"LH51133","X002FPNTY5","B0DBQHWLV5","JYTDBCS 4 Pack Hand Clappers Large Hand Clappers Noisemakers Cheer Noise Makers Finger Noise Makers for Sporting Events Basketball Football Game Party Favors (Mixed Colors)","New","6.99","No",,"Yes","42","42","0","0","42","1782.42","0","0","0","0","0","0","42","0","0","42",
"LH51134","X002FQGHY3","B0DBDQ424B","JYTDBCS False Eyelashes Wispy Lashes Natural Look Fake Eyelashes Cat Eye Lashes Faux Mink Fluffy Strip False Lashes Fox Eye Lashes","New","4.89","No",,"Yes","0","0","0","0","0","330.2","0","0","0","0","0","0","0","0","0","0",
"LH51135","X002FQAN5R","B0D8KCWVFL","20 Pcs Ball Cake Topper Decorations Mini Balloons Cake Topper Sticks Blue Glitter Balls Cake Picks Cake Topper Balls Cake Decorations for Wedding Birthday Cake Decorations","New","6.19","No",,"Yes","13","13","0","0","13","1102.36","0","0","0","0","0","0","13","0","0","13",
"LH51136","X002FQCY8V","B0DCHWD2GF","JYTDBCS Universal 21mm Brass Tap Connector, Kitchen to Garden Hose Connection Fitting","New","4.89","No",,"Yes","40","38","2","0","70","163.22","0","30","0","0","0","0","38","0","0","38",
"LH51138","X002FPNWER","B0D81DKG4W","3 Pcs Tyre Tread Depth Gauge UK, Color Coded Smart Precise Measurement Tool for Cars, Trucks, Motorcycles - Range 0-25mm","New","3.99","No",,"Yes","32","32","0","0","32","144.86","0","0","0","0","0","0","32","0","0","32",
"LH51140","X002FQBFDV","B0DBDSG357","JYTDBCS Crystal Pearl Hair Clip Wedding Hair Jewelry Supply Green Pearl Clips for Hair Wedding Hair Clips Emerald Barrette Hair Bridal Hair Clip Crystal Temperament Girl Broken Hairpin","New","4.69","No",,"Yes","34","32","2","0","34","115.53","0","0","0","0","0","0","32","0","0","32",
"LH51141","X002FQ9C7H","B0D8VVCJB6","JYTDBCS Stainless steel hexagram star necklace fashion simple wandering pendant retro men and women couples hollow pendant necklace star of david，star of david necklace","New","4.89","No",,"Yes","17","17","0","0","17","62.93","0","0","0","0","0","0","17","0","0","17",
"LH51142","X002FPNWIX","B0DBQGM5GN","JYTDBCS Baby Pushchair Seat Strap Covers with Velcro Black 2 Pack, Adjustable and Universal Pram Shoulder Seat Belt Cushion Pads for Children Kids Newborn, Stroller Accessories","New","5.39","No",,"Yes","16","15","0","1","76","478.67","0","60","0","0","0","0","15","0","0","15",
"LH51143","X002FQCIZ5","B0D8F34CWG","Carrot Curler and Peeler, Black Carrot Spiral Shred Slicer Root Vegetables Fruits Slicer Sharpener Garnishing Tool,Fruit Sharpener Carrot Sharpener Carrot Curler and Peeler","New","6.49","No",,"Yes","16","16","0","0","16","199.92","0","0","0","0","0","0","16","0","0","16",
"LH51145","X002FQAKAP","B0D945JDFL","JYTDBCS All-Copper Spring Press Type Launching Device Mushroom Head Panel Water Cover Movement Lifting Water Plug Pop Up Bath Plug Replacement Pop Up Sink Plug","New","5.49","No",,"Yes","0","0","0","0","0","136.18","0","0","0","0","0","0","0","0","0","0",
"LH51146","X002FQB94V","B0CTH77GM9","10Pcs Flash Duster Magnet with 1 Extender Handle, Dust Magnet Flash Duster Refills, Fluffy Duster for Cleaning, Trap And Lock Away Dust, Dirt And Hair In No Time 2308BNJTERG333-B","New","6.29","No",,"Yes","20","20","0","0","20","1546.12","0","0","0","0","0","0","20","0","0","20",
"LH51148","X002FQCX4V","B0D9NGZMMH","JYTDBCS Easy Jar Opener - Plastic Jar Key for Weak Hands, Elderly, Children","New","4.89","No",,"Yes","0","0","0","0","0","454.74","0","0","0","0","0","0","0","0","0","0",
"LH51149","X002FQEBDH","B0DB5S81M6","JYTDBCS Adult Football Shin Guards, Unisex, Black, One Size","New","7.39","No",,"Yes","27","25","0","2","27","3667.1","0","0","0","0","0","0","25","0","0","25",
"LH51150","X002FQCZ67","B0DCG6N4M9","JYTDBCS Onion Slicer Holder, All-in-One Stainless Steel Onion Fork Food Slicing Helper Kitchen Gadget Onion Cutter Vegetable Tools for Chopping Grating Fruit Assistant","New","4.79","No",,"Yes","0","0","0","0","0","284.97","0","0","0","0","0","0","0","0","0","0",
"LH51151","X002FQCX0Z","B0DBDR9DPG","JYTDBCS BBQ Thermometer Probe Bracket, 4PCS Meat Thermometers BBQ Clip, for BBQ Smoker Grill Oven Ambient Probe Holder Thermometer Grill Clip Universal Accessories","New","4.79","No",,"Yes","23","23","0","0","53","35.4","0","30","0","0","0","0","23","0","0","23",
"LH51152","X002FQ9SWV","B0DBPSNFSB","JYTDBCS Butterfly Comb, Foldable Hair Comb, Beard Comb, Practice Butterfly Comb, Flipping Trick Comb, Stainless Steel Hair Comb, Butterfly Hair Comb for Beginner, Salon Beauty Tool, for Trainer Lover","New","6.99","No",,"Yes","77","77","0","0","77","108.65","0","0","0","0","0","0","77","0","0","77",
"LH51153","X002FQFNN9","B0DBVCTYK6","JYTDBCS Men's Beaded Necklace, Minimalist Wooden Bead Soft Clay Patchwork Necklace","New","4.99","No",,"Yes","0","0","0","0","0","263.18","0","0","0","0","0","0","0","0","0","0",
"LH51154","X002FPNXLJ","B0D8HWV9MV","JYTDBCS Shark Teeth Necklace Men's and Women's Simple Pendant European and American Jewelry Bohemian Style Dental Carving Handicraft","New","4.89","No",,"Yes","8","8","0","0","48","25.07","0","40","0","0","0","0","8","0","0","8",
"LH51155","X002FQ9TJX","B0DBQLLLJQ","JYTDBCS Garlic Twist Crusher Presser Multifunctional Durable Cutter Mincer Easy to Use Herb Grinder Grater","New","5.39","No",,"Yes","43","37","0","6","43","255.97","0","0","0","0","0","0","37","0","0","37",
"LH51157","X002FQFMXP","B0DB22JVSR","JYTDBCS 4 Pcs Shoe Cleaning Brushes, Small Shoe Polish Applicator Brushes, Wooden Handle, Shine Shoes Brushes for Leather Boots, Shoes, Bags","New","5.89","No",,"Yes","30","30","0","0","30","187.14","0","0","0","0","0","0","30","0","0","30",
"LH51158","X002FQFM17","B0D8FS4348","JYTDBCS New spotted dog animal hair band children cute dachshund dog hair accessories Europe and the United States puppy ears dog hair dryer","New","7.09","No",,"Yes","48","48","0","0","48","1334.73","0","0","0","0","0","0","48","0","0","48",
"LH51159","X002FQFIK7","B0DBV9VZDV","JYTDBCS Car Notepad Holder,2 Pieces Car Parking Space Sticker Holder Memo Holder Car Clip Windscreen Holder Self-Adhesive Ticket Clips (Black)","New","5.69","No",,"Yes","30","27","0","3","30","49.98","0","0","0","0","0","0","27","0","0","27",
"LH51161","X002FQAOYR","B0D7YSRHQD","JYTDBCS Zipper Pull, Repair, Chuck, Handle, Zipper Pull Replacement, Pull Tab, Bag, Wallet, Jumper, Easy Installation, Sewing, Handmade, Craft, DIY Metal(Gun Black/Small (2 Pieces))","New","4.59","No",,"Yes","16","16","0","0","16","45.39","0","0","0","0","0","0","16","0","0","16",
"LH51162","X002FPO1GZ","B0D9RMXPLR","JYTDBCS Ball Grabber and Body Piercing Tool - Jewelry Holder for Beads, Diamonds - Perfect for Piercings","New","3.59","No",,"Yes","48","47","0","1","48","103.24","0","0","0","0","0","0","47","0","0","47",
"LH51163","X002FPO6GZ","B0DBV9Z9RJ","JYTDBCS Portable Ashtray Smell-Proof Mini Pocket Cigarette Ashtrays with Carabiner for Outside Use, Ash Holder for Smokers, Pocket Smoking Ash Tray for Women Men","New","5.19","No",,"Yes","1","0","0","1","121","99.31","0","120","0","0","0","0","0","0","0","0",
"LH51164","X002FQFMML","B0D7P5SDPC","JYTDBCS 10PCS Scale Clear 60 MLr Clear tip cap bottle Tattoo Color Emulsion bottle model on tone paint bottle","New","4.79","No",,"Yes","0","0","0","0","0",,"0","0","0","0","0","0","0","0","0","0",
"LH51166","X002FQEQZ5","B0DBQ6YCL3","JYTDBCS Sugar Tongs, U Shaped Ice Tongs Stainless Steel Mini Serving Tongs - 4Inch Rose Sugar Cube Tongs for Tea Party, Coffee, Appetizers, Desserts Kitchen Tools(Silver)","New","5.49","No",,"Yes","33","32","0","1","33","270.06","0","0","0","0","0","0","32","0","0","32",
"LH51167","X002FQE3HB","B0D8FMJ8KF","2 Pcs Manual Knot Tying Tool for Flash and Sea Fishing-Easy Line and Hook Knot Tying Solution Fishing Tools & Accessories","New","5.20","No",,"Yes","24","24","0","0","24","119.79","0","0","0","0","0","0","24","0","0","24",
"LH51169","X002FQESE9","B0DBQY3VFY","JYTDBCS Small Dog Clothes XXS Puppy Dogs Shirt I Love My Mom Mommy Dad Daddy Dog T Shirts for Small Dogs","New","5.19","No",,"Yes","15","14","1","0","15","202.54","0","0","0","0","0","0","14","0","0","14",
"LH51170","X002FQETMZ","B0D9D225DT","Dog Socks Double Sided Anti-Slip Dog Socks 2 Pairs Adjustable Dog Socks Dog Cat Paw Protector Fit Extra Small to Extra Large Dogs Cats,dog bandages for paws,dog socks with grips","New","5.89","No",,"Yes","4","4","0","0","34","419.02","0","30","0","0","0","0","4","0","0","4",
"LH51171","X002FQARRV","B0D8DZGLQG","1 Pack Large Embroidery Skull Wings Sword Patches Iron on Motorcycle Biker Badge，Biker Patches and Badges，Patches for Motorcycle Jacket，Large Iron on Biker Patches，Badge for Back Biker Jacket.","New","6.39","No",,"Yes","24","23","0","1","24","280.05","0","0","0","0","0","0","23","0","0","23",
"LH51172","X002FQGMEX","B0DBDLVH97","2 Pieces Mens Camouflage Balaclava Camouflage Balaclava Ski Face Mask Windproof Face Mask Full Face for Sports Hunting Cycling Motocycling Breathable Hood Ninja Headwear Ski Mask Balaclavas for Men","New","5.69","No",,"Yes","19","19","0","0","19","872.12","0","0","0","0","0","0","19","0","0","19",
"LH51174","X002FQD8EZ","B0DBVCF2GC","JYTDBCS Best Friend Necklace, Friendship Necklaces for 2 Girls, Sisters, Good Friends, Creative Half Heart Accessory, Real Women Graduation Birthday Christmas Gifts (2 Pcs)","New","4.59","No",,"Yes","2","0","1","0","2","73.91","0","0","0","1","0","0","0","0","0","0",
"LH51175","X002FQGNA1","B0D9Q1G8WF","JYTDBCS Nylon Pliers,Soft Pliers Jewelry Making Tools Carbon Steel Tools Jaw Pliers for Jewelry Making, Beading,Looping, Shaping Wire (Green)","New","6.39","No",,"Yes","0","0","0","0","0","89.96","0","0","0","0","0","0","0","0","0","0",
"LH51176","X002FQG08B","B0D9K1KXTF","JYTDBCS Rabbit Harness Leash Adjustable Rabbit Strap Running Walking Jogging Harness Leash for Bunny Cat Kitten Ferret Puppy","New","4.49","No",,"Yes","0","0","0","0","0",,"0","0","0","0","0","0","0","0","0","0",
"LH51177","X002FQFQ63","B0DBQM76S1","JYTDBCS 2pcs Universal Meat Grill Thermometer Probe Clip Holder for Ambient Temperature Readings BBQ Grill Oven Smoker","New","5.19","No",,"Yes","45","45","0","0","75","25.89","0","30","0","0","0","0","45","0","0","45",
"LH51178","X002FQEW1X","B0DBZKBZSC","JYTDBCS Belly Button Piercing Titanium Steel Bar Piercing Double Heart Belly Button Long Short Balls Titanium Steel Belly Button Piercing Navel Bars Silver Navel Ring Woman Man Jewelry","New","4.79","No",,"Yes","23","22","0","0","23","32.61","0","0","0","1","0","0","22","0","0","22",
"LH51179","X002FQEWLN","B0D7H2P1RN","30 Pcs Toilet Wand Replacement Heads, Disposable Toilet Brush Heads, Toilet Wand Disposable Refill Heads","New","7.89","No",,"Yes","0","0","0","0","20","3573.04","0","20","0","0","0","0","0","0","0","0",
"LH51180","X002FQGJ23","B0DBDHHWWH","JYTDBCS 4Pcs Flower Pearl Hair Bun Maker Twist Headband Donut Bun Maker Lazy Hairstyle Accessories for Women Girls","New","6.19","No",,"Yes","61","60","1","0","61","381.49","0","0","0","0","0","0","60","0","0","60",
"LH51181","X002FQEWK9","B0DBQBWBHS","JYTDBCS Adjustable Crossbody Phone Lanyard, Thick Nylon Strap Around the Neck, Crossbody Phone Strap","New","3.99","No",,"Yes","0","0","0","0","0","407.71","0","0","0","0","0","0","0","0","0","0",
"LH51183","X002FQEWSL","B0DBVD8P6K","JYTDBCS Money Belt, Nylon Fanny Pack Hidden Bum Bag with RFID Blocking for Women Men, Anti-Theft Waist Pack Under Clothes with Adjustable Buckle for Travel, Running, Hiking, Cycling(Black)","New","5.09","No",,"Yes","13","13","0","0","13","669.25","0","0","0","0","0","0","13","0","0","13",
"LH51185","X002FQFUW3","B0DBQDN6CY","JYTDBCS Phone Charm Crystal Wrist Strap Handmade Phone Chain Phone Strap Phone Keychain Cell Phone Wristlet String for Women Girls Phone Crystal Wrist Strap","New","3.49","No",,"Yes","7","5","0","2","7","49.98","0","0","0","0","0","0","5","0","0","5",
"LH51186","X002FQGDNX","B0D7HPBKF7","Memory Foam Insoles with Arch Support for Women Men,Comfort Massage Insoles Replacement Shoe Inserts for Trainers Sneakers Sports Shoes Work Boots,Breathable,Shock Absorption (7/7.5UK, Black)","New","4.59","No",,"Yes","15","15","0","0","45","1195.27","0","30","0","0","0","0","15","0","0","15",
"LH51187","X002FQFY7J","B0D78YYD2Q","10Pcs Colorful Curly Straws Environmentally Friendly Crazy Straws for Kids for Friends' Gathering Birthday Party Camping Use Silly Straws to Drink Beverage Juice Cocktails to Enjoy Happy Time","New","4.79","No",,"Yes","2","1","0","1","92","4073.82","0","90","0","0","0","0","1","0","0","1",
"LH51188","X002FQFS2F","B0DBQJ19KH","JYTDBCS 15Pcs Puppy Dog Hair Bow with Alligator Clips Pet Hair Bows Pet Grooming Hairpin Kitten Bow Barrettes Small Dogs Bowknot Hair Clip for Puppies Cats and Other Small Pets","New","6.79","No",,"Yes","59","58","1","0","59","181.24","0","0","0","0","0","0","58","0","0","58",
"LH51190","X002FQFUNH","B0DBR3MJH2","JYTDBCS Chrome Plated Metal Bathtub Pop Up Plug - Bath Tub Plug Replacement, Click Clack Stopper for Drain Cover","New","7.99","No",,"Yes","24","23","1","0","24","298.41","0","0","0","0","0","0","23","0","0","23",
"LH51191","X002FQGFOZ","B0D8DKDC33","JYTDBCS High-Grade Beech Handle Lengthened Crochet Hook Set - DIY Knitting Tools With Wood and Aluminum Hooks - 4mm Size","New","5.29","No",,"Yes","62","62","0","0","62","196.32","0","0","0","0","0","0","62","0","0","62",
"LH51192","X002FQAV4Z","B0DCG76699","6 Pcs Electric Toothbrush Head Covers Compatible with Brush Heads, Plastic Toothbrush Head Protector Cap, Colorful Transparent Dustproof Toothbrush Protective Case for Travel Family","New","3.99","No",,"Yes","21","19","0","2","21","242.86","0","0","0","0","0","0","19","0","0","19",
"LH51193","X002FQFYYH","B0DBQBYV97","JYTDBCS 6 Sheets Smiley Face Toilet Decal Stickers, Toilet Lid & Seat Transfers, Yellow Vinyl, Minimalist Style, Indoor Use, Funny Bathroom Stickers","New","3.69","No",,"Yes","20","20","0","0","20","1211.99","0","0","0","0","0","0","20","0","0","20",
"LH51194","X002FQDGF1","B0DBQG3DXD","JYTDBCS Pressure Cooker Jigger Valve, 2 Pcs Pressure Cooker Safe Regulator Pressure Cooker Accessories, Universal Pressure Cooker Relief Jigger Valve Exhaust Valve","New","8.19","No",,"Yes","44","40","0","4","44","151.25","0","0","0","0","0","0","40","0","0","40",
"LH51195","X002FPOAOD","B0DB5PK7LX","JYTDBCS 4pcs White Pearl Bow Phone Charm, Cute Phone Charm Strap, Gift for Women, Girls, Phone Wrist Strap","New","6.39","No",,"Yes","4","4","0","0","24","351.34","0","20","0","0","0","0","4","0","0","4",
"LH51196","X002FQDDR7","B0D8FPT9N9","JYTDBCS Brass Vintage Mini Hinge Furniture Cabinet Drawer Door Hinges Decorative Cabinet Jewelry Box Hinges 10PCS Vintage Box Hinges 65 x 15mm with 60Pcs Screws (Bronze Colour)","New","4.49","No",,"Yes","0","0","0","0","0","212.21","0","0","0","0","0","0","0","0","0","0",
"LH51197","X002FQFYI3","B0D8KG2RVY","JYTDBCS ARCHERY Arrow Rest with Glue for Recurve Bow, 10 pieces Arrow Rests Hunting Shooting Targeting Accessory Easy Use,arrow rests for recurve bows","New","4.99","No",,"Yes","0","0","0","0","0","407.05","0","0","0","0","0","0","0","0","0","0",
"LH51201","X002GODRID","B0D6R7LT1J","30 Pcs 20mm x 8mm Gray Plastic Push-Type Trim Clip","New","4.59","No",,"Yes","0","0","0","0","0","159.94","0","0","0","0","0","0","0","0","0","0",
"LH51202","X002GOEVX3","B0DRVLXP8M","4 Pack TPMS Tyre Valve Stems, Universal Rubber Snap-In Replacement Valve Stem Kit with Pre-Installed Core, Protective Cap & Mounting Screw, Leak-Proof Tyre Pressure Sensor Valve for Car Automotive Use","New","4.99","No",,"Yes","0","0","0","0","0","69.97","0","0","0","0","0","0","0","0","0","0",
"LH601001","X002HS6F1J","B0FPM2ZNT8","Bristle Slick Back Hair Brush for Sleek Ponytail Bun Smoothing Baby Hairs Flyaways Edge Control Backcombing Teasing Wide for Sectioning Parting","New","5.39","No",,"Yes","81","75","0","6","81","342.82","0","0","0","0","0","0","75","0","0","75",
"LH601002","X002HSEG9H","B0FPLT4X14","UMORDUP 2Pcs Vintage Alloy Pommel Curtain Holdbacks Tieback Hooks, Wall Door Mounted Coat Hat Hangers, Bronze","New","4.59","No",,"Yes","0","0","0","0","0","99.96","0","0","0","0","0","0","0","0","0","0",
"LH601003","X002HSQ0BJ","B0FPLTTTPN","Messy Bun Hair Piece Tousled Updo Elastic Synthetic Donut Scrunchies - Light Ash Blonde with Highlights","New","5.79","No",,"Yes","16","12","1","3","96","99.96","0","80","0","0","0","0","12","0","0","12",
"LH601004","X002HSPK5B","B0FPM67Z5J","UMORDUP 50 Pack Jewelry Cleaning Cloth, Polishing Cloth for Silver Gold Platinum Pearl, Grey, 10 x 10 cm","New","5.09","No",,"Yes","21","21","0","0","21","99.96","0","0","0","0","0","0","21","0","0","21",
"LH601005","X002HSPX7L","B0FPLP6TZF","UMORDUP 2Pcs White Body Measuring Tape, 150cm Retractable Tape with Lock, Dual Sided Inch & CM for Fitness Sewing Tailoring","New","4.49","No",,"Yes","18","18","0","0","18","99.96","0","0","0","0","0","0","18","0","0","18",
"LH601006","X002HS96GP","B0FPLTHCHY","UMORDUP 5PCS Large Red Pull Bows for Gift Wrapping, Wedding, Party, Birthday, Basket & Flower Decoration","New","5.39","No",,"Yes","38","36","0","2","38","1052.7","0","0","0","0","0","0","36","0","0","36",
"LH601007","X002HSB37Z","B0FPLRJL1H","UMORDUP 6 Pack Adhesive Wall & Ceiling Hooks, Heavy Duty No Drill Towel Hooks, Waterproof Self Adhesive Hangers for Bathroom Bedroom Kitchen Door, White, Max Load 5lbs","New","4.39","No",,"Yes","0","0","0","0","0","99.96","0","0","0","0","0","0","0","0","0","0",
"LH601008","X002HTFK7X","B0GHQWM8QF","2 Pack Coffee Scoop with Bag Clip, 6.69 Inch 304 Stainless Steel Measuring Spoon for Coffee Beans Grounds Tea Oatmeal Milk Powder","New","4.19","No",,"Yes","12","12","0","0","12","99.96","0","0","0","0","0","0","12","0","0","12",
"LH601009","X002HTES21","B0GHR31DX9","Small Whisk Hand Blender Semi-Automatic Egg Push Whisk Stainless Steel Beater Milk Frother Rotating Mixer Stirrer for Cooking Whisking Beating","New","5.89","No",,"Yes","28","28","0","0","28","1014.2","0","0","0","0","0","0","28","0","0","28",
"LH601010","X002HSEHLT","B0FPLZNJBJ","UMORDUP 2 Rolls Sheer Chiffon Ribbon 20mm Dark Blue Navy 45m Total for Gift Wrapping Wedding Party Hair Accessories","New","5.69","No",,"Yes","16","16","0","0","16","99.96","0","0","0","0","0","0","16","0","0","16",
"LH601011","X002HSBAWX","B0FPQ49GZ9","UMORDUP Wide Tooth Comb Black, Detangling Hair Comb for Men Women, Salon & Home Hair Styling Texture Comb","New","3.59","No",,"Yes","24","15","0","9","24","99.96","0","0","0","0","0","0","15","0","0","15",
"LH601012","X002HS87TH","B0FPLWZVMJ","10 PCS 50ml Aluminum Tin Jars Balm Containers Travel Jars with Screw Cap Lid for DIY Crafts Cosmetics Salve Cream Candle Lip Balm","New","6.89","No",,"Yes","10","8","0","2","70","2049.86","0","60","0","0","0","0","8","0","0","8",
"LH601013","X002HS6TQP","B0FPLR191Q","Professional Hair Styling Brush for Women & Men, Black Teasing Smoothing Brush with Pointed Handle, Ideal for Volume, Slick Back, Detangling & Daily Hair Styling","New","3.89","No",,"Yes","47","47","0","0","47","178.78","0","0","0","0","0","0","47","0","0","47",
"LH601014","X002HT3QQ5","B0FPM5KXVV","UMORDUP 6Pcs Double Ended Nail Art Brushes, Gel Painting Dotting Drawing Carving French Manicure Tools Black","New","4.49","No",,"Yes","0","0","0","0","0","99.96","0","0","0","0","0","0","0","0","0","0",
"LH601015","X002HSQTJR","B0FPLRS19Y","Black Large Shower Cap for Women Long Hair, Reusable Waterproof Hat for Men, Double Layer Washable Bath Cap for Thick Curly Hair","New","4.59","No",,"Yes","15","13","0","2","65","833.28","0","50","0","0","0","0","13","0","0","13",
"LH601016","X002HSBNHP","B0FPLV6LH4","Stainless Steel Measuring Spoons Set, Tablespoon with Metric and UK Measurements, 6 Pieces for Cake Baking, Dry and Liquid Ingredients, Coffee Spoon","New","6.09","No",,"Yes","45","45","0","0","75","98.81","0","30","0","0","0","0","45","0","0","45",
"LH601017","X002HS4YSP","B0FPM3NLKD","UMORDUP Funny Novelty Sexy Muscle Man Cooking Apron, Kitchen BBQ Party Adult Gift for Men Women, Red","New","4.89","No",,"Yes","22","22","0","0","82","677.61","0","60","0","0","0","0","22","0","0","22",
"LH601018","X002HS9GDD","B0FPLSVJFY","UMORDUP 2Pcs Stainless Steel Tea Bag Squeezer Tongs 14cm, Tea Bag Holder Strainer Clip for Kitchen & Home","New","4.49","No",,"Yes","3","3","0","0","3","99.96","0","0","0","0","0","0","3","0","0","3",
"LH601019","X002HSMG3F","B0FPLS2JLQ","20 Pcs Ball Inflation for Basketball Soccer Rugby Volleyball Football Pump Adapter Needle Valve","New","4.79","No",,"Yes","0","0","0","0","70","99.96","0","70","0","0","0","0","0","0","0","0",
"LH601020","X002HS9GLP","B0FPQ8S7CH","Detangling Hair Comb, Wide Tooth for Curls","New","3.19","No",,"Yes","0","0","0","0","0","99.96","0","0","0","0","0","0","0","0","0","0",
"LH601021","X002HSH92N","B0FPLP25XV","Double Barrel 3 in 1 Cosmetic Pencil Sharpener with Cover, Essential for Small and Extra Large Lip Liner, Eyeliner, Brow Pencils, Eye Liner Pencil Sharpeners, Make Up Sharpener","New","3.39","No",,"Yes","67","67","0","0","67","99.96","0","0","0","0","0","0","67","0","0","67",
"LH601022","X002HS97Z5","B0FPLW55SR","Stainless Steel Noodle Cutter Noodle Lattice Roller Pasta Spaghetti Maker Kitchen Cooking Tools Dough Pressing Tool Pasta Cutter Wheel Lattice Pastry Cutter","New","5.69","No",,"Yes","20","20","0","0","20","99.96","0","0","0","0","0","0","20","0","0","20",
"LH601023","X002HSBH49","B0FPQ8R6Z6","Metal French Hair Pin for Women - Gold U Shaped Pin for Thick and All Types, Sticks for Buns, Twist, Fork","New","3.69","No",,"Yes","0","0","0","0","0","99.96","0","0","0","0","0","0","0","0","0","0",
"LH601024","X002HSCNW9","B0FPLR84QV","Exfoliating Mitt Body Scrubber, Double-Sided Glove, Shower Puff Loofah Sponge, Dual Action Gentle Scrub & Bath Sponge for Skin Cleaning","New","6.29","No",,"Yes","7","7","0","0","37","99.96","0","30","0","0","0","0","7","0","0","7",
"LH601025","X002HS517D","B0FPQ5H4L7","UMORDUP Nightmare Before Christmas Jack Sally Necklace Hypoallergenic Pendant Jewelry Women Gifts Wife Girlfriend Daughter","New","5.89","No",,"Yes","3","1","0","0","33","38.02","0","30","0","2","0","0","1","0","0","1",
"LH601026","X002HSN39V","B0FPLWFTP4","UMORDUP 3Pcs Egg Topper Opener Set for Hard-Boiled Eggs Stainless Steel Blade ABS Shell Green Blue Yellow","New","6.89","No",,"Yes","28","26","0","1","28","99.96","0","0","0","1","0","0","26","0","0","26",
"LH601027","X002HSEMXR","B0FPLSS3SR","Toenail Correction Kit 40 Pain-Free Straightening Strips with Lifter Easy-to-Use Ingrown Treatment Tools","New","7.19","No",,"Yes","13","13","0","0","13","99.96","0","0","0","0","0","0","13","0","0","13",
"LH601028","X002HSCOLJ","B0FPLS5VPV","Stainless Steel Egg Cracker Opener Topper Cutter for Hard Soft Boiled Eggs Shell Cutter","New","8.09","No",,"Yes","40","40","0","0","40","1028.94","0","0","0","0","0","0","40","0","0","40",
"LH601029","X002HSRE5P","B0FGCN7NL6","TRHDFW 2 Pack Squeeze Glasses Case Portable Leather Soft Sunglasses Case Anti-Scratch Eyeglasses Bag Goggles Sleeve with Cleaning Cloth for Women Men","New","6.09","No",,"Yes","10","10","0","0","10","256.62","0","0","0","0","0","0","10","0","0","10",
"LH601030","X002HSHBL7","B0FGXXKZ4W","Plastic Soap Dish with Drainage,Soap Dishes Holder for Bathroom Shower，Keep Dry and Easy Cleaning","New","4.18","No",,"Yes","28","18","0","10","28","206.15","0","0","0","0","0","0","18","0","0","18",
"LH601031","X002HS72GV","B0FGCZ1K2S","Flat Top Kabuki Foundation Brush - Premium Makeup for Liquid Foundation, Cream, and Powder - Buffing, Blending Brush, Face","New","4.96","No",,"Yes","24","24","0","0","24","47.52","0","0","0","0","0","0","24","0","0","24",
"LH601031-1","X002J6PQRN","B0GS1J9L44","Flat Top Kabuki Foundation Brush - Premium Makeup for Liquid Foundation, Cream, and Powder - Buffing, Blending Brush, Face","New","4.06","No",,"Yes","18","18","0","0","48","99.96","0","30","0","0","0","0","18","0","0","18",
"LH601032","X002HS71FX","B0FGPMC33Y","TRHDFW 2 Strong Cat Litter Scoops, Plastic Shovel Poop Sieve Cleaning Tools for Litter Tray Sand Sifter (Blue & Grey)","New","5.19","No",,"Yes","16","16","0","0","46","644.5","0","30","0","0","0","0","16","0","0","16",
"LH601033","X002HSQ4ID","B0FH4278PJ","TRHDFW Gold Boho Head Chain, Delicate Curb Chain Headband, Lightweight Sparkling Hair Jewelry for Women, Bridal Wedding Prom Party Festival Headpiece, One Size","New","3.34","No",,"Yes","0","0","0","0","0","78.17","0","0","0","0","0","0","0","0","0","0",
"LH601034","X002HSO9GR","B0FGPCK81Q","Swivel Snap Hooks, Heavy Duty Dog Lead Clip Clasp 360° Swivel Joints Trigger Clips, Zinc Alloy Lobster Claw Clasps for Dog Leashes, Camping, Keyring (3 Pcs)","New","4.39","No",,"Yes","6","6","0","0","6",,"0","0","0","0","0","0","6","0","0","6",
"LH601035","X002HSR6JT","B0FGQDNJSQ","Pack of 6 Blue 21mm Round Faux Horn Sew-On Plastic Buttons for Coats, Jackets, Cardigans - Flat 4 Holes 32L","New","3.39","No",,"Yes","16","15","0","0","16","42.28","0","0","0","1","0","0","15","0","0","15",
"LH601036","X002HS5533","B0FGXZ2D2L","No-Tail Adjustable Eyewear Retainer Cable Strap for Sunglasses, Eyeglasses, Glasses Cable Straps, Eye Glasses Holders Around Neck","New","4.69","No",,"Yes","49","49","0","0","89","63.25","0","40","0","0","0","0","49","0","0","49",
"LH601037","X002HSLZCD","B0FH435FG8","TRHDFW Wrap Around Sunglasses Y2K for Men Women Vintage Oval Sport Shades Cycling Driving Outdoor UV400 Protection","New","5.99","No",,"Yes","23","22","0","1","63","782.32","0","40","0","0","0","0","22","0","0","22",
"LH601038","X002HSG1CH","B0FH4HLYRR","Brush - Body Buffing Tool for Self Tanning Hands, Feet & Face - Streak-Free Fake Tan Application","New","5.19","No",,"Yes","78","78","0","0","78","49.98","0","0","0","0","0","0","78","0","0","78",
"LH601038-1","X002J6OLYR","B0GRZYC2RR","Brush - Body Buffing Tool for Self Tanning Hands, Feet & Face - Streak-Free Fake Tan Application","New","4.09","No",,"Yes","13","13","0","0","33","99.96","0","20","0","0","0","0","13","0","0","13",
"LH601039","X002HSDU5N","B0FGQ9VY6M","Slip Lead for Dogs, Black, 1.25m Lightweight Slip Leash with Sliding Rubber Stopper for Training - No Collar or Harness Required","New","5.09","No",,"Yes","5","5","0","0","35","513.24","0","30","0","0","0","0","5","0","0","5",
"LH601039-1","X002J6ETNF","B0GS12B697","Slip Lead for Dogs, Black, 1.25m Lightweight Slip Leash with Sliding Rubber Stopper for Training - No Collar or Harness Required","New","5.29","No",,"Yes","9","9","0","0","29","99.96","0","20","0","0","0","0","9","0","0","9",
"LH601040","X002HSPSBH","B0FGPVGFG5","20mm Replacement Jean Tack Buttons No-Sew Metal for Denims Jackets Bronze 12 Sets","New","3.79","No",,"Yes","12","12","0","0","12","51.95","0","0","0","0","0","0","12","0","0","12",
"LH601041","X002HSCZMH","B0FGPDVPP2","TRHDFW Scooters Eco Scooter Bike Ribbons Handlebar Streamers Tassels Waterproof Boys Girls","New","6.59","No",,"Yes","0","0","0","0","0","372.31","0","0","0","0","0","0","0","0","0","0",
"LH601042","X002HSC9N7","B0FGZY9JF5","TRHDFW Drawstring Cord Replacement with Bodkin for Jogger Sweatpants Hoodie","New","4.09","No",,"Yes","5","5","0","0","25","63.58","0","20","0","0","0","0","5","0","0","5",
"LH601043","X002HSPGDH","B0FGQ4L57T","3-Pack,Bathtub Sink Strainer, Stainless Steel Shower Drain Hair Catcher, Bathroom Sink Drain Strainer","New","4.68","No",,"Yes","31","31","0","0","31","155.51","0","0","0","0","0","0","31","0","0","31",
"LH601044","X002HSBKOV","B0FH18KQ1R","2 Pack French Hair Pin U Shaped Fork Updo Chignon Hairpins for Women","New","3.99","No",,"Yes","14","14","0","0","94","72.92","0","80","0","0","0","0","14","0","0","14",
"LH601045","X002HS5BK5","B0FGPMXV1G","Dough Scraper Cutter, Large 13.5x9CM, Multipurpose Pastry Scraper Nonstick, Food Grade Bowl Scraper Spatula Bench Tool for Baking Bread Sourdough Cake Pizza, Grey","New","3.79","No",,"Yes","30","30","0","0","30","1.15","0","0","0","0","0","0","30","0","0","30",
"LH601047","X002HS9MK5","B0FGQ5P34Y","Gifts for Men Dad, 18-in-1 Snowflake Multi Tool, Birthday Gadgets Stocking Fillers for Men Who Have Everything","New","4.29","No",,"Yes","10","10","0","0","30","99.96","0","20","0","0","0","0","10","0","0","10",
"LH601047-1","X002J9LIQ3","B0GS3K22CH","Gifts for Men Dad, 18-in-1 Snowflake Multi Tool, Birthday Gadgets Stocking Fillers for Men Who Have Everything","New","4.29","No",,"Yes","8","8","0","0","8","99.96","0","0","0","0","0","0","8","0","0","8",
"LH601048","X002HSNH83","B0FGPNG7QK","No-Tail Adjustable Eyewear Retainer Cable Strap for Sunglasses, Eyeglasses, Glasses","New","4.50","No",,"Yes","23","20","0","0","73","567.32","0","50","0","0","0","0","20","0","3","23",
"LH601049","X002HSMHMF","B0FH1HZ1MB","Credit Card Holder 20 Slots RFID Wallet for Men Women enuine Leather Protector","New","5.59","No",,"Yes","28","27","0","1","48","99.96","0","20","0","0","0","0","27","0","0","27",
"LH601049-1","X002J6P8TT","B0GS1CZPFK","CVNRCLP Credit Card Holder 20 Slots RFID Wallet for Men Women Genuine Leather Protector","New","5.09","No",,"Yes","30","30","0","0","30","99.96","0","0","0","0","0","0","30","0","0","30",
"LH601050","X002HSMHUR","B0FH1QRCPP","Slim Wallet for Men RFID Blocking Minimalist Credit Card Holder Lightweight with","New","5.09","No",,"Yes","15","14","0","1","15","72.92","0","0","0","0","0","0","14","0","0","14",
"LH601051","X002HSHEKF","B0FH42XR9T","Retro Pilot Double Bridge Rectangle Sunglasses for Women Men Classic Square Vintage Eyewear UV400 Protection Driving Outdoor","New","5.09","No",,"Yes","41","41","0","0","41","301.36","0","0","0","0","0","0","41","0","0","41",
"LH601052","X002HT9FND","B0FH3QLXP4","Rimless Wrap Around Sunglasses for Women Men Retro Trendy Oversized Shades Cool Star Fashion Sun Glasses","New","5.00","No",,"Yes","54","53","1","0","74","800.34","0","20","0","0","0","0","53","0","0","53",
"LH601053","X002HSPYXJ","B0FH1Q3SPQ","Boar Bristle Slick Back Hair Brush for Sleek Ponytail Bun Smoothing Baby Hairs Flyaways Edge Control Backcombing Teasing Hairbrush with Wide Rat Tail for Sectioning Parting","New","5.18","No",,"Yes","65","63","0","2","65","179.93","0","0","0","0","0","0","63","0","0","63",
"LH601053-1","X002J9QXR7","B0GS912TWM","Boar Bristle Slick Back Hair Brush for Sleek Ponytail Bun Smoothing Baby Hairs Flyaways Edge Control Backcombing Teasing Hairbrush with Wide Rat Tail for Sectioning Parting","New","5.59","No",,"Yes","14","14","0","0","14","99.96","0","0","0","0","0","0","14","0","0","14",
"LH601054","X002HSMTGJ","B0FH1RPX3K","RFID Blocking Genuine Leather Wallet for Men, Slim Design with Technology to Stop Electronic Pick Pocketing, Ideal for Travel","New","4.59","No",,"Yes","35","35","0","0","65","99.96","0","30","0","0","0","0","35","0","0","35",
"LH601054-1","X002J6ONC7","B0GS16GP29","CVNRCLP RFID Blocking Wallet for Men, Slim Premium PU Leather Wallet with Buckle Closure, Anti-Theft Electronic Pickpocket Protection for Travel Daily Use, Black","New","4.59","No",,"Yes","0","0","0","0","0","99.96","0","0","0","0","0","0","0","0","0","0",
"LH601055","X002HSMUG3","B0FH1RRQMB","Angled Blusher Brush by Quality Blush Contour Bronzer Makeup Tool","New","3.89","No",,"Yes","27","26","0","1","27","517.34","0","0","0","0","0","0","26","0","0","26",
"LH601055-1","X002J6NGH5","B0GS1HF51J","Angled Blusher Brush by Quality Blush Contour Bronzer Makeup Tool","New","3.89","No",,"Yes","4","2","0","2","34","204.02","0","30","0","0","0","0","2","0","0","2",
"LH601056","X002HSPNRL","B0FH29SMVR","Cuticle Pusher Nail Art UV Gel Polish Remover Tool for Fingernail Manicure Pedicure Trimmer","New","3.63","No",,"Yes","8","8","0","0","8","102.75","0","0","0","0","0","0","8","0","0","8",
"LH601057","X002HT4Q4B","B0FGQ9YXB2","Swivel Clip Heavy Duty Dog Leads Clasp Snaps Hooks Trigger 4pcs","New","5.99","No",,"Yes","11","11","0","0","61","107.66","0","50","0","0","0","0","11","0","0","11",
"LH601057-1","X002J6MWE3","B0GS1GW4DT","Swivel Clip Heavy Duty Dog Leads Clasp Snaps Hooks Trigger 4pcs","New","5.69","No",,"Yes","9","9","0","0","39","99.96","0","30","0","0","0","0","9","0","0","9",
"LH601058","X002HT7RUL","B0FGPDYFM4","Aluminum Alloy Espresso Dosing Ring - 51mm Portafilter Funnel with Puck Screen for Barista Home Cafe","New","5.39","No",,"Yes","17","14","0","3","17","470.47","0","0","0","0","0","0","14","0","0","14",
"LH601059","X002HT99HP","B0FH2HY5V1","TRHDFW Silk Bonnet for Sleeping Long Hair & Braids Extensions Hair, Satin Long Bonnet for Women, Adjustable Silk Scarf Night Cap with Tie Band, Black","New","5.99","No",,"Yes","60","55","0","5","60","1164.96","0","0","0","0","0","0","55","0","0","55",
"LH601060","X002HSQBQ3","B0FGPYZJ2Q","Pouch for Phones Car Keys Anti-Tracking Mobile Phone Case RFID Blocking Signal Keyless Entry Bag Cards","New","4.19","No",,"Yes","0","0","0","0","0","435.08","0","0","0","0","0","0","0","0","0","0",
"LH601061","X002HSUAND","B0FGQ4GVSQ","TRHDFW Eyewear Genuine Leather Glasses Cord Lanyard","New","5.19","No",,"Yes","31","31","0","0","61","64.89","0","30","0","0","0","0","31","0","0","31",
"LH601062","X002HSLMO9","B0FGXV8KLR","Mini Boar Bristle Brush, 2-Pack Travel Compact Collapsible for Hair Shine Smoothing Detangling","New","4.19","No",,"Yes","28","27","0","1","28","468.01","0","0","0","0","0","0","27","0","0","27",
"LH601064","X002HT30WZ","B0FGPRPMJC","Eyeglass Nose Pads, Adhesive Anti-Slip Soft Silicone Cushion for Glasses, Sunglasses - 10 Black Pairs","New","3.29","No",,"Yes","0","0","0","0","0",,"0","0","0","0","0","0","0","0","0","0",
"LH601065","X002HT9GIH","B0FGPXK126","TRHDFW Midnight Black Venetian Masquerade Mask, Asymmetrical Sequin Eye Mask for Men Women, Retro Carnival Party Mask for Halloween Wedding Prom Costume, One Size Fits All","New","5.39","No",,"Yes","53","51","0","2","53","1459.27","0","0","0","0","0","0","51","0","0","51",
"LH601066-1","X002J6PJJX","B0GS1N3VHK","Flower Pot Tray Water Absorber, Large Pipette Dropper, Squeeze Plastic Transfer Pipettes 100ml with Scale for Cooking, Roasting, Basting, Cupcakes, Garden Plants","New","6.99","No",,"Yes","66","60","0","6","66","1358.16","0","0","0","0","0","0","60","0","0","60",
"LH601067","X002HSQCFD","B0FG7LDRRN","TRHDFW Safety Goggles Clear Wraparound Safety Glasses Eye Impacted Sealed Protective Work Goggles Over Spectacles for DIY Lab Grinding etc GENERAL PURPOSE GOGGLES CLEAR","New","4.89","No",,"Yes","1","0","1","0","1","1267.05","0","0","0","0","0","0","0","0","0","0",
"LH601068","X002HT3POX","B0FG738NHW","2-Piece Cocktail Strainer Stainless Steel Sieves, Conical Strainer with Handle, Metal Fine Mesh Sieve for Filtering Cocktails, Tea, Juice, Coffee, Flour, Sugar","New","5.89","No",,"Yes","37","36","0","1","37","99.96","0","0","0","0","0","0","36","0","0","36",
"LH601068-1","X002J6NUPD","B0GS1PB44X","2-Piece Cocktail Strainer Stainless Steel Sieves, Conical Strainer with Handle, Metal Fine Mesh Sieve for Filtering Cocktails, Tea, Juice, Coffee, Flour, Sugar","New","6.69","No",,"Yes","58","58","0","0","58","99.96","0","0","0","0","0","0","58","0","0","58",
"LH601069","X002HTDO3P","B0GHR1HXS5","CVNRCLP 2PCSKeychain with Snap Hook Carabiner Clips, Paracord Keychain Carabiner Clips with Locking D Ring Hooks Hangers, Heavy Duty Lanyard Key Chain for Car Keys, Backpack, Tools, Men, Women","New","4.79","No",,"Yes","0","0","0","0","60","281.04","0","60","0","0","0","0","0","0","0","0",
"LH601070","X002HSQN6V","B0FG7C7GWK","4 PCs Foam Ball of Foot Cushions Metatarsal Pads, Anti-Sliding Pads Open Toe, Relieves Forefoot Pain, Self-Adhesive and Reusable (Beige)","New","4.49","No",,"Yes","0","0","0","0","20","737.25","0","20","0","0","0","0","0","0","0","0",
"LH601071","X002HSOG29","B0FGCVT87D","40PCSTyre Valve Caps, with O Seal Ring, Plastic dust Caps for Car Tires Stem Covers, for SUV Bicycle","New","3.99","No",,"Yes","10","10","0","0","10",,"0","0","0","0","0","0","10","0","0","10",
"LH601072","X002HT583T","B0FGNRDX9Q","TRHDFW Portable Billiard Chalk Holder Snooker Chalk Bag PU Pouch Accessory Black","New","4.89","No",,"Yes","22","19","0","3","22","49.98","0","0","0","0","0","0","19","0","0","19",
"LH601073","X002HT4V6T","B0FGW2SY4L","Stainless Steel Pastry Cutter - Sturdy 5-Blade Dough Blender for Baking, Pastry, Pizza Dough, Kitchen Mixer","New","6.09","No",,"Yes","15","14","0","1","15",,"0","0","0","0","0","0","14","0","0","14",
"LH601074","X002HTJ7BX","B0GHR8DF13","2PSC Pill Boxes 7 Day 1 Times a Day - Pill Organiser Weekly Tablet | Daily Organiser with Dosset Compartments | Conveniently Sized Portable Medicine Storage (Pink)","New","3.99","No",,"Yes","15","13","0","2","45","99.96","0","30","0","0","0","0","13","0","0","13",
"LH601075","X002HSPJQV","B0FG843RRL","Titanium Lancet Needle Acne Blackhead Remover Pimple Extractor Popper Tool","New","3.79","No",,"Yes","22","21","0","1","52","78.33","0","30","0","0","0","0","21","0","0","21",
"LH601076","X002HT3LKL","B0FG77HJ1N","Letter Openers, Retro Envelope Opener Knife Lightweight Hand-Made Envelope Cutter","New","4.59","No",,"Yes","0","0","0","0","30","74.89","0","30","0","0","0","0","0","0","0","0",
"LH601077","X002HT87SH","B0FG718MC6","2 pcs Dicer, Egg Salad Masher, Portable Breakfast Aid, Mirror Polished Hard and Durable Stainless Steel,Cut into Squares, Decorate The Meal.","New","4.49","No",,"Yes","23","19","0","3","23",,"0","0","0","1","0","0","19","0","0","19",
"LH601078","X002HSQ9GF","B0FG82Y1RD","10 PCS Hair Bun Maker for Women Lazy Curler Clips Easy Magic Snap Roll Plastic Donut Maker for Women With Ties","New","4.49","No",,"Yes","0","0","0","0","40","454.74","0","40","0","0","0","0","0","0","0","0",
"LH601078-1","X002J6IN8R","B0GRZYJ8V1","10 PCS Hair Bun Maker for Women Lazy Curler Clips Easy Magic Snap Roll Plastic Donut Maker for Women With Ties","New","5.29","No",,"Yes","18","14","2","2","48","360.68","0","30","0","0","0","0","14","0","0","14",
"LH601079","X002HT6M4D","B0FG83DY17","2psc 10mm Navy Blue Ribbon for Gift Packaging 22m Deep Blue Thin Fabric Ribbon for Gift Packaging Christmas Cake Bow Bouquet Flower Shop Making Wedding Car Decoration","New","3.59","No",,"Yes","28","28","0","0","28","49.98","0","0","0","0","0","0","28","0","0","28",
"LH601080","X002HT58L1","B0FGPRZS16","4 Pcs Silicone Lids Food Covers, 10cm Drink Cup Anti Dust Mug, Reusable Silicone TeaLid, Round Universal Cover for Home Outdoors Tea Coffee Wine Glasses Mugs Drink","New","5.89","No",,"Yes","0","0","0","0","59","637.62","0","59","0","0","0","0","0","0","0","0",
"LH601081","X002HSR3XN","B0FGXNZ1W2","Euro Lock Escutcheon Round Keyhole Cover Stainless Steel Key Hole Lock Cover Suitable for Door Wooden Anti-Theft Door","New","5.79","No",,"Yes","57","57","0","0","57","151.91","0","0","0","0","0","0","57","0","0","57",
"LH601082","X002HSR3ZB","B0FGQ1YBKM","Photo Corners for Scrapbook, 120 Pcs Self-Adhesive Photo Stick Corners, Mounting Corners, Picture Edge Stickers, Brown Albums DIY Craft","New","3.99","No",,"Yes","0","0","0","0","50","78.33","0","50","0","0","0","0","0","0","0","0",
"LH601083","X002HSOE8F","B0FGXY2XP6","2040 PCS Self Adhesive Photo Corners for DIY Craft Picture Clear Edge Stickers Decorative Mounting Albums Scrapbook Journal（20 sheets in total）","New","4.99","No",,"Yes","27","27","0","0","27","74.07","0","0","0","0","0","0","27","0","0","27",
"LH601084","X002HT4ZGP","B0FGQ29S88","TRHDFW 211.5 Dog Whistle Black with Whistle Band，dog whistles for recall","New","6.09","No",,"Yes","15","15","0","0","15","62.93","0","0","0","0","0","0","15","0","0","15",
"LH601084-1","X002J7YVE1","B0GS59VDZL","CVNRCLP Standardized Frequency Dog Whistle for Recall, High Pitch Clear Command Training Whistle with Lanyard, Black, No Batteries, Anti-Background Noise for All Dog Breeds","New","4.79","No",,"Yes","20","20","0","0","20","99.96","0","0","0","0","0","0","20","0","0","20",
"LH601085","X002HSR7BB","B0FH49128K","Curtain Plastic Track Clip Buckle, 100Sliders Nylon Hanging Curtain Rail Gliders, Effortless Slider Hook Roller Mechanism for Car, White Multi-use Plastic Hooks for Windows Doors Shower Curtains","New","5.79","No",,"Yes","0","0","0","0","90","321.68","0","90","0","0","0","0","0","0","0","0",
"LH601086","X002HT6H75","B0FHJMFM3Q","TRHDFW Polarised UV Cycling Sunglasses For Men and Women, Running Sunglasses Men Women, UV 400 Cycling Glasses, Wrapped Design, Lightweight, Stylish, Golf & Fishing, Cycle Glasses","New","6.09","No",,"Yes","75","67","2","5","175","4535.94","0","100","0","0","0","0","67","0","1","68",
"LH601086-1","X002J7PDXJ","B0GS53M8GB","CVNRCLP Polarised UV Cycling Sunglasses For Men and Women, Running Sunglasses Men Women, UV 400 Cycling Glasses, Wrapped Design, Lightweight, Stylish, Golf & Fishing, Cycle Glasses","New","5.19","No",,"Yes","13","13","0","0","83","99.96","0","70","0","0","0","0","13","0","0","13",
"LH601087","X002HSO953","B0FHGPX7ZS","Adult Swimming Goggles, No Leaking Anti Fog UV Protection Swim Goggles for Men Women Juniors, Black Unisex Soft Silicone Goggles for Indoor Outdoor Swimming","New","6.09","No",,"Yes","64","61","1","2","64","99.96","0","0","0","0","0","0","61","0","0","61",
"LH601088","X002HT4LBJ","B0FHKRZMD1","Crystal Adjustable Rings Simulation Diamond Rings Girls Finger Ring Toys for Girl Pretend Play Dress up Party, 20Pcs (Random Color)","New","6.29","No",,"Yes","45","40","0","5","45","160.1","0","0","0","0","0","0","40","0","0","40",
"LH601088-1","X002J7PERT","B0GS4SYKT7","CVNRCLP Crystal Adjustable Rings Simulation Diamond Rings Girls Finger Ring Toys for Girl Pretend Play Dress up Party, 20Pcs (Random Color)","New","5.89","No",,"Yes","27","24","0","3","57","99.96","0","30","0","0","0","0","24","0","0","24",
"LH601089","X002HSPKL5","B0FHKSCXHP","2 Pieces Handheld Facial Hair Removal Threading Beauty Epilator Tool Removal Threader Remover Spring Facial Hair Epilator Use for Women Face Hair Removing Beauty Tools Random Color","New","4.59","No",,"Yes","20","20","0","0","20","665.15","0","0","0","0","0","0","20","0","0","20",
"LH601090","X002HT4U4H","B0FHKR52L5","2 Pack 2 in 1 Garden Hose Tap Connectors, 3/4 inch & 1/2 inch BSP Threaded Plastic Faucet Adapters, Yellow Outdoor Water Hose Quick Connect Fittings with Seals & Washers","New","3.89","No",,"Yes","0","0","0","0","80","169.61","0","80","0","0","0","0","0","0","0","0",
"LH601091","X002HT4Q41","B0FHPG5CGC","50pcs Curtain Track Rollers Twin Wheeled Curtain Track Rollers Pulleys Rail Gliders Silent Pulley For Ceiling(White)","New","7.19","No",,"Yes","46","45","0","1","46","657.29","0","0","0","0","0","0","45","0","0","45",
"LH601091-1","X002J6OSK9","B0GS1DT7SJ","50pcs Curtain Track Rollers Twin Wheeled Curtain Track Rollers Pulleys Rail Gliders Silent Pulley For Ceiling(White)","New","6.59","No",,"Yes","40","33","0","7","40","99.96","0","0","0","0","0","0","33","0","0","33",
"LH601092","X002HSLV3L","B0FHK1PD6C","Multifunction Pill Cutter, 4 in 1 Pill Splitter Crusher Box Tablet Cutter Compact Portable Pill Crusher Grinder Perfect Pill Splitter for Tablets Small Pills Fine Powder Travel","New","5.59","No",,"Yes","30","29","1","0","30","244","0","0","0","0","0","0","29","0","0","29",
"LH601092-1","X002J6P6YV","B0GS19N2PC","Multifunction Pill Cutter, 4 in 1 Splitter Crusher Box Tablet Cutter Compact Portable Pill Crusher Grinder Perfect Splitter for Tablets Small Fine Powder Travel","New","5.49","No",,"Yes","37","37","0","0","37","99.96","0","0","0","0","0","0","37","0","0","37",
"LH601093","X002HT4WAJ","B0FHK3FHH8","2 Pcs Fidget Controller Pad, Portable Stress Reducer Game Pad Hand Fidget Pad for Release Stress and Anxiety Fidget Pad Controller Fidgets","New","7.29","No",,"Yes","0","0","0","0","0","99.96","0","0","0","0","0","0","0","0","0","0",
"LH601095","X002HT3RI7","B0FHJRBWNV","1 PCS Architectural Triangular Scale Ruler for Architects, Students, Draftsman and Engineers, Standard 30 CM,Architect Scale Ruler","New","4.60","No",,"Yes","31","31","0","0","31","196.15","0","0","0","0","0","0","31","0","0","31",
"LH601096","X002HTOZ5B","B0FHKRSNJQ","Dog Training Lead Leash Extra Long Line, 2m Nylon Leash for Large, Medium & Small Dogs - Great for Pet Recall Training Obedience, Running, Camping, Backyard Strong lead with Metal Component (Red)","New","4.89","No",,"Yes","58","58","0","0","59","0","0","0","1","0","0","0","58","0","0","58",
"LH601097","X002HSUF8D","B0FHJRSQFG","Fashion Sunflower Slim Business Ties for Men - Holiday Weddings & Formal Parties (8 cm wide)","New","6.79","No",,"Yes","35","34","0","1","35","293.98","0","0","0","0","0","0","34","0","0","34",
"LH601097-1","X002J9Q1OR","B0GS9BGGKK","CVNRCLP Fashion Sunflower Slim Business Ties for Men - Holiday Weddings & Formal Parties (8 cm wide)","New","5.89","No",,"Yes","21","20","0","1","21","99.96","0","0","0","0","0","0","20","0","0","20",
"LH601098-1","X002J6QX9X","B0GS21FHJD","CVNRCLP 4.3 Inch 2 Pcs Heavy Duty Cleat Hooks, 304 Stainless Steel Blind Cord Hook with Mounting Screws, Flagpoler Rope Cleat Hook Boat Mooring Accessories for Boats Yachts, Flagpole","New","5.99","No",,"Yes","18","17","0","0","18","99.96","0","0","0","1","0","0","17","0","0","17",
"LH601100-1","X002J6XF3F","B0GS219TMS","Loose Leaf Tea Infusers, Silicone Infuser Fine Mesh Strainer Silicone Lid Cup Filter for Leaf or Herbal (1Pack, Green) Filter，Diffusers","New","5.09","No",,"Yes","9","9","0","0","29","99.96","0","20","0","0","0","0","9","0","0","9",
"LH601101","X002HTGWJ3","B0FHPD7272","TRHDFW Strawberry Beaded Phone Charm Cute Case Lanyard Aesthetic Cell String Delicate Mobile Straps for Women Girls","New","5.59","No",,"Yes","32","31","0","1","32","138.31","0","0","0","0","0","0","31","0","0","31",
"LH601102","X002HSNCP1","B0FHNVHKPZ","4PCS Men Women Shoe Stretchers Shaper Expander Width Extender Adjustable Mini Shoe Trees","New","6.59","No",,"Yes","18","18","0","0","18","741.19","0","0","0","0","0","0","18","0","0","18",
"LH601103-1","X002J6ID4L","B0GS15C8B7","1PCS Bottle Opener Keyring Cute Drink Bottle Opener Keychain Game Car Keyring for Women Men Unique Bag Jewelry Love Beer Gift for Christmas and Birthday(Red","New","4.78","No",,"Yes","7","6","0","1","37","99.96","0","30","0","0","0","0","6","0","0","6",
"LH601104","X002HSRLN5","B0FHGXP8Z8","Faucet Adapter, External Thread M16to External M22 Converter, Aerator Adapter, Suitable for Connecting Aerators to Kitchen, (M16-M22),Converter","New","4.19","No",,"Yes","52","49","2","0","52","134.7","0","0","0","0","0","0","49","0","1","50",
"LH601105","X002HTMHFV","B0FHNWTDGB","4 Pack Hand Clappers Large Hand Clappers Noisemakers Cheer Noise Makers Finger Noise Makers for Sporting Events Basketball Football Game Party Favors (Mixed Colors)","New","7.29","No",,"Yes","35","34","0","1","65","3079.62","0","30","0","0","0","0","34","0","0","34",
"LH601105-1","X002J77CZL","B0GS3LL2J8","4 Pack Hand Clappers Large Hand Clappers Noisemakers Cheer Noise Makers Finger Noise Makers for Sporting Events Basketball Football Game Party Favors (Mixed Colors)","New","6.89","No",,"Yes","18","18","0","0","48","1509.41","0","30","0","0","0","0","18","0","0","18",
"LH601106","X002HTI7K5","B0FHHDNL2W","4 Pairs Sterling Silver Earrings for Women,Stud Earrings for Women,Earring Silver","New","4.49","No",,"Yes","22","20","1","1","22","37.36","0","0","0","0","0","0","20","0","0","20",
"LH601106-1","X002J7OWUJ","B0GS4XJMVG","Sterling Silver Stud Earrings for Women, 4 Pairs with Cubic Zirconia","New","4.49","No",,"Yes","23","19","0","3","63","499.97","0","40","0","0","0","0","19","0","1","20",
"LH601107","X002HTIAWP","B0FHK1X6VY","8 Sizes Invisible Ring Size Adjuster for Loose Adjuster Fit Any Clips to Make Smaller Reducer Assorted Sizes for Men and Women Fit Any","New","5.59","No",,"Yes","22","22","0","0","52","51.62","0","30","0","0","0","0","22","0","0","22",
"LH601108","X002HTI7VJ","B0FHPT9XH1","10PCS Glow in The Dark Valve Cap, Universal Fluorescent Tire, Luminous Stem, Car Dust Cover Cars, Trucks Bikes Motorcycles，luminous","New","4.60","No",,"Yes","0","0","0","0","0","99.96","0","0","0","0","0","0","0","0","0","0",
"LH601109","X002HTIBIN","B0FHPVGRXJ","TRHDFW Golf Ball Suction Cup, Silicone Pick Up Tool Suction Cup Grabber Retriever, Training Accessories,","New","5.59","No",,"Yes","59","55","0","4","59","99.96","0","0","0","0","0","0","55","0","0","55",
"LH601110","X002HTH0NP","B0FJ8LL1X1","10 Pcs Silicone Lash Lift Shields,Self Adhesive Glueless Reusable Lash Lift Pads with XS/S/M//L/XL,for Salon Professionals Home Use Beauty Enthusiasts (Orange)","New","5.29","No",,"Yes","35","35","0","0","36","135.68","0","0","1","0","0","0","35","0","0","35",
"LH601111","X002HSNP35","B0FJ7Z1C4N","A00390 Charger for for One Blade QP2520, QP2620, MG3720, MG3730, MG5730, BT3206, MG3710, MG5720, BT3208 Shaver Cable 4.3V USB C Trimmer Connector (UKCA/Light)","New","4.09","No",,"Yes","9","9","0","0","9","23.93","0","0","0","0","0","0","9","0","0","9",
"LH601112","X002HSRUPJ","B0FJ8243G5","(TUI) Cruise Luggage Tag Holders [4 Pack] – Waterproof, Durable Plastic with Steel Loops – Fits All (TUI) Ships (4X Tag Holders)","New","5.70","No",,"Yes","29","26","0","3","29","133.72","0","0","0","0","0","0","26","0","0","26",
"LH601113","X002HSRZMH","B0FJ8KL8MW","2 Pc Make Up Brush Type Makeup Brushes Cosmetics Face Kabuki Foundation Brushes Cosmetic Foundation Makeup Brush","New","3.89","No",,"Yes","2","2","0","0","22","99.96","0","20","0","0","0","0","2","0","0","2",
"LH601113-1","X002J6GY47","B0GS1G9R97","2 Pc Make Up Brush Type Makeup Brushes Cosmetics Face Kabuki Foundation Brushes Cosmetic Foundation Makeup Brush","New","4.39","No",,"Yes","27","27","0","0","27","99.96","0","0","0","0","0","0","27","0","0","27",
"LH601114","X002HSRSXD","B0FJ81YXP5","2PIN FUEL PUMP CONNECTOR PLUG DIESEL HEATER FOR WEBASTO FOR EBERSPACHER 12V 24V","New","6.39","No",,"Yes","6","5","0","0","36","99.96","0","30","0","1","0","0","5","0","0","5",
"LH601115","X002HTH0UD","B0FJ8K62RV","10 Pin RCA Rear View Camera Wiring Harness Video Input for Android Car Radio Stereo Backup Camera Cable","New","6.79","No",,"Yes","40","40","0","0","40","49.98","0","0","0","0","0","0","40","0","0","40",
"LH601115-1","X002JAFHN7","B0GSCRWDPD","10 Pin RCA Rear View Camera Wiring Harness Video Input for Android Car Radio Stereo Backup Camera Cable","New","6.79","No",,"Yes","22","20","0","2","22","99.96","0","0","0","0","0","0","20","0","0","20",
"LH601116","X002HTH8FZ","B0FJ7ZJYY2","WiFi Dongle for MAG 250 254 256 322 420 524 540 Wifi USB Dongle For Mag Box Infomir 802.11b/g/n 150mbps","New","8.09","No",,"Yes","40","39","0","1","40","100.94","0","0","0","0","0","0","39","0","0","39",
"LH601117","X002HSNPL7","B0FJ8BXMB3","- Diamond Bit - Flame (Red Ring) I Attachment for Nail Cutters I Bits for Apparative Manicures and Pedicures I Grinding Attachment for Electric Grinders I Nail Drill Bit (FA10R023/10)","New","4.09","No",,"Yes","16","16","0","0","46","101.11","0","30","0","0","0","0","16","0","0","16",
"LH601118","X002HSNETZ","B0FJ8JYB5B","Artificial Fishing Worms Night Crawlers, Trout Worms, 10cm Worm Shaped Fishy Smell Soft Lure Baits with Box for Anglers Bait Earthworm","New","4.59","No",,"Yes","57","54","0","3","59","199.92","0","0","2","0","0","0","54","0","0","54",
"LH601119","X002HTIKQV","B0FJ81HTJR","Glow in The Dark Stars and Moon Wall Decals for Ceiling - Kids Wall Decors for Boys Girls Nursery Bedroom - Perfect for Kids Room","New","4.49","No",,"Yes","28","25","0","3","28","424.75","0","0","0","0","0","0","25","0","0","25",
"LH601119-1","X002J6WTRX","B0GS3BLVC2","Glow in The Dark Stars and Moon Wall Decals for Ceiling - Kids Wall Decors for Boys Girls Nursery Bedroom - Perfect for Kids Room","New","4.89","No",,"Yes","19","19","0","0","19","384.11","0","0","0","0","0","0","19","0","0","19",
"LH601121","X002HSQD39","B0FJ83G3P3","2 PCS Mosquito Head Net,Midge Head Net,Insect Netting Midge Hood,Head Mesh Net Hat,Nylon Face Net Mesh with Storage Bag for Outdoor Hiking Camping Climbing Fishing and Walking","New","4.59","No",,"Yes","20","20","0","0","20","199.92","0","0","0","0","0","0","20","0","0","20",
"LH601121-1","X002J6GCYT","B0GS114CG9","2 PCS Mosquito,Midge Head,Insect Netting Midge Hood,Head Mesh Net Hat,Nylon Face Net Mesh with Storage Bag for Outdoor Hiking Camping Climbing Fishing and Walking","New","5.39","No",,"Yes","4","4","0","0","24","99.96","0","20","0","0","0","0","4","0","0","4",
"LH601122","X002HTQT8R","B0FJ81ZKQ3","Coffee Spoon Stainless Steel Measuring Spoon，Precision Measuring Spoon for Collagen Supplements, Approximate Measure Coffee Scoop","New","4.09","No",,"Yes","29","29","0","0","29","199.92","0","0","0","0","0","0","29","0","0","29",
"LH601122-1","X002J77URB","B0GS2W27D5","15ml Stainless Steel Measuring Spoon, Gold Finished Precision Scoop for Collagen Powder, Coffee, Protein Supplements, Durable Kitchen Measuring Tool for Accurate Servings","New","4.79","No",,"Yes","5","5","0","0","25","99.96","0","20","0","0","0","0","5","0","0","5",
"LH601123","X002HSRRQV","B0FJ81NP7W","2Pcs Collapsible Paint Brush Washer, Silicone Water Pot for Painting, Foldable Washing Bucket for Watercolor Acrylic Oil Painting, Portable Brush Cleaner(pink and blue)","New","5.39","No",,"Yes","0","0","0","0","70","99.96","0","70","0","0","0","0","0","0","0","0",
"LH601124","X002HSRCP7","B0FJ8915LL","Lashes 20MM Fluffy False Eyelashes Thick Dramatic Cat Eyelashes 10D Big Wispy Fake Lashes D Curl Volume Eye Lashes Long 7 Pairs Strip Lashes with Soft Cotton Band","New","6.29","No",,"Yes","13","8","0","5","63","334.46","0","50","0","0","0","0","8","0","0","8",
"LH601125","X002HSQLU9","B0FJ8LJP5P","Plant Fly Stickers, 30 Pack Dual-Sided Fly Paper for Indoor and Outdoor Use, Yellow Sticky Traps for Fungus Gnats and Other Insects, 20 X 15 Cm/7.88 X 5.9in Sticky Traps for Plants","New","5.99","No",,"Yes","6","0","0","5","164","383.13","0","158","0","1","0","0","0","0","0","0",
"LH601126","X002HSS1LL","B0FJ7ZTJ84","Anti Snore Chin Strap Devices, Comfortable Stop Snoring Solution for Sleep Chin Strap, Adjustable and Breathable Anti Snoring Devices, Suitable for Men and Women Universal Size","New","5.08","No",,"Yes","16","14","0","2","16","648.11","0","0","0","0","0","0","14","0","0","14",
"LH601127","X002HSQM53","B0FJ8FSKDZ","Seal for DeLonghi Coffee Machine Sealing Ring for Dedica EC680 EC685 EC820 EC850 EC860 EC933","New","8.60","No",,"Yes","32","25","0","7","32","49.98","0","0","0","0","0","0","25","0","0","25",
"LH601127-1","X002J7PET7","B0GS4YHS72","Seal for DeLonghi Coffee Machine Sealing Ring for Dedica EC680 EC685 EC820 EC850 EC860 EC933","New","8.39","No",,"Yes","43","43","0","0","43","99.96","0","0","0","0","0","0","43","0","0","43",
"LH601128","X002HSRDFV","B0FJ81TY9K","Dance Shoe Bag Portable Ballet Shoe Storage Pouch Lightweight Organizer for Dance Shoes Drawstring Closure Ideal for Ballet Pointe and Performance Shoes","New","5.79","No",,"Yes","2","2","0","0","32","261.37","0","30","0","0","0","0","2","0","0","2",
"LH601129","X002HTSC4B","B0FJ7ZLKSM","TRHDFW 20pcs 25mm Plastic D Rings Semi Circular D Ring Plastic Webbing Strap Adjustment Ring Pom Fasteners Buckle for Belts Harnesses and Clothes","New","5.09","No",,"Yes","42","40","0","2","42","49.98","0","0","0","0","0","0","40","0","0","40",
"LH601130","X002HSRK4F","B0FJ81KN9X","TRHDFW P21w 1156 Ba15s LED Bulb 6000K White 3W AC/DC 12-24V LED Light Bulbs, for RV Interior Lights, Backup Reverse Light, Position Lights, Rear fog lamp, Daytime Running Lights. (Pack of 3)","New","4.99","No",,"Yes","25","25","0","0","25",,"0","0","0","0","0","0","25","0","0","25",
"LH601131","X002HTSKRP","B0FJ829FS2","Anti Snore Devices, 6 PCS Magnetic Anti Snore Nose Clip, Nasal Dilators Snore Stopper Snoring Relief for Men/Women Comfortable Sleep Better Breathing","New","3.99","No",,"Yes","13","11","0","2","13",,"0","0","0","0","0","0","11","0","0","11",
"LH601132","X002HSR0Y5","B0FLJQSX57","2 Pcs Professional Dog Whistle 210.5, Plastic Dog Training Whistles with Lanyard, High Pitch Dog Whistles for Recall Bark Control","New","5.89","No",,"Yes","9","7","0","2","74","99.96","0","65","0","0","0","0","7","0","0","7",
"LH601133","X002HSUGLT","B0FLJLPPB3","2 Pack Ultrasonic Dog Whistles for Recall, Adjustable Frequency Silent Anti Bark Training Whistles with Lanyards, 304 Stainless Steel for All Dog Breeds, Black & White","New","5.19","No",,"Yes","45","44","0","1","85","199.92","0","40","0","0","0","0","44","0","0","44",
"LH601134","X002HTKOG5","B0FMHZBKB1","TRHDFW Clip On Night Driving Glasses - Polarized Anti Glare Flip Up Sunglasses for Prescription Night Driving","New","3.29","No",,"Yes","0","0","0","0","0","50.64","0","0","0","0","0","0","0","0","0","0",
"LH601135","X002HTP2GR","B0FMFDN43B","2 Rolls Micropore Paper Tape 1 Inch x 10 Yards Flexible Breathable Skin Tape Nose Gauze Bandages Self Adhesive Tan Coloured Earring Cover Up Tape Wound Dressing Rhinoplasty Recovery","New","4.49","No",,"Yes","0","0","0","0","0",,"0","0","0","0","0","0","0","0","0","0",
"LH601136","X002HSS2XD","B0FMFB7XSF","4Pcs M6x18mm MTB Caliper Bolts Bike Hydraulic Disc Brake Adapter Bolts Compatible with Shimano Overall Length 25 mm Black","New","5.49","No",,"Yes","24","24","0","0","24","25.4","0","0","0","0","0","0","24","0","0","24",
"LH601137","X002HSSADF","B0FMFDJ3S9","3Pcs Polka Dot Headband Bow Knot Fabric Headbands Knotted Hair Bands Wide Band Cloth Headwrap Accessories for Women Girls Black Red White","New","6.99","No",,"Yes","9","0","1","8","163","2270.26","0","154","0","0","0","0","0","0","0","0",
"LH601138","X002HSUM1D","B0FMJYPGX4","Greece Bunting Flags 10 Metre Greek Flag Garland 30pcs for Party Festival Celebration Sport Schools Street Carnivals Birthday Garden Home Remembrance Day Decorations Polyester Material Fabric","New","7.29","No",,"Yes","83","75","0","3","123","517.18","0","40","0","2","0","0","75","0","3","78",
"LH601138-1","X002J7AQCR","B0GS3CMQF8","Bunting Flags 10 Metre Greek Flag Garland 30pcs for Party Festival Celebration Sport Schools Street Carnivals Birthday Garden Home Remembrance Day Decorations Polyester Material Fabric","New","7.79","No",,"Yes","0","0","0","0","190","699.24","0","190","0","0","0","0","0","0","0","0",
"LH601139","X002HSUMB3","B0FMJZ7N65","Headset Microphone Foam Covers, Soft Foam Windscreen Protector Noise Filter Mini Windscreens Sponge Shields (10 Pack)","New","3.09","No",,"Yes","0","0","0","0","0","254.98","0","0","0","0","0","0","0","0","0","0",
"LH601140","X002HSZ6VT","B0FMHX758C","Ultralight Stainless Steel Camping Stove Cross Rack Bracket, Portable Pot Stand for Alcohol Stoves, Stable Cookware Holder for Backpacking Hiking Outdoor Adventures","New","4.99","No",,"Yes","41","41","0","0","41","2.95","0","0","0","0","0","0","41","0","0","41",
"LH601141","X002HT3NQX","B0FMFGC3T9","TRHDFW Women Fingerless Arm Warmers Gothic Ripped Hole Long Gloves Y2K Punk Rock Half Finger Halloween Costume Party","New","3.89","No",,"Yes","0","0","0","0","0","276.12","0","0","0","0","0","0","0","0","0","0",
"LH601143","X002HT6FF9","B0FMFC2DK2","Check Pattern Square Cufflinks for Men in Gift Case Silver Tone Dark Blue Classic Cufflinks Set for Wedding Party Birthday Anniversary","New","5.90","No",,"Yes","21","19","0","2","21","49.98","0","0","0","0","0","0","19","0","0","19",
"LH601144","X002HT4OZR","B0FMJD2D3T","Educational Reading Wall Decal, Removable Vinyl Sticker with Hot Air Balloon Book Design & Inspirational Quote, Blue Decor for Classroom Library Reading Corner Homeschool Study","New","5.90","No",,"Yes","1","1","0","0","91","1851.08","0","90","0","0","0","0","1","0","0","1",
"LH601144-1","X002J72E4Z","B0GS3FMBCH","Educational Reading Wall Decal for Kids - Hot Air Balloon and Book Design with Inspirational Quote - Removable Vinyl Sticker for Classroom, Reading Corner, Preschool, Library, or Homeschool Decor","New","5.49","No",,"Yes","15","15","0","0","15","1108.75","0","0","0","0","0","0","15","0","0","15",
"LH601145","X002HT3W69","B0FMJZ455L","3 Pcs Elastic Dreadlock Hair Tie Dreadlock Accessories extra long Elastic Hair Tie for Men and Women Ponytail Holders Loc hair ties for Long Dreads Braids Thick Curly Hair (Light)","New","3.99","No",,"Yes","18","17","0","1","18","441.14","0","0","0","0","0","0","17","0","0","17",
"LH601146","X002HT2E5J","B0D8HSKRPL","JYTDBCS Internally Belly Bars 10mm Belly Button Bars 14G 316L Stainless Steel Navel Bars Gold Extra Long Navel Belly Piercing Jewellery Belly Button Ring","New","5.09","No",,"Yes","62","61","0","1","62","70.96","0","0","0","0","0","0","61","0","0","61",
"LH601147","X002HT2E8V","B0D8FMD9Z1","Soft Non-Slip Bike Grips -Universal Kids Bike Grips for Boys and Girls","New","4.99","No",,"Yes","15","12","0","3","45","403.78","0","30","0","0","0","0","12","0","0","12",
"LH601148","X002HT4U47","B0DCHVGVLW","JYTDBCS Hair Donut Bun Maker, Ring Style Bun, Bun Rings for Hair Brown, 2PCS Chignon Hair Medium Doughnut Shaper for Short and Thin Hair (Medium, 3 Inch/Brown)","New","4.69","No",,"Yes","34","30","0","4","124","1015.51","0","90","0","0","0","0","30","0","0","30",
"LH601149","X002HTIEHB","B0D8YF5F91","4 PackJYTDBCS Large Hair Claw Clip,large claw clips for thick hair Extra Large Claw Clip For Thick Hair Claw Clips, Hair Claw Clips For Women Thick Hair – Neutral Claw Clps","New","5.09","No",,"Yes","14","10","0","4","14","49.98","0","0","0","0","0","0","10","0","0","10",
"LH601150","X002HTMNOV","B0D97NM29J","JYTDBCS Rose hairpin Vintage red influencer headpiece photo hairpin side clip flower accessories for women red flower hair clip","New","6.39","No",,"Yes","1","1","0","0","128","425.57","0","127","0","0","0","0","1","0","0","1",
"LH601151","X002HTSDXB","B0FQ56Q72D","Wig Band, Wig Grip Headband for Women, Nude","New","4.49","No",,"Yes","0","0","0","0","0","592.72","0","0","0","0","0","0","0","0","0","0",
"LH601152","X002HTOHGX","B0D8FKS5DB","JYTDBCS Creative Bead Chain Heart Pendant Necklace for Women with Multicolored Pattern, Red Choker, Adjustable Nylon Rope Chain","New","3.79","No",,"Yes","1","1","0","0","1","125.03","0","0","0","0","0","0","1","0","0","1",
"LH601153","X002HTOHV3","B0DCG524TM","JYTDBCS Dog Seat Belts For Cars, Headrest Dog Car Seat Belt, Strong Leads Dog Car Harness for Dogs Cats and Pets (Blue)","New","5.39","No",,"Yes","21","21","0","0","21","334.62","0","0","0","0","0","0","21","0","0","21",
"LH601154","X002HTQHIJ","B0D7T6YT2X","JYTDBCS Retractable Badge Reels, Retractable Keyring Extendable Key Chain Heavy Duty Key Lanyard Belt Clip Badge Holder Pull Reel Extendable Key Chain Black(4 Pack)","New","4.89","No",,"Yes","0","0","0","0","0","284.64","0","0","0","0","0","0","0","0","0","0",
"LH601157","X002HT4D5D","B0FQ59VWDD","Double Layer Pearl Rhinestone Headband, Silver Plated Metal Hair Hoop, Shiny Decorative Hair Accessory for Women, Bridal Wedding Prom Formal Parties Daily Wear","New","4.59","No",,"Yes","25","24","0","1","55","99.96","0","30","0","0","0","0","24","0","0","24",
"LH601159","X002HTJJXJ","B0FQ5B19JW","10 Pieces Ribbon Hair Bows Alligator Clips Hairbows Barrettes 3 Inch Red Ponytail Holder Cheerleading Hairpin Christmas Valentine's Day Accessories for Women Toddler Girls","New","3.99","No",,"Yes","49","49","0","0","49","99.96","0","0","0","0","0","0","49","0","0","49",
"LH601160","X002HTO5U1","B0FQ5GB92M","3 PCS Men's Sweat Bands - Sport Head Bands for Men - Workout Headbands for Women - Running Headband - Tennis Athletic Sweatband - Sports Headband Mens - Running Basketball","New","4.69","No",,"Yes","20","18","0","2","20","779.04","0","0","0","0","0","0","18","0","0","18",
"LH601161","X002HT3R3H","B0FQ5DDFS3","3 Pack Spa Facial Headband Makeup Hair Band Women Skincare Adjustable Microfibre Headband for Washing Face Sports Yoga Black","New","4.89","No",,"Yes","50","49","0","0","50","1814.54","0","0","0","1","0","0","49","0","0","49",
"LH601162","X002HTKNXT","B0FQ5C8RXT","Metal French Hair Pin for Women - Gold U Shaped Pin for Thick and All Hair Types, Sticks for Buns, Twist, Fork - 1pc","New","4.29","No",,"Yes","24","21","0","3","54","99.96","0","30","0","0","0","0","21","0","0","21",
"LH601163","X002HTOLC3","B0DCG39QJK","JYTDBCS 8 Pack whistles, Plastic ABS Loud Clear Crisp Sound Sports Whistle with Lanyard for Games Referee Lifeguard Teachers Coaches Officials Sports Recess Emergency (Multicolor) Whistles For Teacher","New","4.49","No",,"Yes","0","0","0","0","0","79.97","0","0","0","0","0","0","0","0","0","0",
"LH601164","X002HTOIFN","B0FQ5DSRC6","UMORDUP 25Pcs Silver Duck Bill Hair Clips Rustproof Metal Alligator Curl Clips with Holes for Hair Styling Salon DIY Hair Accessories","New","4.59","No",,"Yes","25","25","0","0","25","99.96","0","0","0","0","0","0","25","0","0","25",
"LH601165","X002HT4Q55","B0DB5V49DC","JYTDBCS 2 Pcs Korean Japanese BBQ Tongs, Stainless Steel Grill Tongs 9.4 Inch Self-Standing Tongs Silver BBQ Tongs Heat Resistant, for Camping, Barbecue, Buffet, Salad","New","5.99","No",,"Yes","15","14","0","1","15","348.55","0","0","0","0","0","0","14","0","0","14",
"LH601166","X002HTLBRV","B0FQ5JWZ8P","Gold Wedding Hair Clip - Gold Fascinators for Weddings - Pearl Pins | Flower Bridal Hair Accessories for Women, Girl","New","7.99","No",,"Yes","29","20","6","1","132","99.96","0","103","0","1","0","0","20","0","1","21",
"LH601167","X002HT84UX","B0FQ5JLQYX","Bridal Flower Side Hair Clips, Pearl Pieces Hair Comb Bridal Headpiece for Brides Bridesmaid,Girls,Women,Mother's Day Gift Comb Wedding Prom Party Accessories (Silver)","New","4.29","No",,"Yes","120","120","0","0","121","99.96","0","0","1","0","0","0","120","0","0","120",
"LH601168","X002HT4NGH","B0FQ5HFPWZ","2 Pack French Hair Pin French Twist U Shaped Hair Pin Fork Updo Chignon HairPins For Women","New","3.79","No",,"Yes","0","0","0","0","0","99.96","0","0","0","0","0","0","0","0","0","0",
"LH601170","X002HT6I79","B0FQ5FKFL3","16Pcs Chunni Clips with Safety Pins, Black Strong Chunni Clips Dupatta U-shape Metal Wig Hair Extension Hijab Pins for Headscarf Shirts","New","5.19","No",,"Yes","12","11","1","0","32","99.96","0","20","0","0","0","0","11","0","0","11",
"LH601171","X002HT493J","B0FQ5LH57P","3 PCS Bride Wedding Hair Pins Clips Silver Crystal Leaf Flower Pearls Headpieces Bridal Hair Jewelry Accessories for Women, Girl, Lady, Party Wedding Prom (Pearls & Leaves)","New","4.89","No",,"Yes","29","28","1","0","29","99.96","0","0","0","0","0","0","28","0","0","28",
"LH601172","X002HTNFBV","B0D8HX3Q32","JYTDBCS Monochrome Side Decal Flower Headscarf hat Muslim bun hat Women's Monthly hat Chemo Headwear for Women UK,Chemo Hats for Women UK Head Wraps for Black Women Headscarf for Women's Hair Chemo","New","4.59","No",,"Yes","36","35","0","1","36","199.92","0","0","0","0","0","0","35","0","0","35",
"LH601173","X002HT2KIP","B0FQ5N34HQ","2Pcs Hair Buns, Padding for Updos, Volume Hair Bump Inserts, Styling Clip Accessories for Women, Lady, Girl (Coffee)","New","4.99","No",,"Yes","40","40","0","0","70","399.68","0","30","0","0","0","0","40","0","0","40",
"LH601174","X002HT4NXP","B0FQBQNGXX","Metal Crocodile Alligator Hair Clips Barrette Hair Non-slip DIY Accessories Hairgrip 56 mm 66 mm 75 mm Long for Women and Girls, 30 Pieces, Silver","New","4.59","No",,"Yes","54","50","0","3","54","99.96","0","0","0","1","0","0","50","0","0","50",
"LH601175","X002HTQ4SR","B0DBQGM9HN","JYTDBCS Star Phone Charm, Phone Charm Lanyard for Women Girls, Cute Shiny Phone Accessories for Keychain Bag Purse Backpack Wallet Pendants Decor","New","3.29","No",,"Yes","0","0","0","0","0","7.7","0","0","0","0","0","0","0","0","0","0",
"LH601176","X002HTNFSJ","B0FQBQT3VZ","Green Hair Crystal Comb Accessories Wedding Pin Accessories for Women Girls Bridal Bridesmaid Guest Gold Emerald Green Rhinestone Vine Headpiece Hair Clips for Prom Wedding","New","6.58","No",,"Yes","53","51","1","1","53","99.96","0","0","0","0","0","0","51","0","0","51",
"LH601177","X002HTMY4Z","B0FQBQWGNJ","UMORDUP Green Large Streamer Bow Hair Clip Solid Color Tassel Hair Barrette Spring Clip Hair Accessory for Women","New","3.39","No",,"Yes","12","11","0","1","12","99.96","0","0","0","0","0","0","11","0","0","11",
"LH601178","X002HTO9YX","B0DBQT458F","JYTDBCS Elf Ball Cufflinks, Cartoon Personalized Fashion Men's Shirt Cufflinks,Surroundings of Japanese Anime Cufflinks","New","4.79","No",,"Yes","14","14","0","0","74","51.29","0","60","0","0","0","0","14","0","0","14",
"LH601179","X002HTSFIJ","B0D97F5HV6","JYTDBCS Penguin Keychain - White Heart Shape - Romantic Gift for Women in Relationships","New","2.69","No",,"Yes","0","0","0","0","0","35.23","0","0","0","0","0","0","0","0","0","0",
"LH601180","X002HT8629","B0FQBT9VYH","UMORDUP 6Pcs Metal Hair Side Combs 20-Teeth Twisted Wire Hair Combs Black Gold Silver Mixed for Wedding Veil DIY Hairstyling","New","5.29","No",,"Yes","39","38","0","1","39","99.96","0","0","0","0","0","0","38","0","0","38",
"LH601181","X002HT96JV","B0DBQGR8NN","JYTDBCS Angel Cat Memorial Ornaments, angel cat memorial,Cat Decor Suncatcher Window Hanging,cat memorial, Pet Memorial Statue for Cat Lovers Cat Themed Gifts Ornaments(Orange)","New","4.99","No",,"Yes","12","12","0","0","12","49.98","0","0","0","0","0","0","12","0","0","12",
"LH601182","X002HT4XPN","B0FQBXRDC1","Fashionable Hair Clips Set 12 Pack Butterfly Hairpin Hairdressing Sectioning Clips Women's Hair Trimming Stylish Hairpin","New","6.09","No",,"Yes","34","32","0","2","74","1146.6","0","40","0","0","0","0","32","0","0","32",
"LH601183","X002HTOIU3","B0DBQBHHHR","JYTDBCS Beaded Phone Charm with Key Ring, Natural Gemstone Anti-Lost Fashion Phone Lanyard Wrist Strap for Key Chain","New","4.99","No",,"Yes","20","20","0","0","20","85.7","0","0","0","0","0","0","20","0","0","20",
"LH601184","X002HTQHZH","B0D91T6DFP","Inspirational Gifts for Women, Thank You Gifts, Rainbow Gifts, You are Nothing Short of Amazing Rainbow Makeup Bag, Birthday Gifts for Women, Best Friend, Bestie, Sister, Boss, Wife, Teacher, Nurse","New","4.99","No",,"Yes","0","0","0","0","80","49.98","0","80","0","0","0","0","0","0","0","0",
"LH601185","X002HTP3DT","B0FQBZ9YPN","2Pcs Big Satin Layered Hair Clip for Women Girls, Large Long Bow Hair Clip Bowknot Hairpin Accessories (Pink Rose)","New","4.29","No",,"Yes","47","45","0","2","47","1203.3","0","0","0","0","0","0","45","0","0","45",
"LH601187","X002HTOI3P","B0FQBZ3KJ9","UMORDUP 2Pcs Large Banana Hair Clips Retro Vintage Claw Clips Black Amber for Thick Hair Styling for Women","New","4.29","No",,"Yes","16","16","0","0","16","99.96","0","0","0","0","0","0","16","0","0","16",
"LH601188","X002HT892V","B0FQC33B4T","UMORDUP 6Pcs Small Black Hair Claw Clips 4cm, Strong Hold Mini Hair Clamps for Adult All Hair Types","New","4.59","No",,"Yes","0","0","0","0","0","99.96","0","0","0","0","0","0","0","0","0","0",
"LH601189","X002HTH0DP","B0GHR4PW7M","Stylish X-shaped Foldable Silicone Trivets Set of 2, Pot Pan Protector Silicone Non-Slip Worktop Protector Heat Resistant for Hot Pans/Dishes/Plates/Pots, Ideal for Camping/Caravan, Blue+Blue","New","5.79","No",,"Yes","13","13","0","0","33","459","0","20","0","0","0","0","13","0","0","13",
"LH601190","X002HTLG3F","B0DBQJRJXW","4Pcs JYTDBCS Silicone Pot Mat for Hot Pots and Pans Hot Pads Durable Non Slip Coasters Heat Resistant Mats Durable Flexible(Black)","New","6.29","No",,"Yes","23","22","0","0","23","799.69","0","0","0","1","0","0","22","0","0","22",
"LH601191","X002HT88WH","B0FQC37MLV","Hair Clips, Flower Barrettes Hair Accessories for Women Girls Kids, 2 PC Elegant Handmade Gentle Headwear Bridal Styling Tools for Party Wedding Daily","New","5.69","No",,"Yes","19","13","3","2","79","99.96","0","60","0","1","0","0","13","0","0","13",
"LH601192","X002HT9DRB","B0DCHGNJDZ","JYTDBCS FireWire IEEE 1394 Adapter, 400 to 800 Adapter Converter IEEE 1394a 6-Pin Female to 1394b 9-Pin Male","New","5.59","No",,"Yes","23","23","0","0","24","110.78","0","0","1","0","0","0","23","0","0","23",
"LH601193","X002HTIB3X","B0FQC6SFQW","UMORDUP 2Pcs Satin Long Tail Big Bow Hair Clips, French Style Barrette White Navy Blue for Adult Hairstyling","New","5.59","No",,"Yes","11","11","0","0","41","99.96","0","30","0","0","0","0","11","0","0","11",
"LH601194","X002HTMUSZ","B0DBQBZQ28","JYTDBCS 300 Pcs Brads Paper Fasteners Colorful Split Pins, Brass Mini Brads Paper Crafts Fixed Paper Crafts, Brads Paper Fasteners for Schools, Handicrafts, Festivals","New","5.59","No",,"Yes","15","13","0","2","65","300.05","0","50","0","0","0","0","13","0","0","13",
"LH601195","X002HT4K83","B0FQC3XNMK","Pink Floral Bridal Hair Clip with Rhinestones, Elegant Flower Side Hairpin, Flexible Metal Wedding Headpiece for Brides Bridesmaids Prom Party Evening Events","New","5.79","No",,"Yes","21","15","1","5","21","99.96","0","0","0","0","0","0","15","0","0","15",
"LH601196","X002HT3LA1","B0DBQG324X","Webcam Cover for Privacy[5-Pack], Ultra Slim Stronger Glue, Easy to Use, Robust, Privacy cover for laptop, Cell Phone and More Accessories, Protect the privacy and security (Black)，webcam cover，laptop","New","4.59","No",,"Yes","0","0","0","0","0","155.02","0","0","0","0","0","0","0","0","0","0",
"LH601199","X002HTJF3X","B0FQC7H69S","UMORDUP 2Pcs Butterfly Hair Claw Clips Pearl Jewel Design Resin Hair Clips for Women Thick Thin Hair Styling Pink White","New","5.89","No",,"Yes","5","1","4","0","55","1386.18","0","50","0","0","0","0","1","0","0","1",
"LH601200","X002HT80ZH","B0D9D495C4","JYTDBCS Gamer matching keyring for husband and wife, 2PCs Funny Gamer Keyring Boyfriend Gifts from Girlfriend Matching Couple Gifts For Man Husband Gift from Wife Valentine Birthday Gifts Anniversary","New","3.59","No",,"Yes","1","0","0","0","1",,"0","0","0","1","0","0","0","0","0","0",
"LH601201","X002HTIADJ","B0FQC3FJG3","Crocodile Clips, 12pcs Professional Large Hair Clips for Styling, Sectioning Hair Clips, Women Girls Hairdressing Clips for Long Short Thick Fine Hair, No Crease, Anti-slip, Alligator Hairclips, Pink","New","5.49","No",,"Yes","17","16","0","1","57","99.96","0","40","0","0","0","0","16","0","0","16",
"LH601202","X002HTGXJ7","B0CTHBB51M","JYTDBCS Silicone Leaf Moulds (2 Pcs) for Cake, Lollipop & Chocolate Decoration with Beautiful Leaf Modeling Design","New","3.69","No",,"Yes","0","0","0","0","0","135.85","0","0","0","0","0","0","0","0","0","0",
"LH601203","X002HTMHI3","B0FQC8QLKQ","UMORDUP 6Pcs Dark Purple Professional Crocodile Hair Sectioning Clips, Large Anti‑Slip Alligator Clips for Hair Styling, No Crease Grip for Long Thick Hair","New","4.09","No",,"Yes","9","9","0","0","9","99.96","0","0","0","0","0","0","9","0","0","9",
"LH601204","X002HTMHCT","B0FQCBG1QY","UMORDUP 6Pcs Large Crocodile Hair Sectioning Clips, No Crease Alligator Styling Clips for Thick Fine Long Hair, Purple for Adult Women","New","4.59","No",,"Yes","39","38","0","1","89","99.96","0","50","0","0","0","0","38","0","0","38",
"LH601205","X002HTMH5B","B0D8KF2QJ7","JYTDBCS 2Pcs Stainless Steel Cake Testers, Reusable Baking Probe Pins with Plastic Covers, 12cm Cake Testing Skewers for Bread Muffins, Essential Kitchen Baking Tool","New","4.69","No",,"Yes","0","0","0","0","0","297.26","0","0","0","0","0","0","0","0","0","0",
"LH601206","X002HTFSBL","B0FQHLYK3Z","UMORDUP 2Pcs Red Tartan Bow Hair Clips for Adults, Scottish Plaid Hair Barrettes, Classic Fabric Hair Pins for Daily & Festive Wear","New","3.99","No",,"Yes","3","3","0","0","33","99.96","0","30","0","0","0","0","3","0","0","3",
"LH601207","X002HT97DB","B0DB5T5BBP","JYTDBCS Desk Mount Bag Holder Hook,Desk Bag Hook, Metal Desk Hanger Adjustable Under Table Purse Hook Clamp Portable Headphones Holder Clip Organizer for Women Girls Handbag, Reduce Desk Clutter","New","5.29","No",,"Yes","17","17","0","0","17","199.92","0","0","0","0","0","0","17","0","0","17",
"LH601208","X002HT97OZ","B0FQHDYL5D","Hair Gripper Pack 6 Pcs For Men And Women - Salon And Barber, Clips For Styling, Hair Holder Grips Barber Shop","New","5.19","No",,"Yes","22","21","0","1","62","147.65","0","40","0","0","0","0","21","0","0","21",
"LH601210","X002HTD8IL","B0FQH7NYMJ","Alloy Hairpin for Women, Costume Accessory, Props, Decoration for Maomao Cosplay from The Apothecary Diaries","New","6.39","No",,"Yes","28","28","0","0","68","37.2","0","40","0","0","0","0","28","0","0","28",
"LH601211","X002HTHXKZ","B0FQJ6X75S","UMORDUP 2Pcs Satin Bow Hair Clips Elegant French Barrettes for Women Black & Beige","New","3.49","No",,"Yes","1","0","0","1","1","99.96","0","0","0","0","0","0","0","0","0","0",
"LH601212","X002HTMEKT","B0FQJ75YH9","UMORDUP Green Satin Bow Hair Clip French Style Hair Barrette for Women Elegant Bun Ponytail Hair Accessory","New","4.49","No",,"Yes","35","35","0","0","35","109.96","0","0","0","0","0","0","35","0","0","35",
"LH601213","X002HTD20P","B0FQHXZDQT","Hair Comb Pack of 2 Pearl Beads Side Hair Twist Comb French Twist Clips with Teeth for Fine Accessories for Women Girls","New","5.69","No",,"Yes","26","25","0","1","26","99.96","0","0","0","0","0","0","25","0","0","25",
"LH601214","X002HTDDRH","B0FQHZRQDY","UMORDUP 2Pcs Satin Bow Hair Clips Elegant French Barrettes for Women Black & Red","New","3.29","No",,"Yes","0","0","0","0","0","99.96","0","0","0","0","0","0","0","0","0","0",
"LH601215","X002HT8BGP","B0D7V7LW3M","8PCS Universal Silent Feet Anti-Vibration Pads for Washing Machines Dryers Refrigerator Home Appliance","New","6.99","No",,"Yes","13","13","0","0","13","642.86","0","0","0","0","0","0","13","0","0","13",
"LH601216","X002HTGBQ7","B0FQHSJJTX","UMORDUP 2Pcs Satin Bow Hair Barrettes, French Style Silky Ribbon Bowknot Clips, Pink & Red Hair Accessories for Adult Women","New","3.69","No",,"Yes","7","6","0","1","7","99.96","0","0","0","0","0","0","6","0","0","6",
"LH601217","X002HT6FG3","B0DBVF1QMC","JYTDBCS 3 Piece Petal-beads Phone Charm,Stylish and Sturdy Green Orange Pink Phone Charm Strap, Cute Phone Lanyard for Women Girls","New","4.99","No",,"Yes","7","7","0","0","27","454.9","0","20","0","0","0","0","7","0","0","7",
"LH601218","X002HT3LVZ","B0DB1X4XMW","JYTDBCS Baking Tray 2pcs, 9 Cavities Silicone Madeleine Tray, Non-Stick Mould for Baking Cake, Chocolate, Candy, Biscuits (Brown)","New","6.59","No",,"Yes","12","12","0","0","22","934.39","0","10","0","0","0","0","12","0","0","12",
"LH601219","X002HTJ5BP","B0DBVFBG6R","JYTDBCS 3PCS Filled Toe Rings for Women Thin Open Band Summer Beach Foot Jewelry","New","5.39","No",,"Yes","23","21","0","0","23","49.98","0","0","0","2","0","0","21","0","0","21",
"LH601220","X002HT4TPR","B0FQHWWNV4","Black Crocodile Clips Hair – Sectioning Hair Clips For Styling, Hairdressing Clips, Black Hair Clip, Hairclips, Strong Grip Without Slipping –10Pack","New","5.29","No",,"Yes","12","10","0","2","12","99.96","0","0","0","0","0","0","10","0","0","10",
"LH601221","X002HTA9H9","B0FQHWRX88","Hair Clips, Pink Flower Barrettes Hair Accessories for Women Girls Kids, Set of 2 Elegant Handmade Organza Camellia Headwear Wedding Styling Tools for Party Wedding Daily","New","4.39","No",,"Yes","29","28","0","1","68","99.96","0","39","0","0","0","0","28","0","0","28",
"LH601222","X002HTEORP","B0FQJ8NDFQ","UMORDUP 6Pcs Dark Brown Medium‑Small Hair Claw Clips Strong Non‑Slip Plastic Clips for Fine Short Thin Hair for Women","New","5.09","No",,"Yes","26","22","1","3","26","99.96","0","0","0","0","0","0","22","0","0","22",
"LH601223","X002HT4SHL","B0D9NK6873","Colorful Flower Non-Slip Bathtub Strips, Bathtub Anti-Slip Adhesive Strips, Anti-Slip Tape Floor Safety Mat, With Scraper For Showering","New","4.80","No",,"Yes","13","13","0","0","13","294.8","0","0","0","0","0","0","13","0","0","13",
"LH601224","X002HT3R0P","B0FQHCBGTW","TRHDFW 12Pcs Blue Grosgrain Hair Bows, Mini Bowknot Alligator Clips, Cute Navy Hair Barrettes for Girls Kids, 8x4cm, Daily Party School Hair Accessories","New","3.99","No",,"Yes","1","0","0","1","31","99.96","0","30","0","0","0","0","0","0","0","0",
"LH601225","X002HTGD6F","B0D9264XV1","JYTDBCS Triangle Sushi Mold Kitchen Sushi Maker DIY Triangle Sushi Press Mini Onigiri Press Food Grade PP Material","New","4.99","No",,"Yes","4","1","0","2","4","593.21","0","0","0","1","0","0","1","0","0","1",
"LH601226","X002HTBZHH","B0FQHGFPP4","Big Bow Barrettes 2 Pieces Soft Silky Satin Hair Clip Long Tail French Ribbon Hair Pins Metal Bowknot Clips 90's Accessories for Party Valentine's Day Women Girl (Green)","New","4.78","No",,"Yes","8","8","0","0","158","99.96","0","150","0","0","0","0","8","0","0","8",
"LH601227","X002HTHNZP","B0D9D4TCYJ","JYTDBCS Crystal Moon Necklace for Women Natural Healing Crystal Gemstone Pendant Necklace Adjustable Quartz Stone Tree of Life Jewellery Gift for Mum Wife Mothers Day","New","5.49","No",,"Yes","14","14","0","0","14","49.98","0","0","0","0","0","0","14","0","0","14",
"LH601228","X002HTCK1R","B0DBQGXVJL","JYTDBCS Light Pull Chain Extension with Ball Chain 100 cm Length Bathroom Toilet Light/Ceiling Light Fan Switch/Blind Cord Pull Handle Weight Pull Cord - Brushed Chrome with White Ceramic","New","5.49","No",,"Yes","13","12","0","1","43","200.25","0","30","0","0","0","0","12","0","0","12",
"LH601230","X002HT693R","B0D8KPHJ9P","heavy duty suction cups Heavy Duty Suction Cups Silicone Strong Power Tie Downs Sucker，suckers for Car Tent Tarp Black Red 2PCS","New","7.19","No",,"Yes","0","0","0","0","60","850.49","0","60","0","0","0","0","0","0","0","0",
"LH601231","X002HT66RV","B0D9D1PXMW","2 Pack Mini Silicone Oven Mitts, 250°C Heat Resistant Kitchen Gloves with Cotton Lining, Non-Slip Waterproof Oven Gloves for Baking BBQ Microwave Camping, Orange","New","5.29","No",,"Yes","1","1","0","0","1","475.55","0","0","0","0","0","0","1","0","0","1",
"LH601233","X002HT8PIT","B0DBQHNSGZ","JYTDBCS Beaded Mobile Phone Charm Strap, Handmade Crushed Stone Pearl Phone Case Charm Jewelry Accessory, Mobile Phone Lanyard Key Chain Wristband，phone charm","New","3.99","No",,"Yes","9","9","0","0","9","79.97","0","0","0","0","0","0","9","0","0","9",
"LH601234","X002HT5Z87","B0DB8B9Z1C","JYTDBCS 2 Pcs Unicorn Shower Caps Bath Caps Reusable Waterproof Double Layers for Women Hair Protection EVA Plastic Lace Elastic Band Hat Environmental,shower cap for kids,shower hat for kids","New","4.99","No",,"Yes","27","27","0","0","27","1461.23","0","0","0","0","0","0","27","0","0","27",
"LH601235","X002HT8ESP","B0D7ZVLYKY","1 Piece Adjustable Wig Grip Headbands Non-Slip Wigs Scarf Wig Grip Band to Hold Wig in Place Wig Band(Beige)","New","4.19","No",,"Yes","8","8","0","0","38","298.08","0","30","0","0","0","0","8","0","0","8",
"LH601236","X002HTAGJP","B0DBDL6MS9","JYTDBCS Mesh Gloves Black Gloves Women, Long Gloves for Women Fancy, Mesh Gloves for Women Girls, Women's Long Gloves, Mesh Long Gloves, Long Gloves for Bridal Dance Gloves","New","4.09","No",,"Yes","0","0","0","0","0","762.98","0","0","0","0","0","0","0","0","0","0",
"LH601237","X002HT6O69","B0D8FF5HNF","5pcs Straw Covers, Reusable Silicone Straw Cap, Cute Straw Covers Cap, Simple Straw Protector for Cup Accessories Cup Accessories Straw Cover，stanley cup straw topper，straw toppers cute","New","4.19","No",,"Yes","31","29","0","2","31","104.71","0","0","0","0","0","0","29","0","0","29",
"LH601240","X002HT9TPR","B0D9JCN3GK","JYTDBCS 2 Pcs Sushi Rolling Mat，Sushi Rolling Mats，Sushi Making Mat，Rolling Mat Sushi Making Tool Reusable Plastic Sushi Roller for Beginners and Sushi DIY Lovers Sushi Paper","New","4.29","No",,"Yes","0","0","0","0","0","732.83","0","0","0","0","0","0","0","0","0","0",
"LH601241","X002HT5JFL","B0D7VWKBH7","JYTDBCS Makeup Bag Small Portable Protective Case Mini Cosmetic Bag Sundries Lipstick Storage Bag Black","New","5.89","No",,"Yes","8","7","0","1","8","507.02","0","0","0","0","0","0","7","0","0","7",
"LH601242","X002HT546Z","B0DBVDJ23R","JYTDBCS 6 Pack Cake Tester,Stainless Steel Cake Tester,Reusable Baking Tool,Cake Tester for Baking,Cake Supplies","New","4.99","No",,"Yes","0","0","0","0","0",,"0","0","0","0","0","0","0","0","0","0",
"LH601243","X002HT5IHF","B0DBDJP92J","JYTDBCS 5 PCS Sisal Soap Bag Exfoliating Soap Bag Natural Soap Pouch Shower Bath Sack with Drawstring for Bathing and Washing","New","4.29","No",,"Yes","25","25","0","0","25","99.96","0","0","0","0","0","0","25","0","0","25",
"LH601244","X002HT7TEZ","B0DB5TPC1F","JYTDBCS Floral Beaded Phone Lanyards w/ Stars, Butterfly & Flower Torque - Blue Cellphone Wrist Straps for Girls","New","4.59","No",,"Yes","20","18","0","2","20","139.45","0","0","0","0","0","0","18","0","0","18",
"LH601245","X002HT9W7H","B0DBVCQSCK","JYTDBCS Metal Headphone Hook, Headphone Hanger with Double Hooks, Universal Aluminum Alloy Gaming Headphone Stand Under Desk, Non-Slip Adjustable Desk Headphone Hanger Hook","New","5.29","No",,"Yes","30","29","0","1","30","444.25","0","0","0","0","0","0","29","0","0","29",
"LH601246","X002HTIDE5","B0GHRL3PCS","3Pack Dumpling Maker,Plastic Dumpling Press Molds 3.8in to 2.6in Pasty Moulds for Empanada Ravioli Family Gathering Picnic Christmas Thanksgiving New Year's Day","New","7.09","No",,"Yes","22","22","0","0","22","99.96","0","0","0","0","0","0","22","0","0","22",
"LH601247","X002HT4R0T","B0D9JZX9VZ","JYTDBCS Rabbits Harness With Elastic Lead, Adjustable Rabbit Harness And Lead Set, Mesh Vest For Hamsters Small Cats Guinea Pig Walking, Rabbit Harness And Lead Set","New","5.69","No",,"Yes","9","9","0","0","9","519.96","0","0","0","0","0","0","9","0","0","9",
"LH601248","X002HT4XUN","B0D9CY3L6F","5cm Diameter Half Sphere Silicone Mould Large 6-Cavity, Chocolate Ball Mould Baking Mold, Silicone Mould for Making Cake, Jelly, Dome,Silicone Chocolate Mould,Chocolate Moulds,Sphere Mould","New","6.19","No",,"Yes","33","33","0","0","33","1050.57","0","0","0","0","0","0","33","0","0","33",
"LH601249","X002HT7V7P","B0DB1ZKKK1","JYTDBCS Silver Heart Bracelet Silver Bracelet for Women Layered Charm Bracelets for Women Ladies Silver Bracelets Friendship Bracelets Women's Jewellery","New","4.09","No",,"Yes","12","11","0","0","12","10.82","0","0","0","1","0","0","11","0","0","11",
"LH601250","X002HT9WY5","B0DB5TYX3T","1 Half-Sphere Chocolate Mold, 6-Cavity Silicone Mold, Suitable for Making Chocolate, Baking, Dome Cakes, Mousse Desserts, Purple","New","6.69","No",,"Yes","10","10","0","0","10","1002.4","0","0","0","0","0","0","10","0","0","10",
"LH601251","X002HT6I6Z","B0D7ZW3GBV","JYTDBCS Curved Barbell Eyebrow Lip Ring Rook Daith Helix Bars 8mm Stainless Steel 16G Piercing Banana Silver Gold Eyebrow Piercing Jewellery,stainless steel rook jewellery","New","4.09","No",,"Yes","0","0","0","0","0","29.01","0","0","0","0","0","0","0","0","0","0",
"LH601252","X002HT86E7","B0D9JRRXVP","JYTDBCS 12 Pcs 1.2 Inch Silver Mirror Disco Balls glitter ball disco ball tree decorations Bauble Hanging Ball for Home Party","New","5.39","No",,"Yes","13","13","0","0","13","25.07","0","0","0","0","0","0","13","0","0","13",
"LH601253","X002HT5G9F","B0D7TGD2SS","Button Hook and Zipper aids for Arthritic Hands Pull One Hand Buttons aids Button Assist Device Dutton Aid","New","4.79","No",,"Yes","0","0","0","0","0","286.12","0","0","0","0","0","0","0","0","0","0",
"LH601255","X002HTAH9J","B0DBDJ1GNT","JYTDBCS 2PCS Bowknot Hair Clip Hairnet Hairnets for Bun Bowknot Hair Clip Hair Nets for Women Bun Net for Nurse Bank Worker Air Hostess Professional Hair Bun Cover","New","4.89","No",,"Yes","24","23","0","1","154","675.8","0","130","0","0","0","0","23","0","0","23",
"LH601257","X002HT7XXH","B0DBVG3DCV","JYTDBCS 1 Pcs Beaded Phone Lanyard, Evil Eye Shape Mobile Phone String Strap, Fashion Accessories for Phone Hanging Key Chain, White Blue","New","3.69","No",,"Yes","1","0","0","1","1","67.84","0","0","0","0","0","0","0","0","0","0",
"LH601258","X002HT9X0N","B0D9RNPNF1","JYTDBCS 2 Pcs Circle Template,Geometric Stencils,Geometric Stencil Plastic Geometric Stencils Drawing Templates Measuring Templates Rulers,Circle Template for Drawing Measuring Designing(Green)","New","3.69","No",,"Yes","13","8","0","5","13","205.82","0","0","0","0","0","0","8","0","0","8",
"LH601259","X002HT5AA5","B0DCHLDLGS","JYTDBCS 8pcs Leverback French Earring Hooks 10x15.5mm Hypoallergenic Interchangeable Dangle Ear Wire Findings for Jewelry Making","New","3.59","No",,"Yes","1","0","0","0","1","76.04","0","0","0","1","0","0","0","0","0","0",
"LH601260","X002HT7T3V","B0D7Q15B31","16 Pcs Finger Tips, 4 Sizes Silicone Finger Thimbles, Fingertip Grips, Finger Protector Pads Cover for Money Counting, Paper Sorting, Sewing, Knitting, Guitar Playing","New","4.19","No",,"Yes","21","18","0","3","21","69.97","0","0","0","0","0","0","18","0","0","18",
"LH601261","X002HT7Y1D","B0DB5RTK9K","JYTDBCS 4Pcs Cute Phone Charms, Cell Phone Charms Strap Mobile Phone Pendant Pink Strawberry Butterfly Star Phone Charm,phone charm strawberry","New","5.39","No",,"Yes","4","4","0","0","4","47.03","0","0","0","0","0","0","4","0","0","4",
"LH601262","X002HT9WIV","B0DCJDKGXQ","JYTDBCS 2 Pcs 60mm Air Hockey Replacement Set Portable Ice Hockey with Red Pusher Paddles, Green Pads and Red Pucks for Various Indoor Games Outdoor Activities Parties and Recreational Events","New","5.09","No",,"Yes","29","29","0","0","59","662.86","0","30","0","0","0","0","29","0","0","29",
"LH601263","X002HTIECV","B0GHR67J7J","5 in 1 Carbide Nail Drill Bit Fast Remove Acrylic Nails Professional 3/32"" Electric Nail Drill Tungsten Steel Bits Manicure Pedicure Professional Salon Tool","New","5.89","No",,"Yes","25","24","0","0","25","99.96","0","0","0","1","0","0","24","0","0","24",
"LH601264","X002HTA0KF","B0D9NMS4R1","JYTDBCS Tire Valve Stem Caps, Black, 4 pcs/Pack, Anodized Aluminium Tire Valve Cap Set, Corrosion Resistant, Universal Stem Covers for Cars Trucks Motorcycles SUVs and Bikes，valve caps(Black)","New","3.99","No",,"Yes","0","0","0","0","0","27.69","0","0","0","0","0","0","0","0","0","0",
"LH601265","X002HTA0JV","B0D83BSWYF","JYTDBCS 4pcs 18cm/7 inch Soft White Fabric Diffuser with Adjustable Size for Flash Light, Nylon, White","New","4.49","No",,"Yes","0","0","0","0","0","889.16","0","0","0","0","0","0","0","0","0","0",
"LH601266","X002HTAHD5","B0DBQD6HT3","JYTDBCS Long/Elongated Biscuits Cookie Maker Schablone/Bar ~8cm Meat Mincer Attachment, 4 Patterns Churros Dough Pastry Maker","New","4.19","No",,"Yes","27","25","0","2","27","35.07","0","0","0","0","0","0","25","0","0","25",
"LH601268","X002HT5FK5","B0D7VJHK6T","2Pcs Sealing Wax Spoon with Wax Mixing Spoon, Retro Wax Spoon with Wooden Handle Copper Wax Melting Spoon for Sealing Stamp Dissolve Wax Melting Spoon","New","3.89","No",,"Yes","5","4","0","1","75","121.26","0","70","0","0","0","0","4","0","0","4",
"LH601269","X002HT6MQ1","B0D7HBLTXP","2 Pcs Drawing Stencil, Circle Template Geometric Stencils Circle Stencils, Circle Template for Drawing,Circle Stencil for Drawing Measuring Designing","New","3.99","No",,"Yes","0","0","0","0","0","394.44","0","0","0","0","0","0","0","0","0","0",
"LH601270","X002HT8YWB","B0DBDKLGCD","JYTDBCS Exfoliating Mitt Body Scrub Exfoliator Strong Remove Dirt Dead Skin Bath Exfoliating Gloves For Shower Spa","New","4.09","No",,"Yes","0","0","0","0","0","1591.18","0","0","0","0","0","0","0","0","0","0",
"LH601271","X002HT3RQT","B0D97NH6BS","The Original Crystal Glass Nail File for Natural Nails with Case, Blue, Glass Nail Files with Case, Nail Accessory Gifts for Women, Glass Nail Files with case Nail Supplies for Teenagers and Girls","New","3.59","No",,"Yes","15","15","0","0","25","419.02","0","10","0","0","0","0","15","0","0","15",
"LH601272","X002HTJJGV","B0GHR6BT91","CVNRCLP 2 Pcs Pearl Mobile Charms, Sparkling Cell Lanyard Strap Faux Pearl Beaded Wristlet Wrist Bracelet Rhinestone Mobile Phone Pendant Phone Charm Key Accessories for Women Girls","New","5.29","No",,"Yes","27","27","0","0","27","99.96","0","0","0","0","0","0","27","0","0","27",
"LH601273","X002HT5JH9","B0D7PF4JPL","Round sponge seal super absorbent sponge brush art painting diy tool gouache watercolor graffiti painting，paint sponges，art sponges，painting sponge","New","3.19","No",,"Yes","0","0","0","0","0","916.04","0","0","0","0","0","0","0","0","0","0",
"LH601274","X002HTAI2F","B0FYMJ365M","UMORDUP Glasses Case Sunglasses, EVA Scratch-Resistant Sunglasses Case Hard Case with Carabiner Large Glasses Case for Women Men Outdoor Sports Glasses Cycling Glasses, black, One Size","New","6.89","No",,"Yes","1","0","0","0","161","1394.05","0","160","0","0","0","0","0","0","1","1",
