"snapshot-date","sku","fnsku","asin","product-name","condition","available","fc-transfer","pending-removal-quantity","inv-age-0-to-90-days","inv-age-91-to-180-days","inv-age-181-to-270-days","inv-age-271-to-365-days","inv-age-366-to-455-days","inv-age-456-plus-days","currency","units-shipped-t7","units-shipped-t30","units-shipped-t60","units-shipped-t90","alert","your-price","sales-price","lowest-price-new-plus-shipping","lowest-price-used","recommended-action","healthy-inventory-level","recommended-sales-price","recommended-sale-duration-days","recommended-removal-quantity","estimated-cost-savings-of-recommended-actions","sell-through","item-volume","volume-unit-measurement","storage-type","storage-volume","marketplace","product-group","sales-rank","days-of-supply","estimated-excess-quantity","weeks-of-cover-t30","weeks-of-cover-t90","featuredoffer-price","sales-shipped-last-7-days","sales-shipped-last-30-days","sales-shipped-last-60-days","sales-shipped-last-90-days","inv-age-0-to-30-days","inv-age-31-to-60-days","inv-age-61-to-90-days","inv-age-181-to-330-days","inv-age-331-to-365-days","estimated-storage-cost-next-month","inbound-quantity","inbound-working","inbound-shipped","inbound-received","Total Reserved Quantity","unfulfillable-quantity","quantity-to-be-charged-ais-241-270-days","estimated-ais-241-270-days","quantity-to-be-charged-ais-271-300-days","estimated-ais-271-300-days","quantity-to-be-charged-ais-301-330-days","estimated-ais-301-330-days","quantity-to-be-charged-ais-331-365-days","estimated-ais-331-365-days","quantity-to-be-charged-ais-366-455-days","estimated-ais-366-455-days","quantity-to-be-charged-ais-456-plus-days","estimated-ais-456-plus-days","historical-days-of-supply","fba-minimum-inventory-level","fba-inventory-level-health-status","Recommended ship-in quantity","Recommended ship-in date","Last updated date for Historical Days of Supply","Exempted from Low-Inventory cost coverage fee?","Low-Inventory cost coverage fee applied in current week?","Short term historical days of supply","Long term historical days of supply","Inventory age snapshot date","Inventory Supply at FBA","Reserved FC Processing","Reserved Customer Order","Reserved Staging","Total Days of Supply (including units from open shipments)","is-seasonal-in-next-3-months","season-name","season-start-date","season-end-date"
"2026-08-13","D1263","X0026WZI55","B0DPWWCFKB","Cotton Face Masks 4 Pack | Washable & Reusable | Filter Pocket & Adjustable Straps | 3 Layer Fabric Mask with Protective Covering","New","49","0","0","48","2","0","0","0","0","EUR","2","6","10","10","Low traffic","6.66","0.0","6.66","0.0","NoRestockExcessActionRequired","49","0.0","0","0","0.0","0.48","0.001242","cubic meter","Standard","0.06085","DE","gl_sports","91072","137","0","32","63","6.72","10.9","32.7","54.5","54.5","48","0","0","0","0","0.13","0","0","0","0","1","0","","","","","","","","","","","","","254.2","5","","0","","2026-08-10","Yes","No","188.3","254.2","2026-08-10","49","0","1","0","140","N","","",""
"2026-08-13","RPAHXPDE016","X002HJZP87","B0GFXPVK1Q","RSYHVG 2 Stück Handykette Universalpads, 360° Rotierbar Edelstahl Multifunktionales Handy-Lanyard-Patch, Universelle Handykette, Telefon-Patch für die meisten Smartphones","New","8","0","0","8","0","0","0","0","0","EUR","","","","","Low traffic","5.89","0.0","5.89","0.0","Advertise listing","","","0","0","","0.0","1.0E-4","cubic meter","Apparel","8.0E-4","DE","gl_apparel","","","0","","","","","","","","8","0","0","0","0","","0","0","0","0","0","0","","","","","","","","","","","","","","","","","","","","","","","2026-08-10","8","0","0","0","","N","","",""
"2026-08-13","RPAHXPDE045-1","X002MN6XB1","B0H6MN1T4D","RSYHVG 2 Stück Bohrstaubsammler aus PP-Kunststoff blau, staubdichter Staubfangaufsatz für Schlagbohrmaschinen Elektrobohrmaschinen Maße 8.8x4.4x1.1cm","New","8","0","0","8","0","0","0","0","0","EUR","","","","","Low traffic","9.89","0.0","9.89","0.0","Advertise listing","","","0","0","","0.0","1.0E-4","cubic meter","Standard","8.0E-4","DE","gl_home","","","0","","","","","","","","8","0","0","0","0","","0","0","0","0","0","0","","","","","","","","","","","","","","","","","","","","","","","2026-08-10","8","0","0","0","","N","","",""
"2026-08-13","RPAHXPDE072","X002HK3911","B0GG55BPPK","Messer Mosaiknieten Aus Edelstahl 6Mm Für Messergriff Herstellung Zubehör Vielseitige Nieten Für Verschiedene Materialien Mit Sicherem Halt Und Einfache Montage","New","8","0","0","8","0","0","0","0","0","EUR","","","","","Low traffic","10.99","0.0","10.99","0.0","Advertise listing","","","0","0","","0.0","6.6E-5","cubic meter","Standard","5.26E-4","DE","gl_home_improvement","","","0","","","10.99","","","","","8","0","0","0","0","","0","0","0","0","0","0","","","","","","","","","","","","","","","","","","","","","","","2026-08-10","8","0","0","0","","N","","",""
"2026-08-13","RPAHXPDE084","X002HKFFN1","B0GG4TPSF9","Leder Schleifpad Set - Professionelles Glättungs-Tool für rauen Stellen vor Lederreparaturen","New","5","0","0","5","0","0","0","0","0","EUR","3","3","3","3","Low traffic","6.29","0.0","6.29","0.0","NoRestockExcessActionRequired","","","0","0","","1.2","2.9E-4","cubic meter","Standard","0.001452","DE","gl_biss","152249","20","0","6","21","6.29","15.87","15.87","15.87","15.87","5","0","0","0","0","","0","0","0","0","0","0","","","","","","","","","","","","","63.0","","","","","2026-08-10","Yes","No","63.0","63.0","2026-08-10","5","0","0","0","20","N","","",""
"2026-08-13","RPAHXPDE079","X002HN55AB","B0GGH2XGV2","Silikon Autoschlüssel Hülle passend für Renault Austral Remote Key Shell Zubehör (Blau)","New","8","0","0","8","0","0","0","0","0","EUR","","","","","Low traffic","7.89","0.0","7.89","0.0","Advertise listing","","","0","0","","0.0","1.0E-4","cubic meter","Standard","8.0E-4","DE","gl_automotive","","","0","","","","","","","","8","0","0","0","0","","0","0","0","0","0","0","","","","","","","","","","","","","","","","","","","","","","","2026-08-10","8","0","0","0","","N","","",""
"2026-08-13","RPAHXPDE047","X002HNX4IB","B0GG4DRFYZ","9 Stück BH-Träger Halteclips für Racerback, Anti-Rutsch BH-Clips für den Rücken, Kreuzrücken Clips Schnallen für verdeckte Träger und Dekolleté-Kontrolle","New","8","0","0","8","0","0","0","0","0","EUR","","","","","Low traffic","6.29","0.0","6.29","0.0","Advertise listing","","","0","0","","0.0","8.7E-5","cubic meter","Apparel","7.0E-4","DE","gl_apparel","","","0","","","","","","","","8","0","0","0","0","","0","0","0","0","0","0","","","","","","","","","","","","","","","","","","","","","","","2026-08-10","8","0","0","0","","N","","",""
"2026-08-13","RPAHXPDE060","X002HKEL8V","B0GG4ZHFRK","4x Waschdüse für Crafter Sprinter I Sprinter 2 Vito W638 V-Klasse W638 Espace 3 Smart Fortwo Frontscheibenwischer Waschdüsen Scheibenwaschdüsen Waschwasserdüse Espace III","New","8","0","0","8","0","0","0","0","0","EUR","","","","","Low traffic","8.99","0.0","8.99","0.0","Advertise listing","","","0","0","","0.0","1.72E-4","cubic meter","Standard","0.001378","DE","gl_home_improvement","","","0","","","","","","","","8","0","0","0","0","","0","0","0","0","0","0","","","","","","","","","","","","","","","","","","","","","","","2026-08-10","8","0","0","0","","N","","",""
"2026-08-13","RPAHXPDE031-1","X002MN7B1H","B0H6MNWBT2","RSYHVG 2 Stück Französische Haarspangen Gold, Vintage Perle Haarspangen für Dünnes Haar, Stilvolle Perlen Haarklammern Barrette für Hochzeit Party Alltag, Multifunktionale Haarnadeln für Frauen","New","7","0","0","7","0","0","0","0","0","EUR","","","","","Low traffic","7.19","0.0","7.19","0.0","Advertise listing","","","0","0","","0.0","1.0E-4","cubic meter","Standard","7.01E-4","DE","gl_beauty","","","0","","","","","","","","7","0","0","0","0","","1","0","0","1","0","0","","","","","","","","","","","","","","","","","","","","","","","2026-08-10","8","0","0","0","","N","","",""
"2026-08-13","RPAHXPDE085","X002HKFEAF","B0GG5CTRJX","RSYHVG Klebehaken 20 Paar Set Transparent，Klebehalterung, kein Bohren erforderlich, selbstklebende doppelseitige Wandhaken，abnehmbar, geeignet für Küche, Bad, Wohnzimmer","New","8","0","0","8","0","0","0","0","0","EUR","","","","","Low traffic","8.09","0.0","8.09","0.0","Advertise listing","","","0","0","","0.0","1.0E-4","cubic meter","Standard","8.0E-4","DE","gl_home_improvement","","","0","","","","","","","","8","0","0","0","0","","0","0","0","0","0","0","","","","","","","","","","","","","","","","","","","","","","","2026-08-10","8","0","0","0","","N","","",""
"2026-08-13","D1184","X0026YKH09","B0DPZG4HLM","Abflusssieb Spüle Küche Dusche Waschbecken, Spülbecken Küchenspüle Sieb Edelstahl, Außendurchmesser: 11,2 cm, Innendurchmesser: 7,5cm, Tiefe: 2 cm, 3 Stücke","New","12","3","0","15","1","0","0","0","0","EUR","0","0","0","0","Low traffic","5.89","0.0","5.89","0.0","Advertise listing","5","0.0","0","0","7.26","0.0","2.51E-4","cubic meter","Standard","0.003011","DE","gl_home","1298859","366","10","","","5.94","0.0","0.0","0.0","0.0","15","0","0","0","0","0.08","0","0","0","0","0","0","","","","","","","","","","","","","","0","","0","","","","","","","2026-08-10","15","0","0","0","366","N","","",""
"2026-08-13","RPAHXPDE087","X002HKFQF3","B0GG5J5KTZ","RSYHVG Brillenetuis für Herren 3er Set Filz Brillen Sonnenbrillen Aufbewahrungstasche Tragetasche Soft Pocket Brillenetui Steckbare Brillen Sonnenbrillentasche Tragbare Lesebrillentasche","New","8","0","0","8","0","0","0","0","0","EUR","","","","","Low traffic","7.19","0.0","7.19","0.0","Advertise listing","","","0","0","","0.0","1.0E-4","cubic meter","Apparel","8.0E-4","DE","gl_apparel","","","0","","","7.19","","","","","8","0","0","0","0","","0","0","0","0","0","0","","","","","","","","","","","","","","","","","","","","","","","2026-08-10","8","0","0","0","","N","","",""
"2026-08-13","RPAHXPDE095","X002HKD7NL","B0GG5226NM","10 Stück Stoffüberzogene Haken- und Ösenverschlüsse Fasteners Nähverschluss für Pelzmanteljacke","New","8","0","0","8","0","0","0","0","0","EUR","","","","","Low traffic","9.49","0.0","9.49","0.0","Advertise listing","","","0","0","","0.0","1.0E-4","cubic meter","Standard","8.0E-4","DE","gl_office_product","","","0","","","","","","","","8","0","0","0","0","","0","0","0","0","0","0","","","","","","","","","","","","","","","","","","","","","","","2026-08-10","8","0","0","0","","N","","",""
"2026-08-13","D1107","X0026WHQIH","B0DPW9DBV6","Eierseparator, Eigelbabscheider, Eigelbabscheider, aus lebensmittelechtem Edelstahl 304, spülmaschinengeeignet","New","4","0","0","0","0","9","0","0","0","EUR","2","11","13","13","Low traffic","4.99","0.0","4.99","0.0","CreateShippingPlan","0","0.0","0","0","4.93","0.69","2.97E-4","cubic meter","Standard","0.00119","DE","gl_home","380807","13","0","1","4","5.24","8.38","46.09","54.47","54.47","0","0","0","9","0","0.01","0","0","0","0","2","0","","","","","","","","","","","","","167.1","2","","4","2026-08-19","2026-08-10","Yes","No","46.1","167.1","2026-08-10","4","1","1","0","20","N","","",""
"2026-08-13","D12160","X0026YMX6P","B0DPYXKHVQ","Hülle für iPhone 11 (2019) 6,1"", Nie Vergilbung Handyhülle Schutzhülle Case Cover mit Anti-kratzt Transparente und Rückseite (Durchsichtig)","","0","0","0","0","3","0","0","0","0","EUR","0","0","0","0","","0.0","0.0","0.0","0.0","NoRestockExcessActionRequired","","","0","0","","0.0","1.28E-4","cubic meter","Standard","0.0","DE","gl_electronics","518328","0","0","","","4.93","0.0","0.0","0.0","0.0","0","0","0","0","0","","0","0","0","0","0","0","","","","","","","","","","","","","","0","","0","","","","","","","2026-08-10","0","0","0","0","0","N","","",""
"2026-08-13","RPAHXPDE092-1","X002MNDYFT","B0H6M9TTX5","RSYHVG Flusensieb Ersatz aus ABS-Kunststoff, kompatibel mit Siemens iQ800 Bosch Waschmaschinen, Ersatznummern 00647920 00605010 00602008, blau 1 Stück","New","10","0","0","10","0","0","0","0","0","EUR","","","","","Low traffic","8.99","0.0","8.99","0.0","Advertise listing","","","0","0","","0.0","1.0E-4","cubic meter","Standard","0.001","DE","gl_major_appliances","","","0","","","","","","","","10","0","0","0","0","","0","0","0","0","0","0","","","","","","","","","","","","","","","","","","","","","","","2026-08-10","10","0","0","0","","N","","",""
"2026-08-13","RPAHXPDE096-1","X002MND657","B0H6MJ5HHT","RSYHVG RFID Kreditkartenetui aus PU-Leder mit Reißverschluss, 13 Fächer Orgel-Design Münzfach Geldbörse für Damen Herren Schwarz","New","7","0","0","7","0","0","0","0","0","EUR","","","","","Low traffic","6.29","0.0","6.29","0.0","Advertise listing","","","0","0","","0.0","1.0E-4","cubic meter","Standard","7.0E-4","DE","gl_luggage","","","0","","","","","","","","7","0","0","0","0","","1","0","0","1","0","0","","","","","","","","","","","","","","","","","","","","","","","2026-08-10","8","0","0","0","","N","","",""
"2026-08-13","D12172","X0026YINB9","B0DPYVNWHH","Geistermaske, Totenkopf-Sturmhaube,Skelett-Kostüm, Ganzkopf-Ski-Schlauchschal, gestrickt, Winddicht, wärmend, Kopfbedeckung für Fahrrad, Skateboard, Motorrad, Snowboard, Outdoor-Sports","New","19","14","0","40","0","0","0","0","0","EUR","6","18","27","27","Low traffic","6.29","0.0","6.29","0.0","CreateShippingPlan","32","0.0","0","0","0.0","0.96","3.6E-4","cubic meter","Apparel","0.00684","DE","gl_apparel","72964","50","0","4","9","6.29","31.74","95.22","142.83","142.83","40","0","0","0","0","0.15","0","0","0","0","4","0","","","","","","","","","","","","","76.1","21","","0","","2026-08-10","Yes","No","19.6","76.1","2026-08-10","33","2","2","0","55","N","","",""
"2026-08-13","D12183","X0026YH5XB","B0DPYHX4PQ","Dusche mit Exfoliation Rücken Waschmaschine, 85 * 9 cm, mit Griff, Exfoliation Waschmaschine, Körper Exfoliation, Badewerkzeuge, tief reiben Sie Ihren Körper, Männer und Frauen, Exfoliation","","0","0","0","0","2","0","0","0","0","EUR","0","0","0","0","","0.0","0.0","0.0","0.0","NoRestockExcessActionRequired","","","0","0","","0.0","4.6E-4","cubic meter","Standard","0.0","DE","gl_beauty","356922","0","0","","","5.69","0.0","0.0","0.0","0.0","0","0","0","0","0","","0","0","0","0","0","0","","","","","","","","","","","","","","0","","0","","","","","","","2026-08-10","0","0","0","0","0","N","","",""
"2026-08-13","D12155","X0026YDIR3","B0DPYMSP9R","Damen Breiter Elastischer Taillengürtel Cinch Gürtel Trimmer Stretchbund","","0","0","0","0","1","0","0","0","0","EUR","0","0","0","0","","0.0","0.0","0.0","0.0","NoRestockExcessActionRequired","","","0","0","","0.0","3.6E-4","cubic meter","Apparel","0.0","DE","gl_apparel","1540470","0","0","","","4.99","0.0","0.0","0.0","0.0","0","0","0","0","0","","0","0","0","0","0","0","","","","","","","","","","","","","","0","","0","","","","","","","2026-08-10","0","0","0","0","0","N","","",""
"2026-08-13","D12128","X0026YKPKL","B0DPZKVF6J","Runde Knöpfe aus Kunstharz, 20 mm, 4 Löcher, Schwarz, 20 mm, 40Stück","New","15","0","0","15","0","0","0","0","0","EUR","0","0","0","0","Low traffic","4.79","0.0","4.79","0.0","Advertise listing","0","4.39","46","0","63.48","0.0","1.67E-4","cubic meter","Standard","0.002507","DE","gl_office_product","1295183","366","0","","","4.79","0.0","0.0","0.0","0.0","15","0","0","0","0","1.22","0","0","0","0","0","0","","","","","","","","","","","","","","0","","0","","","","","","","2026-08-10","15","0","0","0","366","N","","",""
"2026-08-13","RPAHXPDE094","X002HNO039","B0GGH5HM81","3 Stück Schutzhülle mit Schlüsselring, Universal Passend für Mini Ortungsgerät, Leder Schlüsselanhänger Hülle, Tragbare Mini Hülle Schlüsselanhänger","New","8","0","0","8","0","0","0","0","0","EUR","","","","","Low traffic","6.99","0.0","6.99","0.0","Advertise listing","","","0","0","","0.0","1.7E-4","cubic meter","Standard","0.001361","DE","gl_wireless","","","0","","","","","","","","8","0","0","0","0","","0","0","0","0","0","0","","","","","","","","","","","","","","","","","","","","","","","2026-08-10","8","0","0","0","","N","","",""
"2026-08-13","RPAHXPDE099","X002HKDA97","B0GG5B75WS","3 Stück Silikon Knoblauchschäler Schäler Rolle,SchnellschäLrolle GroßEr Einfach Und Praktisch SilikonschäLer für Küchenwerkzeug,Knoblauch Roller KüChenhelfer Silikon Knoblauch Schäler","New","8","0","0","8","0","0","0","0","0","EUR","","","","","Low traffic","8.19","0.0","8.19","0.0","Advertise listing","","","0","0","","0.0","7.71E-4","cubic meter","Standard","0.006167","DE","gl_home","","","0","","","","","","","","8","0","0","0","0","","0","0","0","0","0","0","","","","","","","","","","","","","","","","","","","","","","","2026-08-10","8","0","0","0","","N","","",""
"2026-08-13","RPAHXPDE059","X002HK9HFD","B0GG4RSWK9","Ersatzschlüssel Für Papierhandtuchspender Universal Schlüssel Für Gewerbliche Papierspender Und Taschentuchboxen 5.3X2.4X7.6 cm Leichtes Öffnen Von Handtuchspendern","New","8","0","0","8","0","0","0","0","0","EUR","","","","","Low traffic","7.19","0.0","7.19","0.0","Advertise listing","","","0","0","","0.0","1.0E-4","cubic meter","Standard","8.0E-4","DE","gl_home","","","0","","","","","","","","8","0","0","0","0","","0","0","0","0","0","0","","","","","","","","","","","","","","","","","","","","","","","2026-08-10","8","0","0","0","","N","","",""
"2026-08-13","RPAHXPDE003-1","X002MN75EF","B0H6MGT1P3","RSYHVG 10mm Teflonband PTFE Glasgewebeband Schwarz, Antistatisches Hitzebeständiges Klebeband bis 300°C, 10m Hochtemperaturband für Vakuumiergerät, Impulsversiegeler, Verpackungsmaschinen","New","8","0","0","8","0","0","0","0","0","EUR","","","","","Low traffic","5.39","0.0","5.39","0.0","Advertise listing","","","0","0","","0.0","1.16E-4","cubic meter","Standard","9.29E-4","DE","gl_biss","","","0","","","5.39","","","","","8","0","0","0","0","","0","0","0","0","0","0","","","","","","","","","","","","","","","","","","","","","","","2026-08-10","8","0","0","0","","N","","",""
"2026-08-13","RPAHXPDE070","X002HKAKUJ","B0GG4ZRDRT","Limeow 1 Stück Bookmark Kids Lesezeichen Metall Lesezeichen Tiere 3d Lesezeichen Personalisiert Lesezeichen Kinder Einschulung Wird in Den Meisten Büchern Zeitschriften Broschüren Usw Verwendet","New","8","0","0","8","0","0","0","0","0","EUR","","","","","Low traffic","6.79","0.0","6.79","0.0","Advertise listing","","","0","0","","0.0","1.0E-4","cubic meter","Standard","8.0E-4","DE","gl_office_product","","","0","","","","","","","","8","0","0","0","0","","0","0","0","0","0","0","","","","","","","","","","","","","","","","","","","","","","","2026-08-10","8","0","0","0","","N","","",""
"2026-08-13","D1255","X0026X6OL1","B0DPWXZ2F2","Seide Haarringe Damen Pferdeschwanzhalter Haarband aus Seide, Seide Haargummis Verpackung MEHRWEG(Schwarz,2)","New","9","12","0","21","2","0","0","0","0","EUR","0","0","1","1","Low traffic","4.8","0.0","4.8","0.0","NoRestockExcessActionRequired","0","4.08","52","0","79.46","0.12","1.0E-4","cubic meter","Standard","9.0E-4","DE","gl_beauty","367146","366","21","","117","4.8","0.0","0.0","4.2","4.2","20","1","0","0","0","0.08","0","0","0","0","0","0","","","","","","","","","","","","","","0","","0","","","","","","278.0","2026-08-10","21","0","0","0","366","N","","",""
"2026-08-13","D12136","X0026YKSUX","B0DPZN4D6R","5m Klettband mit 25 Metallschnalle, Frei Zuschneidbar Klettverschluss Band - 2cm Breit, Wiederverschließbar Klett Kabelbinder zum Organisieren Ihrer Kabel, Schnüre, Schläuche usw","","0","0","0","1","0","0","0","0","0","EUR","0","0","0","0","","0.0","0.0","0.0","0.0","NoRestockExcessActionRequired","","","0","0","","0.0","3.44E-4","cubic meter","Standard","0.0","DE","gl_home_improvement","640989","0","0","","","6.29","0.0","0.0","0.0","0.0","1","0","0","0","0","","0","0","0","0","0","0","","","","","","","","","","","","","","0","","0","","","","","","","2026-08-10","0","0","0","0","0","N","","",""
"2026-08-13","RPAHXPDE081","X002HN3463","B0GGGXDXBM","4 Pcs Wärmflaschen Verschluss Stecker Heißwasserbeutel Deckel Wärmflasche Verschlussstopfen Wärmflaschenverschlüsse Stöpsel Gewinde Verschluss Warmwasserbeutel Stopfen Ersatz","New","8","0","0","8","0","0","0","0","0","EUR","","","","","Low traffic","8.99","0.0","8.99","0.0","Advertise listing","","","0","0","","0.0","3.59E-4","cubic meter","Standard","0.002871","DE","gl_kitchen","","","0","","","","","","","","8","0","0","0","0","","0","0","0","0","0","0","","","","","","","","","","","","","","","","","","","","","","","2026-08-10","8","0","0","0","","N","","",""
"2026-08-13","D12215","X0026YN02L","B0DPYWQDK9","Rutschfester und waschbarer Greifer Vacuum Tech – Neue Materialien zum Schutz vor Kräuseln; halten Sie Ihren Teppich an Ort und Stelle","New","21","0","0","20","0","1","0","0","0","EUR","0","3","5","5","Low traffic","6.89","0.0","6.89","0.0","NoRestockExcessActionRequired","0","6.52","52","0","108.62","0.54","1.0E-4","cubic meter","Standard","0.0021","DE","gl_kitchen","762778","127","21","28","54","6.89","0.0","17.37","29.29","29.29","20","0","0","1","0","0.05","0","0","0","0","0","0","","","","","","","","","","","","","121.6","13","","0","","2026-08-10","Yes","No","49.6","121.6","2026-08-10","21","0","0","0","127","N","","",""
"2026-08-13","D1116-1","X0026Y9UTX","B0DPYCR9PK","Dänischer Schneebesen für perfekten Teig im Nu, hochwertiger Teigbesen als Brotbackzubehör, Teigrührer, Teigkneter, Dänischer Schneebesen als Brotbackzubehör","New","18","2","0","20","0","0","0","0","0","EUR","0","0","0","0","Low traffic","6.49","0.0","6.49","0.0","Advertise listing","","","0","0","","0.0","6.6E-4","cubic meter","Standard","0.01188","DE","gl_kitchen","962700","366","0","","","6.49","0.0","0.0","0.0","0.0","20","0","0","0","0","","0","0","0","0","0","0","","","","","","","","","","","","","","0","","0","","","","","","","2026-08-10","20","0","0","0","366","N","","",""
"2026-08-13","RPAHXPDE067","X002HKAFEZ","B0GG4Z841Y","10 Stück Schwarze Temperaturbeständige Gummipufferfüße für Gasherde Herdplatten Rostfüße Anwendbar für Wohnmobilkocher mit 4,5 Mm Durchmesser","New","6","0","0","6","0","0","0","0","0","EUR","1","2","2","2","Low traffic","8.09","0.0","8.09","0.0","NoRestockExcessActionRequired","","","0","0","","0.57","1.0E-4","cubic meter","Standard","6.0E-4","DE","gl_home_improvement","67806","39","0","12","39","8.09","6.8","13.6","13.6","13.6","6","0","0","0","0","","0","0","0","0","1","0","","","","","","","","","","","","","65.0","4","","0","","2026-08-10","Yes","No","65.0","65.0","2026-08-10","6","1","0","0","45","N","","",""
"2026-08-13","D12238","X0026YKHCH","B0DPZCQNH3","Edelstahl Spatenlöffel, schaufelförmiger kreativer Schaufelnetz roter Löffel, Wassermelonenlöffel Milchtee Kaffee Kaffee Zuckerlöffel Eisdessertlöffel (8 Stück)","New","4","0","0","0","5","0","0","0","0","EUR","0","4","4","4","Low traffic","5.89","0.0","5.89","0.0","NoRestockExcessActionRequired","1","0.0","0","0","2.32","0.15","0.0","cubic meter","Other","0.0","DE","gl_kitchen","245309","27","0","4","13","5.89","0.0","19.8","19.8","19.8","0","0","0","0","0","0.2","0","0","0","0","2","0","","","","","","","","","","","","","902.3","2","","5","2026-08-18","2026-08-10","Yes","No","222.3","902.3","2026-08-10","4","2","0","0","42","N","","",""
"2026-08-13","D1215","X0026Z0L27","B0DQ17BF5H","Generic Calabash Sicherheitsnadeln Metall, bunt gemischte Farben zufällig versandt, Näh- und Bastel Pins für Kleidung Schmuck, 100 Stück pro Packung","New","14","0","0","0","15","0","0","0","0","EUR","1","6","6","6","Low traffic","4.39","0.0","4.39","0.0","NoRestockExcessActionRequired","5","0.0","0","0","0.99","0.27","2.25E-4","cubic meter","Standard","0.00315","DE","gl_home","568943","72","0","9","30","4.39","3.69","22.14","22.14","22.14","0","0","0","0","0","0.07","0","0","0","0","0","0","","","","","","","","","","","","","350.0","4","","0","","2026-08-10","Yes","No","110.0","350.0","2026-08-10","14","0","0","0","72","N","","",""
"2026-08-13","D12112","X0026XRNHP","B0DPX51B99","Katzengeschirr mit Leine Schwarz Softgeschirr für Katze Brustgeschirr Cat Harness Katzengarnitur ausbruchsicher verstellbar Katzenweste Schwarz XS","New","6","8","0","16","0","0","0","0","0","EUR","7","23","23","23","Low traffic","8.59","0.0","8.29","0.0","CreateShippingPlan","1","0.0","0","0","51.09","0.99","5.0E-4","cubic meter","Standard","0.003","DE","gl_pet_products","23371","19","0","1","3","8.59","47.94","156.74","156.74","156.74","16","0","0","0","0","0.15","0","0","0","0","1","0","","","","","","","","","","","","","101.4","5","","19","2026-08-19","2026-08-10","Yes","No","28.7","101.4","2026-08-10","14","1","0","0","20","N","","",""
"2026-08-13","RPAHXPDE069-1","X002MN2QD5","B0H6MGL4LJ","RSYHVG 4 Stück Metall Schalringe Clips, 4 verschiedene Designs Perlen Strass Hemd Schnallen für T-Shirts Schals Kleider Damenmode","New","8","0","0","8","0","0","0","0","0","EUR","","","","","Low traffic","5.79","0.0","5.79","0.0","Advertise listing","","","0","0","","0.0","3.39E-4","cubic meter","Apparel","0.002715","DE","gl_apparel","","","0","","","","","","","","8","0","0","0","0","","0","0","0","0","0","0","","","","","","","","","","","","","","","","","","","","","","","2026-08-10","8","0","0","0","","N","","",""
"2026-08-13","RPAHXPDE104","X002HKG503","B0GG5GJ2F8","12 Stück Diebstahlsicherung Reisverschlüse Zieher - Backpacking Must Haves Diebstahlsicherung Rucksack Zipper Reißverschluss Clip Gepäck, Reise Gadgets, Reißverschluss Verschluss Clip für Zuhause Schl","New","8","0","0","8","0","0","0","0","0","EUR","","","","","Low traffic","6.69","0.0","6.69","0.0","Advertise listing","","","0","0","","0.0","1.61E-4","cubic meter","Standard","0.001287","DE","gl_home_improvement","","","0","","","","","","","","8","0","0","0","0","","0","0","0","0","0","0","","","","","","","","","","","","","","","","","","","","","","","2026-08-10","8","0","0","0","","N","","",""
"2026-08-13","D12157","X0026YML2B","B0DPYGQ6C4","Hundeleine Kleine Hunde Leicht | Doppelseitig Reflektierend | Gepolsterter Griff | Bis zu 10 kg | 1.8m x 2cm | Schwarz","New","15","0","0","0","0","15","0","0","0","EUR","0","0","0","0","Low traffic","5.66","0.0","5.66","0.0","Advertise listing","0","0.0","0","0","100.26","0.0","3.6E-4","cubic meter","Standard","0.0054","DE","gl_pet_products","173618","259","15","","","5.66","0.0","0.0","0.0","0.0","0","0","0","15","0","0.14","0","0","0","0","0","0","","","","","","","","","","","","","","1","","0","","","","","","","2026-08-10","15","0","0","0","259","N","","",""
"2026-08-13","RPAHXPDE102-1","X002MNBAIR","B0H6MNJBVW","RSYHVG Quadratische Schmuckgeschenkbox Rosa, 9x9x2cm Karton Schubladenbox mit Filzeinlage für Ringe Ohrringe Halsketten Geschenkverpackung","New","8","0","0","8","0","0","0","0","0","EUR","","","","","Low traffic","5.99","0.0","5.99","0.0","Advertise listing","","","0","0","","0.0","3.62E-4","cubic meter","Standard","0.002893","DE","gl_home","","","0","","","","","","","","8","0","0","0","0","","0","0","0","0","0","0","","","","","","","","","","","","","","","","","","","","","","","2026-08-10","8","0","0","0","","N","","",""
"2026-08-13","DH50901","X002F01H3F","B0FT3HL61T","8 Paare Jeans Knopf,Knöpfe Hosen Enger Machen,Hosenknöpfe zum Stecken Hose Enger Machen Clip Blumen Perlen Einsteller Hosenknöpfe Hosen Knopf Spanner Fastener Kleidung Verstellbare Taille Schnallen","","0","0","0","1","0","0","0","0","0","EUR","","","","","","0.0","0.0","0.0","0.0","NoRestockExcessActionRequired","","","0","0","","0.0","1.0E-4","cubic meter","Standard","0.0","DE","gl_office_product","","","0","","","","","","","","1","0","0","0","0","","0","0","0","0","0","0","","","","","","","","","","","","","","","","","","","","","","","2026-08-10","0","0","0","0","","N","","",""
"2026-08-13","D12211","X0026YN7AV","B0DPZ1MQFQ","Edelstahl Teigschaber mit Rutschfestem Holzgriff und Messskala Teigspachtel Teigkarte Backen Teigschneider Gebäckschaber für die Küche Teigkuchen Pizzaschneider Rechteckiger","New","8","2","0","10","0","0","0","0","0","EUR","0","0","0","0","Low traffic","6.49","0.0","6.49","0.0","Advertise listing","0","5.74","52","0","71.81","0.0","3.84E-4","cubic meter","Standard","0.003072","DE","gl_home","2007156","366","0","","","6.49","0.0","0.0","0.0","0.0","10","0","0","0","0","0.1","0","0","0","0","0","0","","","","","","","","","","","","","","0","","0","","","","","","","2026-08-10","10","0","0","0","366","Y","Holiday Season","2026-09-26","2027-03-27"
"2026-08-13","RPAHXPDE055","X002HKA6AX","B0GG4TJ4V4","Karabinerhaken Stern Karabiner aus robuster Aluminiumlegierung für Camping, Angeln, Wandern, Reisen, Camping im Freien","New","8","0","0","8","0","0","0","0","0","EUR","","","","","Low traffic","5.39","0.0","5.39","0.0","Advertise listing","","","0","0","","0.0","1.0E-4","cubic meter","Standard","8.0E-4","DE","gl_sports","","","0","","","","","","","","8","0","0","0","0","","0","0","0","0","0","0","","","","","","","","","","","","","","","","","","","","","","","2026-08-10","8","0","0","0","","N","","",""
"2026-08-13","D12158","X0026YIO63","B0DPZ5Y72F","Retro Sonnenbrille im Stil der 70er Jahre mit Doppelbügel, gepolarisierte Gläser mit UV400 Schutz, große Piloten-Sonnenbrille für Herren und Damen","New","60","0","0","64","0","0","0","0","0","EUR","5","5","15","15","Low traffic","4.59","0.0","4.59","0.0","NoRestockExcessActionRequired","0","0.0","0","0","119.05","0.61","1.8E-4","cubic meter","Footwear","0.010801","DE","gl_shoes","150833","174","0","48","52","4.59","19.3","19.3","59.6","59.6","64","0","0","0","0","0.19","0","0","0","0","3","0","","","","","","","","","","","","","","0","","0","","","","","","101.8","2026-08-10","60","2","1","0","180","N","","",""
"2026-08-13","RPAHXPDE042","X002HKKASL","B0GG48B123","Julep-Sieblöffel aus Edelstahl 304 – Premium-Bar-Cocktail-Sieb Und Rührwerkzeug","New","8","1","0","9","0","0","0","0","0","EUR","","","","","Low traffic","8.59","0.0","8.59","0.0","Advertise listing","","","0","0","","0.0","1.0E-4","cubic meter","Standard","8.0E-4","DE","gl_kitchen","","","0","","","8.59","","","","","9","0","0","0","0","","0","0","0","0","0","0","","","","","","","","","","","","","","","","","","","","","","","2026-08-10","9","0","0","0","","N","","",""
"2026-08-13","D1270","X0026YM53V","B0DPZ1Q79W","Slim Wallet Kreditkartenetui mit ID-Fenster und Schnellzugriff-Fach für Herren und Damen – – Mini Portemonnaie für Männer inklusive Portmonee und Geschenkbox","","0","0","0","0","1","0","0","0","0","EUR","0","0","3","3","","0.0","0.0","0.0","0.0","CreateShippingPlan","","","0","0","","0.43","2.7E-5","cubic meter","Standard","0.0","DE","gl_luggage","1013194","0","0","","0","4.09","0.0","0.0","10.32","10.32","0","0","0","0","0","","0","0","0","0","0","0","","","","","","","","","","","","","","0","","0","","","","","","261.7","2026-08-10","0","0","0","0","0","N","","",""
"2026-08-13","D1153","X0026YKCBX","B0DPZF6W3X","Hochzeit Braut Kristall Tiara, Königin Krone Dekoration, Kristall Frauen Haarkrone, Hochzeit Braut Haarschmuck, Prinzessin Krone","New","5","10","0","16","0","0","0","0","0","EUR","0","0","0","0","Low traffic","6.59","0.0","6.59","0.0","Advertise listing","0","0.0","0","0","101.13","0.0","1.18E-4","cubic meter","Apparel","5.91E-4","DE","gl_jewelry","958778","366","0","","","6.59","0.0","0.0","0.0","0.0","16","0","0","0","0","0.04","0","0","0","0","1","0","","","","","","","","","","","","","","0","","0","","","","","","","2026-08-10","15","1","0","0","366","N","","",""
"2026-08-13","RPAHXPDE077","X002HKFVSZ","B0GG4NHTRG","Hitzefreier Lockenwickler, hitzefreier Lockenwickler zum Schlafen, Keine Hitzelocken für langes Haar, weicher Schlafkrawatten-Scrunchie, Schwarz","New","8","0","0","8","0","0","0","0","0","EUR","","","","","Low traffic","8.49","0.0","8.49","0.0","Advertise listing","","","0","0","","0.0","5.39E-4","cubic meter","Standard","0.004309","DE","gl_beauty","","","0","","","","","","","","8","0","0","0","0","","0","0","0","0","0","0","","","","","","","","","","","","","","","","","","","","","","","2026-08-10","8","0","0","0","","N","","",""
"2026-08-13","D12185","X0026YN701","B0DPYYF6NH","Parfümzerstäuber, nachfüllbare & Reisegröße, auslaufsicher, Bodenpumpe ohne Trichter, luxuriöse kleine Damen und Herren, 5 ml","","0","0","0","0","0","2","0","0","0","EUR","0","0","3","3","","0.0","0.0","0.0","0.0","CreateShippingPlan","","","0","0","","0.16","4.8E-5","cubic meter","Standard","0.0","DE","gl_home","330364","0","0","","0","5.79","0.0","0.0","14.61","14.61","0","0","0","2","0","","0","0","0","0","0","0","","","","","","","","","","","","","","0","","0","","","","","","669.7","2026-08-10","0","0","0","0","0","N","","",""
"2026-08-13","RPAHXPDE024","X002HNZ56P","B0GGH3R17C","Schlüsseltasche 2er Set – Mini Geldbörse & Münzbeutel aus Nylon – Autoschlüssel Tasche & Schlüsselanhänger Tasche – Coin Purse mit Reißverschluss, Canvas Ringtasche, Klein Münzbeutel – Unisex","New","8","0","0","8","0","0","0","0","0","EUR","","","","","Low traffic","6.79","0.0","6.79","0.0","Advertise listing","","","0","0","","0.0","4.84E-4","cubic meter","Standard","0.003873","DE","gl_luggage","","","0","","","6.79","","","","","8","0","0","0","0","","0","0","0","0","0","0","","","","","","","","","","","","","","","","","","","","","","","2026-08-10","8","0","0","0","","N","","",""
"2026-08-13","D1264","X0026YKUK1","B0DPYVQG63","Taschenhalter für Tisch - 2X Faltbare Antirutsch Handtaschenhalter Tisch Haken - Taschen Aufhänger - Geschenkidee Gadgets für Frauen - Taschenhaken Set","New","18","4","0","29","0","0","0","0","0","EUR","23","24","24","24","Low traffic","7.19","0.0","6.99","0.0","NoRestockExcessActionRequired","21","0.0","0","0","0.0","2.11","2.6E-5","cubic meter","Standard","4.66E-4","DE","gl_home","54225","21","0","3","9","7.19","135.18","141.05","141.05","141.05","29","0","0","0","0","0.01","0","0","0","0","5","0","","","","","","","","","","","","","32.0","12","","0","","2026-08-10","Yes","No","27.0","32.0","2026-08-10","22","1","4","0","27","N","","",""
"2026-08-13","D12184","X0026YHF6D","B0DPYGHH6T","Peelinghandschuh Körper - Peeling Schwamm und Eingewachsene Haare Behandlung (Schwarz) waschen.)","","0","0","0","0","2","0","0","0","0","EUR","0","0","0","0","","0.0","0.0","0.0","0.0","NoRestockExcessActionRequired","","","0","0","","0.0","","","Other","","DE","gl_beauty","","0","0","","","5.49","0.0","0.0","0.0","0.0","0","0","0","0","0","","0","0","0","0","0","0","","","","","","","","","","","","","","0","","0","","","","","","","2026-08-10","0","0","0","0","0","N","","",""
"2026-08-13","D1282","X0026WYMYX","B0DPWSYP7W","Brillenetui für Schutzbrille, Etui mit Filzfutter, verstärktem Reißverschluss und praktischem Gürtelclip. Schwarz","New","17","3","0","20","0","0","0","0","0","EUR","0","0","0","0","Low traffic","8.99","0.0","8.99","0.0","Advertise listing","0","0.0","0","0","177.15","0.0","9.27E-4","cubic meter","Apparel","0.015765","DE","gl_apparel","2040062","366","0","","","8.99","0.0","0.0","0.0","0.0","20","0","0","0","0","0.34","0","0","0","0","0","0","","","","","","","","","","","","","","0","","0","","","","","","","2026-08-10","20","0","0","0","366","N","","",""
"2026-08-13","RPAHXPDE036-1","X002MLWDRL","B0H6MWX45W","RSYHVG 2 Stück Tortenheber aus Edelstahl, Vielseitige gezackte Tortenschaufel & Pizzaheber, Servierbesteck für Kuchen, Torte, Pizza, Party, Restaurant und Haushalt, Silbrig Gold","New","8","0","0","8","0","0","0","0","0","EUR","","","","","Low traffic","8.09","0.0","8.09","0.0","Advertise listing","","","0","0","","0.0","5.27E-4","cubic meter","Standard","0.004218","DE","gl_home","","","0","","","","","","","","8","0","0","0","0","","0","0","0","0","0","0","","","","","","","","","","","","","","","","","","","","","","","2026-08-10","8","0","0","0","","N","","",""
"2026-08-13","D12229","X0026YOF2F","B0DPZLKKM5","Handschuhclips 2 Stück, Verstellbare Fäustlinge Clip mit Langem Gummiband für Kinder, Kleinkinder - Schwarz","New","40","0","0","20","20","0","0","0","0","EUR","0","0","0","0","Low traffic","5.69","0.0","5.89","0.0","Advertise listing","7","0.0","0","0","118.73","0.0","6.0E-4","cubic meter","Apparel","0.024","DE","gl_apparel","817073","186","33","","","5.89","0.0","0.0","0.0","0.0","20","0","0","0","0","0.41","0","0","0","0","0","0","","","","","","","","","","","","","","1","","0","","","","","","","2026-08-10","40","0","0","0","186","N","","",""
"2026-08-13","RPAHXPDE017","X002HMTDNR","B0GGGZZKR5","Knoten Manschettenknöpfe Herren, Personalisiert Twisted Manschettenknöpfe Herren mit Geschenkkasten Knoten Cufflinks für Anzug Hemd Hochzeit Tanzparty Ferien Jubiläum Business Graduation Gift","New","6","0","0","7","0","0","0","0","0","EUR","1","1","1","1","Low traffic","5.79","0.0","5.79","0.0","Advertise listing","","","0","0","","0.29","1.26E-4","cubic meter","Apparel","7.56E-4","DE","gl_jewelry","","","0","24","78","","4.87","4.87","4.87","4.87","7","0","0","0","0","","0","0","0","0","0","0","","","","","","","","","","","","","","","","","","","","","","","2026-08-10","6","0","0","0","","N","","",""
"2026-08-13","D1121-1-1","X002MN5WI1","B0H6MMSPHG","RSYHVG 2 Stück Fischgrätenpinzette aus poliertem Edelstahl, Flach- und Schrägzange zum Entfernen von Fischknochen Geflügel- und Schweinehaaren Küchenhelfer 12x2cm","New","5","0","0","5","0","0","0","0","0","EUR","","","","","Low traffic","6.39","0.0","6.39","0.0","Advertise listing","","","0","0","","0.0","2.59E-4","cubic meter","Standard","0.001294","DE","gl_home_improvement","","","0","","","","","","","","5","0","0","0","0","","0","0","0","0","0","0","","","","","","","","","","","","","","","","","","","","","","","2026-08-10","5","0","0","0","","N","","",""
"2026-08-13","RPAHXPDE063","X002HN180R","B0GGHDVL9G","RSYHVG Golf Tee Halter mit 10 Haken, praktische tragbare wasserdichte Aufbewahrungstasche Golfzubehör für schnellen Tee Zugriff (schwarz)","New","8","0","0","8","0","0","0","0","0","EUR","","","","","Low traffic","9.59","0.0","9.59","0.0","Advertise listing","","","0","0","","0.0","5.8E-5","cubic meter","Standard","4.66E-4","DE","gl_sports","","","0","","","","","","","","8","0","0","0","0","","0","0","0","0","0","0","","","","","","","","","","","","","","","","","","","","","","","2026-08-10","8","0","0","0","","N","","",""
"2026-08-13","D1109","X0026VQW5L","B0DPWCB5HQ","Traubenschneider, Obstschneider für Kleinkinder, Baby, Trauben, Kirschtomaten, Erdbeerschneider, Viertelschneider Werkzeug für Gemüse, Obstsalat, Kuchendekoration, Küchenhelfer aus Edelstahl","New","14","6","0","20","0","0","0","0","0","EUR","0","0","2","2","Low traffic","7.09","0.0","7.09","0.0","NoRestockExcessActionRequired","0","0.0","0","0","93.98","0.21","4.08E-4","cubic meter","Standard","0.005712","DE","gl_home","1392508","366","0","","91","7.09","0.0","0.0","11.92","11.92","20","0","0","0","0","0.21","0","0","0","0","0","0","","","","","","","","","","","","","","0","","0","","","","","","244.5","2026-08-10","20","0","0","0","366","N","","",""
"2026-08-13","RPAHXPDE089","X002HKG0L7","B0GG5J4C96","2 Stück Wischwasser Schlauchverbinder für Opel, 13171805 13257350 1452941 Auto Wischwasser Schlauch Verbinder, Schlauchverbinder für Opel Vastra H/Corsa D/Zafira B/Astra H","New","8","0","0","8","0","0","0","0","0","EUR","","","","","Low traffic","7.19","0.0","7.19","0.0","Advertise listing","","","0","0","","0.0","1.0E-4","cubic meter","Standard","8.0E-4","DE","gl_home_improvement","","","0","","","7.19","","","","","8","0","0","0","0","","0","0","0","0","0","0","","","","","","","","","","","","","","","","","","","","","","","2026-08-10","8","0","0","0","","N","","",""
"2026-08-13","D1167","X0026XVX2L","B0DPX2XSS7","RSYHVG Damen Bindgürtel, Breiter Taillengürtel aus Kunstleder, Modischer Obi Gürtel zum Binden, Taillenbetonender Gürtel für Kleider, Blusen und Röcke","New","14","0","0","0","1","13","0","0","0","EUR","3","9","9","9","Low traffic","5.49","0.0","5.49","0.0","NoRestockExcessActionRequired","0","0.0","0","0","74.49","0.38","6.27E-4","cubic meter","Apparel","0.00878","DE","gl_apparel","415501","55","0","6","20","5.49","14.17","42.85","42.85","42.85","0","0","0","13","0","0.13","0","0","0","0","0","0","","","","","","","","","","","","","250.1","3","","0","","2026-08-10","Yes","No","77.6","250.1","2026-08-10","14","0","0","0","55","N","","",""
"2026-08-13","RPAHXPDE086-1","X002MND8YL","B0H6MQW4GG","RSYHVG Gelbe Schleifenbrosche aus Messing, 2,8 x 2,1 cm modische Kleiderdekoration Anstecknadel für Jacken Blusen Taschen","New","8","0","0","8","0","0","0","0","0","EUR","","","","","Low traffic","5.19","0.0","5.19","0.0","Advertise listing","","","0","0","","0.0","1.0E-4","cubic meter","Apparel","8.0E-4","DE","gl_jewelry","","","0","","","5.19","","","","","8","0","0","0","0","","0","0","0","0","0","0","","","","","","","","","","","","","","","","","","","","","","","2026-08-10","8","0","0","0","","N","","",""
"2026-08-13","RPAHXPDE028-1","X002HNR5QN","B0GGGQX69M","RSYHVG 4 Stück Dip Clips Schüssel-Platten-Clip-on-Halter, saucen behälter, Pommes schalen, Assorted Dip Clip Container Dish Für Tomatensauce, Salz Essig Zucker Geschmack Gewürze Schüssel","New","8","0","0","8","0","0","0","0","0","EUR","","","","","Low traffic","8.79","0.0","8.79","0.0","Advertise listing","","","0","0","","0.0","1.0E-4","cubic meter","Standard","8.0E-4","DE","gl_home","","","0","","","","","","","","8","0","0","0","0","","0","0","0","0","0","0","","","","","","","","","","","","","","","","","","","","","","","2026-08-10","8","0","0","0","","N","","",""
"2026-08-13","D12201","X0026YDAQ7","B0DPYZ3VPR","Runde Sonnenbrille Herren Retro Sonnenbrille Rund Damen Hippie Brille Klassische Rave Polarisierte Brille mit Metallrahmen Vintage Steampunk Sonnenbrille UV-Schutz","","0","0","0","1","0","0","0","0","0","EUR","0","0","2","2","","0.0","0.0","0.0","0.0","CreateShippingPlan","","","0","0","","0.17","1.62E-4","cubic meter","Footwear","0.0","DE","gl_shoes","912444","0","0","","0","6.99","0.0","0.0","11.74","11.74","1","0","0","0","0","","0","0","0","0","0","0","","","","","","","","","","","","","","3","Out of stock","3","2026-08-09","","","","","651.0","2026-08-10","0","0","0","0","0","N","","",""
"2026-08-13","D12119","X0026YNQRF","B0DPZLY6V9","Raffhalter Haken für Vorhänge, Schwarz, 4 Stück","","0","0","0","0","0","0","1","0","0","EUR","0","0","0","0","","0.0","0.0","0.0","0.0","NoRestockExcessActionRequired","","","0","0","","0.0","1.28E-4","cubic meter","Standard","0.0","DE","gl_home","","0","0","","","8.08","0.0","0.0","0.0","0.0","0","0","0","1","0","","0","0","0","0","0","0","0","0.0","0","0.0","1","0.02","0","0.0","0","0.0","0","0.0","","1","Out of stock","1","2026-08-12","","","","","","2026-08-10","0","0","0","0","0","N","","",""
"2026-08-13","RPAHXPDE035","X002HK7403","B0GG35WCZ5","RSYHVG Brillenband Sport 3 Stück - Reflektierend Streifen - Brillenbänder Verstellbare Brillenband Herren Damen Kinder Rutschfest Sportbrillenband für Radfahren und Laufen im Freien(A)","New","8","0","0","8","0","0","0","0","0","EUR","","","","","Low traffic","9.89","0.0","9.89","0.0","Advertise listing","","","0","0","","0.0","2.23E-4","cubic meter","Apparel","0.00178","DE","gl_apparel","","","0","","","","","","","","8","0","0","0","0","","0","0","0","0","0","0","","","","","","","","","","","","","","","","","","","","","","","2026-08-10","8","0","0","0","","N","","",""
"2026-08-13","RPAHXPDE041","X002HK8MVD","B0GG3M6XBQ","Süße Katzen Wandtattoos, Wandaufkleber mit 4 Kletterkatzen, ablösbare Wandsticker für Kinderzimmer Schlafzimmer Tür Schrank, Wanddekoration für Jungen und Mädchen","New","5","0","0","6","0","0","0","0","0","EUR","2","2","2","2","Low traffic","10.99","0.0","10.99","0.0","NoRestockExcessActionRequired","","","0","0","","0.67","6.3E-4","cubic meter","Standard","0.003149","DE","gl_home","24990","74","0","10","32","10.99","18.48","18.48","18.48","18.48","6","0","0","0","0","","0","0","0","0","0","0","","","","","","","","","","","","","60.0","","","","","2026-08-10","Yes","No","60.0","60.0","2026-08-10","5","0","0","0","74","N","","",""
"2026-08-13","RPAHXPDE039","X002HK8VHX","B0GG3MSPM1","6 Stück Zöpfstricknadeln aus Aluminium, gebogene Stricknadeln in 3 Größen, bunte Zopfnadeln für Handstrickarbeiten, Schals Socken Handschuhe Stricken","New","8","0","0","8","0","0","0","0","0","EUR","","","","","Low traffic","6.29","0.0","6.29","0.0","Advertise listing","","","0","0","","0.0","2.09E-4","cubic meter","Standard","0.001675","DE","gl_home","","","0","","","","","","","","8","0","0","0","0","","0","0","0","0","0","0","","","","","","","","","","","","","","","","","","","","","","","2026-08-10","8","0","0","0","","N","","",""
"2026-08-13","RPAHXPDE029-1","X002MN6Y8X","B0H6MZTGDM","RSYHVG 4-in-1 Gua Sha Massagegerät aus natürlichem Bienenwachsharz, Multifunktionales Guasha Werkzeug für Gesicht, Kopf, Augen, Kiefer, Triggerpunkttherapie, Schönheitspflege Geschenk für Frauen","New","8","0","0","8","0","0","0","0","0","EUR","","","","","Low traffic","7.19","0.0","7.19","0.0","Advertise listing","","","0","0","","0.0","3.42E-4","cubic meter","Standard","0.002732","DE","gl_personal_care_appliances","","","0","","","7.55","","","","","8","0","0","0","0","","0","0","0","0","0","0","","","","","","","","","","","","","","","","","","","","","","","2026-08-10","8","0","0","0","","N","","",""
"2026-08-13","RPAHXPDE013-1","X002MN5WLX","B0H6MZB1Q8","RSYHVG Nut 8 Kabelhalter für Aluprofil 40x40, Kunststoff Nutklemmen Drahtklemmen, Europäisches Standard Aluprofil Zubehör für 3D-Drucker Werkstatt Haushalt, 10 Stück Schwarz","New","5","3","0","8","0","0","0","0","0","EUR","","","","","Low traffic","10.99","0.0","10.99","0.0","Advertise listing","","","0","0","","0.0","1.0E-4","cubic meter","Standard","5.0E-4","DE","gl_biss","","","0","","","","","","","","8","0","0","0","0","","0","0","0","0","0","0","","","","","","","","","","","","","","","","","","","","","","","2026-08-10","8","0","0","0","","N","","",""
"2026-08-13","RPAHXPDE057","X002HK9FFP","B0GG4TS1F7","Hark Stainless Steel Mini Laubsammler Garten Laubrechen 11cm Hand hält Blattbesen Harke Garten mit","New","8","0","0","8","0","0","0","0","0","EUR","","","","","Low traffic","6.89","0.0","6.89","0.0","Advertise listing","","","0","0","","0.0","1.43E-4","cubic meter","Standard","0.001147","DE","gl_lawn_and_garden","","","0","","","6.89","","","","","8","0","0","0","0","","0","0","0","0","0","0","","","","","","","","","","","","","","","","","","","","","","","2026-08-10","8","0","0","0","","N","","",""
"2026-08-13","D1277","X0026YKGF5","B0DPZD915Y","Retro Pilot Double Bridge Rechteck - Sonnenbrille für Damen Herren Klassischer Style Quadrat Vintage Brillen UV400 Schutz Fahren Outdoor","New","34","0","0","20","0","16","0","0","0","EUR","1","2","6","6","Low traffic","5.59","0.0","5.59","0.0","NoRestockExcessActionRequired","0","0.0","0","0","83.82","0.21","1.67E-4","cubic meter","Footwear","0.005688","DE","gl_shoes","784670","158","34","68","73","5.59","4.7","9.4","28.88","28.88","20","0","0","16","0","0.11","0","0","0","0","1","0","","","","","","","","","","","","","646.0","2","","0","","2026-08-10","Yes","No","646.0","372.8","2026-08-09","34","0","1","0","162","N","","",""
"2026-08-13","D1114","X0026XS75R","B0DPX4MSRP","Apfelentkerner, praktischer Kernschneider mit Aufhängeschlaufe, Entnahme der Entkernungsschale","New","1","0","0","0","0","1","0","0","0","EUR","0","0","0","0","Low traffic","4.29","0.0","4.29","0.0","Advertise listing","0","0.0","0","0","0.0","0.0","4.0E-5","cubic meter","Standard","4.0E-5","DE","gl_home","1380881","47","0","","","4.69","0.0","0.0","0.0","0.0","0","0","0","1","0","0.0","0","0","0","0","0","0","","","","","","","","","","","","","","0","","0","","","","","","","2026-08-10","1","0","0","0","47","Y","Holiday Season","2026-10-17","2027-01-01"
"2026-08-13","DH50908","X002F0N6QB","B0FT6X764C","30 Metall Blazer Knöpfe mit Schaft für Jacke, Hemd, Anzug, Hose, Runde Nähknöpfe für DIY Handwerk, 18Mm (Silber)","","0","0","0","1","0","0","1","0","0","EUR","","","","","","0.0","0.0","0.0","0.0","NoRestockExcessActionRequired","","","0","0","","0.0","1.0E-4","cubic meter","Standard","0.0","DE","gl_office_product","","","0","","","","","","","","1","0","0","1","0","","0","0","0","0","0","0","0","0.0","1","0.01","0","0.0","0","0.0","0","0.0","0","0.0","","","","","","","","","","","2026-08-10","0","0","0","0","","N","","",""
"2026-08-13","DH50915","X002F0SDSH","B0FT7P7S1C","RSYHVG 3 Stück Motorrad Totenkopf Maske, Sturmmaske, Skull Skelett Maske für Motorrad Fahrrad Ski Halloween, Schwarz","New","19","0","0","0","19","0","0","0","0","EUR","1","3","4","4","Low traffic","5.39","0.0","5.39","0.0","Advertise listing","0","0.0","0","0","62.34","0.14","1.0E-4","cubic meter","Apparel","0.0019","DE","gl_apparel","648094","366","19","25","61","5.44","4.7","14.76","19.79","19.79","0","0","0","0","0","0.03","0","0","0","0","0","0","","","","","","","","","","","","","681.0","4","","0","","2026-08-10","Yes","No","186.0","681.0","2026-08-10","19","0","0","0","366","N","","",""
"2026-08-13","D1213","X0026Z581B","B0DQ19QHHF","Damen Vintage Rot Rubin-Farbe Zirkonia Kristall Blumen Broschen Geschenk Einzigartiges Design","New","13","0","0","13","0","0","0","0","0","EUR","2","2","3","3","Low traffic","5.99","0.0","5.99","0.0","Advertise listing","0","0.0","0","0","57.19","0.8","4.8E-5","cubic meter","Apparel","6.24E-4","DE","gl_jewelry","815939","366","0","26","56","5.99","10.06","10.06","15.09","15.09","13","0","0","0","0","1.02","0","0","0","0","0","0","","","","","","","","","","","","","112.0","3","","0","","2026-08-10","Yes","No","112.0","78.5","2026-08-10","13","0","0","0","366","N","","",""
"2026-08-13","RPAHXPDE044","X002HKMAGB","B0GG44VJDD","RSYHVG PP Sicherheit Messer Abdeckung Hülsen für 3,5"" GemüseMesser 5 Pack Kante- und Klingenschutz Universal Scheide Tragbar für Küche Schwarz","New","8","0","0","8","0","0","0","0","0","EUR","","","","","Low traffic","7.19","0.0","7.19","0.0","Lower price","","","0","0","","0.0","2.87E-4","cubic meter","Standard","0.002292","DE","gl_luggage","","","0","","","7.07","","","","","8","0","0","0","0","","0","0","0","0","0","0","","","","","","","","","","","","","","","","","","","","","","","2026-08-10","8","0","0","0","","N","","",""
"2026-08-13","D1212","X0026Z0SOD","B0DQ15M2M3","Große rote Mohnblumen-Brosche mit Strass-Steinen, vergoldet aus","New","27","12","0","31","0","11","0","0","0","EUR","5","16","26","26","Low traffic","5.09","0.0","5.09","0.0","NoRestockExcessActionRequired","16","0.0","0","0","28.64","0.71","5.6E-5","cubic meter","Apparel","0.001512","DE","gl_jewelry","152063","160","23","6","13","5.09","21.38","68.44","111.24","111.24","31","0","0","11","0","0.05","0","0","0","0","2","0","","","","","","","","","","","","","","17","","0","","","","","","1323.5","2026-08-10","39","2","0","0","173","N","","",""
"2026-08-13","D12195","X0026YJN8V","B0DPYGKYRF","extragroße Sicherheitsnadeln, Größe 4 (55 mm), silberfarben, 20 Stück","","0","0","0","0","0","1","0","0","0","EUR","0","1","8","8","","0.0","0.0","0.0","0.0","CreateShippingPlan","","","0","0","","0.67","3.6E-5","cubic meter","Standard","0.0","DE","gl_home","","0","0","0","0","4.09","0.0","3.44","30.46","30.46","0","0","0","1","0","","0","0","0","0","0","0","1","0.0","0","0.0","0","0.0","0","0.0","0","0.0","0","0.0","222.0","2","Out of stock","7","2026-08-12","2026-08-10","Yes","No","222.0","157.6","2026-08-10","0","0","0","0","0","N","","",""
"2026-08-13","D1252","X0026XGAFV","B0DPWYLR59","Zungenreiniger mit doppeltem Schaberkopf, gegen schlechten Atem, Metall-Zungenreiniger, hilft bei der Mundhygiene, Zungen-Schaber für Erwachsene, Reisefreundlich","New","12","0","0","0","1","11","0","0","0","EUR","0","1","3","3","Low traffic","6.19","0.0","6.19","0.0","Advertise listing","0","0.0","0","0","52.54","0.21","3.0E-4","cubic meter","Standard","0.0036","DE","gl_drugstore","243563","270","12","48","52","6.19","0.0","5.2","15.94","15.94","0","0","0","11","0","0.07","0","0","0","0","0","0","","","","","","","","","","","","","420.7","3","","0","","2026-08-10","Yes","No","375.0","420.7","2026-08-10","12","0","0","0","270","N","","",""
"2026-08-13","RPAHXPDE068","X002HKALQR","B0GG4TNHKF","Ölmessstab für A4 A5 Ölmessstab Quattro 06H115611E 06J115611F","New","1","19","0","20","0","0","0","0","0","EUR","","","","","Low traffic","9.89","0.0","9.89","0.0","Advertise listing","","","0","0","","0.0","1.69E-4","cubic meter","Standard","1.69E-4","DE","gl_biss","","","0","","","9.89","","","","","20","0","0","0","0","","0","0","0","0","0","0","","","","","","","","","","","","","","","","","","","","","","","2026-08-10","20","0","0","0","","N","","",""
"2026-08-13","D12175","X0026YMOPZ","B0DPYXNH76","Universal Tactical Holster Armee Handy Gürtel Tasche EDC Security Pack Carry Zubehör Kit Hüfttasche Case Kompatibel iPhone 13/14/15/16 Serie für Samsung Galaxy S24, A-Serie","New","6","3","0","9","0","0","0","0","0","EUR","0","0","0","0","Low traffic","6.89","0.0","6.89","0.0","Advertise listing","","","0","0","","0.0","3.4E-4","cubic meter","Standard","0.002041","DE","gl_electronics","527189","366","0","","","6.89","0.0","0.0","0.0","0.0","9","0","0","0","0","","0","0","0","0","1","0","","","","","","","","","","","","","","0","","0","","","","","","","2026-08-10","9","1","0","0","366","N","","",""
"2026-08-13","RPAHXPDE006","X002HJNJG7","B0GFXMKRRK","2 Stück Hundehalstuch, Dreieckstuch, Bandana, Schwangerschaftsankündigung, Bandana für Hunde, großes Haustier-Schal mit großem Bruder, Baby-Sicherheit, bedrucktes Haustierkostüm für Hunde","New","6","0","0","6","0","0","0","0","0","EUR","2","2","2","2","Low traffic","9.89","0.0","9.89","0.0","NoRestockExcessActionRequired","","","0","0","","0.67","7.08E-4","cubic meter","Standard","0.004245","DE","gl_pet_products","57215","47","0","12","39","9.89","16.62","16.62","16.62","16.62","6","0","0","0","0","","0","0","0","0","0","0","","","","","","","","","","","","","62.0","","","","","2026-08-10","Yes","No","62.0","62.0","2026-08-10","6","0","0","0","47","N","","",""
"2026-08-13","RPAHXPDE093","X002HMZFN9","B0GGH5N7Z9","Wäscheklammern Zeltdach Clip,4 Stück Zelt Clip Lichthaken Zeltstangen Haken Multifunktionale Licht Haken Klammerhaken Handtücher Clips Sockenklammer Handtuchklemmen für Camping Outdoor","New","8","0","0","8","0","0","0","0","0","EUR","","","","","Low traffic","8.09","0.0","8.09","0.0","Advertise listing","","","0","0","","0.0","1.0E-4","cubic meter","Standard","8.0E-4","DE","gl_home","","","0","","","8.09","","","","","8","0","0","0","0","","0","0","0","0","0","0","","","","","","","","","","","","","","","","","","","","","","","2026-08-10","8","0","0","0","","N","","",""
"2026-08-13","RPAHXPDE049","X002HMSL7L","B0GGH5GGPW","2 Stück Geburtstagskorsagen, Partybekleidungszubehör, Belohnungsbroschen, Mädchengeburtstagspartyzubehör.","New","8","0","0","8","0","0","0","0","0","EUR","","","","","Low traffic","7.59","0.0","7.59","0.0","Advertise listing","","","0","0","","0.0","5.95E-4","cubic meter","Standard","0.004759","DE","gl_toy","","","0","","","","","","","","8","0","0","0","0","","0","0","0","0","0","0","","","","","","","","","","","","","","","","","","","","","","","2026-08-10","8","0","0","0","","N","","",""
"2026-08-13","D1146","X0026XOL7F","B0DPX575V5","3 Verstellbarer Fade Comb, Fade Combs Curved, Fade Comb und Silikon Haarschneideschablone, Haarschneidewerkzeug Ideal für Selbsthaarschnitte","New","27","14","0","46","0","0","0","0","0","EUR","2","4","24","24","Low traffic","6.79","0.0","6.79","0.0","NoRestockExcessActionRequired","0","0.0","0","0","429.46","1.1","9.6E-4","cubic meter","Standard","0.02592","DE","gl_beauty","304132","108","0","27","14","6.79","11.42","22.84","137.04","137.04","46","0","0","0","0","1.04","0","0","0","0","4","1","","","","","","","","","","","","","49.8","5","","0","","2026-08-10","Yes","No","38.5","49.8","2026-08-10","41","2","2","0","119","N","","",""
"2026-08-13","D1148","X0026YKFXX","B0DPZDNRKR","Kastanienclip, Kastanienzange, Walnüsse Nussknacker, Edelstahl Kastanienschneider, Kastanienöffner, Küchengeräte Trockenobst Öffner für Walnüsse, Kastanien, Nüsse (schwarz)","New","1","0","0","1","0","0","0","0","0","EUR","0","0","0","0","Low traffic","5.0","0.0","5.0","0.0","Advertise listing","0","0.0","0","0","4.82","0.0","6.18E-4","cubic meter","Standard","6.18E-4","DE","gl_home","2760616","366","0","","","5.0","0.0","0.0","0.0","0.0","1","0","0","0","0","0.1","0","0","0","0","0","0","","","","","","","","","","","","","","0","","0","","","","","","","2026-08-10","1","0","0","0","366","Y","Holiday Season","2026-10-10","2027-01-09"
"2026-08-13","RPAHXPDE004","X002HMQ2WH","B0GGF3RSPZ","RSYHVG 3 Stück Kleiderbefestiger Schwarz/Weiß, vielseitig nutzbar für Cardigan, Hosenträger, Taillengürtel, für Erwachsene, Kinder, Kleinkinder","New","8","0","0","8","0","0","0","0","0","EUR","","","","","Low traffic","5.79","0.0","5.79","0.0","Advertise listing","","","0","0","","0.0","3.03E-4","cubic meter","Apparel","0.00242","DE","gl_apparel","","","0","","","","","","","","8","0","0","0","0","","0","0","0","0","0","0","","","","","","","","","","","","","","","","","","","","","","","2026-08-10","8","0","0","0","","N","","",""
"2026-08-13","D1185","X0026YKI1R","B0DPZGKZQ7","Abflussstöpsel für Spüle 78 mm Edelstahl Küchenspüle Waschbeckenstöpsel Waschbecken Sieb - Abflussstöpsel Küchenspüle - inkl. Siebkörbchen - für Plug for Sink in Kitchen, Sink Stopper, Drain Plug","New","24","0","0","0","24","0","0","0","0","EUR","1","5","6","6","Low traffic","5.49","0.0","5.49","0.0","NoRestockExcessActionRequired","0","0.0","0","0","48.95","0.21","1.31E-4","cubic meter","Standard","0.003149","DE","gl_home","488770","231","24","19","52","5.49","4.61","23.56","28.51","28.51","0","0","0","0","0","0.68","0","0","0","0","0","0","","","","","","","","","","","","","517.2","2","","0","","2026-08-10","Yes","No","199.0","517.2","2026-08-10","24","0","0","0","231","N","","",""
"2026-08-13","DH50911","X002F0MJJL","B0FT798X7X","Retro Ovale Sonnenbrille für Damen Trendige Leichte Schmale Schicke Cat-Eye","New","1","0","0","0","0","1","0","0","0","EUR","","","","","Low traffic","5.59","0.0","5.59","0.0","Advertise listing","0","0.0","0","0","2.81","0.0","1.0E-4","cubic meter","Footwear","1.0E-4","DE","gl_shoes","","","1","","","5.79","","","","","0","0","0","1","0","0.0","0","0","0","0","0","0","","","","","","","","","","","","","","","","","","","","","","","2026-08-10","1","0","0","0","","N","","",""
"2026-08-13","D12115","X0026XS45P","B0DPX4HCK6","Maulkorb aus Nylon um Hunde vom Beisen, Bellen und Kauen abzuhalten, anpassbare Schlinge (L,Schwarz)","New","1","0","0","1","1","0","0","0","0","EUR","0","0","3","3","Low traffic","5.39","0.0","5.39","0.0","GoToRestock","0","0.0","0","0","4.9","0.19","2.0E-4","cubic meter","Standard","2.0E-4","DE","gl_pet_products","177940","39","0","","4","5.39","0.0","0.0","13.59","13.59","1","0","0","0","0","0.09","0","0","0","0","0","0","","","","","","","","","","","","","","0","","0","","","","","","560.0","2026-08-10","1","0","0","0","39","N","","",""
"2026-08-13","RPAHXPDE101-1","X002MNAFD3","B0H6MFGMC7","RSYHVG 2 Stück Schmuckgeschenkboxen 9x9x3cm Kartonboxen mit Magnetdeckel & Schleife, gefüttert für Ringe Ohrringe Halsketten Armbänder Geschenkverpackung Rosa","New","8","0","0","8","0","0","0","0","0","EUR","","","","","Low traffic","8.99","0.0","8.99","0.0","Advertise listing","","","0","0","","0.0","0.001453","cubic meter","Standard","0.011623","DE","gl_home","","","0","","","","","","","","8","0","0","0","0","","0","0","0","0","0","0","","","","","","","","","","","","","","","","","","","","","","","2026-08-10","8","0","0","0","","N","","",""
"2026-08-13","RPAHXPDE103-1","X002MNH1GR","B0H6MK3GVX","RSYHVG 2 Stück Schmuckgeschenkboxen Set, 20x4x2.5cm Karton Geschenkboxen mit Baumwolleinlage und Schleife für Halskette Armband","New","7","0","0","8","0","0","0","0","0","EUR","","","","","Low traffic","6.19","0.0","6.19","0.0","Advertise listing","","","0","0","","0.0","0.001135","cubic meter","Standard","0.007947","DE","gl_home","","","0","","","","","","","","8","0","0","0","0","","0","0","0","0","0","0","","","","","","","","","","","","","","","","","","","","","","","2026-08-10","7","0","0","0","","N","","",""
"2026-08-13","DH50913","X002F0SAKD","B0FT7MB4XB","RSYHVG Das Phantom der Venezianischen Karnevals-Maskerade-Maske des Vintagen Entwurfs-halber Gesichts-Männer","New","10","0","0","10","0","0","0","0","0","EUR","0","1","1","1","Low traffic","8.19","0.0","8.19","0.0","Advertise listing","0","0.0","0","0","83.7","0.08","1.0E-4","cubic meter","Standard","0.001","DE","gl_toy","911808","366","0","40","130","8.19","0.0","6.88","6.88","6.88","10","0","0","0","0","0.15","0","0","0","0","0","0","","","","","","","","","","","","","1037.0","0","","0","","2026-08-10","Yes","No","257.0","1037.0","2026-08-10","10","0","0","0","366","N","","",""
"2026-08-13","RPAHXPDE018","X002HK1869","B0GFY8DZV7","10 Stück Kabelmanagement Schreibtisch, Kabelbinder Selbstklebend Klettband Kabel Organizer Schreibtisch Kabelklemmen Kabelclips Kabelbefestigung für TV, Lichterkette, (Weiß, 10)","New","8","0","0","8","0","0","0","0","0","EUR","","","","","Low traffic","7.19","0.0","7.19","0.0","Advertise listing","","","0","0","","0.0","1.71E-4","cubic meter","Standard","0.001366","DE","gl_office_product","","","0","","","","","","","","8","0","0","0","0","","0","0","0","0","0","0","","","","","","","","","","","","","","","","","","","","","","","2026-08-10","8","0","0","0","","N","","",""
"2026-08-13","RPAHXPDE038","X002HMS3SD","B0GGH4XNQD","RSYHVG Klein Schmuckrollen Reise-Schmuckkästchen Rolle Faltbar Schmuckkästchen Rolle Mikrofaser Schmuck Organizer Tasche Tragbar Schmucktasche für Ringe, Halsketten, Ohrringe (Beige)","New","8","0","0","8","0","0","0","0","0","EUR","","","","","Low traffic","7.59","0.0","7.59","0.0","Advertise listing","","","0","0","","0.0","2.63E-4","cubic meter","Standard","0.002107","DE","gl_home","","","0","","","","","","","","8","0","0","0","0","","0","0","0","0","0","0","","","","","","","","","","","","","","","","","","","","","","","2026-08-10","8","0","0","0","","N","","",""
"2026-08-13","D12230","X0026YPJHF","B0DPZM6ZJV","Eierköpfer Edelstahl Eier Cutter für Weiches Harte Gekochtes Eier Cracker eierschale Abscheiderentferner","New","26","0","0","0","0","26","0","0","0","EUR","0","1","2","2","Low traffic","8.29","0.0","8.29","0.0","Advertise listing","","","0","0","","0.07","0.004097","cubic meter","Standard","0.10652","DE","gl_home","1115441","366","0","104","169","8.29","0.0","7.39","14.94","14.94","0","0","0","26","0","","0","0","0","0","0","0","","","","","","","","","","","","","1233.5","4","","0","","2026-08-10","Yes","No","393.5","1233.5","2026-08-10","26","0","0","0","366","Y","Holiday Season","2026-11-07","2027-02-20"
"2026-08-13","D1163","X0026XR8LV","B0DPX3DLLX","Breite Umhängetaschen Strap, Schultergurt für Taschen Verstellbarer, Schultergurt Taschengurt Schwarz 3.8cm Breit, Canvas Handtasche Taschenriemen, Taschengurte zum Wechseln","New","8","2","0","10","0","0","0","0","0","EUR","0","0","0","0","Low traffic","6.49","0.0","6.49","0.0","Advertise listing","0","3.44","1","0","30.08","0.0","1.5E-4","cubic meter","Standard","0.001204","DE","gl_automotive","1439382","366","0","","","6.49","0.0","0.0","0.0","0.0","10","0","0","0","0","0.04","0","0","0","0","0","0","","","","","","","","","","","","","","4","","0","","","","","","","2026-08-10","10","0","0","0","366","N","","",""
"2026-08-13","D12134","X0026YLJTH","B0DPZLSWHC","24 Sets Druckknöpfe Metall Druckknöpfe Aufnähen Druckknöpfe für DIY Handwerk Nähen Kleidung (25 mm)","New","13","0","0","15","0","0","0","0","0","EUR","2","3","4","4","Low traffic","5.99","0.0","5.99","0.0","NoRestockExcessActionRequired","0","0.0","0","0","80.2","0.22","2.9E-4","cubic meter","Standard","0.003772","DE","gl_home","1097693","144","0","17","42","5.99","10.06","15.09","20.29","20.29","15","0","0","0","0","0.06","0","0","0","0","3","0","","","","","","","","","","","","","","1","","0","","","","","","1577.0","2026-08-10","13","2","1","0","211","N","","",""
"2026-08-13","RPAHXPDE098","X002HKGEHH","B0GG5XX9LH","Doppelter Melonen Kugelausstecher, 20 Cm/7,9 Zoll Doppelseitiger Fruchtmelonen Kugelausstecher Löffel aus Edelstahl, Melonenkugel Schaufel für Wassermelone, Eis, Obst, Sorbet","New","8","0","0","8","0","0","0","0","0","EUR","","","","","Low traffic","8.69","0.0","8.69","0.0","Advertise listing","","","0","0","","0.0","1.47E-4","cubic meter","Standard","0.001178","DE","gl_kitchen","","","0","","","","","","","","8","0","0","0","0","","0","0","0","0","0","0","","","","","","","","","","","","","","","","","","","","","","","2026-08-10","8","0","0","0","","N","","",""
"2026-08-13","D1181","X0026YKJMF","B0DPZFF1G4","4 Pcs Katze Kaffee Löffel Set, Edelstahl Kätzchen Hängendes Design Teelöffel Dessertlöffel für Wasser Tee Milch Kaffee Dessert Drink Mischen Milchshake,zum Aufhängen Tasse Löffel Küche Gadget","New","32","0","0","0","0","32","0","0","0","EUR","1","3","3","3","Low traffic","5.59","0.0","5.59","0.0","Advertise listing","","","0","0","","0.09","9.4E-5","cubic meter","Standard","0.003021","DE","gl_kitchen","325958","366","0","42","138","5.59","4.7","14.1","14.1","14.1","0","0","0","32","0","","0","0","0","0","0","0","","","","","","","","","","","","","1557.0","2","","0","","2026-08-10","Yes","No","510.5","1557.0","2026-08-10","32","0","0","0","366","Y","Holiday Season","2026-10-24","2027-01-01"
"2026-08-13","RPAHXPDE027","X002HK1SE1","B0GG1HWH18","2 Stücke Flache Bauchtasche, Reise- und Festival-Bauchtasche wasserdicht und Diebstahlsicher mit RFID-Blocker für Damen und Herren","New","8","0","0","8","0","0","0","0","0","EUR","","","","","Low traffic","7.19","0.0","7.19","0.0","Advertise listing","","","0","0","","0.0","1.0E-4","cubic meter","Standard","8.0E-4","DE","gl_luggage","","","0","","","7.19","","","","","8","0","0","0","0","","0","0","0","0","0","0","","","","","","","","","","","","","","","","","","","","","","","2026-08-10","8","0","0","0","","N","","",""
"2026-08-13","RPAHXPDE052","X002HN53MB","B0GGH5VCVH","Kristall Krone Brosche Pins Glänzend Strass Königin Krone Brosche Pin Frauen Mädchen Kleid Tasche Mantel Revers Pin Metall Krone Form Prinzessin Broschen Zubehör Geschenk","New","8","0","0","8","0","0","0","0","0","EUR","","","","","Low traffic","7.59","0.0","7.59","0.0","Advertise listing","","","0","0","","0.0","1.0E-4","cubic meter","Apparel","8.0E-4","DE","gl_jewelry","","","0","","","","","","","","8","0","0","0","0","","0","0","0","0","0","0","","","","","","","","","","","","","","","","","","","","","","","2026-08-10","8","0","0","0","","N","","",""
"2026-08-13","RPAHXPDE056","X002HN553D","B0GGH2XZ5G","Lösemittel Alkohol Spender 200ml(6.7oz) Drückbare Flüssigkeit Spender Pumpe mit Dichtung Edelstahl Deckel für Aceton Reiniger Poliermittel Entferner Weiß","New","8","0","0","8","0","0","0","0","0","EUR","","","","","Low traffic","8.69","0.0","8.69","0.0","Advertise listing","","","0","0","","0.0","0.001864","cubic meter","Standard","0.01491","DE","gl_biss","","","0","","","","","","","","8","0","0","0","0","","0","0","0","0","0","0","","","","","","","","","","","","","","","","","","","","","","","2026-08-10","8","0","0","0","","N","","",""
"2026-08-13","RPAHXPDE100","X002HN4WHD","B0GGH56D97","Akupressur Ring 10er Set - Anti Stress Fingermassageringe - Elastischer Stress Ring für dein Wohlbefinden - Hochwertiger Edelstahl - Skills Set für Panikattacken & ADHS Hilfsmittel","New","8","0","0","8","0","0","0","0","0","EUR","","","","","Low traffic","10.99","0.0","10.99","0.0","Advertise listing","","","0","0","","0.0","1.79E-4","cubic meter","Standard","0.001428","DE","gl_personal_care_appliances","","","0","","","","","","","","8","0","0","0","0","","0","0","0","0","0","0","","","","","","","","","","","","","","","","","","","","","","","2026-08-10","8","0","0","0","","N","","",""
"2026-08-13","RPAHXPDE002","X002HJZ2NF","B0GFY8QTD5","RSYHVG 3st Kinderhandschuh-lanyard Multifunktionaler Handschuhhalter Fäustlinge Seil Tragbarer Handschuhriemen Handschuhband Handschuhseil Handschuhclips Für Kinder Fäustlingsband Nylon","New","8","0","0","8","0","0","0","0","0","EUR","","","","","Low traffic","10.99","0.0","10.99","0.0","Advertise listing","","","0","0","","0.0","2.5E-4","cubic meter","Apparel","0.002003","DE","gl_apparel","","","0","","","","","","","","8","0","0","0","0","","0","0","0","0","0","0","","","","","","","","","","","","","","","","","","","","","","","2026-08-10","8","0","0","0","","N","","",""
"2026-08-13","D12167","X0026YIHI3","B0DPYNQJ7W","Broschen mit Mohnblumen-Motiv, 3 Stück, Veteranentag, Anstecknadeln mit Aufschrift ""Lest We Forget"", S, Metall, Kein Edelstein","New","41","0","0","0","0","42","0","0","0","EUR","0","1","2","2","Low traffic","6.89","0.0","6.89","0.0","Advertise listing","0","0.0","0","0","198.24","0.05","2.0E-4","cubic meter","Apparel","0.0082","DE","gl_jewelry","986108","366","41","164","266","7.24","0.0","5.79","11.92","11.92","0","0","0","42","0","0.21","0","0","0","0","1","0","","","","","","","","","","","","","1963.0","2","","0","","2026-08-10","Yes","No","643.0","1963.0","2026-08-10","41","1","0","0","366","N","","",""
"2026-08-13","D1257","X0026X707D","B0DPWYBSHM","2 Stück Groß Haarklammer Damen Haarspangen Große Haarklammer Acetat Haarklauenclip Haargreifer Haarkrallen Für Dickes Dünnes Haar","New","9","1","0","10","2","0","0","0","0","EUR","0","0","1","1","Low traffic","8.99","0.0","8.99","0.0","Lower price","0","7.19","52","0","79.3","0.2","6.0E-4","cubic meter","Standard","0.0054","DE","gl_beauty","439160","366","10","","117","6.79","0.0","0.0","5.71","5.71","10","0","0","0","0","0.15","0","0","0","0","0","0","","","","","","","","","","","","","","0","","0","","","","","","221.0","2026-08-10","10","0","0","0","366","N","","",""
"2026-08-13","RPAHXPDE097","X002HN4Y53","B0GGHF4YC7","RSYHVG Kofferraumverkleidung Halter Verschluss Riegel passend für VW Golf 4 5 Jetta A5 Passat 3C B6 Sharan 7N Tiguan 5N Touran Kofferraumklappe Befestigungsclip","New","8","0","0","8","0","0","0","0","0","EUR","","","","","Low traffic","7.89","0.0","7.89","0.0","Advertise listing","","","0","0","","0.0","1.74E-4","cubic meter","Standard","0.001395","DE","gl_automotive","","","0","","","","","","","","8","0","0","0","0","","0","0","0","0","0","0","","","","","","","","","","","","","","","","","","","","","","","2026-08-10","8","0","0","0","","N","","",""
"2026-08-13","RPAHXPDE025","X002HML8HB","B0GGH4193L","RSYHVG 2 Paar Transparente Schneegarn-Schnürsenkel 4cm Flach, Damen Chiffon-Schuhbänder für Turnschuhe & Sneaker | Leicht & Atmungsaktiv","New","8","0","0","8","0","0","0","0","0","EUR","","","","","Low traffic","7.59","0.0","7.59","0.0","Advertise listing","","","0","0","","0.0","3.49E-4","cubic meter","Footwear","0.002796","DE","gl_shoes","","","0","","","","","","","","8","0","0","0","0","","0","0","0","0","0","0","","","","","","","","","","","","","","","","","","","","","","","2026-08-10","8","0","0","0","","N","","",""
"2026-08-13","RPAHXPDE033-1","X002MN75G3","B0H6N2B49W","RSYHVG Laufband Sicherheitsclip Magnet-Schlüssel, Universal Laufband Stopptaste Ersatzschlüssel aus Kunststoff, Not-Aus Schalter Clip für Laufmaschinen, Laufband Ersatzteile Schwarz Rot","New","8","0","0","8","0","0","0","0","0","EUR","","","","","Low traffic","8.49","0.0","8.49","0.0","Advertise listing","","","0","0","","0.0","3.53E-4","cubic meter","Standard","0.002822","DE","gl_sports","","","0","","","","","","","","8","0","0","0","0","","0","0","0","0","0","0","","","","","","","","","","","","","","","","","","","","","","","2026-08-10","8","0","0","0","","N","","",""
"2026-08-13","D1161","X0026YOYUD","B0DPZK4HDP","Duschkopfhalter Saugnapf, max. Halt 5 kg, wandmontierter Duschkopfhalter für das Badezimmer, wasserdicht, höhen- und großwinkelverstellbarer Duschhalter ohne Bohren - Weiß","New","6","4","0","10","0","0","0","0","0","EUR","0","0","0","0","Low traffic","8.99","0.0","8.99","0.0","Advertise listing","0","0.0","0","0","74.27","0.0","4.62E-4","cubic meter","Standard","0.002772","DE","gl_home_improvement","957554","366","0","","","9.79","0.0","0.0","0.0","0.0","10","0","0","0","0","0.12","0","0","0","0","0","0","","","","","","","","","","","","","","0","","0","","","","","","","2026-08-10","10","0","0","0","366","N","","",""
"2026-08-13","RPAHXPDE080-1","X002MNBDVB","B0H6MKJRSF","RSYHVG Perlennadeln 12 Stück, Kopftuch Hijab Sicherheitsnadeln Schwarz Weiß Gold aus Legierung für Schal Kleidung Dekoration","New","8","0","0","8","0","0","0","0","0","EUR","","","","","Low traffic","5.39","0.0","5.39","0.0","Advertise listing","","","0","0","","0.0","1.0E-4","cubic meter","Standard","8.0E-4","DE","gl_home","","","0","","","","","","","","8","0","0","0","0","","0","0","0","0","0","0","","","","","","","","","","","","","","","","","","","","","","","2026-08-10","8","0","0","0","","N","","",""
"2026-08-13","RPAHXPDE076","X002HKENHZ","B0GG4XPWLV","10 Stück Blumen Applikationen,Patches zum Aufbügeln,Aufnäher Flicken zum Aufbügeln,Gestickter Blumenaufnäher,Bügelbild Aufbügelflicken,für DIY Kunsthandwerk Kleidungsdekoration,Weiß","New","7","0","0","7","0","0","0","0","0","EUR","","","","","Low traffic","7.19","0.0","7.19","0.0","Advertise listing","","","0","0","","0.0","7.2E-5","cubic meter","Standard","5.04E-4","DE","gl_office_product","","","0","","","","","","","","7","0","0","0","0","","1","0","0","1","0","0","","","","","","","","","","","","","","","","","","","","","","","2026-08-10","8","0","0","0","","N","","",""
"2026-08-13","RPAHXPDE075","X002HN17IF","B0GGHFL96C","4 Stück Motorabdeckungs Montagetülle, Motorabdeckung Gummi, Motorabdeckungstüllen Gummiverkleidung Für 1er-Serie 2er-Serie 3er-Serie 4er-Serie 5er-Serie (Schwarz)","New","8","0","0","8","0","0","0","0","0","EUR","","","","","Low traffic","6.99","0.0","6.99","0.0","Advertise listing","","","0","0","","0.0","2.06E-4","cubic meter","Standard","0.001648","DE","gl_automotive","","","0","","","6.99","","","","","8","0","0","0","0","","0","0","0","0","0","0","","","","","","","","","","","","","","","","","","","","","","","2026-08-10","8","0","0","0","","N","","",""
"2026-08-13","RPAHXPDE082","X002HK4VH7","B0GG5B8XWG","Silikon Bodenablaufmatte,2 Stück Universal Bodenablauf Abdeckung Badewanne Abflussabdeckung Dusche Silikongel Ablaufstopfen Anti Geruchswaschbecken Abdeckung für Küche Bad Wäsche","New","8","0","0","8","0","0","0","0","0","EUR","","","","","Low traffic","7.19","0.0","7.19","0.0","Advertise listing","","","0","0","","0.0","1.0E-4","cubic meter","Standard","8.0E-4","DE","gl_home","","","0","","","7.19","","","","","8","0","0","0","0","","0","0","0","0","0","0","","","","","","","","","","","","","","","","","","","","","","","2026-08-10","8","0","0","0","","N","","",""
"2026-08-13","RPAHXPDE073","X002HN3VF7","B0GGHG6795","RSYHVG 2-teiliger Power-Start-Tasterschalter 3-poliger EIN-Tasten-Startschalter 12 V für Kinder-Elektroauto RC-Fernbedienung Elektroauto (28 Mm)","New","8","0","0","8","0","0","0","0","0","EUR","","","","","Low traffic","9.89","0.0","9.89","0.0","Advertise listing","","","0","0","","0.0","2.15E-4","cubic meter","Standard","0.001719","DE","gl_toy","","","0","","","","","","","","8","0","0","0","0","","0","0","0","0","0","0","","","","","","","","","","","","","","","","","","","","","","","2026-08-10","8","0","0","0","","N","","",""
"2026-08-13","D12231-1","X002MN32P1","B0H6MMKMYV","RSYHVG gebogene Wimpernpinzette schwarz aus Edelstahl, antistatische Präzisionspinzette für Wimpernverlängerung Schmuck Uhren Elektronik","New","19","0","0","19","0","0","0","0","0","EUR","","","","","Low traffic","5.99","0.0","5.99","0.0","Advertise listing","","","0","0","","0.0","1.0E-5","cubic meter","Standard","1.9E-4","DE","gl_home_improvement","","","0","","","","","","","","19","0","0","0","0","","1","0","0","1","0","0","","","","","","","","","","","","","","","","","","","","","","","2026-08-10","20","0","0","0","","N","","",""
"2026-08-13","D1106","X0026W86I1","B0DPWBCB2R","Edelstahl Eierseparator,Edelstahl Eigelbtrenner, Trennfilter, Kitchen Aid Backwerkzeug","","0","0","0","0","1","0","0","0","0","EUR","0","0","0","0","","0.0","0.0","0.0","0.0","NoRestockExcessActionRequired","","","0","0","","0.0","1.95E-4","cubic meter","Standard","0.0","DE","gl_home","2236574","0","0","","","6.69","0.0","0.0","0.0","0.0","0","0","0","0","0","","0","0","0","0","0","0","","","","","","","","","","","","","","0","","0","","","","","","","2026-08-10","0","0","0","0","0","N","","",""
"2026-08-13","D12130","X0026YLHI5","B0DPZL2YSH","Generic Runde Kunstharzknöpfe Schwarz, 30 mm Durchmesser 4 Löcher, große Mantelknöpfe für Jacken & Näharbeiten, 30 Stück pro Packung","New","54","0","0","30","1","24","0","0","0","EUR","0","1","1","1","Low traffic","4.8","0.0","4.99","0.0","NoRestockExcessActionRequired","8","0.0","0","0","115.05","0.03","8.1E-5","cubic meter","Standard","0.004373","DE","gl_office_product","699288","143","46","216","702","4.99","0.0","4.19","4.19","4.19","30","0","0","24","0","0.11","0","0","0","0","0","0","","","","","","","","","","","","","2575.0","29","","0","","2026-08-10","Yes","No","1015.0","2575.0","2026-08-10","54","0","0","0","143","N","","",""
"2026-08-13","D12206","X0026YKV4B","B0DPZ1FFTG","Quadratische, übergroße Sonnenbrille für Damen und Herren, modisch, flaches Oberteil, großer","New","54","0","0","54","0","0","0","0","0","EUR","4","12","17","17","Low traffic","5.69","0.0","5.69","0.0","NoRestockExcessActionRequired","25","5.38","12","0","4.34","0.72","1.99E-4","cubic meter","Footwear","0.010766","DE","gl_shoes","119017","104","0","18","41","5.69","19.12","57.36","81.26","81.26","54","0","0","0","0","0.17","0","0","0","0","0","0","","","","","","","","","","","","","107.8","38","","0","","2026-08-10","Yes","No","63.1","107.8","2026-08-10","54","0","0","0","104","N","","",""
"2026-08-13","D1275","X0026YO0T3","B0DPZF1FB4","RSYHVG Blaulichtfilter Brille ohne Stärke, Moderne Hornbrille für Damen Herren, Leichter PC Rahmen, Anti Blaulicht Computerbrille gegen Augenermüdung, Geeignet für PC, Laptop, Handy","New","54","0","0","45","10","0","0","0","0","EUR","1","1","5","5","Low traffic","9.79","0.0","9.79","0.0","NoRestockExcessActionRequired","25","7.09","10","0","74.17","0.21","3.69E-4","cubic meter","Footwear","0.019944","DE","gl_shoes","","366","29","216","140","9.79","8.23","8.23","32.07","32.07","44","1","0","0","0","0.34","0","0","0","0","0","0","","","","","","","","","","","","","","3","","0","","","","","","398.5","2026-08-10","54","0","0","0","366","N","","",""
"2026-08-13","RPAHXPDE083","X002HN54AR","B0GGHCJ6NQ","WC Schild Selbstklebend, Schwarz Toiletten Aufkleber Innen und Außenbereiche, WC Deko für Holztüren, Glastüren, Sperrholztüren und Eisentüren Verwende.","New","8","1","0","9","0","0","0","0","0","EUR","","","","","Low traffic","6.29","0.0","6.29","0.0","Advertise listing","","","0","0","","0.0","1.0E-4","cubic meter","Standard","8.0E-4","DE","gl_office_product","","","0","","","6.29","","","","","9","0","0","0","0","","0","0","0","0","0","0","","","","","","","","","","","","","","","","","","","","","","","2026-08-10","9","0","0","0","","N","","",""
"2026-08-13","D12219","X0026YMYGT","B0DPYWXV1P","Premium Knoblauchpresse - Handlich & Leicht zu Reinigen - Zerkleinert Knoblauch & Ingwer Mühelos (Kein Schälen Nötig) - Extra Stark & Strapazierfähig","","0","0","0","0","0","1","0","0","0","EUR","0","0","0","0","","0.0","0.0","0.0","0.0","NoRestockExcessActionRequired","","","0","0","","0.0","2.33E-4","cubic meter","Standard","0.0","DE","gl_home","2089411","0","0","","","8.79","0.0","0.0","0.0","0.0","0","0","0","1","0","","0","0","0","0","0","0","","","","","","","","","","","","","","0","","0","","","","","","","2026-08-10","0","0","0","0","0","N","","",""
"2026-08-13","D1258","X0026WZQ11","B0DPWRWMXR","Curly Hair Brush D3 (Schwarz & Rot), 7-reihige Stylingbürste zum Entwirren, Trennen, Formen und Definieren von Locken – für Sie und Ihn","New","9","0","0","0","0","11","0","0","0","EUR","8","14","14","14","Low traffic","5.99","0.0","5.99","0.0","NoRestockExcessActionRequired","9","0.0","0","0","0.0","0.63","2.87E-4","cubic meter","Standard","0.002583","DE","gl_beauty","44609","22","0","2","8","5.99","39.12","68.34","68.34","68.34","0","0","0","11","0","0.05","0","0","0","0","1","0","","","","","","","","","","","","","261.0","3","","0","","2026-08-10","Yes","No","81.0","261.0","2026-08-10","9","1","0","0","25","N","","",""
"2026-08-13","RPAHXPDE008","X002HK0N1Z","B0GFY5WR85","Banana Clip,4 Stück Bananenspange Haare Damen Vintage Bananenspange Mädchen Banane Haarspange Dickes Haar Pferdeschwanz Bananenspangen Accessoire für Lockiges Oder Glattes Haa Frauen und Mädchen","New","8","0","0","8","0","0","0","0","0","EUR","","","","","Low traffic","7.19","0.0","7.19","0.0","Advertise listing","","","0","0","","0.0","3.22E-4","cubic meter","Standard","0.002573","DE","gl_beauty","","","0","","","","","","","","8","0","0","0","0","","0","0","0","0","0","0","","","","","","","","","","","","","","","","","","","","","","","2026-08-10","8","0","0","0","","N","","",""
"2026-08-13","D12218","X0026YN6PR","B0DPYZHS96","2 Küchensieb aus Kunststoff, feinmaschig, 100/200/400 Netz-Filternetz mit Griffhaken, Lebensmittelfilter, für kernlose Marmelade, Mehl, Joghurt, Sojamilchgerät, 24 x 15 cm (400 Maschen)","New","21","0","0","0","2","19","0","0","0","EUR","0","1","1","1","Low traffic","5.99","0.0","6.1","0.0","Advertise listing","0","0.0","0","0","110.82","0.05","7.2E-4","cubic meter","Standard","0.01512","DE","gl_home","1122947","366","21","84","273","6.1","0.0","5.45","5.45","5.45","0","0","0","19","0","0.29","0","0","0","0","0","0","","","","","","","","","","","","","1966.0","1","","0","","2026-08-10","Yes","No","646.0","1966.0","2026-08-10","21","0","0","0","366","N","","",""
"2026-08-13","RPAHXPDE040-1","X002MN2PMH","B0H6MXBSBR","RSYHVG 2 Stück Barista Pinsel, Naturborsten Kaffeepinsel Reinigungsbürste, Küchen Reinigungspinsel für Kaffeemühle, Espressomaschine, Siebträger, Barista Zubehör Schwarz","New","8","0","0","8","0","0","0","0","0","EUR","","","","","Low traffic","7.69","0.0","7.69","0.0","Advertise listing","","","0","0","","0.0","3.65E-4","cubic meter","Standard","0.00292","DE","gl_home","","","0","","","","","","","","8","0","0","0","0","","0","0","0","0","0","0","","","","","","","","","","","","","","","","","","","","","","","2026-08-10","8","0","0","0","","N","","",""
"2026-08-13","D1182","X0026YKGZ5","B0DPZH9PWZ","Generic Honiglöffel aus 18/10 rostfreiem Edelstahl, mit Einhängekrümmung für Honigglas, klassischer silberner Marmeladen- & Dessertlöffel, spülmaschinenfest","New","18","0","0","0","21","0","0","0","0","EUR","0","1","2","2","Low traffic","4.29","0.0","4.29","0.0","NoRestockExcessActionRequired","18","0.0","0","0","0.0","0.09","9.5E-5","cubic meter","Standard","0.001711","DE","gl_kitchen","879516","110","0","72","117","4.29","0.0","3.61","7.64","7.64","0","0","0","0","0","0.04","0","0","0","0","0","0","","","","","","","","","","","","","1004.0","4","","0","","2026-08-10","Yes","No","649.0","1004.0","2026-08-10","18","0","0","0","110","N","","",""
"2026-08-13","RPAHXPDE066","X002HKETUL","B0GG54NNDY","RSYHVG 5.5x2.1mm DC Stecker Stromanschluss Enden 5 Pack Basteln DC Rohrverbinder Ersatz Gelb","New","8","0","0","8","0","0","0","0","0","EUR","","","","","Low traffic","5.29","0.0","5.29","0.0","Advertise listing","","","0","0","","0.0","1.87E-4","cubic meter","Standard","0.001499","DE","gl_electronics","","","0","","","","","","","","8","0","0","0","0","","0","0","0","0","0","0","","","","","","","","","","","","","","","","","","","","","","","2026-08-10","8","0","0","0","","N","","",""
"2026-08-13","RPAHXPDE090-1","X002MNALX7","B0H6MQSHJM","RSYHVG selbstklebende Schuhreparaturflicken aus Mikrofaser-Leder, 4 Paar graue Fersenpflaster für Sneaker Lederschuhe High Heels Stiefel","New","8","0","0","8","0","0","0","0","0","EUR","","","","","Low traffic","5.39","0.0","5.39","0.0","Advertise listing","","","0","0","","0.0","1.0E-4","cubic meter","Standard","8.0E-4","DE","gl_drugstore","","","0","","","","","","","","8","0","0","0","0","","0","0","0","0","0","0","","","","","","","","","","","","","","","","","","","","","","","2026-08-10","8","0","0","0","","N","","",""
"2026-08-13","D1132","X0026YHYN7","B0DPZGHL96","Tür Sicherheitskette Kettenschloss Türkette aus Edelstahl Gießen Türsicherung Front Kette Kratzschutz mit Schrauben Hardware Hotel Familie Innentüren Türen Fenster Silber gebürstetes Chrom","New","5","2","0","11","0","0","0","0","0","EUR","0","1","1","1","Low traffic","5.89","0.0","5.89","0.0","NoRestockExcessActionRequired","0","0.0","0","0","16.02","0.07","6.0E-5","cubic meter","Standard","3.0E-4","DE","gl_home_improvement","565285","360","0","20","65","5.89","0.0","4.95","4.95","4.95","11","0","0","0","0","0.0","0","0","0","0","2","0","","","","","","","","","","","","","1058.0","3","","0","","2026-08-10","Yes","No","80.0","1058.0","2026-08-10","7","2","0","0","366","N","","",""
"2026-08-13","DH50907","X002F0MXQ5","B0FT6R1JSY","10 Edel Dirndl Knöpfe Gold Schwarz Zum AnnäHen Metall, Goldene Trachten Nachthemd Knopf Mantel Groß，öSenknöPfe Aus Kupferlegierung Blazer ZierknöPfe","","0","0","0","1","0","0","0","0","0","EUR","","","","","","0.0","0.0","0.0","0.0","NoRestockExcessActionRequired","","","0","0","","0.0","1.0E-4","cubic meter","Standard","0.0","DE","gl_office_product","","","0","","","8.76","","","","","1","0","0","0","0","","0","0","0","0","3","0","","","","","","","","","","","","","","","","","","","","","","","2026-08-10","0","3","0","0","","N","","",""
"2026-08-13","RPAHXPDE023","X002HMXT05","B0GGGQJ6CX","RSYHVG 1 Paar Leo-Schnürsenkels, Schnürsenkel Leo, Schnürsenkel Leopardenmuster, Schnürsenkels Leopardenmuster Leo Schnürsenkel, Schnürrsenkel für Sportschuhe, Laufschuhe, Turnschuhe","New","8","0","0","8","0","0","0","0","0","EUR","","","","","Low traffic","7.59","0.0","7.59","0.0","Advertise listing","","","0","0","","0.0","3.23E-4","cubic meter","Footwear","0.00258","DE","gl_shoes","","","0","","","","","","","","8","0","0","0","0","","0","0","0","0","0","0","","","","","","","","","","","","","","","","","","","","","","","2026-08-10","8","0","0","0","","N","","",""
"2026-08-13","RPAHXPDE065","X002HKD3CV","B0GG4VRTMJ","10 Stück geflochtene Herren-Haargummis für Männer, für Dutts, lockiges, Scrunchies, dichtes Haar, elastische Haargummis für Männer, keine Falten, Haarspulen","New","8","0","0","8","0","0","0","0","0","EUR","","","","","Low traffic","8.09","0.0","8.09","0.0","Advertise listing","","","0","0","","0.0","2.49E-4","cubic meter","Standard","0.001995","DE","gl_beauty","","","0","","","","","","","","8","0","0","0","0","","0","0","0","0","0","0","","","","","","","","","","","","","","","","","","","","","","","2026-08-10","8","0","0","0","","N","","",""
"2026-08-13","D12159","X0026YN4NB","B0DPZ29SLL","Sonnenbrille Damen Vintage Rechteckig 90s Retro Sonnenbrille Für Damen Herren Mit Uv Schutz","New","16","4","0","20","0","0","0","0","0","EUR","0","3","7","7","Low traffic","4.99","0.0","4.99","0.0","NoRestockExcessActionRequired","1","0.0","0","0","2.9","0.76","1.5E-4","cubic meter","Footwear","0.0024","DE","gl_shoes","631105","366","0","21","29","4.99","0.0","12.57","29.33","29.33","20","0","0","0","0","0.05","0","0","0","0","0","0","","","","","","","","","","","","","50.4","8","","0","","2026-08-10","Yes","No","4.3","50.4","2026-08-10","20","0","0","0","366","N","","",""
"2026-08-13","D1178","X0026YPTG1","B0DPZGCDKC","Universal Waschbecken 80 mm Siebkörbchen Abflussstopfen Edelstahl Waschbeckenstöpsel Waschbeckensieb – Sieb Stöpsel Abfluss Küche Spüle Abflussstopfen Küchenspüle - Edelstahl","New","11","10","0","20","0","3","0","0","0","EUR","0","2","6","6","Low traffic","6.29","0.0","6.29","0.0","NoRestockExcessActionRequired","0","0.0","0","0","105.95","0.53","3.94E-4","cubic meter","Standard","0.004334","DE","gl_home","840028","188","21","22","23","6.29","0.0","10.58","32.38","32.38","20","0","0","3","0","0.21","0","0","0","0","0","1","","","","","","","","","","","","","118.2","2","","0","","2026-08-10","Yes","No","42.0","118.2","2026-08-10","21","0","0","0","188","N","","",""
"2026-08-13","D12146","X0026WZS69","B0DPWWT83X","knöpfe für Jeans, Jeans, Jacken, 17 mm, ohne Nähen, 12 Sets, bronze","New","1","0","0","1","0","0","0","0","0","EUR","0","0","0","0","Low traffic","4.59","0.0","4.59","0.0","Advertise listing","0","0.0","0","0","3.08","0.0","7.2E-5","cubic meter","Standard","7.2E-5","DE","gl_office_product","3035437","366","0","","","4.79","0.0","0.0","0.0","0.0","1","0","0","0","0","0.1","0","0","0","0","0","0","","","","","","","","","","","","","","0","","0","","","","","","","2026-08-10","1","0","0","0","366","N","","",""
"2026-08-13","D1128","X0026YHYHD","B0DPZGLGLZ","Doppelte Leinen/Hundeleine Doppelleine für 2 Hunde/Keine Verwicklung Reflektierend Kletterseil/Verstellbar Splitterleinen","New","27","0","0","20","0","7","0","0","0","EUR","0","0","0","0","Low traffic","7.09","0.0","7.09","0.0","Advertise listing","27","0.0","0","0","0.0","0.0","1.5E-4","cubic meter","Standard","0.00405","DE","gl_pet_products","118272","366","0","","","7.09","0.0","0.0","0.0","0.0","20","0","0","7","0","0.08","0","0","0","0","0","0","","","","","","","","","","","","","","9","","0","","","","","","","2026-08-10","27","0","0","0","366","N","","",""
"2026-08-13","RPAHXPDE107","X002HKHE7L","B0GG5K6LQB","1 Stk 7,89mm ID6 F+T Kraftstoffleitung Verbinder für Dieselheizung,Schnellverbinder, kompatibel mit Opel Vivaro Primastar Trafic (7,89mm ID6 F + 7,89mm ID6 F verlängerte)","New","8","0","0","8","0","0","0","0","0","EUR","","","","","Low traffic","7.99","0.0","7.99","0.0","Advertise listing","","","0","0","","0.0","1.0E-4","cubic meter","Standard","8.0E-4","DE","gl_home_improvement","","","0","","","7.99","","","","","8","0","0","0","0","","0","0","0","0","0","0","","","","","","","","","","","","","","","","","","","","","","","2026-08-10","8","0","0","0","","N","","",""
"2026-08-13","D1267-1","X0026YIQ4N","B0DPZ5FMJL","Kartenetui RFID NFC Schutz Portemonnaie Herren mit Geldfach Mini Card Holder Wallet für 5-7 Karten und Banknoten","","0","0","0","0","1","0","0","0","0","EUR","0","0","0","0","","0.0","0.0","0.0","0.0","NoRestockExcessActionRequired","","","0","0","","0.0","1.35E-4","cubic meter","Standard","0.0","DE","gl_luggage","1719878","0","0","","","5.89","0.0","0.0","0.0","0.0","0","0","0","0","0","","0","0","0","0","0","0","","","","","","","","","","","","","","0","","0","","","","","","","2026-08-10","0","0","0","0","0","N","","",""
"2026-08-13","RPAHXPDE011","X002HJXLGF","B0GFY5DFNN","Schottland Make-up-Tasche, Geschenk für Scotland (Scotland Calling UK), weiß","New","8","0","0","8","0","0","0","0","0","EUR","","","","","Low traffic","10.99","0.0","10.99","0.0","Advertise listing","","","0","0","","0.0","1.0E-4","cubic meter","Standard","8.0E-4","DE","gl_luggage","","","0","","","10.99","","","","","8","0","0","0","0","","0","0","0","0","0","0","","","","","","","","","","","","","","","","","","","","","","","2026-08-10","8","0","0","0","","N","","",""
"2026-08-13","RPAHXPDE074","X002HKBB61","B0GG55515X","Rote Mini-Flagge, 12er-Pack – Handgehaltene Miniatur-Fähnchen in leuchtendem Rot, 12,7 x 20,3 cm, mit massiver Kunststoffstange und Speerspitze,ideal für Paraden, Partys und Dekorationen","New","8","0","0","8","0","0","0","0","0","EUR","","","","","Low traffic","8.99","0.0","8.99","0.0","Advertise listing","","","0","0","","0.0","9.14E-4","cubic meter","Standard","0.007313","DE","gl_lawn_and_garden","","","0","","","9.59","","","","","8","0","0","0","0","","0","0","0","0","0","0","","","","","","","","","","","","","","","","","","","","","","","2026-08-10","8","0","0","0","","N","","",""
"2026-08-13","RPAHXPDE001","X002HJXGFB","B0GFXVZXB7","RSYHVG 12-farbige Anti-Rutsch-Brillen-Ohrbügel, weiche Silikon-Ohrbügel für Kinder und Erwachsene, komfortabler Brillenhalter für Sonnenbrillen (S)","New","10","0","0","10","0","0","0","0","0","EUR","","","","","Low traffic","7.19","0.0","7.19","0.0","Advertise listing","","","0","0","","0.0","1.64E-4","cubic meter","Apparel","0.00164","DE","gl_apparel","","","0","","","","","","","","10","0","0","0","0","","0","0","0","0","0","0","","","","","","","","","","","","","","","","","","","","","","","2026-08-10","10","0","0","0","","N","","",""
"2026-08-13","RPAHXPDE091","X002HKG1HZ","B0GG53C79Z","4 Sets Einstellbar Knöpfe Ohne Nähen Stern Knöpfe Keine Sewetalhose Taille Straffy Enger Machen Wiederverwendbar Pentagramm Knöpf Für Hosen und Kleid","New","8","0","0","8","0","0","0","0","0","EUR","","","","","Low traffic","7.19","0.0","7.19","0.0","Advertise listing","","","0","0","","0.0","1.54E-4","cubic meter","Standard","0.001233","DE","gl_office_product","","","0","","","7.19","","","","","8","0","0","0","0","","0","0","0","0","0","0","","","","","","","","","","","","","","","","","","","","","","","2026-08-10","8","0","0","0","","N","","",""
"2026-08-13","D12220","X0026YKNFD","B0DPZK1BT7","2 Stück Haargabel Französisch Pins für French Twist U förmige Haarnadel Gabelstäbe 2 Zinken Hochsteckfrisuren Chignon Pin für Frauen","","0","0","0","0","2","0","0","0","0","EUR","0","0","0","0","","0.0","0.0","0.0","0.0","NoRestockExcessActionRequired","","","0","0","","0.0","1.7E-5","cubic meter","Standard","0.0","DE","gl_beauty","362908","0","0","","","4.43","0.0","0.0","0.0","0.0","0","0","0","0","0","","0","0","0","0","0","0","","","","","","","","","","","","","","0","","0","","","","","","","2026-08-10","0","0","0","0","0","N","","",""
"2026-08-13","D12126","X0026YP0F1","B0DPZLXWBH","6 STÜCKE Blume Messing Strass Ösenknöpfe Kristall Silber Farbe Aufnähknöpfe Mit 1 Löchern Und Flacher Rückseite, Modische Krallen Strass Schneeflocke Metallknöpfe Für Handwerks","New","1","0","0","1","0","0","0","0","0","EUR","0","0","0","0","Low traffic","4.89","0.0","4.89","0.0","Advertise listing","0","4.95","16","0","5.08","0.0","1.16E-4","cubic meter","Standard","1.16E-4","DE","gl_office_product","1918326","366","0","","","5.0","0.0","0.0","0.0","0.0","1","0","0","0","0","0.1","0","0","0","0","0","0","","","","","","","","","","","","","","0","","0","","","","","","","2026-08-10","1","0","0","0","366","N","","",""
"2026-08-13","D12122","X0026YLGV3","B0DPZGJP4Y","Vorhang-Raffhalter, 2 Stück, Grün","New","5","5","0","10","0","0","0","0","0","EUR","0","0","0","0","Low traffic","5.39","0.0","5.39","0.0","Advertise listing","0","4.99","31","0","53.19","0.0","3.0E-4","cubic meter","Standard","0.0015","DE","gl_home","1849948","366","0","","","5.39","0.0","0.0","0.0","0.0","10","0","0","0","0","0.08","0","0","0","0","0","0","","","","","","","","","","","","","","0","","0","","","","","","","2026-08-10","10","0","0","0","366","N","","",""
"2026-08-13","D1266-1","X0026YNXCN","B0DPZ7N1GP","Federmäppchen Pencil case mit grossem Fassungsvermögen Mäppchen Schreibwarenbeutel Bleistift Beutel für Middle School College Office Studentin Mädchen Geschenk.","New","26","0","0","1","28","0","0","0","0","EUR","8","21","23","23","Low traffic","6.39","0.0","6.19","0.0","NoRestockExcessActionRequired","26","0.0","0","0","0.0","0.52","2.4E-4","cubic meter","Standard","0.00624","DE","gl_luggage","27642","22","0","4","14","6.19","40.24","106.82","117.9","117.9","1","0","0","0","0","0.13","0","0","0","0","2","0","","","","","","","","","","","","","225.7","6","","2","2026-08-19","2026-08-10","Yes","No","76.9","225.7","2026-08-10","26","1","1","0","25","N","","",""
"2026-08-13","D12118","X0026YD1B1","B0DPY77N6T","Reversible Satin Seiden Schlafmütze Doppelschicht Verstellbar Damen Herrn Nacht Haarpflege Kosmetik Schutz Kopfhaube für Lockiges Lange Haaren Glatt(Rosa)","","0","0","0","0","1","0","0","0","0","EUR","0","0","0","0","","0.0","0.0","0.0","0.0","NoRestockExcessActionRequired","","","0","0","","0.0","3.6E-4","cubic meter","Apparel","0.0","DE","gl_apparel","","0","0","","","6.99","0.0","0.0","0.0","0.0","0","0","0","0","0","","0","0","0","0","0","0","","","","","","","","","","","","","","0","","0","","","","","","","2026-08-10","0","0","0","0","0","N","","",""
"2026-08-13","D1139","X0026XRGYP","B0DPX3S53J","U-förmiger Edelstahl Gemüseschäler 2er Set, Spargelschäler Obstschäler, Schälmesser für Kartoffeln Karotten Spargel Obst und Gemüse Küchenhelfer","New","5","0","0","1","4","0","0","0","0","EUR","3","6","6","6","Low traffic","5.09","0.0","5.09","0.0","NoRestockExcessActionRequired","0","4.97","26","0","25.37","0.69","2.12E-4","cubic meter","Standard","0.00106","DE","gl_home","318859","39","0","3","10","5.09","12.84","26.02","26.02","26.02","1","0","0","0","0","0.03","0","0","0","0","0","0","","","","","","","","","","","","","213.0","1","","0","","2026-08-10","Yes","No","63.0","213.0","2026-08-10","5","0","0","0","39","N","","",""
"2026-08-13","RPAHXPDE053","X002HMZIZJ","B0GGHJYVRG","5-teiliger Zündschlüssel Ersatzschlüssel Zum Trennen der Batterie 8H5306 8398 Kompatibel mit Caterpillar-Radlader Und Radtraktor","New","8","0","0","8","0","0","0","0","0","EUR","","","","","Low traffic","10.79","0.0","10.79","0.0","Advertise listing","","","0","0","","0.0","7.7E-5","cubic meter","Standard","6.19E-4","DE","gl_biss","","","0","","","","","","","","8","0","0","0","0","","0","0","0","0","0","0","","","","","","","","","","","","","","","","","","","","","","","2026-08-10","8","0","0","0","","N","","",""
"2026-08-13","D12121","X0026YPIPX","B0DPZJXBD7","2 Stück Gardinen Raffhalter, Raffhalter für Vorhänge Kupfer Metall, Gardinenhalter Curtain Holdbacks Wandmontage U-Form für Schlafzimmer","New","17","0","0","0","0","17","0","0","0","EUR","3","4","4","4","Low traffic","7.79","0.0","7.79","0.0","Advertise listing","0","7.46","39","0","112.57","0.16","3.21E-4","cubic meter","Standard","0.005455","DE","gl_home","1031470","182","17","17","55","7.79","19.65","26.2","26.2","26.2","0","0","0","17","0","0.14","0","0","0","0","0","0","","","","","","","","","","","","","613.3","4","","0","","2026-08-10","Yes","No","193.3","613.3","2026-08-10","17","0","0","0","182","N","","",""
"2026-08-13","D12178","X0026YHHTX","B0DPYN4B28","Drehbare Karabinerhaken, robuster Hundeleinen-Clip-Verschluss, 360° Drehgelenk, Trigger-Clips, robuste Trigger-Clips, Zinklegierung, Karabinerverschlüsse für Hundeleinen, Camping-Schlüsselanhänger (3","New","15","0","0","0","15","0","0","0","0","EUR","0","5","9","9","Low traffic","5.29","0.0","5.29","0.0","NoRestockExcessActionRequired","2","0.0","0","0","16.16","0.34","4.5E-5","cubic meter","Standard","6.75E-4","DE","gl_sports","343050","103","13","12","21","5.29","0.0","22.25","40.69","40.69","0","0","0","0","0","0.01","0","0","0","0","0","0","","","","","","","","","","","","","276.3","3","","0","","2026-08-10","Yes","No","103.8","276.3","2026-08-10","15","0","0","0","103","N","","",""
"2026-08-13","RPAHXPDE071-1","X002MN89TF","B0H6MRG8H3","RSYHVG RFID Schutz Kartenetui aus Leder Schwarz mit 24 Fächern inkl. 5 Kartenhüllen & 1 Reisepasshülle für Kreditkarten Ausweise Visitenkarten","New","8","0","0","8","0","0","0","0","0","EUR","","","","","Low traffic","5.89","0.0","5.89","0.0","Advertise listing","","","0","0","","0.0","1.0E-4","cubic meter","Standard","8.0E-4","DE","gl_luggage","","","0","","","5.89","","","","","8","0","0","0","0","","0","0","0","0","0","0","","","","","","","","","","","","","","","","","","","","","","","2026-08-10","8","0","0","0","","N","","",""
"2026-08-13","D1152","X0026YKFXN","B0DPZJX6CH","Königin Krone, Braut Tiara, Königin Krone, Hochzeit Krone, Tiara für Hochzeit, Damen Tiara, Runde Braut Diademe, handgemachtes Strass Stirnband - Roségold für Braut, Bühnenauftritte und Partys,","","0","0","0","0","0","1","0","0","0","EUR","0","0","0","0","","0.0","0.0","0.0","0.0","NoRestockExcessActionRequired","","","0","0","","0.0","8.1E-5","cubic meter","Apparel","0.0","DE","gl_jewelry","1017123","0","0","","","5.99","0.0","0.0","0.0","0.0","0","0","0","1","0","","0","0","0","0","0","0","","","","","","","","","","","","","","0","","0","","","","","","","2026-08-10","0","0","0","0","0","N","","",""
"2026-08-13","D12129","X0026YPQWN","B0DPZLJV6Y","Metallknöpfe mit Prägung 25 mm, goldene dekorative Knöpfe 10 Stück, Vintage Knöpfe für Trenchcoat Jacke Anzug Mantel DIY Nähzubehör","New","12","0","0","0","0","12","0","0","0","EUR","0","0","0","0","Low traffic","5.36","0.0","5.59","0.0","Advertise listing","12","0.0","0","0","0.0","0.0","1.56E-4","cubic meter","Standard","0.001875","DE","gl_office_product","963872","84","0","","","5.59","0.0","0.0","0.0","0.0","0","0","0","12","0","0.08","0","0","0","0","0","0","","","","","","","","","","","","","","10","","0","","","","","","","2026-08-10","12","0","0","0","84","N","","",""
"2026-08-13","RPAHXPDE014","X002HMV9MF","B0GGGPWQQ6","Retro Brosche Damen Viktorianischen Blumenbrosche Kristall Hochzeit Anstecknadeln Vintage Stil Aushöhlen Blumen Pin Bekleidungs Schmuck","New","10","0","0","10","0","0","0","0","0","EUR","","","","","Low traffic","7.59","0.0","7.59","0.0","Advertise listing","","","0","0","","0.0","1.0E-4","cubic meter","Apparel","0.001","DE","gl_jewelry","","","0","","","","","","","","10","0","0","0","0","","0","0","0","0","0","0","","","","","","","","","","","","","","","","","","","","","","","2026-08-10","10","0","0","0","","N","","",""
"2026-08-13","D12163","X0026YJMGT","B0DPYBNTMJ","Mohnblumen-Abzeichen und Anstecknadeln 2023, Gedenktag, Mohnblütenabzeichen, Lest We Forget Poppy-Brosche, Geschenk für Damen und Herren, Zink","","0","0","0","0","0","1","0","0","0","EUR","0","0","0","0","","0.0","0.0","0.0","0.0","NoRestockExcessActionRequired","","","0","0","","0.0","3.5E-5","cubic meter","Apparel","0.0","DE","gl_jewelry","","0","0","","","5.89","0.0","0.0","0.0","0.0","0","0","0","1","0","","0","0","0","0","0","0","","","","","","","","","","","","","","0","","0","","","","","","","2026-08-10","0","0","0","0","0","N","","",""
"2026-08-13","RPAHXPDE015","X002HJXPNT","B0GFY4V3TH","Vintage Perle Haarspange Barrette Gold Perle Französisch Pferdeschwanz Haarspange Hochzeiten Haarnadel Clip Dekorative Haarschmuck","New","8","0","0","8","0","0","0","0","0","EUR","","","","","Low traffic","8.09","0.0","8.09","0.0","Advertise listing","","","0","0","","0.0","7.2E-5","cubic meter","Standard","5.79E-4","DE","gl_beauty","","","0","","","8.16","","","","","8","0","0","0","0","","0","0","0","0","0","0","","","","","","","","","","","","","","","","","","","","","","","2026-08-10","8","0","0","0","","N","","",""
"2026-08-13","RPAHXPDE064","X002HN6EQ5","B0GGHGQ71R","2 Stück Auto Scheinwerfer Montage Clips, Scheinwerfer Halterung Clip, Kompatibel mit Ford Kompatibel mit Fiesta KA EcoSport","New","8","0","0","8","0","0","0","0","0","EUR","","","","","Low traffic","7.69","0.0","7.69","0.0","Advertise listing","","","0","0","","0.0","2.5E-4","cubic meter","Standard","0.001998","DE","gl_automotive","","","0","","","","","","","","8","0","0","0","0","","0","0","0","0","0","0","","","","","","","","","","","","","","","","","","","","","","","2026-08-10","8","0","0","0","","N","","",""
"2026-08-13","D12169","X0026YCONR","B0DPYKCVBL","Mohnblumen-Abzeichen und Anstecknadeln, Broschen für Damen, Mohnblumen-Anstecknadel, Schal, Hut-Anstecknadel, vielseitige Broschen für Frauen, Gedenktag, Brosche, Mohnblumen-Brosche, Metall","New","14","0","0","1","0","14","0","0","0","EUR","0","0","0","0","Low traffic","4.66","0.0","4.66","0.0","Advertise listing","0","0.0","0","0","8.42","0.0","7.0E-5","cubic meter","Apparel","9.8E-4","DE","gl_jewelry","2179243","366","14","","","4.84","0.0","0.0","0.0","0.0","0","1","0","14","0","0.0","0","0","0","0","0","0","","","","","","","","","","","","","","0","","0","","","","","","","2026-08-10","14","0","0","0","366","N","","",""
"2026-08-13","D1175","X0026YKCDV","B0DPZH4LQG","Hunde Sicherheitsgurt, 3 in 1 anschnallgurt Hund Auto mit reflektierendem elastischem Nylon-Bungee, Hunde sicherheitsgurt für alle Hunderassen und Auto Sitze Trunk, 70cm (Schwarz)","New","5","5","0","10","0","0","0","0","0","EUR","","","","","Low traffic","7.89","0.0","7.89","0.0","Advertise listing","0","6.49","47","0","68.92","0.0","2.7E-4","cubic meter","Standard","0.00135","DE","gl_pet_products","","366","0","","","7.89","","","","","10","0","0","0","0","0.07","0","0","0","0","0","0","","","","","","","","","","","","","","0","","0","","","","","","","2026-08-10","10","0","0","0","366","N","","",""
"2026-08-13","RPAHXPDE106","X002HKBTNB","B0GG5XP9PX","Drehkarabinerhaken für Hundeleinen, 2er Set, Robuste Edelstahl Karabiner, Ideal für Paracord 550 Hundehalsbänder, Mit drehbarem Gelenk","New","8","0","0","8","0","0","0","0","0","EUR","","","","","Low traffic","6.29","0.0","6.29","0.0","Advertise listing","","","0","0","","0.0","1.73E-4","cubic meter","Standard","0.001381","DE","gl_home_improvement","","","0","","","","","","","","8","0","0","0","0","","0","0","0","0","0","0","","","","","","","","","","","","","","","","","","","","","","","2026-08-10","8","0","0","0","","N","","",""
"2026-08-13","RPAHXPDE030","X002HNULU5","B0GGGV2RP6","RSYHVG 2 Paar Seiden Satin Schnürsenkel, 2cm Breit Weiche Schuhbänder Flach für Damen ür Sportschuhe, Segeltuchschuhe, Freizeitschuhe","New","8","0","0","8","0","0","0","0","0","EUR","","","","","Low traffic","7.59","0.0","7.59","0.0","Advertise listing","","","0","0","","0.0","4.64E-4","cubic meter","Footwear","0.003713","DE","gl_shoes","","","0","","","","","","","","8","0","0","0","0","","0","0","0","0","0","0","","","","","","","","","","","","","","","","","","","","","","","2026-08-10","8","0","0","0","","N","","",""
"2026-08-13","RPAHXPDE021","X002HMVBFP","B0GGGJH7KL","Fahrradhelm Verschluss Helm Verschluss Motorradhelm Schnellverschluss - Helmkinnclip Kinnverschluss Steckerschloss Ersatzteil Helmersatzteil,Helmschnalle Gurtschnalle Fahrradhelm Ersatzteile (2 STK)","New","8","0","0","8","0","0","0","0","0","EUR","","","","","Low traffic","7.59","0.0","7.59","0.0","Advertise listing","","","0","0","","0.0","1.3E-4","cubic meter","Standard","0.001038","DE","gl_sports","","","0","","","7.59","","","","","8","0","0","0","0","","0","0","0","0","0","0","","","","","","","","","","","","","","","","","","","","","","","2026-08-10","8","0","0","0","","N","","",""
"2026-08-13","D1218","X0026Z3WD7","B0DQ14DNCN","Rote Mohnblumen-Brosche Anstecknadel Emaille Abzeichen Band Blumen grünes Blatt Lest We Forget Legion Gedenktag Frieden, Metall","New","29","0","0","0","0","30","0","0","0","EUR","1","1","1","1","Low traffic","5.89","0.0","5.89","0.0","NoRestockExcessActionRequired","0","0.0","0","0","131.13","0.03","3.0E-5","cubic meter","Apparel","8.7E-4","DE","gl_jewelry","320950","366","29","116","377","5.89","4.95","4.95","4.95","4.95","0","0","0","30","0","0.02","0","0","0","0","0","0","","","","","","","","","","","","","","3","","0","","","","","","","2026-08-10","29","0","0","0","366","N","","",""
"2026-08-13","RPAHXPDE034","X002HN2FYZ","B0GGGJ7SS8","6 tück Cinch Clips für Damenkleidung, Versteckter Taillenclip für Hemden zur Anpassung von Passform und Stil, Silikon Taillenklemme für Kleider, T-Shirts, Blusen, Modeaccessoire für Damen","New","5","0","0","5","0","0","0","0","0","EUR","3","3","3","3","Low traffic","7.59","0.0","7.59","0.0","NoRestockExcessActionRequired","","","0","0","","0.67","1.93E-4","cubic meter","Apparel","9.66E-4","DE","gl_apparel","416536","37","0","6","21","7.59","19.14","19.14","19.14","19.14","5","0","0","0","0","","0","0","0","0","0","0","","","","","","","","","","","","","29.0","","","","","2026-08-10","Yes","No","29.0","29.0","2026-08-10","5","0","0","0","37","N","","",""
"2026-08-13","D12153","X0026YJSZ9","B0DPYKWYSP","Gestrickte Sturmhaube mit 3 Löchern Volle Gesichtsabdeckung Winter Vollgesicht Sturmmaske","New","21","0","0","10","11","3","0","0","0","EUR","0","5","8","8","Low traffic","5.59","0.0","5.59","0.0","NoRestockExcessActionRequired","21","0.0","0","0","0.0","0.36","8.0E-4","cubic meter","Apparel","0.0168","DE","gl_apparel","415896","59","0","16","34","5.59","0.0","23.67","38.6","38.6","10","0","0","3","0","0.14","0","0","0","0","0","0","","","","","","","","","","","","","237.3","7","","0","","2026-08-10","Yes","No","99.5","237.3","2026-08-10","21","0","0","0","59","Y","Holiday Season","2026-10-17","2027-03-06"
"2026-08-13","D12143","X0026WZ5RL","B0DPWT8DYG","Maskerade-Maske für Herren venezianische Party-Ball-Masken Vintage-Halloween-Kostüm Karneval-Maske Weihnachten für Kostüm Cosplay Abschlussball Karneval Zubehör","New","31","0","0","0","20","11","0","0","0","EUR","2","3","4","4","Low traffic","4.39","0.0","4.39","0.0","NoRestockExcessActionRequired","31","0.0","0","0","0.0","0.12","2.88E-4","cubic meter","Standard","0.008928","DE","gl_toy","154696","93","0","41","100","4.39","7.38","11.07","15.1","15.1","0","0","0","11","0","0.11","0","0","0","0","0","0","","","","","","","","","","","","","1033.3","6","","0","","2026-08-10","Yes","No","336.0","1033.3","2026-08-10","31","0","0","0","93","N","","",""
"2026-08-13","RPAHXPDE043-1","X002MOMKCV","B0H6MYKGW1","RSYHVG 8 Stück Zehenspreizer aus Weichschaum, 10x3cm wiederverwendbare Zehentrenner für Pediküre Nagellackierung zu Hause Salon","New","7","0","0","7","0","0","0","0","0","EUR","1","1","1","1","Low traffic","6.49","0.0","6.49","0.0","Advertise listing","","","0","0","","0.29","1.0E-4","cubic meter","Standard","7.0E-4","DE","gl_beauty","332872","125","0","28","91","6.49","5.45","5.45","5.45","5.45","7","0","0","0","0","","0","0","0","0","0","0","","","","","","","","","","","","","61.0","3","","0","","2026-08-10","Yes","No","61.0","61.0","2026-08-10","7","0","0","0","125","N","","",""
"2026-08-13","D1133","X0026YPTV1","B0DPZHS42S","Edelstahl türscharniere für holztüren Stahl Kugelgelagert Kugellager Scharniere Silber edelstahl für Haustüre Zimmertür, 1 Paar","New","17","4","0","20","0","0","0","0","0","EUR","","","","","Low traffic","5.59","0.0","5.59","0.0","Advertise listing","0","0.0","0","0","77.9","0.0","3.75E-4","cubic meter","Standard","0.006375","DE","gl_home_improvement","1273840","366","0","","","5.59","","","","","20","0","0","0","0","0.16","0","0","0","0","1","0","","","","","","","","","","","","","","0","","0","","","","","","","2026-08-10","21","1","0","0","366","N","","",""
"2026-08-13","D12173","X0026YDK21","B0DPYNCTVK","Doppelte Militär Erkennungsmarken aus Edelstahl, Erkennungsmarken mit 50,8 cm Kette, Hundeanhänger für Kostüm, Cosplay und Party Requisiten","New","6","0","0","0","8","0","0","0","0","EUR","4","10","14","14","Low traffic","4.49","0.0","4.49","0.0","CreateShippingPlan","6","0.0","0","0","0.0","0.78","5.0E-5","cubic meter","Apparel","3.0E-4","DE","gl_apparel","25282","16","0","2","5","4.52","15.08","37.7","53.46","53.46","0","0","0","0","0","0.0","0","0","0","0","0","0","","","","","","","","","","","","","138.2","6","","21","2026-08-19","2026-08-10","Yes","No","52.1","138.2","2026-08-10","6","0","0","0","16","N","","",""
"2026-08-13","RPAHXPDE078-1","X002MNBILV","B0H6MMD652","RSYHVG Reflektierende Schlüsselanhänger 6 Stück Schwarz Nylon Sicherheitsreflektoren für Laufen Radfahren Rucksack Hundehalsband","New","8","0","0","8","0","0","0","0","0","EUR","","","","","Low traffic","8.49","0.0","8.49","0.0","Advertise listing","","","0","0","","0.0","2.44E-4","cubic meter","Apparel","0.001954","DE","gl_apparel","","","0","","","","","","","","8","0","0","0","0","","0","0","0","0","0","0","","","","","","","","","","","","","","","","","","","","","","","2026-08-10","8","0","0","0","","N","","",""
"2026-08-13","D1294","X0026XD1NP","B0DPWYQ976","Generic HXP Faraday Tasche für Autoschlüssel, Autoschlüssel-Signalblocker, RFID-Schutz, Schlüsselanhänger, Diebstahlschutz, schlüssellose Tasche (Schwarz, 1er Pack)","New","17","3","0","20","0","0","0","0","0","EUR","0","0","0","0","Low traffic","6.09","0.0","6.09","0.0","Advertise listing","20","0.0","0","0","0.51","0.0","2.28E-4","cubic meter","Standard","0.003882","DE","gl_electronics","1182141","118","0","","","6.09","0.0","0.0","0.0","0.0","20","0","0","0","0","0.05","0","0","0","0","0","0","","","","","","","","","","","","","","0","","0","","","","","","","2026-08-10","20","0","0","0","118","N","","",""
"2026-08-13","RPAHXPDE058-1","X002MNGG13","B0H6MWGYM7","RSYHVG Mehrrunder Teigschneider aus lebensmittelechtem Kunststoff, 16x3,5cm gekräuselter Kreisschneider für Kekse Torten Gebäck Backwerkzeug Orange","New","7","0","0","7","0","0","0","0","0","EUR","","","","","Low traffic","7.19","0.0","7.19","0.0","Advertise listing","","","0","0","","0.0","1.0E-4","cubic meter","Standard","7.0E-4","DE","gl_home","","","0","","","","","","","","7","0","0","0","0","","0","0","0","0","0","0","","","","","","","","","","","","","","","","","","","","","","","2026-08-10","7","0","0","0","","N","","",""
"2026-08-13","D12181","X0026YMQ49","B0DPYN8BN6","Selbstklebende Haken, 12 Stück, max. 15 kg, Wand- und Türhaken zum Aufkleben/Klebehaken für Badezimmer, Küche, zum Aufhängen von Mantel, Stoff, Handtuch, Schlüssel","New","38","0","0","1","1","36","0","0","0","EUR","1","5","6","6","Low traffic","5.19","0.0","5.19","0.0","NoRestockExcessActionRequired","38","0.0","0","0","0.43","0.15","1.92E-4","cubic meter","Standard","0.007296","DE","gl_home_improvement","290670","128","0","30","82","5.19","4.36","22.48","27.01","27.01","1","0","0","36","0","0.16","0","0","0","0","0","0","","","","","","","","","","","","","905.0","3","","0","","2026-08-10","Yes","No","387.0","905.0","2026-08-10","38","0","0","0","128","Y","Holiday Season","2026-10-31","2026-12-25"
"2026-08-13","D12132","X0026YI61V","B0DPZLR5V9","Druckknöpfe aus rostfreiem Metall, 25 mm, 10 Sets","New","1","0","0","0","1","1","0","0","0","EUR","0","0","0","0","Low traffic","4.69","0.0","4.69","0.0","Advertise listing","0","0.0","0","0","0.0","0.0","","","Other","","DE","gl_home","1773734","366","0","","","5.0","0.0","0.0","0.0","0.0","0","0","0","1","0","0.0","0","0","0","0","0","0","1","0.0","0","0.0","0","0.0","0","0.0","0","0.0","0","0.0","","0","","0","","","","","","","2026-08-10","1","0","0","0","366","N","","",""
"2026-08-13","D1177","X0026YOS5T","B0DPZG4HL3","2er-Pack Abflusssieb Edelstahl, Verstopfungsschutz Küche Waschbecken Sieb Abfluss Spüle mit Griff, 11 x 8 x 2 cm","","0","0","0","0","1","0","0","0","0","EUR","0","0","0","0","","0.0","0.0","0.0","0.0","NoRestockExcessActionRequired","","","0","0","","0.0","3.03E-4","cubic meter","Standard","0.0","DE","gl_home","1416127","0","0","","","6.04","0.0","0.0","0.0","0.0","0","0","0","0","0","","0","0","0","0","0","0","","","","","","","","","","","","","","0","","0","","","","","","","2026-08-10","0","0","0","0","0","N","","",""
"2026-08-13","RPAHXPDE037","X002HK28VX","B0GG2H7FVT","RSYHVG Krawatten Herren Einfärbige Texturierte Krawatten für Anzug Schlips Herren Geschenk 147cm×8,1cm(Schwarz)","New","8","0","0","8","0","0","0","0","0","EUR","","","","","Low traffic","9.89","0.0","9.89","0.0","Advertise listing","","","0","0","","0.0","6.01E-4","cubic meter","Apparel","0.004808","DE","gl_apparel","","","0","","","","","","","","8","0","0","0","0","","0","0","0","0","0","0","","","","","","","","","","","","","","","","","","","","","","","2026-08-10","8","0","0","0","","N","","",""
"2026-08-13","RPAHXPDE020","X002HK3JJD","B0GFY2BJHN","2Stk Rohrwandabdeckungen, ABS Runde Selbstklebende Rosettenplatte, Wasserhahn Dekoration Zubehör für 33,5 mm / 1,32 Zoll Durchmesser Wasserrohr","New","8","0","0","8","0","0","0","0","0","EUR","","","","","Low traffic","8.19","0.0","8.19","0.0","Advertise listing","","","0","0","","0.0","3.67E-4","cubic meter","Standard","0.002937","DE","gl_home_improvement","","","0","","","","","","","","8","0","0","0","0","","0","0","0","0","0","0","","","","","","","","","","","","","","","","","","","","","","","2026-08-10","8","0","0","0","","N","","",""
"2026-08-13","RPAHXPDE009","X002HJZILL","B0GFY5DBF2","2 Stück goldene Schmetterlings-neue Glitzer-Gold-Schleife-Haarspange für Mädchen, Bling Pailletten-Schleife-Baby-Pflege-Clips, Haarschmuck-Dekoration, Haarpflege, Haarspangen für Baby-Mädchen","New","8","0","0","8","0","0","0","0","0","EUR","","","","","Low traffic","6.69","0.0","6.69","0.0","Advertise listing","","","0","0","","0.0","2.16E-4","cubic meter","Standard","0.001725","DE","gl_beauty","","","0","","","","","","","","8","0","0","0","0","","0","0","0","0","0","0","","","","","","","","","","","","","","","","","","","","","","","2026-08-10","8","0","0","0","","N","","",""
"2026-08-13","RPAHXPDE007","X002HMQ4UR","B0GGGTK5Z7","50 Stück 15mm Harz Knöpfe zum Annähen, 4 Löch Runde Ersatz Nähknöpfe für Strickjacke DIY Handwerk Dekorieren Mantel Kleidung Hemden Dekoration Herrenanzug (Grün)","New","8","0","0","8","0","0","0","0","0","EUR","","","","","Low traffic","7.59","0.0","7.59","0.0","Advertise listing","","","0","0","","0.0","1.43E-4","cubic meter","Standard","0.001145","DE","gl_office_product","","","0","","","7.59","","","","","8","0","0","0","0","","0","0","0","0","0","0","","","","","","","","","","","","","","","","","","","","","","","2026-08-10","8","0","0","0","","N","","",""
"2026-08-13","D1170","X0026XRAAP","B0DPX42C4J","Vintage Haar Stick Opal Haar Stäbchen Haar chinesische Haarnadeln Alten Haarspange (Blau) 1 stück (1er Pack)","New","17","4","0","20","0","0","0","0","0","EUR","0","0","0","0","Low traffic","5.19","0.0","5.19","0.0","Advertise listing","0","2.44","2","0","38.4","0.0","7.2E-5","cubic meter","Standard","0.001224","DE","gl_beauty","312064","366","0","","","5.19","0.0","0.0","0.0","0.0","20","0","0","0","0","0.04","0","0","0","0","0","0","","","","","","","","","","","","","","0","","0","","","","","","","2026-08-10","21","0","0","0","366","N","","",""
"2026-08-13","D1179","X0026YOTM1","B0DPZGFZYG","315℃ Hochhitzebeständiger Silikon Löffel Spatel:Flexibler Nahtloser Gummispatel, Backen Kochen Silikon Teigschaber für Antihaftbeschichtetes Kochgeschirr Mischen Schaben (29cm, Schwarz)","New","11","0","0","0","0","11","0","0","0","EUR","0","2","2","2","Low traffic","5.69","0.0","5.69","0.0","NoRestockExcessActionRequired","10","0.0","0","0","0.0","0.16","3.41E-4","cubic meter","Standard","0.003749","DE","gl_home","1182946","105","0","22","71","5.69","0.0","10.56","10.56","10.56","0","0","0","11","0","0.07","0","0","0","0","0","0","","","","","","","","","","","","","563.0","1","","0","","2026-08-10","Yes","No","173.0","563.0","2026-08-10","11","0","0","0","105","N","","",""
"2026-08-13","D1130","X0026YORYB","B0DPZGHWLM","4x Heizungsentlüftungsschlüssel Schwarz, für alle Heizkörper Entlüftungsschlüssel, ROBUST & STABIL, mindert Geräusche, Entlüfter","","0","0","0","0","0","1","0","0","0","EUR","0","0","0","0","","0.0","0.0","0.0","0.0","NoRestockExcessActionRequired","","","0","0","","0.0","1.2E-5","cubic meter","Standard","0.0","DE","gl_home_improvement","","0","0","","","4.29","0.0","0.0","0.0","0.0","0","0","0","1","0","","0","0","0","0","0","0","","","","","","","","","","","","","","3","Out of stock","8","2026-08-12","","","","","","2026-08-10","0","0","0","0","0","Y","Holiday Season","2026-10-31","2027-04-24"
"2026-08-13","D1111","X0026WAK3F","B0DPW9PPM5","Zwiebelschneider Halter Edelstahl Zwiebelhalter zum Schneiden von Tomatenzwiebeln Schneidehilfe","New","18","1","0","20","0","0","0","0","0","EUR","0","0","0","0","Low traffic","5.99","0.0","5.99","0.0","Advertise listing","0","5.49","52","0","99.85","0.0","3.32E-4","cubic meter","Standard","0.005985","DE","gl_home","272328","366","0","","","5.99","0.0","0.0","0.0","0.0","20","0","0","0","0","0.16","0","0","0","0","1","0","","","","","","","","","","","","","","0","","0","","","","","","","2026-08-10","19","1","0","0","366","N","","",""
"2026-08-13","D12144","X0026WVEPD","B0DPWVB2HL","Damen Leder Katze Maske Sexy Halbgesicht Augenmaske Cosplay Kostüm Requisiten Halloween Party Maskerade Karneval Zubehör","New","15","0","0","15","0","0","0","0","0","EUR","0","0","1","1","Low traffic","7.99","0.0","7.99","0.0","NoRestockExcessActionRequired","0","0.0","0","0","194.74","0.24","0.0012","cubic meter","Standard","0.018","DE","gl_toy","450968","366","0","","195","7.99","0.0","0.0","6.71","6.71","15","0","0","0","0","5.1","0","0","0","0","0","0","","","","","","","","","","","","","","5","","0","","","","","","163.0","2026-08-10","15","0","0","0","366","Y","Halloween","2026-09-26","2026-11-06"
