"sku","fnsku","asin","product-name","condition","your-price","mfn-listing-exists","mfn-fulfillable-quantity","afn-listing-exists","afn-warehouse-quantity","afn-fulfillable-quantity","afn-unsellable-quantity","afn-reserved-quantity","afn-total-quantity","per-unit-volume","afn-inbound-working-quantity","afn-inbound-shipped-quantity","afn-inbound-receiving-quantity","afn-researching-quantity","afn-reserved-future-supply","afn-future-supply-buyable","afn-fulfillable-quantity-local","afn-fulfillable-quantity-remote","afn-fc-transfer-quantity","afn-onhand-buyable-quantity","store"
"AF-EWJZ-5IWI","X0028KT0YF","B0D2DBVD74","RSYHVG Shoe Charms, glitter Bling Chain Charms,DIY Sandals Accessories,Crystal Diamond Shoe Buckle, Chain Shoe Accessory, DIY Creative Accessory,charms for adults Slippers, Sandals","New","4.09","No",,"Yes","0","0","0","0","0","268.42","0","0","0","0","0","0","0","0","0","0",
"HXP060401","X002KMA75H","B0GY7W5D22","RSYHVG 2PCS 8mm M35 HSS Cobalt Drill Bits, 135° Split Point Professional Jobber Twist Drill Bits for Metal, Stainless Steel, Cast Iron, Alloy & Hard Steel","New","5.09","No",,"Yes","2","1","1","0","42","99.96","0","40","0","0","0","0","1","0","0","1",
"HXP060402","X002KMGH5B","B0GY7Y4ZV6","RSYHVG Professional Precision Eyebrow Tweezers, German Grade Stainless Steel Slanted Facial Hair Removal Tweezers for Women and Men","New","4.59","No",,"Yes","12","11","0","1","12","99.96","0","0","0","0","0","0","11","0","0","11",
"HXP060403","X002KMD38F","B0GY855QL5","RSYHVG 2 Pcs Three Rings Scarf Buckles for Women, Elegant Silk Scarf Clasp Clips, Large Clothing Wrap Holder Triple Sliding Neckerchief Clamps Fashion Accessory, Silver & Golden","New","5.56","No",,"Yes","14","13","0","1","43","99.96","0","29","0","0","0","0","13","0","0","13",
"HXP060404","X002KMOZ1J","B0GY84YHQV","RSYHVG Corduroy Sanitary Pad Storage Bag, Discreet Period Organiser, Portable Black Small Makeup Bag, Reusable Tampon Pouch for Women's Cosmetics & Daily Essentials","New","6.79","No",,"Yes","5","5","0","0","35","99.96","0","30","0","0","0","0","5","0","0","5",
"HXP060405","X002KMLH79","B0GY8N1RZG","RSYHVG Polarized Night Driving Glasses for Men and Women, Anti Glare Yellow Tinted Lenses, Night Vision Glasses for Driving, Motorcycle, Cycling, Fishing, Running & Walking","New","6.79","No",,"Yes","2","2","0","0","62","303.98","0","60","0","0","0","0","2","0","0","2",
"HXP060406","X002KMGK6H","B0GY891V38","RSYHVG 1 Pair 96 Inch Waxed Ice Hockey Skate Laces, Anti-freezing Anti-fracture Sports Shoelaces for Ice Skating Skiing Roller Skates, Durable Polyester-Cotton Blend, White","New","7.60","No",,"Yes","11","11","0","0","41","99.96","0","30","0","0","0","0","11","0","0","11",
"HXP060407","X002KMMDLD","B0GY86J33J","RSYHVG Women's Black PU Leather Kiss Lock Coin Purse, Triple Metal Frame Small Clip Change Pouch, Compact Key & Card Organizer Wallet","New","6.29","No",,"Yes","17","15","0","2","37","99.96","0","20","0","0","0","0","15","0","0","15",
"HXP060408","X002KMPO91","B0GY8FZK29","RSYHVG Silver Reusable Stainless Steel Drinking Straws, Metal Straws for Smoothies Cocktails Iced Coffee Juices, Eco-Friendly Dishwasher Safe, Pack of 4 with Cleaning Brush & Travel Pouch","New","7.29","No",,"Yes","12","11","0","1","12","326.59","0","0","0","0","0","0","11","0","0","11",
"HXP060409","X002KMK6PX","B0GY8C42YV","RSYHVG 2 Pairs Thin Skin Protective Arm Sleeves for Adults, Anti-Bruise & Skin Tear Forearm Guards, Breathable Elastic Sleeves with Thumb Hole for Men Women","New","7.19","No",,"Yes","0","0","0","0","20","99.96","0","20","0","0","0","0","0","0","0","0",
"HXP0604100","X002KNKT95","B0GYC7H94D","RSYHVG Blue Light Blocking Glasses, Clear Lens Anti Glare UV Protection Eyeglasses, Vintage Black Oval Frame for Computer Work, Gaming & Daily Digital Use","New","6.59","No",,"Yes","9","9","0","0","9","99.96","0","0","0","0","0","0","9","0","0","9",
"HXP0604101","X002KN6ODZ","B0GYCBG1G9","RSYHVG 2 Pack Blue Light Blocking Glasses for Women Men, Anti Glare Computer Glasses with Classic Design, Comfortable Fit for Daily Use","New","5.29","No",,"Yes","14","14","0","0","14","99.96","0","0","0","0","0","0","14","0","0","14",
"HXP0604102","X002KNGYX5","B0GYCKBQ2B","RSYHVG Washable Pre-Motor Filter Replacement, 11x11x1.5cm Vacuum Cleaner Accessory, Compatible with V18P01BP25DC Cordless Handstick Vacuum Cleaners About this item Premium Paper Construction: Made fro","New","8.19","No",,"Yes","14","14","0","0","14","99.96","0","0","0","0","0","0","14","0","0","14",
"HXP0604103","X002KNDOCJ","B0GYCKX71G","请您提供以下全套素材 为了严格遵循您的 零容错 要求，100% 基于产品实际信息进行合规优化，请您手动提供： 该产品的旧版完整标题","New","5.59","No",,"Yes","15","15","0","0","15","875.72","0","0","0","0","0","0","15","0","0","15",
"HXP0604105","X002KNA1CF","B0GYCL3FSM","RSYHVG 2 Pairs Unisex Retro Round Sunglasses, Slim Metal Frame Hippie Steampunk Style, UV400 Protection Classic Shades for Cosplay, Music Festivals, Outdoor Sports & Daily Wear","New","4.84","No",,"Yes","0","0","0","0","60","99.96","0","60","0","0","0","0","0","0","0","0",
"HXP0604106","X002KNGVZB","B0GYCKT2YQ","RSYHVG Universal Hair Dryer Comb Attachment, Black Blow Dryer Styling Comb for Straightening & Detangling, Heat-Resistant Plastic Nozzle for Curly, Natural Hair, Professional Salon & Home Use","New","5.60","No",,"Yes","3","0","0","1","124","99.96","0","120","1","2","0","0","0","0","0","0",
"HXP0604107","X002KNJKNB","B0GYCLT125","RSYHVG Retractable Lanyard with Card Holder, Horizontal ID Badge Holder, 2 Card Slots Faux Leather ID Card Holder for Office Staff, Teacher, Nurse, Bus Pass, Black","New","8.39","No",,"Yes","9","9","0","0","29","99.96","0","20","0","0","0","0","9","0","0","9",
"HXP0604108","X002KNM7RR","B0GYCS7B5B","RSYHVG Women's Long Striped Knit Arm Warmers, Stretchy Fingerless Gloves with Thumb Hole, Soft Polyester Cotton Winter Warmers for Daily Wear & Outdoor Activities (Purple and Black, One Size)","New","7.58","No",,"Yes","8","8","0","0","28","441.63","0","20","0","0","0","0","8","0","0","8",
"HXP060411","X002KMK9NH","B0GY89X65F","RSYHVG 4Pcs Boho Bandana Hair Scarf for Women, 35"" x 2.4"" Soft Lightweight Headband Neck Scarf, Fashion Versatile Hair Accessory Gift Ready","New","5.49","No",,"Yes","31","31","0","0","31","99.96","0","0","0","0","0","0","31","0","0","31",
"HXP0604110","X002KNGBVF","B0GYCX9FD8","RSYHVG 2026 Christian Metal Bookmark with Inspirational Bible Verses, Religious Gift for Women Men Book Lovers, Cross Design Bookmark with Gift Box","New","7.19","No",,"Yes","13","12","0","1","43","99.96","0","30","0","0","0","0","12","0","0","12",
"HXP0604111","X002KNGK0R","B0GYCVJVGY","RSYHVG Blue Light Blocking Glasses for Women Men, Pilot Square Anti Glare Computer Screen Filter Glasses for Office Gaming TV Daily Use","New","7.99","No",,"Yes","13","13","0","0","43","99.96","0","30","0","0","0","0","13","0","0","13",
"HXP0604112","X002KNMH4F","B0GYCXCDTF","RSYHVG 3 Inch Exhaust Gasket 2 Bolt for 3"" Muffler Flange Manifold High Temperature Resistant 2 Pack","New","7.74","No",,"Yes","13","13","0","0","13","99.96","0","0","0","0","0","0","13","0","0","13",
"HXP0604113","X002KOJNUF","B0GYJBB5JL","RSYHVG 5 Pack Black Hair Bump Clips, Invisible Volumizing Hair Styling Tools for Women, Curved Beehive Hair Combs for All Hair Types, Instant Fluffy Hairstyle Accessories for Daily & Special Occasions","New","4.84","No",,"Yes","14","14","0","0","14","99.96","0","0","0","0","0","0","14","0","0","14",
"HXP0604114","X002KONNKV","B0GYJ3JXWZ","Hair Extension Tape Double Sided Adhesive Replacement, Professional Strong Tapes for Tape in Hair Extensions 72pcs,","New","6.69","No",,"Yes","13","13","0","0","13","99.96","0","0","0","0","0","0","13","0","0","13",
"HXP0604115","X002KOLZGP","B0GYHXRVMK","RSYHVG #10 Heavy Duty Resin Zippers, 35 Inch (90cm) Two Way Separating Plastic Zippers, Black Left Handed Zipper for Coat, Parka, Down Jacket, Bags, Tents and Sewing Crafts","New","8.59","No",,"Yes","10","10","0","0","30","99.96","0","20","0","0","0","0","10","0","0","10",
"HXP0604116","X002KOOTLX","B0GYJDBC8M","RSYHVG 4 Pack Doorbell Button Replacement with 2 Screws, Black High Strength Replacement Buttons for Peephole Cameras and Video Doorbells, Repair Split Cracked Broken Buttons","New","7.99","No",,"Yes","30","30","0","0","30","99.96","0","0","0","0","0","0","30","0","0","30",
"HXP0604118","X002KONTIR","B0GYJ99C21","RSYHVG Dad's Ice Cream Shovel Spoon, Funny Fathers Day Gifts from Daughter Son, Stainless Steel Engraved Spoon, Birthday Christmas Anniversary Gifts for Dad Stepdad Grandad Husband About this item Fun","New","6.89","No",,"Yes","41","39","0","1","41","99.96","0","0","0","1","0","0","39","0","0","39",
"HXP060412","X002KMMZJN","B0GY89YZ39","RSYHVG 20 Pcs High Heel Protectors, 5 Sizes U-Shaped Non-Slip Heel Caps, Black & Clear Heel Covers for Weddings, Lawns, Gravel, Wetlands, Parties & Daily Commute About this item Complete 5-Size 10-Pai","New","4.69","No",,"Yes","12","12","0","0","42","99.96","0","30","0","0","0","0","12","0","0","12",
"HXP0604120","X002KONQET","B0GYJDBXCZ","Coffee Spoon for Best Friend Birthday Gifts for Boyfriend Anniversary Present for Husbands for Men Friendship for Boys Graduation Gifts for Boy I Love You for Brother from Sister","New","4.69","No",,"Yes","10","8","0","2","30","99.96","0","20","0","0","0","0","8","0","0","8",
"HXP0604121","X002KOD1V7","B0GYJ7G2GD","RSYHVG Sequin Turban Hat for Women, Pre-Tied Headwrap Beanie Cap, Soft Elastic Muslim Head Cover for Chemo Hair Loss, Daily Wear & Special Occasions, Black","New","7.19","No",,"Yes","33","33","0","0","33","99.96","0","0","0","0","0","0","33","0","0","33",
"HXP0604122","X002KO99TZ","B0GYJ5PZ38","RSYHVG Hand Embroidered Corner Bookmark, 26 Letters Personalised Seasons Felt Triangle Bookmark, Ideal Gift for Book Lovers Readers Men Women Seniors About this item Premium Hand-Stitched Craftsmanshi","New","6.19","No",,"Yes","15","14","0","1","15","99.96","0","0","0","0","0","0","14","0","0","14",
"HXP0604123","X002KOD15D","B0GYJKDCRW","RSYHVG 2 Pcs Three Rings Scarf Buckles for Women, Elegant Silk Scarf Clasp Clips, Large Clothing Wrap Holder Triple Sliding Neckerchief Clamps Fashion Accessory, Silver & Golden About this item Durabl","New","5.56","No",,"Yes","15","14","0","1","15","99.96","0","0","0","0","0","0","14","0","0","14",
"HXP0604124","X002KOQ47P","B0GYJFKR74","120 Pcs Hair Extension Tape, Double Sided Extension Tabs Replacement for Hair Extensions","New","5.29","No",,"Yes","15","15","0","0","15","99.96","0","0","0","0","0","0","15","0","0","15",
"HXP0604126","X002KOODD7","B0GYJ5ZQYH","RSYHVG Retro Oval Gold Sunglasses for Women Men, Vintage 90s Small Round Sun Glasses with Metal Frame, UV400 Protection Brown Lenses","New","6.74","No",,"Yes","29","28","1","0","49","99.96","0","20","0","0","0","0","28","0","0","28",
"HXP0604127","X002KOQ4P7","B0GYJPLS5S","RSYHVG 10 Pairs Clear Adhesive Anti-Slip Eyeglass Nose Pads, Soft Silicone Nose Cushions for Glasses Sunglasses Spectacles","New","8.38","No",,"Yes","37","36","0","1","37","99.96","0","0","0","0","0","0","36","0","0","36",
"HXP0604128","X002KORGOZ","B0GYJKHXTS","RSYHVG 8 Pack Black Self Adhesive Mini Caster Wheels, 360° Swivel Universal Ball Castors, Sticky Pulley Rollers for Kitchen Appliance, Trash Can, Storage Box, Small Furniture & DIY Projects About this","New","8.49","No",,"Yes","9","7","0","2","39","266.78","0","30","0","0","0","0","7","0","0","7",
"HXP0604129","X002KO9DL9","B0GYJG7HDN","RSYHVG Short Square Press on Nails, White Glossy False Nails with Red Heart Pattern, 24Pcs Reusable Acrylic Stick on Nails with Nail Glue for Women Valentine's Day Daily Party Wear About this item Pre","New","4.99","No",,"Yes","8","6","0","2","8","105.86","0","0","0","0","0","0","6","0","0","6",
"HXP0604131","X002KOMMZ3","B0GYJJN792","RSYHVG 24Pcs Short Square False Nails, Pink French Tip Press on Nails with Glue, Full Cover Shimmery Acrylic Stick On Nails, Reusable Nail Art Accessories for Women Daily Wear & Special Occasions Abou","New","4.59","No",,"Yes","14","13","0","1","14","117.66","0","0","0","0","0","0","13","0","0","13",
"HXP0604132","X002KOPER1","B0GYJG6DYQ","RSYHVG Burgundy Short Square Press on Toenails, 12 Sizes Full Cover Glossy Acrylic False Toe Nails with Glue, Durable Reusable Artificial Stick on Nails for Women Nail Decoration About this item Timel","New","5.19","No",,"Yes","25","25","0","0","25","154.53","0","0","0","0","0","0","25","0","0","25",
"HXP0604133","X002KOMCIP","B0GYJKGSYR","RSYHVG 7 Hook Bra Extender, 4 Pack Bra Strap Extenders Extension Kit for Women, Compatible with Bustiers, Shapewear, Waist Cinchers, Plus Size","New","4.99","No",,"Yes","32","32","0","0","32","261.7","0","0","0","0","0","0","32","0","0","32",
"HXP0604134","X002KOPF6L","B0GYJT46QB","RSYHVG Mini Eyelash Curler 2 Pack, Stainless Steel Partial Lash Curler with Non-Slip Black Rubber Grip, Compact Precision Eyelash Curler for Natural Long-Lasting Curls, Safe Makeup Tool","New","6.13","No",,"Yes","21","21","0","0","51","99.96","0","30","0","0","0","0","21","0","0","21",
"HXP0604137","X002KOMRY9","B0GYJKTV5Z","RSYHVG 58mm Stainless Steel Blind Filter, Coffee Machine Backflush Insert Blanking Disc, Reusable Professional Cleaning Disc for Most Semi Automatic Coffee Machines About this item Thorough Group Head","New","6.89","No",,"Yes","9","9","0","0","29","99.96","0","20","0","0","0","0","9","0","0","9",
"HXP0604138","X002KOSC2F","B0GYJK7CFB","RSYHVG Y2K Retro Oval Sunglasses for Women, Black Vintage Frame UV400 Protection Sunglasses, Lightweight Comfortable Classic Style for Daily Fashion, Beach, Shopping & Outdoor Activities","New","5.84","No",,"Yes","0","0","0","0","69","99.96","0","69","0","0","0","0","0","0","0","0",
"HXP0604139","X002KOOY45","B0GYJP92M6","RSYHVG 36 Pcs Women Anti Slip Heel Liners, Adhesive Strap Cushion Inserts, Blister Prevention Shoe Pads Foot Protectors Stop Slipping for Ladies High Heels Sandals Flats","New","6.99","No",,"Yes","17","17","0","0","17","99.96","0","0","0","0","0","0","17","0","0","17",
"HXP060414","X002KMN7LX","B0GY8ZNV3M","RSYHVG 2 Pack Poultry Vegetable String Bags, Chicken Feeder Hanging Feeding Nets, Chicken Coop Accessories for Fruits Vegetables Treats, Suitable for Chickens Ducks Geese All Life Stages","New","6.19","No",,"Yes","14","14","0","0","14","99.96","0","0","0","0","0","0","14","0","0","14",
"HXP0604140","X002KOMSYN","B0GYJPBFXV","RSYHVG Blue Light Blocking Glasses, Clear Lens Anti Blue Ray Eyeglasses, Unisex Classic Computer Glasses for Men and Women, Reduce Eye Fatigue & Improve Sleep","New","4.99","No",,"Yes","2","0","0","2","72","99.96","0","70","0","0","0","0","0","0","0","0",
"HXP0604141","X002KOJTIV","B0GYJCDJR9","RSYHVG Fabric Swimming Cap, Unisex Stretch Swim Cap Comfortable Lightweight Swim Hat for Men and Women, Black One Size About this item Exceptional Elasticity & Universal Fit: Our swim cap features a h","New","5.53","No",,"Yes","8","7","0","1","38","99.96","0","30","0","0","0","0","7","0","0","7",
"HXP060415","X002KMS8BR","B0GY8N8RZV","RSYHVG Y2K Retro Oval Sunglasses for Women, Black Vintage Frame UV Protection Sunglasses, Lightweight Comfortable for Daily Fashion & Outdoor Activities","New","4.81","No",,"Yes","9","9","0","0","29","99.96","0","20","0","0","0","0","9","0","0","9",
"HXP060416","X002KMOVNV","B0GY8NK48Y","RSYHVG Blue Light Blocking Glasses for Women Men, Clear Frame Clear Lens Computer Gaming Eyewear, Anti Eyestrain UV400 Protection Anti Glare Lightweight TR90 Unisex Glasses for Screen Use","New","5.57","No",,"Yes","0","0","0","0","60","99.96","0","60","0","0","0","0","0","0","0","0",
"HXP060417","X002KML0K3","B0GY8FR3TP","RSYHVG 3 Pack Glasses Case, Felt Eyeglasses Pouch Case, Soft Slip in Pouch Holder Case Bag, Glasses Storage Case Makeup Pouch Spectacles Sleeve","New","4.19","No",,"Yes","6","6","0","0","6","786.09","0","0","0","0","0","0","6","0","0","6",
"HXP060418","X002KMNFA1","B0GY8LRGPF","RSYHVG Double Sided Foam Tape, 2 Rolls 10m x 10mm Black Sponge Mounting Tape, Waterproof Adhesive Tape for Car Trims, Number Plates, LED Strips, Home Decoration (Green Packaging) About this item Compl","New","6.29","No",,"Yes","9","8","0","1","9","99.96","0","0","0","0","0","0","8","0","0","8",
"HXP060419","X002KMSGH3","B0GY8PNRXD","Pack of 2 Rhinestone Eyeliner Gems, Rave Face Jewels Stickers, Holographic Glitter Crystal Decorations for Adults, Festival Halloween Makeup Costume Accessories","New","5.19","No",,"Yes","55","52","0","0","55","99.96","0","0","0","0","0","0","52","0","3","55",
"HXP060420","X002KMLG4N","B0GY8TR3B5","RSYHVG 24 PCS Red Plastic Car Tyre Valve Caps, Universal Tyre Stem Dust Covers with Rubber O-Ring Seal for Bike Bicycle SUV Motorbike Trucks","New","5.82","No",,"Yes","19","19","0","0","19","99.96","0","0","0","0","0","0","19","0","0","19",
"HXP060422","X002KMU8S3","B0GY8LMMST","RSYHVG 16-Piece Tap Repair Kit, Ceramic Disc Cartridges & Silicone Washers, Universal Fit Valve Replacement for Kitchen Bathroom Taps, Leak-Proof Plumbing Tools About this item COMPLETE 16-PIECE REPAI","New","6.09","No",,"Yes","30","29","1","0","50","99.96","0","20","0","0","0","0","29","0","0","29",
"HXP060425","X002KMLMKV","B0GY8S4S84","RSYHVG 2 Pack Luggage Connector Straps, Adjustable Add a Bag Suitcase Belt, Durable PU Leather Travel Luggage Straps for Business Trip, Hiking & Daily Use","New","4.89","No",,"Yes","11","11","0","0","31","99.96","0","20","0","0","0","0","11","0","0","11",
"HXP060427","X002KMQRZB","B0GY8QY4TB","RSYHVG Retro Y2K Rectangle Sunglasses for Women Men, UV400 Protection Vintage Classic Black Sunglasses, Lightweight Shatter-Resistant Lenses for Daily Wear Travel Street Photography","New","6.29","No",,"Yes","16","15","0","0","16","99.96","0","0","0","1","0","0","15","0","0","15",
"HXP060428","X002KMRNRR","B0GY8S1VXN","RSYHVG 144 Pcs 25mm Red Heart Stickers, Self-Adhesive Love Heart Sticky Labels for Envelope Sealing, Greeting Cards, Wedding Invitations, Gift Wrapping & Scrapbooking Crafts","New","5.69","No",,"Yes","12","12","0","0","12","99.96","0","0","0","0","0","0","12","0","0","12",
"HXP060429","X002KMTC7V","B0GY8SPRYF","RSYHVG Blue Light Blocking Glasses, Semi Rimless Classic Retro Square Metal Frame Anti Eye Strain Eyewear for Women Men, Gaming Computer Glasses with UV400 Protection","New","4.99","No",,"Yes","8","8","0","0","8","99.96","0","0","0","0","0","0","8","0","0","8",
"HXP060430","X002KMTCO9","B0GY8RX5KY","RSYHVG 16Pcs Waist Cincher Clips, Non-Sew Waistband Adjuster, Pant Waist Tightener & Hijab Pins for Jeans, Trousers, Skirts, Dresses, Shawls (Black/Silver/Gold/Rose Gold)","New","5.69","No",,"Yes","8","7","0","1","38","99.96","0","30","0","0","0","0","7","0","0","7",
"HXP060431","X002KMTFVT","B0GY8P95T1","RSYHVG 2 Pack Mini Partial Eyelash Curlers, Stainless Steel Compact Lash Curler with Black Non-Slip Rubber Grip for Precise Curling, Safe Daily Makeup & Travel Use","New","6.27","No",,"Yes","46","45","1","0","46","99.96","0","0","0","0","0","0","45","0","0","45",
"HXP060432","X002KMWOUN","B0GY8V9V1F","RSYHVG 3 Pack Medium Rhinestone Hair Claw Clips, Strong Hold Non-Slip Sparkling Jaw Clips, Acrylic Hair Accessories for Thick Thin Hair - Black, White & Tortoiseshell","New","6.09","No",,"Yes","25","24","0","1","25","99.96","0","0","0","0","0","0","24","0","0","24",
"HXP060433","X002KMTGOF","B0GY91BPJB","RSYHVG 2 Pack Blue Light Blocking Glasses, Clear Resin Lens Lightweight PC Frame, Unisex Classic Anti-Slip Eyewear for Digital Screen Use About this item ANTI-SLIP ERGONOMIC FIT: Features a contoured","New","6.19","No",,"Yes","15","15","0","0","15","99.96","0","0","0","0","0","0","15","0","0","15",
"HXP060434","X002KMVVGL","B0GY93MRQR","RSYHVG 20 Pairs (40 Pcs) Clear Silicone Nose Pads for Glasses, Anti-Slip Push-in Replacement Nose Pads, Soft Comfortable Lightweight Eyeglass Nose Pads for Spectacles Sungla","New","3.86","No",,"Yes","14","14","0","0","14","99.96","0","0","0","0","0","0","14","0","0","14",
"HXP060435","X002KMR7Y1","B0GY93VP3Z","RSYHVG 20mm x 10m White Melamine Self-Adhesive Edge Banding Tape, No Ironing Pre-Glued Worktop Edging Strip for Furniture Restoration Cabinets Shelves DIY Wood Panels Trim","New","5.79","No",,"Yes","12","11","0","1","12","99.96","0","0","0","0","0","0","11","0","0","11",
"HXP060436","X002KNCF4H","B0GYCCB1XP","RSYHVG 3-Pack Adjustable Anti-Slip Glasses Strap, Sport Eyewear Retainer Neck Cord for Men & Women, Fits Glasses Sunglasses Safety Glasses, Black Blue Red","New","6.19","No",,"Yes","8","8","0","0","38","99.96","0","30","0","0","0","0","8","0","0","8",
"HXP060437","X002KNCITJ","B0GYC7RGWF","RSYHVG 2 Pack Black Canvas Sew-in Side Pockets with Zipper, Hidden Storage Pockets for Jackets Sweatshirts Travel Accessories, 18.8x12.5x0.3cm (7.4x4.9x0.12inch)","New","8.39","No",,"Yes","9","9","0","0","9","99.96","0","0","0","0","0","0","9","0","0","9",
"HXP060438","X002KNFPIP","B0GYC7D1MK","RSYHVG Crystal Beaded Eyeglasses Chain for Women, Glasses Holder Around Neck, Sunglasses Strap Holder for Daily Wear, Work, Travel & Sports","New","9.29","No",,"Yes","11","11","0","0","51","99.96","0","40","0","0","0","0","11","0","0","11",
"HXP060439","X002KNDGEP","B0GYCCTPMQ","RSYHVG Universal Car Handbrake Cover, Premium ABS Handbrake Grips Protector Decorative Cap, Comfortable Non-Slip Interior Trim Compatible with Most Cars, Sedans, SUVs (Black) About this item Universal","New","6.09","No",,"Yes","13","12","0","1","13","99.96","0","0","0","0","0","0","12","0","0","12",
"HXP060440","X002KNA0HV","B0GYCHM9WK","Funny Coffee Spoon Gift for Friend Besties Chrsitmas Gifts for Women Men Cofee Lover Gifts for Husband Wife Birthday Gift for Girlfriend for Bf Gf Spoons","New","6.19","No",,"Yes","15","14","0","1","15","99.96","0","0","0","0","0","0","14","0","0","14",
"HXP060441","X002KN9YLJ","B0GYCLZ6RS","RSYHVG Cross Stitch Gifts Canvas Makeup Bag, Double-Sided Printed Sewing Cosmetic Pouch, Quilter Sewing Lover Gifts for Women Mum Grandma Sister Birthday Christmas Travel Organizer Bag","New","6.99","No",,"Yes","7","7","0","0","27","99.96","0","20","0","0","0","0","7","0","0","7",
"HXP060442","X002KNF53F","B0GYCNQP67","RSYHVG 2-Pack Silver-Tone Dart Wrench Tool Kit, Multi-Purpose Dart Maintenance Tools for Aluminium Shafts & Dart Tips, Precision Tighten/Loosen for Professional Dart Repair","New","6.01","No",,"Yes","15","14","0","1","15","99.96","0","0","0","0","0","0","14","0","0","14",
"HXP060443","X002KNF5RB","B0GYCCYF8F","RSYHVG 2 Pack Stainless Steel Kitchen Sink Strainers, Anti-Clogging Sink Strainer Baskets with Ergonomic Lift-Up Handle, Drain Covers for Kitchen/Bathroom Sinks, Outer Dia 11cm","New","6.19","No",,"Yes","15","14","0","1","15","99.96","0","0","0","0","0","0","14","0","0","14",
"HXP060445","X002KNDKYV","B0GYCPDQQF","RSYHVG 4-Piece Silicone Stretch Lid Set, Universal 9cm Food Covers for Containers, Tins & Yogurt Pots, Thickened Reusable, Dishwasher & Freezer Safe","New","7.19","No",,"Yes","38","36","0","2","38","99.96","0","0","0","0","0","0","36","0","0","36",
"HXP060446","X002KNGH8R","B0GYCRT1RW","RSYHVG 2 Pack Metal Phone Tether Tabs, 360° Rotatable Phone Lanyard Patch, Universal Rectangle Cellphone Strap Tab for Most Full Coverage Cases, Compatible with Wrist Crossbody Straps Keychains, Black","New","5.89","No",,"Yes","3","3","0","0","43","99.96","0","40","0","0","0","0","3","0","0","3",
"HXP060447","X002KNGURZ","B0GYCLC66B","RSYHVG 500PCS 2.5cm Gold Star Stickers, Self-Adhesive Shiny Star Stickers for Reward Charts, Crafts, Decorations & Office Incentives","New","4.67","No",,"Yes","7","7","0","0","7","99.96","0","0","0","0","0","0","7","0","0","7",
"HXP060448","X002KNFVJD","B0GYCP7GY5","RSYHVG Moroccan Exfoliating Kessa Glove - Premium Hammam Scrub Mitt, Authentic Made in Morocco for Deep Skin Cleansing, Dead Skin & Fake Tan Removal, Ingrown Hair Prevention, Enhances Skin Softness (1","New","5.39","No",,"Yes","13","11","0","1","33","99.96","0","20","0","1","0","0","11","0","0","11",
"HXP060449","X002KN6NXL","B0GYCK1832","RSYHVG 2 PCS Brass Tyre Air Chucks, 8mm Leak-Proof Clamp Connector Tyre Inflator Adaptor with Clip, Heavy-Duty Air Chuck Adapter for Bike, Motorcycle, Car, Truck","New","7.09","No",,"Yes","13","13","0","0","13","99.96","0","0","0","0","0","0","13","0","0","13",
"HXP060451","X002KNMFIN","B0GYCN9Q3R","RSYHVG 12 Speed Bicycle Chain Quick Links, 4 Pack Durable Bike Chain Connectors, Easy Installation & Removal, Compact Lightweight Cycling Maintenance Accessories for Road Mountain Commuter Bikes","New","6.19","No",,"Yes","15","15","0","0","15","99.96","0","0","0","0","0","0","15","0","0","15",
"HXP060452","X002KNJKDB","B0GYCKT986","RSYHVG Cute Bow Bookmarks for Women Girls, Pink Heart Charm Silver Metal Page Markers, Book Lover Gifts for Birthday Christmas, Stocking Stuffer for Teens Best Friend Girlfriend Wife","New","5.53","No",,"Yes","15","15","0","0","15","99.96","0","0","0","0","0","0","15","0","0","15",
"HXP060453","X002KNDS93","B0GYCQCF7G","RSYHVG 24Pcs Medium Square Press On Nails, Red Heart French Tip False Nails with Nude Pink Base, Glossy Rhinestones Stick On Nails with Glue, Valentine's Day Nail Art Accessories for Women","New","5.13","No",,"Yes","14","12","0","1","14","99.96","0","0","0","1","0","0","12","0","0","12",
"HXP060454","X002KNA2NN","B0GYCVGCJM","RSYHVG 24PCS Medium Almond Press On Nails, French Tip False Nails with White Edge Red Heart Design, Glossy Full Cover Stick On Nails with Glue for Women DIY Nail Art Valentine's Day","New","4.59","No",,"Yes","14","11","0","3","14","99.96","0","0","0","0","0","0","11","0","0","11",
"HXP060455","X002KNKYRR","B0GYCFDRRP","RSYHVG 24Pcs Medium Square Press On Nails, Red Heart Design Glossy Acrylic False Nails, Full Cover Removable Stick On Nails with Glue, Reusable Nail Art Accessories for Women","New","4.39","No",,"Yes","13","12","0","1","13","114.71","0","0","0","0","0","0","12","0","0","12",
"HXP060456","X002KNF1QL","B0GYCHL598","RSYHVG 2 in 1 Sleep Eye Mask & Ear Muffs - Noise Reduction, Blackout, Adjustable Winter Warmer Headband for Sleeping, Travel & Outdoor Activities (Black)","New","5.99","No",,"Yes","24","23","1","0","24","99.96","0","0","0","0","0","0","23","0","0","23",
"HXP060457","X002KNG62T","B0GYCNJP7P","RSYHVG Women's Small Coin Pouch, Mini PU Leather Change Wallet with Zipper Pocket and Keychain, Pink Compact Portable Purse for Daily Use Shopping Travel","New","5.69","No",,"Yes","9","9","0","0","39","99.96","0","30","0","0","0","0","9","0","0","9",
"HXP060458","X002KNFCUL","B0GYCWPCMQ","RSYHVG 10Pcs Double Sided Sticky Pads, 6cm x 6cm Transparent Heavy Duty Mounting Tape, Washable Removable Clear Strong Adhesive Nano Tape for Wall Hanging, Decor Fixes, DIY Crafts","New","6.39","No",,"Yes","11","9","0","1","41","99.96","0","30","0","1","0","0","9","0","0","9",
"HXP060459","X002KNJK0J","B0GYCWN36R","RSYHVG 24 Pcs Black Almond Press On Nails, Medium Length Gold Foil Glitter False Nails with Black Gold Line Design, Glossy Full Cover Acrylic Artificial Nails for Women Manicure Decoration","New","3.95","No",,"Yes","15","15","0","0","15","99.96","0","0","0","0","0","0","15","0","0","15",
"HXP060460","X002KNJMC5","B0GYCM87F6","RSYHVG Velvet Brown Cat-Eye Magnetic Press On Nails, Medium Almond Shape, Glossy Glitter Handmade Acrylic Fake Nails with French Tip, Fall Winter Dark Glam False Nails for Women, 24 Pack","New","5.29","No",,"Yes","14","13","0","1","14","99.96","0","0","0","0","0","0","13","0","0","13",
"HXP060462","X002KNLR5Z","B0GYDFZW2S","RSYHVG 2PCS 11CM Extra Large French Barrette Hair Clips, Strong Hold Black Hair Slides for Thick Hair, Durable Non-Slip Hair Accessories for Women, Suitable for All Hair Types About this item 11CM Ext","New","8.99","No",,"Yes","44","29","0","2","114","99.96","0","70","0","0","0","0","29","0","13","42",
"HXP060463","X002KNPT9P","B0GYD787Q9","RSYHVG Varifocal Reading Glasses, Progressive Multifocal Anti Blue Light UV400 Protection, No Line Trifocal Readers with Spring Hinge, Lightweight Black Unisex Eyeglasses for Presbyopia Adults","New","3.69","No",,"Yes","35","31","0","4","35","99.96","0","0","0","0","0","0","31","0","0","31",
"HXP060464","X002KNPVM5","B0GYDFK38V","RSYHVG Women's Sequin Fancy Dress Headband Glitter Sparkle Elastic Hair Band for Party Cosplay Costume Stage Performance Holiday Accessories, 38 x 3cm About this item Universal Adult Fit: Designed for","New","4.39","No",,"Yes","15","14","0","1","15","99.96","0","0","0","0","0","0","14","0","0","14",
"HXP060465","X002KNO78T","B0GYDBQNLX","RSYHVG 2 Pcs Adjustable Black Luggage Straps for Suitcases, Durable Bungee Belts for Attaching Extra Bags, Travel Essentials Bag Strap Accessories for Business & Family Trips","New","5.60","No",,"Yes","9","9","0","0","9","516.03","0","0","0","0","0","0","9","0","0","9",
"HXP060466","X002KNPPCV","B0GYDM8GPL","RSYHVG Universal Polypropylene Shoulder Strap Replacement, 2.5cm Wide Adjustable Bag Strap for Laptop Bag, Backpack, Crossbody, Handbag, Light Blue About this item Premium Wear-Resistant Material: Cra","New","5.44","No",,"Yes","7","7","0","0","7","99.96","0","0","0","0","0","0","7","0","0","7",
"HXP060467","X002KNPQO3","B0GYDN56TN","RSYHVG Cat Eye Press On Nails Short Chrome Black Sapphire Glitter Square Fake Nails 24Pcs","New","4.79","No",,"Yes","10","10","0","0","10","99.96","0","0","0","0","0","0","10","0","0","10",
"HXP060468","X002KNT1C1","B0GYDLWHBD","RSYHVG 6 Pack Silver Toggle Catch Locks, 25x38mm Iron Hasp Latches, Decorative Box Clasps for Toolboxes, Drawers, Cabinets, Wooden Boxes, Gift Boxes, Suitcases & Instrument Cases","New","6.39","No",,"Yes","13","13","0","0","43","99.96","0","30","0","0","0","0","13","0","0","13",
"HXP060469","X002KNJ8N3","B0GYDM5VK4","RSYHVG 4Pcs Silver Glitter Heart Rhinestone Patches, 6.5CM Self-Adhesive Resin Diamante Stickers, No Sewing No Ironing Sparkle Appliqués for DIY Craft Clothing Bags Shoes Home Decoration","New","7.89","No",,"Yes","1","1","0","0","31","99.96","0","30","0","0","0","0","1","0","0","1",
"HXP060470","X002KNT1AX","B0GYDN3M8V","RSYHVG Blue Light Blocking Glasses, Oval Small Cat Eye Frame, Clear Anti-Glare Lenses, Unisex Y2K Style Eyewear for Computer Gaming Reading, Reduce Eye Strain & Improve Sleep Quality","New","5.21","No",,"Yes","13","13","0","0","13","99.96","0","0","0","0","0","0","13","0","0","13",
"HXP060471","X002KNJD3N","B0GYDDZH62","Funny Cable Storage Bag for Tech Accessories Plugs Charging Cables Organiser Pouch for Women Men Funny Tech Gifts for Best Friend Canvas Electronics Storage Pouch for Travel Home","New","6.79","No",,"Yes","10","9","0","1","10","237.28","0","0","0","0","0","0","9","0","0","9",
"HXP060472","X002KMJQHR","B0GY845RPK","RSYHVG 2Pcs 3D Printer Spatula Tool, 3 Inch Plastic Filler Scraper, Putty Knife for Photosensitive Resin Removal, Hot Bed Cleaning Shovel Accessory","New","6.19","No",,"Yes","15","14","0","1","15","99.96","0","0","0","0","0","0","14","0","0","14",
"HXP060473","X002KMNTM5","B0GY7WWXNJ","RSYHVG 1 Pair Black and White Striped Arm Warmers, Fingerless Arm Sleeves with Thumb Hole, Punk Goth Long Gloves, Unisex Costume Accessories for Women Men","New","5.39","No",,"Yes","32","29","0","2","32","99.96","0","0","0","0","0","0","29","0","1","30",
"HXP060474","X002KMMI0T","B0GY868TGT","RSYHVG 5 Pcs Heart Cookie Cutter Set, Food-Safe Stainless Steel Biscuit Cutters, Reusable Heart Shaped Moulds with Sharp Edges, for Baking Cookies Scones Cake Decorations & Craft Projects","New","5.69","No",,"Yes","13","13","0","0","13","99.96","0","0","0","0","0","0","13","0","0","13",
"HXP060476","X002KMO1XB","B0GY88GCJL","RSYHVG 24 Pcs Burgundy Extra Short Press On Nails, Glossy Round Jelly Gel Reusable Artificial False Nails Kit with 24 Adhesive Tabs, Nail File & Wooden Stick for Women Manicure","New","4.79","No",,"Yes","13","13","0","0","13","99.96","0","0","0","0","0","0","13","0","0","13",
"HXP060477","X002KMDKWT","B0GY85CRZR","RSYHVG Diamanté Hair Clip, Silver Bridal Hair Accessory for Women, Sparkling Crystal Flower Hair Pin for Wedding, Prom, Parties & Daily Wear","New","4.79","No",,"Yes","49","46","0","0","49","99.96","0","0","0","0","0","0","46","0","3","49",
"HXP060479","X002KMQG9N","B0GY886YBG","RSYHVG TR90 Blue Light Blocking Distance Glasses for Light Myopia, Ultra Lightweight Anti-Blue Ray Myopia Glasses with Scratch-Resistant Lenses, Unisex Classic Black Design, Model 872 About this item","New","6.29","No",,"Yes","27","25","0","2","47","99.96","0","20","0","0","0","0","25","0","0","25",
"HXP060481","X002KMR9T9","B0GY8MQRKB","RSYHVG 4 Pairs White Cotton Gloves, Washable Stretchable Cotton Gloves for Dry Hands Moisturising, Soft Breathable Inspection Gloves for Jewellery, Coins, Archival Handling & Formal Occasions About th","New","6.19","No",,"Yes","44","42","0","2","44","99.96","0","0","0","0","0","0","42","0","0","42",
"HXP060482","X002KMS5ZV","B0GY8LCV3Z","RSYHVG Gold Oval Stainless Steel Tray, Premium Mirror Finish Trinket Serving Tray, Multi-Purpose Organiser Plate for Jewellery, Cosmetics, Towels, Tea & Fruit, Ideal for Bedroom, Kitchen, Bathroom & L","New","8.59","No",,"Yes","39","38","0","1","39","99.96","0","0","0","0","0","0","38","0","0","38",
"HXP060483","X002KML0XZ","B0GY888NJV","RSYHVG 5 Pairs Clear Silicone Nose Pads, Universal Square Rectangle Push-Slide Replacement Nosepads, Comfort Anti-Slip Eyeglass Nose Pieces for Most Eyeglasses & Sunglasses, No Screws Needed","New","4.29","No",,"Yes","9","9","0","0","9","99.96","0","0","0","0","0","0","9","0","0","9",
"HXP060484","X002KMUDQP","B0GY8KJJ6N","RSYHVG 2Pcs Black Metal Bifold Money Clip Bars, Wallet Replacement Spring Clamps, Durable Cash & Card Holders for Wallet Repair & DIY Projects","New","5.39","No",,"Yes","11","8","0","2","11","99.96","0","0","0","0","0","0","8","0","1","9",
"HXP060486","X002KMOIFR","B0GY8M58Q5","RSYHVG 3Pcs Banana Hair Clips for Thick Curly Hair, Black Brown White Tortoise Vintage Clincher Combs, Non-Slip Fish Grip Slides, 80s Retro Hair Accessories for Women Girls All Hair Types","New","6.29","No",,"Yes","17","16","0","0","67","999.94","0","50","0","0","0","0","16","0","1","17",
"HXP060487","X002KMQOJZ","B0GY8V8L9G","RSYHVG Double-Sided Printed Makeup Bag, Waterproof Linen Zipper Toiletry Bag, Portable Cosmetic Organizer for Travel & Daily Use, Practical Gift for Women","New","4.31","No",,"Yes","14","14","0","0","14","999.94","0","0","0","0","0","0","14","0","0","14",
"HXP060488","X002KMTAQ9","B0GY8SF8Q1","RSYHVG Women's Skinny PU Leather Belt, White Thin Waist Belt with Metal Buckle, Adjustable 105cm Length for Waist 70-95cm, Versatile for Dresses Jeans Trousers Shirts Suits Coats","New","5.46","No",,"Yes","26","26","0","0","66","428.19","0","40","0","0","0","0","26","0","0","26",
"HXP060489","X002KMXFRT","B0GY8Z7Y3Z","RSYHVG 4 Pack F Male to TV Female Aerial Socket Coax Adapters, 75 Ohm Nickel Plated RF Connectors for Satellite Cables, 9.5TV Female to F Type Plug Converter for TV, Set-Top Box, Satellite Receiver","New","5.90","No",,"Yes","7","6","0","0","37","28.51","0","30","0","1","0","0","6","0","0","6",
"HXP060490","X002KMUOHD","B0GY8PG6XY","RSYHVG 5 Pack Invisible Zips 17.72 Inch (45cm) Cream, #3 Closed End Concealed Dress Zips with Woven Tape, Y-Connection Hidden Zips for Sewing, Dressmaking, Skirts, Blouses and Cushion Covers","New","6.55","No",,"Yes","68","60","0","0","68","99.96","0","0","0","0","0","0","60","0","8","68",
"HXP060491","X002KMX74F","B0GY96WP8Z","RSYHVG PU Leather Purse Strap Replacement, Adjustable Shoulder Crossbody Strap with Gold Hardware, 120cm Length 1.2cm Width, Durable Soft Bag Strap for Crossbody and Shoulder Bags, Dark Brown","New","4.79","No",,"Yes","6","6","0","0","46","351.5","0","40","0","0","0","0","6","0","0","6",
"HXP060492","X002KMYKJ1","B0GY8WZDV3","RSYHVG No Tie Elastic Shoe Laces for Trainers, Premium Weave with Snap Lock Buckle, Black White No Tie Shoelaces for Adults Kids Seniors, Size L","New","7.06","No",,"Yes","15","15","0","0","15","99.96","0","0","0","0","0","0","15","0","0","15",
"HXP060493","X002KMTYKB","B0GY91VVVC","RSYHVG 2 Pack Kitchen Sink Strainers with Handle, 11cm Anti-Clogging Sink Plug Strainer, Food Catcher & Shower Hair Catcher for Kitchen Bathroom Laundry Drains","New","7.49","No",,"Yes","11","10","0","1","11","99.96","0","0","0","0","0","0","10","0","0","10",
"HXP060494","X002KMXTWZ","B0GY8ZMHQY","RSYHVG Long Tail Satin Bow Hair Clips, Large Ribbon Bowknot Barrettes Elegant Ponytail Holder for Women, Daily Party Wedding Prom Cosplay Hair Accessories (Blue) About this item Premium Satin Fabric &","New","5.86","No",,"Yes","12","10","1","1","12","287.43","0","0","0","0","0","0","10","0","0","10",
"HXP060495","X002KNCI53","B0GYC5TSFQ","RSYHVG Retro Oval Sunglasses Womens Mens - Round Vintage Metal Frame UV400 Protection","New","6.96","No",,"Yes","31","29","0","2","31","99.96","0","0","0","0","0","0","29","0","0","29",
"HXP060496","X002KNCENT","B0GYBXRF7W","RSYHVG Pink Dart Case, Multi-Functional EVA Darts Carrying Storage Bag with Mesh Pockets, Portable Dart Holder Organiser for Darts, Tips, Flights, Shafts and Dart Accessories","New","9.29","No",,"Yes","30","29","0","1","30","99.96","0","0","0","0","0","0","29","0","0","29",
"HXP060497","X002KNFP3Z","B0GYBTY8Y8","RSYHVG 8 PCS Anti-Slip Invisible Sling Back Heel Grips for Ladies, Clear Silicone Adhesive Heel Pads for Sandals High Heels, Trimmed Sole Pads for Blister Prevention & Secure All-Day Fit","New","6.59","No",,"Yes","26","26","0","0","26","99.96","0","0","0","0","0","0","26","0","0","26",
"HXP060498","X002KN6I1X","B0GYC3ZCQL","RSYHVG 24Pcs Pink Press on Nails - Medium Almond with Peach Blossom, 3D Rhinestones, Pearl, Gold Glitter & Cat Design, Artificial Acrylic Stick on Nails for Women","New","4.49","No",,"Yes","13","13","0","0","13","99.96","0","0","0","0","0","0","13","0","0","13",
"HXP060499","X002KN6JVR","B0GYCHZ4F5","RSYHVG Women's Fingerless Gloves Printed Elbow Length Knitted Arm Warmers Bright Green Black One Size","New","6.29","No",,"Yes","9","9","0","0","29","99.96","0","20","0","0","0","0","9","0","0","9",
"HXP251103","X002GD6UZ1","B0D91VL8VT","JYTDBCS 3Pcs Charcoal Pencils For Drawing Perfect For Beginners, Professionals And Artists","New","4.79","No",,"Yes","1","0","0","0","1",,"0","0","0","1","0","0","0","0","0","0",
"HXP251104","X002GFI0V1","B0DPZ1TP45","RSYHVG Magnetic Curtain Tiebacks, No Drill Wall Fixing, Polyester Rope, Strong Magnets, Grey, Pack of 2","New","6.99","No",,"Yes","10","10","0","0","10","791.99","0","0","0","0","0","0","10","0","0","10",
"HXP251105","X002GFJFAV","B0G398VF66","Professional Hair Thinning Razor, Stainless Steel Hair Texturizer Trimmer, Ergonomic HandleCutting Styling Tool for Salon Home Personal Hairdressing Use, Black","New","4.89","No",,"Yes","2","0","0","2","2","99.96","0","0","0","0","0","0","0","0","0","0",
"HXP251106","X002GF7BP7","B0CTJMKVPD","JYTDBCS 5Pcs Black Ballpoint Refills, Compatible With Cross Pens, Standard Medium Point Metal Replacements Suitable for Most Ball Points - Easy to Install","New","5.29","No",,"Yes","0","0","0","0","0","24.25","0","0","0","0","0","0","0","0","0","0",
"HXP251110","X002GJB6EZ","B0G43SR4WQ","RSYHVG 3 Snooker Chalks for Billiard Cues – Suitable for Snooker Cues or Billiard Cue Chalk, Billiard Table Accessories","New","5.89","No",,"Yes","18","18","0","0","18","99.96","0","0","0","0","0","0","18","0","0","18",
"HXP251203","X002GWWOBL","B0G6CR7HYK","All-in-One Golf Multi Tool, Portable Golf Divot Repair Tool with Magnetic Ball Marker, Keyring Design Multi-Function Golf Accessory for Golf Course Daily Use","New","6.69","No",,"Yes","18","18","0","0","18","99.96","0","0","0","0","0","0","18","0","0","18",
"HXP251206","X002GWH5JH","B0G6CZJB9K","3Pcs Pencil Erasers with Brush Sketch Precision Eraser Pencils Wooden Highlight Drawing Erasers Wooden Rubber Pencil for Erasing Details in Charcoal Drawings Sketching Drawing Detail Revise","New","5.99","No",,"Yes","6","6","0","0","6","285.13","0","0","0","0","0","0","6","0","0","6",
"HXP251208","X002HAVHHT","B0GCYT51R3","12 Pack Light Grey Taupe Faux Horn Buttons, 18mm 28L Round Flat 4 Hole Sew On Plastic Buttons, Rim Edge Replacement Fasteners for Coats, Shorts, Sewing Craft Haberdashery Projects","New","5.19","No",,"Yes","25","24","0","1","25","99.96","0","0","0","0","0","0","24","0","0","24",
"HXP251209","X002HACW8R","B0GCYWNR1D","6 Pack Mixed Brown Faux Horn Buttons, 20mm 32L Round Flat 4 Hole Sew On Plastic Buttons with Rim Edge, Replacement Fasteners for Coats, Jackets, Cardigans, Sewing Craft Haberdashery Projects","New","4.29","No",,"Yes","33","33","0","0","33","99.96","0","0","0","0","0","0","33","0","0","33",
"HXP251210","X002HAZDZL","B0GCYZZ7JM","10 Pack Round Resin Sewing Buttons, Flatback 4 Hole Concave Retro Decorative Buttons, Durable Wear Resistant Fasteners for Coats Shirts Jeans Windbreakers, Arts Crafts DIY Haberdashery Accessories","New","5.09","No",,"Yes","19","19","0","0","19","99.96","0","0","0","0","0","0","19","0","0","19",
"HXP251211","X002HAGJZT","B0GCZ92ZSS","Pack of 12 Black 11mm Round Sew On Plastic Buttons for Shirts Blouses Pearlescent Flat 4 Holes 18L","New","3.99","No",,"Yes","15","15","0","0","75","99.96","0","60","0","0","0","0","15","0","0","15",
"HXP251212","X002HAGK9J","B0GCZ83GDJ","2PCS Rhinestone Pearl Flower Button Covers, Elegant Button Covers Clip on and Self Cover Buttons, Decorative Buttons for Cardigans, Stylish Womens Clothing Accessories for Shirt Dress","New","4.49","No",,"Yes","10","10","0","0","10","22.78","0","0","0","0","0","0","10","0","0","10",
"HXP251213","X002HAVDWX","B0GCYW78SF","RSYHVG Retro 70s Sunglasses Womens Mens - Pilot Square Tinted Lens Oversized Vintage Ladies Sun Glasses Trendy Shades for UV400 Protection","New","7.45","No",,"Yes","9","9","0","0","9","99.96","0","0","0","0","0","0","9","0","0","9",
"HXP251214","X002HAWR1T","B0GD18NQF1","6 Pack Spring Cable Holder Clips, No Residue Self Adhesive Cord Organiser, 360° Rotation Desk Wall Car Cable Tidy, Fits 2.5–8mm USB HDMI Charging Wire Keeper for Home Office Workspace","New","5.89","No",,"Yes","10","9","0","1","10","99.96","0","0","0","0","0","0","9","0","0","9",
"HXP251215","X002HAR4D5","B0GD12Q4B4","RSYHVG 70s Retro Double Bridge - Pilot Sunglasses for Women Men - Classic Hexagonal Sunglasses Square Eyewear Driving","New","7.49","No",,"Yes","14","14","0","0","14","99.96","0","0","0","0","0","0","14","0","0","14",
"HXP251216","X002HB11BF","B0GCZPKP6J","8 Pcs Headbands for Women's Hair, Fashion Hair Bands for Women Men Soft Ladies Headband Elastic Head Bands Yoga Gym Hair Accessories Multicoloured","New","5.59","No",,"Yes","28","28","0","0","28","99.96","0","0","0","0","0","0","28","0","0","28",
"HXP251217","X002HAWUQ1","B0GCZNNFGZ","RSYHVG Soft Leather Glasses Case, Slim Sunglasses Case, Portable Glasses Pouch, Cover, Travel Lightweight, For Women And Men, Holiday Vacation, 7.9 X 2.76 Inches, Gray","New","4.79","No",,"Yes","38","36","0","2","38","99.96","0","0","0","0","0","0","36","0","0","36",
"HXP251220","X002HAQ6TD","B0GCZPLKFG","12 Pack Hair Crocodile Clips, Non Slip Alligator Sectioning Hairdressing Clips, Premium PP Spring Styling Clips in Pink & Light Purple, Professional Salon Home Hair Accessories for All Hair Types","New","5.69","No",,"Yes","9","9","0","0","9","1153.65","0","0","0","0","0","0","9","0","0","9",
"HXP251221","X002HAQ8W3","B0GD1416P1","RSYHVG Women's Leather Belt For Jeans Dresses Adjustable Vintage Waist Belts For Women Fashion Leather Belt Classic Ladies Belts With Single Prong Buckle","New","5.29","No",,"Yes","21","20","0","1","21","99.96","0","0","0","0","0","0","20","0","0","20",
"HXP251223","X002HB2I2L","B0GCZTBNGR","Shower Caps For Women Reusable Waterproof，Pattern And Solid Color Dual-Layer Design For Dual-Layer Usable，Protects Hair In Shower, Spa, Cooking, Clean & Travel (Pink, One Size)","New","7.17","No",,"Yes","29","29","0","0","29","99.96","0","0","0","0","0","0","29","0","0","29",
"HXP251225","X002HB2RPT","B0GCZXGC5S","Shower Caps for Women Reusable Waterproof, Double Layer Shower Caps for Women, Green Showers Bonnet with Soft Elastic Band for All Hair","New","4.59","No",,"Yes","36","36","0","0","36","99.96","0","0","0","0","0","0","36","0","0","36",
"HXP251226","X002HB5EP9","B0GD1CDP77","RSYHVG Polarised Night Driving Glasses, UV400 Anti Glare TAC Yellow Lens, Anti‑Reflective Headlight Reduction Sport Eyewear for Men Women Driving Cycling Fishing Outdoor Use","New","6.74","No",,"Yes","1","1","0","0","1","99.96","0","0","0","0","0","0","1","0","0","1",
"HXP251228","X002HB454P","B0GD19NPSB","2 Pack 80mm Kitchen Sink Plug Strainer, Stainless Steel Sink Plug Replacement, Reusable Thicken Sink Strainer for Kitchen Sinks, Anti-Clog Sink for Food/Hair Catcher - Prevent Clogsa, Bad Smells","New","5.57","No",,"Yes","33","32","0","1","33","99.96","0","0","0","0","0","0","32","0","0","32",
"HXP251229","X002HB71HD","B0GD179HCM","2-Piece Set Foundation Brush Angled Dense and Precision Concealer Brush – Makeup Brushes For Liquid, Cream & Powder Foundation - Dense Bristles, Ergonomic Cylindrical Handle","New","4.24","No",,"Yes","13","13","0","0","43","99.96","0","30","0","0","0","0","13","0","0","13",
"HXP251230","X002HAX92Z","B0GCZXB8KY","8 Pack I Love You Drive Safe Car Stickers, Waterproof PVC Rear View Mirror Decals, Removable No Residue Safety Reminder Decor for Car Mirror Door Sill Garage Door","New","4.29","No",,"Yes","13","13","0","0","13","99.96","0","0","0","0","0","0","13","0","0","13",
"HXP251231","X002HB5JKJ","B0GD12C4R6","2Pcs Velvet Bow Hair Clips, Large Satin Long Ribbon Barrettes, Non-Slip Spring Hairpins Elegant Hair Accessories for Women Daily Party Wedding Special Occasions","New","5.39","No",,"Yes","22","22","0","0","22","99.96","0","0","0","0","0","0","22","0","0","22",
"HXP251232","X002HB793J","B0GCZZSRVG","Burgundy Large Bow Hair Clip, French Style Satin Long Tail Barrette, Brocade Metal Elegant Ponytail Holder Retro Hair Accessories for All Hair Types Adult Women","New","5.22","No",,"Yes","48","47","0","1","48","99.96","0","0","0","0","0","0","47","0","0","47",
"HXP251233","X002HB6K2Z","B0GD1B2QWG","Blue Hair Bow - Oversized Bow Hair Clip for Women, Long Tail Ribbons with Metal Spring Clip, Decorative Barrettes Hair Accessory for Girls Ponytail Holder","New","4.49","No",,"Yes","35","25","0","0","55","99.96","0","20","0","0","0","0","25","0","10","35",
"HXP251234","X002HBK2KL","B0GD5CSX3V","Purple Hair Bow - Large Bowknot Hair Clip for Women, Satin Silky Ribbons with Long Tail, French Barrette Hair Accessory for Girls Ponytail Holder","New","4.58","No",,"Yes","33","32","0","1","33","99.96","0","0","0","0","0","0","32","0","0","32",
"HXP251235","X002HBG3H7","B0GD5XMMK3","RSYHVG 2 Paks Finger Guards Finger Protectors for Cutting Food Avoid Hurting When Slicing and Dicing","New","4.60","No",,"Yes","27","27","0","0","27","99.96","0","0","0","0","0","0","27","0","0","27",
"HXP251236","X002HBKFZD","B0GD4SKXP1","5 Pcs Transparent Cake Cream Scraper, Flexible Plastic Cake Scraper, Decorating Clear Icing Smoother for Cake Decoration Sculpting & Modeling Tools Decorating Tools","New","5.14","No",,"Yes","40","37","0","3","40","99.96","0","0","0","0","0","0","37","0","0","37",
"HXP251237","X002HBKFZN","B0GD5CP7RM","Cartoon Spa Headband, Green Palm & Snail Design Coral Fleece Elastic Hair Band, Soft Non Slip Makeup Shower Hair Accessories for Facial Skincare Yoga Sports Daily Use","New","4.49","No",,"Yes","32","31","0","1","32","99.96","0","0","0","0","0","0","31","0","0","31",
"HXP251238","X002HBM0YR","B0GD5C25CH","Face Wash Headband, Frog Spa Hair Bands, Soft Cute Coral Fleece Elastic Headband, Head Wraps for Face Wash Makeup, Beauty Skincare, Sport Shower, Creative Hair Accessories for Women","New","4.69","No",,"Yes","18","18","0","0","48","99.96","0","30","0","0","0","0","18","0","0","18",
"HXP260102","X002HJ87UF","B0GFW6XS7C","2Pcs Wet Dry Venetian Window Blind Cleaner Microfiber Brush 3 Pronged Washable Duster (Blue)","New","6.94","No",,"Yes","38","38","0","0","38","99.96","0","0","0","0","0","0","38","0","0","38",
"HXP260103","X002HJCEB3","B0GFW41F9M","Stiff Bristle Gap Cleaning Brush 3-Piece Set - Bathroom Crevice Brush, Groove Cleaning Tool for Narrow Corners in Home Kitchen, Bathroom, and Windows","New","4.43","No",,"Yes","10","10","0","0","10","99.96","0","0","0","0","0","0","10","0","0","10",
"HXP260104","X002HJDQR9","B0GFVDK259","Puck Screen 53.5mm, Espresso Puck Screen for 53.5mm Portafilter, with Acrylic Storage Box, Resuable 1.7mm Thickness 150μm, 316L Stainless Steel, Coffee Filter Screen, Lower Shower Screen","New","7.29","No",,"Yes","10","10","0","0","10","99.96","0","0","0","0","0","0","10","0","0","10",
"HXP260105","X002HJK5EB","B0GFW1ZNF3","2PCS Stainless Steel Coffee Filter 51mm Coffee Portafilter Basket Reusable Replacement Portafilter Basket Espresso Machines Accessories for High Pressure Coffee Machine (Double & Single Cup)","New","8.99","No",,"Yes","24","23","0","1","24","99.96","0","0","0","0","0","0","23","0","0","23",
"HXP260106","X002HJK8SJ","B0GFVZ94D8","Tweezers for Women Facial Hair, Professional Precision Eyebrow Tweezers for Women and Men, German Premium Stainless Steel Slanted Hair Removal Pluckers","New","7.29","No",,"Yes","10","10","0","0","10","99.96","0","0","0","0","0","0","10","0","0","10",
"HXP260107","X002HJDE0D","B0GFVWFWG5","Long Tweezers 11.8 Inch Stainless Steel Tweezers with Curved Serrated Tip Multi-Purpose Kitchen Tongs for Cooking Gardening Repairing Craft, Black","New","4.99","No",,"Yes","10","9","0","0","10","99.96","0","0","0","1","0","0","9","0","0","9",
"HXP260108","X002HJEQ69","B0GFWD843T","RSYHVG Leopard Pattern Festival Tie Mens Casual Novelty Stylish Unique Party Prom Tie Stylish Print Accessories for Parties Theme Events and Daily Wear","New","4.49","No",,"Yes","10","10","0","0","10","99.96","0","0","0","0","0","0","10","0","0","10",
"HXP260109","X002HJELJB","B0GFVVLPGG","2PCS French Barrette Hair Clips, Large Vintage Tortoiseshell Acetate Barrettes with Strong Hold Metal Clasp for Thick Long Hair (Square and Oval,Orange Leopard)","New","6.24","No",,"Yes","7","6","0","1","57","99.96","0","50","0","0","0","0","6","0","0","6",
"HXP260110","X002HJB19T","B0GFVSJDQQ","Red Velvet Bow Hair Clips - 2Pcs Solid Color Bowknot Barrettes with Long Ribbon, French Soft Satin Silky Hair Bows Gifts for Women & Girls","New","5.79","No",,"Yes","7","7","0","0","7","640.57","0","0","0","0","0","0","7","0","0","7",
"HXP260111","X002HJKTTH","B0GFW4S4N6","Velvet Bow Hair Clip - Vintage Black Velvet Bow Hair Clips - Long Tail Satin Hairclips Barrettes - FrenchVelvet Ribbon Barrette Hair Accessories for Women Girls","New","5.11","No",,"Yes","35","31","0","4","35","99.96","0","0","0","0","0","0","31","0","0","31",
"HXP260112","X002HJDVDX","B0GFVRH3FD","Vintage Satin Bow Hair Barrette - Large Velvet Bow Hair Clip - Winter Ribbon Headclip - Decorative Hair Accessory for Women and Girls (Black 1)","New","5.38","No",,"Yes","19","19","0","0","19","99.96","0","0","0","0","0","0","19","0","0","19",
"HXP260113","X002HJB2JN","B0GFVSF2PL","3PCS Hair Clips Women Flat Claw Clip Strong Hold Duckbill Hair Clip For Styling, Non Slip Claw Clips For Thick Hair, Elegant Hair Accessories For Women Daily Updo And Professional Hairstyles","New","4.58","No",,"Yes","21","17","0","4","51","99.96","0","30","0","0","0","0","17","0","0","17",
"HXP260114","X002HJF9HT","B0GFW1HLV7","Leather Stitching Punch 6mm 2 Prong Carbon Steel Leather Punch Hole Tool Stitching Chisel for DIY Craft Handbag Wallets Card Belt Holders Key Holder Belt, Black","New","5.25","No",,"Yes","7","7","0","0","7","85.7","0","0","0","0","0","0","7","0","0","7",
"HXP260115","X002HJKTC9","B0GFW5PD41","Keychain Carabiner Clips 3 Pack, Key Chain with Snap Hook Carabiner, Keyring Clips with D Ring Hooks Hangers, Heavy Duty Lanyard for Car Keys, Backpack, Tools, Or as A Key Organiser for Men","New","5.97","No",,"Yes","8","8","0","0","8","99.96","0","0","0","0","0","0","8","0","0","8",
"HXP260116","X002HJFLXB","B0GFWFXPK8","RSYHVG Braided Leather Keychain, Keychain Ring Woven Strap Lanyard Strap with 360 Degree Rotatable for Car Key Bag Wallet","New","4.89","No",,"Yes","22","21","0","1","22","99.96","0","0","0","0","0","0","21","0","0","21",
"HXP260117","X002HJF8W5","B0GFW6G5DS","Stainless Steel Telescopic Extending Fork - 63cm to 24.8inch, Retractable, Perfect for Dinner, Barbecue & Toasting","New","4.68","No",,"Yes","9","9","0","0","29","99.96","0","20","0","0","0","0","9","0","0","9",
"HXP260118","X002HJITRB","B0GFW2F8PC","Zipper Pull Tab Replacement Metal Zipper Handle Mend Fixer for Shoes Luggage Suitcases Bag Jacket - 8 PCS (Black Silver)","New","6.34","No",,"Yes","10","10","0","0","10","99.96","0","0","0","0","0","0","10","0","0","10",
"HXP260119","X002HJG9FF","B0GFVWRN73","Zipper Pulls Replacement, 15 Pack Extension Cord Handle Plastic U-Shape Tab Tag Extender for Luggage Backpacks, Jackets, Handbags Black","New","4.59","No",,"Yes","10","10","0","0","10","99.96","0","0","0","0","0","0","10","0","0","10",
"HXP260120","X002HJKO47","B0GFWFCKHQ","Dog Car Seat Belt, Dog Car Harnesses Chew Proof Steel Rope Cable, Waterproof Dogs Safety Belt, Vehicle Harnesses with Double Clips and Latch Attachment","New","5.69","No",,"Yes","12","12","0","0","42","99.96","0","30","0","0","0","0","12","0","0","12",
"HXP260121","X002HJHYCR","B0GFW1TSGS","Beer Bottle Opener Portable Bottle Opener Keyring Dad Bottle Opener Keychain for Men Father Husband","New","7.89","No",,"Yes","15","13","0","2","15","99.96","0","0","0","0","0","0","13","0","0","13",
"HXP260122","X002HJJPXD","B0GFW4YJ86","Guitar Bottle Openers Beer Opener for Music Guitar Lover Novelty Gifts Cello Bottle Opener for Music Lover Birthday Christmas Gifts for Women Men","New","4.69","No",,"Yes","8","8","0","0","8","99.96","0","0","0","0","0","0","8","0","0","8",
"HXP260123","X002HJGK6N","B0GFW5HH64","8 Zipper Pull Replacements, Detachable Metal Zipper Pull Extension Cord, Suitable for Clothing, Backpacks, Jackets, Pants, Boots, Luggage (Bronze)","New","4.29","No",,"Yes","29","29","0","0","29","27.69","0","0","0","0","0","0","29","0","0","29",
"HXP260124","X002HJJVZZ","B0GFW9BZRZ","5 Set Sew-on Snap Buttons 25mm Metal Snap Fastener Buttons Fastener Press-Stud Clasps for Closure Purse Handbag Clothes Sewing Craft, Pink","New","4.82","No",,"Yes","25","25","0","0","25","99.96","0","0","0","0","0","0","25","0","0","25",
"HXP260125","X002HJLRGB","B0GFWG44YD","10pcs Metal Sewing Button, 15mm 4-Hole Round Suit Shirts Coats Clothes Sewing Buttons for Decoration Craft, Silver","New","4.81","No",,"Yes","0","0","0","0","20","99.96","0","20","0","0","0","0","0","0","0","0",
"HXP260126","X002HJHIO1","B0GFVWSJT7","10 Pcs Hollow Metal Button Black Sliver Gold Buttons Round Decorative Button for Clothes Sewing Accessories","New","5.39","No",,"Yes","2","2","0","0","2","99.96","0","0","0","0","0","0","2","0","0","2",
"HXP260127","X002HJHCF1","B0GFWFP8QP","10 Pairs Gold Flower Metal Press Studs Snap Fasteners, Large Sewing Snap Fasteners and Press Studs for Clothing, Snap Buttons Sew on Clothing Coats Jackets, DIY Sewing Crafts Supplies","New","5.45","No",,"Yes","18","18","0","0","18","99.96","0","0","0","0","0","0","18","0","0","18",
"HXP260128","X002HJJWRH","B0GFWKFSM3","2 Pieces PU Leather Zips Puller Replacement Zippers Pull Strap Zips Pendants for Luggage Handbags Bags Clothing Trousers","New","4.69","No",,"Yes","23","22","0","1","23","99.96","0","0","0","0","0","0","22","0","0","22",
"HXP260129","X002HJJI85","B0GFWFFFRL","8 PCS Zipper Pull Replacement Detachable Repair Zipper Tab for Luggage, Backpacks, Suitcases, Jackets, Purses, Handbags","New","4.69","No",,"Yes","9","9","0","0","9","99.96","0","0","0","0","0","0","9","0","0","9",
"HXP260130","X002HJK1U9","B0GFWJS7ZN","Zip Pull Replacement for Suitcase: 10 Pcs Dark Blue Zipper Pulls Cord for Bags Jacket Luggage","New","4.64","No",,"Yes","10","10","0","0","10","99.96","0","0","0","0","0","0","10","0","0","10",
"HXP260131","X002HJLD7J","B0GFWJLKMT","Zip Pull Replacement for Suitcase: 10 Pcs Red Zipper Pulls Cord for Bags Jacket Luggage","New","5.49","No",,"Yes","36","33","0","3","36","99.96","0","0","0","0","0","0","33","0","0","33",
"HXP260132","X002HJMHVP","B0GFW995H7","Dog Seat Belt for dogs in Car - Adjustable Dog Car Seat Belts -Harness Dog Seatbelt Safety Lead Dog Vehicle Travelling Leash -Adjustable Safety Seat Belt For Dog Cat and Pets","New","4.19","No",,"Yes","8","8","0","0","8","99.96","0","0","0","0","0","0","8","0","0","8",
"HXP260133","X002HJKKAZ","B0GFWRP9LH","Egg Yolk Separator, Egg Separator, 304 Stainless Steel Egg Yolk Separator, Egg Yolk Protein Separator","New","6.59","No",,"Yes","10","10","0","0","10","99.96","0","0","0","0","0","0","10","0","0","10",
"HXP260134","X002HJMB11","B0GFW5TC2Y","Acrylic Claw Clip Pink Hair Clips Cute Medium Hair Claws Hair Accessories for Women (pink+white)","New","7.41","No",,"Yes","3","3","0","0","73","99.96","0","70","0","0","0","0","3","0","0","3",
"HXP260135","X002HJJJP7","B0GFWS1QR5","Elegant Blue Floral Pearl Hair Pins for Women – Delicate Crystal Flower Bridal Hair Accessories, Handmade U-Shaped Clips for Bridesmaids, Weddings, Proms & Special Occasions","New","5.69","No",,"Yes","130","72","3","3","380","99.96","0","250","0","0","0","0","72","0","52","124",
"HXP260137","X002HP14I1","B0GGXDP1RR","Black Kitchen Toast Tongs, Premium Heat Resistant Wooden Toaster Tongs, Multipurpose Ergonomic Cooking Tongs for Toasting, Grilling, BBQ Food Serving, Eco-Friendly Sustainable Kitchen Utensil","New","4.39","No",,"Yes","16","16","0","0","16","168.62","0","0","0","0","0","0","16","0","0","16",
"HXP260301","X002JC50XR","B0GSJDWBBD","Freckle Pen Makeup,Natural Lifelike Fake Freckles Magic Freckle Color Pen,Soft Waterproof Long-lasting (Light Brown)","New","4.59","No",,"Yes","16","16","0","0","16","99.96","0","0","0","0","0","0","16","0","0","16",
"HXP2604001","X002K1SVCT","B0GWHFNBG6","Modern simple thick rope twist curtain rope without punching installation cross-border magnetic buckle magnetic curtain tie backs","New","6.29","No",,"Yes","10","10","0","0","10","1360.45","0","0","0","0","0","0","10","0","0","10",
"HXP2604002","X002K1WE9P","B0GWHTFGX5","Leather Cord End Clasp, 10pcs 5mm Hole Leather Clasps, Cord End Caps Closures for Jewelry Making DIY Crafts, Silver","New","6.19","No",,"Yes","1","1","0","0","1","99.96","0","0","0","0","0","0","1","0","0","1",
"HXP2604005","X002K7Z6M1","B0GX1Q261D","58mm Coffee Anti-Dust Guard Ring for Coffee Machine Handle","New","4.99","No",,"Yes","30","30","0","0","30","99.96","0","0","0","0","0","0","30","0","0","30",
"HXP2604006","X002K98GS5","B0GX5KRKV3","6 PCS Eyebrow Eye Liner Pencil Set,Easy to Color Waterproof Eyebrow Pencil,Professional Long-lasting Eyeliner Makeup Brow Pen,3 Colors(Black,Light Brown,Dark Brown)","New","5.19","No",,"Yes","20","20","0","0","20","99.96","0","0","0","0","0","0","20","0","0","20",
"HXP260801","X002NW77KR","B0HDTLHNYN","RSYHVG 8cm Gold Christmas Tree Topper, Mini 5‑Pointed Star Tree Top Ornament, Shiny Golden Star Decoration for Small Christmas Tree, Xmas Holiday Home Decor","New","4.79","No",,"Yes","0","0","0","0","0","99.96","0","0","0","0","0","0","0","0","0","0",
"HXP260802","X002NWOWI7","B0HDXQZHT9","RSYHVG Silver Mini Christmas Tree Topper, 8cm Lightweight 3D Five-pointed Star Xmas Tree Top Decoration, Small Star Ornament for Tabletop Mini Christmas Tree Holiday Decor","New","6.26","No",,"Yes","0","0","0","0","0","99.96","0","0","0","0","0","0","0","0","0","0",
"HXP260803","X002NWOWVJ","B0HDY79G9M","RSYHVG 5Pcs Acrylic Snowman Christmas Ornament Set, 2D Flat Snowman Pendant with Hanging Strings, Xmas Tree Hanging Decorations for Wreath, Party, Indoor & Outdoor Holiday Decor","New","7.59","No",,"Yes","0","0","0","0","0","99.96","0","0","0","0","0","0","0","0","0","0",
"HXP260804","X002NWR54Z","B0HDXY12VH","RSYHVG Glitter Rose Gold Christmas Tree Topper, 4 Inch Shatterproof 3D Five-pointed Star Treetop Ornament, Mini Star Decoration for Small Tabletop Christmas Tree Holiday Decor","New","5.69","No",,"Yes","0","0","0","0","0","99.96","0","0","0","0","0","0","0","0","0","0",
"HXP260805","X002NWSJ4F","B0HDXY6BGC","RSYHVG 10Pcs Mini Christmas Knitted Hats, Small Red Santa Caps with White Pom Pom, Tiny Wine Bottle Finger Hats for Xmas DIY Crafts, Doll & Ornament Decoration","New","5.88","No",,"Yes","0","0","0","0","0","99.96","0","0","0","0","0","0","0","0","0","0",
"HXP260806","X002NWQSCZ","B0HDY1BBL3","RSYHVG 60mm Heart Shaped Christmas Tree Baubles, Pack of 8 Graphite Glitter Hanging Ornaments for Seasonal Home & Party Decor","New","6.64","No",,"Yes","0","0","0","0","0","99.96","0","0","0","0","0","0","0","0","0","0",
"HXP260808","X002NWVX1L","B0HDY9G1FG","RSYHVG 1mm Glitter Metallic Gold Cord, 100M Spool Decorative Twine for Gift Binding, Ornament Hanging, Christmas Styling & Handcrafts","New","6.31","No",,"Yes","0","0","0","0","0","99.96","0","0","0","0","0","0","0","0","0","0",
"HXP260809","X002NWRMBV","B0HDYDMVXZ","RSYHVG 20mm Wide White Sheer Organza Ribbon, 45M Roll Lightweight Gauze Ribbon for Floral Arrangement, Wedding Favours, Gift Bows & Handmade Projects","New","5.69","No",,"Yes","0","0","0","0","0","99.96","0","0","0","0","0","0","0","0","0","0",
"HXP260810","X002NWVYL5","B0HDXCBJCV","RSYHVG 3 Pack Navy Frayed Chiffon Ribbon, 1.5 Inch x 5Y Per Roll Hand Torn Raw Edge Sheer Gauze Ribbon for Bridal Bouquet, Invitation, Gift Wrap & Handmade Decor","New","7.59","No",,"Yes","0","0","0","0","0","99.96","0","0","0","0","0","0","0","0","0","0",
"HXP260812","X002NWRIFB","B0HDY991L3","RSYHVG Effortless Forming 6in Sheer Organza Pull Bows, Set of 5 Glossy Gold Pre-Flat Gift Embellishments, Instant Full Loop Ribbon Decor for Hampers, Bouquets and Celebration Gifting","New","6.64","No",,"Yes","0","0","0","0","0","99.96","0","0","0","0","0","0","0","0","0","0",
"HXP260813","X002NWSHQZ","B0HDY2L6NH","RSYHVG Gilded Edge Plaid Pull Bows, 5 Pack Deep Forest Green Instant Flourish Gift Toppers, Quick-Pull Ribbon Embellishments for Gift Hamper, Seasonal Gifting & Wedding Favour Styling","New","6.64","No",,"Yes","0","0","0","0","0","99.96","0","0","0","0","0","0","0","0","0","0",
"HXP260814","X002NWSI41","B0HDYD93Z3","RSYHVG Mini Striped Candy Cane Hanging Ornaments, Set of 12 Gloss Red-White 7cm Xmas Tree Baubles, Gold Cord Festive Pendant for Wreath, Gift Tag & Holiday Mantel Styling","New","6.64","No",,"Yes","0","0","0","0","0","99.96","0","0","0","0","0","0","0","0","0","0",
"HXP260815","X002NWWWP7","B0HDYGMG52","RSYHVG Sparkle-Coated Snowflake Hanging Charms, Set of 12 Vibrant Royal Blue 10cm Xmas Tree Ornaments, Pre-Strung Silver Cord Frosty Winter Pendant for Wreath & Window Styling","New","6.64","No",,"Yes","0","0","0","0","0","99.96","0","0","0","0","0","0","0","0","0","0",
"HXP260817","X002NX57WV","B0HDZBDW74","RSYHVG 500Pcs 1 Inch Merry Christmas Round Stickers, Champagne Gold Self Adhesive Envelope Seal Labels, Festive Xmas Tags for Baking Packaging, Gift Wrapping, Party Favors & Holiday DIY Crafts","New","6.64","No",,"Yes","0","0","0","0","0","99.96","0","0","0","0","0","0","0","0","0","0",
"HXP260818","X002NX5IB1","B0HDZ424CK","RSYHVG 100 Pcs Merry Christmas Gift Tags, Brown Kraft Paper Hanging Labels with Natural Jute Twine, 2x7 cm Pennant Xmas Hang Tags for Gift Wrapping, Holiday Party Decor & DIY Crafts","New","6.64","No",,"Yes","0","0","0","0","0","99.96","0","0","0","0","0","0","0","0","0","0",
"HXP260819","X002NX9U3X","B0HDZ97L6J","RSYHVG 100 Pcs Merry Christmas Gift Tags, Red Kraft Paper Hanging Labels with Red White Twine, 2x7 cm Pennant Xmas Hang Tags for Gift Wrapping, Holiday Party Decor & DIY Crafts","New","6.64","No",,"Yes","0","0","0","0","0","99.96","0","0","0","0","0","0","0","0","0","0",
"HXP260820","X002NX61JT","B0HDZ589XK","RSYHVG Champagne Gold Satin Ribbon, 20mm Wide 23m Long Smooth Fabric Ribbon Roll, Shiny Decorative Ribbon for Gift Wrapping, Wedding, Christmas, Floral Arrangement & DIY Crafts","New","6.64","No",,"Yes","0","0","0","0","0","99.96","0","0","0","0","0","0","0","0","0","0",
"HXP260821","X002NX7L2P","B0HDZ61PMD","RSYHVG 1 Inch x 10 Yards Glitter Gold Ribbon, Sparkly Woven Ribbon Roll, Decorative Fabric Ribbon for Gift Wrapping, Wedding, Christmas, Birthday Party & DIY Crafts","New","7.31","No",,"Yes","0","0","0","0","0","99.96","0","0","0","0","0","0","0","0","0","0",
"HXP260822","X002NX9MD1","B0HDYX2PQ1","RSYHVG Christmas Penguin Iron-On Patches, Cute Embroidered Applique 4 x 6cm, Winter Holiday Sew On/Iron On Patch for Kids Clothes, Stockings, Gift Bags & DIY Crafts","New","5.22","No",,"Yes","0","0","0","0","0","99.96","0","0","0","0","0","0","0","0","0","0",
"HXP260823","X002NXB7RF","B0HDZ6LL1H","RSYHVG 6Pcs Merry Christmas Cake Toppers, Red Acrylic Cake Picks with Reindeer Snowflake Gift Pattern, Non-Edible Cupcake Toppers for Christmas Party Cake Decoration","New","9.49","No",,"Yes","0","0","0","0","0","99.96","0","0","0","0","0","0","0","0","0","0",
"HXP260824","X002NXASMZ","B0HDZMXWPB","RSYHVG Zombie Gingerbread Man Cookie Cutter, Detailed Skeleton Biscuit Cutter, Non-Stick Baking Mold for Dough, Fondant, Clay, Halloween & Fun Christmas Baking Crafts","New","10.51","No",,"Yes","0","0","0","0","0","99.96","0","0","0","0","0","0","0","0","0","0",
"HXP260825","X002NX6J2X","B0HDZCTMZ8","RSYHVG 2m White Christmas Tinsel Garland with Snowflake Accents, Luxury Thin Xmas Tree Tinsel, Hanging Decoration for Fireplace, Stair Railing, Winter Party & Holiday Home Decor","New","5.69","No",,"Yes","0","0","0","0","0","99.96","0","0","0","0","0","0","0","0","0","0",
"HXP260826","X002NX6M1B","B0HDZJZMVX","RSYHVG 3Pcs Red Snowflake Tinsel Garland, Total 19.7Ft Metallic Christmas Tinsel with White Snowflake Accents, Flexible Hanging Garland for Xmas Tree, Wall, Fireplace, Wedding & Winter Party Decor","New","9.49","No",,"Yes","0","0","0","0","0","99.96","0","0","0","0","0","0","0","0","0","0",
"HXP260827","X002NX2FLH","B0HDZB5FTJ","RSYHVG Snowflake Cookie Cutter, Detailed Embossed Winter Snow Biscuit Mold, Food-Safe Cutter for Cookie Dough, Fondant, Sugar Paste, Clay, Christmas & Winter Party Baking Crafts","New","10.69","No",,"Yes","0","0","0","0","0","99.96","0","0","0","0","0","0","0","0","0","0",
"HXP260829","X002NXC41X","B0HDZKD4DK","RSYHVG 3/8 Inch Golden Glitter Metallic Ribbon, 100 Yards Sparkly Fabric Ribbon Roll, Thin Gold Sheer Ribbon for Gift Wrapping, Bouquet, Wedding, Birthday, Christmas & DIY Crafts","New","6.93","No",,"Yes","0","0","0","0","0","99.96","0","0","0","0","0","0","0","0","0","0",
"HXP260830","X002NX2VMP","B0HDZJ2ZY1","RSYHVG 5 Pack 2 Prong Stainless Steel Fruit Forks, Golden Cocktail Appetizer Tasting Forks, Small 5.11 Inch Dessert Picks for Party, Buffet and Daily Use","New","7.88","No",,"Yes","0","0","0","0","0","99.96","0","0","0","0","0","0","0","0","0","0",
"HXP260831","X002NX2SG9","B0HDZNBD8Y","RSYHVG 2Pcs Merry Birthday Cake Topper, Red Green Glitter Cake Decor with Santa Hat, Candy Cane & Christmas Tree, Xmas Birthday Party Cake Decoration Supplies","New","6.64","No",,"Yes","0","0","0","0","0","99.96","0","0","0","0","0","0","0","0","0","0",
"HXP260832","X002NX8LBP","B0HDZN2LCM","RSYHVG 4Pcs Reindeer Antler Coffee Spoons, Stainless Steel Creative Stirring Teaspoons, Gold & Silver Small Dessert Spoons for Tea, Ice Cream, Christmas Table Decor","New","7.59","No",,"Yes","0","0","0","0","0","99.96","0","0","0","0","0","0","0","0","0","0",
"HXP260833","X002NX2ZML","B0HDZHS2MK","RSYHVG My Hot Chocolate Spoon, Engraved Stainless Steel Teaspoon, Cute Heart Design Stirring Spoon, Hot Chocolate Lover Gift for Christmas, Birthday","New","6.64","No",,"Yes","0","0","0","0","0","99.96","0","0","0","0","0","0","0","0","0","0",
"HXP260834","X002NXD38V","B0HDZH278F","RSYHVG 3 Pack 19.7Ft Christmas Tinsel Garland, Red Green Gold Metallic Twist Tinsel, Flexible Hanging Decor for Xmas Tree, Fireplace, Wall, Indoor & Outdoor Holiday Party Decoration","New","10.44","No",,"Yes","0","0","0","0","0","99.96","0","0","0","0","0","0","0","0","0","0",
"TTY003","X0021QJEA1","B0D6K9KXXX","Mini Resin Turtle Ornament with Inspirational Encouragement Card Pocket Cute Lucky Charm Cheer Up Positive Emotional Gift for Friends Colleagues Family Holiday Present","New","2.59","No",,"Yes","0","0","0","0","0","48.01","0","0","0","0","0","0","0","0","0","0",
"TY008","X0021WBFVB","B0D6R46DQY","RSYHVG Retro Dip Pen Solid wooden pen Art English Calligraphy Comic Pen set Wooden dip pen can be changed tip,dip pen,calligraphy pens,dip pens for artists","New","4.59","No",,"Yes","5","5","0","0","5","75.05","0","0","0","0","0","0","5","0","0","5",
"TY009","X0021VZZB3","B0D6R11HRK","RSYHVG Square Frame Spiderman Sunglasses, Men's Trend Glasses, Aviator Sunglasses","New","5.39","No",,"Yes","14","13","0","0","44","139.95","0","30","0","1","0","0","13","0","0","13",
"TY011","X0021WA9EZ","B0D6R2GZDH","RSYHVG Classic Polarized Sunglasses for Adults, UV Protection, Full Frame, Universal Fit, Black","New","6.19","No",,"Yes","40","38","0","2","40","402.3","0","0","0","0","0","100","38","0","0","38",
"TY039","X0021PJ4CP","B0D6G7HP1F","RSYHVG Titanium steel jewelry Punk ghost ghost rock cross stainless steel pendant necklace ghost band merchandise","New","3.79","No",,"Yes","17","16","0","1","17","52.44","0","0","0","0","0","0","16","0","0","16",
"TY040","X0021PUJ5V","B0D6G4LMBN","RSYHVG Creative Bead Chain Heart Pendant Necklace for Women, Multicolored Red Heart Pattern Choker","New","4.29","No",,"Yes","6","5","0","0","6","195.33","0","0","0","1","0","0","5","0","0","5",
"TY058","X0021Q4RNP","B0D6GBVSBT","RSYHVG Ice silk nail sunscreen gloves UV light picking tea dew finger women riding protective half finger gloves pink gloves uv protection gloves","New","3.99","No",,"Yes","0","0","0","0","0","153.71","0","0","0","0","0","0","0","0","0","0",
"TY069","X0021QBQJX","B0D6GCYTNF","RSYHVG Shark Tooth Necklace - Simple Pendant for Men Women, Bohemian Style Carved Teeth Handicraft, European American Fashion Jewelry","New","4.39","No",,"Yes","0","0","0","0","100","36.05","0","100","0","0","0","0","0","0","0","0",
"TY076","X0021QC7I7","B0D6GFHTDJ","RSYHVG Halloween pendant acrylic dragonfly bird garland Car pendant Home decor,garden wall art","New","2.79","No",,"Yes","0","0","0","0","0","19.17","0","0","0","0","0","0","0","0","0","0",
"TY087","X0021QCGFB","B0D6GCVYKY","RSYHVG Men's surfer coconut shell wood bead necklace Men's niche high fashion vintage patchwork beaded collarbone chain,men's necklaces","New","5.89","No",,"Yes","5","3","0","2","65","6.88","0","60","0","0","0","0","3","0","0","3",
"TY093","X0021WLBER","B0D6RDVP7M","Bling Rhinestone Car Steering Wheel Cover Elastic Microfiber Leather No Inner Ring Anti Slip Wearproof Four Seasons Universal Car Interior Accessory Blue","New","7.39","No",,"Yes","0","0","0","0","29","1206.58","0","29","0","0","0","0","0","0","0","0",
"TY105","X0021VZJTB","B0D6QT41RG","Soft TPU Car Key Fob Cover - 5 Buttons (Black) for Land Rover Defender Discovery Evoque LR4 Range Rover Sport Freelander & Jaguar Velar Vogue","New","4.59","No",,"Yes","21","20","0","0","21","36.05","0","0","0","1","0","15","20","0","0","20",
"TY109","X0021WA58F","B0D6QZXF93","4 Pieces Hair Combs for Women Accessories, Elastic Hair Clip Combs Bandette Comb with Elastic Band Double Comb Hair Clip Hair Styling Tool for Women Thick Curly Thin Hair (Black, Brown)","New","6.59","No",,"Yes","4","3","0","1","34","957","0","30","0","0","0","0","3","0","0","3",
"TY110","X0021Q5TLJ","B0D6G2CFRB","Purse Chain Handles Replacement for Handbag or Shoulder Bag 1 PCS, 45cm Long (Gold)","New","4.59","No",,"Yes","21","21","0","0","51","91.93","0","30","0","0","0","0","21","0","0","21",
"TY111","X0021WBH05","B0D6QYVW46","RSYHVG 2 Pieces Bag Extender Chain Strap, Heart Shape Cute Purse Extender Strap Charms Replacement Accessory for DIY Purse Making Handbag Shopping Tote (Black and White)","New","5.39","No",,"Yes","0","0","0","0","0","159.94","0","0","0","0","0","0","0","0","0","0",
"TY116","X0021W7LKF","B0D6R2TZZN","RSYHVG Temporary Car Parking Card Number Plate, Automobile Temporary Car Parking Card Telephone Number Plate Luminous, Black","New","4.99","No",,"Yes","70","63","0","4","70","23.93","0","0","0","3","0","0","63","0","0","63",
"TY130","X0021W8F0F","B0D6R89JBM","RSYHVG Women Ladies Swimming Cap Elastic Ear Protection Swim Cap Pool Surfing Bathing Shower Cap Water Sports Hat Sleep Cap Fabric Knotted Turban Hat Non-Waterproof Swim Cap for Long Short Hair","New","7.79","No",,"Yes","41","22","1","1","231","773.47","0","190","0","0","0","0","22","0","17","39",
"TY133","X0021Q5WTX","B0D6G8LG1P","RSYHVG 4X for Saab Window Regulator New Roller Front NG 900 93 95 1999-2010 4493433","New","4.79","No",,"Yes","47","44","0","3","47","47.52","0","0","0","0","0","0","44","0","0","44",
"TY140","X0021WHWHH","B0D6RDG7C1","Relief Arch Support Shoe Inserts Insoles for Flat Feet for Men and Women, Orthotic Feet Heel Pain Shock Absorption Comfortable Insoles Shoe Inserts for Plantar Fasciitis(Large EU 40-46)","New","6.69","No",,"Yes","27","27","0","0","27","1350.29","0","0","0","0","0","0","27","0","0","27",
"TY143","X0021X9TIV","B0D6VB7GMP","RSYHVG 8pcs Luggage Wheel Covers, Portable Silicone Luggage Wheel Protector Covers Noise-Proof Luggage Spinner Wheel Covers for Most 8 Caster Luggage (Blue + Pink)","New","5.19","No",,"Yes","28","25","0","0","58","205","0","30","0","0","0","0","25","0","3","28",
"TY147","X0021XGXB7","B0D6VCXFW5","RSYHVG Side Tape Pingpong Sports Protective Band Crash-resistant Sponge Racket Accessory for Table Tennis/Ping Pong Paddle 2M(2Pcs)","New","4.39","No",,"Yes","15","15","0","0","35","242.04","0","20","0","0","0","0","15","0","0","15",
"TY151","X0021QBNIR","B0D6GCPWBQ","RSYHVG Compass Crane Pendant Y‑Chain Necklace, Nickel‑Free Polished Alloy Adjustable 18 Inch Jewellery, Good Luck Friendship Gift for Adult Women, Message Card & Envelope Included","New","4.39","No",,"Yes","3","0","0","0","43","48.01","0","40","0","3","0","15","0","0","0","0",
"TY163","X0021XG4LV","B0D6VKHWHH","925 Sterling Silver Necklace Clasp and Closures, Silver Mini Magnetic Jewelry Clasp Connector for Bracelets Chain Extender, Silvery","New","6.89","No",,"Yes","0","0","0","0","0","14.75","0","0","0","0","0","0","0","0","0","0",
"TY164","X0021XLQB9","B0D6VLHSZV","2 Pack 4.5 Inch Orange Hair Bows - Hair Ribbon Bow Clips for Women Girls, Hair Accessories","New","4.69","No",,"Yes","23","21","0","2","23","177.64","0","0","0","0","0","0","21","0","0","21",
"TY169","X0021XMH99","B0D6VQK6Q7","RSYHVG Bag Straps Replacement Crossbody Wide Shoulder Strap Bag Straps Adjustable Canvas Straps Handbag Strap Replacement Belts","New","3.99","No",,"Yes","0","0","0","0","0",,"0","0","0","0","0","0","0","0","0","0",
"TY172","X0021XNDN3","B0D6VV6LLX","4 Pcs Battery Terminal Covers, Insulating Battery Terminal Protector, Positive and Negative Cable Covers in Red and Black for Boat Cars Electric Bikes Trucks","New","5.79","No",,"Yes","131","75","0","0","271","255.97","0","140","0","0","0","0","75","0","56","131",
"TY176","X0021VZS0V","B0D6R11T5X","10Pcs Car Brake Hose Clips Strong Durable Clip Replacement U Shaped Hose Useful Vehicles Line Clip for Cars Trucks Vehicles Parts","New","4.79","No",,"Yes","29","28","0","1","54","117","0","25","0","0","0","0","28","0","0","28",
"TY190","X0021PZE29","B0D6GFHGF4","2 Pack Christening Headband for Babies with White Bow for Children (Cross Button)","New","6.39","No",,"Yes","47","35","1","2","87","39.98","0","40","0","0","0","0","35","0","9","44",
"TY194","X0021W7WSL","B0D6R6GHP3","EVA Foam Aerial Ball Decorative Antenna Topper - Car Styling Roof Ornament (Yellow)","New","4.99","No",,"Yes","14","11","0","1","34","49.98","0","20","0","2","0","0","11","0","0","11",
"TY198","X0021QNKMT","B0D6K7VRWF","4 Sets of Rear Bumper Tow Eye Cover Insert Fasteners & Trim Lock Clips Retainers - DYR500010 DYF500010 - For Land Rover Discovery 3, 4, Freelander 2 & for Range Rover Sport","New","4.99","No",,"Yes","58","54","0","2","58","159.94","0","0","0","2","0","0","54","0","0","54",
"TY199","X0021QLIWX","B0D6KC9NCR","50x Plastic Unthreaded Nylon Nut Clips 4mm Hole 24mm Collar Diameter 10mm Nut for Wheel Arch Trim Panel Splash Guard","New","7.39","No",,"Yes","32","32","0","0","52","300.05","0","20","0","0","0","0","32","0","0","32",
"TY205","X0021WCX1H","B0D6R96R9M","8 PCS Stainless Steel Seafood Tool Set,for Easy Meat Removal,Multi-Purpose Crab Lobster Shellfish Forks Lobster Crab Nut Fork Seafood Forks Picks for Kitchen Seafood Tools","New","5.89","No",,"Yes","30","29","0","1","30","101.93","0","0","0","0","0","0","29","0","0","29",
"TY210","X0021WHURJ","B0D6RCPBJT","Hair Nets, Hair Bun Holder Ballet Elastic Edge Hair Net Cap Holder for Ballet, Dance, Nurse and so on (20, Blonde)","New","3.89","No",,"Yes","20","14","0","5","70","117","0","50","0","1","0","0","14","0","0","14",
"TY211","X0021WHDPD","B0D6RDBY83","Hair Nets, Hair Bun Holder Ballet Elastic Edge Hair Net Cap Holder for Ballet, Dance, Nurse and so on (30, Light Brown)","New","4.79","No",,"Yes","110","99","0","6","110","117","0","0","0","1","0","80","99","0","4","103",
"TY217","X0021WFS2X","B0D6RCTX7Z","8PCS Reusable Plastic Star Stencils, Large 5 Point Different Sizes Star Templates for DIY Craft Walls Wood Paper Home Art Projects","New","6.99","No",,"Yes","0","0","0","0","0","18.03","0","0","0","0","0","20","0","0","0","0",
"TY218","X0021QJT7T","B0D6K1GB7W","RSYHVG Artist White Charcoal Pencils – Soft Sketch & Highlight Drawing Pencils for Beginners, Students, Designers (Set of 3)","New","4.09","No",,"Yes","1","0","0","1","1","107.99","0","0","0","0","0","0","0","0","0","0",
"TY248","X0021QMXZT","B0D6K7ZSBX","2Pcs All-Metal Stainless Steel Nozzle Throat Feeding Tube With Teflon Tube Compatible with Extruder V6 J-Head Neck Makerbot MK8 RepRap 3D Printer Hotend 1.75mm Filament 1","New","3.79","No",,"Yes","1","1","0","0","1","2.62","0","0","0","0","0","15","1","0","0","1",
"TY25021401","X0028KLK4X","B0CTQ4V1QQ","RSYHVG 2 Pack Stainless Steel Kitchen Cupboard Handles - Brushed Cabinet Handles (Hole Centre 128mm)","New","5.59","No",,"Yes","48","43","0","4","48","383.62","0","0","0","1","0","50","43","0","0","43",
"TY250214010","X0028KWVH3","B0CWCW7G8W","RSYHVG 2 Pcs Mushroom Makeup Sponge, Long Handle Facial Cosmetic Foundation Sponge Powder Puff Blending Sponge Concealer Eyeshadow Liquid Creams Applicator Tool Beauty Blender Brush","New","4.59","No",,"Yes","61","43","0","5","100","99.96","0","39","0","0","0","0","43","0","13","56",
"TY25021405","X0028KVC2X","B0CW9LDGSP","RSYHVG 4 Pcs Acrylic Crystal Ball Pedestals, Transparent Display Stand for Golf Ball Softball Baseball Marbles Egg Sphere Collections Desktop Ornament, Small","New","4.89","No",,"Yes","30","19","0","0","80","99.96","0","50","0","0","0","0","19","0","11","30",
"TY25021406","X0028KPO7H","B0CWD3M7TT","RSYHVG 3 Pcs Cupcake Corer Set - Plunger Device for Filling Cupcakes and Cakes - Hole Cutter","New","5.89","No",,"Yes","2","2","0","0","32","933.24","0","30","0","0","0","0","2","0","0","2",
"TY25021408","X0028KLOET","B0CWCWS69H","RSYHVG 2 Pieces Handheld Facial Hair Removal Threading Beauty Epilator Tool Removal Threader Remover Spring Facial Hair Epilator Use for Women Face Hair Removing Beauty Tools Random Color","New","5.99","No",,"Yes","24","23","1","0","64","609.93","0","40","0","0","0","0","23","0","0","23",
"TY25021409","X0028KUJXV","B0CTXWL3ZN","RSYHVG Belt buckle for men, square replacement buckle, made of zinc alloy, belt buckle, for men and women, belt (silver)","New","5.39","No",,"Yes","52","47","0","5","53","64.57","0","0","1","0","0","0","47","0","0","47",
"TY261","X0021Q5H5R","B0D6G4XK2Z","Key Cover for A B C CL E M S SL SLK GLA GLC GLK W164 W245 W212 W204, A-Class Key Cover, TPU Silicone GLA Key Fob Cover - 3 Bottons(Black)","New","4.39","No",,"Yes","28","27","0","1","28","36.05","0","0","0","0","0","0","27","0","0","27",
"TY268","X0021X2F05","B0D6VFJ771","Nail Clippers for Thick Nails Toenail Clippers Wide Jaw Nail Cutter Heavy Duty Nail Clipper Sharp Curved Toe Nail Clippers for Men and Women, Blue","New","4.89","No",,"Yes","2","1","0","1","22","109.96","0","20","0","0","0","0","1","0","0","1",
"TY276","X0021PJ2V3","B0D6G6QX3R","RSYHVG 20mm Silicone Watch Strap for Women Men, Quick Release Replacement Strap with Stainless Steel Buckle Sport Watchbands Wrist Straps, smart watch wristband","New","4.49","No",,"Yes","12","11","0","0","12","182.39","0","0","0","1","0","0","11","0","0","11",
"TY277","X0021Q5XK1","B0D6G5BM1V","RSYHVG Internal Belly Bar, Rod Length 10mm, Navel Bar, 14G Stainless Steel Belly Button Jewelry, Extra Long Navel Piercing, Gold","New","4.29","No",,"Yes","20","16","0","4","20","48.01","0","0","0","0","0","0","16","0","0","16",
"TY285","X0021PRVSJ","B0D6G61HS9","False Eyelashes Natural Cosplay Lashes Doll Anime Japanese Faux Mink Lashes Pack Fake Eyelashes Long Thick Ruffle Fake Eye Lashes 5 Pairs","New","4.39","No",,"Yes","30","29","0","1","30","139.29","0","0","0","0","0","15","29","0","0","29",
"TY297","X0021Q68S7","B0D6GDXV8Y","RSYHVG Black Cat Ornament for Cat Lovers,Cat Gifts for Women,38mm Obsidian Crystal Sleeping Cat Figurine Ornaments for Living Room,Cat Gifts for Christmas Cat Themed Gifts,Cute Cat Statue","New","5.99","No",,"Yes","17","15","0","2","17","28.84","0","0","0","0","0","0","15","0","0","15",
"TY299","X0021QAWVB","B0D6KD9VXT","Brow this Way Fill & Sculpt Eyebrow Definer, 02- Medium Brown","New","4.29","No",,"Yes","26","26","0","0","26","13.93","0","0","0","0","0","0","26","0","0","26",
"TY305","X0021X5QD3","B0D6VQWNK1","RSYHVG 60th Birthday Sash Rose Gold Birthday Queen and Sash for Women, Rhinestone Crowns Kit for 60th Birthday Gifts, Crystal Tiara Satin Sash for 60th Birthday Party","New","5.89","No",,"Yes","9","9","0","0","9","104.06","0","0","0","0","0","0","9","0","0","9",
"TY307","X0021XICZR","B0D6VVF2K6","RSYHVG Stainless Steel Tension Clasp with Screws, 56mm Lever Clasp, Spring Toggle Latch Hasp, Catch Clamp Clip, Box Closure, Cap Lock for Toolbox Drawer Chest Case Cabinet (4, 56 mm)","New","5.49","No",,"Yes","48","47","0","1","48","148.47","0","0","0","0","0","1","47","0","0","47",
"TY313","X0021VYVQD","B0D6R4WPJC","3-in-1 Kitchen Sink Drain Stopper, Upgraded Sink Plug Strainer, Stainless Steel Wrapped Sink Waste Catcher, Odor Sealing Water Storage Filter Basket for Kitchen Sink Replacement","New","7.19","No",,"Yes","34","31","0","0","34","415.74","0","0","0","1","0","0","31","0","2","33",
"TY315","X0021XJXDH","B0D6VYGPK6","Soft EVA cat ring with adjustable buckle, pet protection ring, cute flower design, anti licking and anti biting protection collar for cats after surgery","New","4.19","No",,"Yes","0","0","0","0","0","577.97","0","0","0","0","0","0","0","0","0","0",
"TY319","X0021VZL3Z","B0D6QXH2HV","RSYHVG Swimming Nose Clip - 10 Packs Silicone Swim Nose Plugs for Kids (Age 7+) and Adults,Waterproof Pool Nose Plugs for Diving Swimming and Other Water Sports with Storage Box,Multi-Color","New","4.29","No",,"Yes","0","0","0","0","0","175.01","0","0","0","0","0","0","0","0","0","0",
"TY320","X0021W7X49","B0D6R4QC25","RSYHVG 10Pcs Stainless Steel Hose Clips 6-12mm Adjustable Jubilee Clips","New","4.09","No",,"Yes","30","28","0","0","50","64.07","0","20","0","0","0","0","28","0","2","30",
"TY324","X0021QBFGH","B0D6G2TP1K","2 Pcs Reptiles Feeding Tweezers Plastic Tweezers Anti-Slip Reptile Feeding Tongs for Snakes Lizard Tortoise Gecko","New","4.39","No",,"Yes","26","26","0","0","26","117","0","0","0","0","0","0","26","0","0","26",
"TY324-1","X0021WBANT","B0D6R1P1S9","Stainless Steel Egg Cutter & Topper - Eggshell Separator for Hard & Soft Boiled Eggs","New","6.59","No",,"Yes","9","9","0","0","9","596.33","0","0","0","0","0","0","9","0","0","9",
"TY339","X0021WI5OV","B0D6RCMM9X","Composite Shims, 20pcs Furniture Shims Leveling Wedges, Plastic Wedge Shims Easy to Snap Door Shims, Adjustable Shims for Leveling Table Toilet Window Furniture","New","6.39","No",,"Yes","54","49","0","5","54","629.92","0","0","0","0","0","0","49","0","0","49",
"TY345","X0021WUW9R","B0D6V961S2","RSYHVG 15Pcs Reflective Snap Bands, High Visibility Reflector Bracelets for Outdoor Sports, Walking, Cycling, Hiking","New","4.19","No",,"Yes","5","3","0","1","35","89.96","0","30","0","1","0","0","3","0","0","3",
"TY346","X0021X7PRD","B0D6VFR3CK","2 Pcs Bicycle Cassette Lockring Tool 12 Teeth Carbon Steel Multifunctional Bottom Bracket Removal Tool Bike Freewheel Repair Spanner for Mountain Road Bike Maintenance","New","5.39","No",,"Yes","0","0","0","0","0","155.68","0","0","0","0","0","0","0","0","0","0",
"TY360","X0021XG35N","B0D6VK9K4R","5pcs Stanley Straw Covers, Reusable Silicone Straw Cap, Straw Cover Cap for Stanley Cup, Cute Straw Topper Protector Cover, Cute Straw Covers Cap, Simple Straw Protector for Stanley Cup Accessories","New","4.19","No",,"Yes","3","3","0","0","33","149.61","0","30","0","0","0","15","3","0","0","3",
"TY366","X0021XLN1H","B0D6VNZMPH","Vintage Bronze Mini Box Hinges 65x15mm, Decorative Jewelry Cabinet Hardware with 60 Screws, 10 Pack","New","5.19","No",,"Yes","6","6","0","0","6","86.36","0","0","0","0","0","0","6","0","0","6",
"TY379","X0021PUIKH","B0D6G57T1J","Cake Tester Stainless Steel Cake Skewer Reusable Cake Probe Testing Needle for DIY Cake Bread Muffin Baking Supplies 3pcs (Pattern 2)","New","3.69","No",,"Yes","0","0","0","0","0","101.93","0","0","0","0","0","0","0","0","0","0",
"TY385","X0021XMPY1","B0D6VTGD76","Finger Toothbrush,4 Pack Silicone Baby Finger Brush with Clear Case Set Food Grade Tooth Cleaner Oral Massager for Infant &Toddlers","New","3.99","No",,"Yes","16","15","0","1","46","119.95","0","30","0","0","0","50","15","0","0","15",
"TY391","X0021QBCOH","B0D6G6X7YL","RSYHVG Silicone Watch Bands, Slim Watch Straps with Quick Release, 16mm for Choice","New","4.99","No",,"Yes","17","16","0","1","57","19.99","0","40","0","0","0","0","16","0","0","16",
"TY392","X0021Q4L9P","B0D6G98GSM","RSYHVG Braided Nylon Watch Strap Adjustable Stainless Steel Buckle Woven Sport Loop Replacement Band Breathable Comfortable Wristband for Men Women Daily Sports Casual Wear","New","4.89","No",,"Yes","8","8","0","0","8","64.07","0","0","0","0","0","0","8","0","0","8",
"TY393","X0021PRWBF","B0D6G85ZM6","RSYHVG 316L Stainless Steel Mesh Watch Strap, Woven Metal Watch Band for Women and Men, Band Width 16mm 18mm 20mm 22mm","New","3.89","No",,"Yes","0","0","0","0","0","54.08","0","0","0","0","0","0","0","0","0","0",
"TY408","X0021QJAH3","B0D6JRGMBK","RSYHVG 14G Heart Barbells, 316L Stainless Steel, Silver, 4 Pieces, for Body Piercing Use","New","5.89","No",,"Yes","0","0","0","0","0","48.01","0","0","0","0","0","0","0","0","0","0",
"TY412","X0021WH1MD","B0D6R9HWC5","RSYHVG Universal Neoprene Black Mobile Phone Sleeve Shock Absorbing proof Pouch Case for Length 154 (mm) inside common","New","5.79","No",,"Yes","29","28","0","1","29","93.73","0","0","0","0","0","0","28","0","0","28",
"TY417","X0021WIBCR","B0D6RBVPR7","RSYHVG 2 Pairs Cooling Arm Sleeves for Women and Men, Sun UV Protection Breathable Arm Sleeves, Compression Outdoor Sports Sleeves to Cover for Cycling Hiking","New","4.19","No",,"Yes","9","7","0","1","159","149.94","0","150","0","0","0","0","7","0","1","8",
"TY420","X0021W94AF","B0D6RH5G6Z","RSYHVG 2pcs Safety Tanning Goggles IPL Eye Patch Red Blue Light Eye Protection Sunbed Eyewear Eyepatch Eyeshields for Patients in IPL, UV, Infrared LED Light Therapy (Black)","New","3.49","No",,"Yes","0","0","0","0","0","112.58","0","0","0","0","0","0","0","0","0","0",
"TY423","X0021X9WZB","B0D6VDFPTX","Ball Grabber, Body Piercing Tool, Piercing Grabber Tool, Piercing Ball Holder, Jewelry Tools, Perfect for Beads, Diamonds, Jewelry Ball Tool, Balls Holder Piercing Ball Grabber Tool(Large)","New","3.79","No",,"Yes","20","20","0","0","20","10.98","0","0","0","0","0","0","20","0","0","20",
"TY430","X0021X4KEJ","B0D6VCYFW5","RSYHVG 11Pcs Comic Dip Pen Set Wooden Oblique Calligraphy Holder with 10 Stainless Steel Nibs Professional Art Tool for Writing Sketching Drawing Signing Adult Use","New","4.59","No",,"Yes","0","0","0","0","30","149.94","0","30","0","0","0","0","0","0","0","0",
"TY434","X0021X4OIB","B0D6VFGWBB","RSYHVG 18inch Watercolor Horse Sofa Cushion Cover Fashion Pillow Case Decor Horse Pillow Cases","New","6.29","No",,"Yes","1","1","0","0","1","27553.7","0","0","0","0","0","14","1","0","0","1",
"TY435","X0021X4Q9N","B0D6VH3RRS","1 bottle cleaning brush with 1 hook, 1 straw, silicone bottle, rotating bottle, bottle cleaning, for cleaning (grey)","New","4.39","No",,"Yes","3","1","0","1","123","312.01","0","120","0","0","0","0","1","0","1","2",
"TY464","X0021XO0TJ","B0D6VYLWZL","Door Magnetic Catch, 2 Pack Cupboard Door Magnets Strong Magnetic Catch Silver Heavy Duty Magnetic Door Catch for Kitchen Cupboard, Wardrobe, Bathroom Cabinet, Drawer, Louver, Closet White Furniture","New","5.99","No",,"Yes","95","91","0","3","95","77.35","0","0","0","1","0","150","91","0","0","91",
"TY465","X0021XK9KN","B0D6W1CXXJ","6 Pcs Non-Magnetic Push to Open Touch Latches ABS Plastic Cabinet Door Catch Spring Loaded Touch Release Latch with Mounting Screws for Cupboard Wardrobe Drawer Bookcase","New","5.29","No",,"Yes","0","0","0","0","0","45.56","0","0","0","0","0","0","0","0","0","0",
"TY466","X0021XQZ1P","B0D6W1VK8N","RSYHVG 2PCS Kids Elastic Belts No Buckle Stretch Belt for Boys and Girls, Invisible Adjustable Elastic Buckle Free Belt for Jeans Pants","New","4.79","No",,"Yes","0","0","0","0","0","338.56","0","0","0","0","0","0","0","0","0","0",
"TY470","X0021X30MH","B0D6VWN9S5","RSYHVG Bird Cage Net Cover and Seed Catcher - Stretchy, Dustproof, Ventilate, Tidy (White)","New","6.19","No",,"Yes","39","38","0","1","39","640.08","0","0","0","0","0","0","38","0","0","38",
"TY478","X0021XLWU9","B0D6VNG5YH","RSYHVG Refrigerator Fridge Freezer Door Lock for Kids, Child Proof Refrigerator Latch Lock to Keep Door Closed, No Tools Required and Easy Installation (Grey)","New","5.49","No",,"Yes","0","0","0","0","0","240.07","0","0","0","0","0","0","0","0","0","0",
"TY490","X0021X4QMZ","B0D6VG8JXD","RSYHVG Black Magnetic Hat Clip for Travel Bags - Heart Shape Holder for Backpack and Luggage - Outdoor Accessories 2pcs","New","4.39","No",,"Yes","0","0","0","0","0","71.94","0","0","0","0","0","0","0","0","0","0",
"TY499","X0021WUVRF","B0D6V2RRG1","4Pcs Metal Sewing Thimbles, Honeycomb Groove Fingertip Protector, Multi Colour Sewing Finger Shield, Durable Metal Thimble for Hand Sewing Quilting Embroidery Knitting DIY Craft","New","4.59","No",,"Yes","29","28","0","1","29","115.2","0","0","0","0","0","0","28","0","0","28",
"TY500","X0021PWUHB","B0D6GBYCY8","RSYHVG 5PCS Hat Strap Clips,Adjustable Hat Retainer Clips for Fishing Boating Sailing Keeper Hat Clip","New","6.49","No",,"Yes","24","24","0","0","24","400.01","0","0","0","0","0","0","24","0","0","24",
"TY505","X0021QBLW5","B0D6G6G5G9","RSYHVG Archery Finger Tab, Leather Archery Finger Tab, Archery Finger Guard, Archery Finger Tab Double Layer Protection Guard Pad, Archery Tabs, for Curved Bows, Black","New","5.69","No",,"Yes","9","9","0","0","29","23.93","0","20","0","0","0","0","9","0","0","9",
"TY511","X0021WDMZN","B0D6RHRJ8G","RSYHVG Keychain Hook, Brass Screw Lock Carabiner Clip Hook Keychain Key Ring DIY Gift","New","2.99","No",,"Yes","0","0","0","0","0","32.12","0","0","0","0","0","15","0","0","0","0",
"TY516","X0021PZEOH","B0D6G9XR82","RSYHVG Heavy Duty Suction Cups Anchor, Multipurpose Camping Sucker Cups Hooks for Home Outdoor Car Van Truck Awning Boat Tarp (2)","New","7.19","No",,"Yes","0","0","0","0","50","420","0","50","0","0","0","0","0","0","0","0",
"TY532","X0021QCI3V","B0D6GGKYCX","RSYHVG Bathroom Sink Strainer, Utility, Slop, Bathtub Lavatory Sink Drain Strainer Hair Catcher, Stainless Steel Shower Drain Strainer, 3 Pack","New","4.89","No",,"Yes","13","13","0","0","13","30.32","0","0","0","0","0","0","13","0","0","13",
"TY535","X0021W8NAH","B0D6RBW2XM","RSYHVG 4 Pcs Silicone Drain Protector with Sucker, Sink Strainer Protector, Shower Drain Covers Hair Catcher, Strainer Plug Trap Filter for Bathroom, Bathtub, Kitchen","New","5.69","No",,"Yes","49","48","0","0","49","712.18","0","0","0","1","0","0","48","0","0","48",
"TY537","X0021WHQIR","B0D6RBJDCR","2 Pack Stainless Steel Kitchen Sink Strainer with Lift Handle Anti-Clogging Drain Filter Basket Rust Resistant Food Debris Catcher for Kitchen Bathroom Sink","New","5.89","No",,"Yes","14","13","0","1","14","195.99","0","0","0","0","0","0","13","0","0","13",
"TY540","X0021W8L81","B0D6R9LDJG","RSYHVG 3 PCS Fish Scaler Remover,Fish Descaler Tool,304 Stainless Steel Fish Scale Scraper,Ergonomic Handle Design for Fast Scales Peeling and efficiently","New","6.69","No",,"Yes","22","22","0","0","52","459.98","0","30","0","0","0","0","22","0","0","22",
"TY556","X0021WENZB","B0D6R1H8BQ","RSYHVG 3Pcs Stainless Steel Ceramic Pointed Tweezers for Electronic Repair,Jewelry Making,Laboratory Work,High Temperature Resistant Insulated Clamping Tools","New","6.19","No",,"Yes","82","73","0","2","82","48.01","0","0","0","0","0","0","73","0","7","80",
"TY564","X0021VZ8ZB","B0D6QD87YS","1 Pack Open Toe Gel Socks, Five Toe Moisturising Foot Spa Socks, Bunion Corrector Toe Separators, Heel Protector Sleeves for Dry Cracked Heels, One Size Polyester Foot Care Socks for Dry Skin","New","6.09","No",,"Yes","8","6","1","1","58","253.18","0","50","0","0","0","0","6","0","0","6",
"TY572","X0021QNJM5","B0D6KCV8LV","RSYHVG Silver Hoop Earrings 5Pairs 6/8/10/12/14mm","New","5.29","No",,"Yes","1","1","0","0","1","61.62","0","0","0","0","0","0","1","0","0","1",
"Y12223","X0027JBC75","B0DRVDNZ23","4Pcs Bottle Opener Keyring, Aluminium Alloy Portable Key Chain Bottle Opener, Black and Silver Dual Colour Practical Beverage Bottle Opener for Daily Outdoor Home Use","New","3.99","No",,"Yes","0","0","0","0","0","64.07","0","0","0","0","0","0","0","0","0","0",
"Y12224","X0027J9SUD","B0DRVJ3ZXR","BBQ Metal Skewers Stainless Steel 20 PCS 7.87""/20cm Food-Grade Kebab Skewers Turkey Lacers Reusable Skewers for Air Fryer, Metal Skewer for Oven Halloween Christmas Party Turkey","New","4.09","No",,"Yes","0","0","0","0","0","199.92","0","0","0","0","0","0","0","0","0","0",
"Y12234","X0027IS46X","B0DRVLSRH1","Stainless Steel Noodle Cutter,Noodle Lattice Roller Pasta Spaghetti Maker Kitchen Cooking Tools Pressing Dough Cutter Pasta Make Tool","New","5.49","No",,"Yes","31","31","0","0","31","288.74","0","0","0","0","0","0","31","0","0","31",
"Y12235","X0027J73OV","B0DRVLW4DV","RSYHVG 2 Pairs Unisex Breathable Sponge Shoulder Pads Self-Adhesive & Sewable Shoulder Enhancer Invisible Shoulder Support for Sloping High Low Shoulder Suit Blazer Daily Wear Black White","New","6.39","No",,"Yes","9","9","0","0","9","1626.91","0","0","0","0","0","0","9","0","0","9",
"Y12238","X0027JGPVX","B0DRVLXP8M","4 Pack TPMS Tyre Valve Stems, Universal Rubber Snap-In Replacement Valve Stem Kit with Pre-Installed Core, Protective Cap & Mounting Screw, Leak-Proof Tyre Pressure Sensor Valve for Car Automotive Use","New","3.49","No",,"Yes","0","0","0","0","0","69.97","0","0","0","0","0","0","0","0","0","0",
"Y12239","X0027IS35F","B0DRVKCSKJ","Pack of 6 Blue 20mm Round Faux Horn Sew On Plastic Buttons for Coats Jackets Cardigans Flat 4 Holes 32L","New","5.09","No",,"Yes","59","59","0","0","59","39.98","0","0","0","0","0","0","59","0","0","59",
"Y12240","X0027JGMM5","B0DRVMJJ8C","Pack of 6 Dark Brown 20mm Round Faux Horn Sew On Plastic Buttons for Coats Jackets Cardigans Flat 4 Holes 32L","New","4.69","No",,"Yes","26","23","0","3","27","39.98","0","0","1","0","0","0","23","0","0","23",
"Y12241","X0027IS4J5","B0DRVJLV7Y","Keyed Hasp Lock Hasp and Staple with Padlock,Heavy Duty Shed Lock Door Lock Hasp Twist Knob Keyed Locking Hasp Safety Door Clasp Gate Lock with Key for Cabinets Cupboard Drawer Gate (2.5Inch)","New","5.99","No",,"Yes","27","27","0","0","57","19.5","0","30","0","0","0","0","27","0","0","27",
"Y12243","X0027E7LAR","B0DRT9Q19Y","RSYHVG 25 LURE WIRE TRACES spinning pike fishing swivel zander","New","4.59","No",,"Yes","24","23","0","1","24","59.98","0","0","0","0","0","0","23","0","0","23",
"Y12244","X0027E14ZF","B0DRTBZCP7","RSYHVG 10 LURE WIRE TRACES spinning pike fishing swivel zander","New","4.09","No",,"Yes","20","20","0","0","80","24.25","0","60","0","0","0","0","20","0","0","20",
"Y12247","X0027E3DV3","B0DRTBGSMC","Picture Hooks (60 PCS) Picture Hanging Kit Assorted Picture Hanging Hooks Non-Trace Hard Wall Hanger Hook White Picture Hanger Set","New","6.09","No",,"Yes","38","37","0","1","38","549.95","0","0","0","0","0","0","37","0","0","37",
"Y12249","X0027E7LHZ","B0DRTBD24M","Damage Free Picture Hangers Self Adhesive No Nail Frame Hooks with Removable Adhesive Strips Heavy Duty Wall Hanger for Home Office Dorm Smooth Surfaces","New","5.89","No",,"Yes","8","5","0","1","8","408.04","0","0","0","1","0","0","5","0","1","6",
"Y12256","X0027JAWSF","B0DRVB69XC","Torpedo Switch, 2.5Amp Inline Switch White for Small Appliance or Lamp Accepts 2 Core Flat Wire-4 Pack","New","5.19","No",,"Yes","3","2","0","0","23","573.71","0","20","0","1","0","0","2","0","0","2",
"Y12259","X0027JBEVT","B0DRVFMVMW","RSYHVG Multi-Purpose Suction Cup Hooks, 12 Pack Clear Reusable PVC Sucker Pads with Metal Hook, Heavy Duty Plastic Suction Hooks for Bathroom Kitchen Shower Wall Window Glass Door 1.77 Inches","New","5.49","No",,"Yes","22","21","0","1","52","243.02","0","30","0","0","0","0","21","0","0","21",
"Y12262","X0027KNE61","B0DRYL7M26","RSYHVG 6PCS Swimming Nose Clips & 6PCS Ear Plugs Set Reusable Silicone Waterproof with Storage Case Multicolour","New","4.99","No",,"Yes","0","0","0","0","0","300.05","0","0","0","0","0","0","0","0","0","0",
"Y12263","X0027KB7AB","B0DRYG9XJ5","RSYHVG 4 Pcs Adult Swimming Nose Clips Unisex Reusable Adjustable Swim Nose Plugs with Storage Case for Pool Training Diving Surfing Water Sports","New","5.79","No",,"Yes","0","0","0","0","0","451.63","0","0","0","0","0","0","0","0","0","0",
"Y12266","X0027KAYK5","B0DRYDD1FW","2 Pack Large Buggy Clips Locking Carabiner Clips Heavy Duty Aluminum Carabiner Super Durable Lock Carabiner Hook for Camping Hammocks Dog Leash Yoga Swing","New","5.79","No",,"Yes","17","16","0","1","18","363.96","0","0","1","0","0","0","16","0","0","16",
"Y12272","X0027K851P","B0DRYGT9LM","2 Pairs Football Shin Guard Sleeves, Elastic Breathable Anti-Slip Leg Socks, Cut Resistant Plain Black Calf Sleeves for Football Basketball Running Hockey Sports Training","New","5.29","No",,"Yes","0","0","0","0","0","230.07","0","0","0","0","0","0","0","0","0","0",
"Y12275","X0027JEGGJ","B0DRVRJYSP","RSYHVG 6 PCS Multicolor Cat Coffee Tea Spoons, Stainless Steel Hanging Cup Teaspoons, Mini Cute Kitten Stirring Spoons Set","New","5.99","No",,"Yes","12","12","0","0","12","71.94","0","0","0","0","0","0","12","0","0","12",
"Y12278","X0027JH5NF","B0DRVRHXGZ","(Black) Large Paddle Cushion Hair Brush for Blow Drying & Detangling - Comfortable Styling, Straightening & Smoothing - For Women and Men, P083","New","5.69","No",,"Yes","9","8","0","1","59","391.98","0","50","0","0","0","0","8","0","0","8",
"Y12299","X0027JDCJL","B0DRVH1KJS","RSYHVG 4pcs Stainless Steel Finger Guards, Adjustable Kitchen Safe Protector for Chopping Slicing Dicing, Silver","New","4.59","No",,"Yes","44","43","0","1","44","168.95","0","0","0","0","0","0","43","0","0","43",
"Y12300","X0027JDNQX","B0DRVFJC46","10 PCS Suction Cup Hooks Clear Plastic Sucker Pads 30MM Kitchen Suction Hooks Suction Cup Wall Hooks Hangers Window Sucker Hook No Drill For Glass Door Bathroom Shower Christmas Lights Hanging Wreath","New","4.79","No",,"Yes","41","39","0","2","41","489.97","0","0","0","0","0","0","39","0","0","39",
"Y12305","X0027JC8MN","B0DRVKF94H","RSYHVG 2Pcs 80mm Desk Cable Grommets, Zinc Alloy Metal Cable Hole Cover, Round Desktop Cable Organizer for Office Desk, Bronze","New","6.59","No",,"Yes","7","7","0","0","7","571.58","0","0","0","0","0","0","7","0","0","7",
"Y12307","X0027J72QP","B0DRVLJ184","Semi-Automatic Egg Whisk Beater - Stainless Steel Wire Whisk Hand Push Blender Mixer","New","4.49","No",,"Yes","6","3","0","3","36","360.02","0","30","0","0","0","0","3","0","0","3",
"Y12312","X0027IBFV9","B0DRTW5JKM","Draught Excluder for Doors, Windows Brush Seal Weatherstrip 4.9m(L) x 9 mm(W) x 9mm(T) Insulation Tape Draught Excluder for Door, Air Stopper for Sliding Window- Grey,Door Hardware,Draught Excluders","New","4.99","No",,"Yes","0","0","0","0","0","479.98","0","0","0","0","0","0","0","0","0","0",
"Y12319","X0027IBFSH","B0DRTWWHVH","Doorbell Button Replacement, Doorbell Pro Buttons Replacement, Come with 4Pack Buttons / 2Pack Screws, Video Doorbell Buttons Compatible with Doorbell Pro, Repair Split Cracked Broken Button (Black)","New","5.69","No",,"Yes","1","0","0","0","51","75.05","0","50","0","1","0","0","0","0","0","0",
"Y12322","X0027IRBB7","B0DRV92NT8","RSYHVG 10 PCS Universal Inner Bike Brake Cable, 1.75m Bicycle Brake Inner Wire Cable for Mountain and Road Bike, Inner Wire Cable Replacement for Bicycle MTB","New","7.29","No",,"Yes","10","10","0","0","10","2455.27","0","0","0","0","0","0","10","0","0","10",
"Y12323","X0027JCVZR","B0DRVRDBF2","RSYHVG Duck Whistle Call,Durable Pvc Lightweight Decoy Caller Rook Callers Outdoor Hunting Hunter Accessory Approx","New","7.69","No",,"Yes","27","24","0","3","67","82.43","0","40","0","0","0","0","24","0","0","24",
"Y12352-1","X0027JGDKL","B0DRVKHMV5","RSYHVG 560Pcs Clear Double Sided Mounting Putty Sticky Dots Removable Waterproof Adhesive Tack for Home Office School Decor","New","4.99","No",,"Yes","10","10","0","0","40","159.94","0","30","0","0","0","0","10","0","0","10",
"Y12355","X0027IRN4R","B0DRVFT8NJ","RSYHVG UK 4 Pack Reusable Cotton Face Masks, 2 Navy Blue, 2 Black Mask with Nose Wire for Glass Wearers, 3-Ply Washable & Breathable Fabric with Filter Pocket & Adjustable Loops","New","7.29","No",,"Yes","24","24","0","0","24","536.51","0","0","0","0","0","0","24","0","0","24",
"Y12365","X0027JDO67","B0DRVFH5YY","RSYHVG Retro Round Eyeglasses Metal Frame Clear Lens Glasses Vintage Eyeglasses, round metal frame glasses, Unisex","New","4.69","No",,"Yes","25","24","0","1","25","235.15","0","0","0","0","0","0","24","0","0","24",
"Y12380","X0027JC8AF","B0DRVLHQSL","4 Pack Wide Headbands for Women Extra Large Turban Headband Boho Head Wrap Elastic Hairbands Hair Twisted Knot Hair Accessories","New","6.09","No",,"Yes","70","68","0","2","70","527.99","0","0","0","0","0","0","68","0","0","68",
"Y12382","X0027JGJDH","B0DRVMLTFM","RSYHVG Compass for Navigation, Vintage Pocket Compass with Luminous Function, Pure Copper Shell, Waterproof, Perfect for Camping/Orienteering/Hiking/Marching and Collection","New","4.79","No",,"Yes","16","15","0","1","16","71.94","0","0","0","0","0","0","15","0","0","15",
"Y12384","X0027JDQ3D","B0DRVM642W","RSYHVG Elastic Stretch Belt for Men Breathable Belt Outdoor Sports Belt Work Belt, Width 3.8cm, Mens Elastic Belt with Plastic Buckle","New","5.39","No",,"Yes","0","0","0","0","0","342","0","0","0","0","0","0","0","0","0","0",
"Y12385","X0027JGQRV","B0DRVL8R3X","RSYHVG No Buckle Elastic Belt - Invisible Adjustable Waist for Men, No Show Stretch Buckless Unisex for Jeans Pants","New","3.79","No",,"Yes","15","15","0","0","15","119.95","0","0","0","0","0","0","15","0","0","15",
"Y12386","X0027JGJ2N","B0DRVLB5Z7","RSYHVG 2PCS Velvet Bow Hair Clips Large Vintage French Hair Barrettes with Long Ribbon for Women Black & Red","New","4.59","No",,"Yes","0","0","0","0","0","195.99","0","0","0","0","0","0","0","0","0","0",
"Y12388","X0027JD8WH","B0DRVLXX5Z","Bow Hair Clip, Velvet Hair Bows for Women Red Big Bowknot Hairpin French Hair Clips with Long Ribbon Solid Color Hair Barrette Clips Vintage Hair Accessories for Women Girls","New","4.79","No",,"Yes","42","38","1","3","42","195.99","0","0","0","0","0","0","38","0","0","38",
"Y12389","X0027JD8K9","B0DRVMLMNC","RSYHVG Soft Tape Measure 205cm/80Inch Dual Sided Retractable Measuring Tape for Sewing Tailor Craft Body Measurement Black","New","5.49","No",,"Yes","20","19","1","0","20","234.01","0","0","0","0","0","0","19","0","0","19",
"Y12391","X0027JJCJ5","B0DRVQZ1PH","Small Bull Clips Black, 30 Pcs Mini Binder Paper Clips Tiny Metal Clamps for Bags Tags, Picture Photo, Office (22mm)","New","5.09","No",,"Yes","13","13","0","0","13","119.95","0","0","0","0","0","0","13","0","0","13",
"Y12403","X0027K8O8J","B0DRYCWLCN","RSYHVG 4PCS High Visibility Reflective Armbands, Elasticated Hi Vis Safety Bands for Running Walking Cycling","New","3.99","No",,"Yes","30","30","0","0","30","149.94","0","0","0","0","0","0","30","0","0","30",
"Y12404","X0027K5ACR","B0DRYFNNH4","RSYHVG High Visibility Reflective Vest Adjustable Safety Gear for Running Cycling Walking Green","New","4.69","No",,"Yes","51","49","0","2","51","499.97","0","0","0","0","0","0","49","0","0","49",
"Y12409","X0027E2Y9F","B0DRTBGR3S","RSYHVG 60 Pcs Black Gutter Hooks for Outdoor String Lights, Gutter Clips for Fixing Icicle Lights String Lights on Halloween Xmas Decorations Outdoor Garden Tree Window","New","4.99","No",,"Yes","10","10","0","0","40","369.53","0","30","0","0","0","0","10","0","0","10",
"Y12411","X0027E7LAH","B0DRTBJZY9","RSYHVG 60 Pcs Gutter Hooks for Outdoor String Lights, Gutter Clips for Fixing Christmas Icicle Lights String Lights on Halloween Xmas Decorations Outdoor Garden Tree Window","New","4.79","No",,"Yes","27","27","0","0","27","369.53","0","0","0","0","0","50","27","0","0","27",
"Y12415","X0027E1UGN","B0DRTB5QXS","Fishing Line, 0.14mm / 100m Monofilament Fishing Line, Nylon Transparent Fishing Line","New","3.39","No",,"Yes","0","0","0","0","0","158.95","0","0","0","0","0","0","0","0","0","0",
"Y12417","X0027E7JG3","B0DRT9ZNY5","RSYHVG 10pcs Self Adhesive Rectangular Reflectors, Red & Silver, 15x5cm, With Fixing Holes, For Trailer Car Van Caravan Truck Gate Posts","New","5.89","No",,"Yes","18","18","0","0","18","362.48","0","0","0","0","0","0","18","0","0","18",
"Y12420","X0027DWZYZ","B0DRT9XN39","RSYHVG Light Clips Hooks, 50 PCS Gutter Hooks for Outdoor String Lights Gutter Clips for Hanging Outdoor Lights Village Accessories","New","5.09","No",,"Yes","2","2","0","0","31","270.06","0","29","0","0","0","0","2","0","0","2",
"Y12423","X0027E1UGX","B0DRT9JXFF","RSYHVG 100pcs Self Adhesive Cable Clips, Small White Wire Holders, Cable Management for Home Office Car Wall Desk","New","4.39","No",,"Yes","2","0","0","1","2","144.04","0","0","0","1","0","0","0","0","0","0",
"Y12428","X0027JBFU9","B0DRVH6KXT","Car Rocker Switch ON/Off Double-Sided Adhesive Installation Surface Mount Button Switch for Power Switches LED Light Strip Fog Lamp Daytime Running Light","New","6.39","No",,"Yes","49","36","0","0","49","184.85","0","0","0","0","0","0","36","0","13","49",
"Y12429","X0027J6P3V","B0DRVHF54Q","Professional Microphone Pop Filter for Blue Yeti, Mic Shock Mount, ASMR Microphone, Dual Layer Mic Pop Filter with Foam Cover & 360° Flexible Gooseneck, Enhanced Sound Shield Guard","New","6.49","No",,"Yes","33","32","0","0","63","2277.64","0","30","0","1","0","0","32","0","0","32",
"Y12432","X0027JA37F","B0DRVGLLWS","RSYHVG Sticky Fabric Tape Double-Sided Tape Adhesive Cloth Tape Press-on Tape, No Sewing, Gluing, or Ironing, Alterations and Hemming Tool (1 Piece, 3/5 Inch x 164 Feet)","New","4.19","No",,"Yes","1","1","0","0","1","293.98","0","0","0","0","0","0","1","0","0","1",
"Y12433","X0027JBF13","B0DRVGFBVF","Pink High Visibility Vest for Children Kids High Hi Vis Vests Safety Vest Unisex Children's Safety Vest Reflective Gear Jacket in The Dark for 2-4 Years Boys Girls Gift Play Outside Ride Bike","New","5.99","No",,"Yes","47","46","0","1","117","782.97","0","70","0","0","0","0","46","0","0","46",
"Y12438","X0027JZB4P","B0DRXC28PJ","RSYHVG Keychain with Snap Hook Carabiner Clips, Paracord Keychain Carabiner Clips with Locking D Ring Hooks Hangers, Heavy Duty Lanyard Key Chain for Car Keys, Backpack, Tools,Men, Women,black orange","New","4.59","No",,"Yes","0","0","0","0","20","59.98","0","20","0","0","0","0","0","0","0","0",
"Y12446","X0027JCQ89","B0DRVRGFT6","10 Pcs Tiny Hands, Finger Puppets Little Finger Mini Finger Hands Little Left and Right Hands, Funny Finger Hand for Joke Toys, Prank Game, Video Shooting Prop, Human-pet Interaction (10 Pcs)","New","6.79","No",,"Yes","47","40","0","6","47","724.64","0","0","0","0","0","0","40","0","1","41",
"Y12447","X0027JZKTL","B0DRXDXHY9","RSYHVG Interactive Dog Toys for Boredom Dog Puzzle Toys Puppy Teething Toys for Small and Large Dogs Dog Chew Toys Treat Dispenser Ball (Small, Orange)","New","5.99","No",,"Yes","0","0","0","0","30","125.03","0","30","0","0","0","0","0","0","0","0",
"Y12449","X0027K1N19","B0DRXFZH88","RSYHVG 2pcs Car Interior Cleaning Tool Brush with Cover, Car Interior Brushes Soft Bristles Detailing Dusting Brush Curved Crevice Beauty Brush for Car Dashboard, Screen, Scratch-Free Cleaning Brush.","New","3.99","No",,"Yes","15","11","0","2","15","187.14","0","0","0","0","0","0","11","0","2","13",
"Y12464","X0027IRNAL","B0DRVFCSC7","RSYHVG 3-in-1 Avocado Tool Slicer Pitter Scoop with Soft Grip Handle Green Kitchen Gadget","New","5.19","No",,"Yes","5","4","0","1","35","402.47","0","30","0","0","0","0","4","0","0","4",
"Y12466","X0027JDC0P","B0DRVJMZSP","Grape Cutter for Toddlers 1-3, Fruit Slicer for Tomato Cherry Strawberry Olive Multi Grape Quarter Cutter Tool for Baby Stainless Steel Kitchen Gadgets with Ergonomic Non-Slip Handls","New","6.19","No",,"Yes","21","21","0","0","21","357.07","0","0","0","0","0","0","21","0","0","21",
"Y12488","X0027JHXHN","B0DRVLJKBS","Foundation Makeup Brushes, 2Pcs Premium Double-Ended Makeup Brush (Flat/Angled/Angled Round/Tapered Top) for Buffing Liquid, Cream, Powder, Blending Face Brush","New","6.49","No",,"Yes","31","24","0","6","152","277.43","0","120","1","1","0","0","24","0","0","24",
"Y12491","X0027JGG9T","B0DRVMVP3V","Women Small Hair Clips Barrettes Grips, 3 PC Hair Claw for High Ponytail Diamante Sparkly Hair Accessories Crystal Hairpins, Wedding Guest Everyday Wear Prom Party Ponytail Holder Women Girls Gift","New","5.39","No",,"Yes","41","29","0","0","61","127","0","20","0","0","0","0","29","0","12","41",
"Y12493","X0027JGEJ1","B0DRVJ2KV8","RSYHVG No Tail Adjustable Eyewear Retainer Cable Strap: Sunglasses, Eyeglasses, Glasses","New","3.49","No",,"Yes","0","0","0","0","0","33.59","0","0","0","0","0","0","0","0","0","0",
"Y12494","X0027JE7I1","B0DRVKBDMJ","RSYHVG Men's Solid Colour Skinny Necktie Classic Slim Polyester Tie Formal Business Wedding Office Party Elegant Adult Fashion Accessory","New","3.79","No",,"Yes","0","0","0","0","0","300.05","0","0","0","0","0","0","0","0","0","0",
"Y12497","X0027J70N5","B0DRVK54KB","RSYHVG Womens Wide Elastic Waist Belt Cinch Belt Trimmer Stretch Waistband","New","4.09","No",,"Yes","0","0","0","0","30","264","0","30","0","0","0","0","0","0","0","0",
"Y12498","X0027JGFAJ","B0DRVLG5GK","RSYHVG Womens 1"" Width Bow Skinny Elastic Waist Belt Stretchy Belt Thin Belt","New","4.69","No",,"Yes","6","6","0","0","36","391.98","0","30","0","0","0","0","6","0","0","6",
"Y12499","X0027IS1I9","B0DRVKCNZ7","RSYHVG Invisible Elastic Stretch Belt for Women Ladies No Show Adjustable Belt for Jeans Dress","New","4.19","No",,"Yes","17","17","0","0","17","105.04","0","0","0","0","0","0","17","0","0","17",
"Y12500","X0027IS1JN","B0DRVKVJVK","RSYHVG Novelty Muscle Man Chef Apron, 100% Polyester Funny Kitchen Apron for Cooking BBQ Grilling Baking Party, Universal One Size Black","New","4.39","No",,"Yes","27","27","0","0","27","511.93","0","0","0","0","0","0","27","0","0","27",
"Y12501","X0027JHW5L","B0DRVJPLMJ","RSYHVG Mens Funny Oktoberfest Aprons Sexy Novelty BBQ Apron for Women Men Beer Festival Apron Cooking Kitchen Barbecue Apron for Party Apron Gift","New","5.79","No",,"Yes","33","33","0","0","33","300.05","0","0","0","0","0","0","33","0","0","33",
"Y12502","X0027JBYYV","B0DRVJGMPJ","RSYHVG Funny Novelty Muscle Man Apron - Sexy Red Cooking Apron for Kitchen BBQ Party, Gag Gifts for Men Women Adults","New","5.19","No",,"Yes","5","4","0","1","55","307.26","0","50","0","0","0","0","4","0","0","4",
"Y12503","X0027JEABF","B0DRVMPYJ5","Bonnet for Men, Silk Satin Sleep Cap Single Layer Elastic Band Stretchy Tie Band Wide Soft Adjustable Hair Cap Large Silk Bonnets for Women Curly Hair Sleeping Black","New","4.19","No",,"Yes","41","40","0","1","44","337.57","0","0","3","0","0","0","40","0","0","40",
"Y12506","X0027ISEXB","B0DRVP5TG7","Messy Bun Hair Piece, Tousled Updo Elastic Hair Bun Hair Piece for Women Synthetic Messy Hair Bun Donut Accessories Scrunchies - Ash Blonde with Highlights","New","4.99","No",,"Yes","8","6","1","1","8","199.92","0","0","0","0","0","0","6","0","0","6",
"Y12509","X0027K81TB","B0DRYGB2NK","RSYHVG Wine Red Velvet Ribbon 2.5cm Wide 5 Yards, Single-Sided Vintage Ribbon for Gift Wrapping, DIY Crafts, Christmas & Home Decor","New","4.19","No",,"Yes","14","14","0","0","14","250.07","0","0","0","0","0","0","14","0","0","14",
"Y12510","X0027K8M59","B0DRYFCMN6","RSYHVG 2 Rolls of Red Organza Chiffon Ribbon, 20mm x 45m Each, for DIY Crafts, Gift Wrapping, Birthday Party Decoration","New","5.69","No",,"Yes","0","0","0","0","0","800.02","0","0","0","0","0","0","0","0","0","0",
"Y12511","X0027K93YD","B0DRYFP2BZ","2 Pack Gold Organza Ribbon, Glitter Decorative Wrapping Ribbon, Solid Colour Sheer Trimming for Christmas, Wedding, Valentine's Day, Gift Wrapping, DIY Crafts and Party Decoration","New","4.19","No",,"Yes","0","0","0","0","0","300.05","0","0","0","0","0","0","0","0","0","0",
"Y12513","X0027KBRSD","B0DRYCNZF4","25 Slots Empty Bobbin Box, Bobbin Organizer Plastic Case, Transparent Bobbins Spools Box, Sewing Craft Plastic Case Storage Box for Sewing Machine (2Pcs Box)","New","5.39","No",,"Yes","13","13","0","0","13","400.01","0","0","0","0","0","0","13","0","0","13",
"Y12516","X0027KAQE9","B0DRYFY7ZY","Drawstring Cord Replacement Drawstrings for Jogger Sweatpant Hoodie","New","3.99","No",,"Yes","36","35","0","1","36","99.96","0","0","0","0","0","0","35","0","0","35",
"Y12517","X0027KB7N3","B0DRYDQ38S","4 Pcs Waist Drawstring Cord, Extra Long Trouser Drawstring Cord, 162cm Long Encrypted Cotton Ropes with Metal Tips, Ideal for Hoodies Sweatpants Jackets Bags, 4 Colors for All Your Fashion DIY Needs","New","4.99","No",,"Yes","11","9","0","2","11","449.99","0","0","0","0","0","0","9","0","0","9",
"Y12518","X0027KBSEV","B0DRYFRXBF","RSYHVG Soft Measuring Tape 2 Pack, Double Sided 60Inch/150cm, For Sewing Tailoring Body Craft, Red & Black","New","3.49","No",,"Yes","0","0","0","0","0","99.96","0","0","0","0","0","0","0","0","0","0",
"Y12521","X0027E3CPF","B0DRT9BQ4B","RSYHVG 5 PCS Sports Eyeglass Strap Sunglasses Lanyard Adjustable Non-Slip Eyewear Retainer Glass Cord for Running Camping Reading Outdoor (Black)","New","3.99","No",,"Yes","0","0","0","0","0","224.99","0","0","0","0","0","0","0","0","0","0",
"Y12522","X0027DZ56Z","B0DRT9VKB3","RSYHVG Real Leather Glasses Case Slim Soft Pouch Sleeve for Reading Spectacles with Glass Cleaning Cloth, Slim Glasses Case","New","5.09","No",,"Yes","16","15","0","0","46","111.92","0","30","0","0","0","0","15","0","1","16",
"Y12523","X0027E3CZ5","B0DRT9ZZBX","RSYHVG 6 Pcs Ladies Cotton Handkerchiefs, 11x11 Inch White Embroidery Floral Hankies with Lace Edge for Women","New","5.39","No",,"Yes","3","3","0","0","43","192.06","0","40","0","0","0","0","3","0","0","3",
"Y12525","X0027E1UL3","B0DRT9SJGL","RSYHVG Men Oversized Double Layer Velvet Pre-Tied Bow Tie, Solid Color Formal Tuxedo Bowtie for Wedding Party Prom","New","4.39","No",,"Yes","8","5","0","3","8","240.07","0","0","0","0","0","0","5","0","0","5",
"Y12526","X0027J7LLB","B0DRTSTL6F","Men's Solid Satin Cummerbund Adjustable Elastic Back Silk Like Formal Waistband Adult Classic Plain Design for Tuxedo Wedding Party Prom Black","New","5.59","No",,"Yes","5","3","0","2","35","585.02","0","30","0","0","0","0","3","0","0","3",
"Y12527","X0027E7JYZ","B0DRTB66LF","Hair Ties| Bands 12 Packs for Woman| Girls, Skinny Silk Satin Hair Scrunchies, Small Ponytail Holders No Damage Breakage for Thin/Thick Curly Long Fine Hair (Black)","New","4.39","No",,"Yes","24","24","0","0","24","199.92","0","0","0","0","0","0","24","0","0","24",
"Y12528","X0027J9SAD","B0DRVG32SJ","Pure Mulberry Silk Scrunchies, 22 Momme Skinny Hair Ties, Luxurious Elastic Silk Ponytail Holders, Hair Friendly Black Scrunchies Set of 5 for Women Daily Hairstyle","New","6.19","No",,"Yes","9","9","0","0","9","234.01","0","0","0","0","0","0","9","0","0","9",
"Y12529","X0027DWZXL","B0DRT9R94B","Silk Scrunchies for Frizz Prevention, Mulberry Silk Hair Scrunchies for Prevention of Breakage, Elastic Polytail Tail Supports, Black+Pink","New","4.59","No",,"Yes","12","12","0","0","42","363.96","0","30","0","0","0","0","12","0","0","12",
"Y12530","X0027E3FOX","B0DRTBK6Z8","Red Hair Bow with Long Tail, French Ribbon Bowknot Hairpins, Soft Silky Satin Hair Clip Big Bow Barrettes Aesthetic Hairclips with Metal Clips Ponytail Hair Barrette 90's Accessories Decor","New","5.09","No",,"Yes","27","27","0","0","77","199.92","0","50","0","0","0","0","27","0","0","27",
"Y12534","X0027K1BWP","B0DRXD8SKJ","RSYHVG White Shredded Tissue Paper for Gift Boxes Stuffing 100 g Hampers Filling and Packaging Filler, Soft Shreds Raffia Paper Suitable Party Easter Christmas Father's Day","New","6.39","No",,"Yes","10","10","0","0","10","2207.17","0","0","0","0","0","0","10","0","0","10",
"Y12536","X0027K170L","B0DRXF5P92","RSYHVG 52pcs Alphabet A to Z Patches, Iron on Sew on Letters for Clothes, Classic White","New","4.59","No",,"Yes","0","0","0","0","30","85.05","0","30","0","0","0","0","0","0","0","0",
"Y12540","X0027JJCO5","B0DRVRB33S","Upgraded Kitchen Sink Plug Strainer Stainless Steel Strainers Sink Plugs Replacement Drain Stopper for Food/Hair Catcher - UK Sinks Hole Diameter 78mm","New","4.39","No",,"Yes","35","25","0","0","35","308.08","0","0","0","0","0","0","25","0","10","35",
"Y12541","X0027JCQQV","B0DRVRRXKM","RSYHVG Invisible Ring Size Adjuster Clear Transparent TPU Ring Sizer Semicircular Loose Ring Reducer Assorted 8 Sizes Universal Fit for Men Women Jewellery Rings","New","3.69","No",,"Yes","1","1","0","0","1","77.35","0","0","0","0","0","0","1","0","0","1",
"Y12552","X0027JDNCR","B0DRVGJNH2","Potato Peelers Vegetable Peeler - Premium Stainless Steel Y-Shaped Rotatable Multifunctional Apple Peeler, Good Grip & Durable Peeling Tool for Kitchen, Vegetables, Fruits","New","6.09","No",,"Yes","11","11","0","0","11","328.4","0","0","0","0","0","0","11","0","0","11",
"Y12553","X0027J6MON","B0DRVH7FQC","RSYHVG 10 Sheets/660 PCS Double Sided Sticky Pads 12mm 3D Foam Sticky Pads Square Foam Pads for Card Making Scrapbooking DIY Art Craft Home and Office Supplies","New","5.99","No",,"Yes","35","31","0","4","55","283","0","20","0","0","0","0","31","0","0","31",
"Y12555","X0027J6MF7","B0DRVD9KTG","RSYHVG Double Sided Foam Mounting Tape, Waterproof Heavy Duty Adhesive Sponge Tape, PU Acrylic Glue Weather Resistant Tape for Automotive Car Trim Number Plate Craft General Mounting","New","5.09","No",,"Yes","10","9","0","1","10","722.51","0","0","0","0","0","0","9","0","0","9",
"Y12559","X0027J9ZPB","B0DRVFFHQW","Adhesive Nail Tabs for Press On Nails - 300PCS Ultra Thin & Waterproof False Nail Sticky Tabs for Fake Nails in 15 Sizes, 10 Sheets Double Sided Jelly Nail Adhesive Stickers for Manicure","New","4.49","No",,"Yes","13","13","0","0","43","185.67","0","30","0","0","0","0","13","0","0","13",
"Y12565","X0027K0VC1","B0DRX4FBZJ","Messy Hair Scrunchies Bun Extensions Curly Wavy Pieces For Women Updo Ponytail Extensions Donut Chignons Accessories - Natural Black","New","5.39","No",,"Yes","18","18","0","0","58","495.05","0","40","0","0","0","0","18","0","0","18",
"Y12567","X0027K1A6H","B0DRX25473","Magnetic Wrist Sewing, Portable Arm Pin Cushion Magnetic Pincushion with Wristband (Pink)","New","4.79","No",,"Yes","11","11","0","0","41","215.98","0","30","0","0","0","0","11","0","0","11",
"Y12570","X0027K0KI1","B0DRX2D1LN","False Eyelashes Fluffy Fox Eye Lashes Sexy Cat Eye Eyelashes Soft Winged Angel Fake Lashes Wispy Lightweight Faux Mink Lashes (5 Pairs)","New","4.49","No",,"Yes","4","2","0","1","24","153.06","0","20","0","0","0","0","2","0","1","3",
"Y12573","X0027KFXG5","B0DRYHTSZH","RSYHVG 4 PCS Velvet Drawstring Gift Bags, Multicolour Soft Flannel Jewellery Pouches, Reusable Storage Bags 13.5x20 cm","New","4.99","No",,"Yes","32","32","0","0","32","270.06","0","0","0","0","0","0","32","0","0","32",
"Y12575","X0027KB86T","B0DRYFY4MW","Bathtub Sink Strainer, Stainless Steel Shower Bathtub Drain Hair Catcher, Bathroom Sink Drain Strainer, 3 Pack","New","4.59","No",,"Yes","26","26","0","0","26","306.6","0","0","0","0","0","0","26","0","0","26",
"Y12576","X0027JDHJ1","B0DRVHGHMM","Gold U Shaped French Hair Pin, Minimalist Slide Metal Hair Clip, Zinc Alloy Bun Hairpin, Elegant Updo Hair Accessories for Adult Women, Suitable for Thick Curly All Hair Types Casual Formal Daily Use","New","3.99","No",,"Yes","3","3","0","0","33","97.99","0","30","0","0","0","0","3","0","0","3",
"Y12577","X0027JILC9","B0DRVPZFN8","60Pcs Waterproof Ear Covers - Clear Ear Stickers Patches for Shower Swimming Surfing Snorkeling Water Sports, Breathable Protection for Baby Kids Adults","New","6.39","No",,"Yes","19","13","0","5","79","201.56","0","60","0","1","0","0","13","0","0","13",
"Y12579","X0027JCJE5","B0DRVQ4DGP","Ladies 100% 60S Cotton Handkerchiefs Womens Soft Solid Pure White Hankies for Wedding Party DIY 6 Pieces 29x29cm Christmas Gifts","New","5.19","No",,"Yes","13","13","0","0","13","378.05","0","0","0","0","0","0","13","0","0","13",
"Y12590","X0027KANIX","B0DRXWDV7V","Gold Glitter Happy Engagement Banner, Pre-Strung No DIY Party Bunting Banner, Premium Cardstock Sparkling Decoration for Engagement Party Bridal Shower Wedding Reception","New","4.89","No",,"Yes","0","0","0","0","0","374.94","0","0","0","0","0","0","0","0","0","0",
"Y12591","X0027JB6U3","B0DRVDT38Z","Disposable Tea Filter Bags - 7x8cm Small Empty Paper Unbleached Biodegradable Pouches with Drawstring for Loose Tea, Coffee Grounds, DIY Herbal Tea Bags (Original Color, 100PCS)","New","5.09","No",,"Yes","43","40","0","3","43","181.08","0","0","0","0","0","0","40","0","0","40",
"Y501141","X0028TBNIH","B0DY7WBBHW","RSYHVG Stainless Steel Nutcracker Tool, Threaded Pressure Nut Cracker for Walnuts Pecans Almonds Hazelnuts Macadamia Nuts, Triangular Design Kitchen Nut Opener","New","5.99","No",,"Yes","50","49","0","1","50","224.99","0","0","0","0","0","0","49","0","0","49",
"Y501144","X0028TAQ8Z","B0DY7VL5JW","Tyre Valve Stem Caps, 8PCS Universal Dust Caps for Car Motocycle Bike Tire Wheel Covers (Red)","New","4.39","No",,"Yes","12","12","0","0","42","59.98","0","30","0","0","0","20","12","0","0","12",
"Y501146","X0028TEXQB","B0DY7VT5TY","24pcs Hijab pins Pearl Hijab clips for Muslim Women Scarves Brooch Jersey Hijab Scarf Clip Shawl Pin Hijab Clips Hijab Pins Pearl Function Same As Hijab Magnets","New","6.19","No",,"Yes","0","0","0","0","0","71.94","0","0","0","0","0","0","0","0","0","0",
"Y501147-1","X00293FUOP","B0DZHGQPQQ","RSYHVG 2pcs -C Letter Opener, Metal Openers for Ladies Men Openers Envelope Express File Document Unpack Box Packages Cutter Split File Envelopes Stationery for School Office Home","New","4.79","No",,"Yes","0","0","0","0","0","31.95","0","0","0","0","0","0","0","0","0","0",
"Y501164","X00290C63L","B0DZ5FTNG7","RSYHVG Nutcracker,Nut Crackers Heavy Duty with Non-Slip Handle,Stainless Steel Nut Opener Tool for Walnut Hazelnut Almonds Pecan Seafood","New","5.99","No",,"Yes","12","12","0","0","12","61.94","0","0","0","0","0","0","12","0","0","12",
"Y501165","X00290DJSR","B0DZ637YS2","RSYHVG 16PCS Cocktail Picks, Reusable Stainless Steel Toothpicks Martini Olive Skewers, Upgrade Metal Drinks Skewers Garnish Sticks","New","5.59","No",,"Yes","0","0","0","0","120","135.03","0","120","0","0","0","0","0","0","0","0",
"Y501166","X00290DK0J","B0DZ57TR9D","Set of 2 Angled Offset Icing Spatula, Food Grade Stainless Steel Frosting Spatula with Non Slip Plastic Handle, Professional Cake Decorating Baking Tool, Dishwasher Safe","New","6.09","No",,"Yes","0","0","0","0","0","383.95","0","0","0","0","0","0","0","0","0","0",
"Y501168-1","X00293GVJX","B0DZHKFHFK","RSYHVG Cat Spring Toys 24 Pack for Cats & Kittens, BPA-Free Plastic Coil Spiral Springs, Interactive Indoor Pet Toys, Random Colours","New","4.69","No",,"Yes","0","0","0","0","70","215.98","0","70","0","0","0","0","0","0","0","0",
"Y501176","X0028T7XOZ","B0DY7TSSYP","RSYHVG PUBG Mobile Finger Sleeve, Pack of 6 Finger Sleeves for Gaming, Anti-sweat Thumb Sleeves for Mobile Gaming, Breathable Pro Gaming Finger Gloves, Touch Screen Finger Sleeves","New","5.49","No",,"Yes","23","21","0","2","23","119.95","0","0","0","0","0","0","21","0","0","21",
"Y501177","X0028TA5MR","B0DY7SF7G6","RSYHVG PUBG Mobile Phone Finger Sleeves for Gaming | Anti-Sweat Breathable Finger Sleeve Gloves for Gaming | Thumb Sleeves Mobile Gaming | Gamer Gloves | Pack of 10 (Blue)","New","4.39","No",,"Yes","0","0","0","0","30","99.96","0","30","0","0","0","0","0","0","0","0",
"Y501180-1","X00293FWMF","B0DZHF872Z","RSYHVG Resistance Band, Elastic Squats, Yoga Stretching Training Band, Glutes, Hip, Leg Fitness Ring, Yoga, Pilates, Sports, Exercise","New","4.59","No",,"Yes","0","0","0","0","0","300.05","0","0","0","0","0","0","0","0","0","0",
"Y501182","X0028TDLT1","B0DY7SW3ZD","10 Pieces Curly Straws, Silly Straws, Plastic Straws Reusable, Novelty Curly Party Straws for Kids Birthday, Party Straws for Home Bar Beverage Shop Weddings Birthdays Family Reunion","New","5.69","No",,"Yes","15","12","0","3","55","93.57","0","40","0","0","0","20","12","0","0","12",
"Y501183","X00293FW1B","B0DZHGLDG9","RSYHVG Pizza Cutter, Motorbike Pizza Cutter Wheel with Non-Stick Stainless Steel Super Sharp Blades, Novelty Gift for Pizza Lovers, Pizza Accessories, Black/Red, Ideal for Display and Use","New","5.99","No",,"Yes","1","0","1","0","1","184.85","0","0","0","0","0","15","0","0","0","0",
"Y501196","X00293FTUP","B0DZHGLDGH","RSYHVG Makeup Sharpener for Eyeliner, Lip Liner, and More, Universal Sharpener for All Wooden & Plastic Pencil Sizes","New","3.39","No",,"Yes","9","8","0","1","9","48.01","0","0","0","0","0","0","8","0","0","8",
"Y501198","X0028U6CFP","B0DYDN66ZC","2Pcs Dandruff Comb, Psoriasis Comb, Double Sided Fine Teeth Comb, Lice combs Psoriasis comb Fine tooth comb Dandruff comb remover Removal Fleas,Lice,Dandruff and Tangled Hair(green)","New","4.89","No",,"Yes","70","48","0","1","70","221.39","0","0","0","0","0","0","48","0","21","69",
"Y501199","X0028WE53T","B0DYNRKW3C","RSYHVG 6Pcs Stainless Steel Measuring Spoons Set 18/8 Food Grade Metric & Imperial for Baking Cooking Silver","New","5.29","No",,"Yes","27","27","0","0","27","162.56","0","0","0","0","0","0","27","0","0","27",
"Y501201","X0028WHW4D","B0DYNKSM7X","51mm 2 Cup Stainless Steel Non-Pressurized Espresso Filter Baskets, Pack of 1 Replacement Coffee Filter Bowls, Portafilter Not Included","New","6.69","No",,"Yes","58","58","0","0","58","174.69","0","0","0","0","0","0","58","0","0","58",
"Y501212","X00293GX2X","B0DZHDW536","2PSC RSYHVG Pill Boxes 7 Day 1 Times a Day - Pill Organiser Weekly Tablet Box | Daily Organiser with Dosset Compartments | Conveniently Sized Portable Medicine Storage Box (Pink)","New","3.99","No",,"Yes","0","0","0","0","0","179.93","0","0","0","0","0","30","0","0","0","0",
"Y501213","X00293GUPN","B0DZHCW732","2PSC RSYHVG Pill Boxes 7 Day 1 Times a Day - Pill Box Organiser Weekly Tablet Box | Daily Pill Organiser with Dosset Compartments | Conveniently Sized Portable Medicine Storage Box (White)","New","4.49","No",,"Yes","30","20","0","0","60","179.93","0","30","0","0","0","0","20","0","10","30",
"Y501231","X0028WHXDN","B0DYNPGKCG","RSYHVG 2PCS Animal Medicine Feeder Pill Dispenser Feeding Dispenser Tool Side Grip Press Type with Plastics for Feeding Small Dogs Cats Animals White","New","5.09","No",,"Yes","0","0","0","0","0","126.02","0","0","0","0","0","0","0","0","0","0",
"Y501232","X0028WIBXT","B0DYNS28SL","RSYHVG Digital Kitchen Timer, Big Digits, Loud Alarm, Magnetic Back, Retractable Stand, Count Up & Down, 99Min59Sec, White","New","5.19","No",,"Yes","28","28","0","0","28","139.95","0","0","0","0","0","0","28","0","0","28",
"Y501233","X0028WJEY9","B0DYN9VMKJ","RSYHVG Hockey Stick Tape,Non Slip Hockey Grip Tape, Self-Adhesive Ice Hockey Tape, Sweat Absorbent Grip Cloth Tape for Hockey, Squash Racket, Badminton Grip,Skipping Rope,Fishing Rod","New","5.89","No",,"Yes","1","0","0","0","61","230.4","0","60","0","1","0","0","0","0","0","0",
"Y501245","X0028TUTY1","B0DYDD9MRZ","Door Latch,Roller Ball Door Catch, Stainless Steel Roller Catch, Door Latches for Internal Door with Screws for Home Kitchen Closet Wardrobe Door Cabinet Cupboard-Black","New","6.39","No",,"Yes","45","43","0","2","45","264.98","0","0","0","0","0","0","43","0","0","43",
"Y501251","X00291YRQJ","B0DZCW9GH3","Stanley Straw Cover, 6 Caps, Suitable for 30oz & 40oz Straw Lid Covers, Cup 9-10MM, Stanley Cup Accessories, Toppers Mixed Animals, Silicone Material, Party","New","5.09","No",,"Yes","28","27","0","1","58","345.6","0","30","0","0","0","15","27","0","0","27",
"Y501263","X0028TBR0V","B0DY7TPVDY","7 in 1 Meter Box Key Gas Key Meter Key Utilities Key for Electric Cupboard Cabinet Opening Key Zinc Alloy","New","4.79","No",,"Yes","0","0","0","0","0","159.94","0","0","0","0","0","0","0","0","0","0",
"Y501265","X0028TWFVB","B0DYCBYDVK","Upgraded Kitchen Sink Plug Strainer Stainless Steel Strainers Sink Plugs Replacement Drain Stoppper for Food/Hair Catcher - UK Sinks Hole Diameter 77mm","New","4.09","No",,"Yes","0","0","0","0","90","159.94","0","90","0","0","0","0","0","0","0","0",
"Y501266","X0028U0TR7","B0DYCJWS61","RSYHVG 10PCS 2 Inch Swivel Eye Bolt Snap Hooks Zinc Alloy Spring Loaded Trigger Clips for Pet Leads Keyrings DIY Craft Silver","New","6.89","No",,"Yes","16","15","0","1","16","139.95","0","0","0","0","0","0","15","0","0","15",
"Y501268","X0028TYXYD","B0DYC1HHYF","4Pcs Swivel Snap Hooks, Heavy Duty Zinc Alloy Dog Lead Clips, 360° Rotation Anti-Tangle Black Clasp for Pet Leash Collar Keychain and DIY Craft Use","New","5.59","No",,"Yes","0","0","0","0","30","209.92","0","30","0","0","0","0","0","0","0","0",
"Y501275","X0028XOF8X","B0DYS7SHHC","Baby Round Tip Safety Manicure Nail Scissors and Baby Glass Nail File Set, Stainless Steel, Czech Float Glass, Ideal Shower Gift for Newborns,Toddlers, Infant, Babies,Young Children","New","3.69","No",,"Yes","23","23","0","0","23","129.95","0","0","0","0","0","0","23","0","0","23",
"Y501276","X0028XKCSZ","B0DYSV4YSB","Eyebrow pencil, double-ended design, with automatic eyebrow pencil and spoolie brush, beginner-friendly and easy to use","New","3.79","No",,"Yes","24","22","0","1","24","54.41","0","0","0","1","0","0","22","0","0","22",
"Y501279","X0028TVEFJ","B0DYD1GTF9","Stainless Steel Egg Cup Set 2Pcs Egg Holder with Double Sided Egg Topper Opener Food Grade 304 Metal Egg Cups for Soft Boiled Egg Home Kitchen Daily Breakfast Use","New","6.09","No",,"Yes","0","0","0","0","0","680.06","0","0","0","0","0","0","0","0","0","0",
"Y501280","X0028TVI1T","B0DYDF7PWS","8 Pack Silver Magnetic Necklace Clasps Magnetic Necklaces Clasps Connector Magnetic Bracelets Clasp for Bracelet Necklace Anklets Making (2CM)","New","4.99","No",,"Yes","50","48","0","2","50","16.88","0","0","0","0","0","20","48","0","0","48",
"Y501281","X0028U342J","B0DYD4MPKF","Magnetic Jewelry Clasp, 10Pcs Magnetic Lobster Clasp, Magnetic Clasps Converter for Necklace Bracelet Anklet Chains (Silver)","New","4.79","No",,"Yes","7","7","0","0","7","48.34","0","0","0","0","0","0","7","0","0","7",
"Y501290","X00296F385","B0DZNW974T","Clip-on Shower Rail Soap Holder, Compatible with 22mm Pole, ABS Dish for Shower, 360° Adjustable Chrome Tray for Kitchen Bathroom Sink (Black)","New","6.79","No",,"Yes","28","25","2","1","28","356.42","0","0","0","0","0","0","25","0","0","25",
"Y501294","X0028U3ANR","B0DYDC1F8W","RSYHVG Telescopic Back Scratcher, Extendable Stainless Steel Itch Relief Tool, Portable Manual Massager for Adults","New","3.59","No",,"Yes","74","73","0","0","74","138.31","0","0","0","1","0","0","73","0","0","73",
"Y501295","X0028TWI6N","B0DYCD8G57","2pcs Pants Jeans Chain Gothic Punk Rock Chain Pocket Belt Chains Multi-layer Wallet Chain Trousers Chain Skirt Waist Chain Keychain for Key Belt Loop Purse Handbag for Women Men, Gold Silver","New","5.29","No",,"Yes","26","26","0","0","26","224.99","0","0","0","0","0","0","26","0","0","26",
"Y501296","X0028TXQ6T","B0DYCB18RC","Pants Jeans Chain Gothic Punk Rock Chains Pocket Belt Chains Multi-layer Wallet Chain Trousers Chain Skirt Waist Chain Lock Keychain for Keys Belt Loop Purse Handbag for Women Men, Silver","New","6.39","No",,"Yes","78","73","0","4","118","224.99","0","40","0","0","0","0","73","0","1","74",
"Y501297","X0028U4559","B0DYD8XR3D","Y2K Star & Moon Chain Belt for Women Waist Metal Link Chunky Chain Adjustable Size Belly Belt","New","5.89","No",,"Yes","23","22","0","0","103","449.99","0","80","0","1","0","0","22","0","0","22",
"Y501298","X0028TWDEP","B0DYCBCSTW","Pants Jeans Chain Gothic Punk Rock Chain Pocket Belt Chains Multi-layer Wallet Chain Trousers Skirt 3 Layers Waist Chain Keychain for Key Belt Loop Purse Handbag for Women Men, Black","New","6.39","No",,"Yes","2","0","0","2","52","300.05","0","50","0","0","0","0","0","0","0","0",
"Y501299","X0028TWCV9","B0DYCNG3ND","Punk Rock Trouser Chain with Lobster Clasps - Men's Hip Hop Clothing Accessory for Jeans, Skateboard & Biker Style","New","6.09","No",,"Yes","13","13","0","0","43","300.05","0","30","0","0","0","49","13","0","0","13",
"Y501300","X0028THRYL","B0DY7W9F9C","RSYHVG Pan Replacement Handle Black 170mm with Screw Nonstick Saucepan Cookware Skillet Stainless Steel Handle","New","4.79","No",,"Yes","10","10","0","0","40","212.54","0","30","0","0","0","0","10","0","0","10",
"Y501301-1","X0028UALOX","B0DYDJCBWG","RSYHVG Pan Replacement Handle Black 7.4inch with Screw Nonstick Saucepan Cookware Skillet Stainless Steel Handle","New","5.49","No",,"Yes","9","9","0","0","9","237.45","0","0","0","0","0","0","9","0","0","9",
"Y501304","X0028TV6K7","B0DYDDR65P","24 in 1 Multi Tool,Portable Stainless Steel Key Shaped Pocket Tool,Key Fob with Bottle Opener,Spanner Key Outdoor Survival Key Universal Tool,Mini Multi Tool Key","New","3.59","No",,"Yes","32","26","0","6","32","20.98","0","0","0","0","0","0","26","0","0","26",
"Y501306","X00293B0XZ","B0DZHN9GY5","2 Pack Wine Aerator Pourer and Bottle Stopper Set Reusable Anti-Drip Wine Decanter Spout Sealing Plug with Gift Box for Home Party Banquet Wine Lovers","New","4.79","No",,"Yes","0","0","0","0","0","175.01","0","0","0","0","0","20","0","0","0","0",
"Y501343","X0028U82UX","B0DYDDYQPZ","RSYHVG 16Pcs Silver Aluminium Alloy Tyre Valve Dust Caps, Universal Hexagon Stem Caps for Cars, Bikes, Motorcycles","New","4.29","No",,"Yes","11","11","0","0","91","49.98","0","80","0","0","0","0","11","0","0","11",
"Y501346","X0028WR9UP","B0DYNXJW1B","Mason Jar Lids, 6 Pcs - Tinplate Canning Lids Regular Mouth Leak Proof Fits Storage Jars (Silver)","New","6.19","No",,"Yes","24","24","0","0","54","440.98","0","30","0","0","0","0","24","0","0","24",
"Y501347","X0028WW3G5","B0DYNZR46M","RSYHVG 2PCS Professional Stainless Steel Cake Cutter, Adjustable, Double Cutting Wire Leveller","New","4.49","No",,"Yes","0","0","0","0","0","576.01","0","0","0","0","0","0","0","0","0","0",
"Y501357","X00293KQ99","B0DZHLHDD9","Pizza Cutter Wheel, Pizza Slicer Stainless Steel Comfortable Palm Grip 3.74 inch (9.5 cm)","New","4.99","No",,"Yes","42","42","0","0","42","377.89","0","0","0","0","0","0","42","0","0","42",
"Y501358","X00293G6YX","B0DZHMFKXT","RSYHVG 50Pcs Popcorn Boxes, 18x9cm, Striped Paper Popcorn Favor Boxes Popcorn Bags for Cinema Film Evenings Children's Birthday Sleepover Party","New","4.49","No",,"Yes","0","0","0","0","0","171.9","0","0","0","0","0","0","0","0","0","0",
"Y501361","X0028U8MB7","B0DYDL5SG5","RSYHVG 3Pcs Integrated Dart Flights and Shafts, No.6 Shape Moulded Dart Accessories, Universal 2BA Thread Lightweight Durable Dart Shafts for Steel Tip and Soft Tip Darts","New","5.29","No",,"Yes","32","32","0","0","32","241.55","0","0","0","0","0","80","32","0","0","32",
"Y501362","X0028U5IRX","B0DYD7MYNN","Wood Toggle Buttons Olive Shape Wooden Coat Buttons 40pcs 3cm for Sewing, Knitting, Duffle Coat,2colour, Pack of 40","New","4.39","No",,"Yes","9","9","0","0","9","224.99","0","0","0","0","0","0","9","0","0","9",
"Y501369","X00293CK7Z","B0DZHMGTF6","Wooden Pasta Board for Easy Making Authentic Homemade Noodles and Butter Without Gluing, Pin Kitchen Tool","New","4.39","No",,"Yes","0","0","0","0","0","310.7","0","0","0","0","0","0","0","0","0","0",
"Y501370","X0028WRQKN","B0DYNZZLL1","RSYHVG 30ml Turkey Baster, Rubber & Plastic, Black, for Poultry Meat BBQ Roasting Cooking, 28cm Length","New","6.19","No",,"Yes","70","70","0","0","70","704.97","0","0","0","0","0","0","70","0","0","70",
"Y501373","X0028WWALX","B0DYP2JFGK","RSYHVG 2 PCS Magnetic Digital Kitchen Timer, Large LCD Big Digit Display, Countdown Stopwatch for Cooking Study Work Exercise","New","5.69","No",,"Yes","25","25","0","0","25","192.06","0","0","0","0","0","0","25","0","0","25",
"Y501401","X0028U3SF7","B0DYDBTMXT","Baby Shower Cap, Kids Hair Washing Shield, Children Shampoo Cap, Baby Bath Cap Visor Hat for Eyes Ears and Face Protector, Bath Head Shield for Infant, Toddlers, Child","New","7.19","No",,"Yes","16","13","1","2","46","1662.14","0","30","0","0","0","0","13","0","0","13",
"Y501424","X00293B305","B0DZHNFBKP","12 Pack Spiked Caster Cups Clear Furniture Castor Cups Round Carpet Protectors Cups Non Slip Carpet Savers Floor Carpet Protectors for Sofas Tables Chairs Furniture Legs - 37mm Diameter","New","7.19","No",,"Yes","34","32","0","2","64","273.83","0","30","0","0","0","0","32","0","0","32",
