"snapshot-date","sku","fnsku","asin","product-name","condition","available","fc-transfer","pending-removal-quantity","inv-age-0-to-90-days","inv-age-91-to-180-days","inv-age-181-to-270-days","inv-age-271-to-365-days","inv-age-366-to-455-days","inv-age-456-plus-days","currency","units-shipped-t7","units-shipped-t30","units-shipped-t60","units-shipped-t90","alert","your-price","sales-price","lowest-price-new-plus-shipping","lowest-price-used","recommended-action","healthy-inventory-level","recommended-sales-price","recommended-sale-duration-days","recommended-removal-quantity","estimated-cost-savings-of-recommended-actions","sell-through","item-volume","volume-unit-measurement","storage-type","storage-volume","marketplace","product-group","sales-rank","days-of-supply","estimated-excess-quantity","weeks-of-cover-t30","weeks-of-cover-t90","featuredoffer-price","sales-shipped-last-7-days","sales-shipped-last-30-days","sales-shipped-last-60-days","sales-shipped-last-90-days","inv-age-0-to-30-days","inv-age-31-to-60-days","inv-age-61-to-90-days","inv-age-181-to-330-days","inv-age-331-to-365-days","estimated-storage-cost-next-month","inbound-quantity","inbound-working","inbound-shipped","inbound-received","Total Reserved Quantity","unfulfillable-quantity","quantity-to-be-charged-ais-241-270-days","estimated-ais-241-270-days","quantity-to-be-charged-ais-271-300-days","estimated-ais-271-300-days","quantity-to-be-charged-ais-301-330-days","estimated-ais-301-330-days","quantity-to-be-charged-ais-331-365-days","estimated-ais-331-365-days","quantity-to-be-charged-ais-366-455-days","estimated-ais-366-455-days","quantity-to-be-charged-ais-456-plus-days","estimated-ais-456-plus-days","historical-days-of-supply","Recommended ship-in quantity","Recommended ship-in date","Last updated date for Historical Days of Supply","Short term historical days of supply","Long term historical days of supply","Inventory age snapshot date","Inventory Supply at FBA","Reserved FC Processing","Reserved Customer Order","Reserved Staging","Total Days of Supply (including units from open shipments)","is-seasonal-in-next-3-months","season-name","season-start-date","season-end-date"
"2026-08-13","HXP260134","X002HJMB11","B0GFW5TC2Y","Acrylic Claw Clip Pink Hair Clips Cute Medium Hair Claws Hair Accessories for Women (pink+white)","New","3","0","0","3","0","0","0","0","0","GBP","2","20","37","47","Low traffic","7.41","0.0","7.41","0.0","NoRestockExcessActionRequired","0","0.0","0","0","6.97","4.82","0.003531","cubic feet","Standard","0.010593","UK","gl_beauty","105130","116","0","14","20","7.41","12.34","123.4","228.29","289.99","0","3","0","0","0","0.01","70","0","70","0","0","0","","","","","","","","","","","","","14.6","8","2026-08-17","2026-08-09","14.6","14.4","2026-08-10","73","0","0","0","116","N","","",""
"2026-08-13","Y12491","X0027JGG9T","B0DRVMVP3V","Women Small Hair Clips Barrettes Grips, 3 PC Hair Claw for High Ponytail Diamante Sparkly Hair Accessories Crystal Hairpins, Wedding Guest Everyday Wear Prom Party Ponytail Holder Women Girls Gift","New","26","15","0","44","0","0","0","0","0","GBP","6","29","60","78","Low traffic","5.39","0.0","5.39","0.0","CreateShippingPlan","41","0.0","0","0","0.0","3.1","0.004484","cubic feet","Standard","0.116584","UK","gl_beauty","85968","76","0","6","7","5.39","26.94","130.21","266.17","343.93","44","0","0","0","0","0.11","20","0","20","0","0","0","","","","","","","","","","","","","21.1","16","2026-08-24","2026-08-09","17.7","21.1","2026-08-10","61","0","0","0","76","N","","",""
"2026-08-13","Y501361","X0028U8MB7","B0DYDL5SG5","RSYHVG 3Pcs Integrated Dart Flights and Shafts, No.6 Shape Moulded Dart Accessories, Universal 2BA Thread Lightweight Durable Dart Shafts for Steel Tip and Soft Tip Darts","New","32","0","0","20","0","12","0","0","0","GBP","0","2","2","2","Low traffic","5.29","0.0","5.29","0.0","NoRestockExcessActionRequired","32","0.0","0","0","0.0","0.07","0.008528","cubic feet","Standard","0.272896","UK","gl_sports","147599","217","0","64","208","5.29","0.0","8.82","8.82","8.82","0","0","20","12","0","0.19","0","0","0","0","0","0","","","","","","","","","","","","","1475.0","0","","2026-08-09","495.0","1475.0","2026-08-10","32","0","0","0","217","N","","",""
"2026-08-13","TY268","X0021X2F05","B0D6VFJ771","Nail Clippers for Thick Nails Toenail Clippers Wide Jaw Nail Cutter Heavy Duty Nail Clipper Sharp Curved Toe Nail Clippers for Men and Women, Blue","New","1","0","0","8","0","0","0","0","0","GBP","13","18","26","33","Low traffic","4.89","0.0","4.89","0.0","CreateShippingPlan","1","0.0","0","0","0.0","1.63","0.003885","cubic feet","Standard","0.003885","UK","gl_drugstore","54652","28","0","4","8","4.89","52.91","74.11","108.88","139.75","8","0","0","0","0","0.0","20","0","20","0","2","0","","","","","","","","","","","","","67.6","42","2026-08-12","2026-08-09","59.3","67.6","2026-08-10","21","2","0","0","31","N","","",""
"2026-08-13","TY285","X0021PRVSJ","B0D6G61HS9","False Eyelashes Natural Cosplay Lashes Doll Anime Japanese Faux Mink Lashes Pack Fake Eyelashes Long Thick Ruffle Fake Eye Lashes 5 Pairs","New","29","0","0","30","0","0","0","0","0","GBP","0","2","6","10","Low traffic","4.39","0.0","4.39","0.0","NoRestockExcessActionRequired","0","0.0","0","0","106.85","0.58","0.004917","cubic feet","","0.142593","UK","gl_beauty","168717","292","0","58","37","4.39","0.0","7.32","21.96","36.76","30","0","0","0","0","0.1","0","0","0","0","1","0","","","","","","","","","","","","","435.0","0","","2026-08-09","435.0","163.0","2026-08-10","29","0","1","0","302","N","","",""
"2026-08-13","TY277","X0021Q5XK1","B0D6G5BM1V","RSYHVG Internal Belly Bar, Rod Length 10mm, Navel Bar, 14G Stainless Steel Belly Button Jewelry, Extra Long Navel Piercing, Gold","New","17","0","0","20","0","0","0","0","0","GBP","0","2","6","8","Low traffic","4.29","0.0","4.29","0.0","NoRestockExcessActionRequired","17","0.0","0","0","0.0","0.49","0.001695","cubic feet","","0.028815","UK","gl_jewelry","546330","256","0","34","27","4.29","0.0","7.14","21.42","28.56","0","17","3","0","0","0.02","0","0","0","0","3","0","","","","","","","","","","","","","313.0","0","","2026-08-09","313.0","177.0","2026-08-10","17","3","0","0","294","N","","",""
"2026-08-13","TY412","X0021WH1MD","B0D6R9HWC5","RSYHVG Universal Neoprene Black Mobile Phone Sleeve Shock Absorbing proof Pouch Case for Length 154 (mm) inside common","New","28","0","0","29","0","0","0","0","0","GBP","1","10","16","19","Low traffic","5.79","0.0","5.79","0.0","NoRestockExcessActionRequired","28","0.0","0","0","0.0","0.9","0.003311","cubic feet","","0.092708","UK","gl_electronics","","118","0","11","19","5.79","4.82","48.2","78.14","94.1","25","1","3","0","0","0.06","0","0","0","0","1","0","","","","","","","","","","","","","95.7","0","","2026-08-09","58.6","95.7","2026-08-10","28","1","0","0","123","N","","",""
"2026-08-13","HXP060406","X002KMGK6H","B0GY891V38","RSYHVG 1 Pair 96 Inch Waxed Ice Hockey Skate Laces, Anti-freezing Anti-fracture Sports Shoelaces for Ice Skating Skiing Roller Skates, Durable Polyester-Cotton Blend, White","New","11","0","0","11","0","0","0","0","0","GBP","0","3","4","4","Low traffic","7.6","0.0","7.6","0.0","Advertise listing","","","0","0","","0.4","0.003531","cubic feet","Standard","0.038841","UK","gl_sports","118865","366","0","54","133","7.6","0.0","19.16","25.66","25.66","0","0","11","0","0","","30","0","30","0","0","0","","","","","","","","","","","","","305.0","0","","2026-08-09","191.5","305.0","2026-08-10","41","0","0","0","366","N","","",""
"2026-08-13","HXP260301","X002JC50XR","B0GSJDWBBD","Freckle Pen Makeup,Natural Lifelike Fake Freckles Magic Freckle Color Pen,Soft Waterproof Long-lasting (Light Brown)","New","16","0","0","16","0","0","0","0","0","GBP","","","","","Low traffic","4.59","0.0","4.59","0.0","Advertise listing","","","0","0","","0.0","0.003531","cubic feet","Standard","0.056496","UK","gl_beauty","","366","0","","","4.79","","","","","0","0","16","0","0","","0","0","0","0","0","0","","","","","","","","","","","","","","0","","","","","2026-08-10","16","0","0","0","366","N","","",""
"2026-08-13","HXP060445","X002KNDKYV","B0GYCPDQQF","RSYHVG 4-Piece Silicone Stretch Lid Set, Universal 9cm Food Covers for Containers, Tins & Yogurt Pots, Thickened Reusable, Dishwasher & Freezer Safe","New","36","0","0","40","0","0","0","0","0","GBP","2","7","15","18","Low traffic","7.19","0.0","7.19","0.0","NoRestockExcessActionRequired","","","0","0","","0.85","0.003531","cubic feet","Standard","0.127116","UK","gl_home","648853","106","0","20","26","7.19","11.98","41.93","89.85","107.82","40","0","0","0","0","","0","0","0","0","3","0","","","","","","","","","","","","","154.8","0","","2026-08-09","154.8","81.9","2026-08-10","36","3","0","0","113","N","","",""
"2026-08-13","TY133","X0021Q5WTX","B0D6G8LG1P","RSYHVG 4X for Saab Window Regulator New Roller Front NG 900 93 95 1999-2010 4493433","New","44","0","0","48","0","0","0","0","0","GBP","2","9","26","34","Low traffic","4.79","0.0","4.79","0.0","NoRestockExcessActionRequired","44","0.0","0","0","0.0","1.0","0.001678","cubic feet","","0.073832","UK","gl_home_improvement","46235","164","0","19","16","4.79","7.98","36.25","106.97","140.25","25","23","0","0","0","0.05","0","0","0","0","3","0","","","","","","","","","","","","","217.2","0","","2026-08-09","217.2","91.8","2026-08-10","44","3","0","0","178","N","","",""
"2026-08-13","HXP260105","X002HJK5EB","B0GFW1ZNF3","2PCS Stainless Steel Coffee Filter 51mm Coffee Portafilter Basket Reusable Replacement Portafilter Basket Espresso Machines Accessories for High Pressure Coffee Machine (Double & Single Cup)","New","23","0","0","21","3","0","0","0","0","GBP","2","3","4","8","Low traffic","8.99","0.0","8.99","0.0","NoRestockExcessActionRequired","0","0.0","0","0","157.06","0.4","0.003531","cubic feet","Standard","0.081213","UK","gl_kitchen","599979","183","23","30","37","8.99","14.98","22.47","30.79","64.91","0","20","1","0","0","0.06","0","0","0","0","1","0","","","","","","","","","","","","","396.5","0","","2026-08-09","396.5","216.8","2026-08-10","23","1","0","0","192","N","","",""
"2026-08-13","HXP060459","X002KNJK0J","B0GYCWN36R","RSYHVG 24 Pcs Black Almond Press On Nails, Medium Length Gold Foil Glitter False Nails with Black Gold Line Design, Glossy Full Cover Acrylic Artificial Nails for Women Manicure Decoration","New","15","0","0","15","0","0","0","0","0","GBP","","","","","Low traffic","3.95","0.0","3.95","0.0","Advertise listing","","","0","0","","0.0","0.003531","cubic feet","Standard","0.052965","UK","gl_beauty","","366","0","","","4.15","","","","","0","0","15","0","0","","0","0","0","0","0","0","","","","","","","","","","","","","","0","","","","","2026-08-10","15","0","0","0","366","N","","",""
"2026-08-13","HXP251210","X002HAZDZL","B0GCYZZ7JM","10 Pack Round Resin Sewing Buttons, Flatback 4 Hole Concave Retro Decorative Buttons, Durable Wear Resistant Fasteners for Coats Shirts Jeans Windbreakers, Arts Crafts DIY Haberdashery Accessories","New","19","0","0","10","0","9","0","0","0","GBP","0","0","0","0","Low traffic","5.09","0.0","5.09","0.0","Create removal order","0","0.0","0","0","95.55","0.0","0.003531","cubic feet","Standard","0.067089","UK","gl_office_product","2957402","366","19","","","5.09","0.0","0.0","0.0","0.0","0","0","10","9","0","0.05","0","0","0","0","0","0","","","","","","","","","","","","","","0","","","","","2026-08-10","19","0","0","0","366","N","","",""
"2026-08-13","HXP251238","X002HBM0YR","B0GD5C25CH","Face Wash Headband, Frog Spa Hair Bands, Soft Cute Coral Fleece Elastic Headband, Head Wraps for Face Wash Makeup, Beauty Skincare, Sport Shower, Creative Hair Accessories for Women","New","18","0","0","18","0","0","0","0","0","GBP","0","4","8","10","Low traffic","4.69","0.0","4.69","0.0","Advertise listing","0","0.0","0","0","76.01","0.79","0.003531","cubic feet","Standard","0.063558","UK","gl_beauty","201640","366","0","48","62","4.69","0.0","16.28","32.9","42.04","0","15","3","0","0","0.04","30","0","30","0","0","0","","","","","","","","","","","","","107.6","0","","2026-08-09","100.3","107.6","2026-08-10","48","0","0","0","366","N","","",""
"2026-08-13","HXP060462","X002KNLR5Z","B0GYDFZW2S","RSYHVG 2PCS 11CM Extra Large French Barrette Hair Clips, Strong Hold Black Hair Slides for Thick Hair, Durable Non-Slip Hair Accessories for Women, Suitable for All Hair Types About this item 11CM Ext","New","24","15","0","48","0","0","0","0","0","GBP","1","21","35","36","Low traffic","8.99","0.0","8.99","0.0","NoRestockExcessActionRequired","","","0","0","","2.15","0.003531","cubic feet","Standard","0.084744","UK","gl_beauty","149577","228","0","17","33","8.99","7.49","157.29","262.15","269.64","48","0","0","0","0","","70","0","70","0","4","0","","","","","","","","","","","","","15.7","0","","2026-08-09","7.6","15.7","2026-08-10","109","4","0","0","237","N","","",""
"2026-08-13","HXP260111","X002HJKTTH","B0GFW4S4N6","Velvet Bow Hair Clip - Vintage Black Velvet Bow Hair Clips - Long Tail Satin Hairclips Barrettes - FrenchVelvet Ribbon Barrette Hair Accessories for Women Girls","New","31","0","0","36","0","0","0","0","0","GBP","4","5","13","21","Low traffic","5.11","0.0","5.11","0.0","NoRestockExcessActionRequired","8","0.0","0","0","43.04","1.45","0.003531","cubic feet","Standard","0.109461","UK","gl_beauty","102766","97","0","24","19","5.11","17.04","21.3","56.66","92.02","36","0","0","0","0","0.08","0","0","0","0","4","0","","","","","","","","","","","","","95.5","0","","2026-08-09","95.5","23.4","2026-08-10","31","3","1","0","107","N","","",""
"2026-08-13","Y12429","X0027J6P3V","B0DRVHF54Q","Professional Microphone Pop Filter for Blue Yeti, Mic Shock Mount, ASMR Microphone, Dual Layer Mic Pop Filter with Foam Cover & 360° Flexible Gooseneck, Enhanced Sound Shield Guard","New","32","0","0","33","0","0","0","0","0","GBP","3","9","24","33","Low traffic","6.49","0.0","6.49","0.0","NoRestockExcessActionRequired","32","0.0","0","0","0.0","1.89","0.116766","cubic feet","Standard","3.736512","UK","gl_automotive","18840","169","0","27","24","6.49","16.23","48.69","129.84","178.53","33","0","0","0","0","2.39","30","0","30","0","0","0","","","","","","","","","","","","","57.9","0","","2026-08-09","57.9","45.4","2026-08-10","62","0","0","0","169","N","","",""
"2026-08-13","Y12503","X0027JEABF","B0DRVMPYJ5","Bonnet for Men, Silk Satin Sleep Cap Single Layer Elastic Band Stretchy Tie Band Wide Soft Adjustable Hair Cap Large Silk Bonnets for Women Curly Hair Sleeping Black","New","40","0","0","40","0","0","0","0","0","GBP","0","3","12","14","Low traffic","4.19","0.0","4.19","0.0","NoRestockExcessActionRequired","0","0.0","0","0","153.23","0.78","0.011919","cubic feet","Apparel","0.47676","UK","gl_apparel","193746","216","0","57","39","4.19","0.0","10.98","43.92","51.9","30","10","0","0","0","0.27","3","0","0","3","1","0","","","","","","","","","","","","","89.4","0","","2026-08-09","89.4","65.5","2026-08-10","43","1","0","0","223","N","","",""
"2026-08-13","HXP0604106","X002KNGVZB","B0GYCKT2YQ","1Pc Black Universal Hair Dryer Comb,Blow Comb Attachment Styling for Straightening Detangling,Nozzle Plastic Hairdressing Salon Dryer,Curly,Natural Hair Combs,Styling Tools and Appliances","","0","0","0","1","0","0","0","0","0","GBP","39","67","74","82","","0.0","0.0","0.0","0.0","NoRestockExcessActionRequired","","","0","0","","21.87","0.003531","cubic feet","Standard","0.0","UK","gl_beauty","22809","26","0","7","19","5.6","182.13","312.89","346.7","385.34","1","0","0","0","0","","121","0","120","1","1","0","","","","","","","","","","","","","12.8","97","2026-08-10","2026-08-09","12.0","12.8","2026-08-10","121","1","0","0","26","N","","",""
"2026-08-13","HXP0604131","X002KOMMZ3","B0GYJJN792","RSYHVG 24Pcs Short Square False Nails, Pink French Tip Press on Nails with Glue, Full Cover Shimmery Acrylic Stick On Nails, Reusable Nail Art Accessories for Women Daily Wear & Special Occasions Abou","New","13","0","0","14","0","0","0","0","0","GBP","0","0","1","1","Low traffic","4.59","0.0","4.59","0.0","Advertise listing","","","0","0","","0.09","0.004153","cubic feet","Standard","0.053989","UK","gl_beauty","442605","366","0","","169","4.59","0.0","0.0","4.32","4.32","0","0","14","0","0","","0","0","0","0","1","0","","","","","","","","","","","","","","0","","","","1041.0","2026-08-10","13","1","0","0","366","N","","",""
"2026-08-13","Y501370","X0028WRQKN","B0DYNZZLL1","RSYHVG 30ml Turkey Baster, Rubber & Plastic, Black, for Poultry Meat BBQ Roasting Cooking, 28cm Length","New","70","0","0","0","0","69","0","0","0","GBP","0","0","1","8","Low traffic","6.19","0.0","6.19","0.0","NoRestockExcessActionRequired","32","0.0","0","0","58.3","0.11","0.024898","cubic feet","Standard","1.74286","UK","gl_kitchen","532749","159","38","","113","6.19","0.0","0.0","5.49","45.11","0","0","0","69","0","1.21","0","0","0","0","0","0","","","","","","","","","","","","","","0","","","","1061.2","2026-08-10","70","0","0","0","159","N","","",""
"2026-08-13","HXP060484","X002KMUDQP","B0GY8KJJ6N","RSYHVG 2Pcs Black Metal Bifold Money Clip Bars, Wallet Replacement Spring Clamps, Durable Cash & Card Holders for Wallet Repair & DIY Projects","New","8","1","0","11","0","0","0","0","0","GBP","2","3","4","4","Low traffic","5.39","0.0","5.39","0.0","NoRestockExcessActionRequired","","","0","0","","0.4","0.003531","cubic feet","Standard","0.028248","UK","gl_luggage","240084","70","0","10","26","5.39","8.98","13.47","18.63","18.63","0","0","11","0","0","","0","0","0","0","2","0","","","","","","","","","","","","","253.8","1","2026-08-15","2026-08-09","137.0","253.8","2026-08-10","9","1","1","0","88","N","","",""
"2026-08-13","TY535","X0021W8NAH","B0D6RBW2XM","RSYHVG 4 Pcs Silicone Drain Protector with Sucker, Sink Strainer Protector, Shower Drain Covers Hair Catcher, Strainer Plug Trap Filter for Bathroom, Bathtub, Kitchen","New","48","0","0","49","0","0","0","0","0","GBP","2","8","13","33","Low traffic","5.69","0.0","5.69","0.0","NoRestockExcessActionRequired","48","0.0","0","0","0.0","1.52","0.025149","cubic feet","","1.207152","UK","gl_home","195402","221","0","24","18","5.69","9.48","37.92","62.47","160.67","30","19","0","0","0","0.72","0","0","0","0","0","0","","","","","","","","","","","","","210.6","0","","2026-08-09","210.6","65.8","2026-08-10","48","0","0","0","221","N","","",""
"2026-08-13","HXP060464","X002KNPVM5","B0GYDFK38V","RSYHVG Women's Sequin Fancy Dress Headband Glitter Sparkle Elastic Hair Band for Party Cosplay Costume Stage Performance Holiday Accessories, 38 x 3cm About this item Universal Adult Fit: Designed for","New","14","0","0","15","0","0","0","0","0","GBP","","","","","Low traffic","4.39","0.0","4.39","0.0","Advertise listing","","","0","0","","0.0","0.003531","cubic feet","Standard","0.049434","UK","gl_beauty","","366","0","","","4.39","","","","","0","0","15","0","0","","0","0","0","0","1","0","","","","","","","","","","","","","","0","","","","","2026-08-10","14","1","0","0","366","N","","",""
"2026-08-13","HXP060477","X002KMDKWT","B0GY85CRZR","RSYHVG Diamanté Hair Clip, Silver Bridal Hair Accessory for Women, Sparkling Crystal Flower Hair Pin for Wedding, Prom, Parties & Daily Wear","New","46","3","0","49","0","0","0","0","0","GBP","1","1","15","16","Low traffic","4.79","0.0","4.79","0.0","NoRestockExcessActionRequired","","","0","0","","0.91","0.003531","cubic feet","Standard","0.162426","UK","gl_beauty","320073","125","0","184","37","4.79","3.99","3.99","62.23","66.72","49","0","0","0","0","","0","0","0","0","0","0","","","","","","","","","","","","","","0","","","","40.3","2026-08-10","49","0","0","0","125","N","","",""
"2026-08-13","HXP251215","X002HAR4D5","B0GD12Q4B4","RSYHVG 70s Retro Double Bridge - Pilot Sunglasses for Women Men - Classic Hexagonal Sunglasses Square Eyewear Driving","New","14","0","0","0","8","6","0","0","0","GBP","0","0","0","0","Low traffic","7.49","0.0","7.49","0.0","Create removal order","0","0.0","0","0","90.33","0.0","0.003531","cubic feet","Footwear","0.049434","UK","gl_shoes","2671146","366","14","","","7.49","0.0","0.0","0.0","0.0","0","0","0","6","0","0.03","0","0","0","0","0","0","","","","","","","","","","","","","","0","","","","1260.0","2026-08-10","14","0","0","0","366","N","","",""
"2026-08-13","Y501266","X0028U0TR7","B0DYCJWS61","RSYHVG 10PCS 2 Inch Swivel Eye Bolt Snap Hooks Zinc Alloy Spring Loaded Trigger Clips for Pet Leads Keyrings DIY Craft Silver","New","15","0","0","14","0","0","0","0","0","GBP","1","10","13","19","Low traffic","6.89","0.0","6.89","0.0","NoRestockExcessActionRequired","0","0.0","0","0","84.7","1.54","0.004944","cubic feet","Standard","0.07416","UK","gl_home_improvement","109841","62","0","6","10","6.89","5.74","57.4","75.13","110.59","14","0","0","0","0","0.05","0","0","0","0","1","0","","","","","","","","","","","","","80.9","7","2026-08-25","2026-08-09","80.9","78.2","2026-08-10","15","1","0","0","66","N","","",""
"2026-08-13","HXP260102","X002HJ87UF","B0GFW6XS7C","2Pcs Wet Dry Venetian Window Blind Cleaner Microfiber Brush 3 Pronged Washable Duster (Blue)","New","38","0","0","30","8","0","0","0","0","GBP","0","1","2","2","Low traffic","6.94","0.0","6.94","0.0","Advertise listing","0","0.0","0","0","81.36","0.12","0.003531","cubic feet","Standard","0.134178","UK","gl_home","","366","38","152","247","6.94","0.0","5.95","12.57","12.57","30","0","0","0","0","0.09","0","0","0","0","0","0","","","","","","","","","","","","","765.0","0","","2026-08-09","765.0","670.0","2026-08-10","38","0","0","0","366","N","","",""
"2026-08-13","TY423","X0021X9WZB","B0D6VDFPTX","Ball Grabber, Body Piercing Tool, Piercing Grabber Tool, Piercing Ball Holder, Jewelry Tools, Perfect for Beads, Diamonds, Jewelry Ball Tool, Balls Holder Piercing Ball Grabber Tool(Large)","New","20","0","0","21","0","0","0","0","0","GBP","1","5","11","17","Low traffic","3.79","0.0","3.79","0.0","NoRestockExcessActionRequired","14","0.0","0","0","21.86","1.0","3.88E-4","cubic feet","","0.00776","UK","gl_kitchen","214361","99","0","16","15","3.79","3.16","15.8","34.76","53.72","0","20","1","0","0","0.01","0","0","0","0","0","0","","","","","","","","","","","","","120.8","0","","2026-08-09","120.8","81.4","2026-08-10","20","0","0","0","99","N","","",""
"2026-08-13","TY339","X0021WI5OV","B0D6RCMM9X","Composite Shims, 20pcs Furniture Shims Leveling Wedges, Plastic Wedge Shims Easy to Snap Door Shims, Adjustable Shims for Leveling Table Toilet Window Furniture","New","49","0","0","55","0","0","0","0","0","GBP","2","9","24","45","Low traffic","6.39","0.0","6.39","0.0","NoRestockExcessActionRequired","1","0.0","0","0","12.05","1.15","0.022248","cubic feet","","1.090152","UK","gl_biss","31305","181","0","21","14","6.39","10.64","47.88","127.68","239.4","2","53","0","0","0","0.71","0","0","0","0","5","0","","","","","","","","","","","","","216.9","0","","2026-08-09","216.9","64.4","2026-08-10","49","5","0","0","202","N","","",""
"2026-08-13","TY385","X0021XMPY1","B0D6VTGD76","Finger Toothbrush,4 Pack Silicone Baby Finger Brush with Clear Case Set Food Grade Tooth Cleaner Oral Massager for Infant &Toddlers","New","15","0","0","16","0","0","0","0","0","GBP","5","14","34","39","Low traffic","3.99","0.0","3.99","0.0","NoRestockExcessActionRequired","15","0.0","0","0","0.0","4.33","0.004238","cubic feet","","0.06357","UK","gl_personal_care_appliances","74523","100","0","12","15","3.99","16.6","46.48","112.88","129.48","16","0","0","0","0","0.04","30","0","30","0","1","0","","","","","","","","","","","","","44.6","0","","2026-08-09","44.6","31.8","2026-08-10","45","0","1","0","103","N","","",""
"2026-08-13","HXP060442","X002KNF53F","B0GYCNQP67","RSYHVG 2-Pack Silver-Tone Dart Wrench Tool Kit, Multi-Purpose Dart Maintenance Tools for Aluminium Shafts & Dart Tips, Precision Tighten/Loosen for Professional Dart Repair","New","14","0","0","15","0","0","0","0","0","GBP","","","","","Low traffic","6.01","0.0","6.01","0.0","Advertise listing","","","0","0","","0.0","0.003531","cubic feet","Standard","0.049434","UK","gl_sports","","366","0","","","6.01","","","","","0","0","15","0","0","","0","0","0","0","1","0","","","","","","","","","","","","","","0","","","","","2026-08-10","14","1","0","0","366","N","","",""
"2026-08-13","HXP060441","X002KN9YLJ","B0GYCLZ6RS","RSYHVG Cross Stitch Gifts Canvas Makeup Bag, Double-Sided Printed Sewing Cosmetic Pouch, Quilter Sewing Lover Gifts for Women Mum Grandma Sister Birthday Christmas Travel Organizer Bag","New","7","0","0","7","0","0","0","0","0","GBP","0","5","7","8","Low traffic","6.99","0.0","6.99","0.0","NoRestockExcessActionRequired","","","0","0","","0.94","0.003531","cubic feet","Standard","0.024717","UK","gl_luggage","241380","178","0","21","43","6.99","0.0","29.95","41.93","47.92","0","0","7","0","0","","20","0","20","0","0","0","","","","","","","","","","","","","96.1","0","","2026-08-09","54.2","96.1","2026-08-10","27","0","0","0","178","N","","",""
"2026-08-13","TY205","X0021WCX1H","B0D6R96R9M","8 PCS Stainless Steel Seafood Tool Set,for Easy Meat Removal,Multi-Purpose Crab Lobster Shellfish Forks Lobster Crab Nut Fork Seafood Forks Picks for Kitchen Seafood Tools","New","29","0","0","31","0","0","0","0","0","GBP","8","22","38","51","Low traffic","5.89","0.0","5.89","0.0","CreateShippingPlan","29","0.0","0","0","0.0","2.94","0.003602","cubic feet","","0.104458","UK","gl_kitchen","139517","56","0","5","7","5.89","39.28","108.02","188.98","254.89","31","0","0","0","0","0.07","0","0","0","0","1","0","","","","","","","","","","","","","61.5","22","2026-08-16","2026-08-09","61.5","37.1","2026-08-10","29","1","0","0","58","N","","",""
"2026-08-13","HXP251208","X002HAVHHT","B0GCYT51R3","12 Pack Light Grey Taupe Faux Horn Buttons, 18mm 28L Round Flat 4 Hole Sew On Plastic Buttons, Rim Edge Replacement Fasteners for Coats, Shorts, Sewing Craft Haberdashery Projects","New","24","0","0","16","0","9","0","0","0","GBP","0","2","4","5","Low traffic","5.19","0.0","5.19","0.0","Advertise listing","0","0.0","0","0","122.05","0.31","0.003531","cubic feet","Standard","0.084744","UK","gl_office_product","713978","366","24","48","62","5.19","0.0","8.98","18.96","23.95","15","1","0","9","0","0.06","0","0","0","0","1","0","","","","","","","","","","","","","293.5","0","","2026-08-09","293.5","269.8","2026-08-10","24","1","0","0","366","N","","",""
"2026-08-13","HXP060469","X002KNJ8N3","B0GYDM5VK4","RSYHVG 4Pcs Silver Glitter Heart Rhinestone Patches, 6.5CM Self-Adhesive Resin Diamante Stickers, No Sewing No Ironing Sparkle Appliqués for DIY Craft Clothing Bags Shoes Home Decoration","New","1","0","0","3","0","0","0","0","0","GBP","2","6","14","14","Low traffic","7.89","0.0","7.89","0.0","NoRestockExcessActionRequired","","","0","0","","2.08","0.003531","cubic feet","Standard","0.003531","UK","gl_office_product","423535","106","0","20","28","7.89","13.14","39.59","93.51","93.51","1","0","2","0","0","","30","0","30","0","1","0","","","","","","","","","","","","","57.3","0","","2026-08-09","36.4","57.3","2026-08-10","31","1","0","0","110","N","","",""
"2026-08-13","HXP0604140","X002KOMSYN","B0GYJPBFXV","RSYHVG Blue Light Blocking Glasses, Clear Lens Anti Blue Ray Eyeglasses, Unisex Classic Computer Glasses for Men and Women, Reduce Eye Fatigue & Improve Sleep","","0","0","0","6","0","0","0","0","0","GBP","20","35","50","50","Low traffic","0.0","0.0","4.99","0.0","NoRestockExcessActionRequired","","","0","0","","8.17","0.003531","cubic feet","Footwear","0.0","UK","gl_shoes","30363","54","0","8","18","4.99","83.2","145.6","207.3","207.3","6","0","0","0","0","","70","0","70","0","3","0","","","","","","","","","","","","","17.7","49","2026-08-13","2026-08-09","15.3","17.7","2026-08-10","70","2","1","0","57","N","","",""
"2026-08-13","HXP060474","X002KMMI0T","B0GY868TGT","RSYHVG 5 Pcs Heart Cookie Cutter Set, Food-Safe Stainless Steel Biscuit Cutters, Reusable Heart Shaped Moulds with Sharp Edges, for Baking Cookies Scones Cake Decorations & Craft Projects","New","13","0","0","13","0","0","0","0","0","GBP","0","1","2","2","Low traffic","5.69","0.0","5.69","0.0","Advertise listing","","","0","0","","0.19","0.003531","cubic feet","Standard","0.045903","UK","gl_kitchen","944365","261","0","52","84","5.69","0.0","4.74","9.81","9.81","0","0","13","0","0","","0","0","0","0","0","0","","","","","","","","","","","","","516.5","0","","2026-08-09","205.0","516.5","2026-08-10","13","0","0","0","261","N","","",""
"2026-08-13","HXP0604133","X002KOMCIP","B0GYJKGSYR","RSYHVG 7 Hook Bra Extender, 4 Pack Bra Strap Extenders Extension Kit for Women, Compatible with Bustiers, Shapewear, Waist Cinchers, Plus Size","New","32","0","0","32","0","0","0","0","0","GBP","7","10","12","12","Low traffic","4.99","0.0","4.99","0.0","NoRestockExcessActionRequired","","","0","0","","0.63","0.009243","cubic feet","Apparel","0.295776","UK","gl_apparel","82836","366","0","12","34","4.99","29.12","41.76","51.08","51.08","30","0","2","0","0","","0","0","0","0","0","0","","","","","","","","","","","","","241.0","0","","2026-08-09","205.3","241.0","2026-08-10","32","0","0","0","366","N","","",""
"2026-08-13","HXP260127","X002HJHCF1","B0GFWFP8QP","10 Pairs Gold Flower Metal Press Studs Snap Fasteners, Large Sewing Snap Fasteners and Press Studs for Clothing, Snap Buttons Sew on Clothing Coats Jackets, DIY Sewing Crafts Supplies","New","18","0","0","15","3","0","0","0","0","GBP","1","4","4","7","Low traffic","5.45","0.0","5.45","0.0","NoRestockExcessActionRequired","0","0.0","0","0","39.15","0.48","0.003531","cubic feet","Standard","0.063558","UK","gl_home","985945","170","18","18","33","5.45","4.54","18.33","18.33","33.96","0","15","0","0","0","0.04","0","0","0","0","0","0","","","","","","","","","","","","","161.4","0","","2026-08-09","153.5","161.4","2026-08-10","18","0","0","0","170","N","","",""
"2026-08-13","Y501141","X0028TBNIH","B0DY7WBBHW","RSYHVG Stainless Steel Nutcracker Tool, Threaded Pressure Nut Cracker for Walnuts Pecans Almonds Hazelnuts Macadamia Nuts, Triangular Design Kitchen Nut Opener","New","49","0","0","1","0","49","0","0","0","GBP","0","0","1","1","Low traffic","5.99","0.0","5.99","0.0","NoRestockExcessActionRequired","3","0.0","0","0","134.04","0.02","0.007946","cubic feet","Standard","0.389354","UK","gl_kitchen","927049","366","46","","637","5.99","0.0","0.0","4.99","4.99","1","0","0","49","0","0.27","0","0","0","0","1","0","","","","","","","","","","","","","","0","","","","4479.0","2026-08-10","49","1","0","0","366","N","","",""
"2026-08-13","HXP060467","X002KNPQO3","B0GYDN56TN","Cat Eye Press On Nails Short - Chrome False Nails Short Square, Opaque Black Royal Blue Fake Nails with a Glitter Finish, Sparkly Bling Soft Gel Glue on Nails for Women Small Sizes 24 Pcs","New","10","0","0","10","0","0","0","0","0","GBP","1","3","5","5","Low traffic","4.79","0.0","4.79","0.0","NoRestockExcessActionRequired","","","0","0","","0.53","0.003531","cubic feet","Standard","0.03531","UK","gl_beauty","182826","79","0","13","26","4.79","3.99","11.97","20.78","20.78","0","0","10","0","0","","0","0","0","0","0","0","","","","","","","","","","","","","222.0","0","","2026-08-09","188.5","222.0","2026-08-10","10","0","0","0","79","N","","",""
"2026-08-13","Y12300","X0027JDNQX","B0DRVFJC46","10 PCS Suction Cup Hooks Clear Plastic Sucker Pads 30MM Kitchen Suction Hooks Suction Cup Wall Hooks Hangers Window Sucker Hook No Drill For Glass Door Bathroom Shower Christmas Lights Hanging Wreath","New","39","0","0","20","1","20","0","0","0","GBP","0","1","8","17","Low traffic","4.79","0.0","4.79","0.0","NoRestockExcessActionRequired","0","0.0","0","0","5.35","0.45","0.017304","cubic feet","Standard","0.674856","UK","gl_home_improvement","332734","185","39","156","29","4.79","0.0","3.99","32.43","69.42","0","20","0","20","0","0.45","0","0","0","0","2","0","","","","","","","","","","","","","416.3","0","","2026-08-09","416.3","169.4","2026-08-10","39","2","0","0","196","N","","",""
"2026-08-13","HXP060429","X002KMTC7V","B0GY8SPRYF","RSYHVG Blue Light Blocking Glasses, Semi Rimless Classic Retro Square Metal Frame Anti Eye Strain Eyewear for Women Men, Gaming Computer Glasses with UV400 Protection","New","8","0","0","8","0","0","0","0","0","GBP","3","7","7","7","Low traffic","4.99","0.0","4.99","0.0","NoRestockExcessActionRequired","","","0","0","","0.47","0.003531","cubic feet","Footwear","0.028248","UK","gl_shoes","99852","35","0","4","14","4.99","12.48","29.12","29.12","29.12","0","0","8","0","0","","0","0","0","0","0","0","","","","","","","","","","","","","164.0","12","2026-08-10","2026-08-09","69.0","164.0","2026-08-10","8","0","0","0","35","N","","",""
"2026-08-13","Y12506","X0027ISEXB","B0DRVP5TG7","Messy Bun Hair Piece, Tousled Updo Elastic Hair Bun Hair Piece for Women Synthetic Messy Hair Bun Donut Accessories Scrunchies - Ash Blonde with Highlights","New","6","0","0","7","0","0","0","0","0","GBP","7","13","17","26","Low traffic","4.99","0.0","4.99","0.0","CreateShippingPlan","6","0.0","0","0","0.0","5.33","0.007063","cubic feet","Standard","0.042378","UK","gl_beauty","58411","12","0","1","3","4.99","29.2","55.49","73.77","114.9","7","0","0","0","0","0.01","0","0","0","0","1","1","","","","","","","","","","","","","63.4","33","2026-08-11","2026-08-09","63.4","25.7","2026-08-10","6","0","1","0","14","N","","",""
"2026-08-13","HXP251110","X002GJB6EZ","B0G43SR4WQ","RSYHVG 3 Snooker Chalks for Billiard Cues – Suitable for Snooker Cues or Billiard Cue Chalk, Billiard Table Accessories","New","18","0","0","0","18","0","0","0","0","GBP","0","0","0","0","Low traffic","5.89","0.0","5.89","0.0","Advertise listing","0","0.0","0","0","60.82","0.0","0.003531","cubic feet","Standard","0.063558","UK","gl_sports","602073","366","18","","","6.89","0.0","0.0","0.0","0.0","0","0","0","0","0","0.04","0","0","0","0","0","0","","","","","","","","","","","","","","0","","","","","2026-08-10","18","0","0","0","366","N","","",""
"2026-08-13","Y12365","X0027JDO67","B0DRVFH5YY","RSYHVG Retro Round Eyeglasses Metal Frame Clear Lens Glasses Vintage Eyeglasses, round metal frame glasses, Unisex","New","22","0","0","25","0","0","0","0","0","GBP","5","15","23","26","Low traffic","4.69","0.0","4.69","0.0","CreateShippingPlan","22","0.0","0","0","0.0","1.68","0.008304","cubic feet","Footwear","0.182688","UK","gl_shoes","89390","41","0","5","11","4.69","19.88","58.98","91.71","104.43","20","5","0","0","0","0.1","0","0","0","0","3","0","","","","","","","","","","","","","54.9","20","2026-08-13","2026-08-09","54.9","44.1","2026-08-10","22","3","0","0","45","N","","",""
"2026-08-13","Y501213","X00293GUPN","B0DZHCW732","2PSC RSYHVG Pill Boxes 7 Day 1 Times a Day - Pill Box Organiser Weekly Tablet Box | Daily Pill Organiser with Dosset Compartments | Conveniently Sized Portable Medicine Storage Box (White)","New","12","18","0","30","0","0","0","0","0","GBP","0","13","15","15","","4.49","0.0","0.0","0.0","NoRestockExcessActionRequired","7","0.0","0","0","2.38","1.03","0.006357","cubic feet","Standard","0.076284","UK","gl_drugstore","133668","366","0","12","36","4.49","0.0","48.62","56.44","56.44","30","0","0","0","0","0.13","30","0","30","0","0","0","","","","","","","","","","","","","42.8","0","","2026-08-09","10.2","42.8","2026-08-10","60","0","0","0","366","N","","",""
"2026-08-13","HXP060407","X002KMMDLD","B0GY86J33J","RSYHVG Women's Black PU Leather Kiss Lock Coin Purse, Triple Metal Frame Small Clip Change Pouch, Compact Key & Card Organizer Wallet","New","15","0","0","17","0","0","0","0","0","GBP","2","3","17","18","Low traffic","6.29","0.0","6.29","0.0","NoRestockExcessActionRequired","","","0","0","","2.32","0.003531","cubic feet","Standard","0.052965","UK","gl_luggage","266939","133","0","46","25","6.29","10.48","15.72","89.08","94.32","17","0","0","0","0","","20","0","20","0","2","0","","","","","","","","","","","","","171.0","0","","2026-08-09","171.0","38.4","2026-08-10","35","2","0","0","140","N","","",""
"2026-08-13","HXP2604001","X002K1SVCT","B0GWHFNBG6","Modern simple thick rope twist curtain rope without punching installation cross-border magnetic buckle magnetic curtain tie backs","New","10","0","0","10","0","0","0","0","0","GBP","","","","","Low traffic","6.29","0.0","6.29","0.0","Advertise listing","","","0","0","","0.0","0.048041","cubic feet","Standard","0.48041","UK","gl_home","","141","0","","","6.29","","","","","0","0","10","0","0","","0","0","0","0","0","0","","","","","","","","","","","","","","0","","","","","2026-08-10","10","0","0","0","141","N","","",""
"2026-08-13","Y501176","X0028T7XOZ","B0DY7TSSYP","RSYHVG PUBG Mobile Finger Sleeve, Pack of 6 Finger Sleeves for Gaming, Anti-sweat Thumb Sleeves for Mobile Gaming, Breathable Pro Gaming Finger Gloves, Touch Screen Finger Sleeves","New","21","0","0","20","3","0","0","0","0","GBP","1","5","9","11","Low traffic","5.49","0.0","5.49","0.0","NoRestockExcessActionRequired","0","0.0","0","0","84.58","0.77","0.004238","cubic feet","Standard","0.088998","UK","gl_wireless","","177","21","16","24","5.49","4.57","22.85","41.64","51.12","20","0","0","0","0","0.06","0","0","0","0","2","0","","","","","","","","","","","","","105.0","0","","2026-08-09","89.0","105.0","2026-08-10","21","2","0","0","198","N","","",""
"2026-08-13","TY313","X0021VYVQD","B0D6R4WPJC","3-in-1 Kitchen Sink Drain Stopper, Upgraded Sink Plug Strainer, Stainless Steel Wrapped Sink Waste Catcher, Odor Sealing Water Storage Filter Basket for Kitchen Sink Replacement","New","31","2","0","33","1","0","0","0","0","GBP","1","1","7","10","Low traffic","7.19","0.0","7.19","0.0","NoRestockExcessActionRequired","0","0.0","0","0","133.1","0.54","0.014684","cubic feet","Standard","0.455204","UK","gl_home","252729","366","33","124","40","7.19","5.99","5.99","41.93","59.9","30","2","1","0","0","0.34","0","0","0","0","0","0","","","","","","","","","","","","","","0","","","","120.0","2026-08-10","33","0","0","0","366","N","","",""
"2026-08-13","HXP0604122","X002KO99TZ","B0GYJ5PZ38","RSYHVG Hand Embroidered Corner Bookmark, 26 Letters Personalised Seasons Felt Triangle Bookmark, Ideal Gift for Book Lovers Readers Men Women Seniors About this item Premium Hand-Stitched Craftsmanshi","New","14","0","0","15","0","0","0","0","0","GBP","","","","","Low traffic","6.19","0.0","6.19","0.0","Advertise listing","","","0","0","","0.0","0.003531","cubic feet","Standard","0.049434","UK","gl_office_product","","317","0","","","6.39","","","","","0","0","15","0","0","","0","0","0","0","1","0","","","","","","","","","","","","","","0","","","","","2026-08-10","14","1","0","0","341","N","","",""
"2026-08-13","HXP251213","X002HAVDWX","B0GCYW78SF","RSYHVG Retro 70s Sunglasses Womens Mens - Pilot Square Tinted Lens Oversized Vintage Ladies Sun Glasses Trendy Shades for UV400 Protection","New","9","0","0","0","5","4","0","0","0","GBP","0","0","0","1","Low traffic","7.45","0.0","7.45","0.0","Create removal order","0","0.0","0","0","23.03","0.11","0.003531","cubic feet","Footwear","0.031779","UK","gl_shoes","2652254","366","9","","117","7.45","0.0","0.0","0.0","7.71","0","0","0","4","0","0.02","0","0","0","0","0","0","","","","","","","","","","","","","","0","","","","815.0","2026-08-10","9","0","0","0","366","N","","",""
"2026-08-13","Y12522","X0027DZ56Z","B0DRT9VKB3","RSYHVG Real Leather Glasses Case Slim Soft Pouch Sleeve for Reading Spectacles with Glass Cleaning Cloth, Slim Glasses Case","New","15","1","0","17","0","0","0","0","0","GBP","5","17","27","32","Low traffic","5.09","0.0","5.09","0.0","NoRestockExcessActionRequired","16","0.0","0","0","0.0","1.68","0.003955","cubic feet","Apparel","0.059325","UK","gl_apparel","250412","94","0","10","18","5.09","21.2","72.08","114.48","136.19","17","0","0","0","0","0.03","30","0","30","0","0","0","","","","","","","","","","","","","74.6","4","2026-08-25","2026-08-09","51.1","74.6","2026-08-10","46","0","0","0","94","Y","Holiday Season","2026-10-10","2027-01-16"
"2026-08-13","HXP0604128","X002KORGOZ","B0GYJKHXTS","RSYHVG 8 Pack Black Self Adhesive Mini Caster Wheels, 360° Swivel Universal Ball Castors, Sticky Pulley Rollers for Kitchen Appliance, Trash Can, Storage Box, Small Furniture & DIY Projects About this","New","7","0","0","8","0","0","0","0","0","GBP","2","5","7","7","Low traffic","8.49","0.0","8.49","0.0","Advertise listing","","","0","0","","0.74","0.009418","cubic feet","Standard","0.065926","UK","gl_biss","29164","173","0","29","68","8.49","14.14","37.53","53.84","53.84","0","0","8","0","0","","30","0","30","0","2","0","","","","","","","","","","","","","195.8","0","","2026-08-09","122.7","195.8","2026-08-10","37","2","0","0","183","N","","",""
"2026-08-13","HXP251223","X002HB2I2L","B0GCZTBNGR","Shower Caps For Women Reusable Waterproof，Pattern And Solid Color Dual-Layer Design For Dual-Layer Usable，Protects Hair In Shower, Spa, Cooking, Clean & Travel (Pink, One Size)","New","29","0","0","29","0","0","0","0","0","GBP","2","7","11","18","Low traffic","7.17","0.0","7.17","0.0","NoRestockExcessActionRequired","0","0.0","0","0","154.05","1.36","0.003531","cubic feet","Standard","0.102399","UK","gl_beauty","103857","124","0","16","20","7.17","11.94","41.79","66.18","110.35","29","0","0","0","0","0.07","0","0","0","0","0","0","","","","","","","","","","","","","121.6","0","","2026-08-09","121.6","71.9","2026-08-10","29","0","0","0","124","N","","",""
"2026-08-13","TY040","X0021PUJ5V","B0D6G4LMBN","RSYHVG Creative Bead Chain Heart Pendant Necklace for Women, Multicolored Red Heart Pattern Choker","New","5","0","0","0","1","5","0","0","0","GBP","0","0","4","12","Low traffic","4.29","0.0","4.29","0.0","CreateShippingPlan","5","0.0","0","0","0.0","0.22","0.006896","cubic feet","","0.03448","UK","gl_jewelry","433965","44","0","","5","4.29","0.0","0.0","14.28","43.69","0","0","0","5","0","0.01","0","0","0","0","0","0","","","","","","","","","","","","","","5","2026-08-11","","","387.5","2026-08-10","5","0","0","0","44","N","","",""
"2026-08-13","Y501301-1","X0028UALOX","B0DYDJCBWG","RSYHVG Pan Replacement Handle Black 7.4inch with Screw Nonstick Saucepan Cookware Skillet Stainless Steel Handle","New","9","0","0","0","9","0","0","0","0","GBP","1","1","2","4","Low traffic","5.49","0.0","5.49","0.0","NoRestockExcessActionRequired","0","0.0","0","0","46.06","0.27","0.008387","cubic feet","Standard","0.075483","UK","gl_home_improvement","408566","81","0","36","29","5.49","4.57","4.57","9.14","18.28","0","0","0","0","0","0.05","0","0","0","0","0","0","","","","","","","","","","","","","464.3","0","","2026-08-09","368.0","464.3","2026-08-10","9","0","0","0","81","N","","",""
"2026-08-13","TY190","X0021PZE29","B0D6GFHGF4","2 Pack Christening Headband for Babies with White Bow for Children (Cross Button)","New","31","13","0","47","0","0","0","0","0","GBP","2","15","33","42","Low traffic","6.39","0.0","6.39","0.0","NoRestockExcessActionRequired","45","0.0","0","0","0.0","2.46","0.001413","cubic feet","","0.043803","UK","gl_beauty","111894","246","0","18","21","6.39","10.64","79.8","175.56","223.44","47","0","0","0","0","0.04","40","0","40","0","3","1","","","","","","","","","","","","","14.2","0","","2026-08-09","8.1","14.2","2026-08-10","84","2","1","0","253","N","","",""
"2026-08-13","Y501424","X00293B305","B0DZHNFBKP","12 Pack Spiked Caster Cups Clear Furniture Castor Cups Round Carpet Protectors Cups Non Slip Carpet Savers Floor Carpet Protectors for Sofas Tables Chairs Furniture Legs - 37mm Diameter","New","34","0","0","34","0","0","0","0","0","GBP","0","6","9","18","Low traffic","7.19","0.0","7.19","0.0","NoRestockExcessActionRequired","31","0.0","0","0","0.0","1.85","0.009669","cubic feet","Standard","0.328746","UK","gl_home","235003","99","0","42","46","7.19","0.0","36.96","55.92","112.8","34","0","0","0","0","0.15","30","0","30","0","0","0","","","","","","","","","","","","","152.0","0","","2026-08-09","152.0","56.8","2026-08-10","64","0","0","0","99","Y","Fall","2026-09-19","2027-01-09"
"2026-08-13","HXP060425","X002KMLMKV","B0GY8S4S84","RSYHVG 2 Pack Luggage Connector Straps, Adjustable Add a Bag Suitcase Belt, Durable PU Leather Travel Luggage Straps for Business Trip, Hiking & Daily Use","New","11","0","0","11","0","0","0","0","0","GBP","2","4","5","5","Low traffic","4.89","0.0","4.89","0.0","Advertise listing","","","0","0","","0.38","0.003531","cubic feet","Standard","0.038841","UK","gl_automotive","165161","366","0","31","80","4.89","8.14","16.62","21.69","21.69","0","1","10","0","0","","20","0","20","0","0","0","","","","","","","","","","","","","315.7","0","","2026-08-09","213.5","315.7","2026-08-10","31","0","0","0","366","N","","",""
"2026-08-13","HXP060411","X002KMK9NH","B0GY89X65F","RSYHVG 4Pcs Boho Bandana Hair Scarf for Women, 35"" x 2.4"" Soft Lightweight Headband Neck Scarf, Fashion Versatile Hair Accessory Gift Ready","New","31","0","0","31","0","0","0","0","0","GBP","0","2","3","4","Low traffic","5.49","0.0","5.49","0.0","Advertise listing","","","0","0","","0.28","0.003531","cubic feet","Apparel","0.109461","UK","gl_apparel","963226","366","0","62","100","5.49","0.0","9.48","14.72","19.96","20","0","11","0","0","","0","0","0","0","0","0","","","","","","","","","","","","","428.0","0","","2026-08-09","428.0","335.5","2026-08-10","31","0","0","0","366","N","","",""
"2026-08-13","HXP060438","X002KNFPIP","B0GYC7D1MK","RSYHVG Crystal Beaded Eyeglasses Chain for Women, Glasses Holder Around Neck, Sunglasses Strap Holder for Daily Wear, Work, Travel & Sports","New","11","0","0","11","0","0","0","0","0","GBP","0","2","4","4","Low traffic","9.29","0.0","9.29","0.0","Advertise listing","","","0","0","","0.4","0.003531","cubic feet","Apparel","0.038841","UK","gl_apparel","1182961","366","0","102","165","9.29","0.0","15.82","31.97","31.97","0","0","11","0","0","","40","0","40","0","0","0","","","","","","","","","","","","","243.5","0","","2026-08-09","120.7","243.5","2026-08-10","51","0","0","0","366","N","","",""
"2026-08-13","Y12516","X0027KAQE9","B0DRYFY7ZY","Drawstring Cord Replacement Drawstrings for Jogger Sweatpant Hoodie","New","35","0","0","36","0","0","0","0","0","GBP","1","4","9","13","Low traffic","3.99","0.0","3.99","0.0","NoRestockExcessActionRequired","35","0.0","0","0","0.0","0.58","0.003531","cubic feet","Standard","0.123585","UK","gl_kitchen","458136","151","0","35","35","3.99","3.32","13.28","29.88","43.16","1","30","5","0","0","0.08","0","0","0","0","1","0","","","","","","","","","","","","","290.5","0","","2026-08-09","290.5","119.8","2026-08-10","35","1","0","0","157","N","","",""
"2026-08-13","HXP260131","X002HJLD7J","B0GFWJLKMT","Zip Pull Replacement for Suitcase: 10 Pcs Red Zipper Pulls Cord for Bags Jacket Luggage","New","33","0","0","36","0","0","0","0","0","GBP","2","3","6","10","Low traffic","5.49","0.0","5.49","0.0","NoRestockExcessActionRequired","0","0.0","0","0","69.48","0.56","0.003531","cubic feet","Standard","0.116523","UK","gl_home","80666","246","0","44","42","5.49","9.14","13.71","29.94","51.7","21","15","0","0","0","0.08","0","0","0","0","3","0","","","","","","","","","","","","","533.5","0","","2026-08-09","533.5","167.8","2026-08-10","33","3","0","0","272","Y","Holiday Season","2026-08-29","2027-02-06"
"2026-08-13","Y501290","X00296F385","B0DZNW974T","Clip-on Shower Rail Soap Holder, Compatible with 22mm Pole, ABS Dish for Shower, 360° Adjustable Chrome Tray for Kitchen Bathroom Sink (Black)","New","25","0","0","26","0","0","0","0","0","GBP","4","12","26","31","Low traffic","6.79","0.0","6.79","0.0","NoRestockExcessActionRequired","25","0.0","0","0","0.0","2.14","0.012586","cubic feet","Standard","0.31465","UK","gl_home","329586","53","0","8","10","6.79","22.64","68.08","149.56","178.66","20","6","0","0","0","0.19","0","0","0","0","1","2","","","","","","","","","","","","","60.2","19","2026-08-14","2026-08-09","60.2","55.0","2026-08-10","25","1","0","0","55","N","","",""
"2026-08-13","HXP060491","X002KMX74F","B0GY96WP8Z","RSYHVG PU Leather Purse Strap Replacement, Adjustable Shoulder Crossbody Strap with Gold Hardware, 120cm Length 1.2cm Width, Durable Soft Bag Strap for Crossbody and Shoulder Bags, Dark Brown","New","6","0","0","6","0","0","0","0","0","GBP","0","3","9","9","Low traffic","4.79","0.0","4.79","0.0","Advertise listing","","","0","0","","1.2","0.012413","cubic feet","Standard","0.074478","UK","gl_automotive","484648","366","0","61","66","4.79","0.0","11.97","39.27","39.27","0","0","6","0","0","","40","0","40","0","0","0","","","","","","","","","","","","","87.7","0","","2026-08-09","82.3","87.7","2026-08-10","46","0","0","0","366","N","","",""
"2026-08-13","TY211","X0021WHDPD","B0D6RDBY83","Hair Nets, Hair Bun Holder Ballet Elastic Edge Hair Net Cap Holder for Ballet, Dance, Nurse and so on (30, Light Brown)","New","97","6","0","102","0","0","0","0","0","GBP","1","10","44","52","Low traffic","4.79","0.0","4.79","0.0","NoRestockExcessActionRequired","102","0.0","0","0","0.0","1.44","0.004132","cubic feet","","0.400804","UK","gl_beauty","40158","286","0","38","24","4.79","3.99","41.43","182.87","216.15","93","9","0","0","0","0.28","0","0","0","0","6","0","","","","","","","","","","","","","61.7","0","","2026-08-09","61.7","22.3","2026-08-10","103","6","0","0","298","N","","",""
"2026-08-13","TY307","X0021XICZR","B0D6VVF2K6","RSYHVG Stainless Steel Tension Clasp with Screws, 56mm Lever Clasp, Spring Toggle Latch Hasp, Catch Clamp Clip, Box Closure, Cap Lock for Toolbox Drawer Chest Case Cabinet (4, 56 mm)","New","47","0","0","48","0","0","0","0","0","GBP","1","1","8","25","Low traffic","5.49","0.0","5.49","0.0","NoRestockExcessActionRequired","47","0.0","0","0","0.0","1.45","0.005244","cubic feet","","0.246468","UK","gl_home_improvement","318744","260","0","188","24","5.49","4.57","4.57","37.75","115.44","48","0","0","0","0","0.16","0","0","0","0","1","0","","","","","","","","","","","","","","0","","","","37.4","2026-08-10","47","1","0","0","265","N","","",""
"2026-08-13","HXP251209","X002HACW8R","B0GCYWNR1D","6 Pack Mixed Brown Faux Horn Buttons, 20mm 32L Round Flat 4 Hole Sew On Plastic Buttons with Rim Edge, Replacement Fasteners for Coats, Jackets, Cardigans, Sewing Craft Haberdashery Projects","New","33","0","0","30","0","3","0","0","0","GBP","0","1","4","5","Low traffic","4.29","0.0","4.29","0.0","Advertise listing","0","0.0","0","0","122.83","0.28","0.003531","cubic feet","Standard","0.116523","UK","gl_office_product","1344280","366","33","132","85","4.29","0.0","3.57","15.62","19.86","20","0","10","3","0","0.08","0","0","0","0","0","0","","","","","","","","","","","","","594.0","0","","2026-08-09","594.0","311.0","2026-08-10","33","0","0","0","366","N","","",""
"2026-08-13","HXP260132","X002HJMHVP","B0GFW995H7","Dog Seat Belt for dogs in Car - Adjustable Dog Car Seat Belts -Harness Dog Seatbelt Safety Lead Dog Vehicle Travelling Leash -Adjustable Safety Seat Belt For Dog Cat and Pets","New","8","0","0","0","10","0","0","0","0","GBP","","","","","Low traffic","4.19","0.0","4.19","0.0","Advertise listing","0","0.0","0","0","18.19","0.0","0.003531","cubic feet","Standard","0.028248","UK","gl_pet_products","","","8","","","4.19","","","","","0","0","0","0","0","0.02","0","0","0","0","1","0","","","","","","","","","","","","","","0","","","","","2026-08-10","8","1","0","0","","N","","",""
"2026-08-13","HXP060489","X002KMXFRT","B0GY8Z7Y3Z","RSYHVG 4 Pack F Male to TV Female Aerial Socket Coax Adapters, 75 Ohm Nickel Plated RF Connectors for Satellite Cables, 9.5TV Female to F Type Plug Converter for TV, Set-Top Box, Satellite Receiver","New","6","0","0","7","0","0","0","0","0","GBP","0","6","9","9","Low traffic","5.9","0.0","5.9","0.0","Advertise listing","","","0","0","","1.06","0.001009","cubic feet","Standard","0.006054","UK","gl_electronics","67394","227","0","24","52","5.9","0.0","29.52","44.28","44.28","1","0","6","0","0","","30","0","30","0","0","0","","","","","","","","","","","","","97.3","0","","2026-08-09","45.3","97.3","2026-08-10","36","0","0","0","227","N","","",""
"2026-08-13","HXP251235","X002HBG3H7","B0GD5XMMK3","RSYHVG 2 Paks Finger Guards Finger Protectors for Cutting Food Avoid Hurting When Slicing and Dicing","New","27","0","0","20","0","7","0","0","0","GBP","0","0","0","1","Low traffic","4.6","0.0","4.6","0.0","Advertise listing","0","0.0","0","0","104.47","0.06","0.003531","cubic feet","Standard","0.095337","UK","gl_kitchen","1757093","366","27","","351","4.6","0.0","0.0","0.0","4.17","0","20","0","7","0","0.07","0","0","0","0","0","0","","","","","","","","","","","","","","0","","","","1280.0","2026-08-10","27","0","0","0","366","N","","",""
"2026-08-13","HXP251216","X002HB11BF","B0GCZPKP6J","8 Pcs Headbands for Women's Hair, Fashion Hair Bands for Women Men Soft Ladies Headband Elastic Head Bands Yoga Gym Hair Accessories Multicoloured","New","28","0","0","20","9","0","0","0","0","GBP","0","0","0","1","Low traffic","5.59","0.0","5.59","0.0","Advertise listing","0","0.0","0","0","129.42","0.07","0.003531","cubic feet","Standard","0.098868","UK","gl_beauty","386893","366","28","","364","5.59","0.0","0.0","0.0","5.99","20","0","0","0","0","0.07","0","0","0","0","0","0","","","","","","","","","","","","","","0","","","","634.5","2026-08-10","28","0","0","0","366","N","","",""
"2026-08-13","Y12498","X0027JGFAJ","B0DRVLG5GK","RSYHVG Womens 1"" Width Bow Skinny Elastic Waist Belt Stretchy Belt Thin Belt","New","6","0","0","0","1","6","0","0","0","GBP","1","3","7","9","Low traffic","4.69","0.0","4.69","0.0","Advertise listing","0","0.0","0","0","30.29","0.77","0.013843","cubic feet","Apparel","0.083058","UK","gl_apparel","265812","366","36","48","52","4.69","3.91","11.73","27.37","35.19","0","0","0","6","0","0.05","30","0","30","0","0","0","","","","","","","","","","","","","120.8","0","","2026-08-09","89.0","120.8","2026-08-10","36","0","0","0","366","N","","",""
"2026-08-13","HXP260135","X002HJJJP7","B0GFWS1QR5","Elegant Blue Floral Pearl Hair Pins for Women – Delicate Crystal Flower Bridal Hair Accessories, Handmade U-Shaped Clips for Bridesmaids, Weddings, Proms & Special Occasions","New","63","62","0","130","0","0","0","0","0","GBP","0","65","69","85","","5.69","0.0","0.0","0.0","NoRestockExcessActionRequired","","","0","0","","2.46","0.003531","cubic feet","Standard","0.222453","UK","gl_beauty","108871","221","0","19","47","5.69","0.0","308.1","327.06","402.9","130","0","0","0","0","","250","0","250","0","4","3","","","","","","","","","","","","","10.6","0","","2026-08-09","10.6","9.6","2026-08-10","375","4","0","0","223","N","","",""
"2026-08-13","HXP0604124","X002KOQ47P","B0GYJFKR74","120 Pcs Hair Extension Tape, Double Sided Extension Tabs Replacement for Hair Extensions","New","15","0","0","15","0","0","0","0","0","GBP","","","","","Low traffic","5.29","0.0","5.29","0.0","Advertise listing","","","0","0","","0.0","0.003531","cubic feet","Standard","0.052965","UK","gl_beauty","","360","0","","","5.49","","","","","0","0","15","0","0","","0","0","0","0","0","0","","","","","","","","","","","","","","0","","","","","2026-08-10","15","0","0","0","360","N","","",""
"2026-08-13","HXP060414","X002KMN7LX","B0GY8ZNV3M","RSYHVG 2 Pack Poultry Vegetable String Bags, Chicken Feeder Hanging Feeding Nets, Chicken Coop Accessories for Fruits Vegetables Treats, Suitable for Chickens Ducks Geese All Life Stages","New","14","0","0","14","0","0","0","0","0","GBP","1","1","1","1","Low traffic","6.19","0.0","6.19","0.0","Advertise listing","","","0","0","","0.09","0.003531","cubic feet","Standard","0.049434","UK","gl_biss","","331","0","56","182","6.19","5.16","5.16","5.16","5.16","0","0","14","0","0","","0","0","0","0","0","0","","","","","","","","","","","","","","0","","","","","2026-08-10","14","0","0","0","331","N","","",""
"2026-08-13","Y12553","X0027J6MON","B0DRVH7FQC","RSYHVG 10 Sheets/660 PCS Double Sided Sticky Pads 12mm 3D Foam Sticky Pads Square Foam Pads for Card Making Scrapbooking DIY Art Craft Home and Office Supplies","New","33","0","0","37","0","0","0","0","0","GBP","3","15","29","39","Low traffic","5.99","0.0","5.99","0.0","NoRestockExcessActionRequired","31","0.0","0","0","0.0","1.55","0.009993","cubic feet","Standard","0.329769","UK","gl_biss","312466","81","0","14","17","5.99","14.97","74.85","144.71","194.61","0","37","0","0","0","0.17","20","0","20","0","3","0","","","","","","","","","","","","","97.1","8","2026-08-20","2026-08-09","97.1","45.6","2026-08-10","53","2","1","0","85","N","","",""
"2026-08-13","TY164","X0021XLQB9","B0D6VLHSZV","2 Pack 4.5 Inch Orange Hair Bows - Hair Ribbon Bow Clips for Women Girls, Hair Accessories","New","21","0","0","24","0","0","0","0","0","GBP","0","0","5","11","Low traffic","4.69","0.0","4.69","0.0","NoRestockExcessActionRequired","21","0.0","0","0","0.84","0.77","0.006273","cubic feet","","0.131733","UK","gl_beauty","208517","159","0","","24","4.69","0.0","0.0","22.05","48.51","0","20","4","0","0","0.09","0","0","0","0","3","0","","","","","","","","","","","","","721.0","0","","2026-08-09","721.0","96.2","2026-08-10","21","3","0","0","182","N","","",""
"2026-08-13","HXP060493","X002KMTYKB","B0GY91VVVC","RSYHVG 2 Pack Kitchen Sink Strainers with Handle, 11cm Anti-Clogging Sink Plug Strainer, Food Catcher & Shower Hair Catcher for Kitchen Bathroom Laundry Drains","New","10","0","0","12","0","0","0","0","0","GBP","2","2","4","4","Low traffic","7.49","0.0","7.49","0.0","NoRestockExcessActionRequired","","","0","0","","0.2","0.003531","cubic feet","Standard","0.03531","UK","gl_home","1921775","210","0","20","32","7.49","12.48","12.48","25.96","25.96","0","0","12","0","0","","0","0","0","0","1","0","","","","","","","","","","","","","","0","","","","502.5","2026-08-10","10","1","0","0","233","N","","",""
"2026-08-13","HXP0604132","X002KOPER1","B0GYJG6DYQ","RSYHVG Burgundy Short Square Press on Toenails, 12 Sizes Full Cover Glossy Acrylic False Toe Nails with Glue, Durable Reusable Artificial Stick on Nails for Women Nail Decoration About this item Timel","New","25","0","0","26","0","0","0","0","0","GBP","0","3","8","9","Low traffic","5.19","0.0","5.19","0.0","NoRestockExcessActionRequired","","","0","0","","0.73","0.005458","cubic feet","Standard","0.13645","UK","gl_beauty","267961","133","0","33","36","5.19","0.0","13.47","35.92","40.41","20","0","6","0","0","","0","0","0","0","0","0","","","","","","","","","","","","","103.4","0","","2026-08-09","76.8","103.4","2026-08-10","25","0","0","0","133","N","","",""
"2026-08-13","Y12235","X0027J73OV","B0DRVLW4DV","RSYHVG 2 Pairs Unisex Breathable Sponge Shoulder Pads Self-Adhesive & Sewable Shoulder Enhancer Invisible Shoulder Support for Sloping High Low Shoulder Suit Blazer Daily Wear Black White","New","9","0","0","0","10","0","0","0","0","GBP","0","1","3","4","Low traffic","6.39","0.0","6.39","0.0","CreateShippingPlan","0","0.0","0","0","104.67","0.33","0.057452","cubic feet","Apparel","0.517068","UK","gl_apparel","398407","67","0","36","29","6.39","0.0","5.32","16.96","22.78","0","0","0","0","0","0.29","0","0","0","0","1","0","","","","","","","","","","","","","325.0","1","2026-09-06","2026-08-09","325.0","274.3","2026-08-10","9","1","0","0","71","Y","Holiday Season","2026-11-07","2027-03-27"
"2026-08-13","TY25021401","X0028KLK4X","B0CTQ4V1QQ","RSYHVG 2 Pack Stainless Steel Kitchen Cupboard Handles - Brushed Cabinet Handles (Hole Centre 128mm)","New","43","0","0","48","0","0","0","0","0","GBP","4","16","27","40","Low traffic","5.59","0.0","5.59","0.0","NoRestockExcessActionRequired","43","0.0","0","0","0.0","1.09","0.013547","cubic feet","Standard","0.582521","UK","gl_home_improvement","100219","71","0","10","13","5.59","18.64","74.56","125.82","186.4","31","0","17","0","0","0.34","0","0","0","0","4","0","","","","","","","","","","","","","89.3","5","2026-08-13","2026-08-09","87.4","89.3","2026-08-10","43","4","0","0","77","Y","Fall-Winter","2026-09-19","2027-03-06"
"2026-08-13","HXP060420","X002KMLG4N","B0GY8TR3B5","RSYHVG 24 PCS Red Plastic Car Tyre Valve Caps, Universal Tyre Stem Dust Covers with Rubber O-Ring Seal for Bike Bicycle SUV Motorbike Trucks","New","19","0","0","19","0","0","0","0","0","GBP","1","4","15","16","Low traffic","5.82","0.0","5.82","0.0","NoRestockExcessActionRequired","","","0","0","","1.78","0.003531","cubic feet","Standard","0.067089","UK","gl_automotive","168559","91","0","19","15","5.82","4.85","19.91","75.13","80.15","19","0","0","0","0","","0","0","0","0","0","0","","","","","","","","","","","","","52.5","1","2026-08-10","2026-08-09","52.5","37.3","2026-08-10","19","0","0","0","91","N","","",""
"2026-08-13","Y501280","X0028TVI1T","B0DYDF7PWS","8 Pack Silver Magnetic Necklace Clasps Magnetic Necklaces Clasps Connector Magnetic Bracelets Clasp for Bracelet Necklace Anklets Making (2CM)","New","48","0","0","51","0","0","0","0","0","GBP","3","9","9","27","Low traffic","4.99","0.0","4.99","0.0","NoRestockExcessActionRequired","0","0.0","0","0","190.48","1.2","5.93E-4","cubic feet","Standard","0.028464","UK","gl_office_product","299369","221","0","21","23","4.99","12.48","37.44","37.44","115.2","30","21","0","0","0","0.02","0","0","0","0","2","0","","","","","","","","","","","","","165.0","0","","2026-08-09","165.0","67.6","2026-08-10","48","2","0","0","230","N","","",""
"2026-08-13","Y12552","X0027JDNCR","B0DRVGJNH2","Potato Peelers Vegetable Peeler - Premium Stainless Steel Y-Shaped Rotatable Multifunctional Apple Peeler, Good Grip & Durable Peeling Tool for Kitchen, Vegetables, Fruits","New","11","0","0","11","0","0","0","0","0","GBP","0","0","0","1","Low traffic","6.09","0.0","6.09","0.0","NoRestockExcessActionRequired","0","0.0","0","0","55.99","0.11","0.011599","cubic feet","Standard","0.127589","UK","gl_kitchen","1095888","236","0","","143","6.09","0.0","0.0","0.0","5.91","0","0","11","0","0","0.09","0","0","0","0","0","0","","","","","","","","","","","","","","0","","","","789.0","2026-08-10","11","0","0","0","236","N","","",""
"2026-08-13","Y12575","X0027KB86T","B0DRYFY4MW","Bathtub Sink Strainer, Stainless Steel Shower Bathtub Drain Hair Catcher, Bathroom Sink Drain Strainer, 3 Pack","New","26","0","0","26","0","0","0","0","0","GBP","0","3","9","14","Low traffic","4.59","0.0","4.59","0.0","NoRestockExcessActionRequired","9","0.0","0","0","17.23","0.7","0.010827","cubic feet","Standard","0.281502","UK","gl_home","633293","228","0","34","24","4.59","0.0","11.46","34.38","53.48","0","15","11","0","0","0.18","0","0","0","0","0","0","","","","","","","","","","","","","206.5","0","","2026-08-09","206.5","114.8","2026-08-10","26","0","0","0","228","N","","",""
"2026-08-13","Y501373","X0028WWALX","B0DYP2JFGK","RSYHVG 2 PCS Magnetic Digital Kitchen Timer, Large LCD Big Digit Display, Countdown Stopwatch for Cooking Study Work Exercise","New","25","0","0","11","14","0","0","0","0","GBP","0","1","2","6","Low traffic","5.69","0.0","5.69","0.0","NoRestockExcessActionRequired","0","0.0","0","0","134.51","0.23","0.00678","cubic feet","Standard","0.1695","UK","gl_home","777590","135","25","100","54","5.99","0.0","4.74","9.65","29.61","0","1","10","0","0","0.12","0","0","0","0","0","0","","","","","","","","","","","","","797.0","0","","2026-08-09","797.0","425.7","2026-08-10","25","0","0","0","135","N","","",""
"2026-08-13","TY276","X0021PJ2V3","B0D6G6QX3R","RSYHVG 20mm Silicone Watch Strap for Women Men, Quick Release Replacement Strap with Stainless Steel Buckle Sport Watchbands Wrist Straps, smart watch wristband","New","11","0","0","12","0","0","0","0","0","GBP","1","3","3","3","Low traffic","4.49","0.0","4.49","0.0","NoRestockExcessActionRequired","0","0.0","0","0","36.84","0.29","0.006441","cubic feet","","0.070851","UK","gl_jewelry","252484","225","0","14","47","4.49","3.74","11.22","11.22","11.22","0","0","12","0","0","0.05","0","0","0","0","0","0","","","","","","","","","","","","","488.0","0","","2026-08-09","220.5","488.0","2026-08-10","11","0","0","0","225","N","","",""
"2026-08-13","HXP260112","X002HJDVDX","B0GFVRH3FD","Vintage Satin Bow Hair Barrette - Large Velvet Bow Hair Clip - Winter Ribbon Headclip - Decorative Hair Accessory for Women and Girls (Black 1)","New","19","0","0","20","0","0","0","0","0","GBP","2","5","5","10","Low traffic","5.38","0.0","5.38","0.0","NoRestockExcessActionRequired","0","0.0","0","0","41.05","0.58","0.003531","cubic feet","Standard","0.067089","UK","gl_beauty","127859","129","0","15","24","5.38","8.96","22.4","22.4","48.15","0","20","0","0","0","0.05","0","0","0","0","0","0","","","","","","","","","","","","","241.3","0","","2026-08-09","241.3","146.9","2026-08-10","19","0","0","0","129","Y","Winter","2026-11-07","2027-03-20"
"2026-08-13","HXP060466","X002KNPPCV","B0GYDM8GPL","RSYHVG Universal Polypropylene Shoulder Strap Replacement, 2.5cm Wide Adjustable Bag Strap for Laptop Bag, Backpack, Crossbody, Handbag, Light Blue About this item Premium Wear-Resistant Material: Cra","New","7","0","0","7","0","0","0","0","0","GBP","1","8","9","9","Low traffic","5.44","0.0","5.44","0.0","NoRestockExcessActionRequired","","","0","0","","1.0","0.003531","cubic feet","Standard","0.024717","UK","gl_automotive","312928","28","0","3","10","5.44","4.53","36.24","41.11","41.11","0","0","7","0","0","","0","0","0","0","0","0","","","","","","","","","","","","","107.0","14","2026-08-07","2026-08-09","48.6","107.0","2026-08-10","7","0","0","0","28","N","","",""
"2026-08-13","TY345","X0021WUW9R","B0D6V961S2","RSYHVG 15Pcs Reflective Snap Bands, High Visibility Reflector Bracelets for Outdoor Sports, Walking, Cycling, Hiking","New","3","0","0","5","0","0","0","0","0","GBP","1","22","32","49","Low traffic","4.19","0.0","4.19","0.0","NoRestockExcessActionRequired","3","0.0","0","0","0.0","2.31","0.003178","cubic feet","","0.009534","UK","gl_sports","100203","56","0","6","8","4.19","3.49","76.78","111.68","171.01","5","0","0","0","0","0.01","30","0","30","0","1","0","","","","","","","","","","","","","42.4","12","2026-08-25","2026-08-09","24.1","42.4","2026-08-10","33","0","1","0","57","N","","",""
"2026-08-13","TY537","X0021WHQIR","B0D6RBJDCR","2 Pack Stainless Steel Kitchen Sink Strainer with Lift Handle Anti-Clogging Drain Filter Basket Rust Resistant Food Debris Catcher for Kitchen Bathroom Sink","New","13","0","0","14","0","0","0","0","0","GBP","2","8","10","11","Low traffic","5.89","0.0","5.89","0.0","NoRestockExcessActionRequired","14","0.0","0","0","55.66","1.05","0.006922","cubic feet","","0.089986","UK","gl_home","617057","120","0","6","15","5.89","9.82","39.28","49.59","54.83","0","14","0","0","0","0.07","0","0","0","0","1","0","","","","","","","","","","","","","83.7","0","","2026-08-09","77.7","83.7","2026-08-10","13","0","1","0","131","N","","",""
"2026-08-13","Y12517","X0027KB7N3","B0DRYDQ38S","4 Pcs Waist Drawstring Cord, Extra Long Trouser Drawstring Cord, 162cm Long Encrypted Cotton Ropes with Metal Tips, Ideal for Hoodies Sweatpants Jackets Bags, 4 Colors for All Your Fashion DIY Needs","New","9","0","0","13","0","0","0","0","0","GBP","8","15","20","28","Low traffic","4.99","0.0","4.99","0.0","CreateShippingPlan","9","0.0","0","0","0.0","1.7","0.015892","cubic feet","Standard","0.143028","UK","gl_kitchen","121258","22","0","2","4","4.99","33.28","62.4","83.2","116.48","1","12","0","0","0","0.08","0","0","0","0","2","0","","","","","","","","","","","","","59.3","24","2026-08-12","2026-08-09","59.3","46.2","2026-08-10","9","2","0","0","27","N","","",""
"2026-08-13","TY297","X0021Q68S7","B0D6GDXV8Y","RSYHVG Black Cat Ornament for Cat Lovers,Cat Gifts for Women,38mm Obsidian Crystal Sleeping Cat Figurine Ornaments for Living Room,Cat Gifts for Christmas Cat Themed Gifts,Cute Cat Statue","New","15","0","0","17","0","0","0","0","0","GBP","2","7","10","17","Low traffic","5.99","0.0","5.99","0.0","NoRestockExcessActionRequired","17","0.0","0","0","0.0","1.85","0.001019","cubic feet","","0.015285","UK","gl_home","374359","57","0","8","11","5.99","9.98","34.93","50.41","87.65","15","2","0","0","0","0.01","0","0","0","0","2","0","","","","","","","","","","","","","69.1","6","2026-09-02","2026-08-09","69.1","46.7","2026-08-10","15","2","0","0","65","N","","",""
"2026-08-13","TY176","X0021VZS0V","B0D6R11T5X","10Pcs Car Brake Hose Clips Strong Durable Clip Replacement U Shaped Hose Useful Vehicles Line Clip for Cars Trucks Vehicles Parts","New","28","0","0","29","0","0","0","0","0","GBP","4","8","18","29","Low traffic","4.79","0.0","4.79","0.0","NoRestockExcessActionRequired","28","0.0","0","0","0.0","1.37","0.004132","cubic feet","","0.115696","UK","gl_home_improvement","30914","185","0","26","23","4.79","15.96","32.09","73.69","119.45","20","0","9","0","0","0.07","25","0","25","0","1","0","","","","","","","","","","","","","191.6","0","","2026-08-09","191.6","78.9","2026-08-10","53","1","0","0","189","N","","",""
"2026-08-13","HXP060412","X002KMMZJN","B0GY89YZ39","RSYHVG 20 Pcs High Heel Protectors, 5 Sizes U-Shaped Non-Slip Heel Caps, Black & Clear Heel Covers for Weddings, Lawns, Gravel, Wetlands, Parties & Daily Commute About this item Complete 5-Size 10-Pai","New","12","0","0","12","0","0","0","0","0","GBP","0","3","3","3","Low traffic","4.69","0.0","4.69","0.0","Advertise listing","","","0","0","","0.21","0.003531","cubic feet","Standard","0.042372","UK","gl_drugstore","152337","257","0","56","182","4.69","0.0","11.73","11.73","11.73","0","0","12","0","0","","30","0","30","0","0","0","","","","","","","","","","","","","329.0","0","","2026-08-09","139.0","329.0","2026-08-10","42","0","0","0","257","N","","",""
"2026-08-13","TY556","X0021WENZB","B0D6R1H8BQ","RSYHVG 3Pcs Stainless Steel Ceramic Pointed Tweezers for Electronic Repair,Jewelry Making,Laboratory Work,High Temperature Resistant Insulated Clamping Tools","New","73","7","0","81","0","0","0","0","0","GBP","7","33","55","68","Low traffic","6.19","0.0","6.19","0.0","NoRestockExcessActionRequired","80","0.0","0","0","0.0","1.91","0.001695","cubic feet","","0.123735","UK","gl_home_improvement","60786","91","0","8","13","6.19","36.12","170.28","283.8","350.88","81","0","0","0","0","0.09","0","0","0","0","2","0","","","","","","","","","","","","","29.7","0","","2026-08-09","23.7","29.7","2026-08-10","80","2","0","0","93","N","","",""
"2026-08-13","Y501245","X0028TUTY1","B0DYDD9MRZ","Door Latch,Roller Ball Door Catch, Stainless Steel Roller Catch, Door Latches for Internal Door with Screws for Home Kitchen Closet Wardrobe Door Cabinet Cupboard-Black","New","43","0","0","45","0","0","0","0","0","GBP","0","4","8","21","Low traffic","6.39","0.0","6.39","0.0","NoRestockExcessActionRequired","40","0.0","0","0","0.3","0.81","0.009359","cubic feet","Standard","0.402437","UK","gl_home_improvement","234368","217","0","43","26","6.39","0.0","21.28","42.9","112.06","0","45","0","0","0","0.25","0","0","0","0","2","0","","","","","","","","","","","","","356.3","0","","2026-08-09","356.3","97.0","2026-08-10","43","2","0","0","227","N","","",""
"2026-08-13","Y12466","X0027JDC0P","B0DRVJMZSP","Grape Cutter for Toddlers 1-3, Fruit Slicer for Tomato Cherry Strawberry Olive Multi Grape Quarter Cutter Tool for Baby Stainless Steel Kitchen Gadgets with Ergonomic Non-Slip Handls","New","21","0","0","21","0","0","0","0","0","GBP","0","7","9","10","Low traffic","6.19","0.0","6.19","0.0","NoRestockExcessActionRequired","0","0.0","0","0","105.25","0.67","0.012607","cubic feet","Standard","0.264747","UK","gl_kitchen","473225","213","0","12","27","6.19","0.0","36.12","46.44","51.76","0","20","1","0","0","0.18","0","0","0","0","0","0","","","","","","","","","","","","","118.1","6","2026-08-17","2026-08-09","111.3","118.1","2026-08-10","21","0","0","0","213","N","","",""
"2026-08-13","HXP260116","X002HJFLXB","B0GFWFXPK8","RSYHVG Braided Leather Keychain, Keychain Ring Woven Strap Lanyard Strap with 360 Degree Rotatable for Car Key Bag Wallet","New","21","0","0","20","2","0","0","0","0","GBP","0","5","6","7","Low traffic","4.89","0.0","4.89","0.0","NoRestockExcessActionRequired","0","0.0","0","0","100.02","0.61","0.003531","cubic feet","Apparel","0.074151","UK","gl_apparel","530755","273","21","16","39","4.89","0.0","21.2","25.77","30.51","20","0","0","0","0","0.04","0","0","0","0","1","0","","","","","","","","","","","","","113.3","0","","2026-08-09","59.2","113.3","2026-08-10","21","1","0","0","286","N","","",""
"2026-08-13","Y501199","X0028WE53T","B0DYNRKW3C","RSYHVG 6Pcs Stainless Steel Measuring Spoons Set 18/8 Food Grade Metric & Imperial for Baking Cooking Silver","New","27","0","0","0","0","27","0","0","0","GBP","0","1","1","1","Low traffic","5.29","0.0","5.29","0.0","NoRestockExcessActionRequired","0","0.0","0","0","124.44","0.04","0.005739","cubic feet","Standard","0.154953","UK","gl_kitchen","1052155","366","27","108","351","4.99","0.0","4.41","4.41","4.41","0","0","0","27","0","0.11","0","0","0","0","0","0","","","","","","","","","","","","","2496.0","0","","2026-08-09","816.0","2496.0","2026-08-10","27","0","0","0","366","Y","Holiday Season","2026-09-12","2027-01-30"
"2026-08-13","Y12391","X0027JJCJ5","B0DRVQZ1PH","Small Bull Clips Black, 30 Pcs Mini Binder Paper Clips Tiny Metal Clamps for Bags Tags, Picture Photo, Office (22mm)","New","13","0","0","13","0","0","0","0","0","GBP","2","6","7","8","Low traffic","5.09","0.0","5.09","0.0","NoRestockExcessActionRequired","0","0.0","0","0","53.47","0.97","0.004238","cubic feet","Standard","0.055094","UK","gl_office_product","101824","93","0","8","21","5.09","8.48","25.44","29.85","34.59","1","12","0","0","0","0.04","0","0","0","0","0","0","","","","","","","","","","","","","98.0","4","2026-08-17","2026-08-09","86.3","98.0","2026-08-10","13","0","0","0","93","N","","",""
"2026-08-13","HXP0604102","X002KNGYX5","B0GYCKBQ2B","RSYHVG Washable Pre-Motor Filter Replacement, 11x11x1.5cm Vacuum Cleaner Accessory, Compatible with V18P01BP25DC Cordless Handstick Vacuum Cleaners About this item Premium Paper Construction: Made fro","New","14","0","0","14","0","0","0","0","0","GBP","0","0","1","1","Low traffic","8.19","0.0","8.19","0.0","Advertise listing","","","0","0","","0.09","0.003531","cubic feet","Standard","0.049434","UK","gl_kitchen","685796","296","0","","182","8.19","0.0","0.0","7.32","7.32","0","0","14","0","0","","0","0","0","0","0","0","","","","","","","","","","","","","955.0","0","","2026-08-09","420.0","955.0","2026-08-10","14","0","0","0","296","N","","",""
"2026-08-13","HXP060440","X002KNA0HV","B0GYCHM9WK","Funny Coffee Spoon Gift for Friend Besties Chrsitmas Gifts for Women Men Cofee Lover Gifts for Husband Wife Birthday Gift for Girlfriend for Bf Gf Spoons","New","14","0","0","15","0","0","0","0","0","GBP","","","","","Low traffic","6.19","0.0","6.19","0.0","Advertise listing","","","0","0","","0.0","0.003531","cubic feet","Standard","0.049434","UK","gl_kitchen","","220","0","","","","","","","","0","0","15","0","0","","0","0","0","0","1","0","","","","","","","","","","","","","","0","","","","","2026-08-10","14","1","0","0","240","Y","Holiday Season","2026-11-07","2027-01-09"
"2026-08-13","HXP260106","X002HJK8SJ","B0GFVZ94D8","Tweezers for Women Facial Hair, Professional Precision Eyebrow Tweezers for Women and Men, German Premium Stainless Steel Slanted Hair Removal Pluckers","New","10","0","0","2","8","0","0","0","0","GBP","","","","","Low traffic","7.29","0.0","7.29","0.0","Advertise listing","0","0.0","0","0","23.21","0.0","0.003531","cubic feet","Standard","0.03531","UK","gl_home_improvement","","","10","","","","","","","","0","0","2","0","0","0.02","0","0","0","0","0","0","","","","","","","","","","","","","","0","","","","","2026-08-10","10","0","0","0","","N","","",""
"2026-08-13","TY417","X0021WIBCR","B0D6RBVPR7","RSYHVG 2 Pairs Cooling Arm Sleeves for Women and Men, Sun UV Protection Breathable Arm Sleeves, Compression Outdoor Sports Sleeves to Cover for Cycling Hiking","New","7","1","0","11","0","0","0","0","0","GBP","14","55","89","102","Low traffic","4.19","0.0","4.19","0.0","NoRestockExcessActionRequired","8","0.0","0","0","0.0","5.46","0.005297","cubic feet","","0.037079","UK","gl_apparel","49487","336","0","11","20","4.19","48.86","191.95","310.61","355.98","11","0","0","0","0","0.02","150","0","150","0","1","0","","","","","","","","","","","","","16.0","0","","2026-08-09","15.2","16.0","2026-08-10","158","0","1","0","336","N","","",""
"2026-08-13","HXP251229","X002HB71HD","B0GD179HCM","2-Piece Set Foundation Brush Angled Dense and Precision Concealer Brush – Makeup Brushes For Liquid, Cream & Powder Foundation - Dense Bristles, Ergonomic Cylindrical Handle","New","13","0","0","10","0","3","0","0","0","GBP","1","3","3","3","Low traffic","4.24","0.0","4.24","0.0","Advertise listing","0","0.0","0","0","55.44","0.24","0.003531","cubic feet","Standard","0.045903","UK","gl_beauty","91549","366","43","57","186","4.24","3.53","10.59","10.59","10.59","0","0","10","3","0","0.03","30","0","30","0","0","0","","","","","","","","","","","","","682.0","0","","2026-08-09","222.0","682.0","2026-08-10","43","0","0","0","366","N","","",""
"2026-08-13","HXP0604126","X002KOODD7","B0GYJ5ZQYH","RSYHVG Retro Oval Gold Sunglasses for Women Men, Vintage 90s Small Round Sun Glasses with Metal Frame, UV400 Protection Brown Lenses","New","28","0","0","28","0","0","0","0","0","GBP","1","4","18","18","Low traffic","6.74","0.0","6.74","0.0","NoRestockExcessActionRequired","","","0","0","","1.6","0.003531","cubic feet","Footwear","0.098868","UK","gl_shoes","151815","233","0","48","34","6.74","5.62","22.48","101.16","101.16","28","0","0","0","0","","20","0","20","0","0","1","","","","","","","","","","","","","67.5","0","","2026-08-09","67.5","37.4","2026-08-10","48","0","0","0","233","N","","",""
"2026-08-13","HXP0604110","X002KNGBVF","B0GYCX9FD8","Bookmarks for Women, 2026 Christian Gifts for Women Bible Tabs, Metal Bookmark Religious Christian Bookmarks, First Communion Back to School Coming of Age Graduation","New","12","0","0","12","0","0","0","0","0","GBP","0","2","3","3","Low traffic","7.19","0.0","7.19","0.0","Advertise listing","","","0","0","","0.29","0.003531","cubic feet","Standard","0.042372","UK","gl_office_product","302846","366","0","84","182","7.19","0.0","12.64","19.38","19.38","0","0","12","0","0","","30","0","30","0","1","0","","","","","","","","","","","","","333.3","0","","2026-08-09","197.0","333.3","2026-08-10","42","1","0","0","366","N","","",""
"2026-08-13","HXP060496","X002KNCENT","B0GYBXRF7W","RSYHVG Pink Dart Case, Multi-Functional EVA Darts Carrying Storage Bag with Mesh Pockets, Portable Dart Holder Organiser for Darts, Tips, Flights, Shafts and Dart Accessories","New","29","0","0","30","0","0","0","0","0","GBP","0","2","2","5","Low traffic","9.29","0.0","9.29","0.0","Advertise listing","","","0","0","","0.36","0.003531","cubic feet","Standard","0.102399","UK","gl_luggage","205048","253","0","58","75","9.29","0.0","15.48","15.48","40.2","20","0","10","0","0","","0","0","0","0","1","0","","","","","","","","","","","","","414.0","0","","2026-08-09","414.0","273.0","2026-08-10","29","1","0","0","264","N","","",""
"2026-08-13","HXP060451","X002KNMFIN","B0GYCN9Q3R","RSYHVG 12 Speed Bicycle Chain Quick Links, 4 Pack Durable Bike Chain Connectors, Easy Installation & Removal, Compact Lightweight Cycling Maintenance Accessories for Road Mountain Commuter Bikes","New","15","0","0","15","0","0","0","0","0","GBP","","","","","Low traffic","6.19","0.0","6.19","0.0","Advertise listing","","","0","0","","0.0","0.003531","cubic feet","Standard","0.052965","UK","gl_biss","","366","0","","","6.19","","","","","0","0","15","0","0","","0","0","0","0","0","0","","","","","","","","","","","","","","0","","","","","2026-08-10","15","0","0","0","366","N","","",""
"2026-08-13","HXP251225","X002HB2RPT","B0GCZXGC5S","Shower Caps for Women Reusable Waterproof, Double Layer Shower Caps for Women, Green Showers Bonnet with Soft Elastic Band for All Hair","New","36","0","0","30","0","6","0","0","0","GBP","0","1","2","4","Low traffic","4.59","0.0","4.59","0.0","Advertise listing","0","0.0","0","0","145.09","0.2","0.003531","cubic feet","Standard","0.127116","UK","gl_beauty","296433","366","36","144","117","4.59","0.0","3.99","8.65","17.97","20","0","10","6","0","0.09","0","0","0","0","0","0","","","","","","","","","","","","","995.0","0","","2026-08-09","995.0","515.3","2026-08-10","36","0","0","0","366","N","","",""
"2026-08-13","Y12570","X0027K0KI1","B0DRX2D1LN","False Eyelashes Fluffy Fox Eye Lashes Sexy Cat Eye Eyelashes Soft Winged Angel Fake Lashes Wispy Lightweight Faux Mink Lashes (5 Pairs)","New","4","0","0","4","0","0","0","0","0","GBP","0","7","16","20","Low traffic","4.49","0.0","4.49","0.0","NoRestockExcessActionRequired","0","0.0","0","0","15.54","2.67","0.005403","cubic feet","Standard","0.021612","UK","gl_beauty","187900","118","0","13","15","4.49","0.0","26.18","59.84","74.8","1","3","0","0","0","0.01","20","0","20","0","0","0","","","","","","","","","","","","","30.1","0","","2026-08-09","26.0","30.1","2026-08-10","24","0","0","0","118","N","","",""
"2026-08-13","Y501144","X0028TAQ8Z","B0DY7VL5JW","Tyre Valve Stem Caps, 8PCS Universal Dust Caps for Car Motocycle Bike Tire Wheel Covers (Red)","New","12","0","0","12","0","0","0","0","0","GBP","0","8","11","13","Low traffic","4.39","0.0","4.39","0.0","NoRestockExcessActionRequired","0","3.84","52","0","43.23","1.79","0.002119","cubic feet","Standard","0.025428","UK","gl_automotive","90035","328","0","21","42","4.39","0.0","27.92","38.39","45.37","12","0","0","0","0","0.02","30","0","30","0","0","0","","","","","","","","","","","","","56.8","0","","2026-08-09","56.5","56.8","2026-08-10","42","0","0","0","328","N","","",""
"2026-08-13","TY564","X0021VZ8ZB","B0D6QD87YS","1 Pack Open Toe Gel Socks, Five Toe Moisturising Foot Spa Socks, Bunion Corrector Toe Separators, Heel Protector Sleeves for Dry Cracked Heels, One Size Polyester Foot Care Socks for Dry Skin","New","6","0","0","7","0","0","0","0","0","GBP","1","12","17","23","Low traffic","6.09","0.0","6.09","0.0","NoRestockExcessActionRequired","3","5.99","9","0","9.18","2.88","0.008939","cubic feet","Standard","0.053634","UK","gl_drugstore","83790","366","0","18","31","6.09","5.07","60.84","86.19","116.61","0","7","0","0","0","0.04","50","0","50","0","1","1","","","","","","","","","","","","","47.4","0","","2026-08-09","47.4","41.8","2026-08-10","56","1","0","0","366","N","","",""
"2026-08-13","HXP060448","X002KNFVJD","B0GYCP7GY5","RSYHVG Moroccan Exfoliating Kessa Glove - Premium Hammam Scrub Mitt, Authentic Made in Morocco for Deep Skin Cleansing, Dead Skin & Fake Tan Removal, Ingrown Hair Prevention, Enhances Skin Softness (1","New","11","0","0","14","0","0","0","0","0","GBP","3","7","22","22","Low traffic","5.39","0.0","5.39","0.0","NoRestockExcessActionRequired","","","0","0","","2.9","0.003531","cubic feet","Standard","0.038841","UK","gl_beauty","82523","51","0","17","18","5.39","13.47","31.43","98.78","98.78","14","0","0","0","0","","20","0","20","0","1","0","","","","","","","","","","","","","28.1","21","2026-08-13","2026-08-09","26.3","28.1","2026-08-10","31","1","0","0","53","N","","",""
"2026-08-13","TY470","X0021X30MH","B0D6VWN9S5","RSYHVG Bird Cage Net Cover and Seed Catcher - Stretchy, Dustproof, Ventilate, Tidy (White)","New","38","0","0","39","0","0","0","0","0","GBP","2","13","14","21","Low traffic","6.19","0.0","6.19","0.0","NoRestockExcessActionRequired","38","0.0","0","0","0.0","1.27","0.022601","cubic feet","","0.858838","UK","gl_home","47756","82","0","11","23","6.19","10.32","67.08","72.24","109.48","39","0","0","0","0","0.54","0","0","0","0","1","0","","","","","","","","","","","","","107.2","14","2026-08-25","2026-08-09","107.2","85.7","2026-08-10","38","1","0","0","84","N","","",""
"2026-08-13","HXP060495","X002KNCI53","B0GYC5TSFQ","RSYHVG Retro Oval Sunglasses Womens Mens - Round Vintage Metal Frame UV400 Protection","New","29","0","0","31","0","0","0","0","0","GBP","1","3","5","5","Low traffic","6.96","0.0","6.96","0.0","Advertise listing","","","0","0","","0.34","0.003531","cubic feet","Footwear","0.102399","UK","gl_shoes","370168","366","0","38","75","6.96","5.8","17.4","29.34","29.34","21","0","10","0","0","","0","0","0","0","2","0","","","","","","","","","","","","","212.4","0","","2026-08-09","185.7","212.4","2026-08-10","29","2","0","0","366","N","","",""
"2026-08-13","TY320","X0021W7X49","B0D6R4QC25","RSYHVG 10Pcs Stainless Steel Hose Clips 6-12mm Adjustable Jubilee Clips","New","28","2","0","30","0","0","0","0","0","GBP","0","0","11","11","Low traffic","4.09","0.0","4.09","0.0","Advertise listing","0","0.0","0","0","109.07","0.88","0.00226","cubic feet","","0.06328","UK","gl_home_improvement","309984","366","0","","56","4.09","0.0","0.0","37.51","37.51","30","0","0","0","0","0.05","20","0","20","0","0","0","","","","","","","","","","","","","59.1","0","","2026-08-09","30.0","59.1","2026-08-10","50","0","0","0","366","N","","",""
"2026-08-13","TY039","X0021PJ4CP","B0D6G7HP1F","RSYHVG Titanium steel jewelry Punk ghost ghost rock cross stainless steel pendant necklace ghost band merchandise","New","16","0","0","17","0","0","0","0","0","GBP","4","4","10","14","Low traffic","3.79","0.0","3.79","0.0","CreateShippingPlan","16","0.0","0","0","0.0","2.17","0.001852","cubic feet","","0.029632","UK","gl_jewelry","137862","104","0","16","14","3.79","12.64","12.64","31.6","44.24","17","0","0","0","0","0.02","0","0","0","0","1","0","","","","","","","","","","","","","177.0","0","","2026-08-09","177.0","27.5","2026-08-10","16","1","0","0","106","N","","",""
"2026-08-13","Y12499","X0027IS1I9","B0DRVKCNZ7","RSYHVG Invisible Elastic Stretch Belt for Women Ladies No Show Adjustable Belt for Jeans Dress","New","17","0","0","17","0","0","0","0","0","GBP","1","8","9","13","Low traffic","4.19","0.0","4.19","0.0","NoRestockExcessActionRequired","17","0.0","0","0","0.0","0.66","0.003708","cubic feet","Apparel","0.063036","UK","gl_apparel","275234","86","0","8","17","4.19","3.49","27.92","31.58","46.22","0","0","17","0","0","0.03","0","0","0","0","0","0","","","","","","","","","","","","","170.2","1","2026-08-27","2026-08-09","110.2","170.2","2026-08-10","17","0","0","0","86","Y","Holiday Season","2026-10-10","2027-01-16"
"2026-08-13","HXP060488","X002KMTAQ9","B0GY8SF8Q1","RSYHVG Women's Skinny PU Leather Belt, White Thin Waist Belt with Metal Buckle, Adjustable 105cm Length for Waist 70-95cm, Versatile for Dresses Jeans Trousers Shirts Suits Coats","New","26","0","0","26","0","0","0","0","0","GBP","4","13","28","28","Low traffic","5.46","0.0","5.46","0.0","NoRestockExcessActionRequired","","","0","0","","2.51","0.015119","cubic feet","Apparel","0.393094","UK","gl_apparel","178860","86","0","20","30","5.46","18.2","59.15","129.95","129.95","26","0","0","0","0","","40","0","40","0","0","0","","","","","","","","","","","","","37.8","0","","2026-08-09","37.8","33.2","2026-08-10","66","0","0","0","86","N","","",""
"2026-08-13","HXP0604118","X002KONTIR","B0GYJ99C21","RSYHVG Dad's Ice Cream Shovel Spoon, Funny Fathers Day Gifts from Daughter Son, Stainless Steel Engraved Spoon, Birthday Christmas Anniversary Gifts for Dad Stepdad Grandad Husband About this item Fun","New","39","0","0","41","0","0","0","0","0","GBP","0","0","5","5","Low traffic","6.89","0.0","6.89","0.0","Advertise listing","","","0","0","","0.22","0.003531","cubic feet","Standard","0.137709","UK","gl_kitchen","1520728","366","0","","101","6.89","0.0","0.0","32.85","32.85","30","0","11","0","0","","0","0","0","0","1","0","","","","","","","","","","","","","","0","","","","212.2","2026-08-10","39","1","0","0","366","N","","",""
"2026-08-13","HXP060454","X002KNA2NN","B0GYCVGCJM","RSYHVG 24PCS Medium Almond Press On Nails, French Tip False Nails with White Edge Red Heart Design, Glossy Full Cover Stick On Nails with Glue for Women DIY Nail Art Valentine's Day","New","11","0","0","14","0","0","0","0","0","GBP","0","0","1","1","Low traffic","4.59","0.0","4.59","0.0","Advertise listing","","","0","0","","0.09","0.003531","cubic feet","Standard","0.038841","UK","gl_beauty","491990","266","0","","143","4.59","0.0","0.0","4.49","4.49","0","0","14","0","0","","0","0","0","0","3","0","","","","","","","","","","","","","","0","","","","1036.0","2026-08-10","11","2","1","0","334","N","","",""
"2026-08-13","HXP260115","X002HJKTC9","B0GFW5PD41","Keychain Carabiner Clips 3 Pack, Key Chain with Snap Hook Carabiner, Keyring Clips with D Ring Hooks Hangers, Heavy Duty Lanyard for Car Keys, Backpack, Tools, Or as A Key Organiser for Men","New","8","0","0","0","8","0","0","0","0","GBP","1","1","2","2","Low traffic","5.97","0.0","5.97","0.0","Advertise listing","0","0.0","0","0","18.65","0.22","0.003531","cubic feet","Standard","0.028248","UK","gl_sports","","175","8","32","52","5.97","4.97","4.97","10.78","10.78","0","0","0","0","0","0.02","0","0","0","0","0","0","","","","","","","","","","","","","","0","","","","850.0","2026-08-10","8","0","0","0","175","N","","",""
"2026-08-13","TY151","X0021QBNIR","B0D6GCPWBQ","RSYHVG Compass Crane Pendant Y‑Chain Necklace, Nickel‑Free Polished Alloy Adjustable 18 Inch Jewellery, Good Luck Friendship Gift for Adult Women, Message Card & Envelope Included","","0","0","0","3","0","0","0","0","0","GBP","0","6","22","25","","0.0","0.0","0.0","0.0","NoRestockExcessActionRequired","","","0","0","","2.04","0.001695","cubic feet","","0.0","UK","gl_jewelry","","366","0","26","20","4.39","0.0","21.96","80.52","91.5","0","1","2","0","0","","40","0","40","0","0","0","","","","","","","","","","","","","56.4","0","","2026-08-09","5.3","56.4","2026-08-10","40","0","0","0","366","N","","",""
"2026-08-13","HXP060455","X002KNKYRR","B0GYCFDRRP","RSYHVG 24Pcs Medium Square Press On Nails, Red Heart Design Glossy Acrylic False Nails, Full Cover Removable Stick On Nails with Glue, Reusable Nail Art Accessories for Women","New","12","0","0","13","0","0","0","0","0","GBP","","","","","Low traffic","4.39","0.0","4.39","0.0","Advertise listing","","","0","0","","0.0","0.004049","cubic feet","Standard","0.048588","UK","gl_beauty","","301","0","","","4.39","","","","","0","0","13","0","0","","0","0","0","0","1","0","","","","","","","","","","","","","","0","","","","","2026-08-10","12","1","0","0","366","N","","",""
"2026-08-13","HXP251234","X002HBK2KL","B0GD5CSX3V","Purple Hair Bow - Large Bowknot Hair Clip for Women, Satin Silky Ribbons with Long Tail, French Barrette Hair Accessory for Girls Ponytail Holder","New","32","0","0","33","0","0","0","0","0","GBP","0","1","3","9","Low traffic","4.58","0.0","4.58","0.0","NoRestockExcessActionRequired","0","0.0","0","0","179.59","0.64","0.003531","cubic feet","Standard","0.112992","UK","gl_beauty","256741","334","0","128","46","4.58","0.0","3.82","11.79","36.69","20","10","3","0","0","0.08","0","0","0","0","1","0","","","","","","","","","","","","","454.5","0","","2026-08-09","454.5","130.8","2026-08-10","32","1","0","0","347","N","","",""
"2026-08-13","HXP0604141","X002KOJTIV","B0GYJCDJR9","RSYHVG Fabric Swimming Cap, Unisex Stretch Swim Cap Comfortable Lightweight Swim Hat for Men and Women, Black One Size About this item Exceptional Elasticity & Universal Fit: Our swim cap features a h","New","7","0","0","7","0","0","0","0","0","GBP","1","2","8","8","Low traffic","5.53","0.0","5.53","0.0","Advertise listing","","","0","0","","0.88","0.003531","cubic feet","Standard","0.024717","UK","gl_sports","57834","253","0","74","60","5.53","4.61","9.38","39.02","39.02","0","0","7","0","0","","30","0","30","0","1","0","","","","","","","","","","","","","127.5","0","","2026-08-09","127.5","108.6","2026-08-10","37","1","0","0","261","N","","",""
"2026-08-13","HXP0604100","X002KNKT95","B0GYC7H94D","RSYHVG Blue Light Blocking Glasses, Clear Lens Anti Glare UV Protection Eyeglasses, Vintage Black Oval Frame for Computer Work, Gaming & Daily Digital Use","New","9","0","0","9","0","0","0","0","0","GBP","3","3","6","6","Low traffic","6.59","0.0","6.59","0.0","NoRestockExcessActionRequired","","","0","0","","0.67","0.003531","cubic feet","Apparel","0.031779","UK","gl_apparel","88128","54","0","12","19","6.59","16.47","16.47","34.44","34.44","0","0","9","0","0","","0","0","0","0","0","0","","","","","","","","","","","","","174.8","0","","2026-08-09","118.7","174.8","2026-08-10","9","0","0","0","54","N","","",""
"2026-08-13","TY172","X0021XNDN3","B0D6VV6LLX","4 Pcs Battery Terminal Covers, Insulating Battery Terminal Protector, Positive and Negative Cable Covers in Red and Black for Boat Cars Electric Bikes Trucks","New","53","78","0","131","0","0","0","0","0","GBP","2","67","101","128","Low traffic","5.79","0.0","5.79","0.0","NoRestockExcessActionRequired","131","0.0","0","0","0.0","3.22","0.009041","cubic feet","","0.479173","UK","gl_biss","27978","280","0","11","19","5.79","9.64","322.94","486.82","616.96","131","0","0","0","0","0.79","140","0","140","0","0","0","","","","","","","","","","","","","12.3","0","","2026-08-09","12.3","10.3","2026-08-10","271","0","0","0","280","N","","",""
"2026-08-13","Y501300","X0028THRYL","B0DY7W9F9C","RSYHVG Pan Replacement Handle Black 170mm with Screw Nonstick Saucepan Cookware Skillet Stainless Steel Handle","New","10","0","0","10","0","0","0","0","0","GBP","1","8","9","11","Low traffic","4.79","0.0","4.79","0.0","NoRestockExcessActionRequired","9","0.0","0","0","1.24","0.8","0.007504","cubic feet","Standard","0.07504","UK","gl_home_improvement","309932","164","0","20","47","4.79","3.99","31.92","36.24","44.88","1","0","9","0","0","0.05","30","0","30","0","0","0","","","","","","","","","","","","","150.9","0","","2026-08-09","61.9","150.9","2026-08-10","40","0","0","0","164","N","","",""
"2026-08-13","HXP0604120","X002KONQET","B0GYJDBXCZ","Coffee Spoon for Best Friend Birthday Gifts for Boyfriend Anniversary Present for Husbands for Men Friendship for Boys Graduation Gifts for Boy I Love You for Brother from Sister","New","8","0","0","11","0","0","0","0","0","GBP","1","1","3","3","Low traffic","4.69","0.0","4.69","0.0","Advertise listing","","","0","0","","0.23","0.003531","cubic feet","Standard","0.028248","UK","gl_kitchen","642599","273","0","112","121","4.69","3.91","3.91","12.73","12.73","0","0","11","0","0","","20","0","20","0","2","0","","","","","","","","","","","","","303.0","0","","2026-08-09","119.3","303.0","2026-08-10","28","2","0","0","303","N","","",""
"2026-08-13","Y12573","X0027KFXG5","B0DRYHTSZH","RSYHVG 4 PCS Velvet Drawstring Gift Bags, Multicolour Soft Flannel Jewellery Pouches, Reusable Storage Bags 13.5x20 cm","New","32","0","0","0","0","32","0","0","0","GBP","7","13","16","16","Low traffic","4.99","0.0","4.99","0.0","NoRestockExcessActionRequired","0","0.0","0","0","152.33","0.37","0.009535","cubic feet","Standard","0.30512","UK","gl_drugstore","116113","91","32","9","26","4.99","29.12","54.83","68.06","68.06","0","0","0","32","0","0.21","0","0","0","0","0","0","","","","","","","","","","","","","341.8","10","2026-08-30","2026-08-09","126.2","341.8","2026-08-10","32","0","0","0","91","N","","",""
"2026-08-13","TY140","X0021WHWHH","B0D6RDG7C1","Relief Arch Support Shoe Inserts Insoles for Flat Feet for Men and Women, Orthotic Feet Heel Pain Shock Absorption Comfortable Insoles Shoe Inserts for Plantar Fasciitis(Large EU 40-46)","New","27","0","0","15","0","12","0","0","0","GBP","0","1","1","1","Low traffic","6.69","0.0","6.69","0.0","CreateShippingPlan","16","0.0","0","0","15.74","0.04","0.047686","cubic feet","","1.287522","UK","gl_drugstore","387822","245","11","108","351","6.69","0.0","5.57","5.57","5.57","0","0","15","12","0","0.9","0","0","0","0","0","0","","","","","","","","","","","","","2106.0","0","","2026-08-09","831.0","2106.0","2026-08-10","27","0","0","0","245","N","","",""
"2026-08-13","TY198","X0021QNKMT","B0D6K7VRWF","4 Sets of Rear Bumper Tow Eye Cover Insert Fasteners & Trim Lock Clips Retainers - DYR500010 DYF500010 - For Land Rover Discovery 3, 4, Freelander 2 & for Range Rover Sport","New","52","2","0","55","0","0","0","0","0","GBP","9","26","39","60","Low traffic","4.99","0.0","4.99","0.0","NoRestockExcessActionRequired","54","0.0","0","0","0.0","2.23","0.00565","cubic feet","","0.2938","UK","gl_biss","18613","77","0","8","11","4.99","37.44","108.16","162.24","252.96","41","14","0","0","0","0.19","0","0","0","0","2","0","","","","","","","","","","","","","44.4","15","2026-08-21","2026-08-09","44.4","32.2","2026-08-10","54","2","0","0","81","N","","",""
"2026-08-13","Y501198","X0028U6CFP","B0DYDN66ZC","2Pcs Dandruff Comb, Psoriasis Comb, Double Sided Fine Teeth Comb, Lice combs Psoriasis comb Fine tooth comb Dandruff comb remover Removal Fleas,Lice,Dandruff and Tangled Hair(green)","New","40","29","0","73","0","0","0","0","0","GBP","14","27","34","39","Low traffic","4.89","0.0","4.89","0.0","NoRestockExcessActionRequired","69","0.0","0","0","0.72","1.68","0.007819","cubic feet","Standard","0.31276","UK","gl_beauty","29707","161","0","5","13","4.89","56.98","109.89","139.4","161.45","73","0","0","0","0","0.35","0","0","0","0","2","0","","","","","","","","","","","","","18.0","0","","2026-08-09","18.0","15.8","2026-08-10","69","2","0","0","167","N","","",""
"2026-08-13","TY25021408","X0028KLOET","B0CWCWS69H","RSYHVG 2 Pieces Handheld Facial Hair Removal Threading Beauty Epilator Tool Removal Threader Remover Spring Facial Hair Epilator Use for Women Face Hair Removing Beauty Tools Random Color","New","23","0","0","23","0","0","0","0","0","GBP","1","12","22","30","Low traffic","5.99","0.0","5.99","0.0","NoRestockExcessActionRequired","23","0.0","0","0","0.0","2.38","0.021542","cubic feet","Standard","0.495466","UK","gl_beauty","64296","113","0","21","27","5.99","4.99","59.88","109.78","149.7","20","3","0","0","0","0.04","40","0","40","0","0","1","","","","","","","","","","","","","39.7","0","","2026-08-09","39.7","26.4","2026-08-10","63","0","0","0","113","N","","",""
"2026-08-13","HXP251231","X002HB5JKJ","B0GD12C4R6","2Pcs Velvet Bow Hair Clips, Large Satin Long Ribbon Barrettes, Non-Slip Spring Hairpins Elegant Hair Accessories for Women Daily Party Wedding Special Occasions","New","22","0","0","20","0","2","0","0","0","GBP","1","1","1","2","Low traffic","5.39","0.0","5.39","0.0","Advertise listing","0","0.0","0","0","98.32","0.15","0.003531","cubic feet","Standard","0.077682","UK","gl_beauty","155951","366","22","88","143","5.39","4.49","4.49","4.49","9.65","0","20","0","2","0","0.05","0","0","0","0","0","0","","","","","","","","","","","","","688.0","0","","2026-08-09","688.0","458.0","2026-08-10","22","0","0","0","366","N","","",""
"2026-08-13","HXP0604127","X002KOQ4P7","B0GYJPLS5S","RSYHVG 10 Pairs Clear Adhesive Anti-Slip Eyeglass Nose Pads, Soft Silicone Nose Cushions for Glasses Sunglasses Spectacles","New","36","0","0","36","0","0","0","0","0","GBP","0","0","8","8","Low traffic","8.38","0.0","8.38","0.0","Advertise listing","","","0","0","","0.56","0.003531","cubic feet","Standard","0.127116","UK","gl_drugstore","222532","366","0","","58","8.59","0.0","0.0","59.84","59.84","32","0","4","0","0","","0","0","0","0","1","0","","","","","","","","","","","","","706.0","0","","2026-08-09","706.0","140.5","2026-08-10","36","1","0","0","366","N","","",""
"2026-08-13","HXP2604005","X002K7Z6M1","B0GX1Q261D","58mm Coffee Anti-Dust Guard Ring for Coffee Machine Handle","New","30","0","0","30","0","0","0","0","0","GBP","","","","","Low traffic","4.99","0.0","4.99","0.0","Advertise listing","","","0","0","","0.0","0.003531","cubic feet","Standard","0.10593","UK","gl_biss","","366","0","","","","","","","","0","0","30","0","0","","0","0","0","0","0","0","","","","","","","","","","","","","","0","","","","","2026-08-10","30","0","0","0","366","N","","",""
"2026-08-13","HXP260117","X002HJF8W5","B0GFW6G5DS","Stainless Steel Telescopic Extending Fork - 63cm to 24.8inch, Retractable, Perfect for Dinner, Barbecue & Toasting","New","9","0","0","0","9","0","0","0","0","GBP","0","0","1","1","Low traffic","4.68","0.0","4.68","0.0","Advertise listing","0","0.0","0","0","20.64","0.11","0.003531","cubic feet","Standard","0.031779","UK","gl_kitchen","445196","366","29","","377","4.68","0.0","0.0","4.4","4.4","0","0","0","0","0","0.02","20","0","20","0","0","0","","","","","","","","","","","","","","0","","","","853.0","2026-08-10","29","0","0","0","366","N","","",""
"2026-08-13","Y501401","X0028U3SF7","B0DYDBTMXT","Baby Shower Cap, Kids Hair Washing Shield, Children Shampoo Cap, Baby Bath Cap Visor Hat for Eyes Ears and Face Protector, Bath Head Shield for Infant, Toddlers, Child","New","13","0","0","15","0","0","0","0","0","GBP","9","19","30","36","Low traffic","7.19","0.0","7.19","0.0","NoRestockExcessActionRequired","14","0.0","0","0","0.0","2.25","0.0587","cubic feet","Standard","0.7631","UK","gl_beauty","51498","88","0","9","15","7.19","53.91","113.81","181.57","218.53","15","0","0","0","0","0.49","30","0","30","0","2","1","","","","","","","","","","","","","58.5","10","2026-08-13","2026-08-09","41.4","58.5","2026-08-10","43","1","1","0","94","N","","",""
"2026-08-13","Y12528","X0027J9SAD","B0DRVG32SJ","Pure Mulberry Silk Scrunchies, 22 Momme Skinny Hair Ties, Luxurious Elastic Silk Ponytail Holders, Hair Friendly Black Scrunchies Set of 5 for Women Daily Hairstyle","New","9","0","0","0","9","0","0","0","0","GBP","0","1","1","1","Low traffic","6.19","0.0","6.19","0.0","NoRestockExcessActionRequired","0","0.0","0","0","54.87","0.1","0.008264","cubic feet","Standard","0.074376","UK","gl_beauty","239216","105","9","36","117","6.19","0.0","5.16","5.16","5.16","0","0","0","0","0","0.05","0","0","0","0","0","0","","","","","","","","","","","","","891.0","0","","2026-08-09","291.0","891.0","2026-08-10","9","0","0","0","105","N","","",""
"2026-08-13","TY391","X0021QBCOH","B0D6G6X7YL","RSYHVG Silicone Watch Bands, Slim Watch Straps with Quick Release, 16mm for Choice","New","16","0","0","17","0","0","0","0","0","GBP","2","11","22","25","Low traffic","4.99","0.0","4.99","0.0","NoRestockExcessActionRequired","16","0.0","0","0","0.0","1.45","7.06E-4","cubic feet","","0.011296","UK","gl_jewelry","182626","178","0","20","29","4.99","8.32","45.76","91.52","104.0","17","0","0","0","0","0.01","40","0","40","0","1","0","","","","","","","","","","","","","72.9","0","","2026-08-09","36.4","72.9","2026-08-10","56","1","0","0","182","N","","",""
"2026-08-13","HXP060453","X002KNDS93","B0GYCQCF7G","RSYHVG 24Pcs Medium Square Press On Nails, Red Heart French Tip False Nails with Nude Pink Base, Glossy Rhinestones Stick On Nails with Glue, Valentine's Day Nail Art Accessories for Women","New","12","0","0","14","0","0","0","0","0","GBP","0","0","1","1","Low traffic","5.13","0.0","5.13","0.0","Advertise listing","","","0","0","","0.09","0.003531","cubic feet","Standard","0.042372","UK","gl_beauty","498346","287","0","","156","5.13","0.0","0.0","4.94","4.94","0","0","14","0","0","","0","0","0","0","1","0","","","","","","","","","","","","","","0","","","","1029.0","2026-08-10","12","1","0","0","310","N","","",""
"2026-08-13","TY299","X0021QAWVB","B0D6KD9VXT","Brow this Way Fill & Sculpt Eyebrow Definer, 02- Medium Brown","New","26","0","0","26","0","0","0","0","0","GBP","0","3","7","12","Low traffic","4.29","0.0","4.29","0.0","NoRestockExcessActionRequired","0","0.0","0","0","93.9","1.17","4.94E-4","cubic feet","","0.012844","UK","gl_beauty","190536","233","0","34","28","4.29","0.0","10.71","24.99","42.84","26","0","0","0","0","0.01","0","0","0","0","0","0","","","","","","","","","","","","","232.0","0","","2026-08-09","232.0","75.8","2026-08-10","26","0","0","0","233","N","","",""
"2026-08-13","TY116","X0021W7LKF","B0D6R2TZZN","RSYHVG Temporary Car Parking Card Number Plate, Automobile Temporary Car Parking Card Telephone Number Plate Luminous, Black","New","62","1","0","65","0","0","0","0","0","GBP","2","4","18","22","Low traffic","4.99","0.0","4.99","0.0","NoRestockExcessActionRequired","63","0.0","0","0","0.0","0.83","8.48E-4","cubic feet","","0.052576","UK","gl_automotive","58316","297","0","62","36","4.99","8.32","16.96","77.44","95.4","62","3","0","0","0","0.04","0","0","0","0","4","0","","","","","","","","","","","","","77.8","0","","2026-08-09","77.8","43.3","2026-08-10","63","4","0","0","319","N","","",""
"2026-08-13","HXP0604111","X002KNGK0R","B0GYCVJVGY","RSYHVG Blue Light Blocking Glasses for Women Men, Pilot Square Anti Glare Computer Screen Filter Glasses for Office Gaming TV Daily Use","New","13","0","0","13","0","0","0","0","0","GBP","0","1","2","2","Low traffic","7.99","0.0","7.99","0.0","Advertise listing","","","0","0","","0.19","0.003531","cubic feet","Footwear","0.045903","UK","gl_shoes","212865","366","0","172","279","7.99","0.0","6.82","14.31","14.31","0","0","13","0","0","","30","0","30","0","0","0","","","","","","","","","","","","","509.5","0","","2026-08-09","410.0","509.5","2026-08-10","43","0","0","0","366","Y","Holiday Season","2026-10-03","2027-03-20"
"2026-08-13","HXP060487","X002KMQOJZ","B0GY8V8L9G","RSYHVG Double-Sided Printed Makeup Bag, Waterproof Linen Zipper Toiletry Bag, Portable Cosmetic Organizer for Travel & Daily Use, Practical Gift for Women","New","14","0","0","14","0","0","0","0","0","GBP","1","1","1","1","Low traffic","4.31","0.0","4.31","0.0","Advertise listing","","","0","0","","0.09","0.035315","cubic feet","Standard","0.49441","UK","gl_luggage","178675","140","0","56","182","4.31","3.59","3.59","3.59","3.59","0","0","14","0","0","","0","0","0","0","0","0","","","","","","","","","","","","","981.0","0","","2026-08-09","448.0","981.0","2026-08-10","14","0","0","0","140","N","","",""
"2026-08-13","Y12555","X0027J6MF7","B0DRVD9KTG","RSYHVG Double Sided Foam Mounting Tape, Waterproof Heavy Duty Adhesive Sponge Tape, PU Acrylic Glue Weather Resistant Tape for Automotive Car Trim Number Plate Craft General Mounting","New","9","0","0","0","10","0","0","0","0","GBP","0","0","0","0","Low traffic","5.09","0.0","5.09","0.0","Advertise listing","0","0.0","0","0","51.65","0.0","0.025515","cubic feet","Standard","0.229635","UK","gl_biss","565903","220","9","","","5.09","0.0","0.0","0.0","0.0","0","0","0","0","0","0.16","0","0","0","0","1","0","","","","","","","","","","","","","","0","","","","","2026-08-10","9","1","0","0","243","N","","",""
"2026-08-13","Y12527","X0027E7JYZ","B0DRTB66LF","Hair Ties| Bands 12 Packs for Woman| Girls, Skinny Silk Satin Hair Scrunchies, Small Ponytail Holders No Damage Breakage for Thin/Thick Curly Long Fine Hair (Black)","New","24","0","0","10","14","0","0","0","0","GBP","2","7","14","18","Low traffic","4.39","0.0","4.39","0.0","NoRestockExcessActionRequired","0","0.0","0","0","109.54","0.5","0.007063","cubic feet","Standard","0.169512","UK","gl_beauty","79085","100","24","13","17","4.39","7.32","25.62","51.24","65.88","0","0","10","0","0","0.12","0","0","0","0","0","0","","","","","","","","","","","","","206.9","0","","2026-08-09","120.1","206.9","2026-08-10","24","0","0","0","100","N","","",""
"2026-08-13","TY500","X0021PWUHB","B0D6GBYCY8","RSYHVG 5PCS Hat Strap Clips,Adjustable Hat Retainer Clips for Fishing Boating Sailing Keeper Hat Clip","New","24","0","0","27","0","0","0","0","0","GBP","5","15","22","26","Low traffic","6.49","0.0","6.49","0.0","NoRestockExcessActionRequired","13","0.0","0","0","41.62","2.63","0.014126","cubic feet","","0.339024","UK","gl_apparel","133051","179","0","6","12","6.49","27.05","81.15","119.02","140.66","27","0","0","0","0","0.19","0","0","0","0","0","0","","","","","","","","","","","","","39.8","0","","2026-08-09","39.8","28.5","2026-08-10","24","0","0","0","179","N","","",""
"2026-08-13","Y501295","X0028TWI6N","B0DYCD8G57","2pcs Pants Jeans Chain Gothic Punk Rock Chain Pocket Belt Chains Multi-layer Wallet Chain Trousers Chain Skirt Waist Chain Keychain for Key Belt Loop Purse Handbag for Women Men, Gold Silver","New","26","0","0","26","0","0","0","0","0","GBP","0","5","6","14","Low traffic","5.29","0.0","5.29","0.0","NoRestockExcessActionRequired","0","0.0","0","0","110.76","0.95","0.007946","cubic feet","Apparel","0.206596","UK","gl_jewelry","472393","231","0","20","24","5.29","0.0","22.05","26.79","64.71","20","6","0","0","0","0.14","0","0","0","0","0","0","","","","","","","","","","","","","155.2","0","","2026-08-09","155.2","90.4","2026-08-10","26","0","0","0","231","N","","",""
"2026-08-13","TY261","X0021Q5H5R","B0D6G4XK2Z","Key Cover for A B C CL E M S SL SLK GLA GLC GLK W164 W245 W212 W204, A-Class Key Cover, TPU Silicone GLA Key Fob Cover - 3 Bottons(Black)","New","27","0","0","28","0","0","0","0","0","GBP","0","0","2","4","Low traffic","4.39","0.0","4.39","0.0","Advertise listing","0","0.0","0","0","78.37","0.33","0.001271","cubic feet","","0.034317","UK","gl_automotive","283839","366","0","","87","4.39","0.0","0.0","7.32","14.64","21","0","7","0","0","0.02","0","0","0","0","1","0","","","","","","","","","","","","","","0","","","","238.5","2026-08-10","27","1","0","0","366","N","","",""
"2026-08-13","TY505","X0021QBLW5","B0D6G6G5G9","RSYHVG Archery Finger Tab, Leather Archery Finger Tab, Archery Finger Guard, Archery Finger Tab Double Layer Protection Guard Pad, Archery Tabs, for Curved Bows, Black","New","9","0","0","10","0","0","0","0","0","GBP","4","6","15","17","Low traffic","5.69","0.0","5.69","0.0","NoRestockExcessActionRequired","9","0.0","0","0","0.0","1.13","0.012713","cubic feet","","0.114417","UK","gl_sports","43768","75","0","19","22","5.69","18.96","28.44","71.1","80.58","1","1","8","0","0","0.06","20","0","20","0","0","0","","","","","","","","","","","","","92.2","8","2026-09-07","2026-08-09","70.8","92.2","2026-08-10","29","0","0","0","75","N","","",""
"2026-08-13","Y12541","X0027JCQQV","B0DRVRRXKM","RSYHVG Invisible Ring Size Adjuster Clear Transparent TPU Ring Sizer Semicircular Loose Ring Reducer Assorted 8 Sizes Universal Fit for Men Women Jewellery Rings","New","1","0","0","0","2","0","0","0","0","GBP","6","8","8","8","Low traffic","3.69","0.0","3.69","0.0","CreateShippingPlan","0","0.0","0","0","4.08","1.0","0.002733","cubic feet","Standard","0.002733","UK","gl_home","168633","2","0","0","1","3.69","18.42","24.56","24.56","24.56","0","0","0","0","0","0.0","0","0","0","0","0","0","","","","","","","","","","","","","144.8","26","2026-08-12","2026-08-09","45.0","144.8","2026-08-10","1","0","0","0","2","N","","",""
"2026-08-13","HXP260119","X002HJG9FF","B0GFVWRN73","Zipper Pulls Replacement, 15 Pack Extension Cord Handle Plastic U-Shape Tab Tag Extender for Luggage Backpacks, Jackets, Handbags Black","New","10","0","0","0","10","0","0","0","0","GBP","","","","","Low traffic","4.59","0.0","4.59","0.0","Advertise listing","0","0.0","0","0","22.9","0.0","0.003531","cubic feet","Standard","0.03531","UK","gl_personal_care_appliances","","","10","","","4.59","","","","","0","0","0","0","0","0.02","0","0","0","0","0","0","","","","","","","","","","","","","","0","","","","","2026-08-10","10","0","0","0","","N","","",""
"2026-08-13","Y12529","X0027DWZXL","B0DRT9R94B","Silk Scrunchies for Frizz Prevention, Mulberry Silk Hair Scrunchies for Prevention of Breakage, Elastic Polytail Tail Supports, Black+Pink","New","12","0","0","0","0","12","0","0","0","GBP","0","2","5","6","Low traffic","4.59","0.0","4.59","0.0","NoRestockExcessActionRequired","0","0.0","0","0","59.63","0.39","0.012855","cubic feet","Standard","0.15426","UK","gl_beauty","229092","366","42","84","91","4.59","0.0","7.64","20.12","24.44","0","0","0","12","0","0.11","30","0","30","0","0","0","","","","","","","","","","","","","228.3","0","","2026-08-09","194.5","228.3","2026-08-10","42","0","0","0","366","N","","",""
"2026-08-13","HXP060430","X002KMTCO9","B0GY8RX5KY","RSYHVG 16Pcs Waist Cincher Clips, Non-Sew Waistband Adjuster, Pant Waist Tightener & Hijab Pins for Jeans, Trousers, Skirts, Dresses, Shawls (Black/Silver/Gold/Rose Gold)","New","8","0","0","8","0","0","0","0","0","GBP","1","3","7","7","Low traffic","5.69","0.0","5.69","0.0","Advertise listing","","","0","0","","0.85","0.003531","cubic feet","Apparel","0.028248","UK","gl_apparel","774795","366","0","50","70","5.69","4.74","14.56","35.52","35.52","1","0","7","0","0","","30","0","30","0","0","0","","","","","","","","","","","","","144.0","0","","2026-08-09","144.0","121.8","2026-08-10","38","0","0","0","366","N","","",""
"2026-08-13","HXP060458","X002KNFCUL","B0GYCWPCMQ","RSYHVG 10Pcs Double Sided Sticky Pads, 6cm x 6cm Transparent Heavy Duty Mounting Tape, Washable Removable Clear Strong Adhesive Nano Tape for Wall Hanging, Decor Fixes, DIY Crafts","New","9","0","0","11","0","0","0","0","0","GBP","0","5","5","5","Low traffic","6.39","0.0","6.39","0.0","Advertise listing","","","0","0","","0.49","0.003531","cubic feet","Standard","0.031779","UK","gl_biss","289419","146","0","31","101","6.39","0.0","26.6","26.6","26.6","0","0","11","0","0","","30","0","30","0","1","0","","","","","","","","","","","","","254.8","0","","2026-08-09","99.0","254.8","2026-08-10","39","1","0","0","149","N","","",""
"2026-08-13","HXP0604121","X002KOD1V7","B0GYJ7G2GD","RSYHVG Sequin Turban Hat for Women, Pre-Tied Headwrap Beanie Cap, Soft Elastic Muslim Head Cover for Chemo Hair Loss, Daily Wear & Special Occasions, Black","New","33","0","0","33","0","0","0","0","0","GBP","1","5","15","15","Low traffic","7.19","0.0","7.19","0.0","NoRestockExcessActionRequired","","","0","0","","1.11","0.003531","cubic feet","Apparel","0.116523","UK","gl_apparel","378303","320","0","26","28","7.19","5.99","29.95","89.85","89.85","32","1","0","0","0","","0","0","0","0","0","0","","","","","","","","","","","","","129.4","0","","2026-08-09","129.4","77.4","2026-08-10","33","0","0","0","320","N","","",""
"2026-08-13","HXP060481","X002KMR9T9","B0GY8MQRKB","4 Pairs Cotton Gloves, Washable Stretchfor Dry Hands and Eczeme Moisturizing Cloth, Coin Jewelry Silver Cotton Inspection","New","42","0","0","44","0","0","0","0","0","GBP","0","0","1","1","Low traffic","6.19","0.0","6.19","0.0","Advertise listing","","","0","0","","0.05","0.003531","cubic feet","Standard","0.148302","UK","gl_drugstore","542779","366","0","","546","6.59","0.0","0.0","5.99","5.99","30","0","14","0","0","","0","0","0","0","2","0","","","","","","","","","","","","","","0","","","","1296.0","2026-08-10","42","2","0","0","366","N","","",""
"2026-08-13","HXP060419","X002KMSGH3","B0GY8PNRXD","Pack of 2 Rhinestone Eyeliner Gems, Rave Face Jewels Stickers, Holographic Glitter Crystal Decorations for Adults, Festival Halloween Makeup Costume Accessories","New","52","3","0","56","0","0","0","0","0","GBP","3","4","15","19","Low traffic","5.19","0.0","5.19","0.0","NoRestockExcessActionRequired","","","0","0","","1.13","0.003531","cubic feet","Standard","0.183612","UK","gl_beauty","149482","196","0","52","35","5.19","12.96","17.45","66.84","84.8","56","0","0","0","0","","0","0","0","0","0","0","","","","","","","","","","","","","89.5","0","","2026-08-09","89.5","37.7","2026-08-10","55","0","0","0","196","Y","Halloween","2026-09-26","2026-11-06"
"2026-08-13","HXP260120","X002HJKO47","B0GFWFCKHQ","Dog Car Seat Belt, Dog Car Harnesses Chew Proof Steel Rope Cable, Waterproof Dogs Safety Belt, Vehicle Harnesses with Double Clips and Latch Attachment","New","12","0","0","11","2","0","0","0","0","GBP","0","1","3","6","Low traffic","5.69","0.0","5.69","0.0","Advertise listing","0","0.0","0","0","65.94","0.45","0.003531","cubic feet","Standard","0.042372","UK","gl_pet_products","131254","366","42","168","91","5.69","0.0","4.74","14.22","30.2","0","0","11","0","0","0.03","30","0","30","0","1","0","","","","","","","","","","","","","150.4","0","","2026-08-09","139.0","150.4","2026-08-10","42","1","0","0","366","N","","",""
"2026-08-13","HXP060434","X002KMVVGL","B0GY93MRQR","Title（≤200 字符，UK 格式，关键词前置） RSYHVG 20 Pairs (40 Pcs) Clear Silicone Nose Pads for Glasses, Anti-Slip Push-In Replacement Nose Pads, Soft Comfortable Lightweight Eyeglass Nose Pads for Spectacles Sungla","New","14","0","0","14","0","0","0","0","0","GBP","1","1","1","1","Low traffic","3.86","0.0","3.86","0.0","Advertise listing","","","0","0","","0.07","0.003531","cubic feet","Standard","0.049434","UK","gl_drugstore","129853","111","0","56","182","3.86","3.22","3.22","3.22","3.22","1","0","13","0","0","","0","0","0","0","0","0","","","","","","","","","","","","","987.0","0","","2026-08-09","430.0","987.0","2026-08-10","14","0","0","0","111","N","","",""
"2026-08-13","TY210","X0021WHURJ","B0D6RCPBJT","Hair Nets, Hair Bun Holder Ballet Elastic Edge Hair Net Cap Holder for Ballet, Dance, Nurse and so on (20, Blonde)","New","14","0","0","20","0","0","0","0","0","GBP","4","21","31","43","Low traffic","3.89","0.0","3.89","0.0","NoRestockExcessActionRequired","5","0.0","0","0","0.97","7.0","0.004132","cubic feet","Standard","0.057848","UK","gl_beauty","94351","116","0","12","19","3.89","12.96","68.04","100.44","139.32","20","0","0","0","0","0.04","50","0","50","0","5","0","","","","","","","","","","","","","33.1","0","","2026-08-09","33.1","15.5","2026-08-10","64","5","0","0","127","N","","",""
"2026-08-13","HXP060437","X002KNCITJ","B0GYC7RGWF","RSYHVG 2 Pack Black Canvas Sew-in Side Pockets with Zipper, Hidden Storage Pockets for Jackets Sweatshirts Travel Accessories, 18.8x12.5x0.3cm (7.4x4.9x0.12inch)","New","9","0","0","9","0","0","0","0","0","GBP","0","2","3","3","Low traffic","8.39","0.0","8.39","0.0","NoRestockExcessActionRequired","","","0","0","","0.38","0.003531","cubic feet","Standard","0.031779","UK","gl_kitchen","996300","88","0","18","39","8.39","0.0","13.98","21.47","21.47","0","0","9","0","0","","0","0","0","0","0","0","","","","","","","","","","","","","242.3","0","","2026-08-09","157.5","242.3","2026-08-10","9","0","0","0","88","N","","",""
"2026-08-13","TY360","X0021XG35N","B0D6VK9K4R","5pcs Stanley Straw Covers, Reusable Silicone Straw Cap, Straw Cover Cap for Stanley Cup, Cute Straw Topper Protector Cover, Cute Straw Covers Cap, Simple Straw Protector for Stanley Cup Accessories","New","3","0","0","4","0","0","0","0","0","GBP","1","7","9","11","Low traffic","4.19","0.0","4.19","0.0","NoRestockExcessActionRequired","3","0.0","0","0","14.03","1.33","0.005283","cubic feet","","0.015849","UK","gl_home","362787","200","0","18","39","4.19","3.49","24.43","31.41","38.39","0","0","4","0","0","0.01","30","0","30","0","1","0","","","","","","","","","","","","","77.7","0","","2026-08-09","38.5","77.7","2026-08-10","33","0","1","0","208","N","","",""
"2026-08-13","HXP0604113","X002KOJNUF","B0GYJBB5JL","5 Pieces Styling Accessories Headband Hair Bump Clip for Beehive Piece Volumizing Tool Women Styer Headdressing Accessories Multifunctional Hair Styling Tools","New","14","0","0","14","0","0","0","0","0","GBP","0","1","1","1","Low traffic","4.84","0.0","4.84","0.0","Advertise listing","","","0","0","","0.09","0.003531","cubic feet","Standard","0.049434","UK","gl_beauty","","187","0","56","182","4.84","0.0","4.2","4.2","4.2","0","0","14","0","0","","0","0","0","0","0","0","","","","","","","","","","","","","974.0","0","","2026-08-09","439.0","974.0","2026-08-10","14","0","0","0","187","N","","",""
"2026-08-13","HXP0604103","X002KNDOCJ","B0GYCKX71G","请您提供以下全套素材 为了严格遵循您的 零容错 要求，100% 基于产品实际信息进行合规优化，请您手动提供： 该产品的旧版完整标题","New","15","0","0","15","0","0","0","0","0","GBP","","","","","Low traffic","5.59","0.0","5.59","0.0","Advertise listing","","","0","0","","0.0","0.030929","cubic feet","Standard","0.463935","UK","gl_luggage","","81","0","","","","","","","","0","0","15","0","0","","0","0","0","0","0","0","","","","","","","","","","","","","","0","","","","","2026-08-10","15","0","0","0","81","N","","",""
"2026-08-13","HXP060476","X002KMO1XB","B0GY88GCJL","RSYHVG 24 Pcs Burgundy Extra Short Press On Nails, Glossy Round Jelly Gel Reusable Artificial False Nails Kit with 24 Adhesive Tabs, Nail File & Wooden Stick for Women Manicure","New","13","0","0","13","0","0","0","0","0","GBP","0","1","2","2","Low traffic","4.79","0.0","4.79","0.0","Advertise listing","","","0","0","","0.19","0.003531","cubic feet","Standard","0.045903","UK","gl_beauty","360278","242","0","52","84","4.79","0.0","4.16","8.65","8.65","0","0","13","0","0","","0","0","0","0","0","0","","","","","","","","","","","","","456.5","0","","2026-08-09","399.0","456.5","2026-08-10","13","0","0","0","242","N","","",""
"2026-08-13","Y12240","X0027JGMM5","B0DRVMJJ8C","Pack of 6 Dark Brown 20mm Round Faux Horn Sew On Plastic Buttons for Coats Jackets Cardigans Flat 4 Holes 32L","New","23","0","0","27","0","0","0","0","0","GBP","7","18","31","38","Low traffic","4.69","0.0","4.69","0.0","NoRestockExcessActionRequired","23","0.0","0","0","0.0","1.59","0.001413","cubic feet","Standard","0.032499","UK","gl_office_product","106194","52","0","5","8","4.69","27.37","70.38","120.87","147.05","27","0","0","0","0","0.02","1","0","0","1","3","0","","","","","","","","","","","","","56.8","15","2026-08-13","2026-08-09","37.7","56.8","2026-08-10","24","3","0","0","58","N","","",""
"2026-08-13","Y12509","X0027K81TB","B0DRYGB2NK","RSYHVG Wine Red Velvet Ribbon 2.5cm Wide 5 Yards, Single-Sided Vintage Ribbon for Gift Wrapping, DIY Crafts, Christmas & Home Decor","New","14","0","0","0","0","14","0","0","0","GBP","5","8","11","14","Low traffic","4.19","0.0","4.19","0.0","CreateShippingPlan","14","0.0","0","0","0.0","0.18","0.008829","cubic feet","Standard","0.123606","UK","gl_office_product","442620","39","0","7","13","4.19","17.45","28.09","39.07","50.05","0","0","0","14","0","0.09","0","0","0","0","0","0","","","","","","","","","","","","","605.3","17","2026-08-11","2026-08-09","373.5","605.3","2026-08-10","14","0","0","0","39","N","","",""
"2026-08-13","HXP251206","X002GWH5JH","B0G6CZJB9K","3Pcs Pencil Erasers with Brush Sketch Precision Eraser Pencils Wooden Highlight Drawing Erasers Wooden Rubber Pencil for Erasing Details in Charcoal Drawings Sketching Drawing Detail Revise","New","6","0","0","0","6","0","0","0","0","GBP","0","1","2","2","Low traffic","5.99","0.0","5.99","0.0","NoRestockExcessActionRequired","0","0.0","0","0","34.58","0.28","0.010069","cubic feet","Standard","0.060414","UK","gl_office_product","325399","65","0","24","39","5.99","0.0","4.99","9.98","9.98","0","0","0","0","0","0.04","0","0","0","0","0","0","","","","","","","","","","","","","334.0","0","","2026-08-09","94.0","334.0","2026-08-10","6","0","0","0","65","N","","",""
"2026-08-13","HXP060494","X002KMXTWZ","B0GY8ZMHQY","RSYHVG Long Tail Satin Bow Hair Clips, Large Ribbon Bowknot Barrettes Elegant Ponytail Holder for Women, Daily Party Wedding Prom Cosplay Hair Accessories (Blue) About this item Premium Satin Fabric &","New","10","0","0","11","0","0","0","0","0","GBP","0","1","3","3","Low traffic","5.86","0.0","5.86","0.0","NoRestockExcessActionRequired","","","0","0","","0.32","0.01015","cubic feet","Standard","0.1015","UK","gl_beauty","504773","174","0","40","43","5.86","0.0","5.22","15.66","15.66","0","0","11","0","0","","0","0","0","0","1","1","","","","","","","","","","","","","302.7","0","","2026-08-09","171.5","302.7","2026-08-10","10","1","0","0","191","N","","",""
"2026-08-13","Y12446","X0027JCQ89","B0DRVRGFT6","10 Pcs Tiny Hands, Finger Puppets Little Finger Mini Finger Hands Little Left and Right Hands, Funny Finger Hand for Joke Toys, Prank Game, Video Shooting Prop, Human-pet Interaction (10 Pcs)","New","40","1","0","40","0","0","0","0","0","GBP","4","6","15","18","Low traffic","6.79","0.0","6.79","0.0","NoRestockExcessActionRequired","17","0.0","0","0","32.47","0.79","0.025593","cubic feet","Standard","1.02372","UK","gl_toy","66054","130","0","26","28","6.79","22.64","33.96","84.9","101.88","40","0","0","0","0","0.7","0","0","0","0","6","0","","","","","","","","","","","","","55.3","0","","2026-08-09","46.6","55.3","2026-08-10","41","6","0","0","157","N","","",""
"2026-08-13","Y12241","X0027IS4J5","B0DRVJLV7Y","Keyed Hasp Lock Hasp and Staple with Padlock,Heavy Duty Shed Lock Door Lock Hasp Twist Knob Keyed Locking Hasp Safety Door Clasp Gate Lock with Key for Cabinets Cupboard Drawer Gate (2.5Inch)","New","27","0","0","28","0","0","0","0","0","GBP","1","11","17","26","Low traffic","5.99","0.0","5.99","0.0","NoRestockExcessActionRequired","0","0.0","0","0","2.55","0.96","6.89E-4","cubic feet","Standard","0.018603","UK","gl_home_improvement","256127","247","0","20","28","5.99","4.99","56.59","89.19","137.92","1","27","0","0","0","0.01","30","0","30","0","1","0","","","","","","","","","","","","","95.5","0","","2026-08-09","95.5","73.0","2026-08-10","57","1","0","0","251","N","","",""
"2026-08-13","Y12500","X0027IS1JN","B0DRVKVJVK","RSYHVG Novelty Muscle Man Chef Apron, 100% Polyester Funny Kitchen Apron for Cooking BBQ Grilling Baking Party, Universal One Size Black","New","27","0","0","0","0","27","0","0","0","GBP","0","1","1","1","Low traffic","4.39","0.0","4.39","0.0","NoRestockExcessActionRequired","0","0.0","0","0","132.27","0.04","0.018081","cubic feet","Apparel","0.488187","UK","gl_apparel","169604","366","27","108","351","4.39","0.0","3.66","3.66","3.66","0","0","0","27","0","0.28","0","0","0","0","0","0","","","","","","","","","","","","","2510.0","0","","2026-08-09","832.0","2510.0","2026-08-10","27","0","0","0","366","N","","",""
"2026-08-13","TY009","X0021VZZB3","B0D6R11HRK","RSYHVG Square Frame Spiderman Sunglasses, Men's Trend Glasses, Aviator Sunglasses","New","13","0","0","14","0","0","0","0","0","GBP","4","16","23","24","Low traffic","5.39","0.0","5.39","0.0","NoRestockExcessActionRequired","13","0.0","0","0","0.0","1.96","0.004944","cubic feet","","0.064272","UK","gl_shoes","119347","47","0","10","23","5.39","17.96","71.84","104.46","109.28","14","0","0","0","0","0.03","30","0","30","0","0","0","","","","","","","","","","","","","55.3","31","2026-08-21","2026-08-09","36.2","55.3","2026-08-10","43","0","0","0","47","N","","",""
"2026-08-13","HXP060403","X002KMD38F","B0GY855QL5","RSYHVG 2 Pcs Three Rings Scarf Buckles for Women, Elegant Silk Scarf Clasp Clips, Large Clothing Wrap Holder Triple Sliding Neckerchief Clamps Fashion Accessory, Silver & Golden","New","14","0","0","14","0","0","0","0","0","GBP","0","0","1","1","Low traffic","5.56","0.0","5.56","0.0","Advertise listing","","","0","0","","0.09","0.003531","cubic feet","Apparel","0.049434","UK","gl_apparel","2343445","366","0","","559","5.56","0.0","0.0","5.47","5.47","0","0","14","0","0","","29","0","29","0","1","0","","","","","","","","","","","","","","0","","","","1026.0","2026-08-10","43","1","0","0","366","N","","",""
"2026-08-13","TY143","X0021X9TIV","B0D6VB7GMP","RSYHVG 8pcs Luggage Wheel Covers, Portable Silicone Luggage Wheel Protector Covers Noise-Proof Luggage Spinner Wheel Covers for Most 8 Caster Luggage (Blue + Pink)","New","25","3","0","29","0","0","0","0","0","GBP","3","9","18","24","Low traffic","5.19","0.0","5.19","0.0","NoRestockExcessActionRequired","28","0.0","0","0","0.0","0.88","0.00724","cubic feet","","0.181","UK","gl_apparel","66016","211","0","24","29","5.19","12.96","38.88","77.76","103.68","20","1","8","0","0","0.1","30","0","30","0","0","0","","","","","","","","","","","","","95.3","0","","2026-08-09","53.7","95.3","2026-08-10","58","0","0","0","211","N","","",""
"2026-08-13","HXP060443","X002KNF5RB","B0GYCCYF8F","RSYHVG 2 Pack Stainless Steel Kitchen Sink Strainers, Anti-Clogging Sink Strainer Baskets with Ergonomic Lift-Up Handle, Drain Covers for Kitchen/Bathroom Sinks, Outer Dia 11cm","New","14","0","0","15","0","0","0","0","0","GBP","","","","","Low traffic","6.19","0.0","6.19","0.0","Advertise listing","","","0","0","","0.0","0.003531","cubic feet","Standard","0.049434","UK","gl_home","","366","0","","","7.19","","","","","0","0","15","0","0","","0","0","0","0","1","0","","","","","","","","","","","","","","0","","","","","2026-08-10","14","1","0","0","366","N","","",""
"2026-08-13","Y501196","X00293FTUP","B0DZHGLDGH","RSYHVG Makeup Sharpener for Eyeliner, Lip Liner, and More, Universal Sharpener for All Wooden & Plastic Pencil Sizes","New","8","0","0","9","0","0","0","0","0","GBP","0","1","2","6","Low traffic","3.39","0.0","3.39","0.0","NoRestockExcessActionRequired","0","0.0","0","0","33.61","0.55","0.001695","cubic feet","Standard","0.01356","UK","gl_office_product","253950","85","0","32","17","3.39","0.0","2.82","5.64","16.92","0","9","0","0","0","0.01","0","0","0","0","1","0","","","","","","","","","","","","","329.0","0","","2026-08-09","329.0","145.2","2026-08-10","8","1","0","0","96","N","","",""
"2026-08-13","HXP0604114","X002KONNKV","B0GYJ3JXWZ","Hair Extension Tape Double Sided Adhesive Replacement, Professional Strong Tapes for Tape in Hair Extensions 72pcs,","New","13","0","0","13","0","0","0","0","0","GBP","0","0","1","1","Low traffic","6.69","0.0","6.69","0.0","Lower price","","","0","0","","0.1","0.003531","cubic feet","Standard","0.045903","UK","gl_beauty","","366","0","","169","5.57","0.0","0.0","6.07","6.07","0","0","13","0","0","","0","0","0","0","0","0","","","","","","","","","","","","","982.0","0","","2026-08-09","390.0","982.0","2026-08-10","13","0","0","0","366","N","","",""
"2026-08-13","Y12530","X0027E3FOX","B0DRTBK6Z8","Red Hair Bow with Long Tail, French Ribbon Bowknot Hairpins, Soft Silky Satin Hair Clip Big Bow Barrettes Aesthetic Hairclips with Metal Clips Ponytail Hair Barrette 90's Accessories Decor","New","27","0","0","28","0","0","0","0","0","GBP","2","15","23","34","Low traffic","5.09","0.0","5.09","0.0","NoRestockExcessActionRequired","2","0.0","0","0","45.86","1.77","0.007063","cubic feet","Standard","0.190701","UK","gl_beauty","117095","230","0","20","29","5.09","8.48","63.6","98.54","147.05","20","8","0","0","0","0.13","50","0","50","0","0","0","","","","","","","","","","","","","61.6","0","","2026-08-09","61.6","52.3","2026-08-10","77","0","0","0","230","N","","",""
"2026-08-13","HXP060465","X002KNO78T","B0GYDBQNLX","RSYHVG 2 Pcs Adjustable Black Luggage Straps for Suitcases, Durable Bungee Belts for Attaching Extra Bags, Travel Essentials Bag Strap Accessories for Business & Family Trips","New","9","0","0","9","0","0","0","0","0","GBP","0","6","6","6","Low traffic","5.6","0.0","5.6","0.0","NoRestockExcessActionRequired","","","0","0","","0.62","0.018222","cubic feet","Standard","0.163998","UK","gl_automotive","463223","62","0","6","19","5.6","0.0","28.0","28.0","28.0","0","0","9","0","0","","0","0","0","0","0","0","","","","","","","","","","","","","167.2","17","2026-08-08","2026-08-09","62.8","167.2","2026-08-10","9","0","0","0","62","N","","",""
"2026-08-13","HXP260128","X002HJJWRH","B0GFWKFSM3","2 Pieces PU Leather Zips Puller Replacement Zippers Pull Strap Zips Pendants for Luggage Handbags Bags Clothing Trousers","New","22","0","0","23","0","0","0","0","0","GBP","0","0","2","3","Low traffic","4.69","0.0","4.69","0.0","Advertise listing","","","0","0","","0.29","0.003531","cubic feet","Standard","0.077682","UK","gl_home","262107","366","0","","95","4.69","0.0","0.0","9.15","13.89","15","0","8","0","0","","0","0","0","0","1","0","","","","","","","","","","","","","","0","","","","286.3","2026-08-10","22","1","0","0","366","N","","",""
"2026-08-13","HXP060470","X002KNT1AX","B0GYDN3M8V","RSYHVG Blue Light Blocking Glasses, Oval Small Cat Eye Frame, Clear Anti-Glare Lenses, Unisex Y2K Style Eyewear for Computer Gaming Reading, Reduce Eye Strain & Improve Sleep Quality","New","13","0","0","13","0","0","0","0","0","GBP","0","2","2","2","Low traffic","5.21","0.0","5.21","0.0","Advertise listing","","","0","0","","0.14","0.003531","cubic feet","Footwear","0.045903","UK","gl_shoes","171123","104","0","26","84","5.21","0.0","9.02","9.02","9.02","0","0","13","0","0","","0","0","0","0","0","0","","","","","","","","","","","","","498.0","0","","2026-08-09","213.0","498.0","2026-08-10","13","0","0","0","104","N","","",""
"2026-08-13","Y12259","X0027JBEVT","B0DRVFMVMW","RSYHVG Multi-Purpose Suction Cup Hooks, 12 Pack Clear Reusable PVC Sucker Pads with Metal Hook, Heavy Duty Plastic Suction Hooks for Bathroom Kitchen Shower Wall Window Glass Door 1.77 Inches","New","21","0","0","19","0","3","0","0","0","GBP","1","7","13","14","Low traffic","5.49","0.0","5.49","0.0","NoRestockExcessActionRequired","0","0.0","0","0","99.06","0.84","0.020282","cubic feet","Standard","0.425922","UK","gl_home_improvement","260869","366","51","29","47","5.49","4.57","31.99","59.92","64.66","19","0","0","3","0","0.13","30","0","30","0","1","0","","","","","","","","","","","","","102.5","0","","2026-08-09","42.6","102.5","2026-08-10","51","1","0","0","366","N","","",""
"2026-08-13","Y12299","X0027JDCJL","B0DRVH1KJS","RSYHVG 4pcs Stainless Steel Finger Guards, Adjustable Kitchen Safe Protector for Chopping Slicing Dicing, Silver","New","43","0","0","0","0","45","0","0","0","GBP","3","4","5","6","Low traffic","4.59","0.0","4.59","0.0","NoRestockExcessActionRequired","43","0.0","0","0","21.04","0.1","0.005968","cubic feet","Standard","0.256624","UK","gl_kitchen","206831","135","0","43","93","4.59","11.46","15.28","19.1","22.92","0","0","0","45","0","0.18","0","0","0","0","1","0","","","","","","","","","","","","","890.4","0","","2026-08-09","481.0","890.4","2026-08-10","43","1","0","0","137","N","","",""
"2026-08-13","Y501304","X0028TV6K7","B0DYDDR65P","24 in 1 Multi Tool,Portable Stainless Steel Key Shaped Pocket Tool,Key Fob with Bottle Opener,Spanner Key Outdoor Survival Key Universal Tool,Mini Multi Tool Key","New","27","0","0","2","0","31","0","0","0","GBP","4","7","19","23","Low traffic","3.59","0.0","3.59","0.0","NoRestockExcessActionRequired","28","0.0","0","0","0.0","0.55","7.42E-4","cubic feet","Standard","0.020034","UK","gl_home_improvement","128754","64","0","15","15","3.59","11.96","21.1","59.02","71.66","0","1","1","31","0","0.01","0","0","0","0","6","0","","","","","","","","","","","","","191.3","8","2026-08-27","2026-08-09","191.3","172.2","2026-08-10","27","6","0","0","77","Y","Holiday Season","2026-09-05","2027-01-01"
"2026-08-13","HXP251214","X002HAWR1T","B0GD18NQF1","6 Pack Spring Cable Holder Clips, No Residue Self Adhesive Cord Organiser, 360° Rotation Desk Wall Car Cable Tidy, Fits 2.5–8mm USB HDMI Charging Wire Keeper for Home Office Workspace","New","9","0","0","0","0","10","0","0","0","GBP","","","","","Low traffic","5.89","0.0","5.89","0.0","Create removal order","0","0.0","0","0","23.59","0.0","0.003531","cubic feet","Standard","0.031779","UK","gl_electronics","","","9","","","5.89","","","","","0","0","0","10","0","0.02","0","0","0","0","1","0","","","","","","","","","","","","","","0","","","","","2026-08-10","9","1","0","0","","N","","",""
"2026-08-13","HXP0604134","X002KOPF6L","B0GYJT46QB","RSYHVG Mini Eyelash Curler 2 Pack, Stainless Steel Partial Lash Curler with Non-Slip Black Rubber Grip, Compact Precision Eyelash Curler for Natural Long-Lasting Curls, Safe Makeup Tool","New","21","0","0","21","0","0","0","0","0","GBP","0","3","14","14","Low traffic","6.13","0.0","6.13","0.0","NoRestockExcessActionRequired","","","0","0","","1.33","0.003531","cubic feet","Standard","0.074151","UK","gl_personal_care_appliances","207120","211","0","68","47","6.13","0.0","15.33","71.54","71.54","20","0","1","0","0","","30","0","30","0","0","0","","","","","","","","","","","","","49.8","0","","2026-08-09","48.0","49.8","2026-08-10","51","0","0","0","211","N","","",""
"2026-08-13","Y12417","X0027E7JG3","B0DRT9ZNY5","RSYHVG 10pcs Self Adhesive Rectangular Reflectors, Red & Silver, 15x5cm, With Fixing Holes, For Trailer Car Van Caravan Truck Gate Posts","New","18","0","0","0","0","18","0","0","0","GBP","0","0","2","4","Low traffic","5.89","0.0","5.89","0.0","NoRestockExcessActionRequired","18","0.0","0","0","41.19","0.21","0.012802","cubic feet","Standard","0.230436","UK","gl_automotive","213804","123","0","","58","5.89","0.0","0.0","9.82","19.64","0","0","0","18","0","0.16","0","0","0","0","0","0","","","","","","","","","","","","","294.3","0","","2026-08-09","271.0","294.3","2026-08-10","18","0","0","0","123","N","","",""
"2026-08-13","Y12502","X0027JBYYV","B0DRVJGMPJ","RSYHVG Funny Novelty Muscle Man Apron - Sexy Red Cooking Apron for Kitchen BBQ Party, Gag Gifts for Men Women Adults","New","4","0","0","5","0","0","0","0","0","GBP","6","25","30","37","Low traffic","5.19","0.0","5.19","0.0","NoRestockExcessActionRequired","0","4.99","52","0","27.19","2.18","0.010849","cubic feet","Apparel","0.043396","UK","gl_apparel","44188","116","0","8","18","5.19","25.6","104.64","125.44","154.56","0","5","0","0","0","0.03","50","0","50","0","1","0","","","","","","","","","","","","","49.6","0","","2026-08-09","29.3","49.6","2026-08-10","54","0","1","0","117","N","","",""
"2026-08-13","HXP0604116","X002KOOTLX","B0GYJDBC8M","Doorbell Button Replacement, Pro Peephole Camera and Video Doorbell Elite Buttons Replacement, Come with 4Pack Buttons / 2Pack Screws, Repair Split Cracked Broken Button (Black)","New","30","0","0","30","0","0","0","0","0","GBP","","","","","Low traffic","7.99","0.0","7.99","0.0","Advertise listing","","","0","0","","0.0","0.003531","cubic feet","Standard","0.10593","UK","gl_home_improvement","","366","0","","","7.99","","","","","0","0","30","0","0","","0","0","0","0","0","0","","","","","","","","","","","","","","0","","","","","2026-08-10","30","0","0","0","366","N","","",""
"2026-08-13","TY130","X0021W8F0F","B0D6R89JBM","RSYHVG Women Ladies Swimming Cap Elastic Ear Protection Swim Cap Pool Surfing Bathing Shower Cap Water Sports Hat Sleep Cap Fabric Knotted Turban Hat Non-Waterproof Swim Cap for Long Short Hair","New","20","19","0","40","0","0","0","0","0","GBP","1","47","63","84","","7.79","0.0","0.0","0.0","NoRestockExcessActionRequired","38","0.0","0","0","0.0","5.01","0.035905","cubic feet","Standard","0.7181","UK","gl_sports","79423","336","0","17","32","7.79","6.49","305.03","408.87","545.16","40","0","0","0","0","0.83","190","0","190","0","1","1","","","","","","","","","","","","","11.3","0","","2026-08-09","11.3","10.0","2026-08-10","229","1","0","0","337","N","","",""
"2026-08-13","HXP060436","X002KNCF4H","B0GYCCB1XP","RSYHVG 3-Pack Adjustable Anti-Slip Glasses Strap, Sport Eyewear Retainer Neck Cord for Men & Women, Fits Glasses Sunglasses Safety Glasses, Black Blue Red","New","8","0","0","8","0","0","0","0","0","GBP","1","6","7","7","Low traffic","6.19","0.0","6.19","0.0","Advertise listing","","","0","0","","0.76","0.003531","cubic feet","Apparel","0.028248","UK","gl_apparel","160376","366","0","25","70","6.19","5.16","32.1","38.09","38.09","0","0","8","0","0","","30","0","30","0","0","0","","","","","","","","","","","","","142.3","0","","2026-08-09","67.6","142.3","2026-08-10","38","0","0","0","366","N","","",""
"2026-08-13","HXP060471","X002KNJD3N","B0GYDDZH62","Funny Cable Storage Bag for Tech Accessories Plugs Charging Cables Organiser Pouch for Women Men Funny Tech Gifts for Best Friend Canvas Electronics Storage Pouch for Travel Home","New","9","0","0","10","0","0","0","0","0","GBP","0","4","5","5","Low traffic","6.79","0.0","6.79","0.0","NoRestockExcessActionRequired","","","0","0","","0.51","0.008381","cubic feet","Standard","0.075429","UK","gl_home","600594","117","0","9","23","6.79","0.0","22.64","28.63","28.63","0","0","10","0","0","","0","0","0","0","1","0","","","","","","","","","","","","","191.2","0","","2026-08-09","86.8","191.2","2026-08-10","9","1","0","0","127","N","","",""
"2026-08-13","Y12565","X0027K0VC1","B0DRX4FBZJ","Messy Hair Scrunchies Bun Extensions Curly Wavy Pieces For Women Updo Ponytail Extensions Donut Chignons Accessories - Natural Black","New","18","0","0","18","0","0","0","0","0","GBP","4","21","30","40","Low traffic","5.39","0.0","5.39","0.0","NoRestockExcessActionRequired","18","0.0","0","0","0.0","2.86","0.017481","cubic feet","Standard","0.314658","UK","gl_beauty","57742","201","0","11","18","5.39","17.96","94.29","134.7","179.6","18","0","0","0","0","0.18","40","0","40","0","0","0","","","","","","","","","","","","","33.0","0","","2026-08-09","33.0","31.1","2026-08-10","58","0","0","0","201","N","","",""
"2026-08-13","HXP060456","X002KNF1QL","B0GYCHL598","RSYHVG 2 in 1 Sleep Eye Mask & Ear Muffs - Noise Reduction, Blackout, Adjustable Winter Warmer Headband for Sleeping, Travel & Outdoor Activities (Black)","New","22","1","0","23","0","0","0","0","0","GBP","1","8","12","12","Low traffic","5.99","0.0","5.99","0.0","NoRestockExcessActionRequired","","","0","0","","0.96","0.003531","cubic feet","Standard","0.077682","UK","gl_drugstore","90618","73","0","11","23","5.99","4.99","39.92","60.22","60.22","20","0","3","0","0","","0","0","0","0","0","1","","","","","","","","","","","","","62.1","6","2026-08-21","2026-08-09","26.9","62.1","2026-08-10","23","0","0","0","73","N","","",""
"2026-08-13","Y12404","X0027K5ACR","B0DRYFNNH4","RSYHVG High Visibility Reflective Vest Adjustable Safety Gear for Running Cycling Walking Green","New","49","0","0","52","0","0","0","0","0","GBP","4","8","17","36","Low traffic","4.69","0.0","4.69","0.0","NoRestockExcessActionRequired","0","0.0","0","0","215.5","1.66","0.017657","cubic feet","Standard","0.865193","UK","gl_sports","67714","103","0","24","17","4.69","15.64","31.44","68.07","145.4","52","0","0","0","0","0.6","0","0","0","0","2","0","","","","","","","","","","","","","241.5","0","","2026-08-09","241.5","61.6","2026-08-10","49","2","0","0","109","Y","Holiday Season","2026-10-17","2027-01-01"
"2026-08-13","Y501296","X0028TXQ6T","B0DYCB18RC","Pants Jeans Chain Gothic Punk Rock Chains Pocket Belt Chains Multi-layer Wallet Chain Trousers Chain Skirt Waist Chain Lock Keychain for Keys Belt Loop Purse Handbag for Women Men, Silver","New","73","1","0","78","0","0","0","0","0","GBP","4","12","34","61","Low traffic","6.39","0.0","6.39","0.0","NoRestockExcessActionRequired","6","0.0","0","0","35.03","1.41","0.007946","cubic feet","Apparel","0.580058","UK","gl_jewelry","179865","229","0","37","24","6.39","21.28","63.84","180.88","320.2","32","46","0","0","0","0.4","40","0","40","0","4","0","","","","","","","","","","","","","137.5","0","","2026-08-09","137.5","49.1","2026-08-10","114","4","0","0","237","N","","",""
"2026-08-13","TY087","X0021QCGFB","B0D6GCVYKY","RSYHVG Men's surfer coconut shell wood bead necklace Men's niche high fashion vintage patchwork beaded collarbone chain,men's necklaces","New","3","0","0","6","0","0","0","0","0","GBP","8","24","28","35","Low traffic","5.89","0.0","5.89","0.0","NoRestockExcessActionRequired","3","0.0","0","0","0.0","11.67","2.41E-4","cubic feet","","7.23E-4","UK","gl_jewelry","75879","143","0","10","23","5.89","39.28","117.84","138.12","173.61","6","0","0","0","0","0.0","60","0","60","0","3","0","","","","","","","","","","","","","26.0","0","","2026-08-09","26.0","20.0","2026-08-10","63","3","0","0","151","N","","",""
"2026-08-13","Y501251","X00291YRQJ","B0DZCW9GH3","Stanley Straw Cover, 6 Caps, Suitable for 30oz & 40oz Straw Lid Covers, Cup 9-10MM, Stanley Cup Accessories, Toppers Mixed Animals, Silicone Material, Party","New","27","0","0","28","0","0","0","0","0","GBP","6","22","37","42","Low traffic","5.09","0.0","5.09","0.0","NoRestockExcessActionRequired","0","0.0","0","0","119.73","3.82","0.012205","cubic feet","Standard","0.329535","UK","gl_kitchen","267396","132","0","10","17","5.09","25.44","93.28","156.03","176.38","28","0","0","0","0","0.23","30","0","30","0","1","0","","","","","","","","","","","","","33.8","0","","2026-08-09","33.8","24.0","2026-08-10","57","0","1","0","135","N","","",""
"2026-08-13","HXP0604137","X002KOMRY9","B0GYJKTV5Z","RSYHVG 58mm Stainless Steel Blind Filter, Coffee Machine Backflush Insert Blanking Disc, Reusable Professional Cleaning Disc for Most Semi Automatic Coffee Machines About this item Thorough Group Head","New","9","0","0","9","0","0","0","0","0","GBP","1","3","9","9","Low traffic","6.89","0.0","6.89","0.0","NoRestockExcessActionRequired","","","0","0","","0.75","0.003531","cubic feet","Standard","0.031779","UK","gl_kitchen","863408","323","0","38","41","7.09","5.74","17.56","55.0","55.0","0","0","9","0","0","","20","0","20","0","0","0","","","","","","","","","","","","","172.8","0","","2026-08-09","165.0","172.8","2026-08-10","29","0","0","0","323","N","","",""
"2026-08-13","HXP260104","X002HJDQR9","B0GFVDK259","Puck Screen 53.5mm, Espresso Puck Screen for 53.5mm Portafilter, with Acrylic Storage Box, Resuable 1.7mm Thickness 150μm, 316L Stainless Steel, Coffee Filter Screen, Lower Shower Screen","New","10","0","0","0","10","0","0","0","0","GBP","","","","","Low traffic","7.29","0.0","7.29","0.0","Advertise listing","0","0.0","0","0","23.81","0.0","0.003531","cubic feet","Standard","0.03531","UK","gl_kitchen","","","10","","","7.89","","","","","0","0","0","0","0","0.02","0","0","0","0","0","0","","","","","","","","","","","","","","0","","","","","2026-08-10","10","0","0","0","","N","","",""
"2026-08-13","HXP060418","X002KMNFA1","B0GY8LRGPF","RSYHVG Double Sided Foam Tape, 2 Rolls 10m x 10mm Black Sponge Mounting Tape, Waterproof Adhesive Tape for Car Trims, Number Plates, LED Strips, Home Decoration (Green Packaging) About this item Compl","New","8","0","0","9","0","0","0","0","0","GBP","0","3","6","6","Low traffic","6.29","0.0","6.29","0.0","NoRestockExcessActionRequired","","","0","0","","0.67","0.003531","cubic feet","Standard","0.028248","UK","gl_biss","338382","71","0","10","17","6.29","0.0","15.72","31.44","31.44","0","0","9","0","0","","0","0","0","0","1","0","","","","","","","","","","","","","151.5","0","","2026-08-09","103.0","151.5","2026-08-10","8","1","0","0","78","N","","",""
"2026-08-13","Y12249","X0027E7LHZ","B0DRTBD24M","Damage Free Picture Hangers Self Adhesive No Nail Frame Hooks with Removable Adhesive Strips Heavy Duty Wall Hanger for Home Office Dorm Smooth Surfaces","New","5","1","0","0","8","0","0","0","0","GBP","1","2","2","2","Low traffic","5.89","0.0","5.89","0.0","CreateShippingPlan","0","0.0","0","0","32.8","0.21","0.014408","cubic feet","Standard","0.07204","UK","gl_home_improvement","231605","31","0","10","32","5.89","4.91","9.82","9.82","9.82","0","0","0","0","0","0.06","0","0","0","0","1","0","","","","","","","","","","","","","452.5","10","2026-08-12","2026-08-09","146.5","452.5","2026-08-10","6","0","1","0","36","N","","",""
"2026-08-13","Y12322","X0027IRBB7","B0DRV92NT8","RSYHVG 10 PCS Universal Inner Bike Brake Cable, 1.75m Bicycle Brake Inner Wire Cable for Mountain and Road Bike, Inner Wire Cable Replacement for Bicycle MTB","New","10","0","0","10","0","0","0","0","0","GBP","17","22","29","52","Low traffic","7.29","0.0","7.29","0.0","CreateShippingPlan","10","0.0","0","0","0.0","5.37","0.086709","cubic feet","Standard","0.86709","UK","gl_sports","73541","22","0","1","2","7.29","103.19","133.54","176.03","313.88","10","0","0","0","0","0.47","0","0","0","0","0","0","","","","","","","","","","","","","41.1","28","2026-08-10","2026-08-09","41.1","27.9","2026-08-10","10","0","0","0","22","N","","",""
"2026-08-13","Y12420","X0027DWZYZ","B0DRT9XN39","RSYHVG Light Clips Hooks, 50 PCS Gutter Hooks for Outdoor String Lights Gutter Clips for Hanging Outdoor Lights Village Accessories","New","2","0","0","3","0","0","0","0","0","GBP","0","8","14","20","Low traffic","5.09","0.0","5.09","0.0","NoRestockExcessActionRequired","2","0.0","0","0","0.0","4.21","0.009535","cubic feet","Standard","0.01907","UK","gl_home_improvement","689416","198","0","15","20","5.09","0.0","33.92","59.36","82.82","2","1","0","0","0","0.0","29","0","29","0","0","0","","","","","","","","","","","","","23.9","0","","2026-08-09","13.3","23.9","2026-08-10","31","0","0","0","198","N","","",""
"2026-08-13","Y12266","X0027KAYK5","B0DRYDD1FW","2 Pack Large Buggy Clips Locking Carabiner Clips Heavy Duty Aluminum Carabiner Super Durable Lock Carabiner Hook for Camping Hammocks Dog Leash Yoga Swing","New","15","1","0","17","0","0","0","0","0","GBP","3","5","11","12","Low traffic","5.79","0.0","5.79","0.0","NoRestockExcessActionRequired","0","0.0","0","0","3.13","1.42","0.012855","cubic feet","Standard","0.192825","UK","gl_sports","55862","171","0","12","16","5.79","14.46","24.1","53.02","57.84","17","0","0","0","0","0.14","0","0","0","0","2","0","","","","","","","","","","","","","40.3","0","","2026-08-09","19.7","40.3","2026-08-10","16","2","0","0","195","N","","",""
"2026-08-13","Y501299","X0028TWCV9","B0DYCNG3ND","Punk Rock Trouser Chain with Lobster Clasps - Men's Hip Hop Clothing Accessory for Jeans, Skateboard & Biker Style","New","13","0","0","7","6","0","0","0","0","GBP","0","1","10","12","Low traffic","6.09","0.0","6.09","0.0","NoRestockExcessActionRequired","0","0.0","0","0","68.75","0.71","0.010594","cubic feet","Apparel","0.137722","UK","gl_jewelry","499766","366","43","172","46","6.09","0.0","5.24","52.4","62.88","0","0","7","0","0","0.1","30","0","30","0","0","0","","","","","","","","","","","","","143.0","0","","2026-08-09","99.5","143.0","2026-08-10","43","0","0","0","366","N","","",""
"2026-08-13","HXP251233","X002HB6K2Z","B0GD1B2QWG","Blue Hair Bow - Oversized Bow Hair Clip for Women, Long Tail Ribbons with Metal Spring Clip, Decorative Barrettes Hair Accessory for Girls Ponytail Holder","New","22","13","0","35","0","0","0","0","0","GBP","1","9","15","17","Low traffic","4.49","0.0","4.49","0.0","NoRestockExcessActionRequired","0","0.0","0","0","137.9","1.33","0.003531","cubic feet","Standard","0.077682","UK","gl_beauty","89383","314","0","18","32","4.49","3.74","33.66","56.27","64.09","30","5","0","0","0","0.09","20","0","20","0","0","0","","","","","","","","","","","","","34.5","0","","2026-08-09","28.8","34.5","2026-08-10","55","0","0","0","314","N","","",""
"2026-08-13","Y501232","X0028WIBXT","B0DYNS28SL","RSYHVG Digital Kitchen Timer, Big Digits, Loud Alarm, Magnetic Back, Retractable Stand, Count Up & Down, 99Min59Sec, White","New","28","0","0","28","0","0","0","0","0","GBP","0","3","5","12","Low traffic","5.19","0.0","5.19","0.0","NoRestockExcessActionRequired","0","0.0","0","0","163.87","0.52","0.004944","cubic feet","Standard","0.138432","UK","gl_home","773898","203","0","37","30","5.19","0.0","12.96","21.6","52.01","20","0","8","0","0","0.1","0","0","0","0","0","0","","","","","","","","","","","","","190.5","0","","2026-08-09","190.5","188.3","2026-08-10","28","0","0","0","203","N","","",""
"2026-08-13","TY199","X0021QLIWX","B0D6KC9NCR","50x Plastic Unthreaded Nylon Nut Clips 4mm Hole 24mm Collar Diameter 10mm Nut for Wheel Arch Trim Panel Splash Guard","New","32","0","0","32","0","0","0","0","0","GBP","0","9","21","37","Low traffic","7.39","0.0","7.39","0.0","NoRestockExcessActionRequired","32","0.0","0","0","0.0","1.66","0.010594","cubic feet","","0.339008","UK","gl_biss","91359","142","0","23","18","7.39","0.0","55.44","129.36","227.92","2","30","0","0","0","0.2","20","0","20","0","0","0","","","","","","","","","","","","","87.1","0","","2026-08-09","87.1","46.7","2026-08-10","52","0","0","0","142","N","","",""
"2026-08-13","HXP260108","X002HJEQ69","B0GFWD843T","RSYHVG Leopard Pattern Festival Tie Mens Casual Novelty Stylish Unique Party Prom Tie Stylish Print Accessories for Parties Theme Events and Daily Wear","New","10","0","0","0","10","0","0","0","0","GBP","","","","","Low traffic","4.49","0.0","4.49","0.0","Advertise listing","0","0.0","0","0","22.34","0.0","0.003531","cubic feet","Apparel","0.03531","UK","gl_apparel","","","10","","","4.49","","","","","0","0","0","0","0","0.02","0","0","0","0","0","0","","","","","","","","","","","","","","0","","","","","2026-08-10","10","0","0","0","","N","","",""
"2026-08-13","TY250214010","X0028KWVH3","B0CWCW7G8W","RSYHVG 2 Pcs Mushroom Makeup Sponge, Long Handle Facial Cosmetic Foundation Sponge Powder Puff Blending Sponge Concealer Eyeshadow Liquid Creams Applicator Tool Beauty Blender Brush","New","43","13","0","62","0","0","0","0","0","GBP","6","40","64","80","Low traffic","4.59","0.0","4.59","0.0","NoRestockExcessActionRequired","56","0.0","0","0","0.0","3.33","0.003531","cubic feet","Standard","0.151833","UK","gl_beauty","67833","105","0","8","13","4.59","22.92","148.16","235.32","291.16","62","0","0","0","0","0.13","39","0","39","0","5","0","","","","","","","","","","","","","21.0","0","","2026-08-09","21.0","16.1","2026-08-10","95","5","0","0","110","N","","",""
"2026-08-13","Y12432","X0027JA37F","B0DRVGLLWS","RSYHVG Sticky Fabric Tape Double-Sided Tape Adhesive Cloth Tape Press-on Tape, No Sewing, Gluing, or Ironing, Alterations and Hemming Tool (1 Piece, 3/5 Inch x 164 Feet)","New","1","0","0","1","0","0","0","0","0","GBP","0","0","0","0","Low traffic","4.19","0.0","4.19","0.0","Advertise listing","0","0.0","0","0","4.9","0.0","0.010383","cubic feet","Standard","0.010383","UK","gl_biss","2337437","366","0","","","4.39","0.0","0.0","0.0","0.0","1","0","0","0","0","0.11","0","0","0","0","0","0","","","","","","","","","","","","","","0","","","","","2026-08-10","1","0","0","0","366","N","","",""
"2026-08-13","Y501182","X0028TDLT1","B0DY7SW3ZD","10 Pieces Curly Straws, Silly Straws, Plastic Straws Reusable, Novelty Curly Party Straws for Kids Birthday, Party Straws for Home Bar Beverage Shop Weddings Birthdays Family Reunion","New","12","0","0","15","0","0","0","0","0","GBP","8","16","36","44","Low traffic","5.69","0.0","5.69","0.0","NoRestockExcessActionRequired","12","0.0","0","0","0.0","3.67","0.003305","cubic feet","Standard","0.03966","UK","gl_kitchen","128874","133","0","13","15","5.69","37.92","76.01","172.86","211.42","15","0","0","0","0","0.02","40","0","40","0","3","0","","","","","","","","","","","","","46.3","0","","2026-08-09","46.3","26.6","2026-08-10","52","3","0","0","142","N","","",""
"2026-08-13","HXP260126","X002HJHIO1","B0GFVWSJT7","10 Pcs Hollow Metal Button Black Sliver Gold Buttons Round Decorative Button for Clothes Sewing Accessories","New","2","0","0","0","10","0","0","0","0","GBP","7","7","7","7","Low traffic","5.39","0.0","5.39","0.0","CreateShippingPlan","0","0.0","0","0","4.64","0.0","0.003531","cubic feet","Standard","0.007062","UK","gl_office_product","","","2","1","3","5.39","31.43","31.43","31.43","31.43","0","0","0","0","0","0.0","0","0","0","0","0","0","","","","","","","","","","","","","","0","","","","","2026-08-10","2","0","0","0","","N","","",""
"2026-08-13","TY532","X0021QCI3V","B0D6GGKYCX","RSYHVG Bathroom Sink Strainer, Utility, Slop, Bathtub Lavatory Sink Drain Strainer Hair Catcher, Stainless Steel Shower Drain Strainer, 3 Pack","New","13","0","0","1","12","0","0","0","0","GBP","4","5","6","7","Low traffic","4.89","0.0","4.89","0.0","NoRestockExcessActionRequired","0","0.0","0","0","54.66","0.43","0.001068","cubic feet","","0.013884","UK","gl_home","265757","108","13","10","24","4.89","16.28","20.35","24.76","29.33","0","1","0","0","0","0.01","0","0","0","0","0","0","","","","","","","","","","","","","391.0","0","","2026-08-09","251.0","391.0","2026-08-10","13","0","0","0","108","N","","",""
"2026-08-13","TY105","X0021VZJTB","B0D6QT41RG","Soft TPU Car Key Fob Cover - 5 Buttons (Black) for Land Rover Defender Discovery Evoque LR4 Range Rover Sport Freelander & Jaguar Velar Vogue","New","20","0","0","21","0","0","0","0","0","GBP","0","0","4","5","Low traffic","4.59","0.0","4.59","0.0","NoRestockExcessActionRequired","1","0.0","0","0","36.75","0.61","0.001271","cubic feet","","0.02542","UK","gl_automotive","222417","238","0","","52","4.59","0.0","0.0","15.96","19.95","21","0","0","0","0","0.02","0","0","0","0","0","0","","","","","","","","","","","","","","0","","","","116.5","2026-08-10","20","0","0","0","238","N","","",""
"2026-08-13","Y12534","X0027K1BWP","B0DRXD8SKJ","RSYHVG White Shredded Tissue Paper for Gift Boxes Stuffing 100 g Hampers Filling and Packaging Filler, Soft Shreds Raffia Paper Suitable Party Easter Christmas Father's Day","New","10","0","0","0","0","10","0","0","0","GBP","0","1","1","1","Low traffic","6.39","0.0","6.39","0.0","CreateShippingPlan","0","0.0","0","0","163.17","0.09","0.077948","cubic feet","Standard","0.77948","UK","gl_drugstore","215308","366","10","40","130","6.39","0.0","5.32","5.32","5.32","0","0","0","10","0","0.54","0","0","0","0","0","0","","","","","","","","","","","","","482.5","0","","2026-08-09","304.0","482.5","2026-08-10","10","0","0","0","366","N","","",""
"2026-08-13","HXP0604115","X002KOLZGP","B0GYHXRVMK","RSYHVG #10 Heavy Duty Resin Zippers, 35 Inch (90cm) Two Way Separating Plastic Zippers, Black Left Handed Zipper for Coat, Parka, Down Jacket, Bags, Tents and Sewing Crafts","New","10","0","0","10","0","0","0","0","0","GBP","0","1","5","5","Low traffic","8.59","0.0","8.59","0.0","Advertise listing","","","0","0","","0.54","0.003531","cubic feet","Standard","0.03531","UK","gl_kitchen","1290317","212","0","120","78","8.59","0.0","7.49","37.45","37.45","0","0","10","0","0","","20","0","20","0","0","0","","","","","","","","","","","","","165.8","0","","2026-08-09","154.5","165.8","2026-08-10","30","0","0","0","212","N","","",""
"2026-08-13","Y12275","X0027JEGGJ","B0DRVRJYSP","RSYHVG 6 PCS Multicolor Cat Coffee Tea Spoons, Stainless Steel Hanging Cup Teaspoons, Mini Cute Kitten Stirring Spoons Set","New","12","0","0","1","1","10","0","0","0","GBP","2","10","10","12","Low traffic","5.99","0.0","5.99","0.0","CreateShippingPlan","12","0.0","0","0","0.0","0.62","0.002543","cubic feet","Standard","0.030516","UK","gl_kitchen","210544","50","0","4","13","5.99","9.98","49.9","49.9","61.54","1","0","0","10","0","0.02","0","0","0","0","0","0","","","","","","","","","","","","","163.3","10","2026-08-09","2026-08-09","58.1","163.3","2026-08-10","12","0","0","0","50","N","","",""
"2026-08-13","Y12239","X0027IS35F","B0DRVKCSKJ","Pack of 6 Blue 20mm Round Faux Horn Sew On Plastic Buttons for Coats Jackets Cardigans Flat 4 Holes 32L","New","59","0","0","60","0","0","0","0","0","GBP","2","7","12","21","Low traffic","5.09","0.0","5.09","0.0","NoRestockExcessActionRequired","59","0.0","0","0","0.0","0.73","0.001413","cubic feet","Standard","0.083367","UK","gl_office_product","217958","183","0","33","36","5.09","8.48","29.68","51.73","89.89","50","0","10","0","0","0.05","0","0","0","0","0","0","","","","","","","","","","","","","262.2","0","","2026-08-09","262.2","126.2","2026-08-10","59","0","0","0","183","N","","",""
"2026-08-13","Y12388","X0027JD8WH","B0DRVLXX5Z","Bow Hair Clip, Velvet Hair Bows for Women Red Big Bowknot Hairpin French Hair Clips with Long Ribbon Solid Color Hair Barrette Clips Vintage Hair Accessories for Women Girls","New","38","0","0","0","0","41","0","0","0","GBP","1","1","3","5","Low traffic","4.79","0.0","4.79","0.0","Lower price","0","0.0","0","0","181.16","0.11","0.006922","cubic feet","Standard","0.263036","UK","gl_beauty","133826","366","38","152","98","3.99","3.99","3.99","11.97","19.95","0","0","0","41","0","0.18","0","0","0","0","3","1","","","","","","","","","","","","","782.2","0","","2026-08-09","631.5","782.2","2026-08-10","38","3","0","0","366","N","","",""
"2026-08-13","HXP060439","X002KNDGEP","B0GYCCTPMQ","RSYHVG Universal Car Handbrake Cover, Premium ABS Handbrake Grips Protector Decorative Cap, Comfortable Non-Slip Interior Trim Compatible with Most Cars, Sedans, SUVs (Black) About this item Universal","New","12","0","0","13","0","0","0","0","0","GBP","0","2","2","2","Low traffic","6.09","0.0","6.09","0.0","Advertise listing","","","0","0","","0.19","0.003531","cubic feet","Standard","0.042372","UK","gl_sports","201778","111","0","24","78","6.09","0.0","10.48","10.48","10.48","0","0","13","0","0","","0","0","0","0","1","0","","","","","","","","","","","","","521.0","0","","2026-08-09","209.5","521.0","2026-08-10","12","1","0","0","119","N","","",""
"2026-08-13","Y12449","X0027K1N19","B0DRXFZH88","RSYHVG 2pcs Car Interior Cleaning Tool Brush with Cover, Car Interior Brushes Soft Bristles Detailing Dusting Brush Curved Crevice Beauty Brush for Car Dashboard, Screen, Scratch-Free Cleaning Brush.","New","12","2","0","16","0","0","0","0","0","GBP","13","21","31","39","Low traffic","3.99","0.0","3.99","0.0","CreateShippingPlan","13","0.0","0","0","0.0","3.04","0.006611","cubic feet","Standard","0.079332","UK","gl_automotive","17405","22","0","2","4","3.99","43.16","69.72","102.76","128.04","16","0","0","0","0","0.05","0","0","0","0","2","0","","","","","","","","","","","","","29.6","39","2026-08-11","2026-08-09","16.7","29.6","2026-08-10","14","2","0","0","26","Y","Holiday Season","2026-11-07","2027-01-01"
"2026-08-13","Y501275","X0028XOF8X","B0DYS7SHHC","Baby Round Tip Safety Manicure Nail Scissors and Baby Glass Nail File Set, Stainless Steel, Czech Float Glass, Ideal Shower Gift for Newborns,Toddlers, Infant, Babies,Young Children","New","23","0","0","23","0","0","0","0","0","GBP","0","0","2","6","Low traffic","3.69","0.0","3.69","0.0","NoRestockExcessActionRequired","0","0.0","0","0","85.46","0.52","0.004591","cubic feet","Standard","0.105593","UK","gl_baby_product","52664","366","0","","49","3.69","0.0","0.0","6.14","18.42","0","23","0","0","0","0.07","0","0","0","0","0","0","","","","","","","","","","","","","","0","","","","163.0","2026-08-10","23","0","0","0","366","N","","",""
"2026-08-13","Y12525","X0027E1UL3","B0DRT9SJGL","RSYHVG Men Oversized Double Layer Velvet Pre-Tied Bow Tie, Solid Color Formal Tuxedo Bowtie for Wedding Party Prom","New","5","0","0","9","0","0","0","0","0","GBP","1","1","2","2","Low traffic","4.39","0.0","4.39","0.0","CreateShippingPlan","5","0.0","0","0","0.0","0.14","0.008476","cubic feet","Apparel","0.04238","UK","gl_apparel","766763","51","0","20","32","4.39","3.66","3.66","7.32","7.32","0","0","9","0","0","0.01","0","0","0","0","3","0","","","","","","","","","","","","","","2","2026-09-07","","","628.0","2026-08-10","5","3","0","0","69","N","","",""
"2026-08-13","Y12382","X0027JGJDH","B0DRVMLTFM","RSYHVG Compass for Navigation, Vintage Pocket Compass with Luminous Function, Pure Copper Shell, Waterproof, Perfect for Camping/Orienteering/Hiking/Marching and Collection","New","15","0","0","15","0","1","0","0","0","GBP","0","1","4","15","Low traffic","4.79","0.0","4.79","0.0","NoRestockExcessActionRequired","0","0.0","0","0","75.01","1.15","0.002543","cubic feet","Standard","0.038145","UK","gl_sports","156797","224","15","60","13","4.79","0.0","3.99","15.96","59.85","0","15","0","1","0","0.03","0","0","0","0","1","0","1","0.0","0","0.0","0","0.0","0","0.0","0","0.0","0","0.0","499.0","0","","2026-08-09","499.0","64.3","2026-08-10","15","1","0","0","247","N","","",""
"2026-08-13","Y501346","X0028WR9UP","B0DYNXJW1B","Mason Jar Lids, 6 Pcs - Tinplate Canning Lids Regular Mouth Leak Proof Fits Storage Jars (Silver)","New","24","0","0","25","0","0","0","0","0","GBP","5","16","27","37","Low traffic","6.19","0.0","6.19","0.0","NoRestockExcessActionRequired","24","0.0","0","0","0.19","5.29","0.015574","cubic feet","Standard","0.373776","UK","gl_kitchen","268697","143","0","13","18","6.19","25.8","82.56","139.32","190.92","25","0","0","0","0","0.25","30","0","30","0","0","0","","","","","","","","","","","","","57.3","0","","2026-08-09","57.3","29.1","2026-08-10","54","0","0","0","143","N","","",""
"2026-08-13","Y12576","X0027JDHJ1","B0DRVHGHMM","Gold U Shaped French Hair Pin, Minimalist Slide Metal Hair Clip, Zinc Alloy Bun Hairpin, Elegant Updo Hair Accessories for Adult Women, Suitable for Thick Curly All Hair Types Casual Formal Daily Use","New","3","0","0","3","0","0","0","0","0","GBP","1","3","8","8","Low traffic","3.99","0.0","3.99","0.0","NoRestockExcessActionRequired","0","0.0","0","0","12.29","1.45","0.003461","cubic feet","Standard","0.010383","UK","gl_beauty","154508","280","0","44","53","3.99","3.32","9.96","26.56","26.56","0","0","3","0","0","0.01","30","0","30","0","0","0","","","","","","","","","","","","","67.3","0","","2026-08-09","24.3","67.3","2026-08-10","33","0","0","0","280","N","","",""
"2026-08-13","HXP2604002","X002K1WE9P","B0GWHTFGX5","Leather Cord End Clasp, 10pcs 5mm Hole Leather Clasps, Cord End Caps Closures for Jewelry Making DIY Crafts, Silver","New","1","0","0","1","0","0","0","0","0","GBP","","","","","Low traffic","6.19","0.0","6.19","0.0","Advertise listing","","","0","0","","0.0","0.003531","cubic feet","Standard","0.003531","UK","gl_office_product","","26","0","","","6.19","","","","","0","0","1","0","0","","0","0","0","0","0","0","","","","","","","","","","","","","","3","2026-08-10","","","","2026-08-10","1","0","0","0","26","N","","",""
"2026-08-13","Y12243","X0027E7LAR","B0DRT9Q19Y","RSYHVG 25 LURE WIRE TRACES spinning pike fishing swivel zander","New","23","0","0","21","4","0","0","0","0","GBP","2","2","4","9","Low traffic","4.59","0.0","4.59","0.0","NoRestockExcessActionRequired","0","0.0","0","0","78.84","0.39","0.002119","cubic feet","Standard","0.048737","UK","gl_sports","217170","366","23","46","33","4.59","7.64","7.64","15.45","35.74","0","21","0","0","0","0.03","0","0","0","0","1","0","","","","","","","","","","","","","","0","","","","193.1","2026-08-10","23","1","0","0","366","N","","",""
"2026-08-13","HXP251211","X002HAGJZT","B0GCZ92ZSS","Pack of 12 Black 11mm Round Sew On Plastic Buttons for Shirts Blouses Pearlescent Flat 4 Holes 18L","New","15","0","0","15","0","0","0","0","0","GBP","3","15","19","22","Low traffic","3.99","0.0","3.99","0.0","NoRestockExcessActionRequired","0","0.0","0","0","58.86","1.07","0.003531","cubic feet","Standard","0.052965","UK","gl_office_product","135765","314","0","20","44","3.99","9.96","49.8","63.25","74.23","0","0","15","0","0","0.04","60","0","60","0","0","0","","","","","","","","","","","","","88.7","0","","2026-08-09","48.2","88.7","2026-08-10","75","0","0","0","314","N","","",""
"2026-08-13","Y12234","X0027IS46X","B0DRVLSRH1","Stainless Steel Noodle Cutter,Noodle Lattice Roller Pasta Spaghetti Maker Kitchen Cooking Tools Pressing Dough Cutter Pasta Make Tool","New","31","0","0","31","0","0","0","0","0","GBP","5","9","10","19","Low traffic","5.49","0.0","5.49","0.0","NoRestockExcessActionRequired","4","0.0","0","0","68.22","1.41","0.010197","cubic feet","Standard","0.316107","UK","gl_kitchen","209992","146","0","13","21","5.49","22.85","41.13","45.87","88.53","30","1","0","0","0","0.21","0","0","0","0","0","0","","","","","","","","","","","","","161.7","0","","2026-08-09","161.7","77.9","2026-08-10","31","0","0","0","146","N","","",""
"2026-08-13","TY248","X0021QMXZT","B0D6K7ZSBX","2Pcs All-Metal Stainless Steel Nozzle Throat Feeding Tube With Teflon Tube Compatible with Extruder V6 J-Head Neck Makerbot MK8 RepRap 3D Printer Hotend 1.75mm Filament 1","New","1","0","0","1","0","0","0","0","0","GBP","0","0","0","0","Low traffic","3.79","0.0","3.79","0.0","Advertise listing","0","0.0","0","0","3.91","0.0","9.5E-5","cubic feet","","9.5E-5","UK","gl_biss","197661","366","0","","","3.79","0.0","0.0","0.0","0.0","1","0","0","0","0","0.0","0","0","0","0","0","0","","","","","","","","","","","","","","0","","","","","2026-08-10","1","0","0","0","366","N","","",""
"2026-08-13","HXP251212","X002HAGK9J","B0GCZ83GDJ","2PCS Rhinestone Pearl Flower Button Covers, Elegant Button Covers Clip on and Self Cover Buttons, Decorative Buttons for Cardigans, Stylish Womens Clothing Accessories for Shirt Dress","New","10","0","0","0","0","10","0","0","0","GBP","0","0","0","0","Low traffic","4.49","0.0","4.49","0.0","Advertise listing","0","0.0","0","0","40.47","0.0","8.07E-4","cubic feet","Apparel","0.00807","UK","gl_jewelry","1677058","366","10","","","4.49","0.0","0.0","0.0","0.0","0","0","0","10","0","0.01","0","0","0","0","0","0","","","","","","","","","","","","","","0","","","","","2026-08-10","10","0","0","0","366","N","","",""
"2026-08-13","Y12380","X0027JC8AF","B0DRVLHQSL","4 Pack Wide Headbands for Women Extra Large Turban Headband Boho Head Wrap Elastic Hairbands Hair Twisted Knot Hair Accessories","New","68","0","0","71","0","0","0","0","0","GBP","3","20","39","58","Low traffic","6.09","0.0","6.09","0.0","NoRestockExcessActionRequired","68","0.0","0","0","0.0","2.3","0.018646","cubic feet","Standard","1.267928","UK","gl_beauty","105737","109","0","13","15","6.09","15.21","101.4","195.97","289.26","70","1","0","0","0","0.87","0","0","0","0","2","0","","","","","","","","","","","","","71.1","0","","2026-08-09","71.1","30.7","2026-08-10","68","2","0","0","112","N","","",""
"2026-08-13","HXP260129","X002HJJI85","B0GFWFFFRL","8 PCS Zipper Pull Replacement Detachable Repair Zipper Tab for Luggage, Backpacks, Suitcases, Jackets, Purses, Handbags","New","9","0","0","0","9","0","0","0","0","GBP","0","0","1","1","Low traffic","4.69","0.0","4.69","0.0","Advertise listing","0","0.0","0","0","20.58","0.11","0.003531","cubic feet","Standard","0.031779","UK","gl_home","317435","190","9","","117","4.69","0.0","0.0","4.07","4.07","0","0","0","0","0","0.02","0","0","0","0","0","0","","","","","","","","","","","","","","0","","","","859.0","2026-08-10","9","0","0","0","190","N","","",""
"2026-08-13","HXP060499","X002KN6JVR","B0GYCHZ4F5","RSYHVG Women's Fingerless Gloves Printed Elbow Length Knitted Arm Warmers Bright Green Black One Size","New","9","0","0","10","0","0","0","0","0","GBP","3","11","19","20","Low traffic","6.29","0.0","6.29","0.0","NoRestockExcessActionRequired","","","0","0","","2.67","0.003531","cubic feet","Apparel","0.031779","UK","gl_apparel","252532","88","0","10","18","6.29","15.72","57.64","99.56","104.8","10","0","0","0","0","","20","0","20","0","0","0","","","","","","","","","","","","","33.2","0","","2026-08-09","16.6","33.2","2026-08-10","29","0","0","0","88","N","","",""
"2026-08-13","Y12559","X0027J9ZPB","B0DRVFFHQW","Adhesive Nail Tabs for Press On Nails - 300PCS Ultra Thin & Waterproof False Nail Sticky Tabs for Fake Nails in 15 Sizes, 10 Sheets Double Sided Jelly Nail Adhesive Stickers for Manicure","New","13","0","0","13","0","0","0","0","0","GBP","1","6","8","18","Low traffic","4.49","0.0","4.49","0.0","NoRestockExcessActionRequired","0","0.0","0","0","62.72","1.57","0.006556","cubic feet","Standard","0.085228","UK","gl_beauty","179498","296","0","28","31","4.49","3.74","22.44","30.09","67.66","0","13","0","0","0","0.06","30","0","30","0","0","0","","","","","","","","","","","","","72.0","0","","2026-08-09","72.0","38.8","2026-08-10","43","0","0","0","296","N","","",""
"2026-08-13","Y501343","X0028U82UX","B0DYDDYQPZ","RSYHVG 16Pcs Silver Aluminium Alloy Tyre Valve Dust Caps, Universal Hexagon Stem Caps for Cars, Bikes, Motorcycles","New","11","0","0","10","0","1","0","0","0","GBP","1","12","16","22","Low traffic","4.29","0.0","4.29","0.0","NoRestockExcessActionRequired","11","0.0","0","0","0.0","1.05","0.001766","cubic feet","Standard","0.019426","UK","gl_automotive","90847","303","0","30","53","4.29","3.57","41.24","54.88","75.34","0","0","10","1","0","0.01","80","0","80","0","0","0","","","","","","","","","","","","","102.2","0","","2026-08-09","40.5","102.2","2026-08-10","91","0","0","0","303","N","","",""
"2026-08-13","TY011","X0021WA9EZ","B0D6R2GZDH","RSYHVG Classic Polarized Sunglasses for Adults, UV Protection, Full Frame, Universal Fit, Black","New","38","0","0","26","14","0","0","0","0","GBP","2","10","10","11","Low traffic","6.19","0.0","6.19","0.0","NoRestockExcessActionRequired","8","0.0","0","0","68.69","0.27","0.014207","cubic feet","","0.539866","UK","gl_shoes","197681","146","30","15","44","6.19","10.32","51.6","51.6","57.42","1","0","25","0","0","0.31","0","0","0","0","2","0","","","","","","","","","","","","","467.1","0","","2026-08-09","168.9","467.1","2026-08-10","38","0","2","0","158","N","","",""
"2026-08-13","HXP251232","X002HB793J","B0GCZZSRVG","Burgundy Large Bow Hair Clip, French Style Satin Long Tail Barrette, Brocade Metal Elegant Ponytail Holder Retro Hair Accessories for All Hair Types Adult Women","New","48","0","0","49","0","0","0","0","0","GBP","1","2","4","17","Low traffic","5.22","0.0","5.22","0.0","NoRestockExcessActionRequired","0","0.0","0","0","192.0","0.62","0.003531","cubic feet","Standard","0.169488","UK","gl_beauty","153173","366","0","96","36","5.22","4.35","9.03","18.39","79.23","0","49","0","0","0","0.12","0","0","0","0","1","0","","","","","","","","","","","","","501.0","0","","2026-08-09","501.0","111.3","2026-08-10","48","1","0","0","366","N","","",""
"2026-08-13","Y12409","X0027E2Y9F","B0DRTBGR3S","RSYHVG 60 Pcs Black Gutter Hooks for Outdoor String Lights, Gutter Clips for Fixing Icicle Lights String Lights on Halloween Xmas Decorations Outdoor Garden Tree Window","New","10","0","0","11","0","0","0","0","0","GBP","8","24","30","43","Low traffic","4.99","0.0","4.99","0.0","NoRestockExcessActionRequired","0","0.0","0","0","1.65","2.26","0.013052","cubic feet","Standard","0.13052","UK","gl_home_improvement","10821","98","0","6","12","4.99","32.09","95.93","120.72","174.8","0","11","0","0","0","0.08","30","0","30","0","0","0","","","","","","","","","","","","","42.5","7","2026-08-20","2026-08-09","42.5","39.7","2026-08-10","40","0","0","0","98","N","","",""
"2026-08-13","HXP060405","X002KMLH79","B0GY8N1RZG","RSYHVG Polarized Night Driving Glasses for Men and Women, Anti Glare Yellow Tinted Lenses, Night Vision Glasses for Driving, Motorcycle, Cycling, Fishing, Running & Walking","New","2","0","0","2","0","0","0","0","0","GBP","2","12","13","13","Low traffic","6.79","0.0","6.79","0.0","Advertise listing","","","0","0","","1.62","0.010734","cubic feet","Footwear","0.021468","UK","gl_shoes","95613","237","0","20","62","6.79","11.32","67.92","73.58","73.58","0","0","2","0","0","","60","0","60","0","0","0","","","","","","","","","","","","","75.5","0","","2026-08-09","26.9","75.5","2026-08-10","62","0","0","0","237","Y","Holiday Season","2026-10-24","2027-03-06"
"2026-08-13","Y12488","X0027JHXHN","B0DRVLJKBS","Foundation Makeup Brushes, 2Pcs Premium Double-Ended Makeup Brush (Flat/Angled/Angled Round/Tapered Top) for Buffing Liquid, Cream, Powder, Blending Face Brush","New","23","1","0","32","0","0","0","0","0","GBP","1","35","52","78","Low traffic","6.49","0.0","6.49","0.0","NoRestockExcessActionRequired","25","0.0","0","0","0.0","4.59","0.0098","cubic feet","Standard","0.2254","UK","gl_beauty","72062","152","0","16","24","6.49","5.41","189.35","281.32","417.73","32","0","0","0","0","0.13","121","0","120","1","6","0","","","","","","","","","","","","","23.3","0","","2026-08-09","23.3","17.8","2026-08-10","145","6","0","0","159","N","","",""
"2026-08-13","Y12307","X0027J72QP","B0DRVLJ184","Semi-Automatic Egg Whisk Beater - Stainless Steel Wire Whisk Hand Push Blender Mixer","New","3","0","0","5","0","0","0","0","0","GBP","5","15","35","41","Low traffic","4.49","0.0","4.49","0.0","NoRestockExcessActionRequired","3","0.0","0","0","0.0","4.69","0.012713","cubic feet","Standard","0.038139","UK","gl_kitchen","240984","58","0","8","10","4.49","18.7","56.1","130.9","153.34","5","0","0","0","0","0.01","30","0","30","0","3","0","","","","","","","","","","","","","25.1","11","2026-09-02","2026-08-09","15.9","25.1","2026-08-10","33","3","0","0","64","N","","",""
"2026-08-13","HXP060402","X002KMGH5B","B0GY7Y4ZV6","RSYHVG Professional Precision Eyebrow Tweezers, German Grade Stainless Steel Slanted Facial Hair Removal Tweezers for Women and Men","New","11","0","0","12","0","0","0","0","0","GBP","0","1","1","1","Low traffic","4.59","0.0","4.59","0.0","Advertise listing","","","0","0","","0.1","0.003531","cubic feet","Standard","0.038841","UK","gl_home_improvement","230183","229","0","44","143","4.59","0.0","3.99","3.99","3.99","0","0","12","0","0","","0","0","0","0","1","0","","","","","","","","","","","","","922.0","0","","2026-08-09","370.0","922.0","2026-08-10","11","1","0","0","252","N","","",""
"2026-08-13","Y12278","X0027JH5NF","B0DRVRHXGZ","(Black) Large Paddle Cushion Hair Brush for Blow Drying & Detangling - Comfortable Styling, Straightening & Smoothing - For Women and Men, P083","New","8","0","0","11","0","0","0","0","0","GBP","13","34","34","39","Low traffic","5.69","0.0","5.69","0.0","NoRestockExcessActionRequired","0","0.0","0","0","19.82","2.35","0.013843","cubic feet","Standard","0.110744","UK","gl_beauty","56651","148","0","6","19","5.69","61.62","161.16","161.16","187.36","11","0","0","0","0","0.07","50","0","50","0","1","0","","","","","","","","","","","","","64.4","0","","2026-08-09","30.2","64.4","2026-08-10","58","1","0","0","151","N","","",""
"2026-08-13","HXP260133","X002HJKKAZ","B0GFWRP9LH","Egg Yolk Separator, Egg Separator, 304 Stainless Steel Egg Yolk Separator, Egg Yolk Protein Separator","New","10","0","0","0","10","0","0","0","0","GBP","","","","","Low traffic","6.59","0.0","6.59","0.0","Advertise listing","0","0.0","0","0","23.35","0.0","0.003531","cubic feet","Standard","0.03531","UK","gl_kitchen","","","10","","","7.59","","","","","0","0","0","0","0","0.02","0","0","0","0","0","0","","","","","","","","","","","","","","0","","","","","2026-08-10","10","0","0","0","","N","","",""
"2026-08-13","TY110","X0021Q5TLJ","B0D6G2CFRB","Purse Chain Handles Replacement for Handbag or Shoulder Bag 1 PCS, 45cm Long (Gold)","New","21","0","0","21","0","0","0","0","0","GBP","2","21","38","48","Low traffic","4.59","0.0","4.59","0.0","NoRestockExcessActionRequired","2","0.0","0","0","2.6","2.78","0.003247","cubic feet","","0.068187","UK","gl_kitchen","289000","73","0","9","13","4.59","7.64","80.22","145.16","183.36","21","0","0","0","0","0.04","30","0","30","0","0","0","","","","","","","","","","","","","31.0","8","2026-08-13","2026-08-09","31.0","24.8","2026-08-10","51","0","0","0","73","N","","",""
"2026-08-13","TY25021405","X0028KVC2X","B0CW9LDGSP","RSYHVG 4 Pcs Acrylic Crystal Ball Pedestals, Transparent Display Stand for Golf Ball Softball Baseball Marbles Egg Sphere Collections Desktop Ornament, Small","New","14","16","0","30","0","0","0","0","0","GBP","0","17","35","45","","4.89","0.0","0.0","0.0","NoRestockExcessActionRequired","30","0.0","0","0","0.0","3.75","0.001495","cubic feet","Standard","0.02093","UK","gl_home","426876","159","0","15","18","4.89","0.0","69.19","142.45","183.15","30","0","0","0","0","0.03","50","0","50","0","0","0","","","","","","","","","","","","","17.9","0","","2026-08-09","11.5","17.9","2026-08-10","80","0","0","0","159","N","","",""
"2026-08-13","HXP060468","X002KNT1C1","B0GYDLWHBD","RSYHVG 6 Pack Silver Toggle Catch Locks, 25x38mm Iron Hasp Latches, Decorative Box Clasps for Toolboxes, Drawers, Cabinets, Wooden Boxes, Gift Boxes, Suitcases & Instrument Cases","New","13","0","0","13","0","0","0","0","0","GBP","0","1","2","2","Low traffic","6.39","0.0","6.39","0.0","Advertise listing","","","0","0","","0.19","0.003531","cubic feet","Standard","0.045903","UK","gl_home_improvement","518494","366","0","172","279","6.39","0.0","5.66","11.32","11.32","0","0","13","0","0","","30","0","30","0","0","0","","","","","","","","","","","","","466.5","0","","2026-08-09","199.0","466.5","2026-08-10","43","0","0","0","366","N","","",""
"2026-08-13","Y12567","X0027K1A6H","B0DRX25473","Magnetic Wrist Sewing, Portable Arm Pin Cushion Magnetic Pincushion with Wristband (Pink)","New","11","0","0","11","0","0","0","0","0","GBP","5","13","16","18","Low traffic","4.79","0.0","4.79","0.0","NoRestockExcessActionRequired","0","4.56","52","0","53.52","1.41","0.007628","cubic feet","Standard","0.083908","UK","gl_kitchen","200449","119","0","12","29","4.79","19.95","50.68","62.14","69.78","0","11","0","0","0","0.06","30","0","30","0","0","0","","","","","","","","","","","","","75.3","0","","2026-08-09","59.3","75.3","2026-08-10","41","0","0","0","119","N","","",""
"2026-08-13","Y12355","X0027IRN4R","B0DRVFT8NJ","RSYHVG UK 4 Pack Reusable Cotton Face Masks, 2 Navy Blue, 2 Black Mask with Nose Wire for Glass Wearers, 3-Ply Washable & Breathable Fabric with Filter Pocket & Adjustable Loops","New","24","0","0","0","0","24","0","0","0","GBP","6","12","19","29","Low traffic","7.29","0.0","7.29","0.0","CreateShippingPlan","24","0.0","0","0","0.0","0.77","0.018946","cubic feet","Standard","0.454704","UK","gl_sports","60141","44","0","8","10","7.29","36.42","72.84","115.33","177.73","0","0","0","24","0","0.26","0","0","0","0","0","0","","","","","","","","","","","","","145.2","16","2026-08-27","2026-08-09","140.3","145.2","2026-08-10","24","0","0","0","44","N","","",""
"2026-08-13","Y12256","X0027JAWSF","B0DRVB69XC","Torpedo Switch, 2.5Amp Inline Switch White for Small Appliance or Lamp Accepts 2 Core Flat Wire-4 Pack","New","2","0","0","3","0","0","0","0","0","GBP","0","4","7","7","Low traffic","5.19","3.99","3.99","0.0","NoRestockExcessActionRequired","0","0.0","0","0","14.54","2.0","0.020263","cubic feet","Standard","0.040526","UK","gl_biss","102208","218","0","22","40","3.99","0.0","13.28","23.24","23.24","0","3","0","0","0","0.03","20","0","20","0","0","0","","","","","","","","","","","","","54.1","0","","2026-08-09","27.8","54.1","2026-08-10","22","0","0","0","218","N","","",""
"2026-08-13","HXP260113","X002HJB2JN","B0GFVSF2PL","3PCS Hair Clips Women Flat Claw Clip Strong Hold Duckbill Hair Clip For Styling, Non Slip Claw Clips For Thick Hair, Elegant Hair Accessories For Women Daily Updo And Professional Hairstyles","New","17","0","0","22","0","0","0","0","0","GBP","0","5","13","21","Low traffic","4.58","0.0","4.58","0.0","NoRestockExcessActionRequired","0","0.0","0","0","100.62","1.47","0.003531","cubic feet","Standard","0.060027","UK","gl_beauty","199949","177","0","37","29","4.58","0.0","19.58","52.61","85.9","0","22","0","0","0","0.04","30","0","30","0","4","0","","","","","","","","","","","","","120.0","0","","2026-08-09","120.0","53.0","2026-08-10","47","4","0","0","191","N","","",""
"2026-08-13","Y12352-1","X0027JGDKL","B0DRVKHMV5","RSYHVG 560Pcs Clear Double Sided Mounting Putty Sticky Dots Removable Waterproof Adhesive Tack for Home Office School Decor","New","10","0","0","10","0","0","0","0","0","GBP","1","8","11","21","Low traffic","4.99","0.0","4.99","0.0","NoRestockExcessActionRequired","0","0.0","0","0","53.94","2.0","0.00565","cubic feet","Standard","0.0565","UK","gl_biss","80121","355","0","20","24","4.99","4.16","33.28","45.76","87.36","10","0","0","0","0","0.04","30","0","30","0","0","0","","","","","","","","","","","","","56.2","0","","2026-08-09","30.3","56.2","2026-08-10","40","0","0","0","355","Y","Holiday Season","2026-09-26","2027-02-27"
"2026-08-13","TY109","X0021WA58F","B0D6QZXF93","4 Pieces Hair Combs for Women Accessories, Elastic Hair Clip Combs Bandette Comb with Elastic Band Double Comb Hair Clip Hair Styling Tool for Women Thick Curly Thin Hair (Black, Brown)","New","3","0","0","4","0","0","0","0","0","GBP","2","13","21","25","Low traffic","6.59","0.0","6.59","0.0","NoRestockExcessActionRequired","0","0.0","0","0","26.13","2.81","0.033794","cubic feet","","0.101382","UK","gl_beauty","79770","116","0","10","17","6.59","10.98","72.39","117.67","140.31","0","4","0","0","0","0.07","30","0","30","0","1","0","","","","","","","","","","","","","24.5","0","","2026-08-09","22.7","24.5","2026-08-10","33","1","0","0","119","N","","",""
"2026-08-13","HXP060417","X002KML0K3","B0GY8FR3TP","RSYHVG 3 Pack Glasses Case, Felt Eyeglasses Pouch Case, Soft Slip in Pouch Holder Case Bag, Glasses Storage Case Makeup Pouch Spectacles Sleeve","New","6","0","0","7","0","0","0","0","0","GBP","2","8","8","8","Low traffic","4.19","0.0","4.19","0.0","NoRestockExcessActionRequired","","","0","0","","0.55","0.027758","cubic feet","Apparel","0.166548","UK","gl_apparel","351691","25","0","3","9","4.19","6.98","27.92","27.92","27.92","0","0","7","0","0","","0","0","0","0","0","0","","","","","","","","","","","","","160.2","15","2026-08-12","2026-08-09","65.2","160.2","2026-08-10","6","0","0","0","25","N","","",""
"2026-08-13","Y501164","X00290C63L","B0DZ5FTNG7","RSYHVG Nutcracker,Nut Crackers Heavy Duty with Non-Slip Handle,Stainless Steel Nut Opener Tool for Walnut Hazelnut Almonds Pecan Seafood","New","12","0","0","0","10","2","0","0","0","GBP","1","2","2","2","Low traffic","5.99","0.0","5.99","0.0","NoRestockExcessActionRequired","0","0.0","0","0","52.83","0.15","0.00219","cubic feet","Standard","0.02628","UK","gl_kitchen","604928","148","12","24","78","5.99","4.99","9.98","9.98","9.98","0","0","0","2","0","0.02","0","0","0","0","0","0","","","","","","","","","","","","","625.0","0","","2026-08-09","205.0","625.0","2026-08-10","12","0","0","0","148","Y","Holiday Season","2026-10-17","2027-01-09"
"2026-08-13","HXP251228","X002HB454P","B0GD19NPSB","2 Pack 80mm Kitchen Sink Plug Strainer, Stainless Steel Sink Plug Replacement, Reusable Thicken Sink Strainer for Kitchen Sinks, Anti-Clog Sink for Food/Hair Catcher - Prevent Clogsa, Bad Smells","New","33","0","0","33","0","0","0","0","0","GBP","4","9","17","18","Low traffic","5.57","0.0","5.57","0.0","NoRestockExcessActionRequired","0","0.0","0","0","145.16","1.19","0.003531","cubic feet","Standard","0.116523","UK","gl_home","179021","155","0","14","23","5.57","18.56","42.61","83.73","88.87","33","0","0","0","0","0.08","0","0","0","0","0","0","","","","","","","","","","","","","134.6","0","","2026-08-09","134.6","80.0","2026-08-10","33","0","0","0","155","N","","",""
"2026-08-13","HXP060449","X002KN6NXL","B0GYCK1832","RSYHVG 2 PCS Brass Tyre Air Chucks, 8mm Leak-Proof Clamp Connector Tyre Inflator Adaptor with Clip, Heavy-Duty Air Chuck Adapter for Bike, Motorcycle, Car, Truck","New","13","0","0","13","0","0","0","0","0","GBP","1","2","2","2","Low traffic","7.09","0.0","7.09","0.0","Advertise listing","","","0","0","","0.19","0.003531","cubic feet","Standard","0.045903","UK","gl_automotive","59273","145","0","26","84","7.09","5.91","11.98","11.98","11.98","0","0","13","0","0","","0","0","0","0","0","0","","","","","","","","","","","","","971.0","0","","2026-08-09","436.0","971.0","2026-08-10","13","0","0","0","145","N","","",""
"2026-08-13","Y12244","X0027E14ZF","B0DRTBZCP7","RSYHVG 10 LURE WIRE TRACES spinning pike fishing swivel zander","New","20","0","0","20","0","0","0","0","0","GBP","4","18","37","51","Low traffic","4.09","0.0","4.09","0.0","NoRestockExcessActionRequired","20","0.0","0","0","0.0","2.08","8.58E-4","cubic feet","Standard","0.01716","UK","gl_sports","64713","206","0","17","20","4.09","13.64","61.38","125.66","171.02","20","0","0","0","0","0.01","60","0","60","0","0","0","","","","","","","","","","","","","35.8","0","","2026-08-09","30.6","35.8","2026-08-10","80","0","0","0","206","N","","",""
"2026-08-13","HXP2604006","X002K98GS5","B0GX5KRKV3","6 PCS Eyebrow Eye Liner Pencil Set,Easy to Color Waterproof Eyebrow Pencil,Professional Long-lasting Eyeliner Makeup Brow Pen,3 Colors(Black,Light Brown,Dark Brown)","New","20","0","0","20","0","0","0","0","0","GBP","","","","","Low traffic","5.19","0.0","5.19","0.0","Advertise listing","","","0","0","","0.0","0.003531","cubic feet","Standard","0.07062","UK","gl_beauty","","267","0","","","","","","","","0","0","20","0","0","","0","0","0","0","0","0","","","","","","","","","","","","","","0","","","","","2026-08-10","20","0","0","0","267","N","","",""
"2026-08-13","Y12389","X0027JD8K9","B0DRVMLMNC","RSYHVG Soft Tape Measure 205cm/80Inch Dual Sided Retractable Measuring Tape for Sewing Tailor Craft Body Measurement Black","New","19","0","0","0","19","0","0","0","0","GBP","0","4","10","13","Low traffic","5.49","0.0","5.49","0.0","NoRestockExcessActionRequired","0","0.0","0","0","95.29","0.44","0.008264","cubic feet","Standard","0.157016","UK","gl_biss","700460","119","19","19","19","5.49","0.0","18.28","45.7","59.41","0","0","0","0","0","0.11","0","0","0","0","0","1","","","","","","","","","","","","","225.6","0","","2026-08-09","140.8","225.6","2026-08-10","19","0","0","0","119","N","","",""
"2026-08-13","HXP260103","X002HJCEB3","B0GFW41F9M","Stiff Bristle Gap Cleaning Brush 3-Piece Set - Bathroom Crevice Brush, Groove Cleaning Tool for Narrow Corners in Home Kitchen, Bathroom, and Windows","New","10","0","0","0","10","0","0","0","0","GBP","","","","","Low traffic","4.43","0.0","4.43","0.0","Advertise listing","0","0.0","0","0","23.11","0.0","0.003531","cubic feet","Standard","0.03531","UK","gl_home","","","10","","","","","","","","0","0","0","0","0","0.02","0","0","0","0","0","0","","","","","","","","","","","","","","0","","","","","2026-08-10","10","0","0","0","","N","","",""
"2026-08-13","HXP260121","X002HJHYCR","B0GFW1TSGS","Beer Bottle Opener Portable Bottle Opener Keyring Dad Bottle Opener Keychain for Men Father Husband","New","13","0","0","15","0","0","0","0","0","GBP","0","1","6","9","Low traffic","7.89","0.0","7.89","0.0","NoRestockExcessActionRequired","0","0.0","0","0","93.53","0.77","0.003531","cubic feet","Standard","0.045903","UK","gl_kitchen","1088684","105","0","52","18","7.89","0.0","6.74","41.29","62.44","0","15","0","0","0","0.03","0","0","0","0","2","0","","","","","","","","","","","","","464.0","0","","2026-08-09","464.0","89.9","2026-08-10","13","2","0","0","117","N","","",""
"2026-08-13","TY435","X0021X4Q9N","B0D6VH3RRS","1 bottle cleaning brush with 1 hook, 1 straw, silicone bottle, rotating bottle, bottle cleaning, for cleaning (grey)","New","1","1","0","3","0","0","0","0","0","GBP","8","27","31","38","Low traffic","4.39","0.0","4.39","0.0","NoRestockExcessActionRequired","0","0.0","0","0","14.0","8.22","0.011018","cubic feet","","0.011018","UK","gl_home","11455","366","0","17","41","4.39","29.28","98.82","113.46","139.08","3","0","0","0","0","0.02","120","0","120","0","1","0","","","","","","","","","","","","","18.4","0","","2026-08-09","14.5","18.4","2026-08-10","122","0","1","0","366","N","","",""
"2026-08-13","Y12579","X0027JCJE5","B0DRVQ4DGP","Ladies 100% 60S Cotton Handkerchiefs Womens Soft Solid Pure White Hankies for Wedding Party DIY 6 Pieces 29x29cm Christmas Gifts","New","13","0","0","13","0","0","0","0","0","GBP","2","2","2","8","Low traffic","5.19","0.0","5.19","0.0","NoRestockExcessActionRequired","13","0.0","0","0","0.0","0.93","0.013349","cubic feet","Apparel","0.173537","UK","gl_apparel","184509","85","0","26","21","5.19","8.64","8.64","8.64","33.6","13","0","0","0","0","0.13","0","0","0","0","0","0","","","","","","","","","","","","","","2","2026-08-13","","","78.3","2026-08-10","13","0","0","0","85","N","","",""
"2026-08-13","HXP060483","X002KML0XZ","B0GY888NJV","RSYHVG 5 Pairs Clear Silicone Nose Pads, Universal Square Rectangle Push-Slide Replacement Nosepads, Comfort Anti-Slip Eyeglass Nose Pieces for Most Eyeglasses & Sunglasses, No Screws Needed","New","9","0","0","10","0","0","0","0","0","GBP","0","3","5","5","Low traffic","4.29","0.0","4.29","0.0","NoRestockExcessActionRequired","","","0","0","","0.53","0.003531","cubic feet","Standard","0.031779","UK","gl_drugstore","191462","89","0","12","23","4.29","0.0","11.22","19.6","19.6","0","0","10","0","0","","0","0","0","0","0","0","","","","","","","","","","","","","167.4","0","","2026-08-09","109.7","167.4","2026-08-10","9","0","0","0","89","N","","",""
"2026-08-13","TY392","X0021Q4L9P","B0D6G98GSM","RSYHVG Braided Nylon Watch Strap Adjustable Stainless Steel Buckle Woven Sport Loop Replacement Band Breathable Comfortable Wristband for Men Women Daily Sports Casual Wear","New","7","0","0","3","5","0","0","0","0","GBP","0","2","4","5","Low traffic","4.89","0.0","4.89","0.0","NoRestockExcessActionRequired","0","0.0","0","0","33.21","0.57","0.00226","cubic feet","","0.01582","UK","gl_jewelry","","149","7","14","18","4.89","0.0","8.48","17.13","21.87","2","1","0","0","0","0.01","0","0","0","0","1","0","","","","","","","","","","","","","161.6","0","","2026-08-09","115.5","161.6","2026-08-10","7","1","0","0","172","N","","",""
"2026-08-13","Y12423","X0027E1UGX","B0DRT9JXFF","RSYHVG 100pcs Self Adhesive Cable Clips, Small White Wire Holders, Cable Management for Home Office Car Wall Desk","","0","0","0","1","0","1","0","0","0","GBP","0","3","5","10","Low traffic","0.0","0.0","4.39","0.0","CreateShippingPlan","","","0","0","","0.27","0.005085","cubic feet","Standard","0.0","UK","gl_biss","282960","0","0","0","0","4.39","0.0","10.98","18.3","36.6","1","0","0","1","0","","0","0","0","0","1","0","","","","","","","","","","","","","355.1","10","2026-08-07","2026-08-09","154.0","355.1","2026-08-10","0","1","0","0","24","N","","",""
"2026-08-13","HXP251203","X002GWWOBL","B0G6CR7HYK","All-in-One Golf Multi Tool, Portable Golf Divot Repair Tool with Magnetic Ball Marker, Keyring Design Multi-Function Golf Accessory for Golf Course Daily Use","New","18","0","0","19","0","0","0","0","0","GBP","1","7","10","15","Low traffic","6.69","0.0","6.69","0.0","NoRestockExcessActionRequired","0","0.0","0","0","43.74","1.18","0.003531","cubic feet","Standard","0.063558","UK","gl_home_improvement","166374","80","0","10","15","6.69","5.57","38.99","56.72","86.43","19","0","0","0","0","0.04","0","0","0","0","1","0","","","","","","","","","","","","","102.0","3","2026-08-25","2026-08-09","102.0","89.9","2026-08-10","18","1","0","0","85","N","","",""
"2026-08-13","HXP060472","X002KMJQHR","B0GY845RPK","RSYHVG 2Pcs 3D Printer Spatula Tool, 3 Inch Plastic Filler Scraper, Putty Knife for Photosensitive Resin Removal, Hot Bed Cleaning Shovel Accessory","New","14","0","0","15","0","0","0","0","0","GBP","","","","","Low traffic","6.19","0.0","6.19","0.0","Advertise listing","","","0","0","","0.0","0.003531","cubic feet","Standard","0.049434","UK","gl_tools","","366","0","","","6.79","","","","","0","0","15","0","0","","0","0","0","0","1","0","","","","","","","","","","","","","","0","","","","","2026-08-10","14","1","0","0","366","N","","",""
"2026-08-13","HXP060431","X002KMTFVT","B0GY8P95T1","RSYHVG 2 Pack Mini Partial Eyelash Curlers, Stainless Steel Compact Lash Curler with Black Non-Slip Rubber Grip for Precise Curling, Safe Daily Makeup & Travel Use","New","45","0","0","47","0","0","0","0","0","GBP","2","8","15","18","Low traffic","6.27","0.0","6.27","0.0","NoRestockExcessActionRequired","","","0","0","","1.11","0.003531","cubic feet","Standard","0.158895","UK","gl_personal_care_appliances","102300","131","0","22","32","6.27","10.44","41.76","78.3","93.96","47","0","0","0","0","","0","0","0","0","1","1","","","","","","","","","","","","","155.4","0","","2026-08-09","155.4","82.4","2026-08-10","45","1","0","0","134","N","","",""
"2026-08-13","HXP251104","X002GFI0V1","B0DPZ1TP45","RSYHVG Magnetic Curtain Tiebacks, No Drill Wall Fixing, Polyester Rope, Strong Magnets, Grey, Pack of 2","New","10","0","0","0","10","0","0","0","0","GBP","0","1","4","4","Low traffic","6.99","0.0","6.99","0.0","NoRestockExcessActionRequired","0","0.0","0","0","84.26","0.19","0.027969","cubic feet","Standard","0.27969","UK","gl_home","1211769","225","10","40","32","6.99","0.0","5.82","23.28","23.28","0","0","0","0","0","0.19","0","0","0","0","0","0","","","","","","","","","","","","","515.0","0","","2026-08-09","254.0","515.0","2026-08-10","10","0","0","0","225","N","","",""
"2026-08-13","HXP060435","X002KMR7Y1","B0GY93VP3Z","RSYHVG 20mm x 10m White Melamine Self-Adhesive Edge Banding Tape, No Ironing Pre-Glued Worktop Edging Strip for Furniture Restoration Cabinets Shelves DIY Wood Panels Trim","New","11","0","0","12","0","0","0","0","0","GBP","0","3","3","3","Low traffic","5.79","0.0","5.79","0.0","NoRestockExcessActionRequired","","","0","0","","0.21","0.003531","cubic feet","Standard","0.038841","UK","gl_biss","343374","68","0","14","47","5.79","0.0","14.63","14.63","14.63","0","0","12","0","0","","0","0","0","0","1","0","","","","","","","","","","","","","325.0","3","2026-09-07","2026-08-09","135.0","325.0","2026-08-10","11","1","0","0","74","N","","",""
"2026-08-13","HXP060447","X002KNGURZ","B0GYCLC66B","500PCS 2.5cm Gold Star Stickers for Reward Chart Small Star Stickers for Children, Students, Teachers & Parents, Self-Adhesive Reward Sticker for Classroom, Crafts & Behavior Charts","New","7","0","0","7","0","0","0","0","0","GBP","","","","","Low traffic","4.67","0.0","4.67","0.0","Advertise listing","","","0","0","","0.0","0.003531","cubic feet","Standard","0.024717","UK","gl_office_product","","98","0","","","","","","","","0","0","7","0","0","","0","0","0","0","0","0","","","","","","","","","","","","","","0","","","","","2026-08-10","7","0","0","0","98","N","","",""
"2026-08-13","TY499","X0021WUVRF","B0D6V2RRG1","4Pcs Metal Sewing Thimbles, Honeycomb Groove Fingertip Protector, Multi Colour Sewing Finger Shield, Durable Metal Thimble for Hand Sewing Quilting Embroidery Knitting DIY Craft","New","28","0","0","29","0","0","0","0","0","GBP","0","1","7","11","Low traffic","4.59","0.0","4.59","0.0","NoRestockExcessActionRequired","0","0.0","0","0","100.79","0.8","0.004068","cubic feet","Standard","0.113904","UK","gl_kitchen","763720","366","0","112","33","4.59","0.0","3.82","27.76","43.72","20","9","0","0","0","0.08","0","0","0","0","1","0","","","","","","","","","","","","","776.0","0","","2026-08-09","776.0","102.7","2026-08-10","28","1","0","0","366","N","","",""
"2026-08-13","TY218","X0021QJT7T","B0D6K1GB7W","RSYHVG Artist White Charcoal Pencils – Soft Sketch & Highlight Drawing Pencils for Beginners, Students, Designers (Set of 3)","","0","0","0","1","0","0","0","0","0","GBP","0","0","1","5","Low traffic","0.0","0.0","4.09","0.0","CreateShippingPlan","","","0","0","","2.86","0.003814","cubic feet","","0.0","UK","gl_office_product","192317","0","0","","0","4.09","0.0","0.0","3.41","17.05","1","0","0","0","0","","0","0","0","0","1","0","","","","","","","","","","","","","","5","2026-08-09","","","25.8","2026-08-10","0","0","1","0","22","N","","",""
"2026-08-13","HXP260122","X002HJJPXD","B0GFW4YJ86","Guitar Bottle Openers Beer Opener for Music Guitar Lover Novelty Gifts Cello Bottle Opener for Music Lover Birthday Christmas Gifts for Women Men","New","8","0","0","0","8","0","0","0","0","GBP","","","","","Low traffic","4.69","0.0","4.69","0.0","Advertise listing","0","0.0","0","0","18.29","0.0","0.003531","cubic feet","Standard","0.028248","UK","gl_kitchen","","","8","","","","","","","","0","0","0","0","0","0.02","0","0","0","0","0","0","","","","","","","","","","","","","","0","","","","","2026-08-10","8","0","0","0","","N","","",""
"2026-08-13","TY572","X0021QNJM5","B0D6KCV8LV","RSYHVG Silver Hoop Earrings 5Pairs 6/8/10/12/14mm","New","1","0","0","1","0","0","0","0","0","GBP","0","0","0","0","Low traffic","5.29","0.0","5.29","0.0","Advertise listing","0","0.0","0","0","4.92","0.16","0.002175","cubic feet","","0.002175","UK","gl_jewelry","1116625","366","0","","","5.29","0.0","0.0","0.0","0.0","1","0","0","0","0","0.0","0","0","0","0","0","0","","","","","","","","","","","","","","0","","","","613.0","2026-08-10","1","0","0","0","366","N","","",""
"2026-08-13","HXP260124","X002HJJVZZ","B0GFW9BZRZ","5 Set Sew-on Snap Buttons 25mm Metal Snap Fastener Buttons Fastener Press-Stud Clasps for Closure Purse Handbag Clothes Sewing Craft, Pink","New","25","0","0","25","0","0","0","0","0","GBP","2","5","10","15","Low traffic","4.82","0.0","4.82","0.0","NoRestockExcessActionRequired","0","0.0","0","0","52.17","0.88","0.003531","cubic feet","Standard","0.088275","UK","gl_home","219524","114","0","20","21","4.82","8.04","20.26","42.01","63.76","0","25","0","0","0","0.06","0","0","0","0","0","0","","","","","","","","","","","","","214.3","0","","2026-08-09","214.3","73.9","2026-08-10","25","0","0","0","114","N","","",""
"2026-08-13","TY25021406","X0028KPO7H","B0CWD3M7TT","RSYHVG 3 Pcs Cupcake Corer Set - Plunger Device for Filling Cupcakes and Cakes - Hole Cutter","New","2","0","0","3","0","0","0","0","0","GBP","18","32","39","48","Low traffic","5.89","0.0","5.89","0.0","NoRestockExcessActionRequired","2","0.0","0","0","0.0","9.4","0.032959","cubic feet","Standard","0.065918","UK","gl_kitchen","47299","38","0","4","8","5.89","87.19","153.55","186.73","229.39","3","0","0","0","0","0.01","30","0","30","0","1","0","","","","","","","","","","","","","26.3","40","2026-08-11","2026-08-09","26.3","17.8","2026-08-10","32","1","0","0","39","N","","",""
"2026-08-13","HXP060463","X002KNPT9P","B0GYD787Q9","RSYHVG Varifocal Reading Glasses, Progressive Multifocal Anti Blue Light UV400 Protection, No Line Trifocal Readers with Spring Hinge, Lightweight Black Unisex Eyeglasses for Presbyopia Adults","New","31","0","0","35","0","0","0","0","0","GBP","1","5","9","10","Low traffic","3.69","0.0","3.69","0.0","NoRestockExcessActionRequired","","","0","0","","0.68","0.003531","cubic feet","Apparel","0.109461","UK","gl_apparel","94259","159","0","24","40","3.69","3.07","15.35","30.31","34.05","30","0","5","0","0","","0","0","0","0","4","0","","","","","","","","","","","","","193.0","0","","2026-08-09","193.0","131.7","2026-08-10","31","4","0","0","184","N","","",""
"2026-08-13","Y501276","X0028XKCSZ","B0DYSV4YSB","Eyebrow pencil, double-ended design, with automatic eyebrow pencil and spoolie brush, beginner-friendly and easy to use","New","22","0","0","1","23","0","0","0","0","GBP","0","4","4","4","Low traffic","3.79","0.0","3.79","0.0","NoRestockExcessActionRequired","1","0.0","0","0","49.8","0.14","0.001921","cubic feet","Standard","0.042262","UK","gl_beauty","168536","174","21","22","71","3.79","0.0","12.64","12.64","12.64","1","0","0","0","0","0.03","0","0","0","0","1","0","","","","","","","","","","","","","639.3","0","","2026-08-09","193.8","639.3","2026-08-10","22","0","1","0","183","N","","",""
"2026-08-13","HXP060404","X002KMOZ1J","B0GY84YHQV","RSYHVG Corduroy Sanitary Pad Storage Bag, Discreet Period Organiser, Portable Black Small Makeup Bag, Reusable Tampon Pouch for Women's Cosmetics & Daily Essentials","New","5","0","0","5","0","0","0","0","0","GBP","5","9","10","10","Low traffic","6.79","0.0","6.79","0.0","NoRestockExcessActionRequired","","","0","0","","1.14","0.003531","cubic feet","Standard","0.017655","UK","gl_luggage","65025","118","0","15","45","6.79","28.3","51.1","56.92","56.92","0","0","5","0","0","","30","0","30","0","0","0","","","","","","","","","","","","","183.2","0","","2026-08-09","76.2","183.2","2026-08-10","35","0","0","0","118","N","","",""
"2026-08-13","HXP060432","X002KMWOUN","B0GY8V9V1F","RSYHVG 3 Pack Medium Rhinestone Hair Claw Clips, Strong Hold Non-Slip Sparkling Jaw Clips, Acrylic Hair Accessories for Thick Thin Hair - Black, White & Tortoiseshell","New","24","0","0","27","0","0","0","0","0","GBP","0","3","17","18","Low traffic","6.09","0.0","6.09","0.0","NoRestockExcessActionRequired","","","0","0","","1.76","0.003531","cubic feet","Standard","0.084744","UK","gl_beauty","195075","68","0","32","17","6.09","0.0","15.21","88.57","93.81","27","0","0","0","0","","0","0","0","0","2","0","","","","","","","","","","","","","160.7","9","2026-09-02","2026-08-09","160.7","43.2","2026-08-10","24","1","1","0","74","N","","",""
"2026-08-13","HXP260123","X002HJGK6N","B0GFW5HH64","8 Zipper Pull Replacements, Detachable Metal Zipper Pull Extension Cord, Suitable for Clothing, Backpacks, Jackets, Pants, Boots, Luggage (Bronze)","New","29","0","0","20","9","0","0","0","0","GBP","0","0","1","1","Low traffic","4.29","0.0","4.29","0.0","Advertise listing","0","0.0","0","0","60.53","0.07","9.76E-4","cubic feet","Standard","0.028304","UK","gl_home","329715","366","29","","377","4.29","0.0","0.0","3.84","3.84","20","0","0","0","0","0.07","0","0","0","0","0","0","","","","","","","","","","","","","","0","","","","876.0","2026-08-10","29","0","0","0","366","N","","",""
"2026-08-13","HXP251230","X002HAX92Z","B0GCZXB8KY","8 Pack I Love You Drive Safe Car Stickers, Waterproof PVC Rear View Mirror Decals, Removable No Residue Safety Reminder Decor for Car Mirror Door Sill Garage Door","New","13","0","0","0","0","13","0","0","0","GBP","0","0","0","1","Low traffic","4.29","0.0","4.29","0.0","Create removal order","0","0.0","0","0","60.17","0.08","0.003531","cubic feet","Standard","0.045903","UK","gl_home","530057","366","13","","169","4.29","0.0","0.0","0.0","4.57","0","0","0","13","0","0.03","0","0","0","0","0","0","","","","","","","","","","","","","","0","","","","1192.0","2026-08-10","13","0","0","0","366","N","","",""
"2026-08-13","TY147","X0021XGXB7","B0D6VCXFW5","RSYHVG Side Tape Pingpong Sports Protective Band Crash-resistant Sponge Racket Accessory for Table Tennis/Ping Pong Paddle 2M(2Pcs)","New","15","0","0","15","0","0","0","0","0","GBP","0","2","5","12","Low traffic","4.39","0.0","4.39","0.0","NoRestockExcessActionRequired","15","0.0","0","0","0.0","1.23","0.008546","cubic feet","","0.12819","UK","gl_biss","113826","153","0","70","37","4.39","0.0","7.32","19.29","47.73","10","0","5","0","0","0.08","20","0","20","0","0","0","","","","","","","","","","","","","225.5","0","","2026-08-09","225.5","90.6","2026-08-10","35","0","0","0","153","N","","",""
"2026-08-13","Y501281","X0028U342J","B0DYD4MPKF","Magnetic Jewelry Clasp, 10Pcs Magnetic Lobster Clasp, Magnetic Clasps Converter for Necklace Bracelet Anklet Chains (Silver)","New","7","0","0","7","0","0","0","0","0","GBP","1","4","8","8","Low traffic","4.79","0.0","4.79","0.0","NoRestockExcessActionRequired","7","0.0","0","0","31.56","0.97","0.001706","cubic feet","Standard","0.011942","UK","gl_office_product","314459","54","0","7","11","4.79","3.99","15.96","31.92","31.92","0","0","7","0","0","0.01","0","0","0","0","0","0","","","","","","","","","","","","","100.4","5","2026-08-10","2026-08-09","95.7","100.4","2026-08-10","7","0","0","0","54","N","","",""
"2026-08-13","HXP060473","X002KMNTM5","B0GY7WWXNJ","RSYHVG 1 Pair Black and White Striped Arm Warmers, Fingerless Arm Sleeves with Thumb Hole, Punk Goth Long Gloves, Unisex Costume Accessories for Women Men","New","29","1","0","32","0","0","0","0","0","GBP","3","8","22","23","Low traffic","5.39","0.0","5.39","0.0","NoRestockExcessActionRequired","","","0","0","","1.96","0.003531","cubic feet","Apparel","0.102399","UK","gl_apparel","105532","107","0","14","16","5.39","13.47","35.92","99.51","104.02","32","0","0","0","0","","0","0","0","0","2","0","","","","","","","","","","","","","63.4","0","","2026-08-09","63.4","35.9","2026-08-10","30","1","1","0","116","N","","",""
"2026-08-13","HXP060428","X002KMRNRR","B0GY8S1VXN","RSYHVG 144 Pcs 25mm Red Heart Stickers, Self-Adhesive Love Heart Sticky Labels for Envelope Sealing, Greeting Cards, Wedding Invitations, Gift Wrapping & Scrapbooking Crafts","New","12","0","0","12","0","0","0","0","0","GBP","0","2","3","3","Low traffic","5.69","0.0","5.69","0.0","Advertise listing","","","0","0","","0.29","0.003531","cubic feet","Standard","0.042372","UK","gl_home","931183","163","0","24","52","5.89","0.0","9.98","15.22","15.22","0","0","12","0","0","","0","0","0","0","0","0","","","","","","","","","","","","","332.7","0","","2026-08-09","191.5","332.7","2026-08-10","12","0","0","0","163","N","","",""
"2026-08-13","Y501233","X0028WJEY9","B0DYN9VMKJ","RSYHVG Hockey Stick Tape,Non Slip Hockey Grip Tape, Self-Adhesive Ice Hockey Tape, Sweat Absorbent Grip Cloth Tape for Hockey, Squash Racket, Badminton Grip,Skipping Rope,Fishing Rod","","0","0","0","1","0","0","0","0","0","GBP","4","21","26","31","","0.0","0.0","0.0","0.0","NoRestockExcessActionRequired","","","0","0","","2.25","0.008136","cubic feet","Standard","0.0","UK","gl_sports","","102","0","11","25","5.89","19.64","100.56","124.26","147.96","1","0","0","0","0","","60","0","60","0","0","0","","","","","","","","","","","","","55.3","30","2026-08-07","2026-08-09","20.8","55.3","2026-08-10","60","0","0","0","102","N","","",""
"2026-08-13","Y12305","X0027JC8MN","B0DRVKF94H","RSYHVG 2Pcs 80mm Desk Cable Grommets, Zinc Alloy Metal Cable Hole Cover, Round Desktop Cable Organizer for Office Desk, Bronze","New","7","0","0","1","1","5","0","0","0","GBP","0","0","6","7","Low traffic","6.59","0.0","6.59","0.0","CreateShippingPlan","7","0.0","0","0","0.0","0.16","0.020184","cubic feet","Standard","0.141288","UK","gl_electronics","294511","56","0","","13","6.59","0.0","0.0","34.94","40.93","1","0","0","5","0","0.16","0","0","0","0","0","0","","","","","","","","","","","","","","4","2026-08-24","","","724.5","2026-08-10","7","0","0","0","56","N","","",""
"2026-08-13","Y501357","X00293KQ99","B0DZHLHDD9","Pizza Cutter Wheel, Pizza Slicer Stainless Steel Comfortable Palm Grip 3.74 inch (9.5 cm)","New","42","0","0","42","0","0","0","0","0","GBP","0","0","0","12","Low traffic","4.99","0.0","4.99","0.0","NoRestockExcessActionRequired","0","0.0","0","0","212.9","0.5","0.006682","cubic feet","Standard","0.280644","UK","gl_kitchen","1376829","366","0","","45","4.99","0.0","0.0","0.0","59.88","0","42","0","0","0","0.2","0","0","0","0","0","0","","","","","","","","","","","","","","0","","","","123.1","2026-08-10","42","0","0","0","366","N","","",""
"2026-08-13","HXP060492","X002KMYKJ1","B0GY8WZDV3","RSYHVG No Tie Elastic Shoe Laces for Trainers, Premium Weave with Snap Lock Buckle, Black White No Tie Shoelaces for Adults Kids Seniors, Size L","New","15","0","0","15","0","0","0","0","0","GBP","","","","","Low traffic","7.06","0.0","7.06","0.0","Advertise listing","","","0","0","","0.0","0.003531","cubic feet","Footwear","0.052965","UK","gl_shoes","","345","0","","","7.06","","","","","0","0","15","0","0","","0","0","0","0","0","0","","","","","","","","","","","","","","0","","","","","2026-08-10","15","0","0","0","345","N","","",""
"2026-08-13","HXP060446","X002KNGH8R","B0GYCRT1RW","RSYHVG 2 Pack Metal Phone Tether Tabs, 360° Rotatable Phone Lanyard Patch, Universal Rectangle Cellphone Strap Tab for Most Full Coverage Cases, Compatible with Wrist Crossbody Straps Keychains, Black","New","3","0","0","3","0","0","0","0","0","GBP","4","8","12","12","Low traffic","5.89","0.0","5.89","0.0","NoRestockExcessActionRequired","","","0","0","","1.66","0.003531","cubic feet","Apparel","0.010593","UK","gl_apparel","","236","0","21","46","5.89","19.64","39.93","60.89","60.89","0","0","3","0","0","","40","0","40","0","0","0","","","","","","","","","","","","","77.6","0","","2026-08-09","38.0","77.6","2026-08-10","43","0","0","0","236","N","","",""
"2026-08-13","HXP260110","X002HJB19T","B0GFVSJDQQ","Red Velvet Bow Hair Clips - 2Pcs Solid Color Bowknot Barrettes with Long Ribbon, French Soft Satin Silky Hair Bows Gifts for Women & Girls","New","7","0","0","0","7","0","0","0","0","GBP","0","3","3","3","Low traffic","5.79","0.0","5.79","0.0","NoRestockExcessActionRequired","0","0.0","0","0","16.33","0.32","0.022622","cubic feet","Standard","0.158354","UK","gl_beauty","271115","134","7","9","30","5.79","0.0","14.97","14.97","14.97","0","0","0","0","0","0.02","0","0","0","0","0","0","","","","","","","","","","","","","279.7","1","2026-08-28","2026-08-09","79.7","279.7","2026-08-10","7","0","0","0","134","Y","Holiday Season","2026-10-31","2027-01-09"
"2026-08-13","HXP260137","X002HP14I1","B0GGXDP1RR","Black Kitchen Toast Tongs, Premium Heat Resistant Wooden Toaster Tongs, Multipurpose Ergonomic Cooking Tongs for Toasting, Grilling, BBQ Food Serving, Eco-Friendly Sustainable Kitchen Utensil","New","16","0","0","0","16","0","0","0","0","GBP","0","2","3","3","Low traffic","4.39","0.0","4.39","0.0","Advertise listing","0","0.0","0","0","70.1","0.17","0.005954","cubic feet","Standard","0.095264","UK","gl_kitchen","1090089","366","16","32","69","4.39","0.0","7.32","10.98","10.98","0","0","0","0","0","0.07","0","0","0","0","0","0","","","","","","","","","","","","","545.3","0","","2026-08-09","165.3","545.3","2026-08-10","16","0","0","0","366","N","","",""
"2026-08-13","HXP060408","X002KMPO91","B0GY8FZK29","RSYHVG Silver Reusable Stainless Steel Drinking Straws, Metal Straws for Smoothies Cocktails Iced Coffee Juices, Eco-Friendly Dishwasher Safe, Pack of 4 with Cleaning Brush & Travel Pouch","New","11","0","0","11","0","0","0","0","0","GBP","0","1","3","4","Low traffic","7.29","0.0","7.29","0.0","NoRestockExcessActionRequired","","","0","0","","0.41","0.011535","cubic feet","Standard","0.126885","UK","gl_kitchen","1964698","227","0","44","35","7.49","0.0","6.24","19.72","26.46","0","0","11","0","0","","0","0","0","0","1","0","","","","","","","","","","","","","372.0","0","","2026-08-09","372.0","235.8","2026-08-10","11","1","0","0","250","N","","",""
"2026-08-13","HXP0604101","X002KN6ODZ","B0GYCBG1G9","RSYHVG 2Pcs Blue Light Glass Blocking Glasses, Blue Light Protection for Women and Men","New","14","0","0","14","0","0","0","0","0","GBP","1","1","1","1","Low traffic","5.29","0.0","5.29","0.0","Advertise listing","","","0","0","","0.09","0.003531","cubic feet","Footwear","0.049434","UK","gl_shoes","87520","272","0","56","182","5.29","4.41","4.41","4.41","4.41","0","0","14","0","0","","0","0","0","0","0","0","","","","","","","","","","","","","","0","","","","","2026-08-10","14","0","0","0","272","Y","Holiday Season","2026-09-05","2027-02-27"
"2026-08-13","HXP251236","X002HBKFZD","B0GD4SKXP1","5 Pcs Transparent Cake Cream Scraper, Flexible Plastic Cake Scraper, Decorating Clear Icing Smoother for Cake Decoration Sculpting & Modeling Tools Decorating Tools","New","37","0","0","40","0","0","0","0","0","GBP","0","0","0","12","Low traffic","5.14","0.0","5.14","0.0","NoRestockExcessActionRequired","6","0.0","0","0","78.13","0.47","0.003531","cubic feet","Standard","0.130647","UK","gl_kitchen","1368292","366","0","","40","5.94","0.0","0.0","0.0","65.4","0","30","10","0","0","0.09","0","0","0","0","3","0","","","","","","","","","","","","","","0","","","","204.8","2026-08-10","37","3","0","0","366","N","","",""
"2026-08-13","HXP060415","X002KMS8BR","B0GY8N8RZV","RSYHVG Y2K Retro Oval Sunglasses for Women, Black Vintage Frame UV Protection Sunglasses, Lightweight Comfortable for Daily Fashion & Outdoor Activities","New","9","0","0","9","0","0","0","0","0","GBP","2","4","6","6","Low traffic","4.81","0.0","4.81","0.0","Advertise listing","","","0","0","","0.65","0.003531","cubic feet","Footwear","0.031779","UK","gl_shoes","373194","366","0","29","62","4.81","8.02","16.2","25.22","25.22","0","0","9","0","0","","20","0","20","0","0","0","","","","","","","","","","","","","157.8","0","","2026-08-09","88.0","157.8","2026-08-10","29","0","0","0","366","N","","",""
"2026-08-13","TY324-1","X0021WBANT","B0D6R1P1S9","Stainless Steel Egg Cutter & Topper - Eggshell Separator for Hard & Soft Boiled Eggs","New","9","0","0","0","9","0","0","0","0","GBP","1","1","1","1","Low traffic","6.59","0.0","6.59","0.0","CreateShippingPlan","0","0.0","0","0","54.21","0.1","0.021058","cubic feet","","0.189522","UK","gl_kitchen","507840","93","9","36","117","6.59","5.49","5.49","5.49","5.49","0","0","0","0","0","0.13","0","0","0","0","0","0","","","","","","","","","","","","","450.0","0","","2026-08-09","299.0","450.0","2026-08-10","9","0","0","0","93","N","","",""
"2026-08-13","HXP260114","X002HJF9HT","B0GFW1HLV7","Leather Stitching Punch 6mm 2 Prong Carbon Steel Leather Punch Hole Tool Stitching Chisel for DIY Craft Handbag Wallets Card Belt Holders Key Holder Belt, Black","New","7","0","0","0","7","0","0","0","0","GBP","0","3","3","3","Low traffic","5.25","0.0","5.25","0.0","NoRestockExcessActionRequired","0","0.0","0","0","16.13","0.32","0.003531","cubic feet","Standard","0.024717","UK","gl_biss","299004","79","0","9","30","5.25","0.0","13.11","13.11","13.11","0","0","0","0","0","0.02","0","0","0","0","0","0","","","","","","","","","","","","","289.0","1","2026-08-28","2026-08-09","89.0","289.0","2026-08-10","7","0","0","0","79","N","","",""
"2026-08-13","HXP260118","X002HJITRB","B0GFW2F8PC","Zipper Pull Tab Replacement Metal Zipper Handle Mend Fixer for Shoes Luggage Suitcases Bag Jacket - 8 PCS (Black Silver)","New","10","0","0","0","10","0","0","0","0","GBP","","","","","Low traffic","6.34","0.0","6.34","0.0","Advertise listing","0","0.0","0","0","23.57","0.0","0.003531","cubic feet","Standard","0.03531","UK","gl_home","","","10","","","6.94","","","","","0","0","0","0","0","0.02","0","0","0","0","0","0","","","","","","","","","","","","","","0","","","","","2026-08-10","10","0","0","0","","N","","",""
"2026-08-13","TY008","X0021WBFVB","B0D6R46DQY","RSYHVG Retro Dip Pen Solid wooden pen Art English Calligraphy Comic Pen set Wooden dip pen can be changed tip,dip pen,calligraphy pens,dip pens for artists","New","5","0","0","5","0","0","0","0","0","GBP","0","2","5","5","Low traffic","4.59","0.0","4.59","0.0","CreateShippingPlan","5","0.0","0","0","0.0","0.87","0.002649","cubic feet","","0.013245","UK","gl_office_product","178402","47","0","10","13","4.59","0.0","7.64","19.1","19.1","0","0","5","0","0","0.01","0","0","0","0","0","0","","","","","","","","","","","","","105.6","4","2026-08-09","2026-08-09","93.5","105.6","2026-08-10","5","0","0","0","47","N","","",""
"2026-08-13","Y501294","X0028U3ANR","B0DYDC1F8W","RSYHVG Telescopic Back Scratcher, Extendable Stainless Steel Itch Relief Tool, Portable Manual Massager for Adults","New","73","0","0","0","0","74","0","0","0","GBP","0","6","9","10","Low traffic","3.59","0.0","3.59","0.0","NoRestockExcessActionRequired","0","0.0","0","0","278.24","0.12","0.004887","cubic feet","Standard","0.356751","UK","gl_personal_care_appliances","125262","225","73","48","94","3.59","0.0","17.94","26.91","29.9","0","0","0","74","0","0.25","0","0","0","0","0","0","","","","","","","","","","","","","722.7","0","","2026-08-09","328.1","722.7","2026-08-10","73","0","0","0","225","N","","",""
"2026-08-13","HXP060457","X002KNG62T","B0GYCNJP7P","RSYHVG Women's Small Coin Pouch, Mini PU Leather Change Wallet with Zipper Pocket and Keychain, Pink Compact Portable Purse for Daily Use Shopping Travel","New","9","0","0","9","0","0","0","0","0","GBP","0","0","6","6","Low traffic","5.69","0.0","5.69","0.0","Advertise listing","","","0","0","","0.69","0.003531","cubic feet","Standard","0.031779","UK","gl_luggage","856166","366","0","","84","5.69","0.0","0.0","31.44","31.44","0","0","9","0","0","","30","0","30","0","0","0","","","","","","","","","","","","","300.0","0","","2026-08-09","300.0","176.2","2026-08-10","39","0","0","0","366","N","","",""
"2026-08-13","Y12526","X0027J7LLB","B0DRTSTL6F","Men's Solid Satin Cummerbund Adjustable Elastic Back Silk Like Formal Waistband Adult Classic Plain Design for Tuxedo Wedding Party Prom Black","New","3","0","0","5","0","0","0","0","0","GBP","3","15","20","31","Low traffic","5.59","0.0","5.59","0.0","NoRestockExcessActionRequired","0","0.0","0","0","19.9","2.7","0.020659","cubic feet","Apparel","0.061977","UK","gl_apparel","144065","225","0","8","13","5.59","13.98","69.9","93.2","144.46","0","5","0","0","0","0.04","30","0","30","0","2","0","","","","","","","","","","","","","33.0","0","","2026-08-09","32.8","33.0","2026-08-10","33","2","0","0","240","Y","Holiday Season","2026-09-26","2026-12-18"
"2026-08-13","HXP060482","X002KMS5ZV","B0GY8LCV3Z","RSYHVG Gold Oval Stainless Steel Tray, Premium Mirror Finish Trinket Serving Tray, Multi-Purpose Organiser Plate for Jewellery, Cosmetics, Towels, Tea & Fruit, Ideal for Bedroom, Kitchen, Bathroom & L","New","38","0","0","39","0","0","0","0","0","GBP","0","2","6","6","Low traffic","8.59","0.0","8.59","0.0","Advertise listing","","","0","0","","0.37","0.003531","cubic feet","Standard","0.134178","UK","gl_home","804213","366","0","76","82","8.59","0.0","14.32","44.11","44.11","30","0","9","0","0","","0","0","0","0","1","0","","","","","","","","","","","","","191.7","0","","2026-08-09","191.7","191.3","2026-08-10","38","1","0","0","366","N","","",""
"2026-08-13","HXP0604108","X002KNM7RR","B0GYCS7B5B","RSYHVG Women's Long Striped Knit Arm Warmers, Stretchy Fingerless Gloves with Thumb Hole, Soft Polyester Cotton Winter Warmers for Daily Wear & Outdoor Activities (Purple and Black, One Size)","New","8","0","0","8","0","0","0","0","0","GBP","1","4","7","7","Low traffic","7.58","0.0","7.58","0.0","Advertise listing","","","0","0","","0.8","0.015595","cubic feet","Apparel","0.12476","UK","gl_apparel","429108","243","0","28","52","7.58","6.32","25.6","45.56","45.56","0","0","8","0","0","","20","0","20","0","0","0","","","","","","","","","","","","","128.3","0","","2026-08-09","62.4","128.3","2026-08-10","28","0","0","0","243","N","","",""
"2026-08-13","Y12523","X0027E3CZ5","B0DRT9ZZBX","RSYHVG 6 Pcs Ladies Cotton Handkerchiefs, 11x11 Inch White Embroidery Floral Hankies with Lace Edge for Women","New","3","0","0","1","1","2","0","0","0","GBP","10","22","24","27","Low traffic","5.39","0.0","5.39","0.0","NoRestockExcessActionRequired","0","0.0","0","0","17.38","1.17","0.00678","cubic feet","Apparel","0.02034","UK","gl_apparel","99773","64","0","7","20","5.39","44.56","96.4","105.72","120.18","1","0","0","2","0","0.01","40","0","40","0","0","0","","","","","","","","","","","","","100.0","27","2026-08-27","2026-08-09","35.9","100.0","2026-08-10","43","0","0","0","64","Y","Holiday Season","2026-10-31","2027-01-01"
"2026-08-13","HXP060497","X002KNFP3Z","B0GYBTY8Y8","RSYHVG 8 PCS Anti-Slip Invisible Sling Back Heel Grips for Ladies, Clear Silicone Adhesive Heel Pads for Sandals High Heels, Trimmed Sole Pads for Blister Prevention & Secure All-Day Fit","New","26","0","0","26","0","0","0","0","0","GBP","1","6","9","9","Low traffic","6.59","0.0","6.59","0.0","NoRestockExcessActionRequired","","","0","0","","0.68","0.003531","cubic feet","Standard","0.091806","UK","gl_drugstore","95698","111","0","17","37","6.59","5.49","33.11","51.08","51.08","20","0","6","0","0","","0","0","0","0","0","0","","","","","","","","","","","","","128.9","0","","2026-08-09","95.6","128.9","2026-08-10","26","0","0","0","111","N","","",""
"2026-08-13","TY305","X0021X5QD3","B0D6VQWNK1","RSYHVG 60th Birthday Sash Rose Gold Birthday Queen and Sash for Women, Rhinestone Crowns Kit for 60th Birthday Gifts, Crystal Tiara Satin Sash for 60th Birthday Party","New","9","0","0","9","0","0","0","0","0","GBP","1","4","6","6","Low traffic","5.89","0.0","5.89","0.0","CreateShippingPlan","9","0.0","0","0","0.0","0.62","0.003673","cubic feet","Standard","0.033057","UK","gl_toy","171143","85","0","9","19","5.89","4.91","19.64","30.12","30.12","0","0","9","0","0","0.02","0","0","0","0","0","0","","","","","","","","","","","","","147.7","0","","2026-08-09","112.7","147.7","2026-08-10","9","0","0","0","85","N","","",""
"2026-08-13","Y12540","X0027JJCO5","B0DRVRB33S","Upgraded Kitchen Sink Plug Strainer Stainless Steel Strainers Sink Plugs Replacement Drain Stopper for Food/Hair Catcher - UK Sinks Hole Diameter 78mm","New","18","17","0","35","0","0","0","0","0","GBP","4","15","20","30","Low traffic","4.39","0.0","4.39","0.0","CreateShippingPlan","35","0.0","0","0","0.0","1.9","0.01088","cubic feet","Standard","0.19584","UK","gl_home","131024","98","0","4","7","4.39","14.64","54.9","72.69","107.59","30","5","0","0","0","0.23","0","0","0","0","0","0","","","","","","","","","","","","","36.9","0","","2026-08-09","31.8","36.9","2026-08-10","35","0","0","0","98","N","","",""
"2026-08-13","HXP060427","X002KMQRZB","B0GY8QY4TB","RSYHVG Retro Y2K Rectangle Sunglasses for Women Men, UV400 Protection Vintage Classic Black Sunglasses, Lightweight Shatter-Resistant Lenses for Daily Wear Travel Street Photography","New","15","0","0","20","0","0","0","0","0","GBP","5","17","26","26","Low traffic","6.29","0.0","6.29","0.0","CreateShippingPlan","","","0","0","","2.09","0.003531","cubic feet","Footwear","0.052965","UK","gl_shoes","173045","28","0","3","7","6.29","26.2","89.08","136.24","136.24","20","0","0","0","0","","0","0","0","0","2","0","","","","","","","","","","","","","46.0","30","2026-08-12","2026-08-09","35.6","46.0","2026-08-10","15","2","0","0","32","N","","",""
"2026-08-13","HXP060452","X002KNJKDB","B0GYCKT986","RSYHVG Cute Bow Bookmarks for Women Girls, Pink Heart Charm Silver Metal Page Markers, Book Lover Gifts for Birthday Christmas, Stocking Stuffer for Teens Best Friend Girlfriend Wife","New","15","0","0","15","0","0","0","0","0","GBP","","","","","Low traffic","5.53","0.0","5.53","0.0","Advertise listing","","","0","0","","0.0","0.003531","cubic feet","Standard","0.052965","UK","gl_office_product","","366","0","","","5.53","","","","","0","0","15","0","0","","0","0","0","0","0","0","","","","","","","","","","","","","","0","","","","","2026-08-10","15","0","0","0","366","N","","",""
"2026-08-13","TY25021409","X0028KUJXV","B0CTXWL3ZN","RSYHVG Belt buckle for men, square replacement buckle, made of zinc alloy, belt buckle, for men and women, belt (silver)","New","47","0","0","56","0","0","0","0","0","GBP","6","22","47","62","Low traffic","5.39","0.0","5.39","0.0","NoRestockExcessActionRequired","47","0.0","0","0","0.0","2.21","0.002281","cubic feet","Apparel","0.107207","UK","gl_apparel","201456","53","0","8","10","5.39","26.94","98.78","207.97","272.77","56","0","0","0","0","0.04","1","0","0","1","5","0","","","","","","","","","","","","","49.0","16","2026-08-13","2026-08-09","49.0","30.2","2026-08-10","48","5","0","0","58","N","","",""
"2026-08-13","Y12247","X0027E3DV3","B0DRTBGSMC","Picture Hooks (60 PCS) Picture Hanging Kit Assorted Picture Hanging Hooks Non-Trace Hard Wall Hanger Hook White Picture Hanger Set","New","37","0","0","38","0","0","0","0","0","GBP","2","2","2","4","Low traffic","6.09","0.0","6.09","0.0","NoRestockExcessActionRequired","0","0.0","0","0","172.28","0.19","0.019423","cubic feet","Standard","0.718651","UK","gl_home_improvement","170680","271","0","74","120","6.09","10.14","10.14","10.14","21.96","20","1","17","0","0","0.5","0","0","0","0","1","0","","","","","","","","","","","","","955.0","0","","2026-08-09","955.0","691.7","2026-08-10","37","1","0","0","280","N","","",""
"2026-08-13","HXP251220","X002HAQ6TD","B0GCZPLKFG","12 Pack Hair Crocodile Clips, Non Slip Alligator Sectioning Hairdressing Clips, Premium PP Spring Styling Clips in Pink & Light Purple, Professional Salon Home Hair Accessories for All Hair Types","New","9","0","0","5","4","0","0","0","0","GBP","0","0","1","1","Low traffic","5.69","0.0","5.69","0.0","Advertise listing","0","0.0","0","0","20.76","0.12","0.040742","cubic feet","Standard","0.366678","UK","gl_beauty","478563","366","9","","117","5.69","0.0","0.0","5.41","5.41","0","0","5","0","0","0.02","0","0","0","0","0","0","","","","","","","","","","","","","","0","","","","844.0","2026-08-10","9","0","0","0","366","N","","",""
"2026-08-13","Y12323","X0027JCVZR","B0DRVRDBF2","RSYHVG Duck Whistle Call,Durable Pvc Lightweight Decoy Caller Rook Callers Outdoor Hunting Hunter Accessory Approx","New","24","0","0","29","0","0","0","0","0","GBP","1","12","19","26","Low traffic","7.69","0.0","7.69","0.0","NoRestockExcessActionRequired","24","0.0","0","0","0.0","1.39","0.002913","cubic feet","Standard","0.069912","UK","gl_sports","","274","0","21","32","7.69","6.41","76.92","122.75","168.74","20","9","0","0","0","0.05","40","0","40","0","5","0","","","","","","","","","","","","","82.9","0","","2026-08-09","82.9","57.8","2026-08-10","64","5","0","0","293","N","","",""
"2026-08-13","HXP0604112","X002KNMH4F","B0GYCXCDTF","RSYHVG 3 Inch Exhaust Gasket 2 Bolt for 3"" Muffler Flange Manifold High Temperature Resistant 2 Pack","New","13","0","0","13","0","0","0","0","0","GBP","0","1","2","2","Low traffic","7.74","0.0","7.74","0.0","Advertise listing","","","0","0","","0.19","0.003531","cubic feet","Standard","0.045903","UK","gl_biss","212598","248","0","52","84","7.74","0.0","6.45","13.57","13.57","0","0","13","0","0","","0","0","0","0","0","0","","","","","","","","","","","","","467.5","0","","2026-08-09","411.0","467.5","2026-08-10","13","0","0","0","248","N","","",""
"2026-08-13","HXP251217","X002HAWUQ1","B0GCZNNFGZ","RSYHVG Soft Leather Glasses Case, Slim Sunglasses Case, Portable Glasses Pouch, Cover, Travel Lightweight, For Women And Men, Holiday Vacation, 7.9 X 2.76 Inches, Gray","New","36","0","0","38","0","0","0","0","0","GBP","0","1","3","8","Low traffic","4.79","0.0","4.79","0.0","Advertise listing","2","0.0","0","0","67.04","0.37","0.003531","cubic feet","Apparel","0.127116","UK","gl_apparel","693192","366","0","144","58","4.79","0.0","4.16","13.31","38.26","0","31","7","0","0","0.07","0","0","0","0","2","0","","","","","","","","","","","","","1159.0","0","","2026-08-09","1159.0","196.6","2026-08-10","36","2","0","0","366","N","","",""
"2026-08-13","HXP251221","X002HAQ8W3","B0GD1416P1","RSYHVG Women's Leather Belt For Jeans Dresses Adjustable Vintage Waist Belts For Women Fashion Leather Belt Classic Ladies Belts With Single Prong Buckle","New","20","0","0","10","0","11","0","0","0","GBP","0","0","0","0","Low traffic","5.29","0.0","5.29","0.0","Advertise listing","0","0.0","0","0","92.36","0.0","0.003531","cubic feet","Apparel","0.07062","UK","gl_apparel","1848106","366","20","","","5.29","0.0","0.0","0.0","0.0","0","0","10","11","0","0.04","0","0","0","0","1","0","","","","","","","","","","","","","","0","","","","","2026-08-10","20","1","0","0","366","Y","Holiday Season","2026-09-19","2027-03-13"
"2026-08-13","HXP060498","X002KN6I1X","B0GYC3ZCQL","RSYHVG 24Pcs Pink Press on Nails - Medium Almond with Peach Blossom, 3D Rhinestones, Pearl, Gold Glitter & Cat Design, Artificial Acrylic Stick on Nails for Women","New","13","0","0","13","0","0","0","0","0","GBP","","","","","Low traffic","4.49","0.0","4.49","0.0","Advertise listing","","","0","0","","0.0","0.003531","cubic feet","Standard","0.045903","UK","gl_beauty","","190","0","","","","","","","","0","0","13","0","0","","0","0","0","0","0","0","","","","","","","","","","","","","","0","","","","","2026-08-10","13","0","0","0","190","N","","",""
"2026-08-13","HXP060479","X002KMQG9N","B0GY886YBG","RSYHVG TR90 Blue Light Blocking Distance Glasses for Light Myopia, Ultra Lightweight Anti-Blue Ray Myopia Glasses with Scratch-Resistant Lenses, Unisex Classic Black Design, Model 872 About this item","New","25","0","0","27","0","0","0","0","0","GBP","2","4","21","21","Low traffic","6.29","0.0","6.29","0.0","NoRestockExcessActionRequired","","","0","0","","2.0","0.003531","cubic feet","Footwear","0.088275","UK","gl_shoes","81929","130","0","45","27","6.29","10.82","21.96","120.54","120.54","27","0","0","0","0","","20","0","20","0","2","0","","","","","","","","","","","","","165.0","0","","2026-08-09","165.0","41.3","2026-08-10","45","2","0","0","137","N","","",""
"2026-08-13","Y12411","X0027E7LAH","B0DRTBJZY9","RSYHVG 60 Pcs Gutter Hooks for Outdoor String Lights, Gutter Clips for Fixing Christmas Icicle Lights String Lights on Halloween Xmas Decorations Outdoor Garden Tree Window","New","27","0","0","1","0","26","0","0","0","GBP","0","2","7","13","Low traffic","4.79","0.0","4.79","0.0","NoRestockExcessActionRequired","7","0.0","0","0","26.13","0.41","0.013052","cubic feet","Standard","0.352404","UK","gl_home","301140","236","20","54","27","4.79","0.0","7.98","27.93","51.87","0","1","0","26","0","0.23","0","0","0","0","0","0","","","","","","","","","","","","","414.0","0","","2026-08-09","414.0","192.4","2026-08-10","27","0","0","0","236","N","","",""
"2026-08-13","Y501362","X0028U5IRX","B0DYD7MYNN","Wood Toggle Buttons Olive Shape Wooden Coat Buttons 40pcs 3cm for Sewing, Knitting, Duffle Coat,2colour, Pack of 40","New","9","0","0","9","0","0","0","0","0","GBP","0","1","3","4","Low traffic","4.39","0.0","4.39","0.0","NoRestockExcessActionRequired","0","0.0","0","0","41.21","0.59","0.007946","cubic feet","Standard","0.071514","UK","gl_office_product","723865","82","0","36","29","4.39","0.0","3.66","10.98","14.64","0","9","0","0","0","0.05","0","0","0","0","0","0","","","","","","","","","","","","","325.0","0","","2026-08-09","325.0","127.5","2026-08-10","9","0","0","0","82","N","","",""
"2026-08-13","HXP260109","X002HJELJB","B0GFVVLPGG","2PCS French Barrette Hair Clips, Large Vintage Tortoiseshell Acetate Barrettes with Strong Hold Metal Clasp for Thick Long Hair (Square and Oval,Orange Leopard)","New","6","0","0","7","0","0","0","0","0","GBP","0","8","15","21","Low traffic","6.24","0.0","6.24","0.0","NoRestockExcessActionRequired","0","0.0","0","0","35.15","3.83","0.003531","cubic feet","Standard","0.021186","UK","gl_beauty","158374","202","0","28","34","6.24","0.0","41.6","78.34","110.56","7","0","0","0","0","0.01","50","0","50","0","1","0","","","","","","","","","","","","","27.4","0","","2026-08-09","22.8","27.4","2026-08-10","56","1","0","0","205","N","","",""
"2026-08-13","HXP060422","X002KMU8S3","B0GY8LMMST","RSYHVG 16-Piece Tap Repair Kit, Ceramic Disc Cartridges & Silicone Washers, Universal Fit Valve Replacement for Kitchen Bathroom Taps, Leak-Proof Plumbing Tools About this item COMPLETE 16-PIECE REPAI","New","29","0","0","30","0","0","0","0","0","GBP","2","11","23","23","Low traffic","6.09","0.0","6.09","0.0","NoRestockExcessActionRequired","","","0","0","","1.76","0.003531","cubic feet","Standard","0.102399","UK","gl_biss","143739","104","0","17","27","6.09","10.14","55.77","116.61","116.61","30","0","0","0","0","","20","0","20","0","0","1","","","","","","","","","","","","","47.1","0","","2026-08-09","44.2","47.1","2026-08-10","49","0","0","0","104","N","","",""
"2026-08-13","Y12433","X0027JBF13","B0DRVGFBVF","Pink High Visibility Vest for Children Kids High Hi Vis Vests Safety Vest Unisex Children's Safety Vest Reflective Gear Jacket in The Dark for 2-4 Years Boys Girls Gift Play Outside Ride Bike","New","46","0","0","47","0","0","0","0","0","GBP","10","43","68","95","Low traffic","5.99","0.0","5.99","0.0","NoRestockExcessActionRequired","46","0.0","0","0","0.0","3.25","0.027651","cubic feet","Apparel","1.271946","UK","gl_apparel","75985","147","0","10","15","5.99","49.9","214.57","339.32","478.64","47","0","0","0","0","0.66","70","0","70","0","1","0","","","","","","","","","","","","","30.5","0","","2026-08-09","30.5","20.9","2026-08-10","116","1","0","0","151","N","","",""
"2026-08-13","TY324","X0021QBFGH","B0D6G2TP1K","2 Pcs Reptiles Feeding Tweezers Plastic Tweezers Anti-Slip Reptile Feeding Tongs for Snakes Lizard Tortoise Gecko","New","26","0","0","26","0","0","0","0","0","GBP","0","7","14","26","Low traffic","4.39","0.0","4.39","0.0","NoRestockExcessActionRequired","26","0.0","0","0","0.0","1.5","0.004132","cubic feet","","0.107432","UK","gl_home_improvement","80504","104","0","14","13","4.39","0.0","25.62","50.56","92.44","2","24","0","0","0","0.07","0","0","0","0","0","0","","","","","","","","","","","","","107.5","4","2026-08-20","2026-08-09","107.5","58.4","2026-08-10","26","0","0","0","104","N","","",""
"2026-08-13","Y12577","X0027JILC9","B0DRVPZFN8","60Pcs Waterproof Ear Covers - Clear Ear Stickers Patches for Shower Swimming Surfing Snorkeling Water Sports, Breathable Protection for Baby Kids Adults","New","13","0","0","21","0","0","0","0","0","GBP","5","29","41","55","Low traffic","6.39","0.0","6.39","0.0","NoRestockExcessActionRequired","15","0.0","0","0","0.0","5.79","0.007119","cubic feet","Standard","0.092547","UK","gl_drugstore","28483","84","0","10","17","6.39","26.6","154.28","218.12","290.36","21","0","0","0","0","0.03","60","0","60","0","5","0","","","","","","","","","","","","","21.9","11","2026-09-02","2026-08-09","21.9","15.4","2026-08-10","73","5","0","0","90","N","","",""
"2026-08-13","Y12385","X0027JGQRV","B0DRVL8R3X","RSYHVG No Buckle Elastic Belt - Invisible Adjustable Waist for Men, No Show Stretch Buckless Unisex for Jeans Pants","New","15","0","0","0","15","0","0","0","0","GBP","0","0","0","1","Low traffic","3.79","0.0","3.79","0.0","NoRestockExcessActionRequired","5","0.0","0","0","12.13","0.07","0.004238","cubic feet","Apparel","0.06357","UK","gl_apparel","803407","294","10","","195","3.79","0.0","0.0","0.0","3.66","0","0","0","0","0","0.03","0","0","0","0","0","0","","","","","","","","","","","","","","0","","","","1374.0","2026-08-10","15","0","0","0","294","N","","",""
"2026-08-13","HXP0604107","X002KNJKNB","B0GYCLT125","标题（≤200 字符，UK 规范） RSYHVG Retractable Lanyard with Card Holder, Horizontal ID Badge Holder, 2 Card Slots Faux Leather ID Card Holder for Office Staff, Teacher, Nurse, Bus Pass, Black","New","9","0","0","9","0","0","0","0","0","GBP","1","3","6","8","Low traffic","8.39","0.0","8.39","0.0","NoRestockExcessActionRequired","","","0","0","","0.94","0.003531","cubic feet","Standard","0.031779","UK","gl_office_product","65993","265","0","38","47","8.39","6.99","21.63","43.76","58.74","1","0","8","0","0","","20","0","20","0","0","0","","","","","","","","","","","","","145.8","0","","2026-08-09","100.0","145.8","2026-08-10","29","0","0","0","265","N","","",""
"2026-08-13","Y12591","X0027JB6U3","B0DRVDT38Z","Disposable Tea Filter Bags - 7x8cm Small Empty Paper Unbleached Biodegradable Pouches with Drawstring for Loose Tea, Coffee Grounds, DIY Herbal Tea Bags (Original Color, 100PCS)","New","40","0","0","41","1","1","0","0","0","GBP","0","1","1","17","Low traffic","5.09","0.0","5.09","0.0","NoRestockExcessActionRequired","3","0.0","0","0","104.42","0.65","0.006396","cubic feet","Standard","0.25584","UK","gl_kitchen","758988","297","37","160","30","5.09","0.0","4.24","4.24","72.08","1","40","0","1","0","0.18","0","0","0","0","3","0","","","","","","","","","","","","","1311.0","0","","2026-08-09","1311.0","129.9","2026-08-10","40","3","0","0","324","N","","",""
"2026-08-13","HXP251226","X002HB5EP9","B0GD1CDP77","RSYHVG Polarised Night Driving Glasses, UV400 Anti Glare TAC Yellow Lens, Anti‑Reflective Headlight Reduction Sport Eyewear for Men Women Driving Cycling Fishing Outdoor Use","New","1","0","0","0","0","2","0","0","0","GBP","1","2","2","2","Low traffic","6.74","0.0","6.74","0.0","CreateShippingPlan","0","0.0","0","0","6.11","0.36","0.003531","cubic feet","Footwear","0.003531","UK","gl_shoes","736661","22","0","2","6","6.74","5.62","11.24","11.24","11.24","0","0","0","2","0","0.0","0","0","0","0","0","0","","","","","","","","","","","","","258.0","3","2026-08-11","2026-08-09","78.0","258.0","2026-08-10","1","0","0","0","22","Y","Holiday Season","2026-10-31","2027-02-27"
"2026-08-13","HXP0604129","X002KO9DL9","B0GYJG7HDN","RSYHVG Short Square Press on Nails, White Glossy False Nails with Red Heart Pattern, 24Pcs Reusable Acrylic Stick on Nails with Nail Glue for Women Valentine's Day Daily Party Wear About this item Pre","New","6","0","0","8","0","0","0","0","0","GBP","0","4","7","7","Low traffic","4.99","0.0","4.99","0.0","NoRestockExcessActionRequired","","","0","0","","0.78","0.003738","cubic feet","Standard","0.022428","UK","gl_beauty","302815","55","0","6","11","4.99","0.0","17.28","30.75","30.75","0","0","8","0","0","","0","0","0","0","2","0","","","","","","","","","","","","","119.6","1","2026-08-15","2026-08-09","67.0","119.6","2026-08-10","6","2","0","0","73","N","","",""
"2026-08-13","HXP260130","X002HJK1U9","B0GFWJS7ZN","Zip Pull Replacement for Suitcase: 10 Pcs Dark Blue Zipper Pulls Cord for Bags Jacket Luggage","New","10","0","0","10","0","0","0","0","0","GBP","","","","","Low traffic","4.64","0.0","4.64","0.0","Advertise listing","","","0","0","","0.0","0.003531","cubic feet","Standard","0.03531","UK","gl_home","","","0","","","4.64","","","","","0","0","10","0","0","","0","0","0","0","0","0","","","","","","","","","","","","","","0","","","","","2026-08-10","10","0","0","0","","Y","Holiday Season","2026-08-29","2027-02-06"
"2026-08-13","HXP260107","X002HJDE0D","B0GFVWFWG5","Long Tweezers 11.8 Inch Stainless Steel Tweezers with Curved Serrated Tip Multi-Purpose Kitchen Tongs for Cooking Gardening Repairing Craft, Black","New","9","0","0","0","10","0","0","0","0","GBP","","","","","Low traffic","4.99","0.0","4.99","0.0","Advertise listing","0","0.0","0","0","20.62","0.0","0.003531","cubic feet","Standard","0.031779","UK","gl_home_improvement","","","9","","","5.79","","","","","0","0","0","0","0","0.02","0","0","0","0","0","0","","","","","","","","","","","","","","0","","","","","2026-08-10","9","0","0","0","","N","","",""
"2026-08-13","HXP060490","X002KMUOHD","B0GY8PG6XY","RSYHVG 5 Pack Invisible Zips 17.72 Inch (45cm) Cream, #3 Closed End Concealed Dress Zips with Woven Tape, Y-Connection Hidden Zips for Sewing, Dressmaking, Skirts, Blouses and Cushion Covers","New","55","13","0","68","0","0","0","0","0","GBP","0","7","16","17","Low traffic","6.55","0.0","6.55","0.0","NoRestockExcessActionRequired","","","0","0","","0.78","0.003531","cubic feet","Standard","0.194205","UK","gl_biss","277467","188","0","31","42","6.75","0.0","39.34","89.92","95.54","68","0","0","0","0","","0","0","0","0","0","0","","","","","","","","","","","","","37.5","0","","2026-08-09","27.4","37.5","2026-08-10","68","0","0","0","188","N","","",""
"2026-08-13","TY540","X0021W8L81","B0D6R9LDJG","RSYHVG 3 PCS Fish Scaler Remover,Fish Descaler Tool,304 Stainless Steel Fish Scale Scraper,Ergonomic Handle Design for Fast Scales Peeling and efficiently","New","22","0","0","20","0","2","0","0","0","GBP","1","7","10","13","Low traffic","6.69","0.0","6.69","0.0","NoRestockExcessActionRequired","22","0.0","0","0","3.09","0.67","0.016245","cubic feet","Standard","0.35739","UK","gl_kitchen","457273","241","0","29","52","6.69","5.57","38.99","56.04","73.26","0","20","0","2","0","0.25","30","0","30","0","0","0","","","","","","","","","","","","","118.2","0","","2026-08-09","112.3","118.2","2026-08-10","52","0","0","0","241","N","","",""
"2026-08-13","HXP060460","X002KNJMC5","B0GYCM87F6","RSYHVG Velvet Brown Cat-Eye Magnetic Press On Nails, Medium Almond Shape, Glossy Glitter Handmade Acrylic Fake Nails with French Tip, Fall Winter Dark Glam False Nails for Women, 24 Pack","New","13","0","0","14","0","0","0","0","0","GBP","0","0","1","1","Low traffic","5.29","0.0","5.29","0.0","Advertise listing","","","0","0","","0.09","0.003531","cubic feet","Standard","0.045903","UK","gl_beauty","516838","366","0","","169","5.29","0.0","0.0","5.24","5.24","0","0","14","0","0","","0","0","0","0","1","0","","","","","","","","","","","","","","0","","","","1032.0","2026-08-10","13","1","0","0","366","N","","",""
"2026-08-13","Y12513","X0027KBRSD","B0DRYCNZF4","25 Slots Empty Bobbin Box, Bobbin Organizer Plastic Case, Transparent Bobbins Spools Box, Sewing Craft Plastic Case Storage Box for Sewing Machine (2Pcs Box)","New","13","0","0","13","0","0","0","0","0","GBP","2","7","7","10","Low traffic","5.39","0.0","5.39","0.0","NoRestockExcessActionRequired","0","0.0","0","0","28.23","1.38","0.014126","cubic feet","Standard","0.183638","UK","gl_kitchen","502419","111","0","7","16","5.39","8.98","31.43","31.43","44.9","10","3","0","0","0","0.12","0","0","0","0","0","0","","","","","","","","","","","","","77.9","1","2026-08-10","2026-08-09","65.7","77.9","2026-08-10","13","0","0","0","111","N","","",""
"2026-08-13","Y12428","X0027JBFU9","B0DRVH6KXT","Car Rocker Switch ON/Off Double-Sided Adhesive Installation Surface Mount Button Switch for Power Switches LED Light Strip Fog Lamp Daytime Running Light","New","36","13","0","51","0","0","0","0","0","GBP","4","28","38","51","Low traffic","6.39","0.0","6.39","0.0","NoRestockExcessActionRequired","49","0.0","0","0","0.12","2.5","0.006526","cubic feet","Standard","0.234936","UK","gl_biss","24456","116","0","5","9","6.39","21.28","148.96","202.16","271.32","51","0","0","0","0","0.21","0","0","0","0","0","0","","","","","","","","","","","","","33.7","0","","2026-08-09","33.7","29.0","2026-08-10","49","0","0","0","116","N","","",""
"2026-08-13","TY194","X0021W7WSL","B0D6R6GHP3","EVA Foam Aerial Ball Decorative Antenna Topper - Car Styling Roof Ornament (Yellow)","New","11","0","0","13","0","0","0","0","0","GBP","7","16","28","41","Low traffic","4.99","0.0","4.99","0.0","NoRestockExcessActionRequired","12","0.0","0","0","0.0","6.07","0.001766","cubic feet","","0.019426","UK","gl_electronics","16074","56","0","7","9","4.99","29.12","66.56","116.48","170.56","13","0","0","0","0","0.01","20","0","20","0","1","0","","","","","","","","","","","","","21.1","18","2026-08-13","2026-08-09","21.1","12.7","2026-08-10","31","1","0","0","58","N","","",""
"2026-08-13","Y12319","X0027IBFSH","B0DRTWWHVH","Doorbell Button Replacement, Doorbell Pro Buttons Replacement, Come with 4Pack Buttons / 2Pack Screws, Video Doorbell Buttons Compatible with Doorbell Pro, Repair Split Cracked Broken Button (Black)","","0","0","0","1","0","0","0","0","0","GBP","2","14","18","22","","0.0","0.0","0.0","0.0","NoRestockExcessActionRequired","","","0","0","","3.17","0.002649","cubic feet","Standard","0.0","UK","gl_home_improvement","","133","0","14","29","5.69","9.48","66.36","85.32","104.28","0","1","0","0","0","","50","0","50","0","0","0","","","","","","","","","","","","","27.4","0","","2026-08-09","22.1","27.4","2026-08-10","50","0","0","0","133","N","","",""
"2026-08-13","HXP251237","X002HBKFZN","B0GD5CP7RM","Cartoon Spa Headband, Green Palm & Snail Design Coral Fleece Elastic Hair Band, Soft Non Slip Makeup Shower Hair Accessories for Facial Skincare Yoga Sports Daily Use","New","32","0","0","30","0","2","0","0","0","GBP","0","1","1","4","Low traffic","4.49","0.0","4.49","0.0","Advertise listing","0","0.0","0","0","122.96","0.25","0.003531","cubic feet","Standard","0.112992","UK","gl_beauty","382582","366","32","128","104","4.49","0.0","3.74","3.74","15.95","20","0","10","2","0","0.08","0","0","0","0","0","0","","","","","","","","","","","","","867.0","0","","2026-08-09","867.0","417.0","2026-08-10","32","0","0","0","366","N","","",""
"2026-08-13","HXP0604139","X002KOOY45","B0GYJP92M6","RSYHVG 36 Pcs Women Anti Slip Heel Liners, Adhesive Strap Cushion Inserts, Blister Prevention Shoe Pads Foot Protectors Stop Slipping for Ladies High Heels Sandals Flats","New","17","0","0","18","0","0","0","0","0","GBP","0","6","16","16","Low traffic","6.99","0.0","6.99","0.0","NoRestockExcessActionRequired","","","0","0","","1.78","0.003531","cubic feet","Standard","0.060027","UK","gl_drugstore","97363","50","0","11","13","6.99","0.0","34.92","94.48","94.48","18","0","0","0","0","","0","0","0","0","1","0","","","","","","","","","","","","","40.7","11","2026-08-13","2026-08-09","32.3","40.7","2026-08-10","17","1","0","0","53","N","","",""
"2026-08-13","Y12403","X0027K8O8J","B0DRYCWLCN","RSYHVG 4PCS High Visibility Reflective Armbands, Elasticated Hi Vis Safety Bands for Running Walking Cycling","New","30","0","0","0","0","30","0","0","0","GBP","0","2","3","10","Low traffic","3.99","0.0","3.99","0.0","NoRestockExcessActionRequired","2","0.0","0","0","81.7","0.3","0.005297","cubic feet","Standard","0.15891","UK","gl_sports","162445","119","28","60","39","3.99","0.0","6.64","9.96","33.2","0","0","0","30","0","0.11","0","0","0","0","0","0","","","","","","","","","","","","","464.0","0","","2026-08-09","464.0","301.5","2026-08-10","30","0","0","0","119","Y","Holiday Season","2026-10-17","2027-02-06"
"2026-08-13","HXP0604123","X002KOD15D","B0GYJKDCRW","RSYHVG 2 Pcs Three Rings Scarf Buckles for Women, Elegant Silk Scarf Clasp Clips, Large Clothing Wrap Holder Triple Sliding Neckerchief Clamps Fashion Accessory, Silver & Golden About this item Durabl","New","14","0","0","15","0","0","0","0","0","GBP","","","","","Low traffic","5.56","0.0","5.56","0.0","Advertise listing","","","0","0","","0.0","0.003531","cubic feet","Apparel","0.049434","UK","gl_apparel","","366","0","","","5.56","","","","","0","0","15","0","0","","0","0","0","0","1","0","","","","","","","","","","","","","","0","","","","","2026-08-10","14","1","0","0","366","N","","",""
"2026-08-13","Y12501","X0027JHW5L","B0DRVJPLMJ","RSYHVG Mens Funny Oktoberfest Aprons Sexy Novelty BBQ Apron for Women Men Beer Festival Apron Cooking Kitchen Barbecue Apron for Party Apron Gift","New","33","0","0","33","0","0","0","0","0","GBP","3","5","13","20","Low traffic","5.79","0.0","5.79","0.0","NoRestockExcessActionRequired","33","0.0","0","0","0.0","0.87","0.010594","cubic feet","Apparel","0.349602","UK","gl_apparel","68950","80","0","26","21","5.79","14.46","24.27","64.19","100.14","1","32","0","0","0","0.2","0","0","0","0","0","0","","","","","","","","","","","","","178.2","0","","2026-08-09","178.2","91.3","2026-08-10","33","0","0","0","80","N","","",""
"2026-08-13","HXP060433","X002KMTGOF","B0GY91BPJB","RSYHVG Kids Blue Light Blocking Glasses, 2 Pcs Kids Glasses, Clear Lens, Blue Light Blocking, Plastic Frame, Acrylic Lens, Unisex,","New","15","0","0","15","0","0","0","0","0","GBP","","","","","Low traffic","6.19","0.0","6.19","0.0","Advertise listing","","","0","0","","0.0","0.003531","cubic feet","Footwear","0.052965","UK","gl_shoes","","366","0","","","6.19","","","","","0","0","15","0","0","","0","0","0","0","0","0","","","","","","","","","","","","","","0","","","","","2026-08-10","15","0","0","0","366","N","","",""
"2026-08-13","TY366","X0021XLN1H","B0D6VNZMPH","Vintage Bronze Mini Box Hinges 65x15mm, Decorative Jewelry Cabinet Hardware with 60 Screws, 10 Pack","New","6","0","0","0","3","3","0","0","0","GBP","3","9","13","15","Low traffic","5.19","0.0","5.19","0.0","CreateShippingPlan","6","0.0","0","0","0.0","0.98","0.003051","cubic feet","","0.018306","UK","gl_home_improvement","126591","27","0","2","5","5.19","12.96","38.88","56.16","64.8","0","0","0","3","0","0.01","0","0","0","0","0","0","","","","","","","","","","","","","113.0","12","2026-08-08","2026-08-09","51.9","113.0","2026-08-10","6","0","0","0","27","N","","",""
"2026-08-13","Y501201","X0028WHW4D","B0DYNKSM7X","51mm 2 Cup Stainless Steel Non-Pressurized Espresso Filter Baskets, Pack of 2 Replacement Coffee Filter Bowls, Portafilter Not Included","New","58","0","0","11","2","45","0","0","0","GBP","0","9","13","15","Low traffic","6.69","0.0","6.69","0.0","NoRestockExcessActionRequired","58","0.0","0","0","0.0","0.24","0.006168","cubic feet","Standard","0.357744","UK","gl_kitchen","503823","150","0","25","50","6.69","0.0","50.13","72.41","83.55","0","0","11","45","0","0.24","0","0","0","0","0","0","","","","","","","","","","","","","434.8","0","","2026-08-09","186.6","434.8","2026-08-10","58","0","0","0","150","N","","",""
"2026-08-13","Y12464","X0027IRNAL","B0DRVFCSC7","RSYHVG 3-in-1 Avocado Tool Slicer Pitter Scoop with Soft Grip Handle Green Kitchen Gadget","New","5","0","0","0","0","6","0","0","0","GBP","3","11","14","14","Low traffic","5.19","0.0","5.19","0.0","NoRestockExcessActionRequired","0","0.0","0","0","25.32","0.93","0.014214","cubic feet","Standard","0.07107","UK","gl_kitchen","184607","176","35","12","32","5.19","12.96","47.52","60.48","60.48","0","0","0","6","0","0.05","30","0","30","0","1","0","","","","","","","","","","","","","113.1","0","","2026-08-09","36.8","113.1","2026-08-10","35","0","1","0","183","Y","Holiday Season","2026-11-07","2027-01-09"
"2026-08-13","HXP060486","X002KMOIFR","B0GY8M58Q5","RSYHVG 3Pcs Banana Hair Clips for Thick Curly Hair, Black Brown White Tortoise Vintage Clincher Combs, Non-Slip Fish Grip Slides, 80s Retro Hair Accessories for Women Girls All Hair Types","New","16","1","0","18","0","0","0","0","0","GBP","2","2","17","17","Low traffic","6.29","0.0","6.29","0.0","NoRestockExcessActionRequired","","","0","0","","2.06","0.035315","cubic feet","Standard","0.56504","UK","gl_beauty","132769","211","0","132","50","6.29","10.48","10.48","89.08","89.08","18","0","0","0","0","","50","0","50","0","1","0","","","","","","","","","","","","","","0","","","","33.0","2026-08-10","67","1","0","0","214","N","","",""
"2026-08-13","TY434","X0021X4OIB","B0D6VFGWBB","RSYHVG 18inch Watercolor Horse Sofa Cushion Cover Fashion Pillow Case Decor Horse Pillow Cases","New","1","0","0","1","0","0","0","0","0","GBP","1","4","5","9","Low traffic","6.29","0.0","6.29","0.0","CreateShippingPlan","0","5.79","38","0","15.9","2.57","0.919956","cubic feet","Oversize","0.919956","UK","gl_home","386369","20","0","1","1","6.29","5.24","20.96","26.2","46.48","0","1","0","0","0","0.05","0","0","0","0","0","0","","","","","","","","","","","","","44.6","2","2026-08-08","2026-08-09","28.5","44.6","2026-08-10","1","0","0","0","20","N","","",""
"2026-08-13","Y501297","X0028U4559","B0DYD8XR3D","Y2K Star & Moon Chain Belt for Women Waist Metal Link Chunky Chain Adjustable Size Belly Belt","New","22","0","0","23","0","0","0","0","0","GBP","4","18","42","60","Low traffic","5.89","0.0","5.89","0.0","NoRestockExcessActionRequired","22","0.0","0","0","0.0","2.22","0.015892","cubic feet","Apparel","0.349624","UK","gl_jewelry","216424","151","0","22","22","5.89","19.64","88.38","206.22","294.6","1","22","0","0","0","0.21","80","0","80","0","0","0","","","","","","","","","","","","","36.2","0","","2026-08-09","36.2","35.6","2026-08-10","102","0","0","0","151","N","","",""
"2026-08-13","HXP251103","X002GD6UZ1","B0D91VL8VT","JYTDBCS 3Pcs Charcoal Pencils For Drawing Perfect For Beginners, Professionals And Artists","","0","0","0","0","0","1","0","0","0","GBP","0","0","3","3","","0.0","0.0","0.0","0.0","CreateShippingPlan","","","0","0","","0.48","0.013985","cubic feet","Standard","0.0","UK","gl_office_product","","0","0","","0","4.79","0.0","0.0","11.97","11.97","0","0","0","1","0","","0","0","0","0","0","0","1","0.02","0","0.0","0","0.0","0","0.0","0","0.0","0","0.0","","0","","","","222.7","2026-08-10","0","0","0","0","0","N","","",""
"2026-08-13","TY464","X0021XO0TJ","B0D6VYLWZL","Door Magnetic Catch, 2 Pack Cupboard Door Magnets Strong Magnetic Catch Silver Heavy Duty Magnetic Door Catch for Kitchen Cupboard, Wardrobe, Bathroom Cabinet, Drawer, Louver, Closet White Furniture","New","91","0","0","96","0","0","0","0","0","GBP","6","20","27","64","Low traffic","5.99","0.0","5.99","0.0","NoRestockExcessActionRequired","91","0.0","0","0","0.0","1.75","0.002729","cubic feet","","0.248339","UK","gl_home_improvement","93338","129","0","18","18","5.99","29.94","99.8","134.39","312.9","71","25","0","0","0","0.17","0","0","0","0","3","0","","","","","","","","","","","","","142.2","0","","2026-08-09","142.2","59.9","2026-08-10","91","3","0","0","134","N","","",""
