"sku","fnsku","asin","product-name","condition","your-price","mfn-listing-exists","mfn-fulfillable-quantity","afn-listing-exists","afn-warehouse-quantity","afn-fulfillable-quantity","afn-unsellable-quantity","afn-reserved-quantity","afn-total-quantity","per-unit-volume","afn-inbound-working-quantity","afn-inbound-shipped-quantity","afn-inbound-receiving-quantity","afn-researching-quantity","afn-reserved-future-supply","afn-future-supply-buyable","store"
"YDMT251104","X002G9QT47","B0G2GL1JCP","KSEWJP Women's Lace Panty with Cotton Gusset | Sheer Mesh | Comfy & Lucky Underwear (3-Pack Women's Underwear) Black, Royal Blue","New","599.00","No",,"Yes","0","0","0","0","0","655.15","0","0","0","0","0","0",
"YDMT251106-2XL","X002G9SUV7","B0G2GS6DYF","KSEWJP Women's Lace Panty with Cotton Gusset | Sheer Mesh | Comfy & Lucky Underwear (2-Pack Women's Underwear) (in, Alpha, 2XL)","New","431.00","No",,"Yes","11","11","0","0","11","1004.85","0","0","0","0","0","0",
"YDMT251106-L","X002G9KAQZ","B0G2GPPQCT","KSEWJP Women's Lace Panty with Cotton Gusset | Sheer Mesh | Comfy & Lucky Underwear (2-Pack Women's Underwear) (in, Alpha, L)","New","359.00","No",,"Yes","6","6","0","0","6","919.15","0","0","0","0","0","0",
"YDMT251107-L","X002G9Y6EH","B0G2H1K8R2","KSEWJP ​Women's High Waist Tummy Control Panties with Antibacterial Cotton Gusset, Breathable Shaper Shorts for Full Coverage(Black) (in, Alpha, L)","New","278.00","No",,"Yes","18","18","0","0","18","721.36","0","0","0","0","0","0",
"YDMT251107-M","X002G9IJP9","B0G2H41QTS","KSEWJP ​Women's High Waist Tummy Control Panties with Antibacterial Cotton Gusset, Breathable Shaper Shorts for Full Coverage(Black) (in, Alpha, M)","New","296.00","No",,"Yes","18","18","0","0","18","721.36","0","0","0","0","0","0",
"YDMT251107-XL","X002G9X5I5","B0G2GYGQFZ","KSEWJP ​Women's High Waist Tummy Control Panties with Antibacterial Cotton Gusset, Breathable Shaper Shorts for Full Coverage(Black) (in, Alpha, XL)","New","278.00","No",,"Yes","11","11","0","0","11","777.24","0","0","0","0","0","0",
"YDMT251108","X002G9TXNB","B0G2GSGQR7","KSEWJP Women's Mid High Waist Cotton Panties 3-Pack with Antibacterial Cotton Gusset | Full Coverage, No Muffin Top, Daily Lucky & Healthy Underwear","New","296.00","No",,"Yes","11","11","0","0","11","946.68","0","0","0","0","0","0",
"YDMT251109-L","X002GAXPR5","B0G2LRV9F8","KSEWJP Women's Mid High Waist Cotton Panties 3-Pack with Antibacterial Cotton Gusset | Full Coverage, No Muffin Top, Daily Lucky & Healthy Underwear (in, Alpha, L)","New","440.00","No",,"Yes","14","14","0","0","14","589.28","0","0","0","0","0","0",
"YDMT251109-XL","X002GAQYIR","B0G2LQH97C","KSEWJP Women's Mid High Waist Cotton Panties 3-Pack with Antibacterial Cotton Gusset | Full Coverage, No Muffin Top, Daily Lucky & Healthy Underwear (in, Alpha, XL)","New","440.00","No",,"Yes","6","6","0","0","6","589.28","0","0","0","0","0","0",
"YDMT2511100-L","X002GB0IW9","B0G2LTM797","KSEWJP Men's Summer Casual Khaki Shorts, Lightweight Quick-Dry Breathable Shorts with Pockets, Comfortable for Walking and The Beach (in, Alpha, L)","New","322.00","No",,"Yes","15","15","0","0","15","4461.21","0","0","0","0","0","0",
"YDMT2511101-L","X002GB4JBF","B0G2M26TBR","KSEWJP Men's Summer Casual Blue Shorts, Lightweight, Quick-Drying, Breathable Shorts with Pockets, Comfortable for Walking and The Beach (in, Alpha, L)","New","322.00","No",,"Yes","14","14","0","0","14","6555.81","0","0","0","0","0","0",
"YDMT2511101-XL","X002GB2LUV","B0G2M1T8NV","KSEWJP Men's Summer Casual Blue Shorts, Lightweight, Quick-Drying, Breathable Shorts with Pockets, Comfortable for Walking and The Beach (in, Alpha, XL)","New","305.00","No",,"Yes","8","8","0","0","8","6555.81","0","0","0","0","0","0",
"YDMT2511101-XXL","X002GB0Q1H","B0G2LZVKXW","KSEWJP Men's Summer Casual Blue Shorts, Lightweight, Quick-Drying, Breathable Shorts with Pockets, Comfortable for Walking and The Beach (in, Alpha, 2XL)","New","340.00","No",,"Yes","4","4","0","0","4","6555.81","0","0","0","0","0","0",
"YDMT2511102-L","X002GB47FN","B0G2M3V6CY","KSEWJP Women's Mid High Waist Cotton Panties 3-Pack with Antibacterial Cotton Gusset | Full Coverage, No Muffin Top, Daily Lucky & Healthy Underwear (in, Alpha, L)","New","403.00","No",,"Yes","8","8","0","0","8","837.54","0","0","0","0","0","0",
"YDMT2511102-M","X002GB24XF","B0G2M55ZXJ","KSEWJP Women's Mid High Waist Cotton Panties 3-Pack with Antibacterial Cotton Gusset | Full Coverage, No Muffin Top, Daily Lucky & Healthy Underwear (in, Alpha, M)","New","295.00","No",,"Yes","3","3","0","0","3","837.54","0","0","0","0","0","0",
"YDMT2511102-XL","X002GB10G7","B0G2M19ZVK","KSEWJP Women's Mid High Waist Cotton Panties 3-Pack with Antibacterial Cotton Gusset | Full Coverage, No Muffin Top, Daily Lucky & Healthy Underwear (in, Alpha, XL)","New","385.00","No",,"Yes","7","7","0","0","7","837.54","0","0","0","0","0","0",
"YDMT2511103-L","X002GAY8ZN","B0G2M4GYLZ","KSEWJP Women's Mid High Waist Cotton Panties 3-Pack with Antibacterial Cotton Gusset | Full Coverage, No Muffin Top, Daily Lucky & Healthy Underwear (in, Alpha, L)","New","278.00","No",,"Yes","15","15","0","0","15","713","0","0","0","0","0","0",
"YDMT2511103-M","X002GB0YYL","B0G2M36ZM2","KSEWJP Women's Mid High Waist Cotton Panties 3-Pack with Antibacterial Cotton Gusset | Full Coverage, No Muffin Top, Daily Lucky & Healthy Underwear (in, Alpha, M)","New","278.00","No",,"Yes","15","15","0","0","15","713","0","0","0","0","0","0",
"YDMT2511104-L","X002GB03EH","B0G2M4LSCW","KSEWJP Women's Mid High Waist Cotton Panties 3-Pack with Antibacterial Cotton Gusset | Full Coverage, No Muffin Top, Daily Lucky & Healthy Underwear (in, Alpha, L)","New","341.00","No",,"Yes","3","3","0","0","3","770.36","0","0","0","0","0","0",
"YDMT2511104-M","X002GB2DA9","B0G2M4QNND","KSEWJP Women's Mid High Waist Cotton Panties 3-Pack with Antibacterial Cotton Gusset | Full Coverage, No Muffin Top, Daily Lucky & Healthy Underwear (in, Alpha, M)","New","305.00","No",,"Yes","10","10","0","0","10","770.36","0","0","0","0","0","0",
"YDMT2511104-XL","X002GB3ZBZ","B0G2M7VV7K","KSEWJP Women's Mid High Waist Cotton Panties 3-Pack with Antibacterial Cotton Gusset | Full Coverage, No Muffin Top, Daily Lucky & Healthy Underwear (in, Alpha, XL)","New","278.00","No",,"Yes","9","9","0","0","9","770.36","0","0","0","0","0","0",
"YDMT2511105-L","X002GBM27X","B0G2M4LSCW","KSEWJP Women's Mid High Waist Cotton Panties 3-Pack with Antibacterial Cotton Gusset | Full Coverage, No Muffin Top, Daily Lucky & Healthy Underwear (in, Alpha, L)","New","331.00","No",,"Yes","7","7","0","0","7","770.36","0","0","0","0","0","0",
"YDMT2511105-M","X002GBJTU1","B0G2M4QNND","KSEWJP Women's Mid High Waist Cotton Panties 3-Pack with Antibacterial Cotton Gusset | Full Coverage, No Muffin Top, Daily Lucky & Healthy Underwear (in, Alpha, M)","New","305.00","No",,"Yes","8","8","0","0","8","770.36","0","0","0","0","0","0",
"YDMT2511105-XL","X002GBB913","B0G2M7VV7K","KSEWJP Women's Mid High Waist Cotton Panties 3-Pack with Antibacterial Cotton Gusset | Full Coverage, No Muffin Top, Daily Lucky & Healthy Underwear (in, Alpha, XL)","New","278.00","No",,"Yes","10","10","0","0","10","770.36","0","0","0","0","0","0",
"YDMT2511106-L","X002GBPFP9","B0G2Q5691L","KSEWJP Women's Mid High Waist Cotton Panties 3-Pack with Antibacterial Cotton Gusset | Full Coverage, No Muffin Top, Daily Lucky & Healthy Underwear (in, Alpha, L)","New","278.00","No",,"Yes","6","6","0","0","6","655.81","0","0","0","0","0","0",
"YDMT2511106-M","X002GBMIFT","B0G2Q48HS8","KSEWJP Women's Mid High Waist Cotton Panties 3-Pack with Antibacterial Cotton Gusset | Full Coverage, No Muffin Top, Daily Lucky & Healthy Underwear (in, Alpha, M)","New","251.00","No",,"Yes","6","6","0","0","6","655.81","0","0","0","0","0","0",
"YDMT2511106-XL","X002GBG48V","B0G2PGCW1L","KSEWJP Women's Mid High Waist Cotton Panties 3-Pack with Antibacterial Cotton Gusset | Full Coverage, No Muffin Top, Daily Lucky & Healthy Underwear (in, Alpha, XL)","New","269.00","No",,"Yes","7","7","0","0","7","655.81","0","0","0","0","0","0",
"YDMT2511107-L","X002GBG0OT","B0G2P4J6X3","KSEWJP Women's Mid High Waist Cotton Panties 3-Pack with Antibacterial Cotton Gusset | Full Coverage, No Muffin Top, Daily Lucky & Healthy Underwear (in, Alpha, L)","New","260.00","No",,"Yes","6","6","0","0","6","733.48","0","0","0","0","0","0",
"YDMT2511107-M","X002GBJUAZ","B0G2PC86B2","KSEWJP Women's Mid High Waist Cotton Panties 3-Pack with Antibacterial Cotton Gusset | Full Coverage, No Muffin Top, Daily Lucky & Healthy Underwear (in, Alpha, M)","New","313.00","No",,"Yes","6","6","0","0","6","733.48","0","0","0","0","0","0",
"YDMT2511107-XL","X002GBOVYF","B0G2PJFWDJ","KSEWJP Women's Mid High Waist Cotton Panties 3-Pack with Antibacterial Cotton Gusset | Full Coverage, No Muffin Top, Daily Lucky & Healthy Underwear (in, Alpha, XL)","New","251.00","No",,"Yes","8","8","0","0","8","733.48","0","0","0","0","0","0",
"YDMT2511108-L","X002GBB2CT","B0G2PNK6LX","KSEWJP Women's Mid High Waist Cotton Panties 3-Pack with Antibacterial Cotton Gusset | Full Coverage, No Muffin Top, Daily Lucky & Healthy Underwear (in, Alpha, L)","New","251.00","No",,"Yes","1","1","0","0","1","503.25","0","0","0","0","0","0",
"YDMT2511108-M","X002GBPG8P","B0G2PFJVGY","KSEWJP Women's Mid High Waist Cotton Panties 3-Pack with Antibacterial Cotton Gusset | Full Coverage, No Muffin Top, Daily Lucky & Healthy Underwear (in, Alpha, M)","New","359.00","No",,"Yes","4","4","0","0","4","503.25","0","0","0","0","0","0",
"YDMT2511108-XL","X002GBOZOB","B0G2PXR58S","KSEWJP Women's Mid High Waist Cotton Panties 3-Pack with Antibacterial Cotton Gusset | Full Coverage, No Muffin Top, Daily Lucky & Healthy Underwear (in, Alpha, XL)","New","278.00","No",,"Yes","6","6","0","0","6","503.25","0","0","0","0","0","0",
"YDMT2511109-L","X002GBIPOH","B0G2Q4Q5Z6","KSEWJP Women's Mid High Waist Cotton Panties 3-Pack with Antibacterial Cotton Gusset | Full Coverage, No Muffin Top, Daily Lucky & Healthy Underwear (in, Alpha, L)","New","251.00","No",,"Yes","4","4","0","0","4","497.68","0","0","0","0","0","0",
"YDMT2511109-M","X002GBLZJJ","B0G2PLR2LJ","KSEWJP Women's Mid High Waist Cotton Panties 3-Pack with Antibacterial Cotton Gusset | Full Coverage, No Muffin Top, Daily Lucky & Healthy Underwear (in, Alpha, M)","New","278.00","No",,"Yes","8","8","0","0","8","497.68","0","0","0","0","0","0",
"YDMT2511109-XL","X002GBOP23","B0G2PTC4R5","KSEWJP Women's Mid High Waist Cotton Panties 3-Pack with Antibacterial Cotton Gusset | Full Coverage, No Muffin Top, Daily Lucky & Healthy Underwear (in, Alpha, XL)","New","251.00","No",,"Yes","6","6","0","0","6","497.68","0","0","0","0","0","0",
"YDMT251111-M","X002GAVY2X","B0G2LVJ231","KSEWJP Women's Mid High Waist Cotton Panties 3-Pack with Antibacterial Cotton Gusset | Full Coverage, No Muffin Top, Daily Lucky & Healthy Underwear (in, Alpha, M)","New","359.00","No",,"Yes","15","15","0","0","15","1772.1","0","0","0","0","0","0",
"YDMT2511110-M","X002GBOWQ7","B0G2PVGXGT","KSEWJP Women's Mid High Waist Cotton Panties 3-Pack with Antibacterial Cotton Gusset | Full Coverage, No Muffin Top, Daily Lucky & Healthy Underwear (in, Alpha, M)","New","278.00","No",,"Yes","5","5","0","0","5","974.54","0","0","0","0","0","0",
"YDMT2511111-L","X002GBPBVH","B0G2PK7PH3","KSEWJP Women's Mid High Waist Cotton Panties 3-Pack with Antibacterial Cotton Gusset | Full Coverage, No Muffin Top, Daily Lucky & Healthy Underwear (in, Alpha, L)","New","278.00","No",,"Yes","14","14","0","0","14","1157.09","0","0","0","0","0","0",
"YDMT2511111-M","X002GBJRSZ","B0G2PPK8S3","KSEWJP Women's Mid High Waist Cotton Panties 3-Pack with Antibacterial Cotton Gusset | Full Coverage, No Muffin Top, Daily Lucky & Healthy Underwear (in, Alpha, M)","New","278.00","No",,"Yes","13","13","0","0","13","1157.09","0","0","0","0","0","0",
"YDMT2511111-XL","X002GBNQTV","B0G2PP6B2P","KSEWJP Women's Mid High Waist Cotton Panties 3-Pack with Antibacterial Cotton Gusset | Full Coverage, No Muffin Top, Daily Lucky & Healthy Underwear (in, Alpha, XL)","New","409.00","No",,"Yes","9","9","0","0","9","1157.09","0","0","0","0","0","0",
"YDMT2511112-L","X002GBNQY1","B0G2PRH5GT","KSEWJP Women's Mid High Waist Cotton Panties 3-Pack with Antibacterial Cotton Gusset | Full Coverage, No Muffin Top, Daily Lucky & Healthy Underwear (in, Alpha, L)","New","332.00","No",,"Yes","6","6","0","0","6","1070.4","0","0","0","0","0","0",
"YDMT2511112-M","X002GBNQQJ","B0G2PKCK2N","KSEWJP Women's Mid High Waist Cotton Panties 3-Pack with Antibacterial Cotton Gusset | Full Coverage, No Muffin Top, Daily Lucky & Healthy Underwear (in, Alpha, M)","New","305.00","No",,"Yes","5","5","0","0","5","1070.4","0","0","0","0","0","0",
"YDMT2511112-XL","X002GBJS07","B0G2PXKL6R","KSEWJP Women's Mid High Waist Cotton Panties 3-Pack with Antibacterial Cotton Gusset | Full Coverage, No Muffin Top, Daily Lucky & Healthy Underwear (in, Alpha, XL)","New","305.00","No",,"Yes","4","4","0","0","4","1070.4","0","0","0","0","0","0",
"YDMT2511113-L","X002GBG5IZ","B0G2PRSFYC","KSEWJP Women's Mid High Waist Cotton Panties 5-Pack with Antibacterial Cotton Gusset | Full Coverage, No Muffin Top, Daily Lucky & Healthy Underwear (in, Alpha, L)","New","305.00","No",,"Yes","11","11","0","0","11","1051.72","0","0","0","0","0","0",
"YDMT2511113-M","X002GBPGZ3","B0G2QB3YSC","KSEWJP Women's Mid High Waist Cotton Panties 5-Pack with Antibacterial Cotton Gusset | Full Coverage, No Muffin Top, Daily Lucky & Healthy Underwear (in, Alpha, M)","New","314.00","No",,"Yes","13","13","0","0","13","1051.72","0","0","0","0","0","0",
"YDMT2511113-XL","X002GBOXGB","B0G2PN4PM1","KSEWJP Women's Mid High Waist Cotton Panties 5-Pack with Antibacterial Cotton Gusset | Full Coverage, No Muffin Top, Daily Lucky & Healthy Underwear (in, Alpha, XL)","New","305.00","No",,"Yes","12","12","0","0","12","1051.72","0","0","0","0","0","0",
"YDMT2511114","X002GBQP9J","B0G2RHLMGT","KSEWJP Lightweight Fisherman Hat for Women, Stylish & Practical Cotton Sun Hat with Wide Brim, Visor Cap for Women(Fashionable Sun Hat) Beige","New","849.00","No",,"Yes","26","26","0","0","26","4303.24","0","0","0","0","0","0",
"YDMT2511117","X002GBZ1C1","B0G2S5HM3D","KSEWJP Fisherman Hat for Men, Cotton Sun Protection Hat with Wide Brim, Lightweight Breathable Summer Hat for Travel, Beach, Fishing Navy Blue","New","494.00","No",,"Yes","7","7","0","0","7","6511.89","0","0","0","0","0","0",
"YDMT2511119","X002GC0QJX","B0G2S625WJ","KSEWJP Women’s Open Top Sun Visor Hat, Wide Brim Breathable Sports Visor, Adjustable Cotton Sun Hat for Running Tennis Golf Gym Walking Outdoor Black","New","469.00","No",,"Yes","29","29","0","0","29","2336.96","0","0","0","0","0","0",
"YDMT251112","X002G9WE1J","B0G2GPTGCK","KSEWJP Women's Mid High Waist Cotton Panties 3-Pack with Antibacterial Cotton Gusset | Full Coverage, No Muffin Top, Daily Lucky & Healthy Underwear","New","313.00","No",,"Yes","6","6","0","0","6","1721.3","0","0","0","0","0","0",
"YDMT2511120","X002GC1S7R","B0G2SDH6H9","KSEWJP Sun Visor Hat for Women, Open Top Sun Hat with Wide Brim, Breathable Sports Visor for Running, Tennis, Gym, Golf ，Summer Outdoor Hat for Walking Beige","New","459.00","No",,"Yes","26","26","0","0","26","3966","0","0","0","0","0","0",
"YDMT2511121","X002GC3GP9","B0G2S6PVYM","KSEWJP Sun Visor Hat for Women, Open Top Sun Hat with Wide Brim, Breathable Sports Visor for Running, Tennis, Gym, Golf ，Summer Outdoor Hat for Walking Yellow","New","451.00","No",,"Yes","10","10","0","0","10","5235.99","0","0","0","0","0","0",
"YDMT2511122","X002GBUEW3","B0G2RNZRDC","KSEWJP Lightweight Fisherman Hat for Women, Stylish & Practical Cotton Sun Hat with Wide Brim, Visor Cap for Women(Fashionable Sun Hat) Black","New","386.00","No",,"Yes","3","3","0","0","3","4198.2","0","0","0","0","0","0",
"YDMT2511123","X002GBY8GV","B0G2RQ9J3Y","KSEWJP Women’s Lightweight Cotton Bucket Sun Hat, UPF 50+ Wide Brim UV Protection, Foldable Packable Breathable Fisherman Hat, One Size, Black with White Floral Print, Hand Wash Only","New","377.00","No",,"Yes","32","32","0","0","32","515.37","0","0","0","0","0","0",
"YDMT2511124","X002GBU761","B0G2RK9MS2","KSEWJP Women's Summer Straw hat, Wide-Brimmed Boat-Shaped hat, Suitable for The Beach and Vacation, Lightweight, Breathable, and Sun-Protective for Outdoor use Khaki","New","323.00","No",,"Yes","12","11","1","0","12","6682.64","0","0","0","0","0","0",
"YDMT2511126","X002GBY9R9","B0G2RQL4L5","KSEWJP Lightweight Fisherman Hat for Women, Stylish & Practical Cotton Sun Hat with Wide Brim, Visor Cap for Women(Fashionable Sun Hat) Black and Beige","New","421.00","No",,"Yes","27","27","0","0","27","2477.07","0","0","0","0","0","0",
"YDMT2511127","X002GBYEKV","B0G2RWS24J","KSEWJP Lightweight Fisherman Hat for Women, Stylish & Practical Cotton Sun Hat with Wide Brim, Visor Cap for Women(Fashionable Sun Hat) Off-White","New","596.00","No",,"Yes","7","7","0","0","7","5419.37","0","0","0","0","0","0",
"YDMT2511128","X002GBYTQP","B0G2S35NLV","KSEWJP Lightweight Fisherman Hat for Women, Stylish & Practical Cotton Sun Hat with Wide Brim, Visor Cap for Women(Fashionable Sun Hat)","New","475.00","No",,"Yes","4","4","0","0","4","1486.63","0","0","0","0","0","0",
"YDMT2511131","X002GBY6JP","B0G2S3F6B9","KSEWJP Lightweight Fisherman Hat for Women, Stylish & Practical Cotton Sun Hat with Wide Brim, Visor Cap for Women(Fashionable Sun Hat) Pink","New","839.00","No",,"Yes","28","28","0","0","28","7236.86","0","0","0","0","0","0",
"YDMT2511134","X002GBXC6D","B0G2S2VWC9","KSEWJP Lightweight Fisherman Hat for Women, Stylish & Practical Cotton Sun Hat with Wide Brim, Visor Cap for Women(Fashionable Sun Hat) White","New","466.00","No",,"Yes","15","15","0","0","15","2566.71","0","0","0","0","0","0",
"YDMT2511135","X002GBYWAN","B0G2S2115J","KSEWJP Women’s Lightweight Cotton Bucket Sun Hat, UPF 50+ Wide Brim UV Protection, Foldable Breathable Fisherman Hat, One Size, Black Beige Solid Color, Hand Wash Only","New","545.00","No",,"Yes","36","36","0","0","36","2994.08","0","0","0","0","0","0",
"YDMT2511136","X002GBPVKX","B0G2QPQL1P","KSEWJP Women's Red Ink Wash Flower Printed Turban Hat Bohemian Cotton Stretch Headscarf Cap for Saree Suit Temple Wear","New","549.00","No",,"Yes","28","28","0","0","28","460.15","0","0","0","0","0","0",
"YDMT2511137","X002GBUYU5","B0G2RJGKGP","KSEWJP Women's Summer Straw Hat, Wide-Brimmed Boat-Shaped Hat, Suitable for The Beach and Vacation, Lightweight, Breathable, and Sun-Protective for Outdoor Use Red","New","434.00","No",,"Yes","32","32","0","0","32","6563.02","0","0","0","0","0","0",
"YDMT2511138","X002GBXY0H","B0G2S1Z5FR","KSEWJP Lightweight Fisherman Hat for Women, Stylish & Practical Cotton Sun Hat with Wide Brim, Visor Cap for Women(Fashionable Sun Hat)","New","475.00","No",,"Yes","13","13","0","0","13","7174.26","0","0","0","0","0","0",
"YDMT2511139","X002GBYX5H","B0G2S3886M","KSEWJP Lightweight Fisherman Hat for Women, Stylish & Practical Cotton Sun Hat with Wide Brim, Visor Cap for Women(Fashionable Sun Hat)","New","475.00","No",,"Yes","14","14","0","0","14","2481","0","0","0","0","0","0",
"YDMT2511140","X002GC0X7X","B0G2S495HQ","KSEWJP Fisherman Hat for Men, Cotton Sun Protection Hat with Wide Brim, Lightweight Breathable Summer Hat for Travel, Beach, Fishing Black","New","619.00","No",,"Yes","52","50","0","1","52","2195.37","0","0","0","1","0","0",
"YDMT2511141","X002GC046X","B0G2S3TBF3","KSEWJP Lightweight Women's Black Bucket hat, Stylish and Practical Wide-Brim Cotton Sun hat, Women's Sunshade hat (Fashionable Sun hat)","New","520.00","No",,"Yes","14","14","0","0","14","4805.18","0","0","0","0","0","0",
"YDMT2511142","X002GBMEZD","B0G2QL8MNM","Baseball Cap for Men & Women, Adjustable Cotton Unisex Dad Hat, Casual Daily Use Sun Protection Hat for Boys and Girls (Unisex)​ Black","New","442.00","No",,"Yes","10","10","0","0","10","3877.02","0","0","0","0","0","0",
"YDMT2511143","X002GBMLBF","B0G2QS2MPS","Baseball Cap for Men & Women, Adjustable Cotton Unisex Dad Hat, Casual Daily Use Sun Protection Hat for Boys and Girls (Unisex)​","New","439.00","No",,"Yes","25","25","0","0","25","1460.09","0","0","0","0","0","0",
"YDMT2511144","X002GC02HJ","B0G2S62GH8","KSEWJP Women’s Lightweight Cotton Bucket Sun Hat, UPF 50+ Wide Brim UV Protection, Foldable Breathable Fisherman Hat, One Size, Ebony Solid Color, Hand Wash Only","New","609.00","No",,"Yes","44","44","0","0","44","4795.18","0","0","0","0","0","0",
"YDMT2511146","X002GBPE0F","B0G2QLRZLT","Baseball Cap for Men & Women, Adjustable Cotton Unisex Dad Hat, Casual Daily Use Sun Protection Hat for Boys and Girls (Unisex)​ Beige","New","599.00","No",,"Yes","37","37","0","0","37","1778.65","0","0","0","0","0","0",
"YDMT2511147","X002GBUOE1","B0G2RDL5C7","KSEWJP Women's Magenta Floral Printed Turban Hat Bohemian Stretch Cotton Headscarf Cap for Saree Suit Temple Wear","New","674.00","No",,"Yes","24","24","0","0","24","767.9","0","0","0","0","0","0",
"YDMT2511153","X002GCVUR5","B0G2VR4XJT","KSEWJP 3Pcs Full Face Mask with Neck Coverage, UV Protection Face Cover for Women, Reusable Breathable Cooling Face Masks for Summer Outdoor Activities, Bike, Travel & Sports","New","459.00","No",,"Yes","34","33","1","0","34","2436.43","0","0","0","0","0","0",
"YDMT2511154","X002GCYKXV","B0G2W1753L","KSEWJP Ultra-Thin UV Protection Arm Sleeves, UPF 60+, Thumb Hole Design, Black Unisex Compression Sleeves for Outdoor Sports, Pack of 4","New","151.00","No",,"Yes","30","30","0","0","30","1251.97","0","0","0","0","0","0",
"YDMT2511159","X002GD5KBV","B0G2XKPSFP","Set of 6 Napkin Rings, Premium Gold Leaf Napkin Rings, Suitable for Dining Tables, Weddings, banquets, feasts, and Holidays","New","309.00","No",,"Yes","31","30","0","0","31","99.96","0","0","0","1","0","0",
"YDMT2511161","X002GD7B5T","B0G2XFWBYG","Face Fat Reducer, Double Chin Reducer, Silicone Face Mask For Women Skin Care Strap Tools Wrinkle Beauty","New","482.00","No",,"Yes","25","25","0","0","25","235.65","0","0","0","0","0","0",
"YDMT2511162","X002GD2ZMD","B0G2XTV7XM","KSEWJP Classic Skinny Satin Scrunchies, Anti-Hair-Breakage, Soft Silk-Like Hair Ties for Women, 6 Versatile Colors, Pack of 6","New","199.00","No",,"Yes","14","13","0","0","14","225.49","0","0","0","1","0","0",
"YDMT2511163","X002GD5NG3","B0G2XVK3K9","10ml Plastic Empty Mascara Tube Wand Eyelash Cream Container Bottle for Castor Oil Brush Kit Combo with Funnels Mascara Eyeliner For Women","New","259.00","No",,"Yes","72","71","0","1","72","246.63","0","0","0","0","0","0",
"YDMT2511165","X002GD93WN","B0G2XWN9FW","Hand Exerciser, Hand Strengthener for Carpal Tunnel Rlief, Grip Strength Trainer, Resistance Bands, Silicone Finger Gripper, Forearm Grip Workout, Finger Stretche","New","269.00","No",,"Yes","24","23","1","0","24","399.68","0","0","0","0","0","0",
"YDMT2511171","X002GDD293","B0G2Y1HTJ2","USB C Dust Plug, 4 Pack Type C Anti Dust Plug Cover Charging Port Protector Cap with Cleaning Brush for iPhone 15 Series, Samsung Galaxy S22/S21/S20, Note 20/10, All USB C Devices, Black","New","259.00","No",,"Yes","12","12","0","0","12","61.45","0","0","0","0","0","0",
"YDMT2511172","X002GDCJO7","B0G2Y5C18Z","KSEWJP Espresso Coffee Needle Stirrer, 6 Needles 304 Stainless Steel, Natural Wood Handle & Stand, Coffee Distribution Tool for Home & Cafe","New","199.00","No",,"Yes","21","21","0","0","21","135.03","0","0","0","0","0","0",
"YDMT2511173","X002GDFVQF","B0G2Y3X28J","3pcs French Banana Clips, Non-Slip Classic Large Hairstyle Claws, Fish Shaped Double Combs Hair Holder for Women Curly Straight Long Thick Thin Hair- Beige & Light Coffee & Black","New","229.00","No",,"Yes","22","22","0","0","22","152.73","0","0","0","0","0","0",
"YDMT2511175","X002GDFJYT","B0G2Y7ZC1H","KSEWJP Pet Finger Toothbrush for Dogs & Cats, Two-Finger Design with Soft Bristles, Gentle Dental Care, Easy Teeth Cleaning, for Small to Large Pets, Green, 1 Count","New","189.00","No",,"Yes","13","12","1","0","13","295.79","0","0","0","0","0","0",
"YDMT2511177","X002GDZCFF","B0G33FRQL5","KSEWJP Luggage Wheel Silicone Protector,Pack of 8PCS,Suitcase Wheel Cover Silicone,Noise Reduction,Anti Scratch,Fits Most Luggage or Office Chair Caster(Black)","New","199.00","No",,"Yes","28","27","1","0","28","699.73","0","0","0","0","0","0",
"YDMT251118-L","X002GBM2IH","B0G2Q1G88N","KSEWJP ​Women's High Waist Tummy Control Panties with Antibacterial Cotton Gusset, Breathable Shaper Shorts for Full Coverage(1 Piece Black) (in, Alpha, L)","New","305.00","No",,"Yes","18","18","0","0","18","487.52","0","0","0","0","0","0",
"YDMT251118-M","X002GBLZ5N","B0G2PP6QJY","KSEWJP Women’s High Waist Shaper Panty, Cotton Gusset, Tummy Control Full Coverage, High Stretch Breathable Fabric, Seamless Smooth Edge, Black, Size M, Hand Wash Only","New","305.00","No",,"Yes","23","23","0","0","23","541.26","0","0","0","0","0","0",
"YDMT251118-XL","X002GBB26F","B0G2PX15RF","KSEWJP ​Women's High Waist Tummy Control Panties with Antibacterial Cotton Gusset, Breathable Shaper Shorts for Full Coverage(1 Piece Black) (in, Alpha, XL)","New","305.00","No",,"Yes","15","15","0","0","15","541.26","0","0","0","0","0","0",
"YDMT2511183","X002GE2FJ5","B0G338XQPD","10pcs Guitar Silicone Finger Protector Color Fingertip Protection Covers Caps for Stringed Instruments, Sewing and Embroidery (Random Color)","New","269.00","No",,"Yes","19","18","1","0","19","0.33","0","0","0","0","0","0",
"YDMT2511185","X002GE3DHD","B0G3496G8F","KSEWJP 5ml Liquid Dropper 2Pcs, Food Grade Silicone & Plastic Transfer Pipette, Clear Measurement Scale, Easy Clean, Sky Blue & Pink, Multicolor","New","169.00","No",,"Yes","8","7","1","0","8","305.95","0","0","0","0","0","0",
"YDMT2511186","X002GE4R23","B0G34C33V6","Luxurious Metal Car Tyre Valve Cap Air Cap Car Tyre Valve Stem Cap Air Covers with Logo (Design NO 2)","New","259.00","No",,"Yes","34","34","0","0","34","49","0","0","0","0","0","0",
"YDMT2511188","X002GHZKTJ","B0G3TC9BNX","Back of Heel Inserts Cushion Pads for Women & Men 2 Pairs-Heel Grips Liner Shoe Insoles for Loose Sneaker, Shoes & Boots Heel Protector Filler Insert Pads, Too Big Boots, Shoe Fit and Comfort","New","229.00","No",,"Yes","0","0","0","0","0","219.75","0","0","0","0","0","0",
"YDMT251119-L","X002GBM6Q5","B0G2PC6735","KSEWJP Women's Lace Panty with Cotton Gusset | Sheer Mesh | Comfy & Lucky Underwear (3-Pack Women's Underwear) (in, Alpha, L)","New","519.00","No",,"Yes","5","5","0","0","5","757.25","0","0","0","0","0","0",
"YDMT251119-M","X002GBOW4J","B0G2Q2G1FS","KSEWJP Women's Lace Panty with Cotton Gusset | Sheer Mesh | Comfy & Lucky Underwear (3-Pack Women's Underwear) (in, Alpha, M)","New","469.00","No",,"Yes","6","6","0","0","6","757.25","0","0","0","0","0","0",
"YDMT251119-XL","X002GBP1VR","B0G2PTRWFR","KSEWJP Women's Lace Panty with Cotton Gusset | Sheer Mesh | Comfy & Lucky Underwear (3-Pack Women's Underwear) (in, Alpha, XL)","New","609.00","No",,"Yes","3","3","0","0","3","880.15","0","0","0","0","0","0",
"YDMT2511190","X002GI0PVL","B0G3TSCGPW","KSEWJP Detangler Hair Brush for Adults, Sky Blue, Ultra-Soft Flexible Bristles, Pain-Free for Wet Dry All Hair Types, Smooth Grip Handle","New","374.00","No",,"Yes","20","20","0","0","20","598.13","0","0","0","0","0","0",
"YDMT2511191","X002GHXF1T","B0G3TSHZBH","KSEWJP Transparent Protective Case for Samsung Galaxy Z Flip 6, Clear PC Hard Back & Soft TPU Frame, Shockproof Slim Cover, Wireless Charging Compatible","New","289.00","No",,"Yes","31","31","0","0","31","315.94","0","0","0","0","0","0",
"YDMT2511193","X002GHXDGV","B0G3V38W7F","KSEWJP Crystal Clear TPU Back Cover for Samsung Galaxy S24+ / S24 Plus, Anti-Water Stain, Slim Fit, Flexible Protective Phone Case","New","485.00","No",,"Yes","20","20","0","0","20","231.06","0","0","0","0","0","0",
"YDMT2511194","X002GI20WX","B0G3V4CCKT","4Pcs Hair Clips for Women Girls - Thick/Thin Alligator Claw Clips, Large Matte Duck Billed Barrettes, Neutral Hair Styling Accessories Gift Set","New","407.00","No",,"Yes","17","17","0","0","17","1036.81","0","0","0","0","0","0",
"YDMT2511195","X002GI4RXX","B0G3WLRVPT","KSEWJP 3.5cm Strap Width Black Elastic Suspenders for Men","New","259.00","No",,"Yes","29","29","0","0","29","630.08","0","0","0","0","0","0",
"YDMT2511196","X002GHWPSD","B0G3WNJJGY","KSEWJP Black Flexible TPU Protective Back Case Cover for Samsung Galaxy M31 Anti-Slip Anti-Fingerprint Slim Fit Phone Case","New","241.00","No",,"Yes","20","20","0","0","20","262.68","0","0","0","0","0","0",
"YDMT2511197","X002GI7AZF","B0G3WPKBZT","KSEWJP Ultra Hybrid Back Cover Case Compatible with iPhone SE(2022/2020)/8/7 (TPU + Poly Carbonate | Black)","New","559.00","No",,"Yes","14","14","0","0","14","472.77","0","0","0","0","0","0",
"YDMT2511198","X002GI8W1L","B0G3WR55FB","Bouquet Wrapping Paper, Flower Bouquet Wrapping Paper, Bouquet Paper Flower Packaging Decoration Wrinkled for Anniversary Engagement Thanksgiving White Greeting Cards","New","269.00","No",,"Yes","13","13","0","0","13","2691.41","0","0","0","0","0","0",
"YDMT251120","X002G9WEEV","B0G2GQPZRF","KSEWJP Women's Lace Panty with Cotton Gusset | Sheer Mesh | Comfy & Lucky Underwear (2-Pack Women's Underwear) Black Blue","New","399.00","No",,"Yes","2","2","0","0","2","534.55","0","0","0","0","0","0",
"YDMT2511201","X002GI98UP","B0G3WSV2Z5","2Pcs Phone Holder for Hand, Phone Ring Grip, Phone Back Holder Grip, Secure Phone Grip for One-Handed Operation(Gold+Silver)","New","169.00","No",,"Yes","0","0","0","0","0","59.32","0","0","0","0","0","0",
"YDMT2511202","X002GI9O5J","B0G3X1P78V","Transparent Phone Ring Stand Holder Mobile Phone Ring Holder Finger Grip 360 Degree Rotation (Bling Silver Transparent Round)","New","229.00","No",,"Yes","16","16","0","0","16","24.91","0","0","0","0","0","0",
"YDMT2511206","X002GIAV3X","B0G3X1ZFSJ","Mobile Ring Grip | Teddy Bear-Shaped Transparent Sticker | Bling Crystal Design for Stylish Phone Grip & Stand","New","109.00","No",,"Yes","29","28","1","0","29","52.93","0","0","0","0","0","0",
"YDMT2511207","X002GIFAQ1","B0G3X2YFQK","KSEWJP Cute Cherry Strawberry bag charms keychain purse accessories charm for women handbags Kawaii Flower Car Key Chain","New","299.00","No",,"Yes","18","18","0","0","18","83.57","0","0","0","0","0","0",
"YDMT2511208","X002GIBKSD","B0G3X15ZLS","KSEWJP Elastic No Tie Shoelaces, One Size Fits All","New","319.00","No",,"Yes","31","30","0","0","31","113.23","0","0","0","1","0","0",
"YDMT251121-M","X002GBLZKX","B0G2PV4SL2","KSEWJP Women's Lace Panty with Cotton Gusset | Sheer Mesh | Comfy & Lucky Underwear (3-Pack Women's Underwear) (in, Alpha, M)","New","359.00","No",,"Yes","7","7","0","0","7","453.1","0","0","0","0","0","0",
"YDMT2511210","X002GIX7KH","B0G412Y1LJ","KSEWJP 2PCS Selfie Mirror, Phone Mirror Stick On for Vlog Selfie Monitor Screen, Adjustable Makeup Tool for Travel","New","259.00","No",,"Yes","7","7","0","0","7","634.34","0","0","0","0","0","0",
"YDMT2511221-L","X002GJ7TTV","B0G43F61BK","KSEWJP Ice Silk Women's Summer Thin Padded Camisole lace Nightgown with lace Back (L) Gray-Blue","New","637.00","No",,"Yes","11","11","0","0","11","1360.78","0","0","0","0","0","0",
"YDMT2511221-M","X002GJ6OYH","B0G43DXR1W","KSEWJP Women’s Satin Sleeveless Nightgown, Lightweight Ice Silk Camisole with Built-in Padded, Lace Decor & Back Detail, Pull-On Style, Gray-Blue, Size M, Hand Wash Only","New","655.00","No",,"Yes","34","33","1","0","34","2529.67","0","0","0","0","0","0",
"YDMT2511221-XL","X002GJ5DMB","B0G43DKR6F","KSEWJP Women's Satin Camisole Nightgown Summer Thin Lightweight Lace Back V-Neck Sleep Dress Nightwear for Adults Gray-Blue","New","637.00","No",,"Yes","26","26","0","0","26","1360.78","0","0","0","0","0","0",
"YDMT251123-L","X002GBLCOH","B0G2Q1KGT4","KSEWJP Women's Mid High Waist Cotton Panties 3-Pack with Antibacterial Cotton Gusset | Full Coverage, No Muffin Top, Daily Lucky & Healthy Underwear (in, Alpha, L)","New","329.00","No",,"Yes","14","14","0","0","14","2812.35","0","0","0","0","0","0",
"YDMT251123-M","X002GBJBEP","B0G2Q1CSLF","KSEWJP Women's Mid High Waist Cotton Panties 3-Pack with Antibacterial Cotton Gusset | Full Coverage, No Muffin Top, Daily Lucky & Healthy Underwear (in, Alpha, M)","New","349.00","No",,"Yes","14","13","0","0","14","2812.35","0","0","0","1","0","0",
"YDMT2511243","X002GK711L","B0G46TL3WK","KSEWJP Lace Long-Sleeve Shirt Nightgown Elegant Loose Women's Homewear White","New","647.00","No",,"Yes","19","19","0","0","19","3337.39","0","0","0","0","0","0",
"YDMT2511244","X002GK70OT","B0G46VR5TD","KSEWJP Satin Lace Nightgown and Robe Set - Sexy and Elegant Women's Loungewear Two-Piece Set Navy Blue","New","829.00","No",,"Yes","9","9","0","0","9","3654.32","0","0","0","0","0","0",
"YDMT2511245","X002GKCU8F","B0G47CQ1NV","KSEWJP Women's Lace Camisole Nightgown Sexy Sheer Loose Home Wear White","New","759.00","No",,"Yes","1","1","0","0","1","6239.7","0","0","0","0","0","0",
"YDMT2511247","X002GK1J23","B0G44SRQ3W","KSEWJP Transparent Telescopic Balloon Phone Stand, Foldable Adjustable Desktop Support, Anti‑Slip Grip, Universal for All Phones, Lightweight PC TPU, White","New","214.00","No",,"Yes","18","18","0","0","18","147.32","0","0","0","0","0","0",
"YDMT2511248","X002GJZEQ1","B0G44T1WP2","KSEWJP Gradient Colorful Airbag Phone Stand Retractable Foldable Anti-Drop Mobile Grip Holder for Smartphones & Tablets","New","220.00","No",,"Yes","18","17","0","0","18","67.35","0","0","0","1","0","0",
"YDMT2511249-L","X002GLQLB1","B0G4CPK264","KSEWJP Satin Lace Embroidered Camisole Nightgown Sexy Deep V Women's Loungewear (L) Black","New","727.00","No",,"Yes","10","10","0","0","10","1781.11","0","0","0","0","0","0",
"YDMT2511249-XL","X002GLQA8P","B0G4CHQ3Y9","KSEWJP Satin Lace Embroidered Camisole Nightgown Sexy Deep V Women's Loungewear (XL) Black","New","637.00","No",,"Yes","18","18","0","0","18","1781.11","0","0","0","0","0","0",
"YDMT2511250-L","X002GLKTPF","B0G4CJTSNX","KSEWJP Satin Camisole Nightgown Loose Slit Sexy Women's Loungewear (L) Light Purple","New","538.00","No",,"Yes","7","7","0","0","7","1663.45","0","0","0","0","0","0",
"YDMT2511250-M","X002GLKTFF","B0G4CPJ2Z2","KSEWJP Satin Camisole Nightgown Loose Slit Sexy Women's Loungewear (M) Light Purple","New","512.00","No",,"Yes","1","1","0","0","1","99.96","0","0","0","0","0","0",
"YDMT2511250-XL","X002GLMQP1","B0G4CP1VTT","KSEWJP Satin Camisole Nightgown Loose Slit Sexy Women's Loungewear (XL) Light Purple","New","548.00","No",,"Yes","3","3","0","0","3","99.96","0","0","0","0","0","0",
"YDMT2511251-L","X002GLU8GZ","B0G4CHT5H3","KSEWJP Satin Camisole Nightgown Loose Slit Sexy Women's Loungewear (L) Pink","New","502.00","No",,"Yes","5","5","0","0","5","895.39","0","0","0","0","0","0",
"YDMT2511251-M","X002GLP9WN","B0G4CM2MS2","KSEWJP Satin Camisole Nightgown Loose Slit Sexy Women's Loungewear (M) Pink","New","503.00","No",,"Yes","6","6","0","0","6","895.39","0","0","0","0","0","0",
"YDMT2511251-XL","X002GLKZ45","B0G4CMG8LC","KSEWJP Satin Camisole Nightgown Loose Slit Sexy Women's Loungewear (XL) Pink","New","619.00","No",,"Yes","7","6","0","1","7","895.39","0","0","0","0","0","0",
"YDMT2511252-M","X002GLMFFH","B0G4CHVCPB","KSEWJP Satin Lace Camisole Nightgown Sexy V-Neck Women's Loungewear (M) Black","New","569.00","No",,"Yes","14","14","0","0","14","1301.95","0","0","0","0","0","0",
"YDMT2511253-L","X002GLMWLJ","B0G4CP3NJR","KSEWJP Lace Deep V Backless Camisole Nightgown Long Sexy Women's Homewear (L) Red","New","610.00","No",,"Yes","6","6","0","0","6","4479.08","0","0","0","0","0","0",
"YDMT2511253-M","X002GLPB3P","B0G4CM4ZZX","KSEWJP Lace Deep V Backless Camisole Nightgown Long Sexy Women's Homewear (M) Red","New","565.00","No",,"Yes","5","5","0","0","5","2960.98","0","0","0","0","0","0",
"YDMT2511254","X002GLQI4B","B0G4CPJYRC","KSEWJP Lace Camisole Pajamas for Women, Sexy Nightgown with Padded Bra, Home Wear, Caramel Color","New","769.00","No",,"Yes","17","17","0","0","17","3243.66","0","0","0","0","0","0",
"YDMT2511255-L","X002GLNJMZ","B0G4CNF1Z4","KSEWJP Blue Doll Collar Nightgown for Women, Sweet Princess Style Short Sleeve Long Pajamas (L)","New","909.00","No",,"Yes","0","0","0","0","0","5787.75","0","0","0","0","0","0",
"YDMT2511255-M","X002GLRSYF","B0G4CWB9YB","KSEWJP Blue Doll Collar Nightgown for Women, Sweet Princess Style Short Sleeve Long Pajamas (M)","New","939.00","No",,"Yes","0","0","0","0","0","7137.39","0","0","0","0","0","0",
"YDMT2511256","X002GLTOWT","B0G4CSRYFW","KSEWJP Women's Camisole Pajamas Sexy Silk Nightgown Deep V Design Dress Black","New","620.00","No",,"Yes","8","8","0","0","8","2047.56","0","0","0","0","0","0",
"YDMT2511257-L","X002GLQW6Z","B0G4CSYJNF","KSEWJP Women's Black Camisole Nightgown Sleeveless Deep V Neck Lace Mesh Lining Slip Dress Nightwear for Adults","New","637.00","No",,"Yes","23","23","0","0","23","2054.12","0","0","0","0","0","0",
"YDMT2511257-M","X002GLUQ99","B0G4CNGF8J","KSEWJP Women's Solid Black Sleeveless Nightgown, Polyester Spandex Soft Fabric, Deep V Neck with Lace Mesh Detail, Pull-On Style, Size M, Hand Wash Only","New","709.00","No",,"Yes","22","22","0","0","22","1933.02","0","0","0","0","0","0",
"YDMT2511258-L","X002GLNNHB","B0G4CS3DRN","KSEWJP Women's lace Camisole Nightgown, Sexy deep V Design, Black (L)","New","647.00","No",,"Yes","4","4","0","0","4","4766.18","0","0","0","0","0","0",
"YDMT2511258-M","X002GLL50D","B0G4CTG2XQ","KSEWJP Women's lace Camisole Nightgown, Sexy deep V Design, Black (M)","New","647.00","No",,"Yes","6","6","0","0","6","4766.18","0","0","0","0","0","0",
"YDMT2511258-XL","X002GLTDXJ","B0G4CS98R1","KSEWJP Women's lace Camisole Nightgown, Sexy deep V Design, Black (XL)","New","709.00","No",,"Yes","4","4","0","0","4","4766.18","0","0","0","0","0","0",
"YDMT2511259","X002GLL5LH","B0G4CVGSWJ","KSEWJP Lace Camisole Nightgown for Women, Sexy Silk Slip Dress with Deep V and Open Back Design Black","New","646.00","No",,"Yes","5","5","0","0","5","1685.74","0","0","0","0","0","0",
"YDMT251126","X002G9I7UB","B0G2GTM4V7","KSEWJP Women's Lace Panty with Cotton Gusset | Sheer Mesh | Comfy & Lucky Underwear (3-Pack Women's Underwear)","New","521.00","No",,"Yes","8","8","0","0","8","737.25","0","0","0","0","0","0",
"YDMT2511260","X002GMCY5R","B0G4FNSWTB","KSEWJP Cute Keychain for Girls with Tassel and Butterfly Pendant, Personalized Letter S Key Chain for Bag","New","249.00","No",,"Yes","12","10","2","0","12","84.39","0","0","0","0","0","0",
"YDMT2511261","X002GMCIQH","B0G4FQK8NP","Set of 4 Metal Carabiner Keychains, Suitable for Keys, Backpacks, and Charms","New","179.00","No",,"Yes","18","18","0","0","18","187.14","0","0","0","0","0","0",
"YDMT2511262","X002GMEBMV","B0G4FNHBTM","KSEWJP Cherry Keychain, Pink Glitter Cherry Bag Charm, Elegant Key Ring for Women,Cute Keychains for Girls, Perfect for Car Interior and Home Decor Accessory","New","279.00","No",,"Yes","18","18","0","0","18","63.09","0","0","0","0","0","0",
"YDMT2511263","X002GMBOL7","B0G4FTBM74","KSEWJP 3 pc Mini Cat Bag Hanging Keychain | Cute Earphones Case Pendant | Random 3 Colors Will Be Sent","New","119.00","No",,"Yes","28","27","0","0","28","39.82","0","0","0","1","0","0",
"YDMT2511264","X002GMBOPX","B0G4FRNCZF","KSEWJP Fashion Alphabet Initial Letter Keychain Tassel Butterfly Pendant Key Ring for Purse Handbags Women Girl","New","269.00","No",,"Yes","28","27","0","0","28","97.67","0","0","0","1","0","0",
"YDMT2511265","X002GMDK2X","B0G4FX2M3Y","KSEWJP 2 PCS Cat Keychain Set, Unique Keyrings with Playful Design, Perfect for Cat Lovers","New","229.00","No",,"Yes","10","10","0","0","10","142.08","0","0","0","0","0","0",
"YDMT2511266","X002GMD78Z","B0G4FYC52N","KSEWJP Black Professional Detangling Hair Brush Anti-Static Gentle Scalp Care for Wet Dry Hair All Hair Types Men Women","New","286.00","No",,"Yes","20","20","0","0","20","1332.92","0","0","0","0","0","0",
"YDMT2511267","X002GMHVF5","B0G4GBQS1Q","KSEWJP Black 3-in-1 Guitar Tool Kit Winder String Pinner String Cutter for Guitar Repair Maintenance","New","340.00","No",,"Yes","20","20","0","0","20","446.22","0","0","0","0","0","0",
"YDMT2511268","X002GMD0AP","B0G4FYQMML","KSEWJP 3Pcs Rotatable Phone Tether Tab, Phone Tag, Universal Phone Lanyard Patch, Cell Phone Replacement Pad, Compatible for iPhone & Other Cell Phone, Silver + Black + Gold","New","269.00","No",,"Yes","2","2","0","0","2","48.51","0","0","0","0","0","0",
"YDMT2511269","X002GMD0B9","B0G4G39KR8","2 Pack Breathable Sports Band for Men- Sweat Free Knit Wrist Band for Basketball, Badminton, Gym, Tennis, Volleyball - Flexible Joint Protection for Workouts","New","480.00","No",,"Yes","35","35","0","0","35","230.89","0","0","0","0","0","0",
"YDMT251127","X002G9U7S1","B0G2GRLWY5","KSEWJP Women's Lace Panty with Cotton Gusset | Sheer Mesh | Comfy & Lucky Underwear (2-Pack Women's Underwear) Black Gray","New","349.00","No",,"Yes","23","23","0","0","23","491.28","0","0","0","0","0","0",
"YDMT251128","X002G9TBSN","B0G2GR579P","KSEWJP Women's Lace Panty with Cotton Gusset | Sheer Mesh | Comfy & Lucky Underwear (2-Pack Women's Underwear)","New","385.00","No",,"Yes","8","8","0","0","8","724.47","0","0","0","0","0","0",
"YDMT251129","X002G9WFNV","B0G2GV3WYF","KSEWJP Women's Lace Panty with Cotton Gusset | Sheer Mesh | Comfy & Lucky Underwear (2-Pack Women's Underwear) Black White","New","369.00","No",,"Yes","8","8","0","0","8","503.9","0","0","0","0","0","0",
"YDMT251130","X002G9U8P3","B0G2GT3W52","KSEWJP Women's Lace Panty with Cotton Gusset | Sheer Mesh | Comfy & Lucky Underwear (2-Pack Women's Underwear) Gray White","New","278.00","No",,"Yes","11","11","0","0","11","480.3","0","0","0","0","0","0",
"YDMT251131","X002G9IAJT","B0G2GTT4JR","KSEWJP Women's Lace Panty with Cotton Gusset | Sheer Mesh | Comfy & Lucky Underwear (2-Pack Women's Underwear)","New","287.00","No",,"Yes","7","7","0","0","7","376.74","0","0","0","0","0","0",
"YDMT251132","X002G9SO59","B0G2GS9TZ2","KSEWJP Women's Lace Panty with Cotton Gusset | Sheer Mesh | Comfy & Lucky Underwear (2-Pack Women's Underwear) Black Green","New","469.00","No",,"Yes","4","4","0","0","4","492.43","0","0","0","0","0","0",
"YDMT251134","X002G9UR63","B0G2GZTBR1","KSEWJP Women's Lace Panty with Cotton Gusset | Sheer Mesh | Comfy & Lucky Underwear (2-Pack Women's Underwear) Black Purple","New","279.00","No",,"Yes","1","1","0","0","1","461.62","0","0","0","0","0","0",
"YDMT251135","X002G9UU01","B0G2GQCXC5","KSEWJP Women's Lace Panty with Cotton Gusset | Sheer Mesh | Comfy & Lucky Underwear (2-Pack Women's Underwear) Green Black","New","269.00","No",,"Yes","9","9","0","0","9","498","0","0","0","0","0","0",
"YDMT251136-L","X002GBO89N","B0G2QJ19TX","KSEWJP Men's Boxer Underwear with Cotton Gusset | Antibacterial, Breathable & Soft | Loose Fit Daily Shorts (in, Alpha, L) Green","New","549.00","No",,"Yes","0","0","0","0","0","811.49","0","0","0","0","0","0",
"YDMT251136-XXL","X002GBKBFN","B0G2QLN571","KSEWJP Men's Boxer Underwear with Cotton Gusset | Antibacterial, Breathable & Soft | Loose Fit Daily Shorts (in, Alpha, 2XL) Green","New","399.00","No",,"Yes","4","4","0","0","4","3344.44","0","0","0","0","0","0",
"YDMT251137-L","X002GBZE2D","B0G2S1R5CP","KSEWJP Men's Boxer Underwear with Cotton Gusset | Antibacterial, Breathable & Soft | Loose Fit Daily Shorts (in, Alpha, L) Dark Gray","New","499.00","No",,"Yes","0","0","0","0","0","1095.97","0","0","0","0","0","0",
"YDMT251137-XL","X002GC4ED7","B0G2S3YWVT","KSEWJP Men's Boxer Underwear with Cotton Gusset | Antibacterial, Breathable & Soft | Loose Fit Daily Shorts (in, Alpha, XL) Dark Gray","New","539.00","No",,"Yes","0","0","0","0","0","1095.97","0","0","0","0","0","0",
"YDMT251137-XXL","X002GBY7BR","B0G2S3FRQX","KSEWJP Men's Boxer Underwear with Cotton Gusset | Antibacterial, Breathable & Soft | Loose Fit Daily Shorts (in, Alpha, 2XL) Dark Gray","New","499.00","No",,"Yes","0","0","0","0","0","1095.97","0","0","0","0","0","0",
"YDMT251139","X002G9XC7T","B0G2GZY1XT","KSEWJP Women’s Lace Panty with Cotton Gusset, Sheer Mesh Fabric, Low Rise Slim Fit, High Stretch, Breathable, Beige Rose Floral Pattern, Size M, Hand Wash Only, 1-Pack","New","339.00","No",,"Yes","24","24","0","0","24","725.95","0","0","0","0","0","0",
"YDMT251140","X002G9UUF1","B0G2GXJWBB","KSEWJP ​Women's High Waist Tummy Control Panties with Antibacterial Cotton Gusset, Breathable Shaper Shorts for Full Coverage Black","New","359.00","No",,"Yes","0","0","0","0","0","520.13","0","0","0","0","0","0",
"YDMT251141-L","X002G9U4EX","B0G2GZL8FT","KSEWJP ​Women's High Waist Tummy Control Panties with Antibacterial Cotton Gusset, Breathable Shaper Shorts for Full Coverage (in, Alpha, L) Black","New","475.00","No",,"Yes","18","18","0","0","18","511.6","0","0","0","0","0","0",
"YDMT251141-XL","X002G9UUTR","B0G2GY12YJ","KSEWJP Women's High Waist Full Coverage Briefs, Cotton Gusset, Breathable Stretch Fabric, Tummy Smoothing Shaper Shorts, Pack of 2 Black","New","431.00","No",,"Yes","20","20","0","0","20","511.6","0","0","0","0","0","0",
"YDMT251142","X002G9XOTP","B0G2H3RMMD","KSEWJP Women’s Lace Panty 2-Pack, Sheer Mesh Design with Cotton Gusset, Low Rise, High Stretch, Seamless Smooth Edge, Solid Color White & Light Pink, Size M, Hand Wash Only","New","278.00","No",,"Yes","19","19","0","0","19","402.47","0","0","0","0","0","0",
"YDMT251144-M","X002GC2YNT","B0G2S983PC","KSEWJP ​Women's High Waist Tummy Control Panties with Antibacterial Cotton Gusset, Breathable Shaper Shorts for Full Coverage (in, Alpha, M) Light Gray","New","149.00","No",,"Yes","8","8","0","0","8","291.69","0","0","0","0","0","0",
"YDMT251147","X002GC0QST","B0G2S7392X","KSEWJP Men's Boxer Underwear with Cotton Gusset | Antibacterial, Breathable & Soft | Loose Fit Daily Shorts Black Blue","New","278.00","No",,"Yes","5","5","0","0","5","1003.05","0","0","0","0","0","0",
"YDMT251148-L","X002GC13YP","B0G2S52WCF","KSEWJP Men's Boxer Underwear with Cotton Gusset | Antibacterial, Breathable & Soft | Loose Fit Daily Shorts (in, Alpha, L)","New","296.00","No",,"Yes","2","2","0","0","2","849.34","0","0","0","0","0","0",
"YDMT251150","X002GC6B51","B0G2S5FHR1","KSEWJP Men's Boxer Underwear with Cotton Gusset | Antibacterial, Breathable & Soft | Loose Fit Daily Shorts Multicolour","New","499.00","No",,"Yes","6","6","0","0","6","2050.51","0","0","0","0","0","0",
"YDMT251152","X002GCW7Y5","B0G2VHK78H","KSEWJP ​Women's High Waist Tummy Control Panties with Antibacterial Cotton Gusset, Breathable Shaper Shorts for Full Coverage Black","New","278.00","No",,"Yes","6","6","0","0","6","610.58","0","0","0","0","0","0",
"YDMT251153","X002GCSQDV","B0G2VJRJNV","KSEWJP ​Women's High Waist Tummy Control Panties with Antibacterial Cotton Gusset, Breathable Shaper Shorts for Full Coverage 1 Piece Black","New","359.00","No",,"Yes","3","3","0","0","3","872.28","0","0","0","0","0","0",
"YDMT251154","X002GCTV9J","B0G2VJZ7X7","KSEWJP Men's Boxer Underwear with Cotton Gusset | Antibacterial, Breathable & Soft | Loose Fit Daily Shorts Ocean Blue","New","278.00","No",,"Yes","9","9","0","0","9","820.5","0","0","0","0","0","0",
"YDMT251155","X002GCTOBT","B0G2VN3QMP","KSEWJP Women's Mid High Waist Cotton Panties 1-Pack with Antibacterial Cotton Gusset | Full Coverage, No Muffin Top, Daily Lucky & Healthy Underwear Khaki","New","233.00","No",,"Yes","7","7","0","0","7","459.33","0","0","0","0","0","0",
"YDMT251157","X002GCQH6T","B0G2VNYGJH","KSEWJP Women's Lace Panty with Cotton Gusset | Sheer Mesh | Comfy & Lucky Underwear (2-Pack Women's Underwear)","New","278.00","No",,"Yes","5","5","0","0","5","504.39","0","0","0","0","0","0",
"YDMT251158","X002G9X8L9","B0G2GN5389","KSEWJP Women's Lace Panty with Cotton Gusset | Sheer Mesh | Comfy & Lucky Underwear (2-Pack Women's Underwear)","New","349.00","No",,"Yes","7","7","0","0","7","675.31","0","0","0","0","0","0",
"YDMT251159","X002G9X8MN","B0G2GNTYKZ","KSEWJP Women's Lace Panty with Cotton Gusset | Sheer Mesh | Comfy & Lucky Underwear (2-Pack Women's Underwear)","New","197.00","No",,"Yes","8","8","0","0","8","443.76","0","0","0","0","0","0",
"YDMT251160","X002G9T4AX","B0G2GSM41G","KSEWJP Women's Lace Panty with Cotton Gusset | Sheer Mesh | Comfy & Lucky Underwear (2-Pack Women's Underwear)","New","197.00","No",,"Yes","10","10","0","0","10","484.24","0","0","0","0","0","0",
"YDMT251162","X002G9WLXZ","B0G2GPTVSG","KSEWJP Women's Underwear - 2-Piece Set, lace Design, Breathable and Comfortable, Cotton Crotch, Suitable for Everyday wear and Sleep","New","314.00","No",,"Yes","1","1","0","0","1","517.5","0","0","0","0","0","0",
"YDMT251163","X002G9KF5L","B0G2GPF4Q5","KSEWJP Women's Lace Panty with Cotton Gusset | Sheer Mesh | Comfy & Lucky Underwear (2-Pack Women's Underwear) Gray and Blue","New","305.00","No",,"Yes","6","6","0","0","6","429.83","0","0","0","0","0","0",
"YDMT251164","X002G9WI8X","B0G2GRG4Y7","KSEWJP Women's Mid Rise Lace Panties, Sheer Mesh, Cotton Gusset, High Stretch Comfort, Invisible Seamless (Pack of 2)","New","143.00","No",,"Yes","21","21","0","0","21","472.93","0","0","0","0","0","0",
"YDMT251165","X002G9QUAP","B0G2GQJJK3","KSEWJP Women's Lace Panty with Cotton Gusset | Sheer Mesh | Comfy & Lucky Underwear (2-Pack Women's Underwear)","New","161.00","No",,"Yes","10","10","0","0","10","572.24","0","0","0","0","0","0",
"YDMT251166-XL","X002G9T54X","B0G2GR882Z","KSEWJP Men's Boxer Underwear with Cotton Gusset | Antibacterial, Breathable & Soft | Loose Fit Daily Shorts (in, Alpha, XL) Red","New","359.00","No",,"Yes","7","7","0","0","7","1594.46","0","0","0","0","0","0",
"YDMT251167-L","X002G9UBPP","B0G2GVMYKR","KSEWJP Men's Boxer Underwear with Cotton Gusset | Antibacterial, Breathable & Soft | Loose Fit Daily Shorts (in, Alpha, L)","New","224.00","No",,"Yes","16","16","0","0","16","1053.36","0","0","0","0","0","0",
"YDMT251167-XL","X002G9UQXR","B0G2GVH254","KSEWJP Men's Boxer Underwear with Cotton Gusset | Antibacterial, Breathable & Soft | Loose Fit Daily Shorts (in, Alpha, XL)","New","224.00","No",,"Yes","14","14","0","0","14","1053.36","0","0","0","0","0","0",
"YDMT251168-L","X002G9UQIR","B0G2GWJR53","KSEWJP Men's Boxer Underwear with Cotton Gusset | Antibacterial, Breathable & Soft | Loose Fit Daily Shorts (in, Alpha, L)","New","224.00","No",,"Yes","14","14","0","0","14","1062.21","0","0","0","0","0","0",
"YDMT251169","X002GA13AB","B0G2GVS1HV","KSEWJP Men's Boxer Underwear with Cotton Gusset | Antibacterial, Breathable & Soft | Loose Fit Daily Shorts","New","249.00","No",,"Yes","6","6","0","0","6","1451.57","0","0","0","0","0","0",
"YDMT251170-L","X002G9W80V","B0G2GXJFHG","KSEWJP Men's Boxer Underwear with Cotton Gusset | Antibacterial, Breathable & Soft | Loose Fit Daily Shorts (in, Alpha, L) Black","New","197.00","No",,"Yes","8","8","0","0","8","696.94","0","0","0","0","0","0",
"YDMT251171-XL","X002G9U0O7","B0G2GXHMYB","KSEWJP Men's Boxer Underwear with Cotton Gusset | Antibacterial, Breathable & Soft | Loose Fit Daily Shorts (in, Alpha, XL) Gray","New","197.00","No",,"Yes","5","5","0","0","5","887.36","0","0","0","0","0","0",
"YDMT251178-L","X002G9WTY1","B0G2GY5ZKN","KSEWJP Women's Lace Panty with Cotton Gusset | Sheer Mesh | Comfy & Lucky Underwear (2-Pack Women's Underwear) (in, Alpha, L)","New","350.00","No",,"Yes","2","2","0","0","2","603.7","0","0","0","0","0","0",
"YDMT251178-M","X002G9VZK5","B0G2H2L858","KSEWJP Women's Lace Panty with Cotton Gusset | Sheer Mesh | Comfy & Lucky Underwear (2-Pack Women's Underwear) (in, Alpha, M)","New","305.00","No",,"Yes","12","12","0","0","12","603.7","0","0","0","0","0","0",
"YDMT251178-XL","X002G9KHU9","B0G2GXC55R","KSEWJP Women's Lace Panty with Cotton Gusset | Sheer Mesh | Comfy & Lucky Underwear (2-Pack Women's Underwear) (in, Alpha, XL)","New","439.00","No",,"Yes","1","1","0","0","1","603.7","0","0","0","0","0","0",
"YDMT251182-M","X002GATA6P","B0G2LLHV1Z","Breathable Women's Summer Shorts, Casual High Waist Shorts for Hot Weather, Vacation & Daily Use Comfort Shorts (IN, Alpha, M)","New","449.00","No",,"Yes","7","7","0","0","7","3123.54","0","0","0","0","0","0",
"YDMT251183-L","X002GATM9P","B0G2LJ916T","KSEWJP Men's Summer Casual Shorts, Lightweight, Quick-Drying, Breathable with Pockets, Comfortable for Walking and Beachwear (in, Alpha, L) Black","New","278.00","No",,"Yes","7","7","0","0","7","1318.34","0","0","0","0","0","0",
"YDMT251184-L","X002GAQZOP","B0G2LSGSKQ","KSEWJP Men's Summer Shorts for Casual Wear, Lightweight Quick Dry Breathable Shorts with Pockets, Comfortable Walking Beach (in, Alpha, L) Khaki","New","322.00","No",,"Yes","10","10","0","0","10","5040.01","0","0","0","0","0","0",
"YDMT251184-XL","X002GASODZ","B0G2LNNJLK","KSEWJP Men's Summer Shorts for Casual Wear, Lightweight Quick Dry Breathable Shorts with Pockets, Comfortable Walking Beach (in, Alpha, XL) Khaki","New","251.00","No",,"Yes","10","10","0","0","10","5040.01","0","0","0","0","0","0",
"YDMT251184-XXL","X002GARNEL","B0G2LNP7LP","KSEWJP Men's Summer Shorts for Casual Wear, Lightweight Quick Dry Breathable Shorts with Pockets, Comfortable Walking Beach (in, Alpha, 2XL) Khaki","New","287.00","No",,"Yes","6","6","0","0","6","5040.01","0","0","0","0","0","0",
"YDMT251185-L","X002GAWNZF","B0G2LQ295X","KSEWJP Men's Summer Casual Shorts, Lightweight, Quick-Drying, Breathable with Pockets, Comfortable for Walking and Beachwear (in, Alpha, L) Dark Gray","New","278.00","No",,"Yes","12","12","0","0","12","7041.03","0","0","0","0","0","0",
"YDMT251185-XL","X002GAWAIF","B0G2LPNGFP","KSEWJP Men's Summer Casual Shorts, Lightweight, Quick-Drying, Breathable with Pockets, Comfortable for Walking and Beachwear (in, Alpha, XL) Dark Gray","New","278.00","No",,"Yes","4","4","0","0","4","7041.03","0","0","0","0","0","0",
"YDMT251188-L","X002GB1LEN","B0G2LQF9QB","KSEWJP Breathable Women's Summer Shorts, Casual High Waist Shorts for Hot Weather, Vacation & Daily Use Comfort Shorts (in, Alpha, L) Black","New","349.00","No",,"Yes","4","4","0","0","4","4498.41","0","0","0","0","0","0",
"YDMT251188-M","X002GAUO6Z","B0G2LQBBDR","KSEWJP Breathable Women's Summer Shorts, Casual High Waist Shorts for Hot Weather, Vacation & Daily Use Comfort Shorts (in, Alpha, M) Black","New","304.00","No",,"Yes","11","11","0","0","11","4498.41","0","0","0","0","0","0",
"YDMT251188-XL","X002GAORMH","B0G2LS62QP","KSEWJP Breathable Women's Summer Shorts, Casual High Waist Shorts for Hot Weather, Vacation & Daily Use Comfort Shorts (in, Alpha, XL) Black","New","426.00","No",,"Yes","11","11","0","0","11","4498.41","0","0","0","0","0","0",
"YDMT251189-L","X002GAVVDZ","B0G2LWKC8C","KSEWJP Men's Summer Shorts for Casual Wear, Lightweight Quick Dry Breathable Shorts with Pockets, Comfortable Walking Beach (in, Alpha, L)","New","299.00","No",,"Yes","13","12","1","0","13","3723.14","0","0","0","0","0","0",
"YDMT251189-XL","X002GAZRF3","B0G2LVCKHW","KSEWJP Men's Summer Shorts for Casual Wear, Lightweight Quick Dry Breathable Shorts with Pockets, Comfortable Walking Beach (in, Alpha, XL)","New","250.00","No",,"Yes","11","11","0","0","11","2289.44","0","0","0","0","0","0",
"YDMT251189-XXL","X002GB09F5","B0G2LSR7G5","KSEWJP Men's Summer Shorts for Casual Wear, Lightweight Quick Dry Breathable Shorts with Pockets, Comfortable Walking Beach (in, Alpha, 2XL)","New","206.00","No",,"Yes","9","8","1","0","9","2289.44","0","0","0","0","0","0",
"YDMT251190-L","X002GAZJ6F","B0G2LYKCP5","KSEWJP Men's Summer Shorts for Casual Wear, Lightweight Quick Dry Breathable Shorts with Pockets, Comfortable Walking Beach (in, Alpha, L)","New","260.00","No",,"Yes","16","16","0","0","16","4727.5","0","0","0","0","0","0",
"YDMT251190-XXL","X002GAUTDN","B0G2LWMLLD","KSEWJP Men's Summer Shorts for Casual Wear, Lightweight Quick Dry Breathable Shorts with Pockets, Comfortable Walking Beach (in, Alpha, 2XL)","New","251.00","No",,"Yes","1","1","0","0","1","4866.3","0","0","0","0","0","0",
"YDMT251191","X002GAZJ65","B0G2LVZVMG","KSEWJP Breathable Women's Summer Shorts, Casual High Waist Shorts for Hot Weather, Vacation & Daily Use Comfort Shorts Gray-Blue","New","188.00","No",,"Yes","4","4","0","0","4","830.5","0","0","0","0","0","0",
"YDMT251197-L","X002GAW8BJ","B0G2M1C8VL","KSEWJP Men's Summer Casual Black Shorts, Lightweight, Quick-Drying, Breathable Shorts with Pockets, Comfortable for Walking and Beach wear (in, Alpha, L)","New","322.00","No",,"Yes","10","10","0","0","10","1483.19","0","0","0","0","0","0",
"YDMT251198-L","X002GAZGGX","B0G2LYTJJN","KSEWJP Men's Summer Shorts for Casual Wear, Lightweight Quick Dry Breathable Shorts with Pockets, Comfortable Walking Beach (in, Alpha, L) Grey","New","305.00","No",,"Yes","6","6","0","0","6","4749.14","0","0","0","0","0","0",
"YDMT251199-L","X002GAXLKB","B0G2LWN2BH","KSEWJP Men's Summer Shorts for Casual Wear, Lightweight Quick Dry Breathable Shorts with Pockets, Comfortable Walking Beach (in, Alpha, L) Tangerine","New","369.00","No",,"Yes","13","13","0","0","13","4087.43","0","0","0","0","0","0",
"YDMT251199-XL","X002GAY01P","B0G2LYFM9X","KSEWJP Men's Summer Shorts for Casual Wear, Lightweight Quick Dry Breathable Shorts with Pockets, Comfortable Walking Beach (in, Alpha, XL) Tangerine","New","419.00","No",,"Yes","5","5","0","0","5","4087.43","0","0","0","0","0","0",
"YDMT251199-XXL","X002GB2MFP","B0G2LZ8WC9","KSEWJP Men's Summer Shorts for Casual Wear, Lightweight Quick Dry Breathable Shorts with Pockets, Comfortable Walking Beach (in, Alpha, 2XL) Tangerine","New","395.00","No",,"Yes","4","3","1","0","4","1847.31","0","0","0","0","0","0",
"YDMT251201-L","X002GN9DYL","B0G4M6GJCC","KSEWJP Satin Slip Nightgown Sexy Bow Loungewear (L) Burgundy","New","655.00","No",,"Yes","6","6","0","0","6","3248.9","0","0","0","0","0","0",
"YDMT251201-M","X002GNBY9N","B0G4M6SKQW","KSEWJP Satin Slip Nightgown Sexy Bow Loungewear (M) Burgundy","New","637.00","No",,"Yes","6","6","0","0","6","3248.9","0","0","0","0","0","0",
"YDMT251201-XL","X002GNDJU5","B0G4M6MDB2","KSEWJP Satin Slip Nightgown Sexy Bow Loungewear (XL) Burgundy","New","637.00","No",,"Yes","6","6","0","0","6","3248.9","0","0","0","0","0","0",
"YDMT251202-L","X002GNDD7T","B0G4M6C8C7","KSEWJP Lace Floral Sheer Slip Nightdress Pure and Innocent Style Women's Loungewear (L) White","New","779.00","No",,"Yes","1","0","1","0","1","1677.71","0","0","0","0","0","0",
"YDMT251202-XL","X002GNHN1B","B0G4M4N4BV","KSEWJP Lace Floral Sheer Slip Nightdress Pure and Innocent Style Women's Loungewear (XL) White","New","566.00","No",,"Yes","2","2","0","0","2","1677.71","0","0","0","0","0","0",
"YDMT251203","X002GNEWER","B0G4M5Z5VY","KSEWJP Satin Lace Camisole Nightgown Sexy Deep V Women's Loungewear Olive Green","New","605.00","No",,"Yes","19","19","0","0","19","1906.31","0","0","0","0","0","0",
"YDMT251204-XL","X002GNFXSV","B0G4M2WRNS","KSEWJP Ink Wash Satin Slip Dress with Lace Trim, Loose Women's Loungewear (XL) Black and White","New","759.00","No",,"Yes","0","0","0","0","0","2263.71","0","0","0","0","0","0",
"YDMT251206-L","X002GNC2M1","B0G4M7JK1K","KSEWJP White Satin Doll Collar Nightgown Long Sleeve Ruffle Women's Loungewear (L)","New","448.00","No",,"Yes","8","8","0","0","8","2725","0","0","0","0","0","0",
"YDMT251206-M","X002GNG44N","B0G4M61STW","KSEWJP White Satin Doll Collar Nightgown Long Sleeve Ruffle Women's Loungewear (M)","New","493.00","No",,"Yes","10","10","0","0","10","2725","0","0","0","0","0","0",
"YDMT251206-XL","X002GN44SB","B0G4M72F71","KSEWJP White Satin Doll Collar Nightgown Long Sleeve Ruffle Women's Loungewear (XL)","New","493.00","No",,"Yes","11","11","0","0","11","2725","0","0","0","0","0","0",
"YDMT251207-M","X002GNI1LR","B0G4M7M3QC","KSEWJP Striped Doll Collar Nightgown with Long Sleeves and Ruffle Trim Women's Homewear (M) Blue","New","502.00","No",,"Yes","9","9","0","0","9","4495.3","0","0","0","0","0","0",
"YDMT251207-XL","X002GNC85H","B0G4M41F85","KSEWJP Striped Doll Collar Nightgown with Long Sleeves and Ruffle Trim Women's Homewear (XL) Blue","New","503.00","No",,"Yes","19","18","1","0","19","4495.3","0","0","0","0","0","0",
"YDMT251208","X002GN9IUZ","B0G4M6QMNT","KSEWJP White Satin Lace Nightgown and Robe Set with Chest Pad, Sexy Women's Loungewear Two-Piece Set","New","647.00","No",,"Yes","3","3","0","0","3","7865.95","0","0","0","0","0","0",
"YDMT251209","X002GNF51V","B0G4M91CBG","KSEWJP Lace Mesh Camisole Nightgown Embroidered Sexy Women's Loungewear White","New","637.00","No",,"Yes","4","4","0","0","4","2062.64","0","0","0","0","0","0",
"YDMT251211","X002GNKKKH","B0G4M7YZLH","KSEWJP Ribbed Doll Collar Nightgown with Long Sleeves and Ruffle Trim Women's Homewear Pink","New","638.00","No",,"Yes","10","10","0","0","10","4634.59","0","0","0","0","0","0",
"YDMT251212","X002GNHJNX","B0G4MCQLSY","KSEWJP Women's Gray-Blue Satin Lace Camisole Nightgown Deep V Neck Sleeveless Loungewear Sleep Dress for Adults","New","637.00","No",,"Yes","24","24","0","0","24","2284.36","0","0","0","0","0","0",
"YDMT251213","X002GNFN77","B0G4M9NSKG","KSEWJP Satin Color-Block Trim Nightgown, Mid-Sleeve Loose Women's Loungewear White","New","702.00","No",,"Yes","3","3","0","0","3","3294.78","0","0","0","0","0","0",
"YDMT251215-1","X002GOVFAZ","B0G4RY6H7T","KSEWJP Grey Disposable Plastic Gloves Latex Free Powder Free for Kitchen Food Handling Food Prep 100 Count Medium Size","New","239.00","No",,"Yes","20","20","0","0","20","1187.57","0","0","0","0","0","0",
"YDMT251216","X002GOF6DH","B0G4QZX95N","KSEWJP ESD Anti static gloves for PC building, carbon fiber PU coated finger anti-static gloves to protect the safety of computer installation and repair Large 2 Pairs","New","189.00","No",,"Yes","0","0","0","0","0","735.45","0","0","0","0","0","0",
"YDMT251218","X002GOFD8Z","B0G4R2MHN6","KSEWJP Silicone Handle Cover for Cast Iron Pans, Heat Resistant Holder, Secure Grip, Universal Fit for Cookware, 16x3.5cm, Blue, Food Grade Silicone, Hand Wash Only","New","319.00","No",,"Yes","17","17","0","0","17","141.26","0","0","0","0","0","0",
"YDMT251219-L","X002GRVGF1","B0G58PX3YN","KSEWJP Grey Contrast Collar Short-Sleeve Polo Shirt Men’s Casual Slim-Fit Base T-Shirt (in, Alpha, L)","New","647.00","No",,"Yes","3","3","0","0","3","2026.1","0","0","0","0","0","0",
"YDMT251219-XL","X002GS1UJR","B0G58NLGB8","KSEWJP Grey Contrast Collar Short-Sleeve Polo Shirt Men’s Casual Slim-Fit Base T-Shirt (in, Alpha, XL)","New","647.00","No",,"Yes","6","6","0","0","6","2026.1","0","0","0","0","0","0",
"YDMT251219-XXL","X002GS15ER","B0G58KQ1J9","KSEWJP Grey Contrast Collar Short-Sleeve Polo Shirt Men’s Casual Slim-Fit Base T-Shirt (in, Alpha, 2XL)","New","647.00","No",,"Yes","7","7","0","0","7","2026.1","0","0","0","0","0","0",
"YDMT251220-L","X002GS3KC7","B0G58NCMVL","Crew Neck Short Sleeve T-Shirt Men's Loose Casual Basic Layering Top (in, Alpha, L) Black","New","503.00","No",,"Yes","3","3","0","0","3","2696.16","0","0","0","0","0","0",
"YDMT251220-XL","X002GS0MUZ","B0G58QCYNS","Crew Neck Short Sleeve T-Shirt Men's Loose Casual Basic Layering Top (in, Alpha, XL) Black","New","493.00","No",,"Yes","13","13","0","0","13","2696.16","0","0","0","0","0","0",
"YDMT251220-XXL","X002GS36G7","B0G58N7Z8Z","Crew Neck Short Sleeve T-Shirt Men's Loose Casual Basic Layering Top (in, Alpha, 2XL) Black","New","458.00","No",,"Yes","2","2","0","0","2","2621.93","0","0","0","0","0","0",
"YDMT251222-L","X002GS3L2L","B0G58TLYMR","KSEWJP Men's Black Base Plant Print Short Sleeve Shirt Regular Fit Casual Vacation Style Lightweight Breathable Top","New","557.00","No",,"Yes","32","32","0","0","32","2081.16","0","0","0","0","0","0",
"YDMT251222-XL","X002GS3LDZ","B0G58TX63M","KSEWJP Black Base Plant Print Short-Sleeve Shirt Men’s Casual Loose Vacation Style Top (in, Alpha, XL)","New","557.00","No",,"Yes","18","18","0","0","18","4546.75","0","0","0","0","0","0",
"YDMT251222-XXL","X002GS683Z","B0G58T8QY7","KSEWJP Men's Black Base Plant Print Short Sleeve Shirt Regular Fit Casual Vacation Style Lightweight Breathable Top","New","557.00","No",,"Yes","37","37","0","0","37","2081.16","0","0","0","0","0","0",
"YDMT251223-L","X002GS4CQP","B0G58QX5RJ","KSEWJP Palm Print Short Sleeve T-Shirt Men’s Trendy Loose-Fit Top (in, Alpha, L) White","New","457.00","No",,"Yes","8","8","0","0","8","2647.17","0","0","0","0","0","0",
"YDMT251223-XL","X002GS85GX","B0G591L69Z","KSEWJP Palm Print Short Sleeve T-Shirt Men’s Trendy Loose-Fit Top (in, Alpha, XL) White","New","457.00","No",,"Yes","5","5","0","0","5","2647.17","0","0","0","0","0","0",
"YDMT251224-L","X002GS6M9P","B0G58RFWGQ","KSEWJP Palm Print Short Sleeve T-Shirt Men’s Trendy Loose-Fit Top (in, Alpha, L) Black","New","467.00","No",,"Yes","3","3","0","0","3","2456.58","0","0","0","0","0","0",
"YDMT251224-XL","X002GRYGUD","B0G58W6XKT","KSEWJP Palm Print Short Sleeve T-Shirt Men’s Trendy Loose-Fit Top (in, Alpha, XL) Black","New","457.00","No",,"Yes","6","6","0","0","6","2456.58","0","0","0","0","0","0",
"YDMT251224-XXL","X002GS4CP1","B0G58W59K8","KSEWJP Palm Print Short Sleeve T-Shirt Men’s Trendy Loose-Fit Top (in, Alpha, 2XL) Black","New","519.00","No",,"Yes","4","4","0","0","4","2456.58","0","0","0","0","0","0",
"YDMT251225-L","X002GRUFQH","B0G58TGWC7","Smiley Letter Print Short-Sleeve T-Shirt Men's Casual Loose Fashion Top (in, Alpha, L) White","New","457.00","No",,"Yes","9","9","0","0","9","1904.34","0","0","0","0","0","0",
"YDMT251225-XXL","X002GS6PBF","B0G58X532P","Smiley Letter Print Short-Sleeve T-Shirt Men's Casual Loose Fashion Top (in, Alpha, 2XL) White","New","457.00","No",,"Yes","5","5","0","0","5","1904.34","0","0","0","0","0","0",
"YDMT251226-XL","X002GSCUBJ","B0G5F65CBW","KSEWJP Beautiful Days Smiley Print Short-Sleeve T-Shirt Men’s Round Neck Korean Style Top Summer Printed T-Shirt Casual Loose Fit Plus-Size Men’s Top (in, Alpha, XL) Green","New","457.00","No",,"Yes","8","8","0","0","8","2534.1","0","0","0","0","0","0",
"YDMT251226-XXL","X002GSH9K1","B0G5FKNYBF","KSEWJP Beautiful Days Smiley Print Short-Sleeve T-Shirt Men’s Round Neck Korean Style Top Summer Printed T-Shirt Casual Loose Fit Plus-Size Men’s Top (in, Alpha, 2XL) Green","New","457.00","No",,"Yes","9","9","0","0","9","2534.1","0","0","0","0","0","0",
"YDMT251227-L","X002GSG1D7","B0G5F8DQK7","KSEWJP Men Pink Cotton Solid Regular Fit Formal Shirts (in, Alpha, L)","New","647.00","No",,"Yes","13","13","0","0","13","3817.04","0","0","0","0","0","0",
"YDMT251227-XL","X002GSCUUP","B0G5DR3L8C","KSEWJP Men Pink Cotton Solid Regular Fit Formal Shirts (in, Alpha, XL)","New","647.00","No",,"Yes","13","13","0","0","13","3817.04","0","0","0","0","0","0",
"YDMT251228-L","X002GSH9ZB","B0G5FMR9W9","KSEWJP Men's Short-Sleeve Shirt | Casual | Solid Color | Short Sleeve | Regular Fit | Men's Shirt (in, Alpha, L) Black","New","647.00","No",,"Yes","12","12","0","0","12","4311.6","0","0","0","0","0","0",
"YDMT251228-XL","X002GSJLCZ","B0G5DD1LRX","KSEWJP Men's Short-Sleeve Shirt | Casual | Solid Color | Short Sleeve | Regular Fit | Men's Shirt (in, Alpha, XL) Black","New","647.00","No",,"Yes","1","1","0","0","1","5802.5","0","0","0","0","0","0",
"YDMT251228-XXL","X002GS5L47","B0G5F42XFZ","KSEWJP Men's Short-Sleeve Shirt | Casual | Solid Color | Short Sleeve | Regular Fit | Men's Shirt (in, Alpha, 2XL) Black","New","647.00","No",,"Yes","9","9","0","0","9","4311.6","0","0","0","0","0","0",
"YDMT251229-1-L","X002GSD0OZ","B0G5FGBYH7","KSEWJP Men's Short-Sleeve Shirt | Casual | Solid Color | Short Sleeve | Regular Fit | Men's Shirt (in, Alpha, L) Dark Gray","New","647.00","No",,"Yes","4","4","0","0","4","4749.3","0","0","0","0","0","0",
"YDMT251229-1-XL","X002GSGEQL","B0G5FXB2N5","KSEWJP Men's Short-Sleeve Shirt | Casual | Solid Color | Short Sleeve | Regular Fit | Men's Shirt (in, Alpha, XL) Dark Gray","New","647.00","No",,"Yes","5","5","0","0","5","2913.95","0","0","0","0","0","0",
"YDMT251229-1-XXL","X002GSJ14X","B0G5F3YSYN","KSEWJP Men's Short-Sleeve Shirt | Casual | Solid Color | Short Sleeve | Regular Fit | Men's Shirt (in, Alpha, 2XL) Dark Gray","New","647.00","No",,"Yes","5","5","0","0","5","2913.95","0","0","0","0","0","0",
"YDMT251230-1-L","X002GSJ18T","B0G5FGH6K2","KSEWJP Mens Polo Neck Regular Fit Tshirt (in, Alpha, L) Navy Blue","New","647.00","No",,"Yes","9","9","0","0","9","6009.46","0","0","0","0","0","0",
"YDMT251230-1-XL","X002GSHOHT","B0G5FPK89C","KSEWJP Mens Polo Neck Regular Fit Tshirt (in, Alpha, XL) Navy Blue","New","647.00","No",,"Yes","7","7","0","0","7","6009.46","0","0","0","0","0","0",
"YDMT251230-1-XXL","X002GSHELP","B0G5GCNH6V","KSEWJP Mens Polo Neck Regular Fit Tshirt (in, Alpha, 2XL) Navy Blue","New","647.00","No",,"Yes","5","5","0","0","5","6009.46","0","0","0","0","0","0",
"YDMT251231-L","X002GT22TX","B0G5N9CM48","KSEWJP Women Casual Long Sleeves with Double Collared Neck Satin Shirt for Women/Ladies (in, Alpha, L)","New","637.00","No",,"Yes","6","6","0","0","6","1653.62","0","0","0","0","0","0",
"YDMT251231-M","X002GT1YVP","B0G5MZQWGM","KSEWJP Women's White Satin Long Sleeve Shirt Double Collared Neck Regular Fit Casual Minimalist Top for Adults","New","649.00","No",,"Yes","48","48","0","0","48","1653.62","0","0","0","0","0","0",
"YDMT251231-S","X002GT234H","B0G5NFG42R","KSEWJP Women Casual Long Sleeves with Double Collared Neck Satin Shirt for Women/Ladies (in, Alpha, S)","New","503.00","No",,"Yes","9","9","0","0","9","1653.62","0","0","0","0","0","0",
"YDMT251231-XL","X002GTAYXT","B0G5N5DZ1D","KSEWJP Women Casual Long Sleeves with Double Collared Neck Satin Shirt for Women/Ladies (in, Alpha, XL)","New","610.00","No",,"Yes","8","8","0","0","8","1653.62","0","0","0","0","0","0",
"YDMT251232-L","X002GT9OSF","B0G5NBTH4L","KSEWJP Lace Patchwork Long-Sleeve Shirt Women's Gentle Loose Fitted Top (in, Alpha, L)","New","647.00","No",,"Yes","2","2","0","0","2","2017.58","0","0","0","0","0","0",
"YDMT251232-M","X002GTD4IL","B0G5MYG3GB","KSEWJP Lace Patchwork Long-Sleeve Shirt Women's Gentle Loose Fitted Top (in, Alpha, M)","New","647.00","No",,"Yes","6","6","0","0","6","2017.58","0","0","0","0","0","0",
"YDMT251232-S","X002GT7JA5","B0G5MZ73N2","KSEWJP Lace Patchwork Long-Sleeve Shirt Women's Gentle Loose Fitted Top (in, Alpha, S)","New","647.00","No",,"Yes","6","6","0","0","6","2017.58","0","0","0","0","0","0",
"YDMT251232-XL","X002GTB1D1","B0G5N28FX4","KSEWJP Lace Patchwork Long-Sleeve Shirt Women's Gentle Loose Fitted Top (in, Alpha, XL)","New","647.00","No",,"Yes","5","5","0","0","5","2017.58","0","0","0","0","0","0",
"YDMT251233-L","X002GT7MS9","B0G5N2DVJB","KSEWJP Satin Collared Shirt for Women (in, Alpha, L)","New","647.00","No",,"Yes","4","4","0","0","4","2635.53","0","0","0","0","0","0",
"YDMT251233-M","X002GTAHPJ","B0G5N95B4H","KSEWJP Satin Collared Shirt for Women (in, Alpha, M)","New","647.00","No",,"Yes","5","5","0","0","5","2635.53","0","0","0","0","0","0",
"YDMT251233-S","X002GT79FF","B0G5NF1D4P","KSEWJP Satin Collared Shirt for Women (in, Alpha, S)","New","729.00","No",,"Yes","5","4","1","0","5","2635.53","0","0","0","0","0","0",
"YDMT251233-XL","X002GTBUSH","B0G5N8Y2C3","KSEWJP Satin Collared Shirt for Women (in, Alpha, XL)","New","647.00","No",,"Yes","4","4","0","0","4","2635.53","0","0","0","0","0","0",
"YDMT251234-L","X002GTH20R","B0G5PD1QKZ","KSEWJP Women's Regular Fit Collared Shirt (in, Alpha, L)","New","637.00","No",,"Yes","14","14","0","0","14","1738.67","0","0","0","0","0","0",
"YDMT251234-XL","X002GTFVF5","B0G5PDTPG8","KSEWJP Women's Regular Fit Collared Shirt (in, Alpha, XL)","New","637.00","No",,"Yes","9","9","0","0","9","1738.67","0","0","0","0","0","0",
"YDMT251236-M","X002GTHM7P","B0G5PQFBBH","KSEWJP Women's Satin Solid Half Sleeves Regular Fit Casual Shirt (Green) (in, Alpha, M)","New","665.00","No",,"Yes","6","6","0","0","6","1892.38","0","0","0","0","0","0",
"YDMT251236-S","X002GTHPE5","B0G5PMTDPL","KSEWJP Women's Satin Solid Half Sleeves Regular Fit Casual Shirt (Green) (in, Alpha, S)","New","647.00","No",,"Yes","4","4","0","0","4","1892.38","0","0","0","0","0","0",
"YDMT251237-L","X002GTD23N","B0G5PQK3ZT","KSEWJP Women's Cotton Regular Fit Shirt (in, Alpha, L)","New","458.00","No",,"Yes","6","6","0","0","6","1529.9","0","0","0","0","0","0",
"YDMT251237-M","X002GTHRA7","B0G5P95TL8","KSEWJP Women's Cotton Regular Fit Shirt (in, Alpha, M)","New","458.00","No",,"Yes","7","7","0","0","7","1529.9","0","0","0","0","0","0",
"YDMT251237-S","X002GTLHRB","B0G5PRHP89","KSEWJP Women's Cotton Regular Fit Shirt (in, Alpha, S)","New","529.00","No",,"Yes","9","8","0","0","9","1529.9","0","0","0","1","0","0",
"YDMT251238-M","X002GTQ9KB","B0G5P5FCWW","Floral Lapel Shirt for Women, Fresh and Loose Casual Base Shirt (in, Alpha, M)","New","647.00","No",,"Yes","10","10","0","0","10","1703.27","0","0","0","0","0","0",
"YDMT251238-S","X002GTO47L","B0G5PMSSQL","Floral Lapel Shirt for Women, Fresh and Loose Casual Base Shirt (in, Alpha, S)","New","647.00","No",,"Yes","10","10","0","0","10","1703.27","0","0","0","0","0","0",
"YDMT251239","X002GTJ45X","B0G5P7S1JT","KSEWJP Short-Sleeve Shirt, Women's Simple Loose-Fitting Workwear top","New","719.00","No",,"Yes","7","7","0","0","7","2299.11","0","0","0","0","0","0",
"YDMT251240-L","X002GTHW61","B0G5PZ9RGH","KSEWJP Women Crepe Oversized Shirt Korean Casual Short Sleeve Loose Fit Top | Summer Wear (in, Alpha, L)","New","719.00","No",,"Yes","6","6","0","0","6","1642.8","0","0","0","0","0","0",
"YDMT251240-M","X002GTN3SR","B0G5PGQXP6","KSEWJP Women Crepe Oversized Shirt Korean Casual Short Sleeve Loose Fit Top | Summer Wear (in, Alpha, M)","New","655.00","No",,"Yes","8","8","0","0","8","1642.8","0","0","0","0","0","0",
"YDMT251240-S","X002GTN7P1","B0G5PTDMMM","KSEWJP Women Crepe Oversized Shirt Korean Casual Short Sleeve Loose Fit Top | Summer Wear (in, Alpha, S)","New","592.00","No",,"Yes","9","9","0","0","9","1642.8","0","0","0","0","0","0",
"YDMT251240-XL","X002GTM3PL","B0G5PHP3MV","KSEWJP Women Crepe Oversized Shirt Korean Casual Short Sleeve Loose Fit Top | Summer Wear (in, Alpha, XL)","New","829.00","No",,"Yes","3","3","0","0","3","1642.8","0","0","0","0","0","0",
"YDMT251242","X002GTAWN1","B0G5N8ZNSJ","KSEWJP Women's Hong Kong Style Snowflake Print Lightweight Chiffon Shirt - Business Loose Fit","New","622.00","No",,"Yes","8","8","0","0","8","2233.39","0","0","0","0","0","0",
"YDMT251243-L","X002GT6SOX","B0G5MYZ69J","KSEWJP Women's White Ruffle Collar Long Sleeve Shirt - French Vintage Design, Unique V-Neck Pleated Top Revealing The Collarbone (in, Alpha, L)","New","849.00","No",,"Yes","3","3","0","0","3","1918.76","0","0","0","0","0","0",
"YDMT251243-M","X002GT912T","B0G5MZ3YMN","KSEWJP Women's White Ruffle Collar Long Sleeve Shirt - French Vintage Design, Unique V-Neck Pleated Top Revealing The Collarbone (in, Alpha, M)","New","859.00","No",,"Yes","8","8","0","0","8","1918.76","0","0","0","0","0","0",
"YDMT251243-XL","X002GTAX9J","B0G5N1SQRH","KSEWJP Women's White Ruffle Collar Long Sleeve Shirt - French Vintage Design, Unique V-Neck Pleated Top Revealing The Collarbone (in, Alpha, XL)","New","755.00","No",,"Yes","5","4","1","0","5","1918.76","0","0","0","0","0","0",
"YDMT251244-L","X002GTB4PL","B0G5NF5WPY","KSEWJP Women's Elegant Floral Embroidered Chiffon Blouse - Loose Fit Bohemian Style Long Sleeve Shirt (in, Alpha, L)","New","637.00","No",,"Yes","6","6","0","0","6","1473.36","0","0","0","0","0","0",
"YDMT251244-M","X002GTD3K5","B0G5MWHMH9","KSEWJP Women's Elegant Floral Embroidered Chiffon Blouse - Loose Fit Bohemian Style Long Sleeve Shirt (in, Alpha, M)","New","730.00","No",,"Yes","11","11","0","0","11","1473.36","0","0","0","0","0","0",
"YDMT251244-S","X002GT256X","B0G5NM4SXP","KSEWJP Women's Elegant Floral Embroidered Chiffon Blouse - Loose Fit Bohemian Style Long Sleeve Shirt (in, Alpha, S)","New","637.00","No",,"Yes","4","4","0","0","4","1473.36","0","0","0","0","0","0",
"YDMT251244-XL","X002GTBTL5","B0G5N4G2SF","KSEWJP Women's Elegant Floral Embroidered Chiffon Blouse - Loose Fit Bohemian Style Long Sleeve Shirt (in, Alpha, XL)","New","647.00","No",,"Yes","3","3","0","0","3","1473.36","0","0","0","0","0","0",
"YDMT251245-M","X002GTDAF3","B0G5N8FXRJ","Women's Vintage Floral Print Short Sleeve Blouse - Loose Fit Chic Shirt for Casual Wear (in, Alpha, M)","New","557.00","No",,"Yes","7","7","0","0","7","1672.46","0","0","0","0","0","0",
"YDMT251245-S","X002GT9OK3","B0G5MW7KY3","Women's Vintage Floral Print Short Sleeve Blouse - Loose Fit Chic Shirt for Casual Wear (in, Alpha, S)","New","557.00","No",,"Yes","4","4","0","0","4","1672.46","0","0","0","0","0","0",
"YDMT251245-XL","X002GTD4JF","B0G5MY1MPR","Women's Vintage Floral Print Short Sleeve Blouse - Loose Fit Chic Shirt for Casual Wear (in, Alpha, XL)","New","699.00","No",,"Yes","5","4","1","0","5","1672.46","0","0","0","0","0","0",
"YDMT251245L","X002GT99TJ","B0G5NJVKVS","Women's Vintage Floral Print Short Sleeve Blouse - Loose Fit Chic Shirt for Casual Wear (in, Alpha, L)","New","637.00","No",,"Yes","5","5","0","0","5","1672.46","0","0","0","0","0","0",
"YDMT251246","X002GTB5N7","B0G5NGB7KM","KSEWJP Women's Elegant Lace Trim Sleeveless Tank Top - Sexy V-Neck Camisole for Ladies","New","479.00","No",,"Yes","3","3","0","0","3","756.26","0","0","0","0","0","0",
"YDMT251247","X002GTB1YZ","B0G5N55CVN","KSEWJP Women's Classic Semi-High Neck Short Sleeve T-Shirt - Slim Fit Basic Top for Everyday Wear","New","539.00","No",,"Yes","9","9","0","0","9","1318.18","0","0","0","0","0","0",
"YDMT251250","X002GTHA13","B0G5PDNTSD","KSEWJP Women's Rose Print Ruffle Sleeve Blouse - Elegant V-Neck Floral Top for Women","New","647.00","No",,"Yes","4","4","0","0","4","2088.7","0","0","0","0","0","0",
"YDMT251251-L","X002H1GVR9","B0G7T6QBRJ","White Chiffon Wide-Leg Pants Women's Loose and Flowing Casual Pants (in, Alpha, L)","New","647.00","No",,"Yes","10","10","0","0","10","6976.14","0","0","0","0","0","0",
"YDMT251251-M","X002H1GVPB","B0G7TYZ2RV","White Chiffon Wide-Leg Pants Women's Loose and Flowing Casual Pants (in, Alpha, M)","New","689.00","No",,"Yes","9","9","0","0","9","6976.14","0","0","0","0","0","0",
"YDMT251251-XL","X002H1C2P9","B0G7T7GMY7","White Chiffon Wide-Leg Pants Women's Loose and Flowing Casual Pants (in, Alpha, XL)","New","989.00","No",,"Yes","10","10","0","0","10","6976.14","0","0","0","0","0","0",
"YDMT251252-L","X002H1EA27","B0G7SHW54P","Cargo Pants, Baker Pants, Women's, Casual, Loose, Trousers, Bottoms, Loose, Stylish, Cute, Simple, Plain, Work Pants, Chino Pants, Easy to Move, Women's Cropped Length, Spring, Autumn (IN, Alpha, L)","New","647.00","No",,"Yes","13","13","0","0","13","6960.73","0","0","0","0","0","0",
"YDMT251252-M","X002H1E9RD","B0G7SS6CFJ","Cargo Pants, Baker Pants, Women's, Casual, Loose, Trousers, Bottoms, Loose, Stylish, Cute, Simple, Plain, Work Pants, Chino Pants, Easy to Move, Women's Cropped Length, Spring, Autumn (IN, Alpha, M)","New","647.00","No",,"Yes","10","10","0","0","10","6960.73","0","0","0","0","0","0",
"YDMT251253-2XL","X002H1EBNZ","B0G7T9QXR3","KSEWJP Black Webbing Decor Jogger Work Pants Women's Dark Cool Casual Pants (in, Alpha, 2XL)","New","647.00","No",,"Yes","10","10","0","0","10","6781.62","0","0","0","0","0","0",
"YDMT251253-L","X002H16BSD","B0G7V7CZ8C","KSEWJP Black Webbing Decor Jogger Work Pants Women's Dark Cool Casual Pants (in, Alpha, L)","New","647.00","No",,"Yes","10","10","0","0","10","6781.62","0","0","0","0","0","0",
"YDMT251253-M","X002H169L7","B0G7T3X1WT","KSEWJP Black Webbing Decor Jogger Work Pants Women's Dark Cool Casual Pants (in, Alpha, M)","New","647.00","No",,"Yes","9","9","0","0","9","6781.62","0","0","0","0","0","0",
"YDMT251253-S","X002H16EHB","B0G7TW6ZM4","Black Webbing Decor Jogger Work Pants Women's Dark Cool Casual Pants (in, Alpha, S)","New","656.00","No",,"Yes","10","10","0","0","10","6781.62","0","0","0","0","0","0",
"YDMT251253-XL","X002H1C9GB","B0G7TX73HR","KSEWJP Black Webbing Decor Jogger Work Pants Women's Dark Cool Casual Pants (in, Alpha, XL)","New","647.00","No",,"Yes","10","10","0","0","10","6781.62","0","0","0","0","0","0",
"YDMT251254-L","X002H0Z3UL","B0G7TQB1C1","KSEWJP Women's Regular Fit High Rise Trouser | Cargo Style Trousar Track Pants | Hight Waist (in, Alpha, L) Black","New","647.00","No",,"Yes","10","10","0","0","10","5208.79","0","0","0","0","0","0",
"YDMT251254-S","X002H1CFJH","B0G7W2W2CR","Women's Regular Fit High Rise Trouser | Cargo Style Trousar Track Pants | Hight Waist (in, Alpha, S) Black","New","647.00","No",,"Yes","9","9","0","0","9","5208.79","0","0","0","0","0","0",
"YDMT251255-L","X002H1E7PR","B0G7VW2ZBR","KSEWJP Women's Regular Casual Pants (in, Alpha, L) Brown","New","647.00","No",,"Yes","10","10","0","0","10","3679.55","0","0","0","0","0","0",
"YDMT251255-M","X002H1GPHZ","B0G7V2PVMS","KSEWJP Women's Regular Casual Pants (in, Alpha, M) Brown","New","647.00","No",,"Yes","12","12","0","0","12","3679.55","0","0","0","0","0","0",
"YDMT251255-S","X002H0Z4AF","B0G7W44NRV","Women's Regular Casual Pants (in, Alpha, S) Brown","New","1042.00","No",,"Yes","9","9","0","0","9","3679.55","0","0","0","0","0","0",
"YDMT251256-2XL","X002H1GK25","B0G7V5L138","KSEWJP Women's Regular Casual Pants (in, Alpha, 2XL) Black","New","1042.00","No",,"Yes","4","4","0","0","4","4080.71","0","0","0","0","0","0",
"YDMT251256-L","X002H1E6T9","B0G7W4JDM1","KSEWJP Women's Regular Casual Pants (in, Alpha, L) Black","New","647.00","No",,"Yes","9","9","0","0","9","4080.71","0","0","0","0","0","0",
"YDMT251256-M","X002H0Z5VD","B0G7VB6FN3","KSEWJP Women's Regular Casual Pants (in, Alpha, M) Black","New","647.00","No",,"Yes","6","6","0","0","6","4080.71","0","0","0","0","0","0",
"YDMT251256-S","X002H1GK3J","B0G7TLLSVS","Women's Regular Casual Pants (in, Alpha, S) Black","New","647.00","No",,"Yes","10","10","0","0","10","4080.71","0","0","0","0","0","0",
"YDMT251256-XL","X002H16FKR","B0G7TQJS13","KSEWJP Women's Regular Casual Pants (in, Alpha, XL) Black","New","647.00","No",,"Yes","8","8","0","0","8","4080.71","0","0","0","0","0","0",
"YDMT251257-L","X002H1GYV7","B0G7VMN5GZ","KSEWJP High-Waisted Wide-Leg Jeans Loose-Fit Floor-Length Pants for Women (in, Alpha, L) Black","New","647.00","No",,"Yes","9","9","0","0","9","4421.39","0","0","0","0","0","0",
"YDMT251257-M","X002H1CAK1","B0G7W945Z9","KSEWJP High-Waisted Wide-Leg Jeans Loose-Fit Floor-Length Pants for Women (in, Alpha, M) Black","New","1042.00","No",,"Yes","5","5","0","0","5","4421.39","0","0","0","0","0","0",
"YDMT251258-L","X002H1GH5F","B0G7WMYDWR","Navy Blue Chiffon Asymmetrical Culottes, Flowing and Loose Casual Women's Wear (in, Alpha, L)","New","647.00","No",,"Yes","10","10","0","0","10","3841.46","0","0","0","0","0","0",
"YDMT251258-M","X002H1HOCF","B0G7X33YTL","Navy Blue Chiffon Asymmetrical Culottes, Flowing and Loose Casual Women's Wear (in, Alpha, M)","New","656.00","No",,"Yes","8","8","0","0","8","3841.46","0","0","0","0","0","0",
"YDMT251258-XL","X002H1H5B5","B0G7WCQ1QZ","Navy Blue Chiffon Asymmetrical Culottes, Flowing and Loose Casual Women's Wear (in, Alpha, XL)","New","719.00","No",,"Yes","10","9","1","0","10","3841.46","0","0","0","0","0","0",
"YDMT251259","X002H4HU8P","B0G9DW1FD7","Sunglasses | Full Rim Cat Eye Shape | Branded Latest and Trendy Sunglasses | 100% UVA & UVB Protected | Large | For Women","New","358.00","No",,"Yes","12","12","0","0","12","636.15","0","0","0","0","0","0",
"YDMT251260","X002H48MQ9","B0G9GNR568","KSEWJP Black Frame Black and Gray Lens Sunglasses for Women, Fashionable Sun Protection and UV-Blocking","New","332.00","No",,"Yes","12","12","0","0","12","760.03","0","0","0","0","0","0",
"YDMT251261","X002H48JSP","B0G9F7YZ14","KSEWJP Full Rim Round | Classics | Polarized and 100% UV Protected | Men & Women","New","305.00","No",,"Yes","9","9","0","0","9","426.23","0","0","0","0","0","0",
"YDMT251262","X002H4EOE3","B0G9GD17ZG","Geometric Print Headband Scarf - Women's Multi-Purpose Hair Tie and Headscarf","New","349.00","No",,"Yes","9","9","0","0","9","149.12","0","0","0","0","0","0",
"YDMT251263","X002H4J8HV","B0G9J5G7R5","KSEWJP Men's sunglasses","New","584.00","No",,"Yes","28","28","0","0","28","392.96","0","0","0","0","0","0",
"YDMT251264","X002H48NRH","B0G9GJW43J","KSEWJP White Pleated Ice Silk Sun Protection Sleeves, Women's Lightweight Breathable Summer Arm Covers","New","639.00","No",,"Yes","23","23","0","0","23","733.81","0","0","0","0","0","0",
"YDMT251265","X002H4EVM3","B0G9J5SBTG","KSEWJP Women's Fashion Oversized UV400 Sunglasses | Stylish Luxe Butterfly Glasses for Girls and Women | Lightweight and Comfortable, Shiny Black Purple","New","559.00","No",,"Yes","22","22","0","0","22","478.17","0","0","0","0","0","0",
"YDMT251266","X002H4ETMP","B0G9JJTQ7F","KSEWJP Oversized Square Frame Vintage Polarized Women Sunglasses Cute Trendy Classic Simple","New","339.00","No",,"Yes","12","12","0","0","12","533.56","0","0","0","0","0","0",
"YDMT251267","X002H4EUHT","B0G9KC6Z6H","KSEWJP Oversized Polarized Sunglasses For Women Men Square UV Protection Shades for Ladies","New","559.00","No",,"Yes","4","4","0","0","4","706.94","0","0","0","0","0","0",
"YDMT251268","X002H4JPXN","B0G9JP8NJV","KSEWJP Oversized Sunglasses for Women Stylish Big Rectangle Polarized UV Protection Ladies Goggles","New","455.00","No",,"Yes","20","20","0","0","20","341.01","0","0","0","0","0","0",
"YDMT251269","X002H4I8TF","B0G9LDYLZ5","KSEWJP Metal Frame Irregular Large Sunglasses for Women, Trendy Cool Sun Protection UV Sunglasses","New","409.00","No",,"Yes","12","11","1","0","12","660.89","0","0","0","0","0","0",
"YDMT251270","X002H4JQ9L","B0G9KKXBHB","KSEWJP Premium Sunglasses for Women & Girls","New","511.00","No",,"Yes","11","11","0","0","11","450.81","0","0","0","0","0","0",
"YDMT251271","X002H4HAJJ","B0G9KM11W2","Oversized Polarized Square Sunglasses for Women and Men - Vintage Flat Lens Fashion Cat Eye Shades","New","589.00","No",,"Yes","21","20","0","0","21","401.32","0","0","0","1","0","0",
"YDMT251272","X002H458V1","B0G9LD82P4","KSEWJP Women's Fashion Oversized UV400 Sunglasses | Stylish Luxe Butterfly Glasses for Girls and Women | Lightweight and Comfortable, Shiny Black","New","574.00","No",,"Yes","35","35","0","0","35","546.67","0","0","0","0","0","0",
"YDMT251273","X002H4PVLX","B0G9L5DFDB","KSEWJP Frameless Metal Polarized Sunglasses (with Round Case) for Driving and Outdoor UV Protection","New","399.00","No",,"Yes","31","31","0","0","31","346.09","0","0","0","0","0","0",
"YDMT251274","X002H4F1QD","B0G9KRNGZK","KSEWJP Retro Polarized Sunglasses for Men Stylish Trendy Square Black Driving Men Sun Glasses","New","417.00","No",,"Yes","7","6","1","0","7","275.3","0","0","0","0","0","0",
"YDMT251275","X002H4JKZV","B0G9KR8666","KSEWJP Black Frame Semi-Transparent Lens Sunglasses for Women, Fashionable Sun Protection and UV-Blocking Shades","New","376.00","No",,"Yes","25","25","0","0","25","479.98","0","0","0","0","0","0",
"YDMT251276","X002H4F88T","B0G9L15LSX","KSEWJP Women's Lace Gloves Fingerless Floral Gloves for Bridal Prom Wedding Party Costume Accessories","New","609.00","No",,"Yes","22","21","1","0","22","81.44","0","0","0","0","0","0",
"YDMT251277","X002H4HFNZ","B0G9L6VS3M","KSEWJP Black framed black and gray sunglasses, women's fashion sunshade UV-protection sunglasses","New","277.00","No",,"Yes","35","35","0","0","35","495.87","0","0","0","0","0","0",
"YDMT251279","X002H4Q17L","B0G9LTWVQL","KSEWJP Rhinestone Decorated Sunglasses for Women, Fashionable Sun Protection UV Sunglasses (Off-White)","New","669.00","No",,"Yes","0","0","0","0","0","529.14","0","0","0","0","0","0",
"YDMT251280","X002H4JWBD","B0G9KSQ4SZ","KSEWJP Polarized Sunglasses for Men Aviator Driving Women Mens Sunglasses Rectangular Vintage Sun Glasses","New","549.00","No",,"Yes","13","12","1","0","13","536.51","0","0","0","0","0","0",
"YDMT260102","X002HIDX23","B0GFMCBPMR","KSEWJP Satin Beret with Metal Buckle Decoration - Trendy Retro Style Fashion Hat for Daily Black","New","579.00","No",,"Yes","11","11","0","0","11","2319.92","0","0","0","0","0","0",
"YDMT260103","X002HIHENH","B0GFMSZLYW","KSEWJP Camel Wool-Blend Newsboy Cap with Metal Buckle - Retro Casual Style Hat for Autumn & Winter","New","502.00","No",,"Yes","5","5","0","0","5","6447.16","0","0","0","0","0","0",
"YDMT260104","X002HIGBS1","B0GFMQ6HM3","KSEWJP Yellow Reversible Fisherman's Hat with A Smiley Print - A Casual Sun Hat that Can Be Flipped, Suitable for Everyday Outdoor Wear","New","799.00","No",,"Yes","8","8","0","0","8","99.96","0","0","0","0","0","0",
"YDMT260105","X002HIGB4P","B0GFN149CN","KSEWJP Navy Blue Reversible Bucket Hat with Ethnic Pattern - Wide Brim Sun Hat for Casual Outdoor","New","403.00","No",,"Yes","37","37","0","0","37","2642.41","0","0","0","0","0","0",
"YDMT260106","X002HIJPS9","B0GFMX7W8R","KSEWJP Black Denim Fringed Bucket Hat - Trendy Distressed Style Sun Hat for Casual Daily & Streetwear","New","476.00","No",,"Yes","9","9","0","0","9","3258.24","0","0","0","0","0","0",
"YDMT260107","X002HIGCIF","B0GFMY7QCT","KSEWJP Beige Crochet Straw Bucket Hat with Lace Trim - Feminine Summer Sun Hat for Beach & Daily Casual Wear","New","789.00","No",,"Yes","15","15","0","0","15","7055.61","0","0","0","0","0","0",
"YDMT260108","X002HIF7TZ","B0GFMSMXHZ","KSEWJP Beige Wide-Brim Sun Hat with Black Lined Brim & Windproof Chin Strap - UV-Protective Outdoor Hat for Beach & Daily Use","New","605.00","No",,"Yes","14","14","0","0","14","6291.65","0","0","0","0","0","0",
"YDMT260109","X002HIHY19","B0GFN1L7NW","KSEWJP Gray Mesh Sports Visor - Breathable Adjustable Sun Visor for Outdoor Activities","New","476.00","No",,"Yes","6","6","0","0","6","2154.57","0","0","0","0","0","0",
"YDMT260111","X002HILITX","B0GFN3GYG7","KSEWJP Beige Knit Mesh Sports Visor - Breathable Wide Brim Sun Visor for Summer Outdoor","New","789.00","No",,"Yes","35","35","0","0","35","1731.62","0","0","0","0","0","0",
"YDMT260112","X002HILJ6F","B0GFMYRLH5","KSEWJP Navy Camouflage Wide-Brim Boonie Hat - Breathable Mesh Outdoor Hat with Chin Strap for Hiking & Camping","New","529.00","No",,"Yes","39","39","0","0","39","3392.61","0","0","0","0","0","0",
"YDMT260114","X002HILUBT","B0GFN7H66Z","KSEWJP Crochet Bucket Hat - Lightweight Breathable Summer Sun Hat for Daily Casual & Outdoor Wear Khaki","New","476.00","No",,"Yes","17","17","0","0","17","5413.14","0","0","0","0","0","0",
"YDMT260115","X002HI89XV","B0GFMX329S","KSEWJP Knit Bucket Hat with Floral Embellishment - Elegant Breathable Summer Sun Hat for Daily & Casual Wear Khaki","New","599.00","No",,"Yes","20","20","0","0","20","5251.4","0","0","0","0","0","0",
"YDMT260116","X002HIILJN","B0GFN17BNZ","KSEWJP Navy & White Striped Wide-Brim Visor - Breathable Sun Protection Hat for Summer Outdoor","New","502.00","No",,"Yes","12","12","0","0","12","1879.92","0","0","0","0","0","0",
"YDMT260117","X002HIKPHJ","B0GFNDZSDG","KSEWJP Wide-Brim Visor with Beige Woven Headband - Breathable Sun Protection Hat for Summer Beach","New","340.00","No",,"Yes","8","8","0","0","8","1459.27","0","0","0","0","0","0",
"YDMT260118","X002HIIUY9","B0GFN28XC2","KSEWJP Pearl-Adorned Beige Straw Visor - Elegant Wide Brim Sun Protection Hat for Summer Beach & Casual Wear","New","629.00","No",,"Yes","29","29","0","0","29","7826.63","0","0","0","0","0","0",
"YDMT260119","X002HIKS4T","B0GFMQRHBY","KSEWJP Reversible Black & Floral Bucket Hat - Windproof Chin Strap Sun Hat for Outdoor","New","502.00","No",,"Yes","7","7","0","0","7","3248.74","0","0","0","0","0","0",
"YDMT260120","X002HIJ45D","B0GFN16B65","KSEWJP Neutral Floral Wide-Brim Bucket Hat - Lightweight Breathable Sun Hat for Summer Beach Khaki","New","709.00","No",,"Yes","0","0","0","0","0","2345.97","0","0","0","0","0","0",
"YDMT260121","X002HJ3ECL","B0GFS7S7DX","KSEWJP Beige Crochet Bucket Hat with Sunflower Embellishments - Breathable Summer Sun Hat for Casual & Outdoor Wear","New","749.00","No",,"Yes","0","0","0","0","0","2508.86","0","0","0","0","0","0",
"YDMT260123","X002HJ5Z8R","B0GFTFRN93","KSEWJP Black Adjustable Wide Brim Visor 56-58cm Breathable Sun Protection Hat for Outdoor Sports Adults","New","553.00","No",,"Yes","33","32","1","0","33","5789.55","0","0","0","0","0","0",
"YDMT260124","X002HJ4OWP","B0GFTJ66G4","KSEWJP Ivory Wide-Brim Visor (56-58cm Adjustable Hat Circumference) - Breathable Sun Protection Hat for Summer Outdoor","New","476.00","No",,"Yes","4","4","0","0","4","9248.53","0","0","0","0","0","0",
"YDMT260125","X002HJ5F5P","B0GFST28Y6","KSEWJP Cream Faux Fur Beret - Soft Warm Winter Fashion Hat","New","799.00","No",,"Yes","5","5","0","0","5","99.96","0","0","0","0","0","0",
"YDMT260126","X002HJ5FOB","B0GFT6PS8L","KSEWJP Dark Gray Textured Flat-Top Cap - Casual Daily & Commute Wear Hat","New","799.00","No",,"Yes","9","9","0","0","9","99.96","0","0","0","0","0","0",
"YDMT260127","X002HJ4KN3","B0GFTJJVQS","KSEWJP Soft Floral Print Elastic Turban Hat - Comfortable Daily & Casual Headwear Beige","New","476.00","No",,"Yes","8","8","0","0","8","434.42","0","0","0","0","0","0",
"YDMT260128","X002HINOSB","B0GFSQ9V8Y","KSEWJP Black Bucket Hat with White Letter Brim Detail - Casual Daily & Street Style Headwear","New","789.00","No",,"Yes","40","40","0","0","40","3813.6","0","0","0","0","0","0",
"YDMT260129","X002HINOVX","B0GFSZL71H","KSEWJP Black Ruched Slouchy Cap - Casual Lightweight Headwear for Outdoor & Daily Use","New","502.00","No",,"Yes","6","6","0","0","6","3435.38","0","0","0","0","0","0",
"YDMT260130","X002HJ6D15","B0GFSK3ZTF","KSEWJP Classic Black Baseball Cap - Versatile Everyday and Street Style Headwear","New","605.00","No",,"Yes","4","4","0","0","4","99.96","0","0","0","0","0","0",
"YDMT260131","X002HJ65VN","B0GFTG95KL","KSEWJP Light Green Baseball Cap with Maple Leaf Emblem - Stylish Casual Daily Headwear","New","476.00","No",,"Yes","9","9","0","0","9","6191.2","0","0","0","0","0","0",
"YDMT260132","X002HIYU4X","B0GFSZNDXL","KSEWJP Black Bucket Hat with Orange PARAMJUD Text & Emblem - Casual Streetwear Daily Headwear","New","476.00","No",,"Yes","11","11","0","0","11","1958.58","0","0","0","0","0","0",
"YDMT260133","X002HJ5IVB","B0GFST71TW","KSEWJP Navy Blue Bucket Hat with Orange PARAMJUD Text & Emblem - Casual Daily & Streetwear Headwear","New","502.00","No",,"Yes","13","13","0","0","13","3637.76","0","0","0","0","0","0",
"YDMT260134","X002HINPSP","B0GFTL9YRY","KSEWJP Khaki Bucket Hat with Green Airplane Embroidery - Casual Lightweight Outdoor & Daily Headwear","New","502.00","No",,"Yes","12","12","0","0","12","4147.24","0","0","0","0","0","0",
"YDMT260135","X002HINSCD","B0GFTFX65D","KSEWJP Black & Beige Two-Tone Bucket Hat - Stylish Casual Daily & Outdoor Headwear","New","476.00","No",,"Yes","5","5","0","0","5","2643.23","0","0","0","0","0","0",
"YDMT260501","X002LGR21T","B0H29B9XWP","KSEWJP 6-Pack Soft Bristle Manual Toothbrushes | For Orthodontics, Braces & Wisdom Teeth | Adult | White | Round Head","New","503.00","No",,"Yes","7","7","0","0","7","99.96","0","0","0","0","0","0",
"YDMT260502","X002LGRJZD","B0H29LQGLN","KSEWJP 12Pcs Reusable Painting Stencils | Lace & Mandala Patterns | DIY Craft Templates for Fabric Wood Canvas Cake Home Decor","New","436.00","No",,"Yes","10","10","0","0","10","99.96","0","0","0","0","0","0",
"YDMT260503","X002LGTS3J","B0H29QHLPL","KSEWJP Dual Sided Emery Foot | Professional Pedicure Tool for Dead Skin & Callus Removal | Non‑Slip Handle | For Men & Women","New","495.00","No",,"Yes","9","9","0","0","9","99.96","0","0","0","0","0","0",
"YDMT260504","X002LGTJEH","B0H29QQT5R","KSEWJP 12 Pairs D-Shape Self Adhesive Eyeglasses Nose Pads | White Soft Silicone Anti-Slip Replacement for Glasses","New","379.00","No",,"Yes","9","9","0","0","9","99.96","0","0","0","0","0","0",
"YDMT260505","X002LI6MUJ","B0H2CTQ17T","KSEWJP 25Pcs Angled Interdental Brushes | 5 color Soft Nylon Bristles | Oral Care Cleaning Tool with Protective Caps | Multicolour","New","417.00","No",,"Yes","10","10","0","0","10","99.96","0","0","0","0","0","0",
"YDMT260510","X002LI75J1","B0H2F4NJNG","KSEWJP 4Pcs Universal Washing Machine Inlet Water Filter, Sediment & Hard Water Filter for Appliance Protection","New","379.00","No",,"Yes","10","10","0","0","10","99.96","0","0","0","0","0","0",
"YDMT260512","X002LHYA4Z","B0H2DQBLM3","KSEWJP 51mm Stainless Steel Portafilter Filter Basket | Double Layer Replacement for 14–18g Coffee Espresso Makers","New","627.00","No",,"Yes","10","10","0","0","10","381.82","0","0","0","0","0","0",
"YDMT260513","X002LHPL3J","B0H2DRBZQV","KSEWJP 2Pcs 8 Inch Invisible Wall Plate Hangers | W‑Shape Stainless Steel Dish Display Hooks | Rust‑Resistant (Golden)","New","313.00","No",,"Yes","10","10","0","0","10","347.41","0","0","0","0","0","0",
"YDMT260514","X002LHZ5AN","B0H2DZ2R2G","KSEWJP 4Pcs Clear Heavy Duty Adhesive Wall Hooks | No Drilling Waterproof Rust Resistant 5Kg Load Capacity","New","379.00","No",,"Yes","10","10","0","0","10","99.96","0","0","0","0","0","0",
"YDMT260516","X002LHXQ8V","B0H2F8QWKX","KSEWJP 51mm Espresso Puck Screen, Food Grade 316 Stainless Steel, 1.2mm Thin Reusable Coffee Filter Screen for Portafilter Filter Basket, Even Extraction","New","351.00","No",,"Yes","10","10","0","0","10","99.96","0","0","0","0","0","0",
"YDMT260517","X002LI43XR","B0H2F3VXVF","KSEWJP Round Silicone Tray Mold, 11x11x1 cm Bow Wave Point Design, Non‑Stick for DIY Jewelry Tray, Ring Dish, Trinket Holder & Home Decor Craft Making","New","379.00","No",,"Yes","0","0","0","0","0","99.96","0","0","0",,"0","0",
"YDMT260518","X002LI4607","B0H2F97VCS","KSEWJP 2Pcs Daisy Decorative Shawl Clips, Metal Alloy Clothing Clips for Cardigan, Scarf, Dress, Beach Cover, Waist Cinch & Privacy Guard","New","378.00","No",,"Yes","0","0","0","0","0","99.96","0","0","0",,"0","0",
"YDMT260520","X002LI65V5","B0H2F39X1K","KSEWJP 800Pcs Artificial Flower Stamens, Pipe Cleaners Craft Set for DIY Flower Making, Floral Craft Supplies, Pink & Orange","New","379.00","No",,"Yes","10","10","0","0","10","99.96","0","0","0","0","0","0",
"YDMT260521","X002LI6T2P","B0H2FMMBPG","KSEWJP 400Pcs 58mm Espresso Paper Filters, Disposable Round Coffee Filters, Moka Pot & Coffee Maker","New","338.00","No",,"Yes","10","10","0","0","10","667.94","0","0","0","0","0","0",
"YDMT260522","X002LI9HS3","B0H2F9CMTD","KSEWJP 4Pcs Adjustable Brass Sewing Thimbles, Finger Protector for Sewing, Embroidery & Needlework, Medium Size 2.6x1.8 cm","New","379.00","No",,"Yes","9","9","0","0","9","99.96","0","0","0","0","0","0",
"YDMT260526","X002LHY2QL","B0H2DYXXYL","KSEWJP 3 Pack Adjustable Eyeglasses Straps for Adults, Black Nylon Anti-Slip No Tail Spectacle Holders, Elastic Eyewear Retainers for Glasses Sunglasses Reading Glasses","New","428.00","No",,"Yes","0","0","0","0","0","99.96","0","0","0",,"0","0",
"YDMT260528","X002LR1BHJ","B0H2D7VNHB","KSEWJP KSEWJPRimless Mirrored Sports Sunglasses for Unisex Adults, Large Size, Black Frame Olive Green Lenses, Lightweight Wrap Around for Cricket Cycling Driving Riding","New","474.00","No",,"Yes","0","0","0","0","0","99.96","0","0","0",,"0","0",
"YDMT260541","X002LHY9QJ","B0H2F2NXQ8","KSEWJP Universal Motorcycle Throttle Lock Cruise Control Assist, ABS Material Wrist Fatigue Reducer for Long Rides, Fits Most Motorbikes Scooters Adventure Bikes","New","465.00","No",,"Yes","10","10","0","0","10","146.66","0","0","0","0","0","0",
"YDMT260542","X002LHUXQ9","B0H2F2NH7L","KSEWJP 2 Pack High Pressure Tyre Inflator Air Hoses, Red Replacement Inflator Tubes with Copper Fittings, Universal Schrader Valve Compatible for Bike Car Motorcycle Pumps","New","360.00","No",,"Yes","10","10","0","0","10","99.96","0","0","0","0","0","0",
"YDMT260554","X002LQGX4L","B0H2DF6B8Y","KSEWJP Retro Hexagonal Sunglasses for Adults, 90s Vintage Style Metal Frame UV400 Protection, Non-Polarized Unisex Shades for Men Women (Gold-Brown)","New","441.00","No",,"Yes","0","0","0","0","0","99.96","0","0","0",,"0","0",
"YDMT260565-1","X002LJFRX1","B0H2HTBGWF","KSEWJP Portable Travel Storage Pouch, Compact Organizer Bag for Daily Essentials & Toiletries, Lightweight Carry Bag with Zipper","New","408.00","No",,"Yes","0","0","0","0","0","99.96","0","0","0",,"0","0",
"YDMT260566","X002LIOMOH","B0H2GNMMYX","KSEWJP Aluminium Alloy Keychain Pill Container, Waterproof Airtight Storage Tube, Adjustable Size, Big Single Compartment, Multicolour, Portable Outdoor Travel Organiser","New","398.00","No",,"Yes","10","10","0","0","10","82.75","0","0","0","0","0","0",
"YDMT260567","X002LIONQT","B0H2GDXH9D","KSEWJP Greyish Brown Cat Eye Press-On Nails, 24Pcs Reusable Ballerina Fake Nails, Acrylic ABS Designer False Nails with Adhesive Tabs, Salon-Quality Manicure Set for Women","New","300.00","No",,"Yes","10","10","0","0","10","99.96","0","0","0","0","0","0",
"YDMT260568","X002LIN2J3","B0H2GW1B46","KSEWJP Anti-Snoring Nose Clip, 8Pcs Reusable Soft Silicone Nasal Dilator, Comfortable Sleep Aid for Men & Women, Portable Breathing Relief Device","New","351.00","No",,"Yes","10","10","0","0","10","199.92","0","0","0","0","0","0",
"YDMT260570","X002LIW84X","B0H2GZWFXR","KSEWJP 4 Pack POM Replacement Tips, Compatible with Apple Pencil 1st/2nd Gen/Pro/USB‑C, Sensitive Precision Nibs for iPad Stylus, White","New","417.00","No",,"Yes","10","10","0","0","10","99.96","0","0","0","0","0","0",
"YDMT260571","X002LIWJE7","B0H2GVSLSQ","KSEWJP Tea Strainer with Drip Bowl, Premium Stainless Steel Fine Mesh Loose Leaf Tea Filter, Reusable & Dishwasher Safe, Silver Round Design","New","533.00","No",,"Yes","9","9","0","0","9","99.96","0","0","0","0","0","0",
"YDMT260572","X002LINFWR","B0H2GTTWXJ","KSEWJP 35Pcs Self‑Adhesive Hook & Loop Strips, Nylon Polyester Anti‑Slip Tape, 20×5cm +15×3cm for Car Mats Sofa Rugs Home Organisation","New","360.00","No",,"Yes","10","10","0","0","10","99.96","0","0","0","0","0","0",
"YDMT260573","X002LITVQ1","B0H2GY9258","KSEWJP Mahogany ABS Electroplated Handbrake Grip, Anti‑Slip Textured Cover, Compact Ergonomic Design for Toyota Innova Crysta","New","389.00","No",,"Yes","10","10","0","0","10","99.96","0","0","0","0","0","0",
"YDMT260577","X002LIOU4T","B0H2G715CJ","KSEWJP Washing Machine Water Inlet Filters 10 Pack, Universal Inlet Hose Filters for Most Washing Machines, Traps Sediments & Reduces Mineral Build-Up, Easy Install Appliance Accessories","New","446.00","No",,"Yes","7","7","0","0","7","99.96","0","0","0","0","0","0",
"YDMT260578","X002LIN2D9","B0H2GNWB9Q","KSEWJP 2 Pack Phone Wrist Lanyards, Nylon Woven Phone Case Straps with TPU Inserts, Adjustable Cord Lock & 360° Swivel Buckle, Anti-Lost Wristlets for Most Smartphones","New","535.00","No",,"Yes","9","9","0","0","9","472.44","0","0","0","0","0","0",
"YDMT260580","X002LIRG8L","B0H2GW26JX","KSEWJP 4 Pack Vintage Alloy Cinch Clips, Hollow‑Out Lattice Design Dress Sweater Clips, Rust‑Resistant Clothing Fasteners for Adult Garment Styling","New","379.00","No",,"Yes","8","8","0","0","8","268.58","0","0","0","0","0","0",
"YDMT260581","X002LIN8OR","B0H2GV811T","KSEWJP 4 Pack Vintage Alloy Cinch Clips, Hollow‑Out Lattice Design, Gold & Silver Finish, Clothing Fasteners for Sweater Shawl Dress Shirt Cinching, Adult Garment Styling Accessories","New","402.00","No",,"Yes","10","10","0","0","10","99.96","0","0","0","0","0","0",
"YDMT260582","X002LIRI9X","B0H2GVGM5C","KSEWJP 2 Pack Metal Cinch Clips, Adjustable Clothing Fasteners for Sweaters Shawls Dresses Cardigans, Durable Fabric Clips for Adult Casual & Formal Wear","New","360.00","No",,"Yes","11","11","0","0","11","99.96","0","0","0","0","0","0",
"YDMT260583","X002LIQAZL","B0H2GXJDHD","KSEWJP 3 Pack Alloy Cinch Clips, Adjustable Clothing Fasteners with Daisy Decor, Golden & White Garment Clamps for Sweaters Shawls Dresses Shirts, Adult Casual & Formal Wear Accessories","New","356.00","No",,"Yes","8","8","0","0","8","291.03","0","0","0","0","0","0",
"YDMT260584","X002LHPIJ1","B0H2DWW2HB","2Pcs Diamond Cutout Shawl Clips, Alloy Decorative Clothing Scarf Clip, Privacy Guard Fastener Brooch, Golden Silver Multi-Purpose Clip for Cardigan Shawl Scarf Beach Cover","New","314.00","No",,"Yes","11","11","0","0","11","145.68","0","0","0","0","0","0",
"YDMT260585","X002LHPI05","B0H2DNX2X8","4 Pcs Flower Pattern Golden Spoons Set, 18cm 7 Inch 18/10 Stainless Steel Mirror Polish Tea Coffee Dessert Spoons, BPA Free Rust Resistant Reusable Cutlery for Home Kitchen Cafe Bar Dishwasher Safe","New","302.00","No",,"Yes","10","10","0","0","10","533.07","0","0","0","0","0","0",
"YDMT260586","X002LHUP0N","B0H2DZW4CP","6 Pcs Leaf Branch Spoons Set, 13cm Stainless Steel Gold Mirror Finish Tea Coffee Spoons, Rust Resistant Retro Dessert Espresso Cutlery, Dishwasher Safe Tableware for Home Use & Gifting","New","427.00","No",,"Yes","10","10","0","0","10","231.22","0","0","0","0","0","0",
"YDMT260587","X002LGTG3V","B0H29L95SY","8 Compartments Pill Box, BPA Free Wheat Straw Fibre Portable Pill Organiser, Moisture Proof Double Lock Medicine Storage Case, Removable Lid Vitamin Holder for Travel Pocket Purse Daily Use Green","New","281.00","No",,"Yes","0","0","0","0","0","99.96","0","0","0",,"0","0",
"YDMT50901","X002EQ1QLN","B0FRXKRP94","1 Pack Tempered Glass for Xiaomi Mi Pad 7 11.2 inch Screen Protector Guard for Xiaomi Pad 7 11.2 inch","New","279.00","No",,"Yes","4","4","0","0","4","806.74","0","0","0","0","0","0",
"YDMT50902","X002EQ3RKV","B0FRXMGHB4","KSEWJP Black Hard Shell Portable Carrying Case for Action Camera Accessories Waterproof EVA Storage Bag with Carabiner","New","323.00","No",,"Yes","34","33","0","0","34","1228.54","0","0","0","1","0","0",
"YDMT50903","X002EPZY21","B0FRXLVGJ9","Guardian Bell for Bike, Guardian Brass, Luck Bells, Guardian Bell Keychain Bike Bells Suitable Motorcycle Handlebars Bicycle Bike Accessories Rider Gear Decor","New","502.00","No",,"Yes","57","55","0","1","57","143.55","0","0","0","1","0","0",
"YDMT50904","X002EQDJKT","B0FRXW94HM","KSEWJP 40 PCS Waterproof Tape for Hairpiece, Hair Patch Tape For Men Waterproof for Hairpiece The Front Of Supports Wigs Double Sided Ultra Hold(Blue)","New","269.00","No",,"Yes","4","4","0","0","4","90.78","0","0","0","0","0","0",
"YDMT50905-1","X002ERD15V","B0FRZVZPGH","KSEWJP 1 Pcs Heat Proof Gloves - Multifunctional Hand Gloves for Hair Styling, 8.66 in Gloves for Hair Coloring, Ideal for Heat Pack Handling, Black Gloves Made of Premium Material","New","499.00","No",,"Yes","29","28","0","0","29","634.67","0","0","0","1","0","0",
"YDMT50906","X002EQG163","B0FRY46SV7","CPU Heatsink Bracket Stand Base for AM4, AM4 Bracket, AM4 Backplate Replacement, Compatible with AMD AM4 Motherboards, DIY PC Builds, IT Professionals","New","599.00","No",,"Yes","57","57","0","0","57","185.34","0","0","0","0","0","0",
"YDMT50909","X002EQ5KNN","B0FRXP2HTF","KSEWJP Black Elastic Leather Phone Grip Strap Holder 2 Pcs Adjustable Anti-Drop Mobile Back Holder for Smartphones & Kindle","New","459.00","No",,"Yes","29","29","0","0","29","98.49","0","0","0","0","0","0",
"YDMT50910","X002EQ6L0T","B0FRXP8Z4H","Multi-functional drill bit grinder connection tool, designed for electric disc cutting machines and angle grinder accessories, for sharpening drill bits","New","599.00","No",,"Yes","39","39","0","0","39","1013.54","0","0","0","0","0","0",
"YDMT50911-2","X002ERNA1V","B0FS1H7DQB","6 PCS Radiation Protection for Mobile, Anti Radiation Chip for Mobile, Mobile Signal Light Sticker, Anti Radiation Chip Sticker Blocker Protection from Cell Phones and Electronic Devices","New","509.00","No",,"Yes","22","22","0","0","22","105.7","0","0","0","0","0","0",
"YDMT50912","X002EQ76FD","B0FRXPF8QY","KSEWJP Universal Master Key for Luggage Locks, Metal Construction, Compact 2x1.2 Inch Size, Ideal for Travel Suitcases, Green Channel Doors & Standard Locking Mechanisms, Black","New","539.00","No",,"Yes","26","26","0","0","26","146.34","0","0","0","0","0","0",
"YDMT50914","X002EQ9AWP","B0FRXQJRP4","KSEWJP Blue Thermal Conductive Silicone Pads 9 Pack 0.5/1.0/1.5mm 6.0W/mk for SSD CPU GPU LED IC Chipset Cooling","New","489.00","No",,"Yes","36","36","0","0","36","105.2","0","0","0","0","0","0",
"YDMT50915","X002EQ9FH5","B0FRXRXX8X","KSEWJP Small Soft Gaming Mouse Mat, 10x10cm Compact Size, 1.5mm Ultra Slim, Textured Cloth Surface, Non-Slip Rubber Base, Portable Roll-Up Design, Smooth Glide for Control & Speed","New","232.00","No",,"Yes","42","42","0","0","42","486.2","0","0","0","0","0","0",
"YDMT50916","X002EQ86R5","B0FRXWXWDR","KSEWJP Black Waterproof PU Hard Shell Action Camera Carrying Case Plush Lining Portable Travel Storage Bag with Carabiner","New","329.00","No",,"Yes","35","33","2","0","35","482.11","0","0","0","0","0","0",
"YDMT50917","X002EQ82KB","B0FRXRGHZ3","KSEWJP White Wrinkled Bouquet Wrapping Paper Sheet for Flower Bouquet Packaging Decoration Wedding Anniversary Engagement Thanksgiving Greeting Craft","New","269.00","No",,"Yes","16","16","0","0","16","1699.01","0","0","0","0","0","0",
"YDMT50918","X002EQ8ER7","B0FRXTYF3G","Mens Tie Pin Bar Enamel Silver Classic Men's Fashion Accessories","New","399.00","No",,"Yes","49","45","1","0","49","35.07","0","0","0","3","0","0",
"YDMT50919","X002EQ70MH","B0FRXXM8JG","KSEWJP Cube Tea Infuser with Hook Chain, 304 Stainless Steel Fine Mesh Tea Strainer for Loose Tea, Chamomile, Green Tea, Fits Teapots Cups Mugs, Silver, Dishwasher Safe","New","359.00","No",,"Yes","39","37","0","0","39","434.58","0","0","0","2","0","0",
"YDMT50920","X002EQ6W4J","B0FRXX5YH4","KSEWJP Black TPU Protective Back Cover, Flexible Slim Fit, Anti-Slip Matte Finish, Fingerprint Resistant, Precise Cutouts, Lightweight Durable Phone Case","New","331.00","No",,"Yes","47","47","0","0","47","305.62","0","0","0","0","0","0",
"YDMT50921","X002EQ6FTV","B0FRXWNZ6X","KSEWJP Men’s Bamboo Crew Socks 3-Pack, Calf Length, Soft Breathable Fabric, Odour Resistant, Cushioned Sole, Arch & Heel Support, Solid Black, Machine Washable","New","299.00","No",,"Yes","24","24","0","0","24","795.43","0","0","0","0","0","0",
"YDMT50922","X002ERCXFP","B0FRZSJP93","KSEWJP Men’s Minimalist Loop Wallet, Genuine Leather Slim Card Holder, Black, Modern Slim Design, Quick‑Access Card Compartments, Flap Closure, Lightweight for Daily Use","New","249.00","No",,"Yes","23","23","0","0","23","125.85","0","0","0","0","0","0",
"YDMT50923","X002EQB5JB","B0FRXX2XSN","KSEWJP Men’s Slim Long Leather Wallet – RFID Blocking Bifold Wallet with 12 Card Slots, 3 Cash Compartments, Hidden Zipper Pocket, and ID Window – Black","New","759.00","No",,"Yes","10","7","3","0","10","338.72","0","0","0","0","0","0",
"YDMT50924","X002EQ7D65","B0FRXZZHRH","2 Pack Tempered Glass for Redmi Pad Pro 12.1 inch Screen Protector Guard for Redmi Pad Pro 5G 12.1 inch Tablet Visit the Robustrion Store","New","271.00","No",,"Yes","14","13","1","0","14","30.48","0","0","0","0","0","0",
"YDMT50926","X002EQ78SD","B0FRXZ9H1Q","KSEWJP 6.35mm 1/4 Male to 3.5mm 1/8 Female Stereo Headphone Adapter Audio Jack Plug Gold Plated for Speaker Headphone Guitar Digital Piano Amp","New","329.00","No",,"Yes","14","14","0","0","14","86.36","0","0","0","0","0","0",
"YDMT50927","X002EQAVW3","B0FRXX1XRW","KSEWJP 6 Pair Pure Cotton Premium No Show Ankle Socks, Pack of 6, Mesh Breathable Cotton, Assorted PastelFor Men and Women Stretchable Free Size Anti Odur Sweat Free","New","425.00","No",,"Yes","34","34","0","0","34","1349.97","0","0","0","0","0","0",
"YDMT50928","X002EQBW71","B0FRXW78GQ","Silicone 46mm Bumper Case for Smartwatches Compatible with Samsung Galaxy Watch 4 Classic Shockproof Cover Thin Bumper Shell Protector (Black)","New","539.00","No",,"Yes","18","17","1","0","18","238.6","0","0","0","0","0","0",
"YDMT50929","X002ER8HVT","B0FRZY3HLN","Suitable for iPhone 17 Pro Max/17 Pro/16 Pro Max/16 Pro/15 Pro Max/15 Pro/14 Pro Max/14 Pro camera lens protection film, durable high-definition independent tempered glass, scratch-resistant, 1 pack, transparent.","New","297.00","No",,"Yes","43","43","0","0","43","130.44","0","0","0","0","0","0",
"YDMT50931","X002ER92DL","B0FRZZFJPV","KSEWJP Phone Lanyard Tether with Patch Universal Stretchy Straps and Phone Case Anchor for Anti-Drop Outdoor Skiing Hiking Cycling Climbing Compatible for Pixel Most Smartphones iPhone Samsung","New","449.00","No",,"Yes","19","18","0","0","19","119.13","0","0","0","1","0","0",
"YDMT50932","X002ER77MT","B0FRZYZC2F","Liquid Air for Google Pixel 9a Case, Pixel 9a Back Cover - TPU｜Matte Black","New","566.00","No",,"Yes","27","25","1","0","27","298.24","0","0","0","1","0","0",
"YDMT50933","X002ERBFTP","B0FRZZV3VS","KSEWJP Black TPU Protective Back Cover for Samsung Galaxy S20 FE 5G, Flexible Slim Fit, Precise Cutouts, Anti-Scratch & Anti-Drop Protection, Easy Install & Remove","New","339.00","No",,"Yes","25","25","0","0","25","166.33","0","0","0","0","0","0",
"YDMT50934","X002ERDEY9","B0FRZZZ9Z4","KSEWJP Black TPU Protective Back Cover for Samsung Galaxy A52s 5G, Flexible Anti‑Slip Matte, Fingerprint‑Resistant, Precise Cutouts, Slim Lightweight Design","New","265.00","No",,"Yes","47","47","0","0","47","207.46","0","0","0","0","0","0",
"YDMT50935","X002ER8KK7","B0FS17DLPY","KSEWJP Clear PC+TPU Protective Case for iPhone 15 6.1-Inch, Non-Yellowing Anti-Scratch Clear Back, Shockproof Corner Protection, Raised Bezels, Wireless Charging Compatible","New","254.00","No",,"Yes","42","42","0","0","42","183.54","0","0","0","0","0","0",
"YDMT50936","X002ERBN7T","B0FS1737FQ","S24 Ultra Case Slim Case, for Samsung Galaxy S24 Ultra Case, Pocket-Friendly, Anti-Scratch & Slip Black","New","349.00","No",,"Yes","42","41","1","0","42","319.55","0","0","0","0","0","0",
"YDMT50938","X002ER9LE1","B0FS168BGD","KSEWJP Stainless Steel Airtight Containers With Leak Proof Lids,Bpa Free, Odourless, Dishwasher Safe, Ideal For School And Office, 300Ml, Food Grade Silicon Seal","New","448.00","No",,"Yes","26","26","0","0","26","772.49","0","0","0","0","0","0",
"YDMT50939","X002ERI0EX","B0FS13QH1H","KSEWJP Smart TV Remote Control, Bluetooth Wireless Connection, Voice Control Function, Full Function Compatible, with Protective Silicone Case, Easy Pairing, Compact Size","New","254.00","No",,"Yes","29","29","0","0","29","235.81","0","0","0","0","0","0",
"YDMT50940","X002ERJ623","B0FS1BW84P","Weight Bar Locks, LJ1 Weightlifting Bar Collar, Plastic Rod Locks, Barbell Clip Pair for 23mm Gym Rods, Plastic Classic Barbell Locks For 23mm Weight Lifting Bar (Black)","New","479.00","No",,"Yes","29","24","5","0","29","162.89","0","0","0","0","0","0",
"YDMT50941","X002EX3VM3","B0FSQSRMM8","KSEWJP Car Blind Spot Mirror HD Curved Lens 360° Adjustable Wide Angle Universal for Cars SUV Vans Trucks Black","New","499.00","No",,"Yes","57","57","0","0","57","371","0","0","0","0","0","0",
"YDMT50942","X002EX4YY7","B0FSQ7C5MB","KSEWJP Full-Frame Square Sunglasses for Men & Women, 100% UV Protection, Lightweight Plastic Frame, Comfortable Nose Pads, Scratch-Resistant Lens, Black, Adult Wear","New","134.00","No",,"Yes","22","22","0","0","22","419.18","0","0","0","0","0","0",
"YDMT50943","X002EX5RLB","B0FSQQTQZR","KSEWJP Square Unisex Adult Sunglasses UV Protection Silver Metal Frame Black Plastic Lens Lightweight Eyewear for Driving Biking Outdoor Eye Protection & Styling","New","313.00","No",,"Yes","27","27","0","0","27","134.37","0","0","0","0","0","0",
"YDMT50944","X002EX4K0Z","B0FSQN7Z49","KSEWJP Men'S And Women'S Uv Protection Sunglasses","New","246.00","No",,"Yes","27","27","0","0","27","411.97","0","0","0","0","0","0",
"YDMT50945","X002EX4V8B","B0FSQG8479","KSEWJP Fashion Sunglasses | Polarized And 100% Uv Protection | Men And Women","New","389.00","No",,"Yes","11","11","0","0","11","190.09","0","0","0","0","0","0",
"YDMT50946","X002EX5AJP","B0FSQF49S3","KSEWJP Men'S Uv Protection Sunglasses Large Size - Square","New","365.00","No",,"Yes","16","16","0","0","16","431.31","0","0","0","0","0","0",
"YDMT50947","X002EXBC4R","B0FSQXVQR2","KSEWJP Fashion Sunglasses | Polarized and 100% UV Protection | Men and Women's Black","New","322.00","No",,"Yes","56","56","0","0","56","453.92","0","0","0","0","0","0",
"YDMT50948","X002EX6JSL","B0FSQZ6JHH","Square Cat Eye Men Women Fashion Sunglasses Polarized UVA/UVB Protection","New","355.00","No",,"Yes","47","46","1","0","47","283.17","0","0","0","0","0","0",
"YDMT50949","X002EY0PPD","B0FSWBB2B1","KSEWJP Unisex Modern Square Sunglasses, 100% UV Protected, Lightweight Metal Frame, Non‑Polarized Gray Lenses, Adult Eyewear","New","417.00","No",,"Yes","35","34","0","0","35","293.82","0","0","0","1","0","0",
"YDMT50950","X002EXU6ZX","B0FSVSR35W","KSEWJP Camera Lens Protector for Samsung Galaxy S25 Ultra, Individual Lens Design, Tempered Glass with Aluminum Edge, Scratch Resistant, High Transparency, Case Friendly, Silver","New","254.00","No",,"Yes","44","44","0","0","44","0.33","0","0","0","0","0","0",
"YDMT50951","X002EY0VS9","B0FSVSSGN8","KSEWJP UV Protected Square Sunglasses for Adults Unisex, Black Full Frame Polycarbonate Non‑Polarized Sunglasses for Driving Biking Outdoor Eye Protection","New","709.00","No",,"Yes","31","31","0","0","31","624.67","0","0","0","0","0","0",
"YDMT50952","X002EY6UST","B0FSVCJ742","KSEWJP 530 Wireless Mouse Ambidextrous, Ergonomic Mouse, Up to 8 Million clicks for Left and Right Buttons, Optical Sensor 1200 DPI, 2.4 GHz Wireless Technology via Nano USB Receiver","New","589.00","No",,"Yes","1","0","1","0","1","324.96","0","0","0","0","0","0",
"YDMT50953","X002EY0NNH","B0FSWLHX1H","KSEWJP Transparent Bi-Fold Case for Samsung Galaxy Z Fold 5, One-Piece PC Protective Cover with 6.3-inch HD Clear Front Display & Integrated S Pen Holder","New","729.00","No",,"Yes","35","35","0","0","35","343.96","0","0","0","0","0","0",
"YDMT50954","X002EY0Y1X","B0FSWTD1BF","Aluminum Alloy Desk Grommet – Rectangular Metal Cable Wire Hole Cover with Flip Dust-Proof Lid for Office, Computer Table, TV Cabinet & Furniture – Cord Organizer","New","539.00","No",,"Yes","60","59","1","0","60","339.54","0","0","0","0","0","0",
"YDMT50955","X002EY94TB","B0FSWWJ1Z4","KSEWJP Men’s Sporty Square Sunglasses, UV Protected, Lightweight Polycarbonate Frame, Non-Polarized Transparent Lenses, Adult Outdoor Eyewear","New","399.00","No",,"Yes","20","20","0","0","20","617.63","0","0","0","0","0","0",
"YDMT50956","X002EY7M9Z","B0FSX559B7","KSEWJP Camera Lens Protector for iPhone 17/16/16 Plus, Ultra-Thin Tempered Glass, HD Clear, Scratch Resistant, Individual Black Lens Cover","New","323.00","No",,"Yes","20","20","0","0","20","109.96","0","0","0","0","0","0",
"YDMT50957","X002EY5QRP","B0FSWHTSRV","KSEWJP Back Cover for OnePlus 12, Black Plastic Protective Case, Reinforced Corners, Shockproof, Raised Screen & Camera Protection","New","305.00","No",,"Yes","20","20","0","0","20","242.36","0","0","0","0","0","0",
"YDMT50958","X002EY5A0X","B0FSWVTHGL","Wooden Dry Body Brush For Body Massage With Long Handcrafted Handle, Natural Exfoliating, Lymphatic Drainage, Cellulite, Blood Circulation & Dead Skin, (Pack OF 1)","New","250.00","No",,"Yes","17","17","0","0","17","2124.91","0","0","0","0","0","0",
"YDMT50959","X002EY1417","B0FSWVQTXQ","Liquid Air for Google Pixel 6a Case, Pixel 6a Back Cover","New","408.00","No",,"Yes","15","15","0","0","15","241.22","0","0","0","0","0","0",
"YDMT50960","X002EY93GP","B0FSX5XC2M","KSEWJP Black TPU Protective case, Back Cover Protective Cover","New","297.00","No",,"Yes","20","20","0","0","20","185.34","0","0","0","0","0","0",
"YDMT50961","X002EY6YIF","B0FSX8ZR6T","KSEWJP 360° Rotatable Phone Ring Grip Holder & Kickstand, Anti-Slip Secure Grip, Universal for All Smartphones & Tablets, Silicone Material, Black","New","519.00","No",,"Yes","37","36","0","1","37","40.97","0","0","0","0","0","0",
"YDMT50962","X002EY50PX","B0FSXDFYLW","KSEWJP Polarized Aviator Sunglasses lightweight Stylish Glasses for Men Women","New","196.00","No",,"Yes","14","14","0","0","14","99.96","0","0","0","0","0","0",
"YDMT50963","X002EY87CB","B0FSX95ZFX","Face Fat Reducer, Double Chin Reducer, Silicone Face Mask For Women Skin Care Strap Tools Wrinkle Beauty","New","319.00","No",,"Yes","15","15","0","0","15","119.3","0","0","0","0","0","0",
"YDMT50964","X002EYAOPJ","B0FSXGTL7Y","6 Pcs Leather Repair Kit, Self Adhesive Patch, Patches for Sofas, Black Leather Sofa Repair Kit, Apply to Couches, Car Seats, Jackets, Kitchen Cabinets","New","491.00","No",,"Yes","34","34","0","0","34","699.24","0","0","0","0","0","0",
"YDMT50965","X002EY4SPV","B0FSXGZ8S7","Ultra Hybrid for Samsung Galaxy A56 5G Case, Galaxy A56 5G Back Cover","New","357.00","No",,"Yes","37","36","0","0","37","197.96","0","0","0","1","0","0",
"YDMT50966","X002EY8CW1","B0FSXK3LT9","KSEWJP Compatible with iPhone 15 Case, Liquid Silicone Case, Full Body Protective Cover, Shockproof, Slim Phone Case, Anti-Scratch Soft Microfiber Lining, 6.1 inch (Black)","New","306.00","No",,"Yes","30","30","0","0","30","187.8","0","0","0","0","0","0",
"YDMT50967","X002EYANY1","B0FSXG8H9F","KSEWJP Liquid Silicone Case for iPhone 14 Pro 6.1 Inch, Full Body Protective Cover, Shockproof Slim Thin, Anti-Scratch Soft Microfiber Lining, Non-Slip Grip, Black","New","209.00","No",,"Yes","44","44","0","0","44","182.39","0","0","0","0","0","0",
"YDMT50968","X002EY4UFT","B0FSXLW2ZZ","KSEWJP Liquid Air Protective Back Case Cover for Google Pixel 7, Slim Lightweight Plastic, Precise Cutouts, Easy Installation, Wireless Charging Compatible, Black","New","348.00","No",,"Yes","32","32","0","0","32","172.23","0","0","0","0","0","0",
"YDMT50969","X002EY4V1R","B0FSXKW5MT","KSEWJP Universal Waterproof Phone Case, IPX8 Waterproof Dry Bag, Secure Lock, Crystal Clear PVC, Fits Phones Up to 8.2 Inch, with Adjustable Neck Strap, White","New","280.00","No",,"Yes","37","37","0","0","37","424.42","0","0","0","0","0","0",
"YDMT50970","X002EY9E6T","B0FSXQDN5Q","Slim Hard Shell Transparent Case Cover Compatible for Oneplus Open/Oppo Find N3 | Shockproof Protective Crystal Clear Cover with Camera Protection for One Plus Open","New","429.00","No",,"Yes","27","27","0","0","27","423.44","0","0","0","0","0","0",
"YDMT50971","X002EY9G7B","B0FSXST1NM","by Back Cover Case for Google Pixel 9 / Pixel 9 Pro [Crystal Clear] Pixel 9 / Pixel 9 Pro Case with Grade (TPU, PC | Crystal Clear)","New","271.00","No",,"Yes","17","16","0","0","17","266.13","0","0","0","1","0","0",
"YDMT50972","X002F1229H","B0FT8334WL","KSEWJP Universal Ultra-Thin Stainless Steel Phone Tether Patch - Anti-Loss Tether Tab for Full Cases and Lanyard Safety Connector Replacement","New","592.00","No",,"Yes","14","14","0","0","14","43.43","0","0","0","0","0","0",
"YDMT50973","X002F0YPCF","B0FT86XSRD","KSEWJP Liquid Air Back Cover for iPhone 15 Plus, Matte Black Flexible TPU Case, Shockproof Reinforced Corners, Anti-Slip & Fingerprint-Resistant","New","339.00","No",,"Yes","38","37","1","0","38","31.3","0","0","0","0","0","0",
"YDMT50974","X002F13JG7","B0FT86WXH8","Mini Clip-On Hair Bun – Hair Scrunchie Extension | Perfect for Daily, Party & Wedding Hairstyles | Natural Black","New","779.00","No",,"Yes","28","28","0","0","28","541.59","0","0","0","0","0","0",
"YDMT50975","X002F10JKB","B0FT8B1671","KSEWJP Liquid Silicone Case for iPhone 16 Pro Max 6.9 Inch, Full Body Protective Cover, Shockproof Slim Design, Anti-Scratch Microfiber Lining, Non-Slip Grip, Black, Wireless Charging Compatible","New","305.00","No",,"Yes","22","22","0","0","22","241.05","0","0","0","0","0","0",
"YDMT50976","X002F0EHG9","B0FT87BD93","KSEWJP Back Cover for iPhone 16, Black TPU Protective Case, Shock-Absorbing Corners, Raised Screen & Camera Guard, Wireless Charging Compatible","New","459.00","No",,"Yes","29","29","0","0","29","159.28","0","0","0","0","0","0",
"YDMT50977","X002F10SYN","B0FT88YYPR","KSEWJP Liquid Crystal Back Cover for Samsung Galaxy S24 Ultra, Crystal Clear TPU, Anti-Water Stain, Slim Fit, Wireless Charging Compatible","New","553.00","No",,"Yes","30","29","0","1","30","216.47","0","0","0","0","0","0",
"YDMT50978","X002F15433","B0FT8CC554","KSEWJP Square UV Protection Sunglasses for Men & Women, Lightweight Plastic Frame, Slim Fit, Modern Stylish Design, Black, Adult Daily Wear","New","187.00","No",,"Yes","26","26","0","0","26","611.24","0","0","0","0","0","0",
"YDMT50979","X002F0EU5R","B0FT8F2WTR","KSEWJP Ultra Hybrid Back Cover for Samsung Galaxy S24 Ultra, Crystal Clear TPU + PC, Shock-Absorbent, Slim Fit, Wireless Charging Compatible","New","605.00","No",,"Yes","30","30","0","0","30","209.92","0","0","0","0","0","0",
"YDMT50980","X002F16RZR","B0FT8HK43J","KSEWJP Running Waist Bag, Adjustable Running Belt Phone Holder, Lightweight Reflective Fanny Pack for Jogging Workout Gym Hiking Cycling, Nylon Black","New","809.00","No",,"Yes","33","32","1","0","33","741.35","0","0","0","0","0","0",
"YDMT50981","X002F10QAJ","B0FT8F9D4N","KSEWJP Ultra Hybrid Clear Case for iPhone 13 Pro Max, TPU Bumper + Polycarbonate Back, Crystal Transparent, Reinforced Shockproof Corners, Precise Cutouts, Slim Lightweight","New","399.00","No",,"Yes","29","29","0","0","29","187.14","0","0","0","0","0","0",
"YDMT50982","X002F13ZK7","B0FT8GMQN7","KSEWJP Black TPU Protective Back Cover for Google Pixel 9 Pro, Matte Anti-Slip, Fingerprint-Resistant, Flexible Slim Fit Phone Case","New","562.00","No",,"Yes","30","30","0","0","30","241.38","0","0","0","0","0","0",
"YDMT50983","X002F14I3F","B0FT8KBQ71","KSEWJP Unisex Adult Round Sunglasses, UV Protected, Lightweight Polycarbonate Frame, Brown Lenses, Vintage Modern Style for All Face Shapes","New","588.00","No",,"Yes","30","30","0","0","30","574.69","0","0","0","0","0","0",
