"snapshot-date","sku","fnsku","asin","product-name","condition","available","fc-transfer","pending-removal-quantity","inv-age-0-to-90-days","inv-age-91-to-180-days","inv-age-181-to-270-days","inv-age-271-to-365-days","inv-age-365-plus-days","currency","qty-to-be-charged-ltsf-5-mo","projected-ltsf-5-mo","qty-to-be-charged-ltsf-12-mo","estimated-ltsf-next-charge","units-shipped-t7","units-shipped-t30","units-shipped-t60","units-shipped-t90","alert","your-price","sales-price","lowest-price-new-plus-shipping","lowest-price-used","recommended-action","healthy-inventory-level","recommended-sales-price","recommended-sale-duration-days","recommended-removal-quantity","estimated-cost-savings-of-recommended-actions","sell-through","item-volume","volume-unit-measurement","storage-type","storage-volume","marketplace","product-group","sales-rank","days-of-supply","estimated-excess-quantity","weeks-of-cover-t30","weeks-of-cover-t90","featuredoffer-price","sales-shipped-last-7-days","sales-shipped-last-30-days","sales-shipped-last-60-days","sales-shipped-last-90-days","inv-age-0-to-30-days","inv-age-31-to-60-days","inv-age-61-to-90-days","inv-age-91-to-150-days","inv-age-151-to-180-days","inv-age-181-to-330-days","inv-age-331-to-365-days","estimated-storage-cost-next-month","inbound-quantity","inbound-working","inbound-shipped","inbound-received","Total Reserved Quantity","unfulfillable-quantity","Inventory age snapshot date","Inventory Supply at FBA","Reserved FC Processing","Reserved Customer Order","Total Days of Supply (including units from open shipments)"
"2026-08-13","YDMT2511101-XL","X002GB2LUV","B0G2M1T8NV","","","8","0","0","0","0","8","0","0","INR","7","1056.55","0","0.0","0","0","0","0","","0.0","0.0","0.0","0.0","GoToStranded","","","0","0","","0.0","0.006556","cubic meter","","0.052446","IN","","1562617","","0","","","529.0","0.0","0.0","0.0","0.0","0","0","0","0","0","8","0","","0","0","0","0","0","0","2026-08-10","8","0","0",""
"2026-08-13","YDMT50975","X002F10JKB","B0FT8B1671","","","22","0","0","20","1","1","0","0","INR","1","23.6","0","0.0","0","0","0","0","","0.0","0.0","0.0","0.0","GoToStranded","","","0","0","","0.0","2.41E-4","cubic meter","","0.005304","IN","","","","0","","","332.0","0.0","0.0","0.0","0.0","0","20","0","1","0","1","0","","0","0","0","0","0","0","2026-08-10","22","0","0",""
"2026-08-13","YDMT50915","X002EQ9FH5","B0FRXRXX8X","","","42","0","0","0","3","39","0","0","INR","41","967.6","0","0.0","","","","","","0.0","0.0","0.0","0.0","GoToStranded","","","0","0","","0.0","4.86E-4","cubic meter","","0.020422","IN","","","","0","","","242.0","","","","","0","0","0","3","0","39","0","","0","0","0","0","0","0","2026-08-11","42","0","0",""
"2026-08-13","YDMT2511128","X002GBYTQP","B0G2S35NLV","","","4","0","0","0","0","4","0","0","INR","3","102.68","0","0.0","0","0","0","0","","0.0","0.0","0.0","0.0","GoToStranded","","","0","0","","0.0","0.001487","cubic meter","","0.005946","IN","","1589140","","0","","","539.0","0.0","0.0","0.0","0.0","0","0","0","0","0","4","0","","0","0","0","0","0","0","2026-08-11","4","0","0",""
"2026-08-13","YDMT260501","X002LGR21T","B0H29B9XWP","","","7","0","0","7","0","0","0","0","INR","0","0.0","0","0.0","0","2","2","2","","0.0","0.0","0.0","0.0","GoToStranded","","","0","0","","0.25","1.0E-4","cubic meter","","7.0E-4","IN","","250403","","0","14","45","503.0","0.0","852.56","852.56","852.56","0","7","0","0","0","0","0","","0","0","0","0","0","0","2026-08-10","7","0","0",""
"2026-08-13","YDMT2511175","X002GDFJYT","B0G2Y7ZC1H","","","12","0","0","0","0","12","0","0","INR","11","259.6","0","0.0","0","0","5","10","","0.0","0.0","0.0","0.0","GoToStranded","","","0","0","","0.62","2.96E-4","cubic meter","","0.003549","IN","","44007","","0","","15","189.0","0.0","0.0","733.05","1516.92","0","0","0","0","0","12","0","","0","0","0","0","0","1","2026-08-10","12","0","0",""
"2026-08-13","YDMT2511221-XL","X002GJ5DMB","B0G43DKR6F","","","26","0","0","0","0","26","0","0","INR","25","783.26","0","0.0","","","","","","0.0","0.0","0.0","0.0","GoToStranded","","","0","0","","0.0","0.001361","cubic meter","","0.035381","IN","","1059495","","0","","","719.0","","","","","0","0","0","0","0","26","0","","0","0","0","0","0","0","2026-08-11","26","0","0",""
"2026-08-13","YDMT260502","X002LGRJZD","B0H29LQGLN","","","10","0","0","10","0","0","0","0","INR","0","0.0","0","0.0","","","","","","0.0","0.0","0.0","0.0","GoToStranded","","","0","0","","0.0","1.0E-4","cubic meter","","0.001","IN","","","","0","","","","","","","","0","10","0","0","0","0","0","","0","0","0","0","0","0","2026-08-10","10","0","0",""
"2026-08-13","YDMT251130","X002G9U8P3","B0G2GT3W52","","","11","0","0","0","0","11","0","0","INR","10","236.0","0","0.0","0","0","0","0","","0.0","0.0","0.0","0.0","GoToStranded","","","0","0","","0.0","4.8E-4","cubic meter","","0.005283","IN","","965111","","0","","","278.0","0.0","0.0","0.0","0.0","0","0","0","0","0","11","0","","0","0","0","0","0","0","2026-08-10","11","0","0",""
"2026-08-13","YDMT50934","X002ERDEY9","B0FRZZZ9Z4","","","47","0","0","28","0","19","0","0","INR","19","448.4","0","0.0","0","0","0","1","","0.0","0.0","0.0","0.0","GoToStranded","","","0","0","","0.03","2.07E-4","cubic meter","","0.009749","IN","","799247","","0","","611","265.0","0.0","0.0","0.0","261.86","0","28","0","0","0","19","0","","0","0","0","0","0","0","2026-08-10","47","0","0",""
"2026-08-13","YDMT50945","X002EX4V8B","B0FSQG8479","","","11","0","0","11","0","0","0","0","INR","0","0.0","0","0.0","0","0","0","2","","0.0","0.0","0.0","0.0","GoToStranded","","","0","0","","0.36","1.9E-4","cubic meter","","0.002091","IN","","766023","","0","","71","389.0","0.0","0.0","0.0","659.32","5","6","0","0","0","0","0","","0","0","0","0","0","0","2026-08-10","11","0","0",""
"2026-08-13","YDMT260583","X002LIQAZL","B0H2GXJDHD","","","8","0","0","8","0","0","0","0","INR","0","0.0","0","0.0","","","","","","0.0","0.0","0.0","0.0","GoToStranded","","","0","0","","0.0","2.91E-4","cubic meter","","0.002328","IN","","","","0","","","356.0","","","","","0","8","0","0","0","0","0","","0","0","0","0","0","0","2026-08-10","8","0","0",""
"2026-08-13","YDMT251268","X002H4JPXN","B0G9JP8NJV","","","20","0","0","20","0","0","0","0","INR","0","0.0","0","0.0","0","1","1","3","","0.0","0.0","0.0","0.0","GoToStranded","","","0","0","","0.18","3.41E-4","cubic meter","","0.006819","IN","","532771","","0","80","86","455.0","0.0","385.6","385.6","1214.42","0","0","20","0","0","0","0","","0","0","0","0","0","0","2026-08-11","20","0","0",""
"2026-08-13","YDMT251228-XXL","X002GS5L47","B0G5F42XFZ","","","9","0","0","0","0","9","0","0","INR","8","794.16","0","0.0","","","","","","0.0","0.0","0.0","0.0","GoToStranded","","","0","0","","0.0","0.004312","cubic meter","","0.038804","IN","","","","0","","","1348.0","","","","","0","0","0","0","0","9","0","","0","0","0","0","0","0","2026-08-10","9","0","0",""
"2026-08-13","YDMT2511107-M","X002GBJUAZ","B0G2PC86B2","","","6","0","0","0","0","6","0","0","INR","5","118.0","0","0.0","0","0","0","0","","0.0","0.0","0.0","0.0","GoToStranded","","","0","0","","0.0","7.33E-4","cubic meter","","0.004401","IN","","741423","","0","","","313.0","0.0","0.0","0.0","0.0","0","0","0","0","0","6","0","","0","0","0","0","0","0","2026-08-10","6","0","0",""
"2026-08-13","YDMT2511221-L","X002GJ7TTV","B0G43F61BK","","","11","0","0","0","0","11","0","0","INR","10","313.3","0","0.0","","","","","","0.0","0.0","0.0","0.0","GoToStranded","","","0","0","","0.0","0.001361","cubic meter","","0.014969","IN","","1059495","","0","","","829.0","","","","","0","0","0","0","0","11","0","","0","0","0","0","0","0","2026-08-10","11","0","0",""
"2026-08-13","YDMT251253-XL","X002H1C9GB","B0G7TX73HR","","","10","0","0","0","0","10","0","0","INR","9","1405.23","0","0.0","","","","","","0.0","0.0","0.0","0.0","GoToStranded","","","0","0","","0.0","0.006782","cubic meter","","0.067816","IN","","","","0","","","909.0","","","","","0","0","0","0","0","10","0","","0","0","0","0","0","0","2026-08-10","10","0","0",""
"2026-08-13","YDMT2511104-M","X002GB2DA9","B0G2M4QNND","","","10","0","0","0","0","10","0","0","INR","10","236.0","0","0.0","","","","","","0.0","0.0","0.0","0.0","GoToStranded","","","0","0","","0.0","7.7E-4","cubic meter","","0.007703","IN","","1211887","","0","","","305.0","","","","","0","0","0","0","0","10","0","","0","0","0","0","0","0","2026-08-10","10","0","0",""
"2026-08-13","YDMT251254-L","X002H0Z3UL","B0G7TQB1C1","","","10","0","0","0","0","10","0","0","INR","9","1079.31","0","0.0","","","","","","0.0","0.0","0.0","0.0","GoToStranded","","","0","0","","0.0","0.005209","cubic meter","","0.052088","IN","","","","0","","","949.0","","","","","0","0","0","0","0","10","0","","0","0","0","0","0","0","2026-08-10","10","0","0",""
"2026-08-13","YDMT251258-M","X002H1HOCF","B0G7X33YTL","","","8","0","0","0","0","8","0","0","INR","7","619.11","0","0.0","0","0","0","0","","0.0","0.0","0.0","0.0","GoToStranded","","","0","0","","0.0","0.003842","cubic meter","","0.030732","IN","","1549950","","0","","","656.0","0.0","0.0","0.0","0.0","0","0","0","0","0","8","0","","0","0","0","0","0","0","2026-08-10","8","0","0",""
"2026-08-13","YDMT2511251-XL","X002GLKZ45","B0G4CMG8LC","","","6","0","0","0","2","3","0","0","INR","4","94.4","0","0.0","0","0","0","1","","0.0","0.0","0.0","0.0","GoToStranded","","","0","0","","0.16","8.95E-4","cubic meter","","0.005372","IN","","918965","","0","","78","619.0","0.0","0.0","0.0","524.58","0","0","0","1","1","3","0","","0","0","0","0","1","0","2026-08-10","6","1","0",""
"2026-08-13","YDMT251227-XL","X002GSCUUP","B0G5DR3L8C","","","13","0","0","0","0","13","0","0","INR","12","1054.59","0","0.0","","","","","","0.0","0.0","0.0","0.0","GoToStranded","","","0","0","","0.0","0.003817","cubic meter","","0.049621","IN","","","","0","","","949.0","","","","","0","0","0","0","0","13","0","","0","0","0","0","0","0","2026-08-10","13","0","0",""
"2026-08-13","YDMT251185-L","X002GAWNZF","B0G2LQ295X","","","12","0","0","0","0","12","0","0","INR","11","1783.19","0","0.0","","","","","","0.0","0.0","0.0","0.0","GoToStranded","","","0","0","","0.0","0.007041","cubic meter","","0.084493","IN","","","","0","","","539.0","","","","","0","0","0","0","0","12","0","","0","0","0","0","0","0","2026-08-10","12","0","0",""
"2026-08-13","YDMT251154","X002GCTV9J","B0G2VJZ7X7","","","9","0","0","0","0","9","0","0","INR","8","188.8","0","0.0","","","","","","0.0","0.0","0.0","0.0","GoToStranded","","","0","0","","0.0","8.21E-4","cubic meter","","0.007385","IN","","","","0","","","278.0","","","","","0","0","0","0","0","9","0","","0","0","0","0","0","0","2026-08-10","9","0","0",""
"2026-08-13","YDMT50961","X002EY6YIF","B0FSX8ZR6T","","","36","0","0","8","1","26","0","0","INR","27","637.2","0","0.0","0","0","0","1","","0.0","0.0","0.0","0.0","GoToStranded","","","0","0","","0.03","4.1E-5","cubic meter","","0.001474","IN","","653783","","0","","468","519.0","0.0","0.0","0.0","448.31","8","0","0","0","1","26","0","","0","0","0","0","1","0","2026-08-11","36","1","0",""
"2026-08-13","YDMT260119","X002HIKS4T","B0GFMQRHBY","","","7","0","0","0","7","0","0","0","INR","0","0.0","0","0.0","","","","","","0.0","0.0","0.0","0.0","GoToStranded","","","0","0","","0.0","0.003249","cubic meter","","0.022741","IN","","","","0","","","569.0","","","","","0","0","0","7","0","0","0","","0","0","0","0","0","0","2026-08-10","7","0","0",""
"2026-08-13","YDMT50931","X002ER92DL","B0FRZZFJPV","","","18","0","0","2","2","15","0","0","INR","17","401.2","0","0.0","0","0","8","14","","0.0","0.0","0.0","0.0","GoToStranded","","","0","0","","0.6","1.19E-4","cubic meter","","0.002145","IN","","320708","","0","","16","449.0","0.0","0.0","3044.05","5344.04","0","2","0","1","1","15","0","","0","0","0","0","0","0","2026-08-11","18","0","0",""
"2026-08-13","YDMT251224-L","X002GS6M9P","B0G58RFWGQ","","","3","0","0","0","0","3","0","0","INR","2","113.11","0","0.0","","","","","","0.0","0.0","0.0","0.0","GoToStranded","","","0","0","","0.0","0.002457","cubic meter","","0.00737","IN","","1250533","","0","","","467.0","","","","","0","0","0","0","0","3","0","","0","0","0","0","0","0","2026-08-10","3","0","0",""
"2026-08-13","YDMT251263","X002H4J8HV","B0G9J5G7R5","","","28","0","0","2","26","0","0","0","INR","0","0.0","0","0.0","0","0","1","1","","0.0","0.0","0.0","0.0","GoToStranded","","","0","0","","0.03","3.93E-4","cubic meter","","0.011005","IN","","635665","","0","","364","584.0","0.0","0.0","494.92","494.92","1","0","1","26","0","0","0","","0","0","0","0","0","0","2026-08-10","28","0","0",""
"2026-08-13","YDMT251167-L","X002G9UBPP","B0G2GVMYKR","","","16","0","0","0","0","16","0","0","INR","15","363.77","0","0.0","0","1","1","1","","0.0","0.0","0.0","0.0","GoToStranded","","","0","0","","0.06","0.001053","cubic meter","","0.016854","IN","","624576","","0","64","208","224.0","0.0","189.83","189.83","189.83","0","0","0","0","0","16","0","","0","0","0","0","0","0","2026-08-10","16","0","0",""
"2026-08-13","YDMT251227-L","X002GSG1D7","B0G5F8DQK7","","","13","0","0","0","0","13","0","0","INR","12","1054.58","0","0.0","","","","","","0.0","0.0","0.0","0.0","GoToStranded","","","0","0","","0.0","0.003817","cubic meter","","0.049621","IN","","","","0","","","929.0","","","","","0","0","0","0","0","13","0","","0","0","0","0","0","0","2026-08-10","13","0","0",""
"2026-08-13","YDMT50951","X002EY0VS9","B0FSVSSGN8","","","31","0","0","6","25","0","0","0","INR","25","590.0","0","0.0","0","0","1","3","","0.0","0.0","0.0","0.0","GoToStranded","","","0","0","","0.1","6.25E-4","cubic meter","","0.019367","IN","","587926","","0","","134","709.0","0.0","0.0","600.85","1836.45","4","2","0","25","0","0","0","","0","0","0","0","0","0","2026-08-11","31","0","0",""
"2026-08-13","YDMT251253-M","X002H169L7","B0G7T3X1WT","","","9","0","0","0","0","9","0","0","INR","8","1249.09","0","0.0","","","","","","0.0","0.0","0.0","0.0","GoToStranded","","","0","0","","0.0","0.006782","cubic meter","","0.061034","IN","","","","0","","","909.0","","","","","0","0","0","0","0","9","0","","0","0","0","0","0","0","2026-08-10","9","0","0",""
"2026-08-13","YDMT2511131","X002GBY6JP","B0G2S3F6B9","","","28","0","0","20","8","0","0","0","INR","0","0.0","0","0.0","0","1","5","9","","0.0","0.0","0.0","0.0","GoToStranded","","","0","0","","0.38","0.007237","cubic meter","","0.202632","IN","","371192","","0","112","40","839.0","0.0","711.02","3555.1","6517.8","0","20","0","8","0","0","0","","0","0","0","0","0","0","2026-08-10","28","0","0",""
"2026-08-13","YDMT50903","X002EPZY21","B0FRXLVGJ9","","","55","0","0","32","5","19","0","0","INR","21","495.6","0","0.0","0","0","3","5","","0.0","0.0","0.0","0.0","GoToStranded","","","0","0","","0.1","1.44E-4","cubic meter","","0.007899","IN","","106400","","0","","143","502.0","0.0","0.0","1276.26","2127.1","0","2","30","5","0","19","0","","0","0","0","0","1","0","2026-08-10","55","1","0",""
"2026-08-13","YDMT260585","X002LHPI05","B0H2DNX2X8","","","10","0","0","10","0","0","0","0","INR","0","0.0","0","0.0","","","","","","0.0","0.0","0.0","0.0","GoToStranded","","","0","0","","0.0","5.33E-4","cubic meter","","0.005331","IN","","","","0","","","","","","","","0","10","0","0","0","0","0","","0","0","0","0","0","0","2026-08-10","10","0","0",""
"2026-08-13","YDMT251178-M","X002G9VZK5","B0G2H2L858","","","12","0","0","0","1","11","0","0","INR","11","259.6","0","0.0","0","0","0","0","","0.0","0.0","0.0","0.0","GoToStranded","","","0","0","","0.0","6.04E-4","cubic meter","","0.007245","IN","","601199","","0","","","305.0","0.0","0.0","0.0","0.0","0","0","0","1","0","11","0","","0","0","0","0","0","0","2026-08-10","12","0","0",""
"2026-08-13","YDMT251219-XL","X002GS1UJR","B0G58NLGB8","","","6","0","0","0","0","6","0","0","INR","5","233.23","0","0.0","0","0","0","0","","0.0","0.0","0.0","0.0","GoToStranded","","","0","0","","0.0","0.002026","cubic meter","","0.012156","IN","","392093","","0","","","647.0","0.0","0.0","0.0","0.0","0","0","0","0","0","6","0","","0","0","0","0","0","0","2026-08-10","6","0","0",""
"2026-08-13","YDMT251233-S","X002GT79FF","B0G5NF1D4P","","","4","0","0","0","0","4","0","0","INR","3","182.03","0","0.0","0","0","1","1","","0.0","0.0","0.0","0.0","GoToStranded","","","0","0","","0.2","0.002636","cubic meter","","0.010542","IN","","1062711","","0","","52","729.0","0.0","0.0","617.8","617.8","0","0","0","0","0","4","0","","0","0","0","0","0","1","2026-08-10","4","0","0",""
"2026-08-13","YDMT2511243","X002GK711L","B0G46TL3WK","","","19","0","0","0","1","18","0","0","INR","18","1383.09","0","0.0","0","0","0","0","","0.0","0.0","0.0","0.0","GoToStranded","","","0","0","","0.0","0.003337","cubic meter","","0.063411","IN","","","","0","","","647.0","0.0","0.0","0.0","0.0","0","0","0","1","0","18","0","","0","0","0","0","0","0","2026-08-10","19","0","0",""
"2026-08-13","YDMT251260","X002H48MQ9","B0G9GNR568","","","12","0","0","1","11","0","0","0","INR","9","212.4","0","0.0","0","0","1","1","","0.0","0.0","0.0","0.0","GoToStranded","","","0","0","","0.08","7.6E-4","cubic meter","","0.00912","IN","","1029796","","0","","156","332.0","0.0","0.0","281.36","281.36","0","0","1","2","9","0","0","","0","0","0","0","0","0","2026-08-10","12","0","0",""
"2026-08-13","YDMT251242","X002GTAWN1","B0G5N8ZNSJ","","","8","0","0","0","2","6","0","0","INR","6","308.51","0","0.0","0","0","0","0","","0.0","0.0","0.0","0.0","GoToStranded","","","0","0","","0.0","0.002233","cubic meter","","0.017867","IN","","1564805","","0","","","622.0","0.0","0.0","0.0","0.0","0","0","0","2","0","6","0","","0","0","0","0","0","0","2026-08-11","8","0","0",""
"2026-08-13","YDMT260117","X002HIKPHJ","B0GFNDZSDG","","","8","0","0","0","8","0","0","0","INR","7","235.17","0","0.0","","","","","","0.0","0.0","0.0","0.0","GoToStranded","","","0","0","","0.0","0.001459","cubic meter","","0.011674","IN","","","","0","","","350.0","","","","","0","0","0","0","8","0","0","","0","0","0","0","0","0","2026-08-10","8","0","0",""
"2026-08-13","YDMT251230-1-XXL","X002GSHELP","B0G5GCNH6V","","","5","0","0","0","0","5","0","0","INR","4","553.42","0","0.0","","","","","","0.0","0.0","0.0","0.0","GoToStranded","","","0","0","","0.0","0.00601","cubic meter","","0.030048","IN","","1590128","","0","","","949.0","","","","","0","0","0","0","0","5","0","","0","0","0","0","0","0","2026-08-10","5","0","0",""
"2026-08-13","YDMT251272","X002H458V1","B0G9LD82P4","","","35","0","0","30","5","0","0","0","INR","5","118.0","0","0.0","0","0","0","2","","0.0","0.0","0.0","0.0","GoToStranded","","","0","0","","0.1","5.47E-4","cubic meter","","0.019132","IN","","710313","","0","","227","574.0","0.0","0.0","0.0","1184.75","0","30","0","0","5","0","0","","0","0","0","0","0","0","2026-08-10","35","0","0",""
"2026-08-13","YDMT2511244","X002GK70OT","B0G46VR5TD","","","9","0","0","1","0","8","0","0","INR","8","673.07","0","0.0","0","0","1","2","","0.0","0.0","0.0","0.0","GoToStranded","","","0","0","","0.22","0.003654","cubic meter","","0.032888","IN","","931863","","0","","58","829.0","0.0","0.0","702.54","1422.03","1","0","0","0","0","8","0","","0","0","0","0","0","0","2026-08-11","9","0","0",""
"2026-08-13","YDMT251256-L","X002H1E6T9","B0G7W4JDM1","","","9","0","0","0","0","9","0","0","INR","8","751.62","0","0.0","","","","","","0.0","0.0","0.0","0.0","GoToStranded","","","0","0","","0.0","0.004081","cubic meter","","0.036727","IN","","","","0","","","","","","","","0","0","0","0","0","9","0","","0","0","0","0","0","0","2026-08-11","9","0","0",""
"2026-08-13","YDMT251111-M","X002GAVY2X","B0G2LVJ231","","","15","0","0","0","0","15","0","0","INR","14","571.16","0","0.0","0","0","1","1","","0.0","0.0","0.0","0.0","GoToStranded","","","0","0","","0.06","0.001772","cubic meter","","0.02658","IN","","1027906","","0","","195","359.0","0.0","0.0","304.24","304.24","0","0","0","0","0","15","0","","0","0","0","0","0","0","2026-08-11","15","0","0",""
"2026-08-13","YDMT251215-1","X002GOVFAZ","B0G4RY6H7T","","","20","0","0","0","0","20","0","0","INR","19","519.53","0","0.0","","","","","","0.0","0.0","0.0","0.0","GoToStranded","","","0","0","","0.0","0.001188","cubic meter","","0.023753","IN","","","","0","","","116.0","","","","","0","0","0","0","0","20","0","","0","0","0","0","0","0","2026-08-10","20","0","0",""
"2026-08-13","YDMT251266","X002H4ETMP","B0G9JJTQ7F","","","12","0","0","0","12","0","0","0","INR","11","259.6","0","0.0","0","0","2","2","","0.0","0.0","0.0","0.0","GoToStranded","","","0","0","","0.15","5.34E-4","cubic meter","","0.006402","IN","","975970","","0","","78","339.0","0.0","0.0","591.52","591.52","0","0","0","0","12","0","0","","0","0","0","0","0","0","2026-08-11","12","0","0",""
"2026-08-13","YDMT251273","X002H4PVLX","B0G9L5DFDB","","","31","0","0","22","2","7","0","0","INR","7","165.2","0","0.0","0","0","1","3","","0.0","0.0","0.0","0.0","GoToStranded","","","0","0","","0.11","3.46E-4","cubic meter","","0.010727","IN","","764853","","0","","134","399.0","0.0","0.0","338.14","1065.26","0","1","21","2","0","7","0","","0","0","0","0","0","0","2026-08-10","31","0","0",""
"2026-08-13","YDMT2511267","X002GMHVF5","B0G4GBQS1Q","","","20","0","0","0","0","20","0","0","INR","19","448.4","0","0.0","","","","","","0.0","0.0","0.0","0.0","GoToStranded","","","0","0","","0.0","4.46E-4","cubic meter","","0.008923","IN","","","","0","","","459.0","","","","","0","0","0","0","0","20","0","","0","0","0","0","0","0","2026-08-10","20","0","0",""
"2026-08-13","YDMT251261","X002H48JSP","B0G9F7YZ14","","","9","0","0","0","9","0","0","0","INR","7","165.2","0","0.0","0","1","2","2","","0.0","0.0","0.0","0.0","GoToStranded","","","0","0","","0.2","4.26E-4","cubic meter","","0.003837","IN","","534192","","0","36","58","305.0","0.0","258.48","516.95","516.95","0","0","0","2","7","0","0","","0","0","0","0","0","0","2026-08-11","9","0","0",""
"2026-08-13","YDMT251252-M","X002H1E9RD","B0G7SS6CFJ","","","10","0","0","0","0","10","0","0","INR","9","1442.34","0","0.0","","","","","","0.0","0.0","0.0","0.0","GoToStranded","","","0","0","","0.0","0.006961","cubic meter","","0.069608","IN","","","","0","","","859.0","","","","","0","0","0","0","0","10","0","","0","0","0","0","0","0","2026-08-10","10","0","0",""
"2026-08-13","YDMT2511251-M","X002GLP9WN","B0G4CM2MS2","","","6","0","0","0","0","6","0","0","INR","5","118.0","0","0.0","0","0","0","0","","0.0","0.0","0.0","0.0","GoToStranded","","","0","0","","0.0","8.95E-4","cubic meter","","0.005372","IN","","918965","","0","","","503.0","0.0","0.0","0.0","0.0","0","0","0","0","0","6","0","","0","0","0","0","0","0","2026-08-10","6","0","0",""
"2026-08-13","YDMT2511124","X002GBU761","B0G2RK9MS2","","","11","0","0","0","0","11","0","0","INR","10","1538.58","0","0.0","0","0","1","1","","0.0","0.0","0.0","0.0","GoToStranded","","","0","0","","0.09","0.006683","cubic meter","","0.073509","IN","","1579528","","0","","143","323.0","0.0","0.0","273.72","273.72","0","0","0","0","0","11","0","","0","0","0","0","0","1","2026-08-11","11","0","0",""
"2026-08-13","YDMT50911-2","X002ERNA1V","B0FS1H7DQB","","","22","0","0","22","0","0","0","0","INR","0","0.0","0","0.0","0","0","1","6","","0.0","0.0","0.0","0.0","GoToStranded","","","0","0","","0.32","1.06E-4","cubic meter","","0.002327","IN","","308569","","0","","47","509.0","0.0","0.0","431.36","2622.05","0","0","22","0","0","0","0","","0","0","0","0","0","0","2026-08-10","22","0","0",""
"2026-08-13","YDMT251213","X002GNFN77","B0G4M9NSKG","","","3","0","0","0","0","3","0","0","INR","2","151.72","0","0.0","0","0","0","1","","0.0","0.0","0.0","0.0","GoToStranded","","","0","0","","0.31","0.003295","cubic meter","","0.009884","IN","","1149621","","0","","39","702.0","0.0","0.0","0.0","626.27","0","0","0","0","0","3","0","","0","0","0","0","0","0","2026-08-10","3","0","0",""
"2026-08-13","YDMT2511106-M","X002GBMIFT","B0G2Q48HS8","","","6","0","0","0","0","6","0","0","INR","5","118.0","0","0.0","0","0","0","0","","0.0","0.0","0.0","0.0","GoToStranded","","","0","0","","0.0","6.56E-4","cubic meter","","0.003935","IN","","956075","","0","","","251.0","0.0","0.0","0.0","0.0","0","0","0","0","0","6","0","","0","0","0","0","0","0","2026-08-11","6","0","0",""
"2026-08-13","YDMT251206-M","X002GNG44N","B0G4M61STW","","","10","0","0","0","0","10","0","0","INR","9","564.67","0","0.0","0","0","0","0","","0.0","0.0","0.0","0.0","GoToStranded","","","0","0","","0.0","0.002725","cubic meter","","0.02725","IN","","1238404","","0","","","493.0","0.0","0.0","0.0","0.0","0","0","0","0","0","10","0","","0","0","0","0","0","0","2026-08-10","10","0","0",""
"2026-08-13","YDMT251232-L","X002GT9OSF","B0G5NBTH4L","","","2","0","0","0","0","2","0","0","INR","1","46.46","0","0.0","","","","","","0.0","0.0","0.0","0.0","GoToStranded","","","0","0","","0.0","0.002018","cubic meter","","0.004035","IN","","","","0","","","647.0","","","","","0","0","0","0","0","2","0","","0","0","0","0","0","0","2026-08-10","2","0","0",""
"2026-08-13","YDMT251252-L","X002H1EA27","B0G7SHW54P","","","13","0","0","0","0","13","0","0","INR","12","1923.11","0","0.0","","","","","","0.0","0.0","0.0","0.0","GoToStranded","","","0","0","","0.0","0.006961","cubic meter","","0.09049","IN","","","","0","","","909.0","","","","","0","0","0","0","0","13","0","","0","0","0","0","0","0","2026-08-10","13","0","0",""
"2026-08-13","YDMT2511102-M","X002GB24XF","B0G2M55ZXJ","","","3","0","0","0","0","3","0","0","INR","2","47.2","0","0.0","0","0","0","1","","0.0","0.0","0.0","0.0","GoToStranded","","","0","0","","0.31","8.38E-4","cubic meter","","0.002513","IN","","694406","","0","","39","295.0","0.0","0.0","0.0","397.46","0","0","0","0","0","3","0","","0","0","0","0","0","0","2026-08-10","3","0","0",""
"2026-08-13","YDMT251228-L","X002GSH9ZB","B0G5FMR9W9","","","12","0","0","0","0","12","0","0","INR","11","1091.97","0","0.0","","","","","","0.0","0.0","0.0","0.0","GoToStranded","","","0","0","","0.0","0.004312","cubic meter","","0.051739","IN","","","","0","","","1348.0","","","","","0","0","0","0","0","12","0","","0","0","0","0","0","0","2026-08-10","12","0","0",""
"2026-08-13","YDMT2511252-M","X002GLMFFH","B0G4CHVCPB","","","14","0","0","0","0","14","0","0","INR","13","389.69","0","0.0","0","0","1","1","","0.0","0.0","0.0","0.0","GoToStranded","","","0","0","","0.07","0.001302","cubic meter","","0.018228","IN","","883625","","0","","182","569.0","0.0","0.0","482.2","482.2","0","0","0","0","0","14","0","","0","0","0","0","0","0","2026-08-10","14","0","0",""
"2026-08-13","YDMT2511113-M","X002GBPGZ3","B0G2QB3YSC","","","13","0","0","0","0","13","0","0","INR","12","290.56","0","0.0","0","0","0","0","","0.0","0.0","0.0","0.0","GoToStranded","","","0","0","","0.0","0.001052","cubic meter","","0.013673","IN","","746209","","0","","","314.0","0.0","0.0","0.0","0.0","0","0","0","0","0","13","0","","0","0","0","0","0","0","2026-08-11","13","0","0",""
"2026-08-13","YDMT251231-XL","X002GTAYXT","B0G5N5DZ1D","","","8","0","0","0","1","7","0","0","INR","7","266.54","0","0.0","0","0","0","0","","0.0","0.0","0.0","0.0","GoToStranded","","","0","0","","0.0","0.001654","cubic meter","","0.01323","IN","","866129","","0","","","610.0","0.0","0.0","0.0","0.0","0","0","0","1","0","7","0","","0","0","0","0","0","0","2026-08-10","8","0","0",""
"2026-08-13","YDMT251231-M","X002GT1YVP","B0G5MZQWGM","","","48","0","0","0","40","8","0","0","INR","8","304.59","0","0.0","0","0","0","0","","0.0","0.0","0.0","0.0","GoToStranded","","","0","0","","0.0","0.001654","cubic meter","","0.079378","IN","","866129","","0","","","649.0","0.0","0.0","0.0","0.0","0","0","0","40","0","8","0","","0","0","0","0","0","0","2026-08-10","48","0","0",""
"2026-08-13","YDMT2511121","X002GC3GP9","B0G2S6PVYM","","","10","0","0","0","0","10","0","0","INR","9","1084.94","0","0.0","0","0","0","0","","0.0","0.0","0.0","0.0","GoToStranded","","","0","0","","0.0","0.005236","cubic meter","","0.05236","IN","","149370","","0","","","485.0","0.0","0.0","0.0","0.0","0","0","0","0","0","10","0","","0","0","0","0","0","0","2026-08-10","10","0","0",""
"2026-08-13","YDMT251233-L","X002GT7MS9","B0G5N2DVJB","","","4","0","0","0","0","4","0","0","INR","3","182.03","0","0.0","","","","","","0.0","0.0","0.0","0.0","GoToStranded","","","0","0","","0.0","0.002636","cubic meter","","0.010542","IN","","1062711","","0","","","909.0","","","","","0","0","0","0","0","4","0","","0","0","0","0","0","0","2026-08-10","4","0","0",""
"2026-08-13","YDMT251240-S","X002GTN7P1","B0G5PTDMMM","","","9","0","0","0","0","9","0","0","INR","8","302.58","0","0.0","0","0","0","0","","0.0","0.0","0.0","0.0","GoToStranded","","","0","0","","0.0","0.001643","cubic meter","","0.014785","IN","","708329","","0","","","592.0","0.0","0.0","0.0","0.0","0","0","0","0","0","9","0","","0","0","0","0","0","0","2026-08-10","9","0","0",""
"2026-08-13","YDMT2511141","X002GC046X","B0G2S3TBF3","","","14","0","0","0","0","14","0","0","INR","13","1438.18","0","0.0","0","0","0","0","","0.0","0.0","0.0","0.0","GoToStranded","","","0","0","","0.0","0.004805","cubic meter","","0.067272","IN","","1542696","","0","","","530.0","0.0","0.0","0.0","0.0","0","0","0","0","0","14","0","","0","0","0","0","0","0","2026-08-10","14","0","0",""
"2026-08-13","YDMT260123","X002HJ5Z8R","B0GFTFRN93","","","32","0","0","14","18","0","0","0","INR","0","0.0","0","0.0","0","1","1","1","","0.0","0.0","0.0","0.0","GoToStranded","","","0","0","","0.03","0.00579","cubic meter","","0.185265","IN","","","","0","128","416","553.0","0.0","468.64","468.64","468.64","0","0","14","18","0","0","0","","0","0","0","0","0","1","2026-08-11","32","0","0",""
"2026-08-13","YDMT2511106-L","X002GBPFP9","B0G2Q5691L","","","6","0","0","0","0","6","0","0","INR","5","118.0","0","0.0","","","","","","0.0","0.0","0.0","0.0","GoToStranded","","","0","0","","0.0","6.56E-4","cubic meter","","0.003935","IN","","956075","","0","","","539.0","","","","","0","0","0","0","0","6","0","","0","0","0","0","0","0","2026-08-10","6","0","0",""
"2026-08-13","YDMT260107","X002HIGCIF","B0GFMY7QCT","","","15","0","0","15","0","0","0","0","INR","0","0.0","0","0.0","","","","","","0.0","0.0","0.0","0.0","GoToStranded","","","0","0","","0.0","0.007056","cubic meter","","0.105835","IN","","","","0","","","789.0","","","","","0","15","0","0","0","0","0","","0","0","0","0","0","0","2026-08-10","15","0","0",""
"2026-08-13","YDMT2511111-L","X002GBPBVH","B0G2PK7PH3","","","14","0","0","0","0","14","0","0","INR","13","346.33","0","0.0","0","0","0","0","","0.0","0.0","0.0","0.0","GoToStranded","","","0","0","","0.0","0.001157","cubic meter","","0.0162","IN","","730148","","0","","","278.0","0.0","0.0","0.0","0.0","0","0","0","0","0","14","0","","0","0","0","0","0","0","2026-08-10","14","0","0",""
"2026-08-13","YDMT251225-L","X002GRUFQH","B0G58TGWC7","","","9","0","0","0","0","9","0","0","INR","8","350.75","0","0.0","","","","","","0.0","0.0","0.0","0.0","GoToStranded","","","0","0","","0.0","0.001904","cubic meter","","0.017139","IN","","","","0","","","519.0","","","","","0","0","0","0","0","9","0","","0","0","0","0","0","0","2026-08-11","9","0","0",""
"2026-08-13","YDMT2511198","X002GI8W1L","B0G3WR55FB","","","13","0","0","0","13","0","0","0","INR","0","0.0","0","0.0","0","0","1","3","","0.0","0.0","0.0","0.0","GoToStranded","","","0","0","","0.21","0.002691","cubic meter","","0.034988","IN","","792501","","0","","56","269.0","0.0","0.0","227.97","700.86","0","0","0","13","0","0","0","","0","0","0","0","0","0","2026-08-10","13","0","0",""
"2026-08-13","YDMT251147","X002GC0QST","B0G2S7392X","","","5","0","0","0","0","5","0","0","INR","4","94.4","0","0.0","","","","","","0.0","0.0","0.0","0.0","GoToStranded","","","0","0","","0.0","0.001003","cubic meter","","0.005016","IN","","","","0","","","278.0","","","","","0","0","0","0","0","5","0","","0","0","0","0","0","0","2026-08-10","5","0","0",""
"2026-08-13","YDMT50982","X002F13ZK7","B0FT8GMQN7","","","30","0","0","0","0","30","0","0","INR","29","684.4","0","0.0","","","","","","0.0","0.0","0.0","0.0","GoToStranded","","","0","0","","0.0","2.41E-4","cubic meter","","0.007242","IN","","","","0","","","859.0","","","","","0","0","0","0","0","30","0","","0","0","0","0","0","0","2026-08-11","30","0","0",""
"2026-08-13","YDMT251259","X002H4HU8P","B0G9DW1FD7","","","12","0","0","0","12","0","0","0","INR","11","259.6","0","0.0","0","0","0","0","","0.0","0.0","0.0","0.0","GoToStranded","","","0","0","","0.0","6.36E-4","cubic meter","","0.007634","IN","","927588","","0","","","368.0","0.0","0.0","0.0","0.0","0","0","0","0","12","0","0","","0","0","0","0","0","0","2026-08-10","12","0","0",""
"2026-08-13","YDMT2511159","X002GD5KBV","B0G2XKPSFP","","","30","0","0","20","0","11","0","0","INR","11","259.6","0","0.0","0","0","0","1","","0.0","0.0","0.0","0.0","GoToStranded","","","0","0","","0.04","1.0E-4","cubic meter","","0.003","IN","","1221686","","0","","390","309.0","0.0","0.0","0.0","261.86","0","0","20","0","0","11","0","","0","0","0","0","0","0","2026-08-11","30","0","0",""
"2026-08-13","YDMT2511245","X002GKCU8F","B0G47CQ1NV","","","1","0","0","1","0","0","0","0","INR","0","0.0","0","0.0","0","0","1","2","","0.0","0.0","0.0","0.0","GoToStranded","","","0","0","","1.6","0.00624","cubic meter","","0.00624","IN","","828668","","0","","6","759.0","0.0","0.0","643.22","1311.86","0","1","0","0","0","0","0","","0","0","0","0","0","0","2026-08-10","1","0","0",""
"2026-08-13","YDMT50901","X002EQ1QLN","B0FRXKRP94","","","4","0","0","4","0","0","0","0","INR","0","0.0","0","0.0","0","1","2","3","","0.0","0.0","0.0","0.0","GoToStranded","","","0","0","","1.2","8.07E-4","cubic meter","","0.003227","IN","","84217","","0","16","17","279.0","0.0","236.44","472.88","709.32","2","2","0","0","0","0","0","","0","0","0","0","0","0","2026-08-10","4","0","0",""
"2026-08-13","YDMT251135","X002G9UU01","B0G2GQCXC5","","","9","0","0","0","0","9","0","0","INR","8","188.8","0","0.0","0","0","0","0","","0.0","0.0","0.0","0.0","GoToStranded","","","0","0","","0.0","4.98E-4","cubic meter","","0.004482","IN","","830007","","0","","","269.0","0.0","0.0","0.0","0.0","0","0","0","0","0","9","0","","0","0","0","0","0","0","2026-08-11","9","0","0",""
"2026-08-13","YDMT50973","X002F0YPCF","B0FT86XSRD","","","37","0","0","24","13","0","0","0","INR","13","306.8","0","0.0","0","0","1","1","","0.0","0.0","0.0","0.0","GoToStranded","","","0","0","","0.04","3.1E-5","cubic meter","","0.001159","IN","","","","0","","481","339.0","0.0","0.0","287.29","287.29","15","9","0","0","13","0","0","","0","0","0","0","0","1","2026-08-10","37","0","0",""
"2026-08-13","YDMT251231-L","X002GT22TX","B0G5N9CM48","","","6","0","0","0","0","6","0","0","INR","5","190.38","0","0.0","0","0","0","0","","0.0","0.0","0.0","0.0","GoToStranded","","","0","0","","0.0","0.001654","cubic meter","","0.009922","IN","","866129","","0","","","637.0","0.0","0.0","0.0","0.0","0","0","0","0","0","6","0","","0","0","0","0","0","0","2026-08-10","6","0","0",""
"2026-08-13","YDMT251123-M","X002GBJBEP","B0G2Q1CSLF","","","13","0","0","1","1","12","0","0","INR","12","776.97","0","0.0","0","0","0","0","","0.0","0.0","0.0","0.0","GoToStranded","","","0","0","","0.0","0.002812","cubic meter","","0.03656","IN","","700110","","0","","","349.0","0.0","0.0","0.0","0.0","1","0","0","1","0","12","0","","0","0","0","0","0","0","2026-08-10","13","0","0",""
"2026-08-13","YDMT251247","X002GTB1YZ","B0G5N55CVN","","","9","0","0","1","1","7","0","0","INR","8","242.8","0","0.0","0","0","2","3","","0.0","0.0","0.0","0.0","GoToStranded","","","0","0","","0.3","0.001318","cubic meter","","0.011863","IN","","862111","","0","","39","539.0","0.0","0.0","913.56","1387.29","0","1","0","1","0","7","0","","0","0","0","0","0","0","2026-08-11","9","0","0",""
"2026-08-13","YDMT2511108-M","X002GBPG8P","B0G2PFJVGY","","","4","0","0","0","0","4","0","0","INR","3","70.8","0","0.0","0","0","0","2","","0.0","0.0","0.0","0.0","GoToStranded","","","0","0","","0.44","5.03E-4","cubic meter","","0.002013","IN","","778250","","0","","26","389.0","0.0","0.0","0.0","659.32","0","0","0","0","0","4","0","","0","0","0","0","0","0","2026-08-10","4","0","0",""
"2026-08-13","YDMT50939","X002ERI0EX","B0FS13QH1H","","","29","0","0","28","0","1","0","0","INR","1","23.6","0","0.0","0","0","0","0","","0.0","0.0","0.0","0.0","GoToStranded","","","0","0","","0.0","2.36E-4","cubic meter","","0.006841","IN","","1222689","","0","","","264.0","0.0","0.0","0.0","0.0","0","28","0","0","0","1","0","","0","0","0","0","0","0","2026-08-11","29","0","0",""
"2026-08-13","YDMT2511257-M","X002GLUQ99","B0G4CNGF8J","","","22","0","0","1","1","20","0","0","INR","20","890.12","0","0.0","0","0","0","0","","0.0","0.0","0.0","0.0","GoToStranded","","","0","0","","0.0","0.001933","cubic meter","","0.042527","IN","","","","0","","","709.0","0.0","0.0","0.0","0.0","0","0","1","1","0","20","0","","0","0","0","0","0","0","2026-08-11","22","0","0",""
"2026-08-13","YDMT2511259","X002GLL5LH","B0G4CVGSWJ","","","5","0","0","0","0","5","0","0","INR","4","155.24","0","0.0","0","0","0","0","","0.0","0.0","0.0","0.0","GoToStranded","","","0","0","","0.0","0.001686","cubic meter","","0.008429","IN","","1541517","","0","","","656.0","0.0","0.0","0.0","0.0","0","0","0","0","0","5","0","","0","0","0","0","0","0","2026-08-10","5","0","0",""
"2026-08-13","YDMT260577","X002LIOU4T","B0H2G715CJ","","","7","0","0","7","0","0","0","0","INR","0","0.0","0","0.0","","","","","","0.0","0.0","0.0","0.0","GoToStranded","","","0","0","","0.0","1.0E-4","cubic meter","","7.0E-4","IN","","","","0","","","","","","","","0","7","0","0","0","0","0","","0","0","0","0","0","0","2026-08-10","7","0","0",""
"2026-08-13","YDMT50959","X002EY1417","B0FSWVQTXQ","","","15","0","0","0","0","15","0","0","INR","14","330.4","0","0.0","","","","","","0.0","0.0","0.0","0.0","GoToStranded","","","0","0","","0.0","2.41E-4","cubic meter","","0.003617","IN","","","","0","","","440.0","","","","","0","0","0","0","0","15","0","","0","0","0","0","0","0","2026-08-10","15","0","0",""
"2026-08-13","YDMT2511177","X002GDZCFF","B0G33FRQL5","","","27","0","0","27","0","0","0","0","INR","0","0.0","0","0.0","0","2","4","5","","0.0","0.0","0.0","0.0","GoToStranded","","","0","0","","0.3","7.0E-4","cubic meter","","0.018893","IN","","41440","","0","54","70","199.0","0.0","337.28","666.09","834.73","0","27","0","0","0","0","0","","0","0","0","0","0","1","2026-08-10","27","0","0",""
"2026-08-13","YDMT251275","X002H4JKZV","B0G9KR8666","","","25","0","0","16","9","0","0","0","INR","8","188.8","0","0.0","0","0","0","1","","0.0","0.0","0.0","0.0","GoToStranded","","","0","0","","0.06","4.8E-4","cubic meter","","0.011999","IN","","1465133","","0","","325","386.0","0.0","0.0","0.0","431.36","0","15","1","1","8","0","0","","0","0","0","0","0","0","2026-08-11","25","0","0",""
"2026-08-13","YDMT251229-1-L","X002GSD0OZ","B0G5FGBYH7","","","4","0","0","0","0","4","0","0","INR","3","328.04","0","0.0","","","","","","0.0","0.0","0.0","0.0","GoToStranded","","","0","0","","0.0","0.004749","cubic meter","","0.018997","IN","","","","0","","","949.0","","","","","0","0","0","0","0","4","0","","0","0","0","0","0","0","2026-08-10","4","0","0",""
"2026-08-13","YDMT2511262","X002GMEBMV","B0G4FNHBTM","","","18","0","0","18","0","0","0","0","INR","0","0.0","0","0.0","0","0","16","22","","0.0","0.0","0.0","0.0","GoToStranded","","","0","0","","1.42","6.3E-5","cubic meter","","0.001137","IN","","34604","","0","","10","279.0","0.0","0.0","3771.18","5206.77","0","15","3","0","0","0","0","","0","0","0","0","0","0","2026-08-10","18","0","0",""
"2026-08-13","YDMT50909","X002EQ5KNN","B0FRXP2HTF","","","29","0","0","26","3","0","0","0","INR","2","47.2","0","0.0","0","0","4","11","","0.0","0.0","0.0","0.0","GoToStranded","","","0","0","","0.56","9.8E-5","cubic meter","","0.002856","IN","","341729","","0","","34","459.0","0.0","0.0","1555.92","4278.78","4","21","1","3","0","0","0","","0","0","0","0","0","0","2026-08-10","29","0","0",""
"2026-08-13","YDMT50916","X002EQ86R5","B0FRXWXWDR","","","33","0","0","16","1","16","0","0","INR","16","377.6","0","0.0","0","0","3","7","","0.0","0.0","0.0","0.0","GoToStranded","","","0","0","","0.22","4.82E-4","cubic meter","","0.01591","IN","","479134","","0","","61","329.0","0.0","0.0","836.46","1968.65","14","0","2","1","0","16","0","","0","0","0","0","0","2","2026-08-10","33","0","0",""
"2026-08-13","YDMT251106-2XL","X002G9SUV7","B0G2GS6DYF","","","11","0","0","0","0","11","0","0","INR","10","236.0","0","0.0","0","0","1","3","","0.0","0.0","0.0","0.0","GoToStranded","","","0","0","","0.25","0.001005","cubic meter","","0.011053","IN","","455099","","0","","47","431.0","0.0","0.0","365.26","1346.62","0","0","0","0","0","11","0","","0","0","0","0","0","0","2026-08-10","11","0","0",""
"2026-08-13","YDMT50938","X002ER9LE1","B0FS168BGD","","","26","0","0","26","0","0","0","0","INR","0","0.0","0","0.0","0","0","0","0","","0.0","0.0","0.0","0.0","GoToStranded","","","0","0","","0.0","7.73E-4","cubic meter","","0.020087","IN","","1187316","","0","","","448.0","0.0","0.0","0.0","0.0","8","18","0","0","0","0","0","","0","0","0","0","0","0","2026-08-10","26","0","0",""
"2026-08-13","YDMT2511210","X002GIX7KH","B0G412Y1LJ","","","7","0","0","0","2","5","0","0","INR","6","141.6","0","0.0","0","0","0","0","","0.0","0.0","0.0","0.0","GoToStranded","","","0","0","","0.0","6.34E-4","cubic meter","","0.004441","IN","","337823","","0","","","529.0","0.0","0.0","0.0","0.0","0","0","0","0","2","5","0","","0","0","0","0","0","0","2026-08-10","7","0","0",""
"2026-08-13","YDMT260514","X002LHZ5AN","B0H2DZ2R2G","","","10","0","0","10","0","0","0","0","INR","0","0.0","0","0.0","","","","","","0.0","0.0","0.0","0.0","GoToStranded","","","0","0","","0.0","1.0E-4","cubic meter","","0.001","IN","","","","0","","","","","","","","2","8","0","0","0","0","0","","0","0","0","0","0","0","2026-08-10","10","0","0",""
"2026-08-13","YDMT251237-S","X002GTLHRB","B0G5PRHP89","","","8","0","0","0","1","8","0","0","INR","8","281.78","0","0.0","0","0","0","0","","0.0","0.0","0.0","0.0","GoToStranded","","","0","0","","0.0","0.00153","cubic meter","","0.012239","IN","","1524563","","0","","","539.0","0.0","0.0","0.0","0.0","0","0","0","1","0","8","0","","0","0","0","0","0","0","2026-08-10","8","0","0",""
"2026-08-13","YDMT251171-XL","X002G9U0O7","B0G2GXHMYB","","","5","0","0","0","0","5","0","0","INR","4","94.4","0","0.0","","","","","","0.0","0.0","0.0","0.0","GoToStranded","","","0","0","","0.0","8.87E-4","cubic meter","","0.004437","IN","","","","0","","","197.0","","","","","0","0","0","0","0","5","0","","0","0","0","0","0","0","2026-08-11","5","0","0",""
"2026-08-13","YDMT251222-L","X002GS3L2L","B0G58TLYMR","","","32","0","0","0","0","32","0","0","INR","31","1485.41","0","0.0","","","","","","0.0","0.0","0.0","0.0","GoToStranded","","","0","0","","0.0","0.002081","cubic meter","","0.066598","IN","","","","0","","","557.0","","","","","0","0","0","0","0","32","0","","0","0","0","0","0","0","2026-08-11","32","0","0",""
"2026-08-13","YDMT260582","X002LIRI9X","B0H2GVGM5C","","","11","0","0","11","0","0","0","0","INR","0","0.0","0","0.0","","","","","","0.0","0.0","0.0","0.0","GoToStranded","","","0","0","","0.0","1.0E-4","cubic meter","","0.0011","IN","","","","0","","","","","","","","2","9","0","0","0","0","0","","0","0","0","0","0","0","2026-08-11","11","0","0",""
"2026-08-13","YDMT2511171","X002GDD293","B0G2Y1HTJ2","","","12","0","0","12","0","0","0","0","INR","0","0.0","0","0.0","0","5","14","38","","0.0","0.0","0.0","0.0","GoToStranded","","","0","0","","2.41","6.1E-5","cubic meter","","7.37E-4","IN","","216934","","0","9","4","259.0","0.0","1097.45","3072.87","8340.68","0","12","0","0","0","0","0","","0","0","0","0","0","0","2026-08-10","12","0","0",""
"2026-08-13","YDMT260105","X002HIGB4P","B0GFN149CN","","","37","0","0","28","9","0","0","0","INR","1","60.84","0","0.0","0","0","0","0","","0.0","0.0","0.0","0.0","GoToStranded","","","0","0","","0.0","0.002642","cubic meter","","0.097769","IN","","1031710","","0","","","413.0","0.0","0.0","0.0","0.0","0","8","20","8","1","0","0","","0","0","0","0","0","0","2026-08-10","37","0","0",""
"2026-08-13","YDMT260106","X002HIJPS9","B0GFMX7W8R","","","9","0","0","0","9","0","0","0","INR","0","0.0","0","0.0","","","","","","0.0","0.0","0.0","0.0","GoToStranded","","","0","0","","0.0","0.002819","cubic meter","","0.025369","IN","","","","0","","","476.0","","","","","0","0","0","9","0","0","0","","0","0","0","0","0","0","2026-08-11","9","0","0",""
"2026-08-13","YDMT251255-S","X002H0Z4AF","B0G7W44NRV","","","9","0","0","0","9","0","0","0","INR","0","0.0","0","0.0","","","","","","0.0","0.0","0.0","0.0","GoToStranded","","","0","0","","0.0","0.00368","cubic meter","","0.033117","IN","","","","0","","","1279.0","","","","","0","0","0","9","0","0","0","","0","0","0","0","0","0","2026-08-11","9","0","0",""
"2026-08-13","YDMT50954","X002EY0Y1X","B0FSWTD1BF","","","59","0","0","45","3","11","0","0","INR","14","330.4","0","0.0","0","0","9","14","","0.0","0.0","0.0","0.0","GoToStranded","","","0","0","","0.26","3.39E-4","cubic meter","","0.02003","IN","","80216","","0","","54","539.0","0.0","0.0","4111.02","6394.92","0","2","43","0","3","11","0","","0","0","0","0","0","1","2026-08-10","59","0","0",""
"2026-08-13","YDMT260132","X002HIYU4X","B0GFSZNDXL","","","11","0","0","0","11","0","0","0","INR","0","0.0","0","0.0","","","","","","0.0","0.0","0.0","0.0","GoToStranded","","","0","0","","0.0","0.001959","cubic meter","","0.021545","IN","","","","0","","","739.0","","","","","0","0","0","11","0","0","0","","0","0","0","0","0","0","2026-08-10","11","0","0",""
"2026-08-13","YDMT251127","X002G9U7S1","B0G2GRLWY5","","","23","0","0","1","16","6","0","0","INR","6","141.6","0","0.0","0","0","3","3","","0.0","0.0","0.0","0.0","GoToStranded","","","0","0","","0.12","4.91E-4","cubic meter","","0.011299","IN","","593881","","0","","99","349.0","0.0","0.0","887.28","887.28","1","0","0","16","0","6","0","","0","0","0","0","0","0","2026-08-11","23","0","0",""
"2026-08-13","YDMT2511101-XXL","X002GB0Q1H","B0G2LZVKXW","","","4","0","0","0","0","4","0","0","INR","3","452.8","0","0.0","0","0","0","0","","0.0","0.0","0.0","0.0","GoToStranded","","","0","0","","0.0","0.006556","cubic meter","","0.026223","IN","","1562617","","0","","","579.0","0.0","0.0","0.0","0.0","0","0","0","0","0","4","0","","0","0","0","0","0","0","2026-08-10","4","0","0",""
"2026-08-13","YDMT2511268","X002GMD0AP","B0G4FYQMML","","","2","0","0","1","1","0","0","0","INR","0","0.0","0","0.0","0","2","23","29","","0.0","0.0","0.0","0.0","GoToStranded","","","0","0","","1.84","4.8E-5","cubic meter","","9.7E-5","IN","","240775","","0","4","0","269.0","0.0","455.94","5219.56","6587.34","0","1","0","1","0","0","0","","0","0","0","0","0","0","2026-08-11","2","0","0",""
"2026-08-13","YDMT260116","X002HIILJN","B0GFN17BNZ","","","12","0","0","0","12","0","0","0","INR","0","0.0","0","0.0","","","","","","0.0","0.0","0.0","0.0","GoToStranded","","","0","0","","0.0","0.00188","cubic meter","","0.022559","IN","","","","0","","","512.0","","","","","0","0","0","12","0","0","0","","0","0","0","0","0","0","2026-08-10","12","0","0",""
"2026-08-13","YDMT251109-L","X002GAXPR5","B0G2LRV9F8","","","14","0","0","0","0","14","0","0","INR","13","306.8","0","0.0","","","","","","0.0","0.0","0.0","0.0","GoToStranded","","","0","0","","0.0","5.89E-4","cubic meter","","0.008249","IN","","1595758","","0","","","799.0","","","","","0","0","0","0","0","14","0","","0","0","0","0","0","0","2026-08-10","14","0","0",""
"2026-08-13","YDMT2511250-L","X002GLKTPF","B0G4CJTSNX","","","7","0","0","0","0","7","0","0","INR","6","229.79","0","0.0","","","","","","0.0","0.0","0.0","0.0","GoToStranded","","","0","0","","0.0","0.001663","cubic meter","","0.011644","IN","","","","0","","","839.0","","","","","0","0","0","0","0","7","0","","0","0","0","0","0","0","2026-08-10","7","0","0",""
"2026-08-13","YDMT50944","X002EX4K0Z","B0FSQN7Z49","","","27","0","0","23","1","0","3","0","INR","4","94.4","0","0.0","0","0","0","0","","0.0","0.0","0.0","0.0","GoToStranded","","","0","0","","0.0","4.12E-4","cubic meter","","0.011122","IN","","1181293","","0","","","349.0","0.0","0.0","0.0","0.0","2","21","0","0","1","3","0","","0","0","0","0","0","0","2026-08-10","27","0","0",""
"2026-08-13","YDMT251250","X002GTHA13","B0G5PDNTSD","","","4","0","0","0","0","4","0","0","INR","3","144.25","0","0.0","0","0","0","0","","0.0","0.0","0.0","0.0","GoToStranded","","","0","0","","0.0","0.002089","cubic meter","","0.008355","IN","","1079904","","0","","","647.0","0.0","0.0","0.0","0.0","0","0","0","0","0","4","0","","0","0","0","0","0","0","2026-08-10","4","0","0",""
"2026-08-13","YDMT50940","X002ERJ623","B0FS1BW84P","","","24","0","0","24","0","0","0","0","INR","0","0.0","0","0.0","0","11","15","62","","0.0","0.0","0.0","0.0","GoToStranded","","","0","0","","1.76","1.63E-4","cubic meter","","0.003908","IN","","45495","","0","8","5","479.0","0.0","4465.27","6088.99","25167.86","3","21","0","0","0","0","0","","0","0","0","0","0","5","2026-08-10","24","0","0",""
"2026-08-13","YDMT2511265","X002GMDK2X","B0G4FX2M3Y","","","10","0","0","0","1","9","0","0","INR","9","212.4","0","0.0","0","1","5","6","","0.0","0.0","0.0","0.0","GoToStranded","","","0","0","","0.46","1.42E-4","cubic meter","","0.00142","IN","","50025","","0","40","21","229.0","0.0","194.07","970.34","1249.15","0","0","0","1","0","9","0","","0","0","0","0","0","0","2026-08-11","10","0","0",""
"2026-08-13","YDMT260522","X002LI9HS3","B0H2F9CMTD","","","9","0","0","9","0","0","0","0","INR","0","0.0","0","0.0","","","","","","0.0","0.0","0.0","0.0","GoToStranded","","","0","0","","0.0","1.0E-4","cubic meter","","9.0E-4","IN","","","","0","","","","","","","","1","8","0","0","0","0","0","","0","0","0","0","0","0","2026-08-11","9","0","0",""
"2026-08-13","YDMT251238-M","X002GTQ9KB","B0G5P5FCWW","","","10","0","0","0","0","10","0","0","INR","9","352.9","0","0.0","","","","","","0.0","0.0","0.0","0.0","GoToStranded","","","0","0","","0.0","0.001703","cubic meter","","0.017032","IN","","","","0","","","769.0","","","","","0","0","0","0","0","10","0","","0","0","0","0","0","0","2026-08-10","10","0","0",""
"2026-08-13","YDMT2511147","X002GBUOE1","B0G2RDL5C7","","","24","0","0","2","22","0","0","0","INR","22","519.2","0","0.0","0","0","1","1","","0.0","0.0","0.0","0.0","GoToStranded","","","0","0","","0.04","7.68E-4","cubic meter","","0.01843","IN","","622926","","0","","312","674.0","0.0","0.0","634.74","634.74","0","1","1","2","20","0","0","","0","0","0","0","0","0","2026-08-10","24","0","0",""
"2026-08-13","YDMT251160","X002G9T4AX","B0G2GSM41G","","","10","0","0","0","0","10","0","0","INR","9","212.4","0","0.0","","","","","","0.0","0.0","0.0","0.0","GoToStranded","","","0","0","","0.0","4.84E-4","cubic meter","","0.004843","IN","","","","0","","","197.0","","","","","0","0","0","0","0","10","0","","0","0","0","0","0","0","2026-08-10","10","0","0",""
"2026-08-13","YDMT251107-XL","X002G9X5I5","B0G2GYGQFZ","","","11","0","0","0","0","11","0","0","INR","10","236.0","0","0.0","0","0","0","0","","0.0","0.0","0.0","0.0","GoToStranded","","","0","0","","0.0","7.77E-4","cubic meter","","0.008549","IN","","827689","","0","","","278.0","0.0","0.0","0.0","0.0","0","0","0","0","0","11","0","","0","0","0","0","0","0","2026-08-10","11","0","0",""
"2026-08-13","YDMT2511101-L","X002GB4JBF","B0G2M26TBR","","","14","0","0","0","0","14","0","0","INR","13","1962.16","0","0.0","","","","","","0.0","0.0","0.0","0.0","GoToStranded","","","0","0","","0.0","0.006556","cubic meter","","0.09178","IN","","1562617","","0","","","389.0","","","","","0","0","0","0","0","14","0","","0","0","0","0","0","0","2026-08-10","14","0","0",""
"2026-08-13","YDMT2511103-L","X002GAY8ZN","B0G2M4GYLZ","","","15","0","0","0","0","15","0","0","INR","14","330.4","0","0.0","","","","","","0.0","0.0","0.0","0.0","GoToStranded","","","0","0","","0.0","7.13E-4","cubic meter","","0.010695","IN","","","","0","","","309.0","","","","","0","0","0","0","0","15","0","","0","0","0","0","0","0","2026-08-10","15","0","0",""
"2026-08-13","YDMT251223-L","X002GS4CQP","B0G58QX5RJ","","","8","0","0","0","0","8","0","0","INR","7","426.63","0","0.0","","","","","","0.0","0.0","0.0","0.0","GoToStranded","","","0","0","","0.0","0.002647","cubic meter","","0.021177","IN","","","","0","","","519.0","","","","","0","0","0","0","0","8","0","","0","0","0","0","0","0","2026-08-10","8","0","0",""
"2026-08-13","YDMT2511135","X002GBYWAN","B0G2S2115J","","","36","0","0","0","30","6","0","0","INR","35","2412.68","0","0.0","0","0","0","0","","0.0","0.0","0.0","0.0","GoToStranded","","","0","0","","0.0","0.002994","cubic meter","","0.107786","IN","","828426","","0","","","545.0","0.0","0.0","0.0","0.0","0","0","0","19","11","6","0","","0","0","0","0","0","0","2026-08-10","36","0","0",""
"2026-08-13","YDMT251231-S","X002GT234H","B0G5NFG42R","","","9","0","0","0","1","8","0","0","INR","8","304.62","0","0.0","","","","","","0.0","0.0","0.0","0.0","GoToStranded","","","0","0","","0.0","0.001654","cubic meter","","0.014883","IN","","866129","","0","","","503.0","","","","","0","0","0","1","0","8","0","","0","0","0","0","0","0","2026-08-10","9","0","0",""
"2026-08-13","YDMT50968","X002EY4UFT","B0FSXLW2ZZ","","","32","0","0","16","15","1","0","0","INR","16","377.6","0","0.0","0","0","0","0","","0.0","0.0","0.0","0.0","GoToStranded","","","0","0","","0.0","1.72E-4","cubic meter","","0.005509","IN","","802053","","0","","","348.0","0.0","0.0","0.0","0.0","0","16","0","0","15","1","0","","0","0","0","0","0","0","2026-08-11","32","0","0",""
"2026-08-13","YDMT2511208","X002GIBKSD","B0G3X15ZLS","","","30","0","0","20","0","11","0","0","INR","11","259.6","0","0.0","0","0","1","1","","0.0","0.0","0.0","0.0","GoToStranded","","","0","0","","0.04","1.13E-4","cubic meter","","0.003398","IN","","151874","","0","","390","319.0","0.0","0.0","270.34","270.34","0","0","20","0","0","11","0","","0","0","0","0","0","0","2026-08-11","30","0","0",""
"2026-08-13","YDMT50918","X002EQ8ER7","B0FRXTYF3G","","","45","0","0","0","35","13","0","0","INR","46","1085.6","0","0.0","0","0","3","13","","0.0","0.0","0.0","0.0","GoToStranded","","","0","0","","0.25","3.5E-5","cubic meter","","0.00158","IN","","85273","","0","","45","399.0","0.0","0.0","980.5","4395.78","0","0","0","2","33","13","0","","0","0","0","0","0","1","2026-08-10","45","0","0",""
"2026-08-13","YDMT2511165","X002GD93WN","B0G2XWN9FW","","","23","0","0","23","0","0","0","0","INR","0","0.0","0","0.0","0","0","22","29","","0.0","0.0","0.0","0.0","GoToStranded","","","0","0","","1.27","4.0E-4","cubic meter","","0.009192","IN","","58374","","0","","10","269.0","0.0","0.0","5003.43","6599.15","0","2","21","0","0","0","0","","0","0","0","0","0","1","2026-08-11","23","0","0",""
"2026-08-13","YDMT50947","X002EXBC4R","B0FSQXVQR2","","","56","0","0","34","2","20","0","0","INR","21","495.6","0","0.0","0","0","0","8","","0.0","0.0","0.0","0.0","GoToStranded","","","0","0","","0.17","4.54E-4","cubic meter","","0.025421","IN","","502381","","0","","91","332.0","0.0","0.0","0.0","2908.48","4","29","1","1","1","20","0","","0","0","0","0","0","0","2026-08-11","56","0","0",""
"2026-08-13","YDMT251119-M","X002GBOW4J","B0G2Q2G1FS","","","6","0","0","0","0","6","0","0","INR","5","118.0","0","0.0","0","0","1","2","","0.0","0.0","0.0","0.0","GoToStranded","","","0","0","","0.28","7.57E-4","cubic meter","","0.004543","IN","","422804","","0","","39","469.0","0.0","0.0","397.46","794.92","0","0","0","0","0","6","0","","0","0","0","0","0","0","2026-08-10","6","0","0",""
"2026-08-13","YDMT260572","X002LINFWR","B0H2GTTWXJ","","","10","0","0","10","0","0","0","0","INR","0","0.0","0","0.0","","","","","","0.0","0.0","0.0","0.0","GoToStranded","","","0","0","","0.0","1.0E-4","cubic meter","","0.001","IN","","","","0","","","360.0","","","","","0","10","0","0","0","0","0","","0","0","0","0","0","0","2026-08-10","10","0","0",""
"2026-08-13","YDMT2511154","X002GCYKXV","B0G2W1753L","","","30","0","0","0","0","30","0","0","INR","29","835.89","0","0.0","","","","","","0.0","0.0","0.0","0.0","GoToStranded","","","0","0","","0.0","0.001252","cubic meter","","0.037558","IN","","","","0","","","199.0","","","","","0","0","0","0","0","30","0","","0","0","0","0","0","0","2026-08-10","30","0","0",""
"2026-08-13","YDMT251256-2XL","X002H1GK25","B0G7V5L138","","","4","0","0","0","4","0","0","0","INR","0","0.0","0","0.0","","","","","","0.0","0.0","0.0","0.0","GoToStranded","","","0","0","","0.0","0.004081","cubic meter","","0.016323","IN","","","","0","","","","","","","","0","0","0","4","0","0","0","","0","0","0","0","0","0","2026-08-10","4","0","0",""
"2026-08-13","YDMT251189-L","X002GAVVDZ","B0G2LWKC8C","","","12","0","0","0","2","10","0","0","INR","11","942.91","0","0.0","0","0","1","1","","0.0","0.0","0.0","0.0","GoToStranded","","","0","0","","0.08","0.003723","cubic meter","","0.044678","IN","","564464","","0","","156","299.0","0.0","0.0","253.38","253.38","0","0","0","0","2","10","0","","0","0","0","0","0","1","2026-08-11","12","0","0",""
"2026-08-13","YDMT2511247","X002GK1J23","B0G44SRQ3W","","","18","0","0","0","0","18","0","0","INR","17","401.2","0","0.0","0","2","2","2","","0.0","0.0","0.0","0.0","GoToStranded","","","0","0","","0.1","1.47E-4","cubic meter","","0.002651","IN","","514411","","0","36","117","214.0","0.0","362.72","362.72","362.72","0","0","0","0","0","18","0","","0","0","0","0","0","0","2026-08-10","18","0","0",""
"2026-08-13","YDMT260512","X002LHYA4Z","B0H2DQBLM3","","","10","0","0","10","0","0","0","0","INR","0","0.0","0","0.0","","","","","","0.0","0.0","0.0","0.0","GoToStranded","","","0","0","","0.0","3.82E-4","cubic meter","","0.003819","IN","","","","0","","","627.0","","","","","0","10","0","0","0","0","0","","0","0","0","0","0","0","2026-08-10","10","0","0",""
"2026-08-13","YDMT260111","X002HILITX","B0GFN3GYG7","","","35","0","0","35","0","0","0","0","INR","0","0.0","0","0.0","","","","","","0.0","0.0","0.0","0.0","GoToStranded","","","0","0","","0.0","0.001732","cubic meter","","0.060606","IN","","","","0","","","","","","","","0","35","0","0","0","0","0","","0","0","0","0","0","0","2026-08-10","35","0","0",""
"2026-08-13","YDMT50941","X002EX3VM3","B0FSQSRMM8","","","57","0","0","0","2","55","0","0","INR","56","1321.6","0","0.0","0","0","7","12","","0.0","0.0","0.0","0.0","GoToStranded","","","0","0","","0.19","3.71E-4","cubic meter","","0.021146","IN","","126009","","0","","61","499.0","0.0","0.0","2938.98","5070.33","0","0","0","1","1","55","0","","0","0","0","0","0","0","2026-08-10","57","0","0",""
"2026-08-13","YDMT260571","X002LIWJE7","B0H2GVSLSQ","","","9","0","0","9","0","0","0","0","INR","0","0.0","0","0.0","","","","","","0.0","0.0","0.0","0.0","GoToStranded","","","0","0","","0.0","1.0E-4","cubic meter","","9.0E-4","IN","","","","0","","","","","","","","0","9","0","0","0","0","0","","0","0","0","0","0","0","2026-08-10","9","0","0",""
"2026-08-13","YDMT2511103-M","X002GB0YYL","B0G2M36ZM2","","","15","0","0","0","1","14","0","0","INR","14","330.4","0","0.0","","","","","","0.0","0.0","0.0","0.0","GoToStranded","","","0","0","","0.0","7.13E-4","cubic meter","","0.010695","IN","","","","0","","","309.0","","","","","0","0","0","1","0","14","0","","0","0","0","0","0","0","2026-08-11","15","0","0",""
"2026-08-13","YDMT2511119","X002GC0QJX","B0G2S625WJ","","","29","0","0","3","26","0","0","0","INR","26","1398.89","0","0.0","0","2","6","7","","0.0","0.0","0.0","0.0","GoToStranded","","","0","0","","0.22","0.002337","cubic meter","","0.067769","IN","","72459","","0","58","53","469.0","0.0","794.92","2384.76","2799.16","1","1","1","0","26","0","0","","0","0","0","0","0","0","2026-08-10","29","0","0",""
"2026-08-13","YDMT260102","X002HIDX23","B0GFMCBPMR","","","11","0","0","11","0","0","0","0","INR","0","0.0","0","0.0","0","0","4","9","","0.0","0.0","0.0","0.0","GoToStranded","","","0","0","","1.03","0.00232","cubic meter","","0.025519","IN","","634149","","0","","15","579.0","0.0","0.0","1962.72","4416.12","0","11","0","0","0","0","0","","0","0","0","0","0","0","2026-08-10","11","0","0",""
"2026-08-13","YDMT50905-1","X002ERD15V","B0FRZVZPGH","","","28","0","0","20","2","7","0","0","INR","9","212.4","0","0.0","0","1","16","25","","0.0","0.0","0.0","0.0","GoToStranded","","","0","0","","0.72","6.35E-4","cubic meter","","0.01777","IN","","150965","","0","112","14","499.0","0.0","422.88","6744.89","10550.81","0","0","20","1","1","7","0","","0","0","0","0","0","0","2026-08-10","28","0","0",""
"2026-08-13","YDMT251142","X002G9XOTP","B0G2H3RMMD","","","19","0","0","0","19","0","0","0","INR","0","0.0","0","0.0","0","0","1","1","","0.0","0.0","0.0","0.0","GoToStranded","","","0","0","","0.05","4.02E-4","cubic meter","","0.007647","IN","","649459","","0","","247","278.0","0.0","0.0","235.59","235.59","0","0","0","19","0","0","0","","0","0","0","0","0","0","2026-08-10","19","0","0",""
"2026-08-13","YDMT2511163","X002GD5NG3","B0G2XVK3K9","","","71","0","0","71","0","0","0","0","INR","0","0.0","0","0.0","0","0","6","19","","0.0","0.0","0.0","0.0","GoToStranded","","","0","0","","0.51","2.47E-4","cubic meter","","0.017505","IN","","190567","","0","","48","259.0","0.0","0.0","1249.14","3882.16","5","66","0","0","0","0","0","","0","0","0","0","1","0","2026-08-11","71","1","0",""
"2026-08-13","YDMT251258-XL","X002H1H5B5","B0G7WCQ1QZ","","","9","0","0","0","0","9","0","0","INR","8","707.54","0","0.0","0","0","1","1","","0.0","0.0","0.0","0.0","GoToStranded","","","0","0","","0.1","0.003842","cubic meter","","0.034574","IN","","1549950","","0","","117","719.0","0.0","0.0","609.32","609.32","0","0","0","0","0","9","0","","0","0","0","0","0","1","2026-08-11","9","0","0",""
"2026-08-13","YDMT260126","X002HJ5FOB","B0GFT6PS8L","","","9","0","0","9","0","0","0","0","INR","0","0.0","0","0.0","","","","","","0.0","0.0","0.0","0.0","GoToStranded","","","0","0","","0.0","1.0E-4","cubic meter","","9.0E-4","IN","","","","0","","","","","","","","2","7","0","0","0","0","0","","0","0","0","0","0","0","2026-08-10","9","0","0",""
"2026-08-13","YDMT260578","X002LIN2D9","B0H2GNWB9Q","","","9","0","0","9","0","0","0","0","INR","0","0.0","0","0.0","0","1","1","1","","0.0","0.0","0.0","0.0","GoToStranded","","","0","0","","0.11","4.72E-4","cubic meter","","0.004251","IN","","528566","","0","36","117","535.0","0.0","453.38","453.38","453.38","0","9","0","0","0","0","0","","0","0","0","0","0","0","2026-08-10","9","0","0",""
"2026-08-13","YDMT251237-M","X002GTHRA7","B0G5P95TL8","","","7","0","0","0","0","7","0","0","INR","6","211.34","0","0.0","","","","","","0.0","0.0","0.0","0.0","GoToStranded","","","0","0","","0.0","0.00153","cubic meter","","0.010709","IN","","1524563","","0","","","529.0","","","","","0","0","0","0","0","7","0","","0","0","0","0","0","0","2026-08-10","7","0","0",""
"2026-08-13","YDMT260114","X002HILUBT","B0GFN7H66Z","","","17","0","0","1","16","0","0","0","INR","0","0.0","0","0.0","","","","","","0.0","0.0","0.0","0.0","GoToStranded","","","0","0","","0.0","0.005413","cubic meter","","0.092023","IN","","","","0","","","512.0","","","","","0","1","0","16","0","0","0","","0","0","0","0","0","0","2026-08-10","17","0","0",""
"2026-08-13","YDMT260109","X002HIHY19","B0GFN1L7NW","","","6","0","0","0","6","0","0","0","INR","0","0.0","0","0.0","","","","","","0.0","0.0","0.0","0.0","GoToStranded","","","0","0","","0.0","0.002155","cubic meter","","0.012928","IN","","","","0","","","619.0","","","","","0","0","0","6","0","0","0","","0","0","0","0","0","0","2026-08-10","6","0","0",""
"2026-08-13","YDMT251219-XXL","X002GS15ER","B0G58KQ1J9","","","7","0","0","0","0","7","0","0","INR","6","279.87","0","0.0","","","","","","0.0","0.0","0.0","0.0","GoToStranded","","","0","0","","0.0","0.002026","cubic meter","","0.014182","IN","","","","0","","","999.0","","","","","0","0","0","0","0","7","0","","0","0","0","0","0","0","2026-08-10","7","0","0",""
"2026-08-13","YDMT251238-S","X002GTO47L","B0G5PMSSQL","","","10","0","0","0","1","9","0","0","INR","9","352.91","0","0.0","0","0","0","0","","0.0","0.0","0.0","0.0","GoToStranded","","","0","0","","0.0","0.001703","cubic meter","","0.017032","IN","","","","0","","","647.0","0.0","0.0","0.0","0.0","0","0","0","0","1","9","0","","0","0","0","0","0","0","2026-08-11","10","0","0",""
"2026-08-13","YDMT260586","X002LHUP0N","B0H2DZW4CP","","","10","0","0","10","0","0","0","0","INR","0","0.0","0","0.0","","","","","","0.0","0.0","0.0","0.0","GoToStranded","","","0","0","","0.0","2.31E-4","cubic meter","","0.002312","IN","","","","0","","","","","","","","4","6","0","0","0","0","0","","0","0","0","0","0","0","2026-08-11","10","0","0",""
"2026-08-13","YDMT251243-XL","X002GTAX9J","B0G5N1SQRH","","","4","0","0","1","0","3","0","0","INR","3","132.54","0","0.0","0","1","2","3","","0.0","0.0","0.0","0.0","GoToStranded","","","0","0","","0.6","0.001919","cubic meter","","0.007675","IN","","517737","","0","16","17","755.0","0.0","639.83","1279.67","2058.48","1","0","0","0","0","3","0","","0","0","0","0","0","1","2026-08-10","4","0","0",""
"2026-08-13","YDMT2511261","X002GMCIQH","B0G4FQK8NP","","","18","0","0","14","4","0","0","0","INR","0","0.0","0","0.0","0","0","6","9","","0.0","0.0","0.0","0.0","GoToStranded","","","0","0","","0.49","1.87E-4","cubic meter","","0.003368","IN","","79128","","0","","26","179.0","0.0","0.0","876.25","1314.38","0","0","14","4","0","0","0","","0","0","0","0","0","0","2026-08-10","18","0","0",""
"2026-08-13","YDMT2511117","X002GBZ1C1","B0G2S5HM3D","","","7","0","0","0","0","7","0","0","INR","6","899.57","0","0.0","0","0","0","0","","0.0","0.0","0.0","0.0","GoToStranded","","","0","0","","0.0","0.006512","cubic meter","","0.045583","IN","","1467161","","0","","","494.0","0.0","0.0","0.0","0.0","0","0","0","0","0","7","0","","0","0","0","0","0","0","2026-08-10","7","0","0",""
"2026-08-13","YDMT260130","X002HJ6D15","B0GFSK3ZTF","","","4","0","0","4","0","0","0","0","INR","0","0.0","0","0.0","","","","","","0.0","0.0","0.0","0.0","GoToStranded","","","0","0","","0.0","1.0E-4","cubic meter","","4.0E-4","IN","","","","0","","","769.0","","","","","0","0","4","0","0","0","0","","0","0","0","0","0","0","2026-08-10","4","0","0",""
"2026-08-13","YDMT251258-L","X002H1GH5F","B0G7WMYDWR","","","10","0","0","0","0","10","0","0","INR","9","795.98","0","0.0","","","","","","0.0","0.0","0.0","0.0","GoToStranded","","","0","0","","0.0","0.003842","cubic meter","","0.038415","IN","","1549950","","0","","","647.0","","","","","0","0","0","0","0","10","0","","0","0","0","0","0","0","2026-08-10","10","0","0",""
"2026-08-13","YDMT251212","X002GNHJNX","B0G4MCQLSY","","","24","0","0","0","20","4","0","0","INR","4","210.37","0","0.0","0","0","0","0","","0.0","0.0","0.0","0.0","GoToStranded","","","0","0","","0.0","0.002284","cubic meter","","0.054825","IN","","1626226","","0","","","647.0","0.0","0.0","0.0","0.0","0","0","0","20","0","4","0","","0","0","0","0","0","0","2026-08-10","24","0","0",""
"2026-08-13","YDMT251280","X002H4JWBD","B0G9KSQ4SZ","","","12","0","0","12","0","0","0","0","INR","0","0.0","0","0.0","0","0","1","4","","0.0","0.0","0.0","0.0","GoToStranded","","","0","0","","0.94","5.37E-4","cubic meter","","0.006439","IN","","819803","","0","","39","549.0","0.0","0.0","465.25","1861.0","12","0","0","0","0","0","0","","0","0","0","0","0","1","2026-08-10","12","0","0",""
"2026-08-13","YDMT50923","X002EQB5JB","B0FRXX2XSN","","","7","0","0","1","6","0","0","0","INR","5","118.0","0","0.0","0","2","14","24","","0.0","0.0","0.0","0.0","GoToStranded","","","0","0","","1.13","3.39E-4","cubic meter","","0.002371","IN","","33119","","0","14","3","759.0","0.0","1286.44","8972.88","15405.08","0","0","1","1","5","0","0","","0","0","0","0","0","3","2026-08-10","7","0","0",""
"2026-08-13","YDMT50949","X002EY0PPD","B0FSWBB2B1","","","34","0","0","17","17","1","0","0","INR","18","424.8","0","0.0","0","0","0","0","","0.0","0.0","0.0","0.0","GoToStranded","","","0","0","","0.0","2.94E-4","cubic meter","","0.009988","IN","","1541570","","0","","","417.0","0.0","0.0","0.0","0.0","0","17","0","17","0","1","0","","0","0","0","0","0","0","2026-08-10","34","0","0",""
"2026-08-13","YDMT50927","X002EQAVW3","B0FRXX1XRW","","","34","0","0","18","16","0","0","0","INR","0","0.0","0","0.0","0","0","0","0","","0.0","0.0","0.0","0.0","GoToStranded","","","0","0","","0.0","0.00135","cubic meter","","0.045898","IN","","659587","","0","","","425.0","0.0","0.0","0.0","0.0","0","1","17","16","0","0","0","","0","0","0","0","0","0","2026-08-10","34","0","0",""
"2026-08-13","YDMT2511185","X002GE3DHD","B0G3496G8F","","","7","0","0","4","0","3","0","0","INR","3","70.8","0","0.0","0","5","19","24","","0.0","0.0","0.0","0.0","GoToStranded","","","0","0","","1.48","3.06E-4","cubic meter","","0.002141","IN","","176708","","0","5","3","169.0","0.0","716.1","2377.13","2881.38","3","1","0","0","0","3","0","","0","0","0","0","0","1","2026-08-11","7","0","0",""
"2026-08-13","YDMT251239","X002GTJ45X","B0G5P7S1JT","","","7","0","0","1","0","6","0","0","INR","6","317.61","0","0.0","0","0","0","1","","0.0","0.0","0.0","0.0","GoToStranded","","","0","0","","0.14","0.002299","cubic meter","","0.016094","IN","","1055697","","0","","91","719.0","0.0","0.0","0.0","744.92","0","0","1","0","0","6","0","","0","0","0","0","0","0","2026-08-10","7","0","0",""
"2026-08-13","YDMT251224-XXL","X002GS4CP1","B0G58W59K8","","","4","0","0","0","0","4","0","0","INR","3","169.67","0","0.0","0","0","1","1","","0.0","0.0","0.0","0.0","GoToStranded","","","0","0","","0.22","0.002457","cubic meter","","0.009827","IN","","1250533","","0","","52","519.0","0.0","0.0","439.83","439.83","0","0","0","0","0","4","0","","0","0","0","0","0","0","2026-08-11","4","0","0",""
"2026-08-13","YDMT251189-XXL","X002GB09F5","B0G2LSR7G5","","","8","0","0","0","0","8","0","0","INR","7","368.97","0","0.0","0","0","4","4","","0.0","0.0","0.0","0.0","GoToStranded","","","0","0","","0.39","0.00229","cubic meter","","0.018316","IN","","564464","","0","","26","206.0","0.0","0.0","698.32","698.32","0","0","0","0","0","8","0","","0","0","0","0","0","1","2026-08-11","8","0","0",""
"2026-08-13","YDMT251165","X002G9QUAP","B0G2GQJJK3","","","10","0","0","0","0","10","0","0","INR","9","212.4","0","0.0","0","0","0","0","","0.0","0.0","0.0","0.0","GoToStranded","","","0","0","","0.0","5.72E-4","cubic meter","","0.005723","IN","","1535339","","0","","","161.0","0.0","0.0","0.0","0.0","0","0","0","0","0","10","0","","0","0","0","0","0","0","2026-08-10","10","0","0",""
"2026-08-13","YDMT50966","X002EY8CW1","B0FSXK3LT9","","","30","0","0","10","20","0","0","0","INR","0","0.0","0","0.0","0","0","0","0","","0.0","0.0","0.0","0.0","GoToStranded","","","0","0","","0.0","1.88E-4","cubic meter","","0.005633","IN","","535065","","0","","","333.0","0.0","0.0","0.0","0.0","8","2","0","20","0","0","0","","0","0","0","0","0","0","2026-08-11","30","0","0",""
"2026-08-13","YDMT2511196","X002GHWPSD","B0G3WNJJGY","","","20","0","0","0","0","20","0","0","INR","19","448.4","0","0.0","","","","","","0.0","0.0","0.0","0.0","GoToStranded","","","0","0","","0.0","2.63E-4","cubic meter","","0.005255","IN","","","","0","","","299.0","","","","","0","0","0","0","0","20","0","","0","0","0","0","0","0","2026-08-11","20","0","0",""
"2026-08-13","YDMT2511126","X002GBY9R9","B0G2RQL4L5","","","27","0","0","21","0","6","0","0","INR","6","342.19","0","0.0","0","0","0","0","","0.0","0.0","0.0","0.0","GoToStranded","","","0","0","","0.0","0.002477","cubic meter","","0.066882","IN","","823510","","0","","","421.0","0.0","0.0","0.0","0.0","0","21","0","0","0","6","0","","0","0","0","0","0","0","2026-08-10","27","0","0",""
"2026-08-13","YDMT50926","X002EQ78SD","B0FRXZ9H1Q","","","14","0","0","14","0","0","0","0","INR","0","0.0","0","0.0","0","0","2","3","","0.0","0.0","0.0","0.0","GoToStranded","","","0","0","","0.4","8.6E-5","cubic meter","","0.00121","IN","","434843","","0","","60","329.0","0.0","0.0","557.63","836.44","0","14","0","0","0","0","0","","0","0","0","0","0","0","2026-08-10","14","0","0",""
"2026-08-13","YDMT2511123","X002GBY8GV","B0G2RQ9J3Y","","","32","0","0","2","30","0","0","0","INR","22","519.2","0","0.0","0","0","1","2","","0.0","0.0","0.0","0.0","GoToStranded","","","0","0","","0.06","5.15E-4","cubic meter","","0.016494","IN","","689701","","0","","208","377.0","0.0","0.0","319.5","708.48","0","1","1","8","22","0","0","","0","0","0","0","0","0","2026-08-10","32","0","0",""
"2026-08-13","YDMT251243-M","X002GT912T","B0G5MZ3YMN","","","8","0","0","1","7","0","0","0","INR","0","0.0","0","0.0","0","0","1","2","","0.0","0.0","0.0","0.0","GoToStranded","","","0","0","","0.22","0.001919","cubic meter","","0.01535","IN","","517737","","0","","52","859.0","0.0","0.0","727.97","1455.94","0","1","0","7","0","0","0","","0","0","0","0","0","0","2026-08-10","8","0","0",""
"2026-08-13","YDMT2511104-XL","X002GB3ZBZ","B0G2M7VV7K","","","9","0","0","0","0","9","0","0","INR","9","212.4","0","0.0","0","0","0","0","","0.0","0.0","0.0","0.0","GoToStranded","","","0","0","","0.0","7.7E-4","cubic meter","","0.006932","IN","","1211887","","0","","","278.0","0.0","0.0","0.0","0.0","0","0","0","0","0","9","0","","0","0","0","0","0","0","2026-08-10","9","0","0",""
"2026-08-13","YDMT2511105-L","X002GBM27X","B0G2M4LSCW","","","7","0","0","0","0","7","0","0","INR","6","141.6","0","0.0","0","0","0","0","","0.0","0.0","0.0","0.0","GoToStranded","","","0","0","","0.0","7.7E-4","cubic meter","","0.005392","IN","","1211887","","0","","","341.0","0.0","0.0","0.0","0.0","0","0","0","0","0","7","0","","0","0","0","0","0","0","2026-08-10","7","0","0",""
"2026-08-13","YDMT251274","X002H4F1QD","B0G9KRNGZK","","","6","0","0","0","6","0","0","0","INR","5","118.0","0","0.0","0","1","1","2","","0.0","0.0","0.0","0.0","GoToStranded","","","0","0","","0.28","2.75E-4","cubic meter","","0.001652","IN","","751377","","0","24","39","417.0","0.0","353.39","353.39","750.85","0","0","0","1","5","0","0","","0","0","0","0","0","1","2026-08-11","6","0","0",""
"2026-08-13","YDMT2511102-XL","X002GB10G7","B0G2M19ZVK","","","7","0","0","0","1","6","0","0","INR","6","141.6","0","0.0","0","0","0","0","","0.0","0.0","0.0","0.0","GoToStranded","","","0","0","","0.0","8.38E-4","cubic meter","","0.005863","IN","","694406","","0","","","395.0","0.0","0.0","0.0","0.0","0","0","0","1","0","6","0","","0","0","0","0","0","0","2026-08-10","7","0","0",""
"2026-08-13","YDMT251233-M","X002GTAHPJ","B0G5N95B4H","","","5","0","0","0","0","5","0","0","INR","4","242.7","0","0.0","","","","","","0.0","0.0","0.0","0.0","GoToStranded","","","0","0","","0.0","0.002636","cubic meter","","0.013178","IN","","1062711","","0","","","647.0","","","","","0","0","0","0","0","5","0","","0","0","0","0","0","0","2026-08-10","5","0","0",""
"2026-08-13","YDMT2511105-M","X002GBJTU1","B0G2M4QNND","","","8","0","0","0","0","8","0","0","INR","7","165.2","0","0.0","","","","","","0.0","0.0","0.0","0.0","GoToStranded","","","0","0","","0.0","7.7E-4","cubic meter","","0.006162","IN","","1211887","","0","","","305.0","","","","","0","0","0","0","0","8","0","","0","0","0","0","0","0","2026-08-10","8","0","0",""
"2026-08-13","YDMT251240-L","X002GTHW61","B0G5PZ9RGH","","","6","0","0","0","1","5","0","0","INR","5","189.11","0","0.0","0","0","1","1","","0.0","0.0","0.0","0.0","GoToStranded","","","0","0","","0.14","0.001643","cubic meter","","0.009857","IN","","708329","","0","","78","719.0","0.0","0.0","609.32","609.32","0","0","0","1","0","5","0","","0","0","0","0","0","0","2026-08-10","6","0","0",""
"2026-08-13","YDMT251163","X002G9KF5L","B0G2GPF4Q5","","","6","0","0","0","0","6","0","0","INR","5","118.0","0","0.0","0","0","0","0","","0.0","0.0","0.0","0.0","GoToStranded","","","0","0","","0.0","4.3E-4","cubic meter","","0.002579","IN","","1546345","","0","","","339.0","0.0","0.0","0.0","0.0","0","0","0","0","0","6","0","","0","0","0","0","0","0","2026-08-10","6","0","0",""
"2026-08-13","YDMT2511190","X002GI0PVL","B0G3TSCGPW","","","20","0","0","0","0","20","0","0","INR","19","448.4","0","0.0","","","","","","0.0","0.0","0.0","0.0","GoToStranded","","","0","0","","0.0","5.98E-4","cubic meter","","0.011962","IN","","","","0","","","449.0","","","","","0","0","0","0","0","20","0","","0","0","0","0","0","0","2026-08-11","20","0","0",""
"2026-08-13","YDMT251244-L","X002GTB4PL","B0G5NF5WPY","","","6","0","0","0","0","6","0","0","INR","5","169.62","0","0.0","","","","","","0.0","0.0","0.0","0.0","GoToStranded","","","0","0","","0.0","0.001473","cubic meter","","0.00884","IN","","1410341","","0","","","637.0","","","","","0","0","0","0","0","6","0","","0","0","0","0","0","0","2026-08-10","6","0","0",""
"2026-08-13","YDMT50912","X002EQ76FD","B0FRXPF8QY","","","26","0","0","15","12","0","0","0","INR","11","259.6","0","0.0","0","0","3","3","","0.0","0.0","0.0","0.0","GoToStranded","","","0","0","","0.14","1.46E-4","cubic meter","","0.003805","IN","","67064","","0","","112","539.0","0.0","0.0","1370.34","1370.34","1","14","0","1","11","0","0","","0","0","0","0","0","0","2026-08-10","26","0","0",""
"2026-08-13","YDMT251232-M","X002GTD4IL","B0G5MYG3GB","","","6","0","0","0","0","6","0","0","INR","5","232.28","0","0.0","","","","","","0.0","0.0","0.0","0.0","GoToStranded","","","0","0","","0.0","0.002018","cubic meter","","0.012106","IN","","","","0","","","647.0","","","","","0","0","0","0","0","6","0","","0","0","0","0","0","0","2026-08-10","6","0","0",""
"2026-08-13","YDMT251209","X002GNF51V","B0G4M91CBG","","","4","0","0","0","0","4","0","0","INR","3","142.49","0","0.0","0","0","0","0","","0.0","0.0","0.0","0.0","GoToStranded","","","0","0","","0.0","0.002063","cubic meter","","0.008251","IN","","1638396","","0","","","637.0","0.0","0.0","0.0","0.0","0","0","0","0","0","4","0","","0","0","0","0","0","0","2026-08-10","4","0","0",""
"2026-08-13","YDMT2511110-M","X002GBOWQ7","B0G2PVGXGT","","","5","0","0","0","1","4","0","0","INR","4","94.4","0","0.0","0","0","0","0","","0.0","0.0","0.0","0.0","GoToStranded","","","0","0","","0.0","9.74E-4","cubic meter","","0.004872","IN","","1587022","","0","","","278.0","0.0","0.0","0.0","0.0","0","0","0","0","1","4","0","","0","0","0","0","0","0","2026-08-10","5","0","0",""
"2026-08-13","YDMT251224-XL","X002GRYGUD","B0G58W6XKT","","","6","0","0","0","0","6","0","0","INR","5","282.79","0","0.0","","","","","","0.0","0.0","0.0","0.0","GoToStranded","","","0","0","","0.0","0.002457","cubic meter","","0.01474","IN","","1250533","","0","","","467.0","","","","","0","0","0","0","0","6","0","","0","0","0","0","0","0","2026-08-11","6","0","0",""
"2026-08-13","YDMT2511253-M","X002GLPB3P","B0G4CM4ZZX","","","5","0","0","0","0","5","0","0","INR","4","272.69","0","0.0","0","0","0","0","","0.0","0.0","0.0","0.0","GoToStranded","","","0","0","","0.0","0.002961","cubic meter","","0.014805","IN","","1578466","","0","","","659.0","0.0","0.0","0.0","0.0","0","0","0","0","0","5","0","","0","0","0","0","0","0","2026-08-10","5","0","0",""
"2026-08-13","YDMT2511107-XL","X002GBOVYF","B0G2PJFWDJ","","","8","0","0","0","0","8","0","0","INR","7","165.2","0","0.0","0","0","0","0","","0.0","0.0","0.0","0.0","GoToStranded","","","0","0","","0.0","7.33E-4","cubic meter","","0.005867","IN","","741423","","0","","","251.0","0.0","0.0","0.0","0.0","0","0","0","0","0","8","0","","0","0","0","0","0","0","2026-08-10","8","0","0",""
"2026-08-13","YDMT251240-XL","X002GTM3PL","B0G5PHP3MV","","","3","0","0","0","0","3","0","0","INR","2","75.64","0","0.0","0","0","1","1","","0.0","0.0","0.0","0.0","GoToStranded","","","0","0","","0.27","0.001643","cubic meter","","0.004928","IN","","708329","","0","","39","829.0","0.0","0.0","702.54","702.54","0","0","0","0","0","3","0","","0","0","0","0","0","0","2026-08-10","3","0","0",""
"2026-08-13","YDMT2511249-L","X002GLQLB1","B0G4CPK264","","","10","0","0","0","0","10","0","0","INR","9","369.05","0","0.0","0","0","0","1","","0.0","0.0","0.0","0.0","GoToStranded","","","0","0","","0.09","0.001781","cubic meter","","0.017811","IN","","655055","","0","","130","727.0","0.0","0.0","0.0","727.97","0","0","0","0","0","10","0","","0","0","0","0","0","0","2026-08-11","10","0","0",""
"2026-08-13","YDMT2511127","X002GBYEKV","B0G2RWS24J","","","7","0","0","0","0","7","0","0","INR","6","748.63","0","0.0","0","0","0","0","","0.0","0.0","0.0","0.0","GoToStranded","","","0","0","","0.0","0.005419","cubic meter","","0.037935","IN","","737272","","0","","","596.0","0.0","0.0","0.0","0.0","0","0","0","0","0","7","0","","0","0","0","0","0","0","2026-08-11","7","0","0",""
"2026-08-13","YDMT2511122","X002GBUEW3","B0G2RNZRDC","","","3","0","0","0","0","3","0","0","INR","2","193.32","0","0.0","0","0","0","0","","0.0","0.0","0.0","0.0","GoToStranded","","","0","0","","0.0","0.004198","cubic meter","","0.012595","IN","","1095733","","0","","","386.0","0.0","0.0","0.0","0.0","0","0","0","0","0","3","0","","0","0","0","0","0","0","2026-08-10","3","0","0",""
"2026-08-13","YDMT2511112-L","X002GBNQY1","B0G2PRH5GT","","","6","0","0","0","0","6","0","0","INR","5","123.25","0","0.0","","","","","","0.0","0.0","0.0","0.0","GoToStranded","","","0","0","","0.0","0.00107","cubic meter","","0.006423","IN","","894586","","0","","","369.0","","","","","0","0","0","0","0","6","0","","0","0","0","0","0","0","2026-08-10","6","0","0",""
"2026-08-13","YDMT2511250-M","X002GLKTFF","B0G4CPJ2Z2","","","1","0","0","0","0","1","0","0","INR","0","0.0","0","0.0","0","0","0","0","","0.0","0.0","0.0","0.0","GoToStranded","","","0","0","","0.0","1.0E-4","cubic meter","","1.0E-4","IN","","","","0","","","512.0","0.0","0.0","0.0","0.0","0","0","0","0","0","1","0","","0","0","0","0","0","0","2026-08-11","1","0","0",""
"2026-08-13","YDMT251178-XL","X002G9KHU9","B0G2GXC55R","","","1","0","0","0","1","0","0","0","INR","0","0.0","0","0.0","0","0","2","3","","0.0","0.0","0.0","0.0","GoToStranded","","","0","0","","1.33","6.04E-4","cubic meter","","6.04E-4","IN","","601199","","0","","4","439.0","0.0","0.0","744.06","1175.42","0","0","0","0","1","0","0","","0","0","0","0","0","0","2026-08-10","1","0","0",""
"2026-08-13","YDMT251199-XL","X002GAY01P","B0G2LYFM9X","","","5","0","0","0","0","5","0","0","INR","4","376.43","0","0.0","0","0","2","2","","0.0","0.0","0.0","0.0","GoToStranded","","","0","0","","0.31","0.004087","cubic meter","","0.020437","IN","","552684","","0","","32","419.0","0.0","0.0","710.16","710.16","0","0","0","0","0","5","0","","0","0","0","0","0","0","2026-08-10","5","0","0",""
"2026-08-13","YDMT251183-L","X002GATM9P","B0G2LJ916T","","","7","0","0","0","0","7","0","0","INR","6","182.1","0","0.0","","","","","","0.0","0.0","0.0","0.0","GoToStranded","","","0","0","","0.0","0.001318","cubic meter","","0.009228","IN","","","","0","","","278.0","","","","","0","0","0","0","0","7","0","","0","0","0","0","0","0","2026-08-11","7","0","0",""
"2026-08-13","YDMT50904","X002EQDJKT","B0FRXW94HM","","","4","0","0","4","0","0","0","0","INR","0","0.0","0","0.0","0","0","2","2","","0.0","0.0","0.0","0.0","GoToStranded","","","0","0","","0.8","9.1E-5","cubic meter","","3.63E-4","IN","","300266","","0","","26","269.0","0.0","0.0","455.94","455.94","1","3","0","0","0","0","0","","0","0","0","0","0","0","2026-08-10","4","0","0",""
"2026-08-13","YDMT251126","X002G9I7UB","B0G2GTM4V7","","","8","0","0","1","1","6","0","0","INR","7","165.2","0","0.0","0","0","2","3","","0.0","0.0","0.0","0.0","GoToStranded","","","0","0","","0.32","7.37E-4","cubic meter","","0.005898","IN","","575836","","0","","34","521.0","0.0","0.0","883.05","1424.58","0","0","1","1","0","6","0","","0","0","0","0","0","0","2026-08-10","8","0","0",""
"2026-08-13","YDMT260118","X002HIIUY9","B0GFN28XC2","","","29","0","0","1","28","0","0","0","INR","28","5045.43","0","0.0","0","0","2","3","","0.0","0.0","0.0","0.0","GoToStranded","","","0","0","","0.1","0.007827","cubic meter","","0.22697","IN","","105055","","0","","125","629.0","0.0","0.0","1066.1","1616.1","0","1","0","16","12","0","0","","0","0","0","0","0","0","2026-08-10","29","0","0",""
"2026-08-13","YDMT2511109-L","X002GBIPOH","B0G2Q4Q5Z6","","","4","0","0","0","0","4","0","0","INR","3","70.8","0","0.0","0","0","0","0","","0.0","0.0","0.0","0.0","GoToStranded","","","0","0","","0.0","4.98E-4","cubic meter","","0.001991","IN","","1244387","","0","","","251.0","0.0","0.0","0.0","0.0","0","0","0","0","0","4","0","","0","0","0","0","0","0","2026-08-10","4","0","0",""
"2026-08-13","YDMT50953","X002EY0NNH","B0FSWLHX1H","","","35","0","0","0","19","16","0","0","INR","34","802.4","0","0.0","0","0","1","6","","0.0","0.0","0.0","0.0","GoToStranded","","","0","0","","0.16","3.44E-4","cubic meter","","0.01204","IN","","364305","","0","","75","729.0","0.0","0.0","617.8","3757.64","0","0","0","19","0","16","0","","0","0","0","0","0","0","2026-08-11","35","0","0",""
"2026-08-13","YDMT251234-L","X002GTH20R","B0G5PD1QKZ","","","14","0","0","0","1","13","0","0","INR","13","520.44","0","0.0","0","0","0","0","","0.0","0.0","0.0","0.0","GoToStranded","","","0","0","","0.0","0.001739","cubic meter","","0.024342","IN","","1586976","","0","","","637.0","0.0","0.0","0.0","0.0","0","0","0","1","0","13","0","","0","0","0","0","0","0","2026-08-11","14","0","0",""
"2026-08-13","YDMT251236-M","X002GTHM7P","B0G5PQFBBH","","","6","0","0","0","0","6","0","0","INR","5","217.83","0","0.0","0","0","0","0","","0.0","0.0","0.0","0.0","GoToStranded","","","0","0","","0.0","0.001892","cubic meter","","0.011354","IN","","1086045","","0","","","665.0","0.0","0.0","0.0","0.0","0","0","0","0","0","6","0","","0","0","0","0","0","0","2026-08-10","6","0","0",""
"2026-08-13","YDMT251188-M","X002GAUO6Z","B0G2LQBBDR","","","11","0","0","0","0","11","0","0","INR","10","1035.69","0","0.0","0","0","0","0","","0.0","0.0","0.0","0.0","GoToStranded","","","0","0","","0.0","0.004498","cubic meter","","0.049483","IN","","638936","","0","","","304.0","0.0","0.0","0.0","0.0","0","0","0","0","0","11","0","","0","0","0","0","0","0","2026-08-10","11","0","0",""
"2026-08-13","YDMT251270","X002H4JQ9L","B0G9KKXBHB","","","11","0","0","0","11","0","0","0","INR","10","236.0","0","0.0","0","0","0","1","","0.0","0.0","0.0","0.0","GoToStranded","","","0","0","","0.09","4.51E-4","cubic meter","","0.004959","IN","","1165451","","0","","143","521.0","0.0","0.0","0.0","592.37","0","0","0","0","11","0","0","","0","0","0","0","0","0","2026-08-11","11","0","0",""
"2026-08-13","YDMT251230-1-XL","X002GSHOHT","B0G5FPK89C","","","7","0","0","0","0","7","0","0","INR","6","830.14","0","0.0","","","","","","0.0","0.0","0.0","0.0","GoToStranded","","","0","0","","0.0","0.00601","cubic meter","","0.042067","IN","","1590128","","0","","","859.0","","","","","0","0","0","0","0","7","0","","0","0","0","0","0","0","2026-08-11","7","0","0",""
"2026-08-13","YDMT251106-L","X002G9KAQZ","B0G2GPPQCT","","","6","0","0","0","1","5","0","0","INR","5","118.0","0","0.0","0","0","4","4","","0.0","0.0","0.0","0.0","GoToStranded","","","0","0","","0.5","9.19E-4","cubic meter","","0.005514","IN","","455099","","0","","19","359.0","0.0","0.0","1216.96","1216.96","0","0","0","0","1","5","0","","0","0","0","0","0","0","2026-08-11","6","0","0",""
"2026-08-13","YDMT260133","X002HJ5IVB","B0GFST71TW","","","13","0","0","10","3","0","0","0","INR","0","0.0","0","0.0","","","","","","0.0","0.0","0.0","0.0","GoToStranded","","","0","0","","0.0","0.003638","cubic meter","","0.047291","IN","","","","0","","","759.0","","","","","0","0","10","3","0","0","0","","0","0","0","0","0","0","2026-08-10","13","0","0",""
"2026-08-13","YDMT251191","X002GAZJ65","B0G2LVZVMG","","","4","0","0","0","0","4","0","0","INR","3","70.8","0","0.0","","","","","","0.0","0.0","0.0","0.0","GoToStranded","","","0","0","","0.0","8.31E-4","cubic meter","","0.003322","IN","","","","0","","","188.0","","","","","0","0","0","0","0","4","0","","0","0","0","0","0","0","2026-08-10","4","0","0",""
"2026-08-13","YDMT50956","X002EY7M9Z","B0FSX559B7","","","20","0","0","0","0","20","0","0","INR","19","448.4","0","0.0","","","","","","0.0","0.0","0.0","0.0","GoToStranded","","","0","0","","0.0","1.1E-4","cubic meter","","0.0022","IN","","","","0","","","579.0","","","","","0","0","0","0","0","20","0","","0","0","0","0","0","0","2026-08-11","20","0","0",""
"2026-08-13","YDMT251150","X002GC6B51","B0G2S5FHR1","","","6","0","0","0","0","6","0","0","INR","5","236.06","0","0.0","0","0","1","2","","0.0","0.0","0.0","0.0","GoToStranded","","","0","0","","0.3","0.002051","cubic meter","","0.012303","IN","","1005143","","0","","39","499.0","0.0","0.0","422.88","879.66","0","0","0","0","0","6","0","","0","0","0","0","0","0","2026-08-10","6","0","0",""
"2026-08-13","YDMT50964","X002EYAOPJ","B0FSXGTL7Y","","","34","0","0","34","0","0","0","0","INR","0","0.0","0","0.0","0","0","7","14","","0.0","0.0","0.0","0.0","GoToStranded","","","0","0","","0.47","6.99E-4","cubic meter","","0.023776","IN","","459486","","0","","31","491.0","0.0","0.0","2870.34","5799.99","4","4","26","0","0","0","0","","0","0","0","0","0","0","2026-08-10","34","0","0",""
"2026-08-13","YDMT2511108-L","X002GBB2CT","B0G2PNK6LX","","","1","0","0","0","0","1","0","0","INR","0","0.0","0","0.0","0","0","0","0","","0.0","0.0","0.0","0.0","GoToStranded","","","0","0","","0.0","5.03E-4","cubic meter","","5.03E-4","IN","","778250","","0","","","251.0","0.0","0.0","0.0","0.0","0","0","0","0","0","1","0","","0","0","0","0","0","0","2026-08-10","1","0","0",""
"2026-08-13","YDMT2511195","X002GI4RXX","B0G3WLRVPT","","","29","0","0","20","0","9","0","0","INR","9","212.4","0","0.0","0","1","1","1","","0.0","0.0","0.0","0.0","GoToStranded","","","0","0","","0.04","6.3E-4","cubic meter","","0.018271","IN","","571626","","0","116","377","259.0","0.0","219.5","219.5","219.5","0","0","20","0","0","9","0","","0","0","0","0","0","0","2026-08-10","29","0","0",""
"2026-08-13","YDMT50950","X002EXU6ZX","B0FSVSR35W","","","44","0","0","16","28","0","0","0","INR","28","660.8","0","0.0","0","0","0","0","","0.0","0.0","0.0","0.0","GoToStranded","","","0","0","","0.0","0.0","cubic meter","","1.7E-5","IN","","733354","","0","","","254.0","0.0","0.0","0.0","0.0","4","12","0","0","28","0","0","","0","0","0","0","0","0","2026-08-10","44","0","0",""
"2026-08-13","YDMT251107-M","X002G9IJP9","B0G2H41QTS","","","18","0","0","0","0","18","0","0","INR","17","401.2","0","0.0","0","0","0","0","","0.0","0.0","0.0","0.0","GoToStranded","","","0","0","","0.0","7.21E-4","cubic meter","","0.012983","IN","","827689","","0","","","296.0","0.0","0.0","0.0","0.0","0","0","0","0","0","18","0","","0","0","0","0","0","0","2026-08-10","18","0","0",""
"2026-08-13","YDMT251246","X002GTB5N7","B0G5NGB7KM","","","3","0","0","0","0","3","0","0","INR","2","47.2","0","0.0","0","0","2","4","","0.0","0.0","0.0","0.0","GoToStranded","","","0","0","","0.89","7.56E-4","cubic meter","","0.002269","IN","","552484","","0","","9","479.0","0.0","0.0","811.87","1657.63","0","0","0","0","0","3","0","","0","0","0","0","0","0","2026-08-11","3","0","0",""
"2026-08-13","YDMT251277","X002H4HFNZ","B0G9L6VS3M","","","35","0","0","30","4","0","0","0","INR","4","94.4","0","0.0","0","0","0","0","","0.0","0.0","0.0","0.0","GoToStranded","","","0","0","","0.0","4.96E-4","cubic meter","","0.017357","IN","","803744","","0","","","277.0","0.0","0.0","0.0","0.0","2","28","0","0","4","0","0","","0","0","0","0","0","0","2026-08-11","35","0","0",""
"2026-08-13","YDMT251206-L","X002GNC2M1","B0G4M7JK1K","","","8","0","0","0","0","8","0","0","INR","7","439.18","0","0.0","","","","","","0.0","0.0","0.0","0.0","GoToStranded","","","0","0","","0.0","0.002725","cubic meter","","0.0218","IN","","1238404","","0","","","448.0","","","","","0","0","0","0","0","8","0","","0","0","0","0","0","0","2026-08-10","8","0","0",""
"2026-08-13","YDMT2511112-M","X002GBNQQJ","B0G2PKCK2N","","","5","0","0","0","0","5","0","0","INR","4","98.6","0","0.0","0","0","0","0","","0.0","0.0","0.0","0.0","GoToStranded","","","0","0","","0.0","0.00107","cubic meter","","0.005352","IN","","894586","","0","","","339.0","0.0","0.0","0.0","0.0","0","0","0","0","0","5","0","","0","0","0","0","0","0","2026-08-10","5","0","0",""
"2026-08-13","YDMT2511172","X002GDCJO7","B0G2Y5C18Z","","","21","0","0","21","0","0","0","0","INR","0","0.0","0","0.0","0","6","14","22","","0.0","0.0","0.0","0.0","GoToStranded","","","0","0","","1.04","1.35E-4","cubic meter","","0.002836","IN","","461456","","0","14","12","199.0","0.0","1011.84","2268.58","3651.63","2","19","0","0","0","0","0","","0","0","0","0","0","0","2026-08-11","21","0","0",""
"2026-08-13","YDMT2511266","X002GMD78Z","B0G4FYC52N","","","20","0","0","0","0","20","0","0","INR","19","583.12","0","0.0","","","","","","0.0","0.0","0.0","0.0","GoToStranded","","","0","0","","0.0","0.001333","cubic meter","","0.02666","IN","","","","0","","","519.0","","","","","0","0","0","0","0","20","0","","0","0","0","0","0","0","2026-08-11","20","0","0",""
"2026-08-13","YDMT251253-S","X002H16EHB","B0G7TW6ZM4","","","10","0","0","0","1","9","0","0","INR","9","1405.23","0","0.0","0","0","0","0","","0.0","0.0","0.0","0.0","GoToStranded","","","0","0","","0.0","0.006782","cubic meter","","0.067816","IN","","","","0","","","656.0","0.0","0.0","0.0","0.0","0","0","0","1","0","9","0","","0","0","0","0","0","0","2026-08-10","10","0","0",""
"2026-08-13","YDMT251243-L","X002GT6SOX","B0G5MYZ69J","","","3","0","0","0","0","3","0","0","INR","2","88.36","0","0.0","0","0","1","2","","0.0","0.0","0.0","0.0","GoToStranded","","","0","0","","0.5","0.001919","cubic meter","","0.005756","IN","","517737","","0","","19","849.0","0.0","0.0","719.49","1438.98","0","0","0","0","0","3","0","","0","0","0","0","0","0","2026-08-11","3","0","0",""
"2026-08-13","YDMT2511207","X002GIFAQ1","B0G3X2YFQK","","","18","0","0","18","0","0","0","0","INR","0","0.0","0","0.0","0","0","9","13","","0.0","0.0","0.0","0.0","GoToStranded","","","0","0","","0.72","8.4E-5","cubic meter","","0.001505","IN","","43608","","0","","18","299.0","0.0","0.0","2216.95","3264.37","0","1","17","0","0","0","0","","0","0","0","0","0","0","2026-08-11","18","0","0",""
"2026-08-13","YDMT251257-L","X002H1GYV7","B0G7VMN5GZ","","","9","0","0","0","0","9","0","0","INR","8","814.39","0","0.0","","","","","","0.0","0.0","0.0","0.0","GoToStranded","","","0","0","","0.0","0.004421","cubic meter","","0.039793","IN","","","","0","","","647.0","","","","","0","0","0","0","0","9","0","","0","0","0","0","0","0","2026-08-10","9","0","0",""
"2026-08-13","YDMT251123-L","X002GBLCOH","B0G2Q1KGT4","","","14","0","0","0","0","14","0","0","INR","13","841.74","0","0.0","0","0","0","1","","0.0","0.0","0.0","0.0","GoToStranded","","","0","0","","0.07","0.002812","cubic meter","","0.039372","IN","","700110","","0","","182","329.0","0.0","0.0","0.0","278.81","0","0","0","0","0","14","0","","0","0","0","0","0","0","2026-08-10","14","0","0",""
"2026-08-13","YDMT251118-XL","X002GBB26F","B0G2PX15RF","","","15","0","0","0","0","15","0","0","INR","14","330.4","0","0.0","0","0","0","0","","0.0","0.0","0.0","0.0","GoToStranded","","","0","0","","0.0","5.41E-4","cubic meter","","0.008118","IN","","963437","","0","","","305.0","0.0","0.0","0.0","0.0","0","0","0","0","0","15","0","","0","0","0","0","0","0","2026-08-10","15","0","0",""
"2026-08-13","YDMT2511250-XL","X002GLMQP1","B0G4CP1VTT","","","3","0","0","0","0","3","0","0","INR","2","47.2","0","0.0","","","","","","0.0","0.0","0.0","0.0","GoToStranded","","","0","0","","0.0","1.0E-4","cubic meter","","3.0E-4","IN","","","","0","","","548.0","","","","","0","0","0","0","0","3","0","","0","0","0","0","0","0","2026-08-10","3","0","0",""
"2026-08-13","YDMT251184-XXL","X002GARNEL","B0G2LNP7LP","","","6","0","0","1","0","5","0","0","INR","5","580.19","0","0.0","0","0","0","0","","0.0","0.0","0.0","0.0","GoToStranded","","","0","0","","0.0","0.00504","cubic meter","","0.03024","IN","","1203049","","0","","","287.0","0.0","0.0","0.0","0.0","0","0","1","0","0","5","0","","0","0","0","0","0","0","2026-08-10","6","0","0",""
"2026-08-13","YDMT251134","X002G9UR63","B0G2GZTBR1","","","1","0","0","0","1","0","0","0","INR","0","0.0","0","0.0","0","0","3","3","","0.0","0.0","0.0","0.0","GoToStranded","","","0","0","","1.2","4.62E-4","cubic meter","","4.62E-4","IN","","813199","","0","","4","279.0","0.0","0.0","709.32","709.32","0","0","0","0","1","0","0","","0","0","0","0","0","0","2026-08-10","1","0","0",""
"2026-08-13","YDMT251190-L","X002GAZJ6F","B0G2LYKCP5","","","16","0","0","0","2","14","0","0","INR","15","1632.66","0","0.0","0","0","0","0","","0.0","0.0","0.0","0.0","GoToStranded","","","0","0","","0.0","0.004728","cubic meter","","0.07564","IN","","878578","","0","","","260.0","0.0","0.0","0.0","0.0","0","0","0","2","0","14","0","","0","0","0","0","0","0","2026-08-10","16","0","0",""
"2026-08-13","YDMT251112","X002G9WE1J","B0G2GPTGCK","","","6","0","0","0","0","6","0","0","INR","5","198.16","0","0.0","0","0","0","0","","0.0","0.0","0.0","0.0","GoToStranded","","","0","0","","0.0","0.001721","cubic meter","","0.010328","IN","","969566","","0","","","313.0","0.0","0.0","0.0","0.0","0","0","0","0","0","6","0","","0","0","0","0","0","0","2026-08-10","6","0","0",""
"2026-08-13","YDMT251121-M","X002GBLZKX","B0G2PV4SL2","","","7","0","0","0","0","7","0","0","INR","6","141.6","0","0.0","","","","","","0.0","0.0","0.0","0.0","GoToStranded","","","0","0","","0.0","4.53E-4","cubic meter","","0.003172","IN","","","","0","","","359.0","","","","","0","0","0","0","0","7","0","","0","0","0","0","0","0","2026-08-10","7","0","0",""
"2026-08-13","YDMT2511146","X002GBPE0F","B0G2QLRZLT","","","37","0","0","30","7","0","0","0","INR","5","204.74","0","0.0","0","0","2","5","","0.0","0.0","0.0","0.0","GoToStranded","","","0","0","","0.19","0.001779","cubic meter","","0.065808","IN","","76572","","0","","96","599.0","0.0","0.0","989.82","2529.66","1","19","10","5","2","0","0","","0","0","0","0","0","0","2026-08-10","37","0","0",""
"2026-08-13","YDMT251256-S","X002H1GK3J","B0G7TLLSVS","","","10","0","0","0","0","10","0","0","INR","9","845.58","0","0.0","","","","","","0.0","0.0","0.0","0.0","GoToStranded","","","0","0","","0.0","0.004081","cubic meter","","0.040808","IN","","","","0","","","859.0","","","","","0","0","0","0","0","10","0","","0","0","0","0","0","0","2026-08-11","10","0","0",""
"2026-08-13","YDMT2511134","X002GBXC6D","B0G2S2VWC9","","","15","0","0","0","0","15","0","0","INR","14","827.32","0","0.0","","","","","","0.0","0.0","0.0","0.0","GoToStranded","","","0","0","","0.0","0.002567","cubic meter","","0.0385","IN","","","","0","","","759.0","","","","","0","0","0","0","0","15","0","","0","0","0","0","0","0","2026-08-10","15","0","0",""
"2026-08-13","YDMT251207-XL","X002GNC85H","B0G4M41F85","","","18","0","0","0","0","18","0","0","INR","17","1759.45","0","0.0","0","0","1","1","","0.0","0.0","0.0","0.0","GoToStranded","","","0","0","","0.05","0.004495","cubic meter","","0.080914","IN","","","","0","","234","503.0","0.0","0.0","426.28","426.28","0","0","0","0","0","18","0","","0","0","0","0","0","1","2026-08-10","18","0","0",""
"2026-08-13","YDMT50948","X002EX6JSL","B0FSQZ6JHH","","","46","0","0","46","0","0","0","0","INR","0","0.0","0","0.0","0","0","7","16","","0.0","0.0","0.0","0.0","GoToStranded","","","0","0","","0.37","2.83E-4","cubic meter","","0.013023","IN","","370186","","0","","37","355.0","0.0","0.0","2105.94","4813.57","0","1","45","0","0","0","0","","0","0","0","0","0","1","2026-08-11","46","0","0",""
"2026-08-13","YDMT251155","X002GCTOBT","B0G2VN3QMP","","","7","0","0","0","0","7","0","0","INR","6","141.6","0","0.0","","","","","","0.0","0.0","0.0","0.0","GoToStranded","","","0","0","","0.0","4.59E-4","cubic meter","","0.003216","IN","","","","0","","","259.0","","","","","0","0","0","0","0","7","0","","0","0","0","0","0","0","2026-08-10","7","0","0",""
"2026-08-13","YDMT50922","X002ERCXFP","B0FRZSJP93","","","23","0","0","23","0","0","0","0","INR","0","0.0","0","0.0","0","0","3","3","","0.0","0.0","0.0","0.0","GoToStranded","","","0","0","","0.26","1.26E-4","cubic meter","","0.002895","IN","","71016","","0","","99","249.0","0.0","0.0","633.06","633.06","12","11","0","0","0","0","0","","0","0","0","0","0","0","2026-08-10","23","0","0",""
"2026-08-13","YDMT2511139","X002GBYX5H","B0G2S3886M","","","14","0","0","0","1","13","0","0","INR","13","742.55","0","0.0","0","0","0","0","","0.0","0.0","0.0","0.0","GoToStranded","","","0","0","","0.0","0.002481","cubic meter","","0.034733","IN","","1588101","","0","","","485.0","0.0","0.0","0.0","0.0","0","0","0","0","1","13","0","","0","0","0","0","0","0","2026-08-10","14","0","0",""
"2026-08-13","YDMT50958","X002EY5A0X","B0FSWVTHGL","","","17","0","0","16","0","0","1","0","INR","1","48.92","0","0.0","0","0","0","0","","0.0","0.0","0.0","0.0","GoToStranded","","","0","0","","0.0","0.002125","cubic meter","","0.036123","IN","","562324","","0","","","260.0","0.0","0.0","0.0","0.0","7","9","0","0","0","1","0","","0","0","0","0","0","0","2026-08-11","17","0","0",""
"2026-08-13","YDMT251131","X002G9IAJT","B0G2GTT4JR","","","7","0","0","0","0","7","0","0","INR","6","141.6","0","0.0","0","0","0","0","","0.0","0.0","0.0","0.0","GoToStranded","","","0","0","","0.0","3.77E-4","cubic meter","","0.002637","IN","","962926","","0","","","287.0","0.0","0.0","0.0","0.0","0","0","0","0","0","7","0","","0","0","0","0","0","0","2026-08-10","7","0","0",""
"2026-08-13","YDMT50974","X002F13JG7","B0FT86WXH8","","","28","0","0","28","0","0","0","0","INR","0","0.0","0","0.0","0","1","6","13","","0.0","0.0","0.0","0.0","GoToStranded","","","0","0","","0.72","5.42E-4","cubic meter","","0.015166","IN","","168599","","0","112","28","779.0","0.0","660.17","3961.01","8582.19","0","20","8","0","0","0","0","","0","0","0","0","0","0","2026-08-10","28","0","0",""
"2026-08-13","YDMT251141-XL","X002G9UUTR","B0G2GY12YJ","","","20","0","0","0","0","20","0","0","INR","19","448.4","0","0.0","","","","","","0.0","0.0","0.0","0.0","GoToStranded","","","0","0","","0.0","5.12E-4","cubic meter","","0.010231","IN","","1505459","","0","","","669.0","","","","","0","0","0","0","0","20","0","","0","0","0","0","0","0","2026-08-10","20","0","0",""
"2026-08-13","YDMT50971","X002EY9G7B","B0FSXST1NM","","","16","0","0","17","0","0","0","0","INR","0","0.0","0","0.0","0","0","1","1","","0.0","0.0","0.0","0.0","GoToStranded","","","0","0","","0.11","2.66E-4","cubic meter","","0.004259","IN","","566108","","0","","208","271.0","0.0","0.0","229.66","229.66","0","17","0","0","0","0","0","","0","0","0","0","0","0","2026-08-10","16","0","0",""
"2026-08-13","YDMT251107-L","X002G9Y6EH","B0G2H1K8R2","","","18","0","0","0","0","18","0","0","INR","17","401.2","0","0.0","0","0","0","0","","0.0","0.0","0.0","0.0","GoToStranded","","","0","0","","0.0","7.21E-4","cubic meter","","0.012983","IN","","827689","","0","","","278.0","0.0","0.0","0.0","0.0","0","0","0","0","0","18","0","","0","0","0","0","0","0","2026-08-11","18","0","0",""
"2026-08-13","YDMT251255-L","X002H1E7PR","B0G7VW2ZBR","","","10","0","0","0","0","10","0","0","INR","9","762.42","0","0.0","","","","","","0.0","0.0","0.0","0.0","GoToStranded","","","0","0","","0.0","0.00368","cubic meter","","0.036796","IN","","","","0","","","1329.0","","","","","0","0","0","0","0","10","0","","0","0","0","0","0","0","2026-08-10","10","0","0",""
"2026-08-13","YDMT2511202","X002GI9O5J","B0G3X1P78V","","","16","0","0","1","15","0","0","0","INR","0","0.0","0","0.0","0","0","10","16","","0.0","0.0","0.0","0.0","GoToStranded","","","0","0","","0.71","2.5E-5","cubic meter","","3.99E-4","IN","","306812","","0","","13","229.0","0.0","0.0","1920.36","3152.58","0","1","0","15","0","0","0","","0","0","0","0","0","0","2026-08-10","16","0","0",""
"2026-08-13","YDMT260115","X002HI89XV","B0GFMX329S","","","20","0","0","20","0","0","0","0","INR","0","0.0","0","0.0","0","1","1","2","","0.0","0.0","0.0","0.0","GoToStranded","","","0","0","","0.12","0.005251","cubic meter","","0.105028","IN","","653850","","0","80","130","599.0","0.0","507.62","507.62","1015.25","0","0","20","0","0","0","0","","0","0","0","0","0","0","2026-08-11","20","0","0",""
"2026-08-13","YDMT251225-XXL","X002GS6PBF","B0G58X532P","","","5","0","0","0","0","5","0","0","INR","4","175.38","0","0.0","","","","","","0.0","0.0","0.0","0.0","GoToStranded","","","0","0","","0.0","0.001904","cubic meter","","0.009522","IN","","","","0","","","749.0","","","","","0","0","0","0","0","5","0","","0","0","0","0","0","0","2026-08-11","5","0","0",""
"2026-08-13","YDMT251226-XXL","X002GSH9K1","B0G5FKNYBF","","","9","0","0","0","0","9","0","0","INR","8","466.76","0","0.0","","","","","","0.0","0.0","0.0","0.0","GoToStranded","","","0","0","","0.0","0.002534","cubic meter","","0.022807","IN","","","","0","","","749.0","","","","","0","0","0","0","0","9","0","","0","0","0","0","0","0","2026-08-10","9","0","0",""
"2026-08-13","YDMT2511143","X002GBMLBF","B0G2QS2MPS","","","25","0","0","19","6","0","0","0","INR","4","134.47","0","0.0","0","0","1","4","","0.0","0.0","0.0","0.0","GoToStranded","","","0","0","","0.18","0.00146","cubic meter","","0.036503","IN","","97884","","0","","81","439.0","0.0","0.0","372.03","1488.12","0","0","19","6","0","0","0","","0","0","0","0","0","0","2026-08-10","25","0","0",""
"2026-08-13","YDMT260504","X002LGTJEH","B0H29QQT5R","","","9","0","0","9","0","0","0","0","INR","0","0.0","0","0.0","","","","","","0.0","0.0","0.0","0.0","GoToStranded","","","0","0","","0.0","1.0E-4","cubic meter","","9.0E-4","IN","","","","0","","","379.0","","","","","0","9","0","0","0","0","0","","0","0","0","0","0","0","2026-08-10","9","0","0",""
"2026-08-13","YDMT2511108-XL","X002GBOZOB","B0G2PXR58S","","","6","0","0","0","0","6","0","0","INR","5","118.0","0","0.0","","","","","","0.0","0.0","0.0","0.0","GoToStranded","","","0","0","","0.0","5.03E-4","cubic meter","","0.00302","IN","","778250","","0","","","278.0","","","","","0","0","0","0","0","6","0","","0","0","0","0","0","0","2026-08-10","6","0","0",""
"2026-08-13","YDMT251254-S","X002H1CFJH","B0G7W2W2CR","","","9","0","0","0","0","9","0","0","INR","8","959.39","0","0.0","","","","","","0.0","0.0","0.0","0.0","GoToStranded","","","0","0","","0.0","0.005209","cubic meter","","0.046879","IN","","","","0","","","647.0","","","","","0","0","0","0","0","9","0","","0","0","0","0","0","0","2026-08-11","9","0","0",""
"2026-08-13","YDMT50906","X002EQG163","B0FRY46SV7","","","57","0","0","40","0","17","0","0","INR","17","401.2","0","0.0","0","1","4","11","","0.0","0.0","0.0","0.0","GoToStranded","","","0","0","","0.29","2.12E-4","cubic meter","","0.012105","IN","","121278","","0","228","67","599.0","0.0","507.63","2030.52","5702.58","10","30","0","0","0","17","0","","0","0","0","0","0","0","2026-08-10","57","0","0",""
"2026-08-13","YDMT251222-XXL","X002GS683Z","B0G58T8QY7","","","37","0","0","0","0","37","0","0","INR","36","1724.97","0","0.0","","","","","","0.0","0.0","0.0","0.0","GoToStranded","","","0","0","","0.0","0.002081","cubic meter","","0.077003","IN","","","","0","","","557.0","","","","","0","0","0","0","0","37","0","","0","0","0","0","0","0","2026-08-11","37","0","0",""
"2026-08-13","YDMT2511142","X002GBMEZD","B0G2QL8MNM","","","10","0","0","0","1","9","0","0","INR","9","803.33","0","0.0","0","0","0","0","","0.0","0.0","0.0","0.0","GoToStranded","","","0","0","","0.0","0.003877","cubic meter","","0.03877","IN","","141369","","0","","","476.0","0.0","0.0","0.0","0.0","0","0","0","0","1","9","0","","0","0","0","0","0","0","2026-08-10","10","0","0",""
"2026-08-13","YDMT50962","X002EY50PX","B0FSXDFYLW","","","14","0","0","13","0","1","0","0","INR","1","23.6","0","0.0","0","0","0","0","","0.0","0.0","0.0","0.0","GoToStranded","","","0","0","","0.0","3.78E-4","cubic meter","","0.005298","IN","","1617045","","0","","","196.0","0.0","0.0","0.0","0.0","0","13","0","0","0","1","0","","0","0","0","0","0","0","2026-08-10","14","0","0",""
"2026-08-13","YDMT50963","X002EY87CB","B0FSX95ZFX","","","15","0","0","0","15","0","0","0","INR","14","330.4","0","0.0","0","3","9","20","","0.0","0.0","0.0","0.0","GoToStranded","","","0","0","","0.87","1.19E-4","cubic meter","","0.00179","IN","","172940","","0","20","9","319.0","0.0","811.02","2433.06","5406.8","0","0","0","1","14","0","0","","0","0","0","0","0","0","2026-08-11","15","0","0",""
"2026-08-13","YDMT50924","X002EQ7D65","B0FRXZZHRH","","","13","0","0","13","0","0","0","0","INR","0","0.0","0","0.0","0","1","1","1","","0.0","0.0","0.0","0.0","GoToStranded","","","0","0","","0.17","3.1E-5","cubic meter","","3.97E-4","IN","","101317","","0","52","169","271.0","0.0","229.66","229.66","229.66","9","4","0","0","0","0","0","","0","0","0","0","0","1","2026-08-10","13","0","0",""
"2026-08-13","YDMT50919","X002EQ70MH","B0FRXXM8JG","","","37","0","0","31","8","0","0","0","INR","8","188.8","0","0.0","0","0","13","17","","0.0","0.0","0.0","0.0","GoToStranded","","","0","0","","0.46","4.35E-4","cubic meter","","0.016077","IN","","559775","","0","","28","359.0","0.0","0.0","3802.52","5070.32","10","1","20","0","8","0","0","","0","0","0","0","0","0","2026-08-10","37","0","0",""
"2026-08-13","YDMT50955","X002EY94TB","B0FSWWJ1Z4","","","20","0","0","20","0","0","0","0","INR","0","0.0","0","0.0","","","","","","0.0","0.0","0.0","0.0","GoToStranded","","","0","0","","0.0","6.18E-4","cubic meter","","0.012353","IN","","","","0","","","689.0","","","","","4","16","0","0","0","0","0","","0","0","0","0","0","0","2026-08-10","20","0","0",""
"2026-08-13","YDMT251157","X002GCQH6T","B0G2VNYGJH","","","5","0","0","0","0","5","0","0","INR","4","94.4","0","0.0","","","","","","0.0","0.0","0.0","0.0","GoToStranded","","","0","0","","0.0","5.04E-4","cubic meter","","0.002522","IN","","","","0","","","278.0","","","","","0","0","0","0","0","5","0","","0","0","0","0","0","0","2026-08-10","5","0","0",""
"2026-08-13","YDMT251168-L","X002G9UQIR","B0G2GWJR53","","","14","0","0","0","0","14","0","0","INR","13","317.94","0","0.0","","","","","","0.0","0.0","0.0","0.0","GoToStranded","","","0","0","","0.0","0.001062","cubic meter","","0.014872","IN","","","","0","","","224.0","","","","","0","0","0","0","0","14","0","","0","0","0","0","0","0","2026-08-10","14","0","0",""
"2026-08-13","YDMT251206-XL","X002GN44SB","B0G4M72F71","","","11","0","0","0","0","11","0","0","INR","10","627.41","0","0.0","0","0","0","0","","0.0","0.0","0.0","0.0","GoToStranded","","","0","0","","0.0","0.002725","cubic meter","","0.029975","IN","","1238404","","0","","","493.0","0.0","0.0","0.0","0.0","0","0","0","0","0","11","0","","0","0","0","0","0","0","2026-08-10","11","0","0",""
"2026-08-13","YDMT260127","X002HJ4KN3","B0GFTJJVQS","","","8","0","0","0","8","0","0","0","INR","0","0.0","0","0.0","","","","","","0.0","0.0","0.0","0.0","GoToStranded","","","0","0","","0.0","4.34E-4","cubic meter","","0.003475","IN","","","","0","","","512.0","","","","","0","0","0","8","0","0","0","","0","0","0","0","0","0","2026-08-10","8","0","0",""
"2026-08-13","YDMT50972","X002F1229H","B0FT8334WL","","","14","0","0","0","0","14","0","0","INR","13","306.8","0","0.0","0","0","0","0","","0.0","0.0","0.0","0.0","GoToStranded","","","0","0","","0.0","4.3E-5","cubic meter","","6.07E-4","IN","","1149862","","0","","","592.0","0.0","0.0","0.0","0.0","0","0","0","0","0","14","0","","0","0","0","0","0","0","2026-08-10","14","0","0",""
"2026-08-13","YDMT251220-XL","X002GS0MUZ","B0G58QCYNS","","","13","0","0","0","0","13","0","0","INR","12","744.88","0","0.0","","","","","","0.0","0.0","0.0","0.0","GoToStranded","","","0","0","","0.0","0.002696","cubic meter","","0.035049","IN","","","","0","","","987.0","","","","","0","0","0","0","0","13","0","","0","0","0","0","0","0","2026-08-10","13","0","0",""
"2026-08-13","YDMT251262","X002H4EOE3","B0G9GD17ZG","","","9","0","0","0","9","0","0","0","INR","8","188.8","0","0.0","0","0","1","3","","0.0","0.0","0.0","0.0","GoToStranded","","","0","0","","0.3","1.49E-4","cubic meter","","0.001342","IN","","328507","","0","","39","349.0","0.0","0.0","295.76","887.28","0","0","0","0","9","0","0","","0","0","0","0","0","0","2026-08-10","9","0","0",""
"2026-08-13","YDMT2511105-XL","X002GBB913","B0G2M7VV7K","","","10","0","0","0","0","10","0","0","INR","9","212.4","0","0.0","","","","","","0.0","0.0","0.0","0.0","GoToStranded","","","0","0","","0.0","7.7E-4","cubic meter","","0.007703","IN","","1211887","","0","","","278.0","","","","","0","0","0","0","0","10","0","","0","0","0","0","0","0","2026-08-11","10","0","0",""
"2026-08-13","YDMT260513","X002LHPL3J","B0H2DRBZQV","","","10","0","0","10","0","0","0","0","INR","0","0.0","0","0.0","","","","","","0.0","0.0","0.0","0.0","GoToStranded","","","0","0","","0.0","3.47E-4","cubic meter","","0.003474","IN","","","","0","","","313.0","","","","","0","10","0","0","0","0","0","","0","0","0","0","0","0","2026-08-10","10","0","0",""
"2026-08-13","YDMT251269","X002H4I8TF","B0G9LDYLZ5","","","11","0","0","0","11","0","0","0","INR","10","236.0","0","0.0","0","0","2","2","","0.0","0.0","0.0","0.0","GoToStranded","","","0","0","","0.16","6.61E-4","cubic meter","","0.007269","IN","","897010","","0","","71","409.0","0.0","0.0","693.24","693.24","0","0","0","0","11","0","0","","0","0","0","0","0","1","2026-08-10","11","0","0",""
"2026-08-13","YDMT260125","X002HJ5F5P","B0GFST28Y6","","","5","0","0","5","0","0","0","0","INR","0","0.0","0","0.0","","","","","","0.0","0.0","0.0","0.0","GoToStranded","","","0","0","","0.0","1.0E-4","cubic meter","","5.0E-4","IN","","","","0","","","","","","","","2","3","0","0","0","0","0","","0","0","0","0","0","0","2026-08-10","5","0","0",""
"2026-08-13","YDMT50935","X002ER8KK7","B0FS17DLPY","","","42","0","0","42","0","0","0","0","INR","0","0.0","0","0.0","0","0","0","0","","0.0","0.0","0.0","0.0","GoToStranded","","","0","0","","0.0","1.84E-4","cubic meter","","0.007711","IN","","600572","","0","","","278.0","0.0","0.0","0.0","0.0","17","13","12","0","0","0","0","","0","0","0","0","0","0","2026-08-10","42","0","0",""
"2026-08-13","YDMT50910","X002EQ6L0T","B0FRXP8Z4H","","","39","0","0","39","0","0","0","0","INR","0","0.0","0","0.0","0","1","1","20","","0.0","0.0","0.0","0.0","GoToStranded","","","0","0","","0.77","0.001013","cubic meter","","0.039525","IN","","89988","","0","156","25","599.0","0.0","507.63","507.63","10152.54","0","39","0","0","0","0","0","","0","0","0","0","0","0","2026-08-10","39","0","0",""
"2026-08-13","YDMT50921","X002EQ6FTV","B0FRXWNZ6X","","","24","0","0","24","0","0","0","0","INR","0","0.0","0","0.0","0","0","1","1","","0.0","0.0","0.0","0.0","GoToStranded","","","0","0","","0.08","7.95E-4","cubic meter","","0.019089","IN","","815921","","0","","312","299.0","0.0","0.0","253.39","253.39","1","23","0","0","0","0","0","","0","0","0","0","0","0","2026-08-10","24","0","0",""
"2026-08-13","YDMT260570","X002LIW84X","B0H2GZWFXR","","","10","0","0","10","0","0","0","0","INR","0","0.0","0","0.0","","","","","","0.0","0.0","0.0","0.0","GoToStranded","","","0","0","","0.0","1.0E-4","cubic meter","","0.001","IN","","","","0","","","417.0","","","","","2","8","0","0","0","0","0","","0","0","0","0","0","0","2026-08-10","10","0","0",""
"2026-08-13","YDMT251199-L","X002GAXLKB","B0G2LWN2BH","","","13","0","0","0","0","13","0","0","INR","12","1129.28","0","0.0","0","0","1","1","","0.0","0.0","0.0","0.0","GoToStranded","","","0","0","","0.07","0.004087","cubic meter","","0.053137","IN","","552684","","0","","169","369.0","0.0","0.0","312.71","312.71","0","0","0","0","0","13","0","","0","0","0","0","0","0","2026-08-10","13","0","0",""
"2026-08-13","YDMT260581","X002LIN8OR","B0H2GV811T","","","10","0","0","10","0","0","0","0","INR","0","0.0","0","0.0","","","","","","0.0","0.0","0.0","0.0","GoToStranded","","","0","0","","0.0","1.0E-4","cubic meter","","0.001","IN","","","","0","","","402.0","","","","","2","8","0","0","0","0","0","","0","0","0","0","0","0","2026-08-10","10","0","0",""
"2026-08-13","YDMT251188-L","X002GB1LEN","B0G2LQF9QB","","","4","0","0","0","0","4","0","0","INR","3","310.71","0","0.0","0","0","1","1","","0.0","0.0","0.0","0.0","GoToStranded","","","0","0","","0.22","0.004498","cubic meter","","0.017994","IN","","638936","","0","","52","349.0","0.0","0.0","295.76","295.76","0","0","0","0","0","4","0","","0","0","0","0","0","0","2026-08-10","4","0","0",""
"2026-08-13","YDMT50943","X002EX5RLB","B0FSQQTQZR","","","27","0","0","0","27","0","0","0","INR","26","613.6","0","0.0","","","","","","0.0","0.0","0.0","0.0","GoToStranded","","","0","0","","0.0","1.34E-4","cubic meter","","0.003628","IN","","","","0","","","569.0","","","","","0","0","0","27","0","0","0","","0","0","0","0","0","0","2026-08-10","27","0","0",""
"2026-08-13","YDMT251234-XL","X002GTFVF5","B0G5PDTPG8","","","9","0","0","0","0","9","0","0","INR","8","320.29","0","0.0","0","0","0","0","","0.0","0.0","0.0","0.0","GoToStranded","","","0","0","","0.0","0.001739","cubic meter","","0.015649","IN","","1586976","","0","","","637.0","0.0","0.0","0.0","0.0","0","0","0","0","0","9","0","","0","0","0","0","0","0","2026-08-11","9","0","0",""
"2026-08-13","YDMT251208","X002GN9IUZ","B0G4M6QMNT","","","3","0","0","0","0","3","0","0","INR","2","362.21","0","0.0","0","0","0","0","","0.0","0.0","0.0","0.0","GoToStranded","","","0","0","","0.0","0.007866","cubic meter","","0.023598","IN","","1251145","","0","","","647.0","0.0","0.0","0.0","0.0","0","0","0","0","0","3","0","","0","0","0","0","0","0","2026-08-11","3","0","0",""
"2026-08-13","YDMT2511114","X002GBQP9J","B0G2RHLMGT","","","26","0","0","0","26","0","0","0","INR","25","2476.83","0","0.0","0","0","2","6","","0.0","0.0","0.0","0.0","GoToStranded","","","0","0","","0.21","0.004303","cubic meter","","0.111882","IN","","468723","","0","","56","849.0","0.0","0.0","1438.99","4435.58","0","0","0","26","0","0","0","","0","0","0","0","0","0","2026-08-10","26","0","0",""
"2026-08-13","YDMT50983","X002F14I3F","B0FT8KBQ71","","","30","0","0","0","30","0","0","0","INR","29","684.4","0","0.0","","","","","","0.0","0.0","0.0","0.0","GoToStranded","","","0","0","","0.0","5.75E-4","cubic meter","","0.017241","IN","","","","0","","","889.0","","","","","0","0","0","30","0","0","0","","0","0","0","0","0","0","2026-08-10","30","0","0",""
"2026-08-13","YDMT251129","X002G9WFNV","B0G2GV3WYF","","","8","0","0","1","0","7","0","0","INR","7","165.2","0","0.0","0","0","1","2","","0.0","0.0","0.0","0.0","GoToStranded","","","0","0","","0.24","5.04E-4","cubic meter","","0.004031","IN","","744804","","0","","52","369.0","0.0","0.0","312.71","735.59","0","0","1","0","0","7","0","","0","0","0","0","0","0","2026-08-10","8","0","0",""
"2026-08-13","YDMT251222-XL","X002GS3LDZ","B0G58TX63M","","","18","0","0","0","0","18","0","0","INR","17","1779.62","0","0.0","0","0","0","0","","0.0","0.0","0.0","0.0","GoToStranded","","","0","0","","0.0","0.004547","cubic meter","","0.081842","IN","","","","0","","","557.0","0.0","0.0","0.0","0.0","0","0","0","0","0","18","0","","0","0","0","0","0","0","2026-08-10","18","0","0",""
"2026-08-13","YDMT2511251-L","X002GLU8GZ","B0G4CHT5H3","","","5","0","0","0","0","5","0","0","INR","4","94.4","0","0.0","0","0","0","0","","0.0","0.0","0.0","0.0","GoToStranded","","","0","0","","0.0","8.95E-4","cubic meter","","0.004477","IN","","918965","","0","","","502.0","0.0","0.0","0.0","0.0","0","0","0","0","0","5","0","","0","0","0","0","0","0","2026-08-10","5","0","0",""
"2026-08-13","YDMT2511162","X002GD2ZMD","B0G2XTV7XM","","","13","0","0","0","1","13","0","0","INR","13","306.8","0","0.0","0","1","15","15","","0.0","0.0","0.0","0.0","GoToStranded","","","0","0","","0.69","2.25E-4","cubic meter","","0.002931","IN","","212694","","0","52","11","199.0","0.0","168.64","1136.43","1136.43","0","0","0","1","0","13","0","","0","0","0","0","0","0","2026-08-10","13","0","0",""
"2026-08-13","YDMT260503","X002LGTS3J","B0H29QHLPL","","","9","0","0","9","0","0","0","0","INR","0","0.0","0","0.0","","","","","","0.0","0.0","0.0","0.0","GoToStranded","","","0","0","","0.0","1.0E-4","cubic meter","","9.0E-4","IN","","","","0","","","","","","","","1","8","0","0","0","0","0","","0","0","0","0","0","0","2026-08-10","9","0","0",""
"2026-08-13","YDMT2511257-L","X002GLQW6Z","B0G4CSYJNF","","","23","0","0","0","0","23","0","0","INR","22","1040.44","0","0.0","","","","","","0.0","0.0","0.0","0.0","GoToStranded","","","0","0","","0.0","0.002054","cubic meter","","0.047244","IN","","","","0","","","637.0","","","","","0","0","0","0","0","23","0","","0","0","0","0","0","0","2026-08-10","23","0","0",""
"2026-08-13","YDMT50960","X002EY93GP","B0FSX5XC2M","","","20","0","0","18","0","0","1","0","INR","1","23.6","0","0.0","0","0","0","0","","0.0","0.0","0.0","0.0","GoToStranded","","","0","0","","0.0","1.85E-4","cubic meter","","0.003708","IN","","1196019","","0","","","769.0","0.0","0.0","0.0","0.0","0","18","0","0","0","1","0","","0","0","0","0","0","0","2026-08-10","20","0","0",""
"2026-08-13","YDMT251141-L","X002G9U4EX","B0G2GZL8FT","","","18","0","0","0","0","18","0","0","INR","17","401.2","0","0.0","0","0","0","0","","0.0","0.0","0.0","0.0","GoToStranded","","","0","0","","0.0","5.12E-4","cubic meter","","0.009208","IN","","1505459","","0","","","619.0","0.0","0.0","0.0","0.0","0","0","0","0","0","18","0","","0","0","0","0","0","0","2026-08-10","18","0","0",""
"2026-08-13","YDMT251207-M","X002GNI1LR","B0G4M7M3QC","","","9","0","0","0","0","9","0","0","INR","8","827.98","0","0.0","","","","","","0.0","0.0","0.0","0.0","GoToStranded","","","0","0","","0.0","0.004495","cubic meter","","0.040457","IN","","","","0","","","739.0","","","","","0","0","0","0","0","9","0","","0","0","0","0","0","0","2026-08-11","9","0","0",""
"2026-08-13","YDMT260505","X002LI6MUJ","B0H2CTQ17T","","","10","0","0","10","0","0","0","0","INR","0","0.0","0","0.0","","","","","","0.0","0.0","0.0","0.0","GoToStranded","","","0","0","","0.0","1.0E-4","cubic meter","","0.001","IN","","","","0","","","","","","","","2","8","0","0","0","0","0","","0","0","0","0","0","0","2026-08-10","10","0","0",""
"2026-08-13","YDMT2511137","X002GBUYU5","B0G2RJGKGP","","","32","0","0","25","3","4","0","0","INR","6","906.63","0","0.0","0","0","0","0","","0.0","0.0","0.0","0.0","GoToStranded","","","0","0","","0.0","0.006563","cubic meter","","0.210019","IN","","877679","","0","","","434.0","0.0","0.0","0.0","0.0","0","0","25","3","0","4","0","","0","0","0","0","0","0","2026-08-10","32","0","0",""
"2026-08-13","YDMT260520","X002LI65V5","B0H2F39X1K","","","10","0","0","10","0","0","0","0","INR","0","0.0","0","0.0","","","","","","0.0","0.0","0.0","0.0","GoToStranded","","","0","0","","0.0","1.0E-4","cubic meter","","0.001","IN","","","","0","","","379.0","","","","","0","10","0","0","0","0","0","","0","0","0","0","0","0","2026-08-10","10","0","0",""
"2026-08-13","YDMT2511253-L","X002GLMWLJ","B0G4CP3NJR","","","6","0","0","0","0","6","0","0","INR","5","515.61","0","0.0","","","","","","0.0","0.0","0.0","0.0","GoToStranded","","","0","0","","0.0","0.004479","cubic meter","","0.026874","IN","","1578466","","0","","","620.0","","","","","0","0","0","0","0","6","0","","0","0","0","0","0","0","2026-08-10","6","0","0",""
"2026-08-13","YDMT251118-M","X002GBLZ5N","B0G2PP6QJY","","","23","0","0","0","1","22","0","0","INR","22","519.2","0","0.0","0","0","0","0","","0.0","0.0","0.0","0.0","GoToStranded","","","0","0","","0.0","5.41E-4","cubic meter","","0.012447","IN","","963437","","0","","","305.0","0.0","0.0","0.0","0.0","0","0","0","0","1","22","0","","0","0","0","0","0","0","2026-08-10","23","0","0",""
"2026-08-13","YDMT251144-M","X002GC2YNT","B0G2S983PC","","","8","0","0","0","0","8","0","0","INR","7","165.2","0","0.0","0","0","4","4","","0.0","0.0","0.0","0.0","GoToStranded","","","0","0","","0.4","2.92E-4","cubic meter","","0.002334","IN","","631754","","0","","26","149.0","0.0","0.0","505.09","505.09","0","0","0","0","0","8","0","","0","0","0","0","0","0","2026-08-10","8","0","0",""
"2026-08-13","YDMT2511161","X002GD7B5T","B0G2XFWBYG","","","25","0","0","20","1","5","0","0","INR","5","118.0","0","0.0","0","0","1","7","","0.0","0.0","0.0","0.0","GoToStranded","","","0","0","","0.31","2.36E-4","cubic meter","","0.005893","IN","","224274","","0","","46","482.0","0.0","0.0","408.47","2876.26","0","0","20","1","0","5","0","","0","0","0","0","0","0","2026-08-11","25","0","0",""
"2026-08-13","YDMT251159","X002G9X8MN","B0G2GNTYKZ","","","8","0","0","0","0","8","0","0","INR","7","165.2","0","0.0","0","0","0","0","","0.0","0.0","0.0","0.0","GoToStranded","","","0","0","","0.0","4.44E-4","cubic meter","","0.00355","IN","","1594646","","0","","","197.0","0.0","0.0","0.0","0.0","0","0","0","0","0","8","0","","0","0","0","0","0","0","2026-08-11","8","0","0",""
"2026-08-13","YDMT50979","X002F0EU5R","B0FT8F2WTR","","","30","0","0","0","0","30","0","0","INR","29","684.4","0","0.0","","","","","","0.0","0.0","0.0","0.0","GoToStranded","","","0","0","","0.0","2.1E-4","cubic meter","","0.006297","IN","","","","0","","","889.0","","","","","0","0","0","0","0","30","0","","0","0","0","0","0","0","2026-08-10","30","0","0",""
"2026-08-13","YDMT251218","X002GOFD8Z","B0G4R2MHN6","","","17","0","0","1","16","0","0","0","INR","0","0.0","0","0.0","0","0","5","8","","0.0","0.0","0.0","0.0","GoToStranded","","","0","0","","0.41","1.41E-4","cubic meter","","0.002402","IN","","682998","","0","","27","319.0","0.0","0.0","1351.7","2196.62","0","1","0","16","0","0","0","","0","0","0","0","0","0","2026-08-10","17","0","0",""
"2026-08-13","YDMT251162","X002G9WLXZ","B0G2GPTVSG","","","1","0","0","0","0","1","0","0","INR","0","0.0","0","0.0","0","0","0","0","","0.0","0.0","0.0","0.0","GoToStranded","","","0","0","","0.0","5.17E-4","cubic meter","","5.17E-4","IN","","884298","","0","","","314.0","0.0","0.0","0.0","0.0","0","0","0","0","0","1","0","","0","0","0","0","0","0","2026-08-10","1","0","0",""
"2026-08-13","YDMT2511109-XL","X002GBOP23","B0G2PTC4R5","","","6","0","0","0","0","6","0","0","INR","5","118.0","0","0.0","0","0","0","0","","0.0","0.0","0.0","0.0","GoToStranded","","","0","0","","0.0","4.98E-4","cubic meter","","0.002986","IN","","1244387","","0","","","251.0","0.0","0.0","0.0","0.0","0","0","0","0","0","6","0","","0","0","0","0","0","0","2026-08-10","6","0","0",""
"2026-08-13","YDMT251178-L","X002G9WTY1","B0G2GY5ZKN","","","2","0","0","0","0","2","0","0","INR","1","23.6","0","0.0","0","0","1","1","","0.0","0.0","0.0","0.0","GoToStranded","","","0","0","","0.4","6.04E-4","cubic meter","","0.001207","IN","","601199","","0","","26","350.0","0.0","0.0","296.61","296.61","0","0","0","0","0","2","0","","0","0","0","0","0","0","2026-08-10","2","0","0",""
"2026-08-13","YDMT251190-XXL","X002GAUTDN","B0G2LWMLLD","","","1","0","0","0","1","0","0","0","INR","0","0.0","0","0.0","0","0","0","0","","0.0","0.0","0.0","0.0","GoToStranded","","","0","0","","0.0","0.004866","cubic meter","","0.004866","IN","","878578","","0","","","251.0","0.0","0.0","0.0","0.0","0","0","0","0","1","0","0","","0","0","0","0","0","0","2026-08-10","1","0","0",""
"2026-08-13","YDMT251166-XL","X002G9T54X","B0G2GR882Z","","","7","0","0","0","0","7","0","0","INR","6","220.26","0","0.0","","","","","","0.0","0.0","0.0","0.0","GoToStranded","","","0","0","","0.0","0.001594","cubic meter","","0.011161","IN","","","","0","","","539.0","","","","","0","0","0","0","0","7","0","","0","0","0","0","0","0","2026-08-11","7","0","0",""
"2026-08-13","YDMT260112","X002HILJ6F","B0GFMYRLH5","","","39","0","0","34","5","0","0","0","INR","0","0.0","0","0.0","","","","","","0.0","0.0","0.0","0.0","GoToStranded","","","0","0","","0.0","0.003393","cubic meter","","0.132313","IN","","","","0","","","599.0","","","","","0","22","12","5","0","0","0","","0","0","0","0","0","0","2026-08-11","39","0","0",""
"2026-08-13","YDMT251226-XL","X002GSCUBJ","B0G5F65CBW","","","8","0","0","0","0","8","0","0","INR","7","408.37","0","0.0","","","","","","0.0","0.0","0.0","0.0","GoToStranded","","","0","0","","0.0","0.002534","cubic meter","","0.020273","IN","","","","0","","","599.0","","","","","0","0","0","0","0","8","0","","0","0","0","0","0","0","2026-08-10","8","0","0",""
"2026-08-13","YDMT2511269","X002GMD0B9","B0G4G39KR8","","","35","0","0","35","0","0","0","0","INR","0","0.0","0","0.0","0","1","5","7","","0.0","0.0","0.0","0.0","GoToStranded","","","0","0","","0.25","2.31E-4","cubic meter","","0.008083","IN","","67466","","0","140","65","480.0","0.0","406.78","1991.54","2855.95","0","1","34","0","0","0","0","","0","0","0","0","0","0","2026-08-11","35","0","0",""
"2026-08-13","YDMT260134","X002HINPSP","B0GFTL9YRY","","","12","0","0","0","12","0","0","0","INR","0","0.0","0","0.0","","","","","","0.0","0.0","0.0","0.0","GoToStranded","","","0","0","","0.0","0.004147","cubic meter","","0.049767","IN","","","","0","","","","","","","","0","0","0","12","0","0","0","","0","0","0","0","0","0","2026-08-11","12","0","0",""
"2026-08-13","YDMT251188-XL","X002GAORMH","B0G2LS62QP","","","11","0","0","0","2","9","0","0","INR","10","1035.69","0","0.0","0","0","0","2","","0.0","0.0","0.0","0.0","GoToStranded","","","0","0","","0.17","0.004498","cubic meter","","0.049483","IN","","638936","","0","","71","426.0","0.0","0.0","0.0","828.82","0","0","0","0","2","9","0","","0","0","0","0","0","0","2026-08-10","11","0","0",""
"2026-08-13","YDMT2511113-XL","X002GBOXGB","B0G2PN4PM1","","","12","0","0","0","0","12","0","0","INR","11","266.36","0","0.0","0","0","0","0","","0.0","0.0","0.0","0.0","GoToStranded","","","0","0","","0.0","0.001052","cubic meter","","0.012621","IN","","746209","","0","","","305.0","0.0","0.0","0.0","0.0","0","0","0","0","0","12","0","","0","0","0","0","0","0","2026-08-10","12","0","0",""
"2026-08-13","YDMT251244-XL","X002GTBTL5","B0G5N4G2SF","","","3","0","0","0","0","3","0","0","INR","2","67.85","0","0.0","","","","","","0.0","0.0","0.0","0.0","GoToStranded","","","0","0","","0.0","0.001473","cubic meter","","0.00442","IN","","1410341","","0","","","647.0","","","","","0","0","0","0","0","3","0","","0","0","0","0","0","0","2026-08-11","3","0","0",""
"2026-08-13","YDMT50942","X002EX4YY7","B0FSQ7C5MB","","","22","0","0","19","3","0","0","0","INR","3","70.8","0","0.0","0","7","15","15","","0.0","0.0","0.0","0.0","GoToStranded","","","0","0","","0.67","4.19E-4","cubic meter","","0.009221","IN","","377285","","0","12","19","134.0","0.0","794.92","1703.4","1703.4","4","15","0","0","3","0","0","","0","0","0","0","0","0","2026-08-11","22","0","0",""
"2026-08-13","YDMT251265","X002H4EVM3","B0G9J5SBTG","","","22","0","0","14","8","0","0","0","INR","6","141.6","0","0.0","0","0","1","1","","0.0","0.0","0.0","0.0","GoToStranded","","","0","0","","0.05","4.78E-4","cubic meter","","0.010521","IN","","755892","","0","","286","559.0","0.0","0.0","473.73","473.73","0","0","14","2","6","0","0","","0","0","0","0","0","0","2026-08-10","22","0","0",""
"2026-08-13","YDMT260129","X002HINOVX","B0GFSZL71H","","","6","0","0","0","6","0","0","0","INR","0","0.0","0","0.0","","","","","","0.0","0.0","0.0","0.0","GoToStranded","","","0","0","","0.0","0.003435","cubic meter","","0.020613","IN","","","","0","","","","","","","","0","0","0","6","0","0","0","","0","0","0","0","0","0","2026-08-10","6","0","0",""
"2026-08-13","YDMT2511206","X002GIAV3X","B0G3X1ZFSJ","","","28","0","0","22","0","6","0","0","INR","6","141.6","0","0.0","0","1","6","9","","0.0","0.0","0.0","0.0","GoToStranded","","","0","0","","0.34","5.3E-5","cubic meter","","0.001482","IN","","385572","","0","112","40","109.0","0.0","92.38","549.15","843.23","0","2","20","0","0","6","0","","0","0","0","0","0","1","2026-08-11","28","0","0",""
"2026-08-13","YDMT2511221-M","X002GJ6OYH","B0G43DXR1W","","","33","0","0","0","1","32","0","0","INR","32","1863.75","0","0.0","0","1","1","1","","0.0","0.0","0.0","0.0","GoToStranded","","","0","0","","0.03","0.00253","cubic meter","","0.08348","IN","","1059495","","0","132","429","655.0","0.0","555.08","555.08","555.08","0","0","0","1","0","32","0","","0","0","0","0","0","1","2026-08-10","33","0","0",""
"2026-08-13","YDMT50933","X002ERBFTP","B0FRZZV3VS","","","25","0","0","25","0","0","0","0","INR","0","0.0","0","0.0","0","0","0","1","","0.0","0.0","0.0","0.0","GoToStranded","","","0","0","","0.08","1.66E-4","cubic meter","","0.004159","IN","","771272","","0","","325","349.0","0.0","0.0","0.0","295.76","22","3","0","0","0","0","0","","0","0","0","0","0","0","2026-08-10","25","0","0",""
"2026-08-13","YDMT251109-XL","X002GAQYIR","B0G2LQH97C","","","6","0","0","0","0","6","0","0","INR","5","118.0","0","0.0","0","0","0","0","","0.0","0.0","0.0","0.0","GoToStranded","","","0","0","","0.0","5.89E-4","cubic meter","","0.003535","IN","","1595758","","0","","","440.0","0.0","0.0","0.0","0.0","0","0","0","0","0","6","0","","0","0","0","0","0","0","2026-08-10","6","0","0",""
"2026-08-13","YDMT50917","X002EQ82KB","B0FRXRGHZ3","","","16","0","0","0","0","16","0","0","INR","15","586.77","0","0.0","0","0","4","4","","0.0","0.0","0.0","0.0","GoToStranded","","","0","0","","0.22","0.001699","cubic meter","","0.027185","IN","","907111","","0","","52","269.0","0.0","0.0","911.85","911.85","0","0","0","0","0","16","0","","0","0","0","0","0","0","2026-08-10","16","0","0",""
"2026-08-13","YDMT251132","X002G9SO59","B0G2GS9TZ2","","","4","0","0","0","0","4","0","0","INR","3","70.8","0","0.0","0","0","3","5","","0.0","0.0","0.0","0.0","GoToStranded","","","0","0","","0.83","4.92E-4","cubic meter","","0.00197","IN","","553444","","0","","10","469.0","0.0","0.0","1192.38","2046.62","0","0","0","0","0","4","0","","0","0","0","0","0","0","2026-08-10","4","0","0",""
"2026-08-13","YDMT2511263","X002GMBOL7","B0G4FTBM74","","","27","0","0","1","20","7","0","0","INR","27","637.2","0","0.0","0","0","4","4","","0.0","0.0","0.0","0.0","GoToStranded","","","0","0","","0.13","4.0E-5","cubic meter","","0.001076","IN","","66223","","0","","87","119.0","0.0","0.0","335.6","335.6","0","1","0","0","20","7","0","","0","0","0","0","0","0","2026-08-10","27","0","0",""
"2026-08-13","YDMT251232-S","X002GT7JA5","B0G5MZ73N2","","","6","0","0","0","0","6","0","0","INR","5","232.28","0","0.0","","","","","","0.0","0.0","0.0","0.0","GoToStranded","","","0","0","","0.0","0.002018","cubic meter","","0.012106","IN","","","","0","","","647.0","","","","","0","0","0","0","0","6","0","","0","0","0","0","0","0","2026-08-10","6","0","0",""
"2026-08-13","YDMT2511258-L","X002GLNNHB","B0G4CS3DRN","","","4","0","0","0","0","4","0","0","INR","3","329.2","0","0.0","0","0","0","0","","0.0","0.0","0.0","0.0","GoToStranded","","","0","0","","0.0","0.004766","cubic meter","","0.019064","IN","","831727","","0","","","647.0","0.0","0.0","0.0","0.0","0","0","0","0","0","4","0","","0","0","0","0","0","0","2026-08-10","4","0","0",""
"2026-08-13","YDMT2511109-M","X002GBLZJJ","B0G2PLR2LJ","","","8","0","0","0","0","8","0","0","INR","7","165.2","0","0.0","","","","","","0.0","0.0","0.0","0.0","GoToStranded","","","0","0","","0.0","4.98E-4","cubic meter","","0.003981","IN","","1244387","","0","","","278.0","","","","","0","0","0","0","0","8","0","","0","0","0","0","0","0","2026-08-10","8","0","0",""
"2026-08-13","YDMT2511260","X002GMCY5R","B0G4FNSWTB","","","10","0","0","10","0","0","0","0","INR","0","0.0","0","0.0","0","9","32","54","","0.0","0.0","0.0","0.0","GoToStranded","","","0","0","","3.66","8.4E-5","cubic meter","","8.43E-4","IN","","29419","","0","4","2","249.0","0.0","1899.18","7006.84","11649.28","0","10","0","0","0","0","0","","0","0","0","0","0","2","2026-08-10","10","0","0",""
"2026-08-13","YDMT251236-S","X002GTHPE5","B0G5PMTDPL","","","4","0","0","0","0","4","0","0","INR","3","130.7","0","0.0","0","0","0","0","","0.0","0.0","0.0","0.0","GoToStranded","","","0","0","","0.0","0.001892","cubic meter","","0.007569","IN","","1086045","","0","","","647.0","0.0","0.0","0.0","0.0","0","0","0","0","0","4","0","","0","0","0","0","0","0","2026-08-10","4","0","0",""
"2026-08-13","YDMT260108","X002HIF7TZ","B0GFMSMXHZ","","","14","0","0","14","0","0","0","0","INR","0","0.0","0","0.0","","","","","","0.0","0.0","0.0","0.0","GoToStranded","","","0","0","","0.0","0.006292","cubic meter","","0.088084","IN","","","","0","","","719.0","","","","","0","0","14","0","0","0","0","","0","0","0","0","0","0","2026-08-11","14","0","0",""
"2026-08-13","YDMT50977","X002F10SYN","B0FT88YYPR","","","29","0","0","0","0","29","0","0","INR","28","660.8","0","0.0","","","","","","0.0","0.0","0.0","0.0","GoToStranded","","","0","0","","0.0","2.17E-4","cubic meter","","0.006279","IN","","","","0","","","593.0","","","","","0","0","0","0","0","29","0","","0","0","0","0","1","0","2026-08-11","29","1","0",""
"2026-08-13","YDMT50976","X002F0EHG9","B0FT87BD93","","","29","0","0","0","0","29","0","0","INR","28","660.8","0","0.0","","","","","","0.0","0.0","0.0","0.0","GoToStranded","","","0","0","","0.0","1.59E-4","cubic meter","","0.004618","IN","","","","0","","","739.0","","","","","0","0","0","0","0","29","0","","0","0","0","0","0","0","2026-08-10","29","0","0",""
"2026-08-13","YDMT50957","X002EY5QRP","B0FSWHTSRV","","","20","0","0","0","0","20","0","0","INR","19","448.4","0","0.0","","","","","","0.0","0.0","0.0","0.0","GoToStranded","","","0","0","","0.0","2.42E-4","cubic meter","","0.004848","IN","","","","0","","","305.0","","","","","0","0","0","0","0","20","0","","0","0","0","0","0","0","2026-08-10","20","0","0",""
"2026-08-13","YDMT251220-XXL","X002GS36G7","B0G58N7Z8Z","","","2","0","0","0","0","2","0","0","INR","1","60.37","0","0.0","","","","","","0.0","0.0","0.0","0.0","GoToStranded","","","0","0","","0.0","0.002622","cubic meter","","0.005244","IN","","","","0","","","458.0","","","","","0","0","0","0","0","2","0","","0","0","0","0","0","0","2026-08-10","2","0","0",""
"2026-08-13","YDMT2511144","X002GC02HJ","B0G2S62GH8","","","44","0","0","16","14","14","0","0","INR","14","1545.63","0","0.0","0","0","0","0","","0.0","0.0","0.0","0.0","GoToStranded","","","0","0","","0.0","0.004795","cubic meter","","0.21099","IN","","1630064","","0","","","494.0","0.0","0.0","0.0","0.0","0","0","16","14","0","14","0","","0","0","0","0","0","0","2026-08-10","44","0","0",""
"2026-08-13","YDMT251128","X002G9TBSN","B0G2GR579P","","","8","0","0","0","0","8","0","0","INR","7","165.2","0","0.0","0","0","0","2","","0.0","0.0","0.0","0.0","GoToStranded","","","0","0","","0.24","7.24E-4","cubic meter","","0.005796","IN","","758763","","0","","52","385.0","0.0","0.0","0.0","811.86","0","0","0","0","0","8","0","","0","0","0","0","0","0","2026-08-10","8","0","0",""
"2026-08-13","YDMT251229-1-XXL","X002GSJ14X","B0G5F3YSYN","","","5","0","0","0","0","5","0","0","INR","4","268.33","0","0.0","","","","","","0.0","0.0","0.0","0.0","GoToStranded","","","0","0","","0.0","0.002914","cubic meter","","0.014569","IN","","","","0","","","889.0","","","","","0","0","0","0","0","5","0","","0","0","0","0","0","0","2026-08-10","5","0","0",""
"2026-08-13","YDMT260584","X002LHPIJ1","B0H2DWW2HB","","","11","0","0","11","0","0","0","0","INR","0","0.0","0","0.0","","","","","","0.0","0.0","0.0","0.0","GoToStranded","","","0","0","","0.0","1.46E-4","cubic meter","","0.001603","IN","","","","0","","","314.0","","","","","2","9","0","0","0","0","0","","0","0","0","0","0","0","2026-08-10","11","0","0",""
"2026-08-13","YDMT251240-M","X002GTN3SR","B0G5PGQXP6","","","8","0","0","0","1","7","0","0","INR","7","264.74","0","0.0","0","0","0","0","","0.0","0.0","0.0","0.0","GoToStranded","","","0","0","","0.0","0.001643","cubic meter","","0.013142","IN","","708329","","0","","","655.0","0.0","0.0","0.0","0.0","0","0","0","0","1","7","0","","0","0","0","0","0","0","2026-08-10","8","0","0",""
"2026-08-13","YDMT2511193","X002GHXDGV","B0G3V38W7F","","","20","0","0","0","0","20","0","0","INR","19","448.4","0","0.0","","","","","","0.0","0.0","0.0","0.0","GoToStranded","","","0","0","","0.0","2.31E-4","cubic meter","","0.004621","IN","","","","0","","","769.0","","","","","0","0","0","0","0","20","0","","0","0","0","0","0","0","2026-08-10","20","0","0",""
"2026-08-13","YDMT251197-L","X002GAW8BJ","B0G2M1C8VL","","","10","0","0","0","0","10","0","0","INR","9","307.32","0","0.0","","","","","","0.0","0.0","0.0","0.0","GoToStranded","","","0","0","","0.0","0.001483","cubic meter","","0.014831","IN","","","","0","","","369.0","","","","","0","0","0","0","0","10","0","","0","0","0","0","0","0","2026-08-10","10","0","0",""
"2026-08-13","YDMT251202-XL","X002GNHN1B","B0G4M4N4BV","","","2","0","0","0","1","1","0","0","INR","1","38.62","0","0.0","0","0","0","1","","0.0","0.0","0.0","0.0","GoToStranded","","","0","0","","0.0","0.001678","cubic meter","","0.003355","IN","","621328","","0","","26","566.0","0.0","0.0","0.0","617.8","0","0","0","0","1","1","0","","0","0","0","0","0","0","2026-08-11","2","0","0",""
"2026-08-13","YDMT2511120","X002GC1S7R","B0G2SDH6H9","","","26","0","0","26","0","0","0","0","INR","0","0.0","0","0.0","0","0","2","3","","0.0","0.0","0.0","0.0","GoToStranded","","","0","0","","0.14","0.003966","cubic meter","","0.103115","IN","","92230","","0","","112","459.0","0.0","0.0","777.96","1200.84","0","0","26","0","0","0","0","","0","0","0","0","0","0","2026-08-10","26","0","0",""
"2026-08-13","YDMT50946","X002EX5AJP","B0FSQF49S3","","","16","0","0","16","0","0","0","0","INR","0","0.0","0","0.0","0","1","2","2","","0.0","0.0","0.0","0.0","GoToStranded","","","0","0","","0.27","4.31E-4","cubic meter","","0.006902","IN","","468797","","0","64","104","365.0","0.0","309.32","618.64","618.64","8","8","0","0","0","0","0","","0","0","0","0","0","0","2026-08-10","16","0","0",""
"2026-08-13","YDMT2511258-XL","X002GLTDXJ","B0G4CS98R1","","","4","0","0","0","0","3","0","0","INR","2","219.46","0","0.0","0","0","0","1","","0.0","0.0","0.0","0.0","GoToStranded","","","0","0","","0.31","0.004766","cubic meter","","0.019064","IN","","831727","","0","","52","709.0","0.0","0.0","0.0","753.39","0","0","0","0","0","3","0","","0","0","0","0","0","0","2026-08-10","4","0","0",""
"2026-08-13","YDMT251256-M","X002H0Z5VD","B0G7VB6FN3","","","6","0","0","0","0","6","0","0","INR","5","469.76","0","0.0","","","","","","0.0","0.0","0.0","0.0","GoToStranded","","","0","0","","0.0","0.004081","cubic meter","","0.024485","IN","","","","0","","","949.0","","","","","0","0","0","0","0","6","0","","0","0","0","0","0","0","2026-08-10","6","0","0",""
"2026-08-13","YDMT2511107-L","X002GBG0OT","B0G2P4J6X3","","","6","0","0","0","0","6","0","0","INR","5","118.0","0","0.0","0","0","0","0","","0.0","0.0","0.0","0.0","GoToStranded","","","0","0","","0.0","7.33E-4","cubic meter","","0.004401","IN","","741423","","0","","","289.0","0.0","0.0","0.0","0.0","0","0","0","0","0","6","0","","0","0","0","0","0","0","2026-08-10","6","0","0",""
"2026-08-13","YDMT251264","X002H48NRH","B0G9GJW43J","","","23","0","0","23","0","0","0","0","INR","0","0.0","0","0.0","0","1","4","11","","0.0","0.0","0.0","0.0","GoToStranded","","","0","0","","0.59","7.34E-4","cubic meter","","0.016878","IN","","126119","","0","92","27","639.0","0.0","541.53","2166.1","5956.78","1","0","22","0","0","0","0","","0","0","0","0","0","0","2026-08-10","23","0","0",""
"2026-08-13","YDMT251158","X002G9X8L9","B0G2GN5389","","","7","0","0","0","0","7","0","0","INR","6","141.6","0","0.0","0","0","1","1","","0.0","0.0","0.0","0.0","GoToStranded","","","0","0","","0.13","6.75E-4","cubic meter","","0.004727","IN","","702558","","0","","91","349.0","0.0","0.0","295.76","295.76","0","0","0","0","0","7","0","","0","0","0","0","0","0","2026-08-10","7","0","0",""
"2026-08-13","YDMT50978","X002F15433","B0FT8CC554","","","26","0","0","25","0","1","0","0","INR","1","23.6","0","0.0","0","0","0","0","","0.0","0.0","0.0","0.0","GoToStranded","","","0","0","","0.0","6.11E-4","cubic meter","","0.015894","IN","","1256869","","0","","","187.0","0.0","0.0","0.0","0.0","0","25","0","0","0","1","0","","0","0","0","0","0","0","2026-08-10","26","0","0",""
"2026-08-13","YDMT251245-S","X002GT9OK3","B0G5MW7KY3","","","4","0","0","0","0","4","0","0","INR","3","115.51","0","0.0","","","","","","0.0","0.0","0.0","0.0","GoToStranded","","","0","0","","0.0","0.001673","cubic meter","","0.00669","IN","","","","0","","","557.0","","","","","0","0","0","0","0","4","0","","0","0","0","0","0","0","2026-08-10","4","0","0",""
"2026-08-13","YDMT2511249-XL","X002GLQA8P","B0G4CHQ3Y9","","","18","0","0","0","2","16","0","0","INR","17","697.13","0","0.0","0","0","1","1","","0.0","0.0","0.0","0.0","GoToStranded","","","0","0","","0.05","0.001781","cubic meter","","0.03206","IN","","655055","","0","","234","637.0","0.0","0.0","539.84","539.84","0","0","0","2","0","16","0","","0","0","0","0","0","0","2026-08-10","18","0","0",""
"2026-08-13","YDMT2511258-M","X002GLL50D","B0G4CTG2XQ","","","6","0","0","0","0","6","0","0","INR","5","548.64","0","0.0","0","0","0","0","","0.0","0.0","0.0","0.0","GoToStranded","","","0","0","","0.0","0.004766","cubic meter","","0.028597","IN","","831727","","0","","","647.0","0.0","0.0","0.0","0.0","0","0","0","0","0","6","0","","0","0","0","0","0","0","2026-08-10","6","0","0",""
"2026-08-13","YDMT260521","X002LI6T2P","B0H2FMMBPG","","","10","0","0","10","0","0","0","0","INR","0","0.0","0","0.0","","","","","","0.0","0.0","0.0","0.0","GoToStranded","","","0","0","","0.0","6.68E-4","cubic meter","","0.006679","IN","","","","0","","","338.0","","","","","0","10","0","0","0","0","0","","0","0","0","0","0","0","2026-08-11","10","0","0",""
"2026-08-13","YDMT260128","X002HINOSB","B0GFSQ9V8Y","","","40","0","0","40","0","0","0","0","INR","0","0.0","0","0.0","","","","","","0.0","0.0","0.0","0.0","GoToStranded","","","0","0","","0.0","0.003814","cubic meter","","0.152545","IN","","","","0","","","","","","","","0","40","0","0","0","0","0","","0","0","0","0","0","0","2026-08-10","40","0","0",""
"2026-08-13","YDMT251201-XL","X002GNDJU5","B0G4M6MDB2","","","6","0","0","0","1","5","0","0","INR","5","374.0","0","0.0","0","0","0","0","","0.0","0.0","0.0","0.0","GoToStranded","","","0","0","","0.0","0.003249","cubic meter","","0.019493","IN","","1254643","","0","","","637.0","0.0","0.0","0.0","0.0","0","0","0","1","0","5","0","","0","0","0","0","0","0","2026-08-10","6","0","0",""
"2026-08-13","YDMT251244-M","X002GTD3K5","B0G5MWHMH9","","","11","0","0","0","0","11","0","0","INR","10","339.2","0","0.0","0","0","0","1","","0.0","0.0","0.0","0.0","GoToStranded","","","0","0","","0.09","0.001473","cubic meter","","0.016207","IN","","1410341","","0","","143","730.0","0.0","0.0","0.0","677.12","0","0","0","0","0","11","0","","0","0","0","0","0","0","2026-08-10","11","0","0",""
"2026-08-13","YDMT251136-XXL","X002GBKBFN","B0G2QLN571","","","4","0","0","0","0","4","0","0","INR","3","231.0","0","0.0","0","0","2","6","","0.0","0.0","0.0","0.0","GoToStranded","","","0","0","","1.0","0.003344","cubic meter","","0.013378","IN","","472518","","0","","8","399.0","0.0","0.0","676.28","2130.52","0","0","0","0","0","4","0","","0","0","0","0","0","0","2026-08-10","4","0","0",""
"2026-08-13","YDMT251255-M","X002H1GPHZ","B0G7V2PVMS","","","12","0","0","0","0","12","0","0","INR","11","931.86","0","0.0","","","","","","0.0","0.0","0.0","0.0","GoToStranded","","","0","0","","0.0","0.00368","cubic meter","","0.044156","IN","","","","0","","","799.0","","","","","0","0","0","0","0","12","0","","0","0","0","0","0","0","2026-08-11","12","0","0",""
"2026-08-13","YDMT251211","X002GNKKKH","B0G4M7YZLH","","","10","0","0","0","1","9","0","0","INR","9","960.37","0","0.0","0","0","1","1","","0.0","0.0","0.0","0.0","GoToStranded","","","0","0","","0.1","0.004635","cubic meter","","0.046346","IN","","983019","","0","","130","638.0","0.0","0.0","540.68","540.68","0","0","0","1","0","9","0","","0","0","0","0","0","0","2026-08-10","10","0","0",""
"2026-08-13","YDMT2511254","X002GLQI4B","B0G4CPJYRC","","","17","0","0","1","0","16","0","0","INR","16","1194.9","0","0.0","0","0","1","2","","0.0","0.0","0.0","0.0","GoToStranded","","","0","0","","0.12","0.003244","cubic meter","","0.055143","IN","","1006110","","0","","110","769.0","0.0","0.0","651.7","1303.39","0","1","0","0","0","16","0","","0","0","0","0","0","0","2026-08-11","17","0","0",""
"2026-08-13","YDMT251199-XXL","X002GB2MFP","B0G2LZ8WC9","","","3","0","0","3","0","0","0","0","INR","0","0.0","0","0.0","0","3","4","7","","0.0","0.0","0.0","0.0","GoToStranded","","","0","0","","1.75","0.001847","cubic meter","","0.005542","IN","","552684","","0","4","5","395.0","0.0","1004.25","1339.0","2556.79","3","0","0","0","0","0","0","","0","0","0","0","0","1","2026-08-10","3","0","0",""
"2026-08-13","YDMT2511113-L","X002GBG5IZ","B0G2PRSFYC","","","11","0","0","0","0","11","0","0","INR","10","242.14","0","0.0","0","0","0","0","","0.0","0.0","0.0","0.0","GoToStranded","","","0","0","","0.0","0.001052","cubic meter","","0.011569","IN","","746209","","0","","","305.0","0.0","0.0","0.0","0.0","0","0","0","0","0","11","0","","0","0","0","0","0","0","2026-08-10","11","0","0",""
"2026-08-13","YDMT251267","X002H4EUHT","B0G9KC6Z6H","","","4","0","0","0","4","0","0","0","INR","3","70.8","0","0.0","0","2","3","4","","0.0","0.0","0.0","0.0","GoToStranded","","","0","0","","0.53","7.07E-4","cubic meter","","0.002827","IN","","511297","","0","8","13","559.0","0.0","947.46","1421.19","1928.81","0","0","0","0","4","0","0","","0","0","0","0","0","0","2026-08-10","4","0","0",""
"2026-08-13","YDMT251119-XL","X002GBP1VR","B0G2PTRWFR","","","3","0","0","0","1","2","0","0","INR","2","47.2","0","0.0","0","1","3","7","","0.0","0.0","0.0","0.0","GoToStranded","","","0","0","","1.22","8.8E-4","cubic meter","","0.00264","IN","","422804","","0","12","5","609.0","0.0","516.1","1548.3","3748.3","0","0","0","0","1","2","0","","0","0","0","0","0","0","2026-08-10","3","0","0",""
"2026-08-13","YDMT251251-M","X002H1GVPB","B0G7TYZ2RV","","","9","0","0","1","1","7","0","0","INR","7","1124.28","0","0.0","0","0","2","2","","0.0","0.0","0.0","0.0","GoToStranded","","","0","0","","0.21","0.006976","cubic meter","","0.062785","IN","","797262","","0","","58","689.0","0.0","0.0","1167.8","1167.8","1","0","0","1","0","7","0","","0","0","0","0","0","0","2026-08-10","9","0","0",""
"2026-08-13","YDMT2511248","X002GJZEQ1","B0G44T1WP2","","","17","0","0","0","0","18","0","0","INR","17","401.2","0","0.0","","","","","","0.0","0.0","0.0","0.0","GoToStranded","","","0","0","","0.0","6.7E-5","cubic meter","","0.001144","IN","","","","0","","","220.0","","","","","0","0","0","0","0","18","0","","0","0","0","0","0","0","2026-08-10","17","0","0",""
"2026-08-13","YDMT260573","X002LITVQ1","B0H2GY9258","","","10","0","0","9","0","0","0","0","INR","0","0.0","0","0.0","","","","","","0.0","0.0","0.0","0.0","GoToStranded","","","0","0","","0.0","1.0E-4","cubic meter","","0.001","IN","","","","0","","","","","","","","0","9","0","0","0","0","0","","0","0","0","0","0","0","2026-08-10","10","0","0",""
"2026-08-13","YDMT2511183","X002GE2FJ5","B0G338XQPD","","","18","0","0","17","0","0","0","0","INR","0","0.0","0","0.0","0","3","18","33","","0.0","0.0","0.0","0.0","GoToStranded","","","0","0","","2.44","0.0","cubic meter","","6.0E-6","IN","","","","0","24","7","269.0","0.0","683.9","4103.42","7522.92","0","17","0","0","0","0","0","","0","0","0","0","0","1","2026-08-11","18","0","0",""
"2026-08-13","YDMT50929","X002ER8HVT","B0FRZY3HLN","","","43","0","0","42","0","1","0","0","INR","1","23.6","0","0.0","0","0","0","0","","0.0","0.0","0.0","0.0","GoToStranded","","","0","0","","0.0","1.3E-4","cubic meter","","0.005607","IN","","605675","","0","","","297.0","0.0","0.0","0.0","0.0","0","12","30","0","0","1","0","","0","0","0","0","0","0","2026-08-10","43","0","0",""
"2026-08-13","YDMT50980","X002F16RZR","B0FT8HK43J","","","32","0","0","25","7","0","0","0","INR","7","165.2","0","0.0","0","0","2","7","","0.0","0.0","0.0","0.0","GoToStranded","","","0","0","","0.3","7.41E-4","cubic meter","","0.023724","IN","","107470","","0","","59","809.0","0.0","0.0","1371.2","4799.16","0","24","1","1","6","0","0","","0","0","0","0","0","1","2026-08-10","32","0","0",""
"2026-08-13","YDMT251276","X002H4F88T","B0G9L15LSX","","","21","0","0","20","0","0","0","0","INR","0","0.0","0","0.0","0","0","3","4","","0.0","0.0","0.0","0.0","GoToStranded","","","0","0","","0.23","8.1E-5","cubic meter","","0.001709","IN","","166389","","0","","68","609.0","0.0","0.0","1548.3","2098.3","0","0","20","0","0","0","0","","0","0","0","0","0","1","2026-08-10","21","0","0",""
"2026-08-13","YDMT251153","X002GCSQDV","B0G2VJRJNV","","","3","0","0","0","0","3","0","0","INR","2","47.2","0","0.0","0","0","0","0","","0.0","0.0","0.0","0.0","GoToStranded","","","0","0","","0.0","8.72E-4","cubic meter","","0.002617","IN","","1565918","","0","","","359.0","0.0","0.0","0.0","0.0","0","0","0","0","0","3","0","","0","0","0","0","0","0","2026-08-10","3","0","0",""
"2026-08-13","YDMT50967","X002EYANY1","B0FSXG8H9F","","","44","0","0","20","1","23","0","0","INR","24","566.4","0","0.0","0","1","3","3","","0.0","0.0","0.0","0.0","GoToStranded","","","0","0","","0.08","1.82E-4","cubic meter","","0.008025","IN","","580430","","0","176","190","209.0","0.0","177.12","531.36","531.36","9","11","0","1","0","23","0","","0","0","0","0","0","0","2026-08-10","44","0","0",""
"2026-08-13","YDMT2511197","X002GI7AZF","B0G3WPKBZT","","","14","0","0","1","2","11","0","0","INR","12","283.2","0","0.0","0","0","4","5","","0.0","0.0","0.0","0.0","GoToStranded","","","0","0","","0.32","4.73E-4","cubic meter","","0.006619","IN","","526823","","0","","36","559.0","0.0","0.0","1894.89","2385.57","1","0","0","1","1","11","0","","0","0","0","0","0","0","2026-08-11","14","0","0",""
"2026-08-13","YDMT251182-M","X002GATA6P","B0G2LLHV1Z","","","7","0","0","0","0","7","0","0","INR","6","431.48","0","0.0","0","0","0","0","","0.0","0.0","0.0","0.0","GoToStranded","","","0","0","","0.0","0.003123","cubic meter","","0.021864","IN","","1068670","","0","","","449.0","0.0","0.0","0.0","0.0","0","0","0","0","0","7","0","","0","0","0","0","0","0","2026-08-11","7","0","0",""
"2026-08-13","YDMT2511111-M","X002GBJRSZ","B0G2PPK8S3","","","13","0","0","0","0","13","0","0","INR","12","319.7","0","0.0","0","0","0","0","","0.0","0.0","0.0","0.0","GoToStranded","","","0","0","","0.0","0.001157","cubic meter","","0.015043","IN","","730148","","0","","","278.0","0.0","0.0","0.0","0.0","0","0","0","0","0","13","0","","0","0","0","0","0","0","2026-08-10","13","0","0",""
"2026-08-13","YDMT251118-L","X002GBM2IH","B0G2Q1G88N","","","18","0","0","0","0","18","0","0","INR","17","401.2","0","0.0","0","0","0","0","","0.0","0.0","0.0","0.0","GoToStranded","","","0","0","","0.0","4.88E-4","cubic meter","","0.008775","IN","","963437","","0","","","569.0","0.0","0.0","0.0","0.0","0","0","0","0","0","18","0","","0","0","0","0","0","0","2026-08-10","18","0","0",""
"2026-08-13","YDMT50981","X002F10QAJ","B0FT8F9D4N","","","29","0","0","28","0","1","0","0","INR","1","23.6","0","0.0","0","0","0","0","","0.0","0.0","0.0","0.0","GoToStranded","","","0","0","","0.0","1.87E-4","cubic meter","","0.005426","IN","","1234527","","0","","","479.0","0.0","0.0","0.0","0.0","0","28","0","0","0","1","0","","0","0","0","0","0","0","2026-08-10","29","0","0",""
"2026-08-13","YDMT251219-L","X002GRVGF1","B0G58PX3YN","","","3","0","0","0","0","3","0","0","INR","2","93.29","0","0.0","","","","","","0.0","0.0","0.0","0.0","GoToStranded","","","0","0","","0.0","0.002026","cubic meter","","0.006078","IN","","392093","","0","","","647.0","","","","","0","0","0","0","0","3","0","","0","0","0","0","0","0","2026-08-10","3","0","0",""
"2026-08-13","YDMT251223-XL","X002GS85GX","B0G591L69Z","","","5","0","0","0","0","5","0","0","INR","4","243.79","0","0.0","","","","","","0.0","0.0","0.0","0.0","GoToStranded","","","0","0","","0.0","0.002647","cubic meter","","0.013236","IN","","","","0","","","949.0","","","","","0","0","0","0","0","5","0","","0","0","0","0","0","0","2026-08-10","5","0","0",""
"2026-08-13","YDMT251169","X002GA13AB","B0G2GVS1HV","","","6","0","0","0","0","6","0","0","INR","5","167.1","0","0.0","0","0","1","1","","0.0","0.0","0.0","0.0","GoToStranded","","","0","0","","0.15","0.001452","cubic meter","","0.008709","IN","","1234029","","0","","78","249.0","0.0","0.0","211.02","211.02","0","0","0","0","0","6","0","","0","0","0","0","0","0","2026-08-11","6","0","0",""
"2026-08-13","YDMT251184-L","X002GAQZOP","B0G2LSGSKQ","","","10","0","0","0","0","10","0","0","INR","9","1044.35","0","0.0","0","0","0","0","","0.0","0.0","0.0","0.0","GoToStranded","","","0","0","","0.0","0.00504","cubic meter","","0.0504","IN","","1203049","","0","","","332.0","0.0","0.0","0.0","0.0","0","0","0","0","0","10","0","","0","0","0","0","0","0","2026-08-10","10","0","0",""
"2026-08-13","YDMT251198-L","X002GAZGGX","B0G2LYTJJN","","","6","0","0","0","0","6","0","0","INR","5","546.71","0","0.0","0","0","0","0","","0.0","0.0","0.0","0.0","GoToStranded","","","0","0","","0.0","0.004749","cubic meter","","0.028495","IN","","1585970","","0","","","339.0","0.0","0.0","0.0","0.0","0","0","0","0","0","6","0","","0","0","0","0","0","0","2026-08-10","6","0","0",""
"2026-08-13","YDMT50914","X002EQ9AWP","B0FRXQJRP4","","","36","0","0","0","36","0","0","0","INR","35","826.0","0","0.0","0","0","3","6","","0.0","0.0","0.0","0.0","GoToStranded","","","0","0","","0.16","1.05E-4","cubic meter","","0.00379","IN","","67209","","0","","78","489.0","0.0","0.0","1243.21","2537.29","0","0","0","0","36","0","0","","0","0","0","0","0","0","2026-08-10","36","0","0",""
"2026-08-13","YDMT260516","X002LHXQ8V","B0H2F8QWKX","","","10","0","0","10","0","0","0","0","INR","0","0.0","0","0.0","","","","","","0.0","0.0","0.0","0.0","GoToStranded","","","0","0","","0.0","1.0E-4","cubic meter","","0.001","IN","","","","0","","","351.0","","","","","0","10","0","0","0","0","0","","0","0","0","0","0","0","2026-08-10","10","0","0",""
"2026-08-13","YDMT260510","X002LI75J1","B0H2F4NJNG","","","10","0","0","10","0","0","0","0","INR","0","0.0","0","0.0","0","2","2","2","","0.0","0.0","0.0","0.0","GoToStranded","","","0","0","","0.21","1.0E-4","cubic meter","","0.001","IN","","748328","","0","20","65","379.0","0.0","642.38","642.38","642.38","4","6","0","0","0","0","0","","0","0","0","0","0","0","2026-08-10","10","0","0",""
"2026-08-13","YDMT251152","X002GCW7Y5","B0G2VHK78H","","","6","0","0","0","0","6","0","0","INR","5","118.0","0","0.0","","","","","","0.0","0.0","0.0","0.0","GoToStranded","","","0","0","","0.0","6.11E-4","cubic meter","","0.003664","IN","","","","0","","","539.0","","","","","0","0","0","0","0","6","0","","0","0","0","0","0","0","2026-08-10","6","0","0",""
"2026-08-13","YDMT50965","X002EY4SPV","B0FSXGZ8S7","","","36","0","0","37","0","0","0","0","INR","0","0.0","0","0.0","0","0","0","0","","0.0","0.0","0.0","0.0","GoToStranded","","","0","0","","0.0","1.98E-4","cubic meter","","0.007128","IN","","924806","","0","","","357.0","0.0","0.0","0.0","0.0","3","16","18","0","0","0","0","","0","0","0","0","0","0","2026-08-10","36","0","0",""
"2026-08-13","YDMT251203","X002GNEWER","B0G4M5Z5VY","","","19","0","0","0","0","19","0","0","INR","18","789.99","0","0.0","0","0","0","0","","0.0","0.0","0.0","0.0","GoToStranded","","","0","0","","0.0","0.001906","cubic meter","","0.036218","IN","","1624951","","0","","","647.0","0.0","0.0","0.0","0.0","0","0","0","0","0","19","0","","0","0","0","0","0","0","2026-08-10","19","0","0",""
"2026-08-13","YDMT2511140","X002GC0X7X","B0G2S495HQ","","","50","0","0","21","29","0","0","0","INR","27","1364.75","0","0.0","0","0","1","4","","0.0","0.0","0.0","0.0","GoToStranded","","","0","0","","0.07","0.002195","cubic meter","","0.109772","IN","","495353","","0","","162","619.0","0.0","0.0","524.58","2166.11","0","20","1","3","26","0","0","","0","0","0","0","1","0","2026-08-11","50","1","0",""
"2026-08-13","YDMT50970","X002EY9E6T","B0FSXQDN5Q","","","27","0","0","1","21","5","0","0","INR","25","590.0","0","0.0","0","1","2","17","","0.0","0.0","0.0","0.0","GoToStranded","","","0","0","","0.52","4.23E-4","cubic meter","","0.011431","IN","","287289","","0","108","20","429.0","0.0","363.56","727.12","6180.52","0","0","1","1","20","5","0","","0","0","0","0","0","0","2026-08-10","27","0","0",""
"2026-08-13","YDMT2511191","X002GHXF1T","B0G3TSHZBH","","","31","0","0","0","23","8","0","0","INR","30","708.0","0","0.0","0","0","1","1","","0.0","0.0","0.0","0.0","GoToStranded","","","0","0","","0.03","3.16E-4","cubic meter","","0.009796","IN","","695257","","0","","403","289.0","0.0","0.0","244.92","244.92","0","0","0","0","23","8","0","","0","0","0","0","0","0","2026-08-10","31","0","0",""
"2026-08-13","YDMT2511106-XL","X002GBG48V","B0G2PGCW1L","","","7","0","0","0","0","7","0","0","INR","6","141.6","0","0.0","0","0","0","0","","0.0","0.0","0.0","0.0","GoToStranded","","","0","0","","0.0","6.56E-4","cubic meter","","0.004591","IN","","956075","","0","","","269.0","0.0","0.0","0.0","0.0","0","0","0","0","0","7","0","","0","0","0","0","0","0","2026-08-10","7","0","0",""
"2026-08-13","YDMT260567","X002LIONQT","B0H2GDXH9D","","","10","0","0","10","0","0","0","0","INR","0","0.0","0","0.0","","","","","","0.0","0.0","0.0","0.0","GoToStranded","","","0","0","","0.0","1.0E-4","cubic meter","","0.001","IN","","","","0","","","","","","","","2","8","0","0","0","0","0","","0","0","0","0","0","0","2026-08-10","10","0","0",""
"2026-08-13","YDMT260566","X002LIOMOH","B0H2GNMMYX","","","10","0","0","10","0","0","0","0","INR","0","0.0","0","0.0","","","","","","0.0","0.0","0.0","0.0","GoToStranded","","","0","0","","0.0","8.3E-5","cubic meter","","8.28E-4","IN","","","","0","","","398.0","","","","","1","9","0","0","0","0","0","","0","0","0","0","0","0","2026-08-10","10","0","0",""
"2026-08-13","YDMT251256-XL","X002H16FKR","B0G7TQJS13","","","8","0","0","0","0","8","0","0","INR","7","657.66","0","0.0","","","","","","0.0","0.0","0.0","0.0","GoToStranded","","","0","0","","0.0","0.004081","cubic meter","","0.032646","IN","","","","0","","","647.0","","","","","0","0","0","0","0","8","0","","0","0","0","0","0","0","2026-08-10","8","0","0",""
"2026-08-13","YDMT2511256","X002GLTOWT","B0G4CSRYFW","","","8","0","0","0","0","8","0","0","INR","7","329.99","0","0.0","0","0","0","0","","0.0","0.0","0.0","0.0","GoToStranded","","","0","0","","0.0","0.002048","cubic meter","","0.01638","IN","","1215490","","0","","","620.0","0.0","0.0","0.0","0.0","0","0","0","0","0","8","0","","0","0","0","0","0","0","2026-08-11","8","0","0",""
"2026-08-13","YDMT251230-1-L","X002GSJ18T","B0G5FGH6K2","","","9","0","0","0","0","9","0","0","INR","8","1106.86","0","0.0","0","0","0","0","","0.0","0.0","0.0","0.0","GoToStranded","","","0","0","","0.0","0.00601","cubic meter","","0.054086","IN","","1590128","","0","","","859.0","0.0","0.0","0.0","0.0","0","0","0","0","0","9","0","","0","0","0","0","0","0","2026-08-10","9","0","0",""
"2026-08-13","YDMT251220-L","X002GS3KC7","B0G58NCMVL","","","3","0","0","0","0","3","0","0","INR","2","124.14","0","0.0","","","","","","0.0","0.0","0.0","0.0","GoToStranded","","","0","0","","0.0","0.002696","cubic meter","","0.008088","IN","","","","0","","","503.0","","","","","0","0","0","0","0","3","0","","0","0","0","0","0","0","2026-08-10","3","0","0",""
"2026-08-13","YDMT251237-L","X002GTD23N","B0G5PQK3ZT","","","6","0","0","0","0","6","0","0","INR","5","176.12","0","0.0","0","0","0","0","","0.0","0.0","0.0","0.0","GoToStranded","","","0","0","","0.0","0.00153","cubic meter","","0.009179","IN","","1524563","","0","","","509.0","0.0","0.0","0.0","0.0","0","0","0","0","0","6","0","","0","0","0","0","0","0","2026-08-10","6","0","0",""
"2026-08-13","YDMT260104","X002HIGBS1","B0GFMQ6HM3","","","8","0","0","8","0","0","0","0","INR","0","0.0","0","0.0","","","","","","0.0","0.0","0.0","0.0","GoToStranded","","","0","0","","0.0","1.0E-4","cubic meter","","8.0E-4","IN","","","","0","","","","","","","","0","8","0","0","0","0","0","","0","0","0","0","0","0","2026-08-10","8","0","0",""
"2026-08-13","YDMT50928","X002EQBW71","B0FRXW78GQ","","","17","0","0","9","4","4","0","0","INR","6","141.6","0","0.0","0","0","6","9","","0.0","0.0","0.0","0.0","GoToStranded","","","0","0","","0.49","2.39E-4","cubic meter","","0.004057","IN","","397911","","0","","24","539.0","0.0","0.0","2740.68","4161.87","7","2","0","2","2","4","0","","0","0","0","0","0","1","2026-08-11","17","0","0",""
"2026-08-13","YDMT2511153","X002GCVUR5","B0G2VR4XJT","","","33","0","0","33","0","0","0","0","INR","0","0.0","0","0.0","0","1","8","16","","0.0","0.0","0.0","0.0","GoToStranded","","","0","0","","0.66","0.002436","cubic meter","","0.080403","IN","","102997","","0","132","26","459.0","0.0","388.98","3111.84","6342.37","0","21","12","0","0","0","0","","0","0","0","0","0","1","2026-08-10","33","0","0",""
"2026-08-13","YDMT50936","X002ERBN7T","B0FS1737FQ","","","41","0","0","11","30","0","0","0","INR","29","684.4","0","0.0","0","0","2","2","","0.0","0.0","0.0","0.0","GoToStranded","","","0","0","","0.05","3.2E-4","cubic meter","","0.013102","IN","","598063","","0","","266","349.0","0.0","0.0","591.52","591.52","6","5","0","3","27","0","0","","0","0","0","0","0","1","2026-08-10","41","0","0",""
"2026-08-13","YDMT251170-L","X002G9W80V","B0G2GXJFHG","","","8","0","0","0","0","8","0","0","INR","7","165.2","0","0.0","","","","","","0.0","0.0","0.0","0.0","GoToStranded","","","0","0","","0.0","6.97E-4","cubic meter","","0.005576","IN","","","","0","","","197.0","","","","","0","0","0","0","0","8","0","","0","0","0","0","0","0","2026-08-10","8","0","0",""
"2026-08-13","YDMT251245L","X002GT99TJ","B0G5NJVKVS","","","5","0","0","0","0","5","0","0","INR","4","154.01","0","0.0","0","0","0","0","","0.0","0.0","0.0","0.0","GoToStranded","","","0","0","","0.0","0.001673","cubic meter","","0.008363","IN","","","","0","","","637.0","0.0","0.0","0.0","0.0","0","0","0","0","0","5","0","","0","0","0","0","0","0","2026-08-11","5","0","0",""
"2026-08-13","YDMT2511112-XL","X002GBJS07","B0G2PXKL6R","","","4","0","0","0","0","4","0","0","INR","3","73.95","0","0.0","0","0","0","0","","0.0","0.0","0.0","0.0","GoToStranded","","","0","0","","0.0","0.00107","cubic meter","","0.004282","IN","","894586","","0","","","305.0","0.0","0.0","0.0","0.0","0","0","0","0","0","4","0","","0","0","0","0","0","0","2026-08-10","4","0","0",""
"2026-08-13","YDMT251245-XL","X002GTD4JF","B0G5MY1MPR","","","4","0","0","1","0","3","0","0","INR","3","115.51","0","0.0","0","0","1","2","","0.0","0.0","0.0","0.0","GoToStranded","","","0","0","","0.4","0.001673","cubic meter","","0.00669","IN","","","","0","","26","699.0","0.0","0.0","583.9","1201.7","0","0","1","0","0","3","0","","0","0","0","0","0","1","2026-08-10","4","0","0",""
"2026-08-13","YDMT251253-2XL","X002H1EBNZ","B0G7T9QXR3","","","10","0","0","0","0","10","0","0","INR","9","1405.24","0","0.0","","","","","","0.0","0.0","0.0","0.0","GoToStranded","","","0","0","","0.0","0.006782","cubic meter","","0.067816","IN","","","","0","","","909.0","","","","","0","0","0","0","0","10","0","","0","0","0","0","0","0","2026-08-10","10","0","0",""
"2026-08-13","YDMT260124","X002HJ4OWP","B0GFTJ66G4","","","4","0","0","0","4","0","0","0","INR","0","0.0","0","0.0","","","","","","0.0","0.0","0.0","0.0","GoToStranded","","","0","0","","0.0","0.009249","cubic meter","","0.036994","IN","","","","0","","","759.0","","","","","0","0","0","4","0","0","0","","0","0","0","0","0","0","2026-08-10","4","0","0",""
"2026-08-13","YDMT2511186","X002GE4R23","B0G34C33V6","","","34","0","0","29","4","0","0","0","INR","0","0.0","0","0.0","0","0","8","22","","0.0","0.0","0.0","0.0","GoToStranded","","","0","0","","0.85","4.9E-5","cubic meter","","0.001665","IN","","99328","","0","","20","259.0","0.0","0.0","1688.13","4523.69","4","25","0","4","0","0","0","","0","0","0","0","0","0","2026-08-11","34","0","0",""
"2026-08-13","YDMT50902","X002EQ3RKV","B0FRXMGHB4","","","33","0","0","5","1","28","0","0","INR","29","820.3","0","0.0","0","0","2","2","","0.0","0.0","0.0","0.0","GoToStranded","","","0","0","","0.06","0.001229","cubic meter","","0.040544","IN","","422416","","0","","214","323.0","0.0","0.0","547.45","547.45","0","5","0","0","1","28","0","","0","0","0","0","0","0","2026-08-10","33","0","0",""
"2026-08-13","YDMT2511173","X002GDFVQF","B0G2Y3X28J","","","22","0","0","0","22","0","0","0","INR","0","0.0","0","0.0","0","3","11","18","","0.0","0.0","0.0","0.0","GoToStranded","","","0","0","","0.6","1.53E-4","cubic meter","","0.003359","IN","","188697","","0","29","15","229.0","0.0","582.21","2124.56","3483.0","0","0","0","22","0","0","0","","0","0","0","0","0","0","2026-08-10","22","0","0",""
"2026-08-13","YDMT2511111-XL","X002GBNQTV","B0G2PP6B2P","","","9","0","0","0","0","9","0","0","INR","8","213.13","0","0.0","0","0","0","1","","0.0","0.0","0.0","0.0","GoToStranded","","","0","0","","0.11","0.001157","cubic meter","","0.010414","IN","","730148","","0","","117","409.0","0.0","0.0","0.0","372.04","0","0","0","0","0","9","0","","0","0","0","0","0","0","2026-08-10","9","0","0",""
"2026-08-13","YDMT251201-M","X002GNBY9N","B0G4M6SKQW","","","6","0","0","0","2","4","0","0","INR","5","374.0","0","0.0","0","0","0","0","","0.0","0.0","0.0","0.0","GoToStranded","","","0","0","","0.0","0.003249","cubic meter","","0.019493","IN","","1254643","","0","","","637.0","0.0","0.0","0.0","0.0","0","0","0","1","1","4","0","","0","0","0","0","0","0","2026-08-10","6","0","0",""
"2026-08-13","YDMT2511136","X002GBPVKX","B0G2QPQL1P","","","28","0","0","3","22","3","0","0","INR","24","566.4","0","0.0","0","1","4","5","","0.0","0.0","0.0","0.0","GoToStranded","","","0","0","","0.17","4.6E-4","cubic meter","","0.012884","IN","","611866","","0","112","72","549.0","0.0","465.25","1861.02","2343.22","1","2","0","3","19","3","0","","0","0","0","0","0","0","2026-08-10","28","0","0",""
"2026-08-13","YDMT251119-L","X002GBM6Q5","B0G2PC6735","","","5","0","0","0","2","3","0","0","INR","4","94.4","0","0.0","0","0","0","1","","0.0","0.0","0.0","0.0","GoToStranded","","","0","0","","0.19","7.57E-4","cubic meter","","0.003786","IN","","422804","","0","","65","519.0","0.0","0.0","0.0","465.25","0","0","0","0","2","3","0","","0","0","0","0","0","0","2026-08-11","5","0","0",""
"2026-08-13","YDMT251229-1-XL","X002GSGEQL","B0G5FXB2N5","","","5","0","0","0","0","5","0","0","INR","4","268.33","0","0.0","","","","","","0.0","0.0","0.0","0.0","GoToStranded","","","0","0","","0.0","0.002914","cubic meter","","0.014569","IN","","","","0","","","929.0","","","","","0","0","0","0","0","5","0","","0","0","0","0","0","0","2026-08-11","5","0","0",""
"2026-08-13","YDMT50920","X002EQ6W4J","B0FRXX5YH4","","","47","0","0","46","0","0","0","0","INR","0","0.0","0","0.0","0","0","0","1","","0.0","0.0","0.0","0.0","GoToStranded","","","0","0","","0.03","3.06E-4","cubic meter","","0.014363","IN","","505527","","0","","611","359.0","0.0","0.0","0.0","329.66","17","11","18","0","0","0","0","","0","0","0","0","0","0","2026-08-10","47","0","0",""
"2026-08-13","YDMT260541","X002LHY9QJ","B0H2F2NXQ8","","","10","0","0","10","0","0","0","0","INR","0","0.0","0","0.0","","","","","","0.0","0.0","0.0","0.0","GoToStranded","","","0","0","","0.0","1.47E-4","cubic meter","","0.001466","IN","","","","0","","","465.0","","","","","0","10","0","0","0","0","0","","0","0","0","0","0","0","2026-08-10","10","0","0",""
"2026-08-13","YDMT2511264","X002GMBOPX","B0G4FRNCZF","","","27","0","0","28","0","0","0","0","INR","0","0.0","0","0.0","0","3","9","19","","0.0","0.0","0.0","0.0","GoToStranded","","","0","0","","0.96","9.8E-5","cubic meter","","0.002638","IN","","37099","","0","36","18","269.0","0.0","683.88","2051.68","4356.76","1","27","0","0","0","0","0","","0","0","0","0","0","0","2026-08-10","27","0","0",""
"2026-08-13","YDMT251233-XL","X002GTBUSH","B0G5N8Y2C3","","","4","0","0","0","0","4","0","0","INR","3","182.03","0","0.0","0","0","0","0","","0.0","0.0","0.0","0.0","GoToStranded","","","0","0","","0.0","0.002636","cubic meter","","0.010542","IN","","1062711","","0","","","889.0","0.0","0.0","0.0","0.0","0","0","0","0","0","4","0","","0","0","0","0","0","0","2026-08-11","4","0","0",""
"2026-08-13","YDMT251139","X002G9XC7T","B0G2GZY1XT","","","24","0","0","0","20","4","0","0","INR","4","94.4","0","0.0","0","0","2","2","","0.0","0.0","0.0","0.0","GoToStranded","","","0","0","","0.08","7.26E-4","cubic meter","","0.017422","IN","","815110","","0","","156","339.0","0.0","0.0","196.6","196.6","0","0","0","20","0","4","0","","0","0","0","0","0","0","2026-08-10","24","0","0",""
"2026-08-13","YDMT260103","X002HIHENH","B0GFMSZLYW","","","5","0","0","0","5","0","0","0","INR","0","0.0","0","0.0","","","","","","0.0","0.0","0.0","0.0","GoToStranded","","","0","0","","0.0","0.006447","cubic meter","","0.032236","IN","","","","0","","","512.0","","","","","0","0","0","5","0","0","0","","0","0","0","0","0","0","2026-08-10","5","0","0",""
"2026-08-13","YDMT260568","X002LIN2J3","B0H2GW1B46","","","10","0","0","10","0","0","0","0","INR","0","0.0","0","0.0","","","","","","0.0","0.0","0.0","0.0","GoToStranded","","","0","0","","0.0","2.0E-4","cubic meter","","0.002","IN","","","","0","","","351.0","","","","","0","10","0","0","0","0","0","","0","0","0","0","0","0","2026-08-10","10","0","0",""
"2026-08-13","YDMT251189-XL","X002GAZRF3","B0G2LVCKHW","","","11","0","0","0","1","10","0","0","INR","10","527.12","0","0.0","0","0","0","0","","0.0","0.0","0.0","0.0","GoToStranded","","","0","0","","0.0","0.00229","cubic meter","","0.025185","IN","","564464","","0","","","250.0","0.0","0.0","0.0","0.0","0","0","0","0","1","10","0","","0","0","0","0","0","0","2026-08-11","11","0","0",""
"2026-08-13","YDMT50969","X002EY4V1R","B0FSXKW5MT","","","37","0","0","19","18","0","0","0","INR","18","424.8","0","0.0","0","0","0","0","","0.0","0.0","0.0","0.0","GoToStranded","","","0","0","","0.0","4.24E-4","cubic meter","","0.015701","IN","","968921","","0","","","280.0","0.0","0.0","0.0","0.0","2","17","0","0","18","0","0","","0","0","0","0","0","0","2026-08-10","37","0","0",""
"2026-08-13","YDMT251253-L","X002H16BSD","B0G7V7CZ8C","","","10","0","0","0","0","10","0","0","INR","9","1405.23","0","0.0","","","","","","0.0","0.0","0.0","0.0","GoToStranded","","","0","0","","0.0","0.006782","cubic meter","","0.067816","IN","","","","0","","","909.0","","","","","0","0","0","0","0","10","0","","0","0","0","0","0","0","2026-08-10","10","0","0",""
"2026-08-13","YDMT260542","X002LHUXQ9","B0H2F2NH7L","","","10","0","0","10","0","0","0","0","INR","0","0.0","0","0.0","","","","","","0.0","0.0","0.0","0.0","GoToStranded","","","0","0","","0.0","1.0E-4","cubic meter","","0.001","IN","","","","0","","","360.0","","","","","2","8","0","0","0","0","0","","0","0","0","0","0","0","2026-08-10","10","0","0",""
"2026-08-13","YDMT251184-XL","X002GASODZ","B0G2LNNJLK","","","10","0","0","0","1","9","0","0","INR","9","1044.35","0","0.0","","","","","","0.0","0.0","0.0","0.0","GoToStranded","","","0","0","","0.0","0.00504","cubic meter","","0.0504","IN","","1203049","","0","","","251.0","","","","","0","0","0","0","1","9","0","","0","0","0","0","0","0","2026-08-10","10","0","0",""
"2026-08-13","YDMT260131","X002HJ65VN","B0GFTG95KL","","","9","0","0","0","9","0","0","0","INR","0","0.0","0","0.0","","","","","","0.0","0.0","0.0","0.0","GoToStranded","","","0","0","","0.0","0.006191","cubic meter","","0.055722","IN","","","","0","","","512.0","","","","","0","0","0","9","0","0","0","","0","0","0","0","0","0","2026-08-10","9","0","0",""
"2026-08-13","YDMT260135","X002HINSCD","B0GFTFX65D","","","5","0","0","0","5","0","0","0","INR","0","0.0","0","0.0","","","","","","0.0","0.0","0.0","0.0","GoToStranded","","","0","0","","0.0","0.002643","cubic meter","","0.013216","IN","","","","0","","","512.0","","","","","0","0","0","5","0","0","0","","0","0","0","0","0","0","2026-08-10","5","0","0",""
"2026-08-13","YDMT251185-XL","X002GAWAIF","B0G2LPNGFP","","","4","0","0","0","0","4","0","0","INR","3","486.33","0","0.0","","","","","","0.0","0.0","0.0","0.0","GoToStranded","","","0","0","","0.0","0.007041","cubic meter","","0.028164","IN","","","","0","","","759.0","","","","","0","0","0","0","0","4","0","","0","0","0","0","0","0","2026-08-10","4","0","0",""
"2026-08-13","YDMT251244-S","X002GT256X","B0G5NM4SXP","","","4","0","0","0","0","4","0","0","INR","3","101.78","0","0.0","","","","","","0.0","0.0","0.0","0.0","GoToStranded","","","0","0","","0.0","0.001473","cubic meter","","0.005893","IN","","1410341","","0","","","647.0","","","","","0","0","0","0","0","4","0","","0","0","0","0","0","0","2026-08-11","4","0","0",""
"2026-08-13","YDMT2511100-L","X002GB0IW9","B0G2LTM797","","","15","0","0","0","0","15","0","0","INR","14","1437.97","0","0.0","","","","","","0.0","0.0","0.0","0.0","GoToStranded","","","0","0","","0.0","0.004461","cubic meter","","0.066919","IN","","","","0","","","322.0","","","","","0","0","0","0","0","15","0","","0","0","0","0","0","0","2026-08-10","15","0","0",""
"2026-08-13","YDMT2511138","X002GBXY0H","B0G2S1Z5FR","","","13","0","0","0","0","13","0","0","INR","12","1982.11","0","0.0","0","0","0","0","","0.0","0.0","0.0","0.0","GoToStranded","","","0","0","","0.0","0.007174","cubic meter","","0.093265","IN","","1230419","","0","","","475.0","0.0","0.0","0.0","0.0","0","0","0","0","0","13","0","","0","0","0","0","0","0","2026-08-11","13","0","0",""
"2026-08-13","YDMT2511102-L","X002GB47FN","B0G2M3V6CY","","","8","0","0","0","0","8","0","0","INR","7","165.2","0","0.0","0","0","0","1","","0.0","0.0","0.0","0.0","GoToStranded","","","0","0","","0.12","8.38E-4","cubic meter","","0.0067","IN","","694406","","0","","104","413.0","0.0","0.0","0.0","422.88","0","0","0","0","0","8","0","","0","0","0","0","0","0","2026-08-11","8","0","0",""
"2026-08-13","YDMT251251-XL","X002H1C2P9","B0G7T7GMY7","","","10","0","0","0","10","0","0","0","INR","0","0.0","0","0.0","","","","","","0.0","0.0","0.0","0.0","GoToStranded","","","0","0","","0.0","0.006976","cubic meter","","0.069762","IN","","797262","","0","","","1052.0","","","","","0","0","0","10","0","0","0","","0","0","0","0","0","0","2026-08-11","10","0","0",""
"2026-08-13","YDMT251148-L","X002GC13YP","B0G2S52WCF","","","2","0","0","0","0","2","0","0","INR","1","23.6","0","0.0","0","0","0","0","","0.0","0.0","0.0","0.0","GoToStranded","","","0","0","","0.0","8.49E-4","cubic meter","","0.001699","IN","","1048911","","0","","","296.0","0.0","0.0","0.0","0.0","0","0","0","0","0","2","0","","0","0","0","0","0","0","2026-08-10","2","0","0",""
"2026-08-13","YDMT251257-M","X002H1CAK1","B0G7W945Z9","","","5","0","0","0","5","0","0","0","INR","0","0.0","0","0.0","","","","","","0.0","0.0","0.0","0.0","GoToStranded","","","0","0","","0.0","0.004421","cubic meter","","0.022107","IN","","","","0","","","1169.0","","","","","0","0","0","5","0","0","0","","0","0","0","0","0","0","2026-08-10","5","0","0",""
"2026-08-13","YDMT251228-XL","X002GSJLCZ","B0G5DD1LRX","","","1","0","0","0","0","1","0","0","INR","0","0.0","0","0.0","","","","","","0.0","0.0","0.0","0.0","GoToStranded","","","0","0","","0.0","0.005802","cubic meter","","0.005802","IN","","","","0","","","1348.0","","","","","0","0","0","0","0","1","0","","0","0","0","0","0","0","2026-08-10","1","0","0",""
"2026-08-13","YDMT2511194","X002GI20WX","B0G3V4CCKT","","","17","0","0","0","0","17","0","0","INR","16","381.93","0","0.0","0","0","0","2","","0.0","0.0","0.0","0.0","GoToStranded","","","0","0","","0.11","0.001037","cubic meter","","0.017625","IN","","399598","","0","","110","439.0","0.0","0.0","0.0","786.44","0","0","0","0","0","17","0","","0","0","0","0","0","0","2026-08-11","17","0","0",""
"2026-08-13","YDMT260580","X002LIRG8L","B0H2GW26JX","","","8","0","0","8","0","0","0","0","INR","0","0.0","0","0.0","","","","","","0.0","0.0","0.0","0.0","GoToStranded","","","0","0","","0.0","2.69E-4","cubic meter","","0.002149","IN","","","","0","","","379.0","","","","","0","8","0","0","0","0","0","","0","0","0","0","0","0","2026-08-10","8","0","0",""
"2026-08-13","YDMT251164","X002G9WI8X","B0G2GRG4Y7","","","21","0","0","0","0","21","0","0","INR","20","472.0","0","0.0","0","0","0","0","","0.0","0.0","0.0","0.0","GoToStranded","","","0","0","","0.0","4.73E-4","cubic meter","","0.009932","IN","","1631337","","0","","","143.0","0.0","0.0","0.0","0.0","0","0","0","0","0","21","0","","0","0","0","0","0","0","2026-08-10","21","0","0",""
"2026-08-13","YDMT251167-XL","X002G9UQXR","B0G2GVH254","","","14","0","0","0","0","14","0","0","INR","13","315.27","0","0.0","0","0","0","0","","0.0","0.0","0.0","0.0","GoToStranded","","","0","0","","0.0","0.001053","cubic meter","","0.014747","IN","","624576","","0","","","224.0","0.0","0.0","0.0","0.0","0","0","0","0","0","14","0","","0","0","0","0","0","0","2026-08-11","14","0","0",""
"2026-08-13","YDMT251120","X002G9WEEV","B0G2GQPZRF","","","2","0","0","0","0","2","0","0","INR","1","23.6","0","0.0","0","0","0","1","","0.0","0.0","0.0","0.0","GoToStranded","","","0","0","","0.44","5.35E-4","cubic meter","","0.001069","IN","","1025999","","0","","26","399.0","0.0","0.0","0.0","355.08","0","0","0","0","0","2","0","","0","0","0","0","0","0","2026-08-11","2","0","0",""
"2026-08-13","YDMT251108","X002G9TXNB","B0G2GSGQR7","","","11","0","0","0","0","11","0","0","INR","10","236.0","0","0.0","0","0","0","0","","0.0","0.0","0.0","0.0","GoToStranded","","","0","0","","0.0","9.47E-4","cubic meter","","0.010413","IN","","1238991","","0","","","296.0","0.0","0.0","0.0","0.0","0","0","0","0","0","11","0","","0","0","0","0","0","0","2026-08-10","11","0","0",""
"2026-08-13","YDMT2511104-L","X002GB03EH","B0G2M4LSCW","","","3","0","0","0","1","2","0","0","INR","3","70.8","0","0.0","0","0","0","0","","0.0","0.0","0.0","0.0","GoToStranded","","","0","0","","0.0","7.7E-4","cubic meter","","0.002311","IN","","1211887","","0","","","341.0","0.0","0.0","0.0","0.0","0","0","0","1","0","2","0","","0","0","0","0","0","0","2026-08-10","3","0","0",""
"2026-08-13","YDMT251201-L","X002GN9DYL","B0G4M6GJCC","","","6","0","0","0","0","6","0","0","INR","5","374.0","0","0.0","0","0","0","0","","0.0","0.0","0.0","0.0","GoToStranded","","","0","0","","0.0","0.003249","cubic meter","","0.019493","IN","","1254643","","0","","","665.0","0.0","0.0","0.0","0.0","0","0","0","0","0","6","0","","0","0","0","0","0","0","2026-08-11","6","0","0",""
"2026-08-13","YDMT251232-XL","X002GTB1D1","B0G5N28FX4","","","5","0","0","0","0","5","0","0","INR","4","185.83","0","0.0","","","","","","0.0","0.0","0.0","0.0","GoToStranded","","","0","0","","0.0","0.002018","cubic meter","","0.010088","IN","","","","0","","","647.0","","","","","0","0","0","0","0","5","0","","0","0","0","0","0","0","2026-08-10","5","0","0",""
"2026-08-13","YDMT251251-L","X002H1GVR9","B0G7T6QBRJ","","","10","0","0","0","0","10","0","0","INR","9","1445.51","0","0.0","","","","","","0.0","0.0","0.0","0.0","GoToStranded","","","0","0","","0.0","0.006976","cubic meter","","0.069762","IN","","797262","","0","","","719.0","","","","","0","0","0","0","0","10","0","","0","0","0","0","0","0","2026-08-10","10","0","0",""
"2026-08-13","YDMT50932","X002ER77MT","B0FRZYZC2F","","","25","0","0","26","0","0","0","0","INR","0","0.0","0","0.0","0","1","5","5","","0.0","0.0","0.0","0.0","GoToStranded","","","0","0","","0.28","2.98E-4","cubic meter","","0.007455","IN","","394195","","0","100","65","566.0","0.0","479.66","2505.09","2505.09","6","7","13","0","0","0","0","","0","0","0","0","0","1","2026-08-10","25","0","0",""
"2026-08-13","YDMT251245-M","X002GTDAF3","B0G5N8FXRJ","","","7","0","0","0","0","7","0","0","INR","6","231.02","0","0.0","","","","","","0.0","0.0","0.0","0.0","GoToStranded","","","0","0","","0.0","0.001673","cubic meter","","0.011708","IN","","","","0","","","557.0","","","","","0","0","0","0","0","7","0","","0","0","0","0","0","0","2026-08-10","7","0","0",""
"2026-08-13","YDMT251271","X002H4HAJJ","B0G9KM11W2","","","20","0","0","18","3","0","0","0","INR","0","0.0","0","0.0","0","0","2","4","","0.0","0.0","0.0","0.0","GoToStranded","","","0","0","","0.23","4.01E-4","cubic meter","","0.008026","IN","","581298","","0","","65","589.0","0.0","0.0","972.87","1988.12","7","0","11","3","0","0","0","","0","0","0","0","0","0","2026-08-10","20","0","0",""
